"ticker","name","exchange","industry_raw","industry_key","fetched_at","source"
"1101.TW","臺灣水泥股份有限公司","TWSE","01","lab.Unmapped","2026-09-13T09:17:24Z","tw_boards|twse:twse_openapi|tpex:twse_isin_strMode4|esb:twse_isin_strMode5"
"1102.TW","亞洲水泥股份有限公司","TWSE","01","lab.Unmapped","2026-09-13T09:17:24Z","tw_boards|twse:twse_openapi|tpex:twse_isin_strMode4|esb:twse_isin_strMode5"
"1103.TW","嘉新水泥股份有限公司","TWSE","01","lab.Unmapped","2026-09-13T09:17:24Z","tw_boards|twse:twse_openapi|tpex:twse_isin_strMode4|esb:twse_isin_strMode5"
"1104.TW","環球水泥股份有限公司","TWSE","01","lab.Unmapped","2026-09-13T09:17:24Z","tw_boards|twse:twse_openapi|tpex:twse_isin_strMode4|esb:twse_isin_strMode5"
"1108.TW","幸福水泥股份有限公司","TWSE","01","lab.Unmapped","2026-09-13T09:17:24Z","tw_boards|twse:twse_openapi|tpex:twse_isin_strMode4|esb:twse_isin_strMode5"
"1109.TW","信大水泥股份有限公司","TWSE","01","lab.Unmapped","2026-09-13T09:17:24Z","tw_boards|twse:twse_openapi|tpex:twse_isin_strMode4|esb:twse_isin_strMode5"
"1110.TW","東南水泥股份有限公司","TWSE","01","lab.Unmapped","2026-09-13T09:17:24Z","tw_boards|twse:twse_openapi|tpex:twse_isin_strMode4|esb:twse_isin_strMode5"
"1201.TW","味全食品工業股份有限公司","TWSE","02","lab.Unmapped","2026-09-13T09:17:24Z","tw_boards|twse:twse_openapi|tpex:twse_isin_strMode4|esb:twse_isin_strMode5"
"1203.TW","味王股份有限公司","TWSE","02","lab.Unmapped","2026-09-13T09:17:24Z","tw_boards|twse:twse_openapi|tpex:twse_isin_strMode4|esb:twse_isin_strMode5"
"1210.TW","大成長城企業股份有限公司","TWSE","02","lab.Unmapped","2026-09-13T09:17:24Z","tw_boards|twse:twse_openapi|tpex:twse_isin_strMode4|esb:twse_isin_strMode5"
"1213.TW","大西洋飲料股份有限公司","TWSE","02","lab.Unmapped","2026-09-13T09:17:24Z","tw_boards|twse:twse_openapi|tpex:twse_isin_strMode4|esb:twse_isin_strMode5"
"1215.TW","台灣卜蜂企業股份有限公司","TWSE","02","lab.Unmapped","2026-09-13T09:17:24Z","tw_boards|twse:twse_openapi|tpex:twse_isin_strMode4|esb:twse_isin_strMode5"
"1216.TW","統一企業股份有限公司","TWSE","02","lab.Unmapped","2026-09-13T09:17:24Z","tw_boards|twse:twse_openapi|tpex:twse_isin_strMode4|esb:twse_isin_strMode5"
"1217.TW","愛之味股份有限公司","TWSE","02","lab.Unmapped","2026-09-13T09:17:24Z","tw_boards|twse:twse_openapi|tpex:twse_isin_strMode4|esb:twse_isin_strMode5"
"1218.TW","泰山企業股份有限公司","TWSE","02","lab.Unmapped","2026-09-13T09:17:24Z","tw_boards|twse:twse_openapi|tpex:twse_isin_strMode4|esb:twse_isin_strMode5"
"1219.TW","福壽實業股份有限公司","TWSE","02","lab.Unmapped","2026-09-13T09:17:24Z","tw_boards|twse:twse_openapi|tpex:twse_isin_strMode4|esb:twse_isin_strMode5"
"1220.TW","台榮產業股份有限公司","TWSE","02","lab.Unmapped","2026-09-13T09:17:24Z","tw_boards|twse:twse_openapi|tpex:twse_isin_strMode4|esb:twse_isin_strMode5"
"1225.TW","福懋油脂股份有限公司","TWSE","02","lab.Unmapped","2026-09-13T09:17:24Z","tw_boards|twse:twse_openapi|tpex:twse_isin_strMode4|esb:twse_isin_strMode5"
"1227.TW","佳格食品股份有限公司","TWSE","02","lab.Unmapped","2026-09-13T09:17:24Z","tw_boards|twse:twse_openapi|tpex:twse_isin_strMode4|esb:twse_isin_strMode5"
"1229.TW","聯華實業控股股份有限公司","TWSE","02","lab.Unmapped","2026-09-13T09:17:24Z","tw_boards|twse:twse_openapi|tpex:twse_isin_strMode4|esb:twse_isin_strMode5"
"1231.TW","聯華食品工業股份有限公司","TWSE","02","lab.Unmapped","2026-09-13T09:17:24Z","tw_boards|twse:twse_openapi|tpex:twse_isin_strMode4|esb:twse_isin_strMode5"
"1232.TW","大統益股份有限公司","TWSE","02","lab.Unmapped","2026-09-13T09:17:24Z","tw_boards|twse:twse_openapi|tpex:twse_isin_strMode4|esb:twse_isin_strMode5"
"1233.TW","天仁茶業股份有限公司","TWSE","02","lab.Unmapped","2026-09-13T09:17:24Z","tw_boards|twse:twse_openapi|tpex:twse_isin_strMode4|esb:twse_isin_strMode5"
"1234.TW","黑松股份有限公司","TWSE","02","lab.Unmapped","2026-09-13T09:17:24Z","tw_boards|twse:twse_openapi|tpex:twse_isin_strMode4|esb:twse_isin_strMode5"
"1235.TW","興泰實業股份有限公司","TWSE","02","lab.Unmapped","2026-09-13T09:17:24Z","tw_boards|twse:twse_openapi|tpex:twse_isin_strMode4|esb:twse_isin_strMode5"
"1236.TW","宏亞食品股份有限公司","TWSE","02","lab.Unmapped","2026-09-13T09:17:24Z","tw_boards|twse:twse_openapi|tpex:twse_isin_strMode4|esb:twse_isin_strMode5"
"1256.TW","鮮活控股股份有限公司","TWSE","02","lab.Unmapped","2026-09-13T09:17:24Z","tw_boards|twse:twse_openapi|tpex:twse_isin_strMode4|esb:twse_isin_strMode5"
"1301.TW","台灣塑膠工業股份有限公司","TWSE","03","lab.Unmapped","2026-09-13T09:17:24Z","tw_boards|twse:twse_openapi|tpex:twse_isin_strMode4|esb:twse_isin_strMode5"
"1303.TW","南亞塑膠工業股份有限公司","TWSE","03","lab.Unmapped","2026-09-13T09:17:24Z","tw_boards|twse:twse_openapi|tpex:twse_isin_strMode4|esb:twse_isin_strMode5"
"1304.TW","台灣聚合化學品股份有限公司","TWSE","03","lab.Unmapped","2026-09-13T09:17:24Z","tw_boards|twse:twse_openapi|tpex:twse_isin_strMode4|esb:twse_isin_strMode5"
"1305.TW","華夏海灣塑膠股份有限公司","TWSE","03","lab.Unmapped","2026-09-13T09:17:24Z","tw_boards|twse:twse_openapi|tpex:twse_isin_strMode4|esb:twse_isin_strMode5"
"1307.TW","三芳化學工業股份有限公司","TWSE","03","lab.Unmapped","2026-09-13T09:17:24Z","tw_boards|twse:twse_openapi|tpex:twse_isin_strMode4|esb:twse_isin_strMode5"
"1308.TW","亞洲聚合股份有限公司","TWSE","03","lab.Unmapped","2026-09-13T09:17:24Z","tw_boards|twse:twse_openapi|tpex:twse_isin_strMode4|esb:twse_isin_strMode5"
"1309.TW","台達化學工業股份有限公司","TWSE","03","lab.Unmapped","2026-09-13T09:17:24Z","tw_boards|twse:twse_openapi|tpex:twse_isin_strMode4|esb:twse_isin_strMode5"
"1310.TW","台灣苯乙烯工業股份有限公司","TWSE","03","lab.Unmapped","2026-09-13T09:17:24Z","tw_boards|twse:twse_openapi|tpex:twse_isin_strMode4|esb:twse_isin_strMode5"
"1312.TW","國喬石油化學股份有限公司","TWSE","03","lab.Unmapped","2026-09-13T09:17:24Z","tw_boards|twse:twse_openapi|tpex:twse_isin_strMode4|esb:twse_isin_strMode5"
"1313.TW","聯成化學科技股份有限公司","TWSE","03","lab.Unmapped","2026-09-13T09:17:24Z","tw_boards|twse:twse_openapi|tpex:twse_isin_strMode4|esb:twse_isin_strMode5"
"1314.TW","中國石油化學工業開發(股)公司","TWSE","03","lab.Unmapped","2026-09-13T09:17:24Z","tw_boards|twse:twse_openapi|tpex:twse_isin_strMode4|esb:twse_isin_strMode5"
"1315.TW","達新工業股份有限公司","TWSE","03","lab.Unmapped","2026-09-13T09:17:24Z","tw_boards|twse:twse_openapi|tpex:twse_isin_strMode4|esb:twse_isin_strMode5"
"1316.TW","上曜建設開發股份有限公司","TWSE","14","lab.Unmapped","2026-09-13T09:17:24Z","tw_boards|twse:twse_openapi|tpex:twse_isin_strMode4|esb:twse_isin_strMode5"
"1319.TW","東陽實業廠股份有限公司","TWSE","12","lab.Unmapped","2026-09-13T09:17:24Z","tw_boards|twse:twse_openapi|tpex:twse_isin_strMode4|esb:twse_isin_strMode5"
"1321.TW","大洋塑膠工業股份有限公司","TWSE","03","lab.Unmapped","2026-09-13T09:17:24Z","tw_boards|twse:twse_openapi|tpex:twse_isin_strMode4|esb:twse_isin_strMode5"
"1323.TW","永裕塑膠工業股份有限公司","TWSE","03","lab.Unmapped","2026-09-13T09:17:24Z","tw_boards|twse:twse_openapi|tpex:twse_isin_strMode4|esb:twse_isin_strMode5"
"1324.TW","地球綜合工業股份有限公司","TWSE","03","lab.Unmapped","2026-09-13T09:17:24Z","tw_boards|twse:twse_openapi|tpex:twse_isin_strMode4|esb:twse_isin_strMode5"
"1325.TW","恒大股份有限公司","TWSE","03","lab.Unmapped","2026-09-13T09:17:24Z","tw_boards|twse:twse_openapi|tpex:twse_isin_strMode4|esb:twse_isin_strMode5"
"1326.TW","台灣化學纖維股份有限公司","TWSE","03","lab.Unmapped","2026-09-13T09:17:24Z","tw_boards|twse:twse_openapi|tpex:twse_isin_strMode4|esb:twse_isin_strMode5"
"1337.TW","亞洲塑膠再生資源控股有限公司","TWSE","03","lab.Unmapped","2026-09-13T09:17:24Z","tw_boards|twse:twse_openapi|tpex:twse_isin_strMode4|esb:twse_isin_strMode5"
"1338.TW","廣華控股有限公司","TWSE","12","lab.Unmapped","2026-09-13T09:17:24Z","tw_boards|twse:twse_openapi|tpex:twse_isin_strMode4|esb:twse_isin_strMode5"
"1339.TW","昭輝實業股份有限公司","TWSE","12","lab.Unmapped","2026-09-13T09:17:24Z","tw_boards|twse:twse_openapi|tpex:twse_isin_strMode4|esb:twse_isin_strMode5"
"1340.TW","勝悅新材料有限公司","TWSE","03","lab.Unmapped","2026-09-13T09:17:24Z","tw_boards|twse:twse_openapi|tpex:twse_isin_strMode4|esb:twse_isin_strMode5"
"1341.TW","富林塑膠工業(開曼)控股(股)公司","TWSE","03","lab.Unmapped","2026-09-13T09:17:24Z","tw_boards|twse:twse_openapi|tpex:twse_isin_strMode4|esb:twse_isin_strMode5"
"1342.TW","八貫企業股份有限公司","TWSE","20","lab.Unmapped","2026-09-13T09:17:24Z","tw_boards|twse:twse_openapi|tpex:twse_isin_strMode4|esb:twse_isin_strMode5"
"1402.TW","遠東新世紀股份有限公司","TWSE","04","lab.Unmapped","2026-09-13T09:17:24Z","tw_boards|twse:twse_openapi|tpex:twse_isin_strMode4|esb:twse_isin_strMode5"
"1409.TW","新光合成纖維股份有限公司","TWSE","04","lab.Unmapped","2026-09-13T09:17:24Z","tw_boards|twse:twse_openapi|tpex:twse_isin_strMode4|esb:twse_isin_strMode5"
"1410.TW","南洋染整股份有限公司","TWSE","04","lab.Unmapped","2026-09-13T09:17:24Z","tw_boards|twse:twse_openapi|tpex:twse_isin_strMode4|esb:twse_isin_strMode5"
"1413.TW","宏洲纖維工業股份有限公司","TWSE","04","lab.Unmapped","2026-09-13T09:17:24Z","tw_boards|twse:twse_openapi|tpex:twse_isin_strMode4|esb:twse_isin_strMode5"
"1414.TW","東和紡織股份有限公司","TWSE","04","lab.Unmapped","2026-09-13T09:17:24Z","tw_boards|twse:twse_openapi|tpex:twse_isin_strMode4|esb:twse_isin_strMode5"
"1416.TW","廣豐實業股份有限公司","TWSE","20","lab.Unmapped","2026-09-13T09:17:24Z","tw_boards|twse:twse_openapi|tpex:twse_isin_strMode4|esb:twse_isin_strMode5"
"1417.TW","嘉裕股份有限公司","TWSE","04","lab.Unmapped","2026-09-13T09:17:24Z","tw_boards|twse:twse_openapi|tpex:twse_isin_strMode4|esb:twse_isin_strMode5"
"1418.TW","東華龍股份有限公司","TWSE","04","lab.Unmapped","2026-09-13T09:17:24Z","tw_boards|twse:twse_openapi|tpex:twse_isin_strMode4|esb:twse_isin_strMode5"
"1419.TW","新光紡織股份有限公司","TWSE","04","lab.Unmapped","2026-09-13T09:17:24Z","tw_boards|twse:twse_openapi|tpex:twse_isin_strMode4|esb:twse_isin_strMode5"
"1423.TW","利華羊毛工業股份有限公司","TWSE","04","lab.Unmapped","2026-09-13T09:17:24Z","tw_boards|twse:twse_openapi|tpex:twse_isin_strMode4|esb:twse_isin_strMode5"
"1432.TW","大魯閣實業股份有限公司","TWSE","37","lab.Unmapped","2026-09-13T09:17:24Z","tw_boards|twse:twse_openapi|tpex:twse_isin_strMode4|esb:twse_isin_strMode5"
"1434.TW","福懋興業股份有限公司","TWSE","04","lab.Unmapped","2026-09-13T09:17:24Z","tw_boards|twse:twse_openapi|tpex:twse_isin_strMode4|esb:twse_isin_strMode5"
"1435.TW","中福國際(股)公司","TWSE","20","lab.Unmapped","2026-09-13T09:17:24Z","tw_boards|twse:twse_openapi|tpex:twse_isin_strMode4|esb:twse_isin_strMode5"
"1436.TW","華友聯開發股份有限公司","TWSE","14","lab.Unmapped","2026-09-13T09:17:24Z","tw_boards|twse:twse_openapi|tpex:twse_isin_strMode4|esb:twse_isin_strMode5"
"1437.TW","勤益投資控股股份有限公司","TWSE","20","lab.Unmapped","2026-09-13T09:17:24Z","tw_boards|twse:twse_openapi|tpex:twse_isin_strMode4|esb:twse_isin_strMode5"
"1438.TW","三地開發地產股份有限公司","TWSE","14","lab.Unmapped","2026-09-13T09:17:24Z","tw_boards|twse:twse_openapi|tpex:twse_isin_strMode4|esb:twse_isin_strMode5"
"1439.TW","雋揚國際股份有限公司","TWSE","14","lab.Unmapped","2026-09-13T09:17:24Z","tw_boards|twse:twse_openapi|tpex:twse_isin_strMode4|esb:twse_isin_strMode5"
"1440.TW","臺南紡織股份有限公司","TWSE","04","lab.Unmapped","2026-09-13T09:17:24Z","tw_boards|twse:twse_openapi|tpex:twse_isin_strMode4|esb:twse_isin_strMode5"
"1441.TW","大東紡織股份有限公司","TWSE","04","lab.Unmapped","2026-09-13T09:17:24Z","tw_boards|twse:twse_openapi|tpex:twse_isin_strMode4|esb:twse_isin_strMode5"
"1442.TW","名軒開發股份有限公司","TWSE","14","lab.Unmapped","2026-09-13T09:17:24Z","tw_boards|twse:twse_openapi|tpex:twse_isin_strMode4|esb:twse_isin_strMode5"
"1443.TW","立益物流開發股份有限公司","TWSE","20","lab.Unmapped","2026-09-13T09:17:24Z","tw_boards|twse:twse_openapi|tpex:twse_isin_strMode4|esb:twse_isin_strMode5"
"1444.TW","力麗企業股份有限公司","TWSE","04","lab.Unmapped","2026-09-13T09:17:24Z","tw_boards|twse:twse_openapi|tpex:twse_isin_strMode4|esb:twse_isin_strMode5"
"1445.TW","大宇紡織股份有限公司","TWSE","04","lab.Unmapped","2026-09-13T09:17:24Z","tw_boards|twse:twse_openapi|tpex:twse_isin_strMode4|esb:twse_isin_strMode5"
"1446.TW","宏和精密紡織股份有限公司","TWSE","04","lab.Unmapped","2026-09-13T09:17:24Z","tw_boards|twse:twse_openapi|tpex:twse_isin_strMode4|esb:twse_isin_strMode5"
"1447.TW","力鵬企業股份有限公司","TWSE","04","lab.Unmapped","2026-09-13T09:17:24Z","tw_boards|twse:twse_openapi|tpex:twse_isin_strMode4|esb:twse_isin_strMode5"
"1449.TW","佳和實業股份有限公司","TWSE","04","lab.Unmapped","2026-09-13T09:17:24Z","tw_boards|twse:twse_openapi|tpex:twse_isin_strMode4|esb:twse_isin_strMode5"
"1451.TW","年興紡織股份有限公司","TWSE","04","lab.Unmapped","2026-09-13T09:17:24Z","tw_boards|twse:twse_openapi|tpex:twse_isin_strMode4|esb:twse_isin_strMode5"
"1452.TW","宏益纖維工業股份有限公司","TWSE","04","lab.Unmapped","2026-09-13T09:17:24Z","tw_boards|twse:twse_openapi|tpex:twse_isin_strMode4|esb:twse_isin_strMode5"
"1453.TW","大將開發股份有限公司","TWSE","14","lab.Unmapped","2026-09-13T09:17:24Z","tw_boards|twse:twse_openapi|tpex:twse_isin_strMode4|esb:twse_isin_strMode5"
"1454.TW","台灣富綢纖維股份有限公司","TWSE","04","lab.Unmapped","2026-09-13T09:17:24Z","tw_boards|twse:twse_openapi|tpex:twse_isin_strMode4|esb:twse_isin_strMode5"
"1455.TW","集盛實業股份有限公司","TWSE","04","lab.Unmapped","2026-09-13T09:17:24Z","tw_boards|twse:twse_openapi|tpex:twse_isin_strMode4|esb:twse_isin_strMode5"
"1456.TW","怡華實業股份有限公司","TWSE","14","lab.Unmapped","2026-09-13T09:17:24Z","tw_boards|twse:twse_openapi|tpex:twse_isin_strMode4|esb:twse_isin_strMode5"
"1457.TW","宜進實業股份有限公司","TWSE","04","lab.Unmapped","2026-09-13T09:17:24Z","tw_boards|twse:twse_openapi|tpex:twse_isin_strMode4|esb:twse_isin_strMode5"
"1459.TW","聯發紡織纖維股份有限公司","TWSE","04","lab.Unmapped","2026-09-13T09:17:24Z","tw_boards|twse:twse_openapi|tpex:twse_isin_strMode4|esb:twse_isin_strMode5"
"1460.TW","宏遠興業股份有限公司","TWSE","04","lab.Unmapped","2026-09-13T09:17:24Z","tw_boards|twse:twse_openapi|tpex:twse_isin_strMode4|esb:twse_isin_strMode5"
"1463.TW","強盛新投資控股股份有限公司","TWSE","04","lab.Unmapped","2026-09-13T09:17:24Z","tw_boards|twse:twse_openapi|tpex:twse_isin_strMode4|esb:twse_isin_strMode5"
"1464.TW","得力實業股份有限公司","TWSE","04","lab.Unmapped","2026-09-13T09:17:24Z","tw_boards|twse:twse_openapi|tpex:twse_isin_strMode4|esb:twse_isin_strMode5"
"1465.TW","偉全實業股份有限公司","TWSE","04","lab.Unmapped","2026-09-13T09:17:24Z","tw_boards|twse:twse_openapi|tpex:twse_isin_strMode4|esb:twse_isin_strMode5"
"1466.TW","聚隆纖維股份有限公司","TWSE","04","lab.Unmapped","2026-09-13T09:17:24Z","tw_boards|twse:twse_openapi|tpex:twse_isin_strMode4|esb:twse_isin_strMode5"
"1467.TW","南緯實業股份有限公司","TWSE","04","lab.Unmapped","2026-09-13T09:17:24Z","tw_boards|twse:twse_openapi|tpex:twse_isin_strMode4|esb:twse_isin_strMode5"
"1468.TW","昶和纖維興業股份有限公司","TWSE","04","lab.Unmapped","2026-09-13T09:17:24Z","tw_boards|twse:twse_openapi|tpex:twse_isin_strMode4|esb:twse_isin_strMode5"
"1470.TW","大統新創股份有限公司","TWSE","04","lab.Unmapped","2026-09-13T09:17:24Z","tw_boards|twse:twse_openapi|tpex:twse_isin_strMode4|esb:twse_isin_strMode5"
"1471.TW","首利實業股份有限公司","TWSE","28","lab.Unmapped","2026-09-13T09:17:24Z","tw_boards|twse:twse_openapi|tpex:twse_isin_strMode4|esb:twse_isin_strMode5"
"1472.TW","三洋實業股份有限公司","TWSE","14","lab.Unmapped","2026-09-13T09:17:24Z","tw_boards|twse:twse_openapi|tpex:twse_isin_strMode4|esb:twse_isin_strMode5"
"1473.TW","台南企業股份有限公司","TWSE","04","lab.Unmapped","2026-09-13T09:17:24Z","tw_boards|twse:twse_openapi|tpex:twse_isin_strMode4|esb:twse_isin_strMode5"
"1474.TW","弘裕企業股份有限公司","TWSE","04","lab.Unmapped","2026-09-13T09:17:24Z","tw_boards|twse:twse_openapi|tpex:twse_isin_strMode4|esb:twse_isin_strMode5"
"1475.TW","台灣業旺股份有限公司","TWSE","04","lab.Unmapped","2026-09-13T09:17:24Z","tw_boards|twse:twse_openapi|tpex:twse_isin_strMode4|esb:twse_isin_strMode5"
"1476.TW","儒鴻企業股份有限公司","TWSE","04","lab.Unmapped","2026-09-13T09:17:24Z","tw_boards|twse:twse_openapi|tpex:twse_isin_strMode4|esb:twse_isin_strMode5"
"1477.TW","聚陽實業股份有限公司","TWSE","04","lab.Unmapped","2026-09-13T09:17:24Z","tw_boards|twse:twse_openapi|tpex:twse_isin_strMode4|esb:twse_isin_strMode5"
"1503.TW","士林電機廠股份有限公司","TWSE","05","lab.Unmapped","2026-09-13T09:17:24Z","tw_boards|twse:twse_openapi|tpex:twse_isin_strMode4|esb:twse_isin_strMode5"
"1504.TW","東元電機股份有限公司","TWSE","05","lab.Unmapped","2026-09-13T09:17:24Z","tw_boards|twse:twse_openapi|tpex:twse_isin_strMode4|esb:twse_isin_strMode5"
"1506.TW","正道工業股份有限公司","TWSE","05","lab.Unmapped","2026-09-13T09:17:24Z","tw_boards|twse:twse_openapi|tpex:twse_isin_strMode4|esb:twse_isin_strMode5"
"1512.TW","瑞利企業股份有限公司","TWSE","12","lab.Unmapped","2026-09-13T09:17:24Z","tw_boards|twse:twse_openapi|tpex:twse_isin_strMode4|esb:twse_isin_strMode5"
"1513.TW","中興電工機械股份有限公司","TWSE","05","lab.Unmapped","2026-09-13T09:17:24Z","tw_boards|twse:twse_openapi|tpex:twse_isin_strMode4|esb:twse_isin_strMode5"
"1514.TW","亞力電機股份有限公司","TWSE","05","lab.Unmapped","2026-09-13T09:17:24Z","tw_boards|twse:twse_openapi|tpex:twse_isin_strMode4|esb:twse_isin_strMode5"
"1515.TW","力山工業股份有限公司","TWSE","05","lab.Unmapped","2026-09-13T09:17:24Z","tw_boards|twse:twse_openapi|tpex:twse_isin_strMode4|esb:twse_isin_strMode5"
"1516.TW","川飛能源股份有限公司","TWSE","20","lab.Unmapped","2026-09-13T09:17:24Z","tw_boards|twse:twse_openapi|tpex:twse_isin_strMode4|esb:twse_isin_strMode5"
"1517.TW","利奇機械工業股份有限公司","TWSE","05","lab.Unmapped","2026-09-13T09:17:24Z","tw_boards|twse:twse_openapi|tpex:twse_isin_strMode4|esb:twse_isin_strMode5"
"1519.TW","華城電機股份有限公司","TWSE","05","lab.Unmapped","2026-09-13T09:17:24Z","tw_boards|twse:twse_openapi|tpex:twse_isin_strMode4|esb:twse_isin_strMode5"
"1521.TW","大億交通工業製造股份有限公司","TWSE","12","lab.Unmapped","2026-09-13T09:17:24Z","tw_boards|twse:twse_openapi|tpex:twse_isin_strMode4|esb:twse_isin_strMode5"
"1522.TW","堤維西交通工業股份有限公司","TWSE","12","lab.Unmapped","2026-09-13T09:17:24Z","tw_boards|twse:twse_openapi|tpex:twse_isin_strMode4|esb:twse_isin_strMode5"
"1524.TW","耿鼎企業股份有限公司","TWSE","12","lab.Unmapped","2026-09-13T09:17:24Z","tw_boards|twse:twse_openapi|tpex:twse_isin_strMode4|esb:twse_isin_strMode5"
"1525.TW","江申工業股份有限公司","TWSE","12","lab.Unmapped","2026-09-13T09:17:24Z","tw_boards|twse:twse_openapi|tpex:twse_isin_strMode4|esb:twse_isin_strMode5"
"1526.TW","日馳企業股份有限公司","TWSE","05","lab.Unmapped","2026-09-13T09:17:24Z","tw_boards|twse:twse_openapi|tpex:twse_isin_strMode4|esb:twse_isin_strMode5"
"1527.TW","鑽全實業股份有限公司","TWSE","05","lab.Unmapped","2026-09-13T09:17:24Z","tw_boards|twse:twse_openapi|tpex:twse_isin_strMode4|esb:twse_isin_strMode5"
"1528.TW","恩德科技股份有限公司","TWSE","05","lab.Unmapped","2026-09-13T09:17:24Z","tw_boards|twse:twse_openapi|tpex:twse_isin_strMode4|esb:twse_isin_strMode5"
"1529.TW","樂事綠能科技股份有限公司","TWSE","05","lab.Unmapped","2026-09-13T09:17:24Z","tw_boards|twse:twse_openapi|tpex:twse_isin_strMode4|esb:twse_isin_strMode5"
"1530.TW","亞崴機電股份有限公司","TWSE","05","lab.Unmapped","2026-09-13T09:17:24Z","tw_boards|twse:twse_openapi|tpex:twse_isin_strMode4|esb:twse_isin_strMode5"
"1531.TW","高林股份有限公司","TWSE","05","lab.Unmapped","2026-09-13T09:17:24Z","tw_boards|twse:twse_openapi|tpex:twse_isin_strMode4|esb:twse_isin_strMode5"
"1532.TW","勤美股份有限公司","TWSE","05","lab.Unmapped","2026-09-13T09:17:24Z","tw_boards|twse:twse_openapi|tpex:twse_isin_strMode4|esb:twse_isin_strMode5"
"1533.TW","車王電子股份有限公司","TWSE","12","lab.Unmapped","2026-09-13T09:17:24Z","tw_boards|twse:twse_openapi|tpex:twse_isin_strMode4|esb:twse_isin_strMode5"
"1535.TW","中宇環保工程股份有限公司","TWSE","05","lab.Unmapped","2026-09-13T09:17:24Z","tw_boards|twse:twse_openapi|tpex:twse_isin_strMode4|esb:twse_isin_strMode5"
"1536.TW","和大工業股份有限公司","TWSE","12","lab.Unmapped","2026-09-13T09:17:24Z","tw_boards|twse:twse_openapi|tpex:twse_isin_strMode4|esb:twse_isin_strMode5"
"1537.TW","廣隆光電科技股份有限公司","TWSE","05","lab.Unmapped","2026-09-13T09:17:24Z","tw_boards|twse:twse_openapi|tpex:twse_isin_strMode4|esb:twse_isin_strMode5"
"1538.TW","正峰工業股份有限公司","TWSE","05","lab.Unmapped","2026-09-13T09:17:24Z","tw_boards|twse:twse_openapi|tpex:twse_isin_strMode4|esb:twse_isin_strMode5"
"1539.TW","巨庭機械股份有限公司","TWSE","05","lab.Unmapped","2026-09-13T09:17:24Z","tw_boards|twse:twse_openapi|tpex:twse_isin_strMode4|esb:twse_isin_strMode5"
"1540.TW","喬福機械工業股份有限公司","TWSE","05","lab.Unmapped","2026-09-13T09:17:24Z","tw_boards|twse:twse_openapi|tpex:twse_isin_strMode4|esb:twse_isin_strMode5"
"1541.TW","錩泰工業股份有限公司","TWSE","05","lab.Unmapped","2026-09-13T09:17:24Z","tw_boards|twse:twse_openapi|tpex:twse_isin_strMode4|esb:twse_isin_strMode5"
"1558.TW","伸興工業股份有限公司","TWSE","05","lab.Unmapped","2026-09-13T09:17:24Z","tw_boards|twse:twse_openapi|tpex:twse_isin_strMode4|esb:twse_isin_strMode5"
"1560.TW","中國砂輪企業股份有限公司","TWSE","05","lab.Unmapped","2026-09-13T09:17:24Z","tw_boards|twse:twse_openapi|tpex:twse_isin_strMode4|esb:twse_isin_strMode5"
"1563.TW","巧新科技工業股份有限公司","TWSE","12","lab.Unmapped","2026-09-13T09:17:24Z","tw_boards|twse:twse_openapi|tpex:twse_isin_strMode4|esb:twse_isin_strMode5"
"1568.TW","倉佑實業股份有限公司","TWSE","12","lab.Unmapped","2026-09-13T09:17:24Z","tw_boards|twse:twse_openapi|tpex:twse_isin_strMode4|esb:twse_isin_strMode5"
"1582.TW","信錦企業股份有限公司","TWSE","28","lab.Unmapped","2026-09-13T09:17:24Z","tw_boards|twse:twse_openapi|tpex:twse_isin_strMode4|esb:twse_isin_strMode5"
"1583.TW","程泰機械股份有限公司","TWSE","05","lab.Unmapped","2026-09-13T09:17:24Z","tw_boards|twse:twse_openapi|tpex:twse_isin_strMode4|esb:twse_isin_strMode5"
"1587.TW","吉茂精密股份有限公司","TWSE","12","lab.Unmapped","2026-09-13T09:17:24Z","tw_boards|twse:twse_openapi|tpex:twse_isin_strMode4|esb:twse_isin_strMode5"
"1589.TW","永冠能源科技集團有限公司","TWSE","05","lab.Unmapped","2026-09-13T09:17:24Z","tw_boards|twse:twse_openapi|tpex:twse_isin_strMode4|esb:twse_isin_strMode5"
"1590.TW","亞德客國際集團","TWSE","05","lab.Unmapped","2026-09-13T09:17:24Z","tw_boards|twse:twse_openapi|tpex:twse_isin_strMode4|esb:twse_isin_strMode5"
"1597.TW","直得科技股份有限公司","TWSE","05","lab.Unmapped","2026-09-13T09:17:24Z","tw_boards|twse:twse_openapi|tpex:twse_isin_strMode4|esb:twse_isin_strMode5"
"1598.TW","岱宇國際股份有限公司","TWSE","37","lab.Unmapped","2026-09-13T09:17:24Z","tw_boards|twse:twse_openapi|tpex:twse_isin_strMode4|esb:twse_isin_strMode5"
"1603.TW","中華電線電纜股份有限公司","TWSE","06","lab.Unmapped","2026-09-13T09:17:24Z","tw_boards|twse:twse_openapi|tpex:twse_isin_strMode4|esb:twse_isin_strMode5"
"1604.TW","聲寶股份有限公司","TWSE","06","lab.Unmapped","2026-09-13T09:17:24Z","tw_boards|twse:twse_openapi|tpex:twse_isin_strMode4|esb:twse_isin_strMode5"
"1605.TW","華新麗華股份有限公司","TWSE","06","lab.Unmapped","2026-09-13T09:17:24Z","tw_boards|twse:twse_openapi|tpex:twse_isin_strMode4|esb:twse_isin_strMode5"
"1608.TW","華榮電線電纜股份有限公司","TWSE","06","lab.Unmapped","2026-09-13T09:17:24Z","tw_boards|twse:twse_openapi|tpex:twse_isin_strMode4|esb:twse_isin_strMode5"
"1609.TW","大亞電線電纜股份有限公司","TWSE","06","lab.Unmapped","2026-09-13T09:17:24Z","tw_boards|twse:twse_openapi|tpex:twse_isin_strMode4|esb:twse_isin_strMode5"
"1611.TW","中國電器股份有限公司","TWSE","06","lab.Unmapped","2026-09-13T09:17:24Z","tw_boards|twse:twse_openapi|tpex:twse_isin_strMode4|esb:twse_isin_strMode5"
"1612.TW","宏泰電工股份有限公司","TWSE","06","lab.Unmapped","2026-09-13T09:17:24Z","tw_boards|twse:twse_openapi|tpex:twse_isin_strMode4|esb:twse_isin_strMode5"
"1614.TW","台灣三洋電機股份有限公司","TWSE","06","lab.Unmapped","2026-09-13T09:17:24Z","tw_boards|twse:twse_openapi|tpex:twse_isin_strMode4|esb:twse_isin_strMode5"
"1615.TW","大山電線電纜股份有限公司","TWSE","06","lab.Unmapped","2026-09-13T09:17:24Z","tw_boards|twse:twse_openapi|tpex:twse_isin_strMode4|esb:twse_isin_strMode5"
"1616.TW","億泰電線電纜股份有限公司","TWSE","06","lab.Unmapped","2026-09-13T09:17:24Z","tw_boards|twse:twse_openapi|tpex:twse_isin_strMode4|esb:twse_isin_strMode5"
"1617.TW","榮星電線工業股份有限公司","TWSE","06","lab.Unmapped","2026-09-13T09:17:24Z","tw_boards|twse:twse_openapi|tpex:twse_isin_strMode4|esb:twse_isin_strMode5"
"1618.TW","合機電線電纜股份有限公司","TWSE","06","lab.Unmapped","2026-09-13T09:17:24Z","tw_boards|twse:twse_openapi|tpex:twse_isin_strMode4|esb:twse_isin_strMode5"
"1623.TW","大東電業廠股份有限公司","TWSE","06","lab.Unmapped","2026-09-13T09:17:24Z","tw_boards|twse:twse_openapi|tpex:twse_isin_strMode4|esb:twse_isin_strMode5"
"1626.TW","艾美特(開曼)國際有限公司","TWSE","06","lab.Unmapped","2026-09-13T09:17:24Z","tw_boards|twse:twse_openapi|tpex:twse_isin_strMode4|esb:twse_isin_strMode5"
"1702.TW","南僑投資控股股份有限公司","TWSE","02","lab.Unmapped","2026-09-13T09:17:24Z","tw_boards|twse:twse_openapi|tpex:twse_isin_strMode4|esb:twse_isin_strMode5"
"1707.TW","葡萄王生技股份有限公司","TWSE","22","lab.Unmapped","2026-09-13T09:17:24Z","tw_boards|twse:twse_openapi|tpex:twse_isin_strMode4|esb:twse_isin_strMode5"
"1708.TW","東南實業股份有限公司","TWSE","21","lab.Unmapped","2026-09-13T09:17:24Z","tw_boards|twse:twse_openapi|tpex:twse_isin_strMode4|esb:twse_isin_strMode5"
"1709.TW","和益化學工業股份有限公司","TWSE","21","lab.Unmapped","2026-09-13T09:17:24Z","tw_boards|twse:twse_openapi|tpex:twse_isin_strMode4|esb:twse_isin_strMode5"
"1710.TW","東聯化學股份有限公司","TWSE","21","lab.Unmapped","2026-09-13T09:17:24Z","tw_boards|twse:twse_openapi|tpex:twse_isin_strMode4|esb:twse_isin_strMode5"
"1711.TW","臺灣永光化學工業股份有限公司","TWSE","21","lab.Unmapped","2026-09-13T09:17:24Z","tw_boards|twse:twse_openapi|tpex:twse_isin_strMode4|esb:twse_isin_strMode5"
"1712.TW","興農股份有限公司","TWSE","21","lab.Unmapped","2026-09-13T09:17:24Z","tw_boards|twse:twse_openapi|tpex:twse_isin_strMode4|esb:twse_isin_strMode5"
"1713.TW","國泰化工廠股份有限公司","TWSE","21","lab.Unmapped","2026-09-13T09:17:24Z","tw_boards|twse:twse_openapi|tpex:twse_isin_strMode4|esb:twse_isin_strMode5"
"1714.TW","和桐化學股份有限公司","TWSE","21","lab.Unmapped","2026-09-13T09:17:24Z","tw_boards|twse:twse_openapi|tpex:twse_isin_strMode4|esb:twse_isin_strMode5"
"1717.TW","長興材料工業股份有限公司","TWSE","21","lab.Unmapped","2026-09-13T09:17:24Z","tw_boards|twse:twse_openapi|tpex:twse_isin_strMode4|esb:twse_isin_strMode5"
"1718.TW","中國人造纖維股份有限公司","TWSE","21","lab.Unmapped","2026-09-13T09:17:24Z","tw_boards|twse:twse_openapi|tpex:twse_isin_strMode4|esb:twse_isin_strMode5"
"1720.TW","生達化學製藥股份有限公司","TWSE","22","lab.Unmapped","2026-09-13T09:17:24Z","tw_boards|twse:twse_openapi|tpex:twse_isin_strMode4|esb:twse_isin_strMode5"
"1721.TW","國慶科技股份有限公司","TWSE","21","lab.Unmapped","2026-09-13T09:17:24Z","tw_boards|twse:twse_openapi|tpex:twse_isin_strMode4|esb:twse_isin_strMode5"
"1722.TW","台灣肥料股份有限公司","TWSE","21","lab.Unmapped","2026-09-13T09:17:24Z","tw_boards|twse:twse_openapi|tpex:twse_isin_strMode4|esb:twse_isin_strMode5"
"1723.TW","中鋼碳素化學股份有限公司","TWSE","21","lab.Unmapped","2026-09-13T09:17:24Z","tw_boards|twse:twse_openapi|tpex:twse_isin_strMode4|esb:twse_isin_strMode5"
"1725.TW","元禎企業股份有限公司","TWSE","21","lab.Unmapped","2026-09-13T09:17:24Z","tw_boards|twse:twse_openapi|tpex:twse_isin_strMode4|esb:twse_isin_strMode5"
"1726.TW","永記造漆工業股份有限公司","TWSE","21","lab.Unmapped","2026-09-13T09:17:24Z","tw_boards|twse:twse_openapi|tpex:twse_isin_strMode4|esb:twse_isin_strMode5"
"1727.TW","臺灣中華化學工業股份有限公司","TWSE","21","lab.Unmapped","2026-09-13T09:17:24Z","tw_boards|twse:twse_openapi|tpex:twse_isin_strMode4|esb:twse_isin_strMode5"
"1730.TW","花仙子企業股份有限公司","TWSE","21","lab.Unmapped","2026-09-13T09:17:24Z","tw_boards|twse:twse_openapi|tpex:twse_isin_strMode4|esb:twse_isin_strMode5"
"1731.TW","美吾華股份有限公司","TWSE","22","lab.Unmapped","2026-09-13T09:17:24Z","tw_boards|twse:twse_openapi|tpex:twse_isin_strMode4|esb:twse_isin_strMode5"
"1732.TW","毛寶股份有限公司","TWSE","21","lab.Unmapped","2026-09-13T09:17:24Z","tw_boards|twse:twse_openapi|tpex:twse_isin_strMode4|esb:twse_isin_strMode5"
"1733.TW","五鼎生物技術股份有限公司","TWSE","22","lab.Unmapped","2026-09-13T09:17:24Z","tw_boards|twse:twse_openapi|tpex:twse_isin_strMode4|esb:twse_isin_strMode5"
"1734.TW","杏輝藥品工業股份有限公司","TWSE","22","lab.Unmapped","2026-09-13T09:17:24Z","tw_boards|twse:twse_openapi|tpex:twse_isin_strMode4|esb:twse_isin_strMode5"
"1735.TW","日勝化工股份有限公司","TWSE","21","lab.Unmapped","2026-09-13T09:17:24Z","tw_boards|twse:twse_openapi|tpex:twse_isin_strMode4|esb:twse_isin_strMode5"
"1736.TW","喬山健康科技股份有限公司","TWSE","37","lab.Unmapped","2026-09-13T09:17:24Z","tw_boards|twse:twse_openapi|tpex:twse_isin_strMode4|esb:twse_isin_strMode5"
"1737.TW","臺鹽實業股份有限公司","TWSE","02","lab.Unmapped","2026-09-13T09:17:24Z","tw_boards|twse:twse_openapi|tpex:twse_isin_strMode4|esb:twse_isin_strMode5"
"1752.TW","南光化學製藥股份有限公司","TWSE","22","lab.Unmapped","2026-09-13T09:17:24Z","tw_boards|twse:twse_openapi|tpex:twse_isin_strMode4|esb:twse_isin_strMode5"
"1760.TW","寶齡富錦生技股份有限公司","TWSE","22","lab.Unmapped","2026-09-13T09:17:24Z","tw_boards|twse:twse_openapi|tpex:twse_isin_strMode4|esb:twse_isin_strMode5"
"1762.TW","中化合成生技股份有限公司","TWSE","22","lab.Unmapped","2026-09-13T09:17:24Z","tw_boards|twse:twse_openapi|tpex:twse_isin_strMode4|esb:twse_isin_strMode5"
"1773.TW","勝一化工股份有限公司","TWSE","21","lab.Unmapped","2026-09-13T09:17:24Z","tw_boards|twse:twse_openapi|tpex:twse_isin_strMode4|esb:twse_isin_strMode5"
"1776.TW","展宇科技材料股份有限公司","TWSE","21","lab.Unmapped","2026-09-13T09:17:24Z","tw_boards|twse:twse_openapi|tpex:twse_isin_strMode4|esb:twse_isin_strMode5"
"1783.TW","和康生物科技股份有限公司","TWSE","22","lab.Unmapped","2026-09-13T09:17:24Z","tw_boards|twse:twse_openapi|tpex:twse_isin_strMode4|esb:twse_isin_strMode5"
"1786.TW","科妍生物科技股份有限公司","TWSE","22","lab.Unmapped","2026-09-13T09:17:24Z","tw_boards|twse:twse_openapi|tpex:twse_isin_strMode4|esb:twse_isin_strMode5"
"1789.TW","台灣神隆股份有限公司","TWSE","22","lab.Unmapped","2026-09-13T09:17:24Z","tw_boards|twse:twse_openapi|tpex:twse_isin_strMode4|esb:twse_isin_strMode5"
"1795.TW","美時化學製藥股份有限公司","TWSE","22","lab.Unmapped","2026-09-13T09:17:24Z","tw_boards|twse:twse_openapi|tpex:twse_isin_strMode4|esb:twse_isin_strMode5"
"1802.TW","台灣玻璃工業股份有限公司","TWSE","08","lab.Unmapped","2026-09-13T09:17:24Z","tw_boards|twse:twse_openapi|tpex:twse_isin_strMode4|esb:twse_isin_strMode5"
"1805.TW","寶徠建設股份有限公司","TWSE","14","lab.Unmapped","2026-09-13T09:17:24Z","tw_boards|twse:twse_openapi|tpex:twse_isin_strMode4|esb:twse_isin_strMode5"
"1806.TW","冠軍建材股份有限公司","TWSE","08","lab.Unmapped","2026-09-13T09:17:24Z","tw_boards|twse:twse_openapi|tpex:twse_isin_strMode4|esb:twse_isin_strMode5"
"1808.TW","潤隆建設股份有限公司","TWSE","14","lab.Unmapped","2026-09-13T09:17:24Z","tw_boards|twse:twse_openapi|tpex:twse_isin_strMode4|esb:twse_isin_strMode5"
"1809.TW","中國製釉股份有限公司","TWSE","08","lab.Unmapped","2026-09-13T09:17:24Z","tw_boards|twse:twse_openapi|tpex:twse_isin_strMode4|esb:twse_isin_strMode5"
"1810.TW","和成欣業股份有限公司","TWSE","08","lab.Unmapped","2026-09-13T09:17:24Z","tw_boards|twse:twse_openapi|tpex:twse_isin_strMode4|esb:twse_isin_strMode5"
"1817.TW","凱撒衛浴股份有限公司","TWSE","08","lab.Unmapped","2026-09-13T09:17:24Z","tw_boards|twse:twse_openapi|tpex:twse_isin_strMode4|esb:twse_isin_strMode5"
"1903.TW","士林紙業股份有限公司","TWSE","09","lab.Unmapped","2026-09-13T09:17:24Z","tw_boards|twse:twse_openapi|tpex:twse_isin_strMode4|esb:twse_isin_strMode5"
"1904.TW","正隆股份有限公司","TWSE","09","lab.Unmapped","2026-09-13T09:17:24Z","tw_boards|twse:twse_openapi|tpex:twse_isin_strMode4|esb:twse_isin_strMode5"
"1905.TW","中華紙漿股份有限公司","TWSE","09","lab.Unmapped","2026-09-13T09:17:24Z","tw_boards|twse:twse_openapi|tpex:twse_isin_strMode4|esb:twse_isin_strMode5"
"1906.TW","寶隆國際股份有限公司","TWSE","09","lab.Unmapped","2026-09-13T09:17:24Z","tw_boards|twse:twse_openapi|tpex:twse_isin_strMode4|esb:twse_isin_strMode5"
"1907.TW","永豐餘投資控股股份有限公司","TWSE","09","lab.Unmapped","2026-09-13T09:17:24Z","tw_boards|twse:twse_openapi|tpex:twse_isin_strMode4|esb:twse_isin_strMode5"
"1909.TW","榮成紙業股份有限公司","TWSE","09","lab.Unmapped","2026-09-13T09:17:24Z","tw_boards|twse:twse_openapi|tpex:twse_isin_strMode4|esb:twse_isin_strMode5"
"2002.TW","中國鋼鐵股份有限公司","TWSE","10","lab.Unmapped","2026-09-13T09:17:24Z","tw_boards|twse:twse_openapi|tpex:twse_isin_strMode4|esb:twse_isin_strMode5"
"2006.TW","東和鋼鐵企業股份有限公司","TWSE","10","lab.Unmapped","2026-09-13T09:17:24Z","tw_boards|twse:twse_openapi|tpex:twse_isin_strMode4|esb:twse_isin_strMode5"
"2007.TW","燁興企業股份有限公司","TWSE","10","lab.Unmapped","2026-09-13T09:17:24Z","tw_boards|twse:twse_openapi|tpex:twse_isin_strMode4|esb:twse_isin_strMode5"
"2008.TW","高興昌鋼鐵股份有限公司","TWSE","10","lab.Unmapped","2026-09-13T09:17:24Z","tw_boards|twse:twse_openapi|tpex:twse_isin_strMode4|esb:twse_isin_strMode5"
"2009.TW","第一伸銅科技股份有限公司","TWSE","10","lab.Unmapped","2026-09-13T09:17:24Z","tw_boards|twse:twse_openapi|tpex:twse_isin_strMode4|esb:twse_isin_strMode5"
"2010.TW","春源鋼鐵工業股份有限公司","TWSE","10","lab.Unmapped","2026-09-13T09:17:24Z","tw_boards|twse:twse_openapi|tpex:twse_isin_strMode4|esb:twse_isin_strMode5"
"2012.TW","春雨工廠股份有限公司","TWSE","10","lab.Unmapped","2026-09-13T09:17:24Z","tw_boards|twse:twse_openapi|tpex:twse_isin_strMode4|esb:twse_isin_strMode5"
"2013.TW","中國鋼鐵結構股份有限公司","TWSE","10","lab.Unmapped","2026-09-13T09:17:24Z","tw_boards|twse:twse_openapi|tpex:twse_isin_strMode4|esb:twse_isin_strMode5"
"2014.TW","中鴻鋼鐵股份有限公司","TWSE","10","lab.Unmapped","2026-09-13T09:17:24Z","tw_boards|twse:twse_openapi|tpex:twse_isin_strMode4|esb:twse_isin_strMode5"
"2015.TW","豐興鋼鐵股份有限公司","TWSE","10","lab.Unmapped","2026-09-13T09:17:24Z","tw_boards|twse:twse_openapi|tpex:twse_isin_strMode4|esb:twse_isin_strMode5"
"2017.TW","官田鋼鐵股份有限公司","TWSE","10","lab.Unmapped","2026-09-13T09:17:24Z","tw_boards|twse:twse_openapi|tpex:twse_isin_strMode4|esb:twse_isin_strMode5"
"2020.TW","美亞鋼管廠股份有限公司","TWSE","10","lab.Unmapped","2026-09-13T09:17:24Z","tw_boards|twse:twse_openapi|tpex:twse_isin_strMode4|esb:twse_isin_strMode5"
"2022.TW","聚亨企業股份有限公司","TWSE","10","lab.Unmapped","2026-09-13T09:17:24Z","tw_boards|twse:twse_openapi|tpex:twse_isin_strMode4|esb:twse_isin_strMode5"
"2023.TW","燁輝企業股份有限公司","TWSE","10","lab.Unmapped","2026-09-13T09:17:24Z","tw_boards|twse:twse_openapi|tpex:twse_isin_strMode4|esb:twse_isin_strMode5"
"2024.TW","志聯工業股份有限公司","TWSE","10","lab.Unmapped","2026-09-13T09:17:24Z","tw_boards|twse:twse_openapi|tpex:twse_isin_strMode4|esb:twse_isin_strMode5"
"2025.TW","千興不銹鋼(股)公司","TWSE","10","lab.Unmapped","2026-09-13T09:17:24Z","tw_boards|twse:twse_openapi|tpex:twse_isin_strMode4|esb:twse_isin_strMode5"
"2027.TW","大成不銹鋼工業股份有限公司","TWSE","10","lab.Unmapped","2026-09-13T09:17:24Z","tw_boards|twse:twse_openapi|tpex:twse_isin_strMode4|esb:twse_isin_strMode5"
"2028.TW","威致鋼鐵工業股份有限公司","TWSE","10","lab.Unmapped","2026-09-13T09:17:24Z","tw_boards|twse:twse_openapi|tpex:twse_isin_strMode4|esb:twse_isin_strMode5"
"2029.TW","盛餘股份有限公司","TWSE","10","lab.Unmapped","2026-09-13T09:17:24Z","tw_boards|twse:twse_openapi|tpex:twse_isin_strMode4|esb:twse_isin_strMode5"
"2030.TW","彰源企業股份有限公司","TWSE","10","lab.Unmapped","2026-09-13T09:17:24Z","tw_boards|twse:twse_openapi|tpex:twse_isin_strMode4|esb:twse_isin_strMode5"
"2031.TW","新光鋼鐵股份有限公司","TWSE","10","lab.Unmapped","2026-09-13T09:17:24Z","tw_boards|twse:twse_openapi|tpex:twse_isin_strMode4|esb:twse_isin_strMode5"
"2032.TW","新鋼工業股份有限公司","TWSE","10","lab.Unmapped","2026-09-13T09:17:24Z","tw_boards|twse:twse_openapi|tpex:twse_isin_strMode4|esb:twse_isin_strMode5"
"2033.TW","佳大世界股份有限公司","TWSE","10","lab.Unmapped","2026-09-13T09:17:24Z","tw_boards|twse:twse_openapi|tpex:twse_isin_strMode4|esb:twse_isin_strMode5"
"2034.TW","允強實業股份有限公司","TWSE","10","lab.Unmapped","2026-09-13T09:17:24Z","tw_boards|twse:twse_openapi|tpex:twse_isin_strMode4|esb:twse_isin_strMode5"
"2038.TW","海光企業股份有限公司","TWSE","10","lab.Unmapped","2026-09-13T09:17:24Z","tw_boards|twse:twse_openapi|tpex:twse_isin_strMode4|esb:twse_isin_strMode5"
"2049.TW","上銀科技股份有限公司","TWSE","05","lab.Unmapped","2026-09-13T09:17:24Z","tw_boards|twse:twse_openapi|tpex:twse_isin_strMode4|esb:twse_isin_strMode5"
"2059.TW","川湖科技股份有限公司","TWSE","28","lab.Unmapped","2026-09-13T09:17:24Z","tw_boards|twse:twse_openapi|tpex:twse_isin_strMode4|esb:twse_isin_strMode5"
"2062.TW","橋椿金屬股份有限公司","TWSE","38","lab.Unmapped","2026-09-13T09:17:24Z","tw_boards|twse:twse_openapi|tpex:twse_isin_strMode4|esb:twse_isin_strMode5"
"2069.TW","運錩鋼鐵股份有限公司","TWSE","10","lab.Unmapped","2026-09-13T09:17:24Z","tw_boards|twse:twse_openapi|tpex:twse_isin_strMode4|esb:twse_isin_strMode5"
"2072.TW","世紀能源設備股份有限公司","TWSE","35","lab.Unmapped","2026-09-13T09:17:24Z","tw_boards|twse:twse_openapi|tpex:twse_isin_strMode4|esb:twse_isin_strMode5"
"2101.TW","南港輪胎股份有限公司","TWSE","11","lab.Unmapped","2026-09-13T09:17:24Z","tw_boards|twse:twse_openapi|tpex:twse_isin_strMode4|esb:twse_isin_strMode5"
"2102.TW","泰豐輪胎股份有限公司","TWSE","11","lab.Unmapped","2026-09-13T09:17:24Z","tw_boards|twse:twse_openapi|tpex:twse_isin_strMode4|esb:twse_isin_strMode5"
"2103.TW","台橡股份有限公司","TWSE","11","lab.Unmapped","2026-09-13T09:17:24Z","tw_boards|twse:twse_openapi|tpex:twse_isin_strMode4|esb:twse_isin_strMode5"
"2104.TW","國際中橡投資控股股份有限公司","TWSE","11","lab.Unmapped","2026-09-13T09:17:24Z","tw_boards|twse:twse_openapi|tpex:twse_isin_strMode4|esb:twse_isin_strMode5"
"2105.TW","正新橡膠工業股份有限公司","TWSE","11","lab.Unmapped","2026-09-13T09:17:24Z","tw_boards|twse:twse_openapi|tpex:twse_isin_strMode4|esb:twse_isin_strMode5"
"2106.TW","建大工業股份有限公司","TWSE","11","lab.Unmapped","2026-09-13T09:17:24Z","tw_boards|twse:twse_openapi|tpex:twse_isin_strMode4|esb:twse_isin_strMode5"
"2107.TW","厚生股份有限公司","TWSE","11","lab.Unmapped","2026-09-13T09:17:24Z","tw_boards|twse:twse_openapi|tpex:twse_isin_strMode4|esb:twse_isin_strMode5"
"2108.TW","南帝化學工業股份有限公司","TWSE","11","lab.Unmapped","2026-09-13T09:17:24Z","tw_boards|twse:twse_openapi|tpex:twse_isin_strMode4|esb:twse_isin_strMode5"
"2109.TW","華豐橡膠工業股份有限公司","TWSE","11","lab.Unmapped","2026-09-13T09:17:24Z","tw_boards|twse:twse_openapi|tpex:twse_isin_strMode4|esb:twse_isin_strMode5"
"2114.TW","鑫永銓股份有限公司","TWSE","11","lab.Unmapped","2026-09-13T09:17:24Z","tw_boards|twse:twse_openapi|tpex:twse_isin_strMode4|esb:twse_isin_strMode5"
"2115.TW","六暉控股股份有限公司","TWSE","12","lab.Unmapped","2026-09-13T09:17:24Z","tw_boards|twse:twse_openapi|tpex:twse_isin_strMode4|esb:twse_isin_strMode5"
"2201.TW","裕隆汽車製造股份有限公司","TWSE","12","lab.Unmapped","2026-09-13T09:17:24Z","tw_boards|twse:twse_openapi|tpex:twse_isin_strMode4|esb:twse_isin_strMode5"
"2204.TW","中華汽車工業股份有限公司","TWSE","12","lab.Unmapped","2026-09-13T09:17:24Z","tw_boards|twse:twse_openapi|tpex:twse_isin_strMode4|esb:twse_isin_strMode5"
"2206.TW","三陽工業股份有限公司","TWSE","12","lab.Unmapped","2026-09-13T09:17:24Z","tw_boards|twse:twse_openapi|tpex:twse_isin_strMode4|esb:twse_isin_strMode5"
"2207.TW","和泰汽車股份有限公司","TWSE","12","lab.Unmapped","2026-09-13T09:17:24Z","tw_boards|twse:twse_openapi|tpex:twse_isin_strMode4|esb:twse_isin_strMode5"
"2208.TW","台灣國際造船股份有限公司","TWSE","15","lab.Unmapped","2026-09-13T09:17:24Z","tw_boards|twse:twse_openapi|tpex:twse_isin_strMode4|esb:twse_isin_strMode5"
"2211.TW","長榮鋼鐵股份有限公司","TWSE","10","lab.Unmapped","2026-09-13T09:17:24Z","tw_boards|twse:twse_openapi|tpex:twse_isin_strMode4|esb:twse_isin_strMode5"
"2227.TW","裕隆日產汽車股份有限公司","TWSE","12","lab.Unmapped","2026-09-13T09:17:24Z","tw_boards|twse:twse_openapi|tpex:twse_isin_strMode4|esb:twse_isin_strMode5"
"2228.TW","劍麟股份有限公司","TWSE","12","lab.Unmapped","2026-09-13T09:17:24Z","tw_boards|twse:twse_openapi|tpex:twse_isin_strMode4|esb:twse_isin_strMode5"
"2231.TW","為升電裝工業股份有限公司","TWSE","12","lab.Unmapped","2026-09-13T09:17:24Z","tw_boards|twse:twse_openapi|tpex:twse_isin_strMode4|esb:twse_isin_strMode5"
"2233.TW","宇隆科技股份有限公司","TWSE","12","lab.Unmapped","2026-09-13T09:17:24Z","tw_boards|twse:twse_openapi|tpex:twse_isin_strMode4|esb:twse_isin_strMode5"
"2236.TW","百達精密工業股份有限公司","TWSE","12","lab.Unmapped","2026-09-13T09:17:24Z","tw_boards|twse:twse_openapi|tpex:twse_isin_strMode4|esb:twse_isin_strMode5"
"2237.TW","華德動能科技股份有限公司","TWSE","12","lab.Unmapped","2026-09-13T09:17:24Z","tw_boards|twse:twse_openapi|tpex:twse_isin_strMode4|esb:twse_isin_strMode5"
"2239.TW","開曼英利工業股份有限公司","TWSE","12","lab.Unmapped","2026-09-13T09:17:24Z","tw_boards|twse:twse_openapi|tpex:twse_isin_strMode4|esb:twse_isin_strMode5"
"2241.TW","艾姆勒科技股份有限公司","TWSE","12","lab.Unmapped","2026-09-13T09:17:24Z","tw_boards|twse:twse_openapi|tpex:twse_isin_strMode4|esb:twse_isin_strMode5"
"2243.TW","宏旭控股股份有限公司","TWSE","12","lab.Unmapped","2026-09-13T09:17:24Z","tw_boards|twse:twse_openapi|tpex:twse_isin_strMode4|esb:twse_isin_strMode5"
"2247.TW","汎德永業汽車股份有限公司","TWSE","12","lab.Unmapped","2026-09-13T09:17:24Z","tw_boards|twse:twse_openapi|tpex:twse_isin_strMode4|esb:twse_isin_strMode5"
"2248.TW","華勝汽車電子股份有限公司","TWSE","12","lab.Unmapped","2026-09-13T09:17:24Z","tw_boards|twse:twse_openapi|tpex:twse_isin_strMode4|esb:twse_isin_strMode5"
"2250.TW","第一化成控股(開曼)股份有限公司","TWSE","12","lab.Unmapped","2026-09-13T09:17:24Z","tw_boards|twse:twse_openapi|tpex:twse_isin_strMode4|esb:twse_isin_strMode5"
"2254.TW","巨鎧精密工業股份有限公司","TWSE","12","lab.Unmapped","2026-09-13T09:17:24Z","tw_boards|twse:twse_openapi|tpex:twse_isin_strMode4|esb:twse_isin_strMode5"
"2258.TW","鴻華先進科技股份有限公司","TWSE","12","lab.Unmapped","2026-09-13T09:17:24Z","tw_boards|twse:twse_openapi|tpex:twse_isin_strMode4|esb:twse_isin_strMode5"
"2301.TW","光寶科技股份有限公司","TWSE","25","lab.Unmapped","2026-09-13T09:17:24Z","tw_boards|twse:twse_openapi|tpex:twse_isin_strMode4|esb:twse_isin_strMode5"
"2302.TW","麗正國際科技股份有限公司","TWSE","24","lab.Unmapped","2026-09-13T09:17:24Z","tw_boards|twse:twse_openapi|tpex:twse_isin_strMode4|esb:twse_isin_strMode5"
"2303.TW","聯華電子股份有限公司","TWSE","24","lab.Unmapped","2026-09-13T09:17:24Z","tw_boards|twse:twse_openapi|tpex:twse_isin_strMode4|esb:twse_isin_strMode5"
"2305.TW","全友電腦股份有限公司","TWSE","25","lab.Unmapped","2026-09-13T09:17:24Z","tw_boards|twse:twse_openapi|tpex:twse_isin_strMode4|esb:twse_isin_strMode5"
"2308.TW","台達電子工業股份有限公司","TWSE","28","lab.Unmapped","2026-09-13T09:17:24Z","tw_boards|twse:twse_openapi|tpex:twse_isin_strMode4|esb:twse_isin_strMode5"
"2312.TW","金寶電子工業股份有限公司","TWSE","31","lab.Unmapped","2026-09-13T09:17:24Z","tw_boards|twse:twse_openapi|tpex:twse_isin_strMode4|esb:twse_isin_strMode5"
"2313.TW","華通電腦股份有限公司","TWSE","28","lab.Unmapped","2026-09-13T09:17:24Z","tw_boards|twse:twse_openapi|tpex:twse_isin_strMode4|esb:twse_isin_strMode5"
"2314.TW","台揚科技股份有限公司","TWSE","27","lab.Unmapped","2026-09-13T09:17:24Z","tw_boards|twse:twse_openapi|tpex:twse_isin_strMode4|esb:twse_isin_strMode5"
"2316.TW","楠梓電子股份有限公司","TWSE","28","lab.Unmapped","2026-09-13T09:17:24Z","tw_boards|twse:twse_openapi|tpex:twse_isin_strMode4|esb:twse_isin_strMode5"
"2317.TW","鴻海精密工業股份有限公司","TWSE","31","lab.Unmapped","2026-09-13T09:17:24Z","tw_boards|twse:twse_openapi|tpex:twse_isin_strMode4|esb:twse_isin_strMode5"
"2321.TW","東訊股份有限公司","TWSE","27","lab.Unmapped","2026-09-13T09:17:24Z","tw_boards|twse:twse_openapi|tpex:twse_isin_strMode4|esb:twse_isin_strMode5"
"2323.TW","中環股份有限公司","TWSE","26","lab.Unmapped","2026-09-13T09:17:24Z","tw_boards|twse:twse_openapi|tpex:twse_isin_strMode4|esb:twse_isin_strMode5"
"2324.TW","仁寶電腦工業股份有限公司","TWSE","25","lab.Unmapped","2026-09-13T09:17:24Z","tw_boards|twse:twse_openapi|tpex:twse_isin_strMode4|esb:twse_isin_strMode5"
"2327.TW","國巨股份有限公司","TWSE","28","lab.Unmapped","2026-09-13T09:17:24Z","tw_boards|twse:twse_openapi|tpex:twse_isin_strMode4|esb:twse_isin_strMode5"
"2328.TW","廣宇科技股份有限公司","TWSE","28","lab.Unmapped","2026-09-13T09:17:24Z","tw_boards|twse:twse_openapi|tpex:twse_isin_strMode4|esb:twse_isin_strMode5"
"2329.TW","華泰電子股份有限公司","TWSE","24","lab.Unmapped","2026-09-13T09:17:24Z","tw_boards|twse:twse_openapi|tpex:twse_isin_strMode4|esb:twse_isin_strMode5"
"2330.TW","台灣積體電路製造股份有限公司","TWSE","24","lab.Unmapped","2026-09-13T09:17:24Z","tw_boards|twse:twse_openapi|tpex:twse_isin_strMode4|esb:twse_isin_strMode5"
"2331.TW","精英電腦股份有限公司","TWSE","25","lab.Unmapped","2026-09-13T09:17:24Z","tw_boards|twse:twse_openapi|tpex:twse_isin_strMode4|esb:twse_isin_strMode5"
"2332.TW","友訊科技股份有限公司","TWSE","27","lab.Unmapped","2026-09-13T09:17:24Z","tw_boards|twse:twse_openapi|tpex:twse_isin_strMode4|esb:twse_isin_strMode5"
"2337.TW","旺宏電子股份有限公司","TWSE","24","lab.Unmapped","2026-09-13T09:17:24Z","tw_boards|twse:twse_openapi|tpex:twse_isin_strMode4|esb:twse_isin_strMode5"
"2338.TW","台灣光罩股份有限公司","TWSE","24","lab.Unmapped","2026-09-13T09:17:24Z","tw_boards|twse:twse_openapi|tpex:twse_isin_strMode4|esb:twse_isin_strMode5"
"2340.TW","台亞半導體股份有限公司","TWSE","24","lab.Unmapped","2026-09-13T09:17:24Z","tw_boards|twse:twse_openapi|tpex:twse_isin_strMode4|esb:twse_isin_strMode5"
"2342.TW","台灣茂矽電子股份有限公司","TWSE","24","lab.Unmapped","2026-09-13T09:17:24Z","tw_boards|twse:twse_openapi|tpex:twse_isin_strMode4|esb:twse_isin_strMode5"
"2344.TW","華邦電子股份有限公司","TWSE","24","lab.Unmapped","2026-09-13T09:17:24Z","tw_boards|twse:twse_openapi|tpex:twse_isin_strMode4|esb:twse_isin_strMode5"
"2345.TW","智邦科技股份有限公司","TWSE","27","lab.Unmapped","2026-09-13T09:17:24Z","tw_boards|twse:twse_openapi|tpex:twse_isin_strMode4|esb:twse_isin_strMode5"
"2347.TW","聯強國際股份有限公司","TWSE","29","lab.Unmapped","2026-09-13T09:17:24Z","tw_boards|twse:twse_openapi|tpex:twse_isin_strMode4|esb:twse_isin_strMode5"
"2348.TW","海悅國際開發股份有限公司","TWSE","20","lab.Unmapped","2026-09-13T09:17:24Z","tw_boards|twse:twse_openapi|tpex:twse_isin_strMode4|esb:twse_isin_strMode5"
"2349.TW","錸德科技股份有限公司","TWSE","26","lab.Unmapped","2026-09-13T09:17:24Z","tw_boards|twse:twse_openapi|tpex:twse_isin_strMode4|esb:twse_isin_strMode5"
"2351.TW","順德工業股份有限公司","TWSE","24","lab.Unmapped","2026-09-13T09:17:24Z","tw_boards|twse:twse_openapi|tpex:twse_isin_strMode4|esb:twse_isin_strMode5"
"2352.TW","佳世達科技股份有限公司","TWSE","25","lab.Unmapped","2026-09-13T09:17:24Z","tw_boards|twse:twse_openapi|tpex:twse_isin_strMode4|esb:twse_isin_strMode5"
"2353.TW","宏碁股份有限公司","TWSE","25","lab.Unmapped","2026-09-13T09:17:24Z","tw_boards|twse:twse_openapi|tpex:twse_isin_strMode4|esb:twse_isin_strMode5"
"2354.TW","鴻準精密工業股份有限公司","TWSE","31","lab.Unmapped","2026-09-13T09:17:24Z","tw_boards|twse:twse_openapi|tpex:twse_isin_strMode4|esb:twse_isin_strMode5"
"2355.TW","敬鵬工業股份有限公司","TWSE","28","lab.Unmapped","2026-09-13T09:17:24Z","tw_boards|twse:twse_openapi|tpex:twse_isin_strMode4|esb:twse_isin_strMode5"
"2356.TW","英業達股份有限公司","TWSE","25","lab.Unmapped","2026-09-13T09:17:24Z","tw_boards|twse:twse_openapi|tpex:twse_isin_strMode4|esb:twse_isin_strMode5"
"2357.TW","華碩電腦股份有限公司","TWSE","25","lab.Unmapped","2026-09-13T09:17:24Z","tw_boards|twse:twse_openapi|tpex:twse_isin_strMode4|esb:twse_isin_strMode5"
"2359.TW","所羅門股份有限公司","TWSE","31","lab.Unmapped","2026-09-13T09:17:24Z","tw_boards|twse:twse_openapi|tpex:twse_isin_strMode4|esb:twse_isin_strMode5"
"2360.TW","致茂電子股份有限公司","TWSE","31","lab.Unmapped","2026-09-13T09:17:24Z","tw_boards|twse:twse_openapi|tpex:twse_isin_strMode4|esb:twse_isin_strMode5"
"2362.TW","藍天電腦股份有限公司","TWSE","25","lab.Unmapped","2026-09-13T09:17:24Z","tw_boards|twse:twse_openapi|tpex:twse_isin_strMode4|esb:twse_isin_strMode5"
"2363.TW","矽統科技股份有限公司","TWSE","24","lab.Unmapped","2026-09-13T09:17:24Z","tw_boards|twse:twse_openapi|tpex:twse_isin_strMode4|esb:twse_isin_strMode5"
"2364.TW","倫飛電腦實業股份有限公司","TWSE","25","lab.Unmapped","2026-09-13T09:17:24Z","tw_boards|twse:twse_openapi|tpex:twse_isin_strMode4|esb:twse_isin_strMode5"
"2365.TW","昆盈企業股份有限公司","TWSE","25","lab.Unmapped","2026-09-13T09:17:24Z","tw_boards|twse:twse_openapi|tpex:twse_isin_strMode4|esb:twse_isin_strMode5"
"2367.TW","燿華電子股份有限公司","TWSE","28","lab.Unmapped","2026-09-13T09:17:24Z","tw_boards|twse:twse_openapi|tpex:twse_isin_strMode4|esb:twse_isin_strMode5"
"2368.TW","金像電子(股)公司","TWSE","28","lab.Unmapped","2026-09-13T09:17:24Z","tw_boards|twse:twse_openapi|tpex:twse_isin_strMode4|esb:twse_isin_strMode5"
"2369.TW","菱生精密工業股份有限公司","TWSE","24","lab.Unmapped","2026-09-13T09:17:24Z","tw_boards|twse:twse_openapi|tpex:twse_isin_strMode4|esb:twse_isin_strMode5"
"2371.TW","大同股份有限公司","TWSE","05","lab.Unmapped","2026-09-13T09:17:24Z","tw_boards|twse:twse_openapi|tpex:twse_isin_strMode4|esb:twse_isin_strMode5"
"2373.TW","震旦行股份有限公司","TWSE","31","lab.Unmapped","2026-09-13T09:17:24Z","tw_boards|twse:twse_openapi|tpex:twse_isin_strMode4|esb:twse_isin_strMode5"
"2374.TW","佳能企業股份有限公司","TWSE","26","lab.Unmapped","2026-09-13T09:17:24Z","tw_boards|twse:twse_openapi|tpex:twse_isin_strMode4|esb:twse_isin_strMode5"
"2375.TW","凱美電機股份有限公司","TWSE","28","lab.Unmapped","2026-09-13T09:17:24Z","tw_boards|twse:twse_openapi|tpex:twse_isin_strMode4|esb:twse_isin_strMode5"
"2376.TW","技嘉科技股份有限公司","TWSE","25","lab.Unmapped","2026-09-13T09:17:24Z","tw_boards|twse:twse_openapi|tpex:twse_isin_strMode4|esb:twse_isin_strMode5"
"2377.TW","微星科技股份有限公司","TWSE","25","lab.Unmapped","2026-09-13T09:17:24Z","tw_boards|twse:twse_openapi|tpex:twse_isin_strMode4|esb:twse_isin_strMode5"
"2379.TW","瑞昱半導體股份有限公司","TWSE","24","lab.Unmapped","2026-09-13T09:17:24Z","tw_boards|twse:twse_openapi|tpex:twse_isin_strMode4|esb:twse_isin_strMode5"
"2380.TW","虹光精密工業股份有限公司","TWSE","25","lab.Unmapped","2026-09-13T09:17:24Z","tw_boards|twse:twse_openapi|tpex:twse_isin_strMode4|esb:twse_isin_strMode5"
"2382.TW","廣達電腦股份有限公司","TWSE","25","lab.Unmapped","2026-09-13T09:17:24Z","tw_boards|twse:twse_openapi|tpex:twse_isin_strMode4|esb:twse_isin_strMode5"
"2383.TW","台光電子材料股份有限公司","TWSE","28","lab.Unmapped","2026-09-13T09:17:24Z","tw_boards|twse:twse_openapi|tpex:twse_isin_strMode4|esb:twse_isin_strMode5"
"2385.TW","群光電子股份有限公司","TWSE","28","lab.Unmapped","2026-09-13T09:17:24Z","tw_boards|twse:twse_openapi|tpex:twse_isin_strMode4|esb:twse_isin_strMode5"
"2387.TW","精元電腦股份有限公司","TWSE","25","lab.Unmapped","2026-09-13T09:17:24Z","tw_boards|twse:twse_openapi|tpex:twse_isin_strMode4|esb:twse_isin_strMode5"
"2388.TW","威盛電子股份有限公司","TWSE","24","lab.Unmapped","2026-09-13T09:17:24Z","tw_boards|twse:twse_openapi|tpex:twse_isin_strMode4|esb:twse_isin_strMode5"
"2390.TW","云辰電子開發股份有限公司","TWSE","31","lab.Unmapped","2026-09-13T09:17:24Z","tw_boards|twse:twse_openapi|tpex:twse_isin_strMode4|esb:twse_isin_strMode5"
"2392.TW","正崴精密工業股份有限公司","TWSE","28","lab.Unmapped","2026-09-13T09:17:24Z","tw_boards|twse:twse_openapi|tpex:twse_isin_strMode4|esb:twse_isin_strMode5"
"2393.TW","億光電子工業股份有限公司","TWSE","26","lab.Unmapped","2026-09-13T09:17:24Z","tw_boards|twse:twse_openapi|tpex:twse_isin_strMode4|esb:twse_isin_strMode5"
"2395.TW","研華股份有限公司","TWSE","25","lab.Unmapped","2026-09-13T09:17:24Z","tw_boards|twse:twse_openapi|tpex:twse_isin_strMode4|esb:twse_isin_strMode5"
"2397.TW","友通資訊股份有限公司","TWSE","25","lab.Unmapped","2026-09-13T09:17:24Z","tw_boards|twse:twse_openapi|tpex:twse_isin_strMode4|esb:twse_isin_strMode5"
"2399.TW","映泰股份有限公司","TWSE","25","lab.Unmapped","2026-09-13T09:17:24Z","tw_boards|twse:twse_openapi|tpex:twse_isin_strMode4|esb:twse_isin_strMode5"
"2401.TW","凌陽科技股份有限公司","TWSE","24","lab.Unmapped","2026-09-13T09:17:24Z","tw_boards|twse:twse_openapi|tpex:twse_isin_strMode4|esb:twse_isin_strMode5"
"2402.TW","毅嘉科技股份有限公司","TWSE","28","lab.Unmapped","2026-09-13T09:17:24Z","tw_boards|twse:twse_openapi|tpex:twse_isin_strMode4|esb:twse_isin_strMode5"
"2404.TW","漢唐集成股份有限公司","TWSE","31","lab.Unmapped","2026-09-13T09:17:24Z","tw_boards|twse:twse_openapi|tpex:twse_isin_strMode4|esb:twse_isin_strMode5"
"2405.TW","輔信科技股份有限公司","TWSE","25","lab.Unmapped","2026-09-13T09:17:24Z","tw_boards|twse:twse_openapi|tpex:twse_isin_strMode4|esb:twse_isin_strMode5"
"2406.TW","國碩科技工業股份有限公司","TWSE","26","lab.Unmapped","2026-09-13T09:17:24Z","tw_boards|twse:twse_openapi|tpex:twse_isin_strMode4|esb:twse_isin_strMode5"
"2408.TW","南亞科技股份有限公司","TWSE","24","lab.Unmapped","2026-09-13T09:17:24Z","tw_boards|twse:twse_openapi|tpex:twse_isin_strMode4|esb:twse_isin_strMode5"
"2409.TW","友達光電股份有限公司","TWSE","26","lab.Unmapped","2026-09-13T09:17:24Z","tw_boards|twse:twse_openapi|tpex:twse_isin_strMode4|esb:twse_isin_strMode5"
"2412.TW","中華電信股份有限公司","TWSE","27","lab.Unmapped","2026-09-13T09:17:24Z","tw_boards|twse:twse_openapi|tpex:twse_isin_strMode4|esb:twse_isin_strMode5"
"2413.TW","環隆科技股份有限公司","TWSE","28","lab.Unmapped","2026-09-13T09:17:24Z","tw_boards|twse:twse_openapi|tpex:twse_isin_strMode4|esb:twse_isin_strMode5"
"2414.TW","精技電腦股份有限公司","TWSE","29","lab.Unmapped","2026-09-13T09:17:24Z","tw_boards|twse:twse_openapi|tpex:twse_isin_strMode4|esb:twse_isin_strMode5"
"2415.TW","錩新科技股份有限公司","TWSE","28","lab.Unmapped","2026-09-13T09:17:24Z","tw_boards|twse:twse_openapi|tpex:twse_isin_strMode4|esb:twse_isin_strMode5"
"2417.TW","圓剛科技股份有限公司","TWSE","25","lab.Unmapped","2026-09-13T09:17:24Z","tw_boards|twse:twse_openapi|tpex:twse_isin_strMode4|esb:twse_isin_strMode5"
"2419.TW","仲琦科技股份有限公司","TWSE","27","lab.Unmapped","2026-09-13T09:17:24Z","tw_boards|twse:twse_openapi|tpex:twse_isin_strMode4|esb:twse_isin_strMode5"
"2420.TW","新巨企業股份有限公司","TWSE","28","lab.Unmapped","2026-09-13T09:17:24Z","tw_boards|twse:twse_openapi|tpex:twse_isin_strMode4|esb:twse_isin_strMode5"
"2421.TW","建準電機工業股份有限公司","TWSE","28","lab.Unmapped","2026-09-13T09:17:24Z","tw_boards|twse:twse_openapi|tpex:twse_isin_strMode4|esb:twse_isin_strMode5"
"2423.TW","固緯電子實業股份有限公司","TWSE","31","lab.Unmapped","2026-09-13T09:17:24Z","tw_boards|twse:twse_openapi|tpex:twse_isin_strMode4|esb:twse_isin_strMode5"
"2424.TW","隴華電子股份有限公司","TWSE","27","lab.Unmapped","2026-09-13T09:17:24Z","tw_boards|twse:twse_openapi|tpex:twse_isin_strMode4|esb:twse_isin_strMode5"
"2425.TW","承啟科技股份有限公司","TWSE","25","lab.Unmapped","2026-09-13T09:17:24Z","tw_boards|twse:twse_openapi|tpex:twse_isin_strMode4|esb:twse_isin_strMode5"
"2426.TW","鼎元光電科技股份有限公司","TWSE","26","lab.Unmapped","2026-09-13T09:17:24Z","tw_boards|twse:twse_openapi|tpex:twse_isin_strMode4|esb:twse_isin_strMode5"
"2427.TW","三商電腦股份有限公司","TWSE","30","lab.Unmapped","2026-09-13T09:17:24Z","tw_boards|twse:twse_openapi|tpex:twse_isin_strMode4|esb:twse_isin_strMode5"
"2428.TW","興勤電子工業股份有限公司","TWSE","28","lab.Unmapped","2026-09-13T09:17:24Z","tw_boards|twse:twse_openapi|tpex:twse_isin_strMode4|esb:twse_isin_strMode5"
"2429.TW","銘旺科技股份有限公司","TWSE","26","lab.Unmapped","2026-09-13T09:17:24Z","tw_boards|twse:twse_openapi|tpex:twse_isin_strMode4|esb:twse_isin_strMode5"
"2430.TW","燦坤實業股份有限公司","TWSE","29","lab.Unmapped","2026-09-13T09:17:24Z","tw_boards|twse:twse_openapi|tpex:twse_isin_strMode4|esb:twse_isin_strMode5"
"2431.TW","聯昌電子企業股份有限公司","TWSE","28","lab.Unmapped","2026-09-13T09:17:24Z","tw_boards|twse:twse_openapi|tpex:twse_isin_strMode4|esb:twse_isin_strMode5"
"2432.TW","倚天酷碁股份有限公司","TWSE","25","lab.Unmapped","2026-09-13T09:17:24Z","tw_boards|twse:twse_openapi|tpex:twse_isin_strMode4|esb:twse_isin_strMode5"
"2433.TW","互盛股份有限公司","TWSE","31","lab.Unmapped","2026-09-13T09:17:24Z","tw_boards|twse:twse_openapi|tpex:twse_isin_strMode4|esb:twse_isin_strMode5"
"2434.TW","統懋半導體股份有限公司","TWSE","24","lab.Unmapped","2026-09-13T09:17:24Z","tw_boards|twse:twse_openapi|tpex:twse_isin_strMode4|esb:twse_isin_strMode5"
"2436.TW","偉詮電子股份有限公司","TWSE","24","lab.Unmapped","2026-09-13T09:17:24Z","tw_boards|twse:twse_openapi|tpex:twse_isin_strMode4|esb:twse_isin_strMode5"
"2438.TW","翔耀實業股份有限公司","TWSE","26","lab.Unmapped","2026-09-13T09:17:24Z","tw_boards|twse:twse_openapi|tpex:twse_isin_strMode4|esb:twse_isin_strMode5"
"2439.TW","美律實業股份有限公司","TWSE","27","lab.Unmapped","2026-09-13T09:17:24Z","tw_boards|twse:twse_openapi|tpex:twse_isin_strMode4|esb:twse_isin_strMode5"
"2440.TW","太空梭高傳真資訊科技(股)公司","TWSE","28","lab.Unmapped","2026-09-13T09:17:24Z","tw_boards|twse:twse_openapi|tpex:twse_isin_strMode4|esb:twse_isin_strMode5"
"2441.TW","超豐電子股份有限公司","TWSE","24","lab.Unmapped","2026-09-13T09:17:24Z","tw_boards|twse:twse_openapi|tpex:twse_isin_strMode4|esb:twse_isin_strMode5"
"2442.TW","新美齊股份有限公司","TWSE","14","lab.Unmapped","2026-09-13T09:17:24Z","tw_boards|twse:twse_openapi|tpex:twse_isin_strMode4|esb:twse_isin_strMode5"
"2444.TW","兆勁科技股份有限公司","TWSE","27","lab.Unmapped","2026-09-13T09:17:24Z","tw_boards|twse:twse_openapi|tpex:twse_isin_strMode4|esb:twse_isin_strMode5"
"2449.TW","京元電子股份有限公司","TWSE","24","lab.Unmapped","2026-09-13T09:17:24Z","tw_boards|twse:twse_openapi|tpex:twse_isin_strMode4|esb:twse_isin_strMode5"
"2450.TW","神腦國際企業股份有限公司","TWSE","27","lab.Unmapped","2026-09-13T09:17:24Z","tw_boards|twse:twse_openapi|tpex:twse_isin_strMode4|esb:twse_isin_strMode5"
"2451.TW","創見資訊股份有限公司","TWSE","24","lab.Unmapped","2026-09-13T09:17:24Z","tw_boards|twse:twse_openapi|tpex:twse_isin_strMode4|esb:twse_isin_strMode5"
"2453.TW","凌群電腦股份有限公司","TWSE","30","lab.Unmapped","2026-09-13T09:17:24Z","tw_boards|twse:twse_openapi|tpex:twse_isin_strMode4|esb:twse_isin_strMode5"
"2454.TW","聯發科技股份有限公司","TWSE","24","lab.Unmapped","2026-09-13T09:17:24Z","tw_boards|twse:twse_openapi|tpex:twse_isin_strMode4|esb:twse_isin_strMode5"
"2455.TW","全新光電科技股份有限公司","TWSE","27","lab.Unmapped","2026-09-13T09:17:24Z","tw_boards|twse:twse_openapi|tpex:twse_isin_strMode4|esb:twse_isin_strMode5"
"2457.TW","飛宏科技股份有限公司","TWSE","28","lab.Unmapped","2026-09-13T09:17:24Z","tw_boards|twse:twse_openapi|tpex:twse_isin_strMode4|esb:twse_isin_strMode5"
"2458.TW","義隆電子股份有限公司","TWSE","24","lab.Unmapped","2026-09-13T09:17:24Z","tw_boards|twse:twse_openapi|tpex:twse_isin_strMode4|esb:twse_isin_strMode5"
"2459.TW","敦吉科技股份有限公司","TWSE","31","lab.Unmapped","2026-09-13T09:17:24Z","tw_boards|twse:twse_openapi|tpex:twse_isin_strMode4|esb:twse_isin_strMode5"
"2460.TW","建通精密工業股份有限公司","TWSE","28","lab.Unmapped","2026-09-13T09:17:24Z","tw_boards|twse:twse_openapi|tpex:twse_isin_strMode4|esb:twse_isin_strMode5"
"2461.TW","光群雷射科技股份有限公司","TWSE","31","lab.Unmapped","2026-09-13T09:17:24Z","tw_boards|twse:twse_openapi|tpex:twse_isin_strMode4|esb:twse_isin_strMode5"
"2462.TW","台灣良得電子股份有限公司","TWSE","28","lab.Unmapped","2026-09-13T09:17:24Z","tw_boards|twse:twse_openapi|tpex:twse_isin_strMode4|esb:twse_isin_strMode5"
"2464.TW","盟立自動化股份有限公司","TWSE","31","lab.Unmapped","2026-09-13T09:17:24Z","tw_boards|twse:twse_openapi|tpex:twse_isin_strMode4|esb:twse_isin_strMode5"
"2465.TW","麗臺科技股份有限公司","TWSE","25","lab.Unmapped","2026-09-13T09:17:24Z","tw_boards|twse:twse_openapi|tpex:twse_isin_strMode4|esb:twse_isin_strMode5"
"2466.TW","冠西電子企業股份有限公司","TWSE","26","lab.Unmapped","2026-09-13T09:17:24Z","tw_boards|twse:twse_openapi|tpex:twse_isin_strMode4|esb:twse_isin_strMode5"
"2467.TW","志聖工業股份有限公司","TWSE","28","lab.Unmapped","2026-09-13T09:17:24Z","tw_boards|twse:twse_openapi|tpex:twse_isin_strMode4|esb:twse_isin_strMode5"
"2468.TW","華經資訊企業股份有限公司","TWSE","30","lab.Unmapped","2026-09-13T09:17:24Z","tw_boards|twse:twse_openapi|tpex:twse_isin_strMode4|esb:twse_isin_strMode5"
"2471.TW","資通電腦股份有限公司","TWSE","30","lab.Unmapped","2026-09-13T09:17:24Z","tw_boards|twse:twse_openapi|tpex:twse_isin_strMode4|esb:twse_isin_strMode5"
"2472.TW","立隆電子工業股份有限公司","TWSE","28","lab.Unmapped","2026-09-13T09:17:24Z","tw_boards|twse:twse_openapi|tpex:twse_isin_strMode4|esb:twse_isin_strMode5"
"2474.TW","可成科技股份有限公司","TWSE","31","lab.Unmapped","2026-09-13T09:17:24Z","tw_boards|twse:twse_openapi|tpex:twse_isin_strMode4|esb:twse_isin_strMode5"
"2476.TW","鉅祥企業股份有限公司","TWSE","28","lab.Unmapped","2026-09-13T09:17:24Z","tw_boards|twse:twse_openapi|tpex:twse_isin_strMode4|esb:twse_isin_strMode5"
"2477.TW","美隆工業股份有限公司","TWSE","31","lab.Unmapped","2026-09-13T09:17:24Z","tw_boards|twse:twse_openapi|tpex:twse_isin_strMode4|esb:twse_isin_strMode5"
"2478.TW","大毅科技股份有限公司","TWSE","28","lab.Unmapped","2026-09-13T09:17:24Z","tw_boards|twse:twse_openapi|tpex:twse_isin_strMode4|esb:twse_isin_strMode5"
"2480.TW","敦陽科技股份有限公司","TWSE","30","lab.Unmapped","2026-09-13T09:17:24Z","tw_boards|twse:twse_openapi|tpex:twse_isin_strMode4|esb:twse_isin_strMode5"
"2481.TW","強茂股份有限公司","TWSE","24","lab.Unmapped","2026-09-13T09:17:24Z","tw_boards|twse:twse_openapi|tpex:twse_isin_strMode4|esb:twse_isin_strMode5"
"2482.TW","連宇股份有限公司","TWSE","31","lab.Unmapped","2026-09-13T09:17:24Z","tw_boards|twse:twse_openapi|tpex:twse_isin_strMode4|esb:twse_isin_strMode5"
"2483.TW","百容電子股份有限公司","TWSE","28","lab.Unmapped","2026-09-13T09:17:24Z","tw_boards|twse:twse_openapi|tpex:twse_isin_strMode4|esb:twse_isin_strMode5"
"2484.TW","希華晶體科技股份有限公司","TWSE","28","lab.Unmapped","2026-09-13T09:17:24Z","tw_boards|twse:twse_openapi|tpex:twse_isin_strMode4|esb:twse_isin_strMode5"
"2485.TW","兆赫電子股份有限公司","TWSE","27","lab.Unmapped","2026-09-13T09:17:24Z","tw_boards|twse:twse_openapi|tpex:twse_isin_strMode4|esb:twse_isin_strMode5"
"2486.TW","一詮精密工業股份有限公司","TWSE","26","lab.Unmapped","2026-09-13T09:17:24Z","tw_boards|twse:twse_openapi|tpex:twse_isin_strMode4|esb:twse_isin_strMode5"
"2488.TW","漢平電子工業股份有限公司","TWSE","31","lab.Unmapped","2026-09-13T09:17:24Z","tw_boards|twse:twse_openapi|tpex:twse_isin_strMode4|esb:twse_isin_strMode5"
"2489.TW","瑞軒科技股份有限公司","TWSE","26","lab.Unmapped","2026-09-13T09:17:24Z","tw_boards|twse:twse_openapi|tpex:twse_isin_strMode4|esb:twse_isin_strMode5"
"2491.TW","吉祥全球實業股份有限公司","TWSE","26","lab.Unmapped","2026-09-13T09:17:24Z","tw_boards|twse:twse_openapi|tpex:twse_isin_strMode4|esb:twse_isin_strMode5"
"2492.TW","華新科技股份有限公司","TWSE","28","lab.Unmapped","2026-09-13T09:17:24Z","tw_boards|twse:twse_openapi|tpex:twse_isin_strMode4|esb:twse_isin_strMode5"
"2493.TW","揚博科技股份有限公司","TWSE","28","lab.Unmapped","2026-09-13T09:17:24Z","tw_boards|twse:twse_openapi|tpex:twse_isin_strMode4|esb:twse_isin_strMode5"
"2495.TW","普安科技股份有限公司","TWSE","25","lab.Unmapped","2026-09-13T09:17:24Z","tw_boards|twse:twse_openapi|tpex:twse_isin_strMode4|esb:twse_isin_strMode5"
"2496.TW","卓越成功股份有限公司","TWSE","20","lab.Unmapped","2026-09-13T09:17:24Z","tw_boards|twse:twse_openapi|tpex:twse_isin_strMode4|esb:twse_isin_strMode5"
"2497.TW","怡利電子工業股份有限公司","TWSE","12","lab.Unmapped","2026-09-13T09:17:24Z","tw_boards|twse:twse_openapi|tpex:twse_isin_strMode4|esb:twse_isin_strMode5"
"2498.TW","宏達國際電子股份有限公司","TWSE","27","lab.Unmapped","2026-09-13T09:17:24Z","tw_boards|twse:twse_openapi|tpex:twse_isin_strMode4|esb:twse_isin_strMode5"
"2501.TW","國泰建設股份有限公司","TWSE","14","lab.Unmapped","2026-09-13T09:17:24Z","tw_boards|twse:twse_openapi|tpex:twse_isin_strMode4|esb:twse_isin_strMode5"
"2504.TW","國產建材實業股份有限公司","TWSE","14","lab.Unmapped","2026-09-13T09:17:24Z","tw_boards|twse:twse_openapi|tpex:twse_isin_strMode4|esb:twse_isin_strMode5"
"2505.TW","國揚實業股份有限公司","TWSE","14","lab.Unmapped","2026-09-13T09:17:24Z","tw_boards|twse:twse_openapi|tpex:twse_isin_strMode4|esb:twse_isin_strMode5"
"2506.TW","太平洋建設股份有限公司","TWSE","14","lab.Unmapped","2026-09-13T09:17:24Z","tw_boards|twse:twse_openapi|tpex:twse_isin_strMode4|esb:twse_isin_strMode5"
"2509.TW","全坤建設開發股份有限公司","TWSE","14","lab.Unmapped","2026-09-13T09:17:24Z","tw_boards|twse:twse_openapi|tpex:twse_isin_strMode4|esb:twse_isin_strMode5"
"2511.TW","太子建設開發股份有限公司","TWSE","14","lab.Unmapped","2026-09-13T09:17:24Z","tw_boards|twse:twse_openapi|tpex:twse_isin_strMode4|esb:twse_isin_strMode5"
"2514.TW","龍邦國際興業股份有限公司","TWSE","20","lab.Unmapped","2026-09-13T09:17:24Z","tw_boards|twse:twse_openapi|tpex:twse_isin_strMode4|esb:twse_isin_strMode5"
"2515.TW","中華工程股份有限公司","TWSE","14","lab.Unmapped","2026-09-13T09:17:24Z","tw_boards|twse:twse_openapi|tpex:twse_isin_strMode4|esb:twse_isin_strMode5"
"2516.TW","新亞建設開發股份有限公司","TWSE","14","lab.Unmapped","2026-09-13T09:17:24Z","tw_boards|twse:twse_openapi|tpex:twse_isin_strMode4|esb:twse_isin_strMode5"
"2520.TW","冠德建設股份有限公司","TWSE","14","lab.Unmapped","2026-09-13T09:17:24Z","tw_boards|twse:twse_openapi|tpex:twse_isin_strMode4|esb:twse_isin_strMode5"
"2524.TW","京城建設股份有限公司","TWSE","14","lab.Unmapped","2026-09-13T09:17:24Z","tw_boards|twse:twse_openapi|tpex:twse_isin_strMode4|esb:twse_isin_strMode5"
"2527.TW","宏璟建設股份有限公司","TWSE","14","lab.Unmapped","2026-09-13T09:17:24Z","tw_boards|twse:twse_openapi|tpex:twse_isin_strMode4|esb:twse_isin_strMode5"
"2528.TW","皇普建設股份有限公司","TWSE","14","lab.Unmapped","2026-09-13T09:17:24Z","tw_boards|twse:twse_openapi|tpex:twse_isin_strMode4|esb:twse_isin_strMode5"
"2530.TW","大華建設股份有限公司","TWSE","14","lab.Unmapped","2026-09-13T09:17:24Z","tw_boards|twse:twse_openapi|tpex:twse_isin_strMode4|esb:twse_isin_strMode5"
"2534.TW","宏盛建設股份有限公司","TWSE","14","lab.Unmapped","2026-09-13T09:17:24Z","tw_boards|twse:twse_openapi|tpex:twse_isin_strMode4|esb:twse_isin_strMode5"
"2535.TW","達欣工程股份有限公司","TWSE","14","lab.Unmapped","2026-09-13T09:17:24Z","tw_boards|twse:twse_openapi|tpex:twse_isin_strMode4|esb:twse_isin_strMode5"
"2536.TW","宏普建設股份有限公司","TWSE","14","lab.Unmapped","2026-09-13T09:17:24Z","tw_boards|twse:twse_openapi|tpex:twse_isin_strMode4|esb:twse_isin_strMode5"
"2537.TW","聯上開發股份有限公司","TWSE","14","lab.Unmapped","2026-09-13T09:17:24Z","tw_boards|twse:twse_openapi|tpex:twse_isin_strMode4|esb:twse_isin_strMode5"
"2538.TW","基泰建設股份有限公司","TWSE","14","lab.Unmapped","2026-09-13T09:17:24Z","tw_boards|twse:twse_openapi|tpex:twse_isin_strMode4|esb:twse_isin_strMode5"
"2539.TW","櫻花建設股份有限公司","TWSE","14","lab.Unmapped","2026-09-13T09:17:24Z","tw_boards|twse:twse_openapi|tpex:twse_isin_strMode4|esb:twse_isin_strMode5"
"2540.TW","愛山林建設開發股份有限公司","TWSE","14","lab.Unmapped","2026-09-13T09:17:24Z","tw_boards|twse:twse_openapi|tpex:twse_isin_strMode4|esb:twse_isin_strMode5"
"2542.TW","興富發建設股份有限公司","TWSE","14","lab.Unmapped","2026-09-13T09:17:24Z","tw_boards|twse:twse_openapi|tpex:twse_isin_strMode4|esb:twse_isin_strMode5"
"2543.TW","皇昌營造股份有限公司","TWSE","14","lab.Unmapped","2026-09-13T09:17:24Z","tw_boards|twse:twse_openapi|tpex:twse_isin_strMode4|esb:twse_isin_strMode5"
"2545.TW","皇翔建設股份有限公司","TWSE","14","lab.Unmapped","2026-09-13T09:17:24Z","tw_boards|twse:twse_openapi|tpex:twse_isin_strMode4|esb:twse_isin_strMode5"
"2546.TW","根基營造股份有限公司","TWSE","14","lab.Unmapped","2026-09-13T09:17:24Z","tw_boards|twse:twse_openapi|tpex:twse_isin_strMode4|esb:twse_isin_strMode5"
"2547.TW","日勝生活科技股份有限公司","TWSE","14","lab.Unmapped","2026-09-13T09:17:24Z","tw_boards|twse:twse_openapi|tpex:twse_isin_strMode4|esb:twse_isin_strMode5"
"2548.TW","華固建設股份有限公司","TWSE","14","lab.Unmapped","2026-09-13T09:17:24Z","tw_boards|twse:twse_openapi|tpex:twse_isin_strMode4|esb:twse_isin_strMode5"
"2597.TW","潤弘精密工程事業股份有限公司","TWSE","14","lab.Unmapped","2026-09-13T09:17:24Z","tw_boards|twse:twse_openapi|tpex:twse_isin_strMode4|esb:twse_isin_strMode5"
"2601.TW","益航股份有限公司","TWSE","15","lab.Unmapped","2026-09-13T09:17:24Z","tw_boards|twse:twse_openapi|tpex:twse_isin_strMode4|esb:twse_isin_strMode5"
"2603.TW","長榮海運股份有限公司","TWSE","15","lab.Unmapped","2026-09-13T09:17:24Z","tw_boards|twse:twse_openapi|tpex:twse_isin_strMode4|esb:twse_isin_strMode5"
"2605.TW","新興航運股份有限公司","TWSE","15","lab.Unmapped","2026-09-13T09:17:24Z","tw_boards|twse:twse_openapi|tpex:twse_isin_strMode4|esb:twse_isin_strMode5"
"2606.TW","裕民航運股份有限公司","TWSE","15","lab.Unmapped","2026-09-13T09:17:24Z","tw_boards|twse:twse_openapi|tpex:twse_isin_strMode4|esb:twse_isin_strMode5"
"2607.TW","長榮國際儲運股份有限公司","TWSE","15","lab.Unmapped","2026-09-13T09:17:24Z","tw_boards|twse:twse_openapi|tpex:twse_isin_strMode4|esb:twse_isin_strMode5"
"2608.TW","嘉里大榮物流股份有限公司","TWSE","15","lab.Unmapped","2026-09-13T09:17:24Z","tw_boards|twse:twse_openapi|tpex:twse_isin_strMode4|esb:twse_isin_strMode5"
"2609.TW","陽明海運股份有限公司","TWSE","15","lab.Unmapped","2026-09-13T09:17:24Z","tw_boards|twse:twse_openapi|tpex:twse_isin_strMode4|esb:twse_isin_strMode5"
"2610.TW","中華航空股份有限公司","TWSE","15","lab.Unmapped","2026-09-13T09:17:24Z","tw_boards|twse:twse_openapi|tpex:twse_isin_strMode4|esb:twse_isin_strMode5"
"2611.TW","志信國際股份有限公司","TWSE","15","lab.Unmapped","2026-09-13T09:17:24Z","tw_boards|twse:twse_openapi|tpex:twse_isin_strMode4|esb:twse_isin_strMode5"
"2612.TW","中國航運股份有限公司","TWSE","15","lab.Unmapped","2026-09-13T09:17:24Z","tw_boards|twse:twse_openapi|tpex:twse_isin_strMode4|esb:twse_isin_strMode5"
"2613.TW","中國貨櫃運輸股份有限公司","TWSE","15","lab.Unmapped","2026-09-13T09:17:24Z","tw_boards|twse:twse_openapi|tpex:twse_isin_strMode4|esb:twse_isin_strMode5"
"2614.TW","東森國際股份有限公司","TWSE","20","lab.Unmapped","2026-09-13T09:17:24Z","tw_boards|twse:twse_openapi|tpex:twse_isin_strMode4|esb:twse_isin_strMode5"
"2615.TW","萬海航運股份有限公司","TWSE","15","lab.Unmapped","2026-09-13T09:17:24Z","tw_boards|twse:twse_openapi|tpex:twse_isin_strMode4|esb:twse_isin_strMode5"
"2616.TW","山隆通運股份有限公司","TWSE","23","lab.Unmapped","2026-09-13T09:17:24Z","tw_boards|twse:twse_openapi|tpex:twse_isin_strMode4|esb:twse_isin_strMode5"
"2617.TW","台灣航業股份有限公司","TWSE","15","lab.Unmapped","2026-09-13T09:17:24Z","tw_boards|twse:twse_openapi|tpex:twse_isin_strMode4|esb:twse_isin_strMode5"
"2618.TW","長榮航空股份有限公司","TWSE","15","lab.Unmapped","2026-09-13T09:17:24Z","tw_boards|twse:twse_openapi|tpex:twse_isin_strMode4|esb:twse_isin_strMode5"
"2630.TW","亞洲航空股份有限公司","TWSE","15","lab.Unmapped","2026-09-13T09:17:24Z","tw_boards|twse:twse_openapi|tpex:twse_isin_strMode4|esb:twse_isin_strMode5"
"2633.TW","台灣高速鐵路股份有限公司","TWSE","15","lab.Unmapped","2026-09-13T09:17:24Z","tw_boards|twse:twse_openapi|tpex:twse_isin_strMode4|esb:twse_isin_strMode5"
"2634.TW","漢翔航空工業股份有限公司","TWSE","15","lab.Unmapped","2026-09-13T09:17:24Z","tw_boards|twse:twse_openapi|tpex:twse_isin_strMode4|esb:twse_isin_strMode5"
"2636.TW","台驊國際控股股份有限公司","TWSE","15","lab.Unmapped","2026-09-13T09:17:24Z","tw_boards|twse:twse_openapi|tpex:twse_isin_strMode4|esb:twse_isin_strMode5"
"2637.TW","慧洋海運股份有限公司","TWSE","15","lab.Unmapped","2026-09-13T09:17:24Z","tw_boards|twse:twse_openapi|tpex:twse_isin_strMode4|esb:twse_isin_strMode5"
"2642.TW","台灣宅配通股份有限公司","TWSE","15","lab.Unmapped","2026-09-13T09:17:24Z","tw_boards|twse:twse_openapi|tpex:twse_isin_strMode4|esb:twse_isin_strMode5"
"2645.TW","長榮航太科技股份有限公司","TWSE","15","lab.Unmapped","2026-09-13T09:17:24Z","tw_boards|twse:twse_openapi|tpex:twse_isin_strMode4|esb:twse_isin_strMode5"
"2646.TW","星宇航空股份有限公司","TWSE","15","lab.Unmapped","2026-09-13T09:17:24Z","tw_boards|twse:twse_openapi|tpex:twse_isin_strMode4|esb:twse_isin_strMode5"
"2701.TW","萬華企業股份有限公司","TWSE","16","lab.Unmapped","2026-09-13T09:17:24Z","tw_boards|twse:twse_openapi|tpex:twse_isin_strMode4|esb:twse_isin_strMode5"
"2702.TW","華園飯店股份有限公司","TWSE","16","lab.Unmapped","2026-09-13T09:17:24Z","tw_boards|twse:twse_openapi|tpex:twse_isin_strMode4|esb:twse_isin_strMode5"
"2704.TW","國賓大飯店股份有限公司","TWSE","16","lab.Unmapped","2026-09-13T09:17:24Z","tw_boards|twse:twse_openapi|tpex:twse_isin_strMode4|esb:twse_isin_strMode5"
"2705.TW","六福開發股份有限公司","TWSE","16","lab.Unmapped","2026-09-13T09:17:24Z","tw_boards|twse:twse_openapi|tpex:twse_isin_strMode4|esb:twse_isin_strMode5"
"2706.TW","第一華僑大飯店股份有限公司","TWSE","16","lab.Unmapped","2026-09-13T09:17:24Z","tw_boards|twse:twse_openapi|tpex:twse_isin_strMode4|esb:twse_isin_strMode5"
"2707.TW","晶華國際酒店股份有限公司","TWSE","16","lab.Unmapped","2026-09-13T09:17:24Z","tw_boards|twse:twse_openapi|tpex:twse_isin_strMode4|esb:twse_isin_strMode5"
"2712.TW","遠雄悅來大飯店股份有限公司","TWSE","16","lab.Unmapped","2026-09-13T09:17:24Z","tw_boards|twse:twse_openapi|tpex:twse_isin_strMode4|esb:twse_isin_strMode5"
"2722.TW","夏都國際開發股份有限公司","TWSE","16","lab.Unmapped","2026-09-13T09:17:24Z","tw_boards|twse:twse_openapi|tpex:twse_isin_strMode4|esb:twse_isin_strMode5"
"2723.TW","開曼美食達人股份有限公司","TWSE","16","lab.Unmapped","2026-09-13T09:17:24Z","tw_boards|twse:twse_openapi|tpex:twse_isin_strMode4|esb:twse_isin_strMode5"
"2727.TW","王品餐飲股份有限公司","TWSE","16","lab.Unmapped","2026-09-13T09:17:24Z","tw_boards|twse:twse_openapi|tpex:twse_isin_strMode4|esb:twse_isin_strMode5"
"2731.TW","雄獅旅行社股份有限公司","TWSE","16","lab.Unmapped","2026-09-13T09:17:24Z","tw_boards|twse:twse_openapi|tpex:twse_isin_strMode4|esb:twse_isin_strMode5"
"2739.TW","寒舍餐旅管理顧問股份有限公司","TWSE","16","lab.Unmapped","2026-09-13T09:17:24Z","tw_boards|twse:twse_openapi|tpex:twse_isin_strMode4|esb:twse_isin_strMode5"
"2748.TW","雲品國際酒店股份有限公司","TWSE","16","lab.Unmapped","2026-09-13T09:17:24Z","tw_boards|twse:twse_openapi|tpex:twse_isin_strMode4|esb:twse_isin_strMode5"
"2753.TW","八方雲集國際股份有限公司","TWSE","16","lab.Unmapped","2026-09-13T09:17:24Z","tw_boards|twse:twse_openapi|tpex:twse_isin_strMode4|esb:twse_isin_strMode5"
"2762.TW","世界健身股份有限公司","TWSE","37","lab.Unmapped","2026-09-13T09:17:24Z","tw_boards|twse:twse_openapi|tpex:twse_isin_strMode4|esb:twse_isin_strMode5"
"2801.TW","彰化商業銀行股份有限公司","TWSE","17","lab.Unmapped","2026-09-13T09:17:24Z","tw_boards|twse:twse_openapi|tpex:twse_isin_strMode4|esb:twse_isin_strMode5"
"2812.TW","台中商業銀行股份有限公司","TWSE","17","lab.Unmapped","2026-09-13T09:17:24Z","tw_boards|twse:twse_openapi|tpex:twse_isin_strMode4|esb:twse_isin_strMode5"
"2816.TW","旺旺友聯產物保險股份有限公司","TWSE","17","lab.Unmapped","2026-09-13T09:17:24Z","tw_boards|twse:twse_openapi|tpex:twse_isin_strMode4|esb:twse_isin_strMode5"
"2820.TW","中華票券金融股份有限公司","TWSE","17","lab.Unmapped","2026-09-13T09:17:24Z","tw_boards|twse:twse_openapi|tpex:twse_isin_strMode4|esb:twse_isin_strMode5"
"2832.TW","台灣產物保險股份有限公司","TWSE","17","lab.Unmapped","2026-09-13T09:17:24Z","tw_boards|twse:twse_openapi|tpex:twse_isin_strMode4|esb:twse_isin_strMode5"
"2834.TW","臺灣中小企業銀行股份有限公司","TWSE","17","lab.Unmapped","2026-09-13T09:17:24Z","tw_boards|twse:twse_openapi|tpex:twse_isin_strMode4|esb:twse_isin_strMode5"
"2836.TW","高雄銀行股份有限公司","TWSE","17","lab.Unmapped","2026-09-13T09:17:24Z","tw_boards|twse:twse_openapi|tpex:twse_isin_strMode4|esb:twse_isin_strMode5"
"2838.TW","聯邦商業銀行股份有限公司","TWSE","17","lab.Unmapped","2026-09-13T09:17:24Z","tw_boards|twse:twse_openapi|tpex:twse_isin_strMode4|esb:twse_isin_strMode5"
"2845.TW","遠東國際商業銀行股份有限公司","TWSE","17","lab.Unmapped","2026-09-13T09:17:24Z","tw_boards|twse:twse_openapi|tpex:twse_isin_strMode4|esb:twse_isin_strMode5"
"2849.TW","安泰商業銀行股份有限公司","TWSE","17","lab.Unmapped","2026-09-13T09:17:24Z","tw_boards|twse:twse_openapi|tpex:twse_isin_strMode4|esb:twse_isin_strMode5"
"2850.TW","新光產物保險股份有限公司","TWSE","17","lab.Unmapped","2026-09-13T09:17:24Z","tw_boards|twse:twse_openapi|tpex:twse_isin_strMode4|esb:twse_isin_strMode5"
"2851.TW","中央再保險股份有限公司","TWSE","17","lab.Unmapped","2026-09-13T09:17:24Z","tw_boards|twse:twse_openapi|tpex:twse_isin_strMode4|esb:twse_isin_strMode5"
"2852.TW","第一產物保險股份有限公司","TWSE","17","lab.Unmapped","2026-09-13T09:17:24Z","tw_boards|twse:twse_openapi|tpex:twse_isin_strMode4|esb:twse_isin_strMode5"
"2855.TW","統一綜合證券股份有限公司","TWSE","17","lab.Unmapped","2026-09-13T09:17:24Z","tw_boards|twse:twse_openapi|tpex:twse_isin_strMode4|esb:twse_isin_strMode5"
"2880.TW","華南金融控股股份有限公司","TWSE","17","lab.Unmapped","2026-09-13T09:17:24Z","tw_boards|twse:twse_openapi|tpex:twse_isin_strMode4|esb:twse_isin_strMode5"
"2881.TW","富邦金融控股股份有限公司","TWSE","17","lab.Unmapped","2026-09-13T09:17:24Z","tw_boards|twse:twse_openapi|tpex:twse_isin_strMode4|esb:twse_isin_strMode5"
"2882.TW","國泰金融控股股份有限公司","TWSE","17","lab.Unmapped","2026-09-13T09:17:24Z","tw_boards|twse:twse_openapi|tpex:twse_isin_strMode4|esb:twse_isin_strMode5"
"2884.TW","玉山金融控股股份有限公司","TWSE","17","lab.Unmapped","2026-09-13T09:17:24Z","tw_boards|twse:twse_openapi|tpex:twse_isin_strMode4|esb:twse_isin_strMode5"
"2885.TW","元大金融控股股份有限公司","TWSE","17","lab.Unmapped","2026-09-13T09:17:24Z","tw_boards|twse:twse_openapi|tpex:twse_isin_strMode4|esb:twse_isin_strMode5"
"2886.TW","兆豐金融控股股份有限公司","TWSE","17","lab.Unmapped","2026-09-13T09:17:24Z","tw_boards|twse:twse_openapi|tpex:twse_isin_strMode4|esb:twse_isin_strMode5"
"2887.TW","台新新光金融控股股份有限公司","TWSE","17","lab.Unmapped","2026-09-13T09:17:24Z","tw_boards|twse:twse_openapi|tpex:twse_isin_strMode4|esb:twse_isin_strMode5"
"2889.TW","國票金融控股股份有限公司","TWSE","17","lab.Unmapped","2026-09-13T09:17:24Z","tw_boards|twse:twse_openapi|tpex:twse_isin_strMode4|esb:twse_isin_strMode5"
"2890.TW","永豐金融控股股份有限公司","TWSE","17","lab.Unmapped","2026-09-13T09:17:24Z","tw_boards|twse:twse_openapi|tpex:twse_isin_strMode4|esb:twse_isin_strMode5"
"2891.TW","中國信託金融控股股份有限公司","TWSE","17","lab.Unmapped","2026-09-13T09:17:24Z","tw_boards|twse:twse_openapi|tpex:twse_isin_strMode4|esb:twse_isin_strMode5"
"2892.TW","第一金融控股股份有限公司","TWSE","17","lab.Unmapped","2026-09-13T09:17:24Z","tw_boards|twse:twse_openapi|tpex:twse_isin_strMode4|esb:twse_isin_strMode5"
"2897.TW","王道商業銀行股份有限公司","TWSE","17","lab.Unmapped","2026-09-13T09:17:24Z","tw_boards|twse:twse_openapi|tpex:twse_isin_strMode4|esb:twse_isin_strMode5"
"2901.TW","欣欣大眾市場股份有限公司","TWSE","18","lab.Unmapped","2026-09-13T09:17:24Z","tw_boards|twse:twse_openapi|tpex:twse_isin_strMode4|esb:twse_isin_strMode5"
"2903.TW","遠東百貨股份有限公司","TWSE","18","lab.Unmapped","2026-09-13T09:17:24Z","tw_boards|twse:twse_openapi|tpex:twse_isin_strMode4|esb:twse_isin_strMode5"
"2904.TW","匯僑股份有限公司","TWSE","20","lab.Unmapped","2026-09-13T09:17:24Z","tw_boards|twse:twse_openapi|tpex:twse_isin_strMode4|esb:twse_isin_strMode5"
"2905.TW","三商投資控股股份有限公司","TWSE","18","lab.Unmapped","2026-09-13T09:17:24Z","tw_boards|twse:twse_openapi|tpex:twse_isin_strMode4|esb:twse_isin_strMode5"
"2906.TW","高林實業股份有限公司","TWSE","18","lab.Unmapped","2026-09-13T09:17:24Z","tw_boards|twse:twse_openapi|tpex:twse_isin_strMode4|esb:twse_isin_strMode5"
"2908.TW","特力股份有限公司","TWSE","18","lab.Unmapped","2026-09-13T09:17:24Z","tw_boards|twse:twse_openapi|tpex:twse_isin_strMode4|esb:twse_isin_strMode5"
"2910.TW","統領百貨股份有限公司","TWSE","18","lab.Unmapped","2026-09-13T09:17:24Z","tw_boards|twse:twse_openapi|tpex:twse_isin_strMode4|esb:twse_isin_strMode5"
"2911.TW","麗嬰房股份有限公司","TWSE","18","lab.Unmapped","2026-09-13T09:17:24Z","tw_boards|twse:twse_openapi|tpex:twse_isin_strMode4|esb:twse_isin_strMode5"
"2912.TW","統一超商股份有限公司","TWSE","18","lab.Unmapped","2026-09-13T09:17:24Z","tw_boards|twse:twse_openapi|tpex:twse_isin_strMode4|esb:twse_isin_strMode5"
"2913.TW","台灣農林股份有限公司","TWSE","18","lab.Unmapped","2026-09-13T09:17:24Z","tw_boards|twse:twse_openapi|tpex:twse_isin_strMode4|esb:twse_isin_strMode5"
"2915.TW","潤泰全球股份有限公司","TWSE","18","lab.Unmapped","2026-09-13T09:17:24Z","tw_boards|twse:twse_openapi|tpex:twse_isin_strMode4|esb:twse_isin_strMode5"
"2923.TW","鼎固控股有限公司","TWSE","14","lab.Unmapped","2026-09-13T09:17:24Z","tw_boards|twse:twse_openapi|tpex:twse_isin_strMode4|esb:twse_isin_strMode5"
"2929.TW","淘帝國際控股有限公司","TWSE","18","lab.Unmapped","2026-09-13T09:17:24Z","tw_boards|twse:twse_openapi|tpex:twse_isin_strMode4|esb:twse_isin_strMode5"
"2939.TW","永邑國際集團股份有限公司","TWSE","18","lab.Unmapped","2026-09-13T09:17:24Z","tw_boards|twse:twse_openapi|tpex:twse_isin_strMode4|esb:twse_isin_strMode5"
"2945.TW","三商家購股份有限公司","TWSE","18","lab.Unmapped","2026-09-13T09:17:24Z","tw_boards|twse:twse_openapi|tpex:twse_isin_strMode4|esb:twse_isin_strMode5"
"3002.TW","歐格電子股份有限公司","TWSE","25","lab.Unmapped","2026-09-13T09:17:24Z","tw_boards|twse:twse_openapi|tpex:twse_isin_strMode4|esb:twse_isin_strMode5"
"3003.TW","健和興端子股份有限公司","TWSE","28","lab.Unmapped","2026-09-13T09:17:24Z","tw_boards|twse:twse_openapi|tpex:twse_isin_strMode4|esb:twse_isin_strMode5"
"3004.TW","豐達科技股份有限公司","TWSE","10","lab.Unmapped","2026-09-13T09:17:24Z","tw_boards|twse:twse_openapi|tpex:twse_isin_strMode4|esb:twse_isin_strMode5"
"3005.TW","神基控股股份有限公司","TWSE","25","lab.Unmapped","2026-09-13T09:17:24Z","tw_boards|twse:twse_openapi|tpex:twse_isin_strMode4|esb:twse_isin_strMode5"
"3006.TW","晶豪科技股份有限公司","TWSE","24","lab.Unmapped","2026-09-13T09:17:24Z","tw_boards|twse:twse_openapi|tpex:twse_isin_strMode4|esb:twse_isin_strMode5"
"3008.TW","大立光電股份有限公司","TWSE","26","lab.Unmapped","2026-09-13T09:17:24Z","tw_boards|twse:twse_openapi|tpex:twse_isin_strMode4|esb:twse_isin_strMode5"
"3010.TW","華立企業股份有限公司","TWSE","29","lab.Unmapped","2026-09-13T09:17:24Z","tw_boards|twse:twse_openapi|tpex:twse_isin_strMode4|esb:twse_isin_strMode5"
"3011.TW","今皓實業股份有限公司","TWSE","28","lab.Unmapped","2026-09-13T09:17:24Z","tw_boards|twse:twse_openapi|tpex:twse_isin_strMode4|esb:twse_isin_strMode5"
"3013.TW","晟銘電子科技股份有限公司","TWSE","25","lab.Unmapped","2026-09-13T09:17:24Z","tw_boards|twse:twse_openapi|tpex:twse_isin_strMode4|esb:twse_isin_strMode5"
"3014.TW","聯陽半導體股份有限公司","TWSE","24","lab.Unmapped","2026-09-13T09:17:24Z","tw_boards|twse:twse_openapi|tpex:twse_isin_strMode4|esb:twse_isin_strMode5"
"3015.TW","全漢企業股份有限公司","TWSE","28","lab.Unmapped","2026-09-13T09:17:24Z","tw_boards|twse:twse_openapi|tpex:twse_isin_strMode4|esb:twse_isin_strMode5"
"3016.TW","嘉晶電子股份有限公司","TWSE","24","lab.Unmapped","2026-09-13T09:17:24Z","tw_boards|twse:twse_openapi|tpex:twse_isin_strMode4|esb:twse_isin_strMode5"
"3017.TW","奇鋐科技股份有限公司","TWSE","25","lab.Unmapped","2026-09-13T09:17:24Z","tw_boards|twse:twse_openapi|tpex:twse_isin_strMode4|esb:twse_isin_strMode5"
"3018.TW","隆銘綠能科技工程股份有限公司","TWSE","31","lab.Unmapped","2026-09-13T09:17:24Z","tw_boards|twse:twse_openapi|tpex:twse_isin_strMode4|esb:twse_isin_strMode5"
"3019.TW","亞洲光學股份有限公司","TWSE","26","lab.Unmapped","2026-09-13T09:17:24Z","tw_boards|twse:twse_openapi|tpex:twse_isin_strMode4|esb:twse_isin_strMode5"
"3021.TW","鴻名企業股份有限公司","TWSE","28","lab.Unmapped","2026-09-13T09:17:24Z","tw_boards|twse:twse_openapi|tpex:twse_isin_strMode4|esb:twse_isin_strMode5"
"3022.TW","威強電工業電腦股份有限公司","TWSE","25","lab.Unmapped","2026-09-13T09:17:24Z","tw_boards|twse:twse_openapi|tpex:twse_isin_strMode4|esb:twse_isin_strMode5"
"3023.TW","信邦電子股份有限公司","TWSE","28","lab.Unmapped","2026-09-13T09:17:24Z","tw_boards|twse:twse_openapi|tpex:twse_isin_strMode4|esb:twse_isin_strMode5"
"3024.TW","憶聲電子股份有限公司","TWSE","26","lab.Unmapped","2026-09-13T09:17:24Z","tw_boards|twse:twse_openapi|tpex:twse_isin_strMode4|esb:twse_isin_strMode5"
"3025.TW","星通資訊股份有限公司","TWSE","27","lab.Unmapped","2026-09-13T09:17:24Z","tw_boards|twse:twse_openapi|tpex:twse_isin_strMode4|esb:twse_isin_strMode5"
"3026.TW","禾伸堂企業股份有限公司","TWSE","28","lab.Unmapped","2026-09-13T09:17:24Z","tw_boards|twse:twse_openapi|tpex:twse_isin_strMode4|esb:twse_isin_strMode5"
"3027.TW","盛達電業股份有限公司","TWSE","27","lab.Unmapped","2026-09-13T09:17:24Z","tw_boards|twse:twse_openapi|tpex:twse_isin_strMode4|esb:twse_isin_strMode5"
"3028.TW","增你強股份有限公司","TWSE","29","lab.Unmapped","2026-09-13T09:17:24Z","tw_boards|twse:twse_openapi|tpex:twse_isin_strMode4|esb:twse_isin_strMode5"
"3029.TW","零壹科技股份有限公司","TWSE","30","lab.Unmapped","2026-09-13T09:17:24Z","tw_boards|twse:twse_openapi|tpex:twse_isin_strMode4|esb:twse_isin_strMode5"
"3030.TW","德律科技股份有限公司","TWSE","31","lab.Unmapped","2026-09-13T09:17:24Z","tw_boards|twse:twse_openapi|tpex:twse_isin_strMode4|esb:twse_isin_strMode5"
"3031.TW","佰鴻工業股份有限公司","TWSE","26","lab.Unmapped","2026-09-13T09:17:24Z","tw_boards|twse:twse_openapi|tpex:twse_isin_strMode4|esb:twse_isin_strMode5"
"3032.TW","偉訓科技股份有限公司","TWSE","28","lab.Unmapped","2026-09-13T09:17:24Z","tw_boards|twse:twse_openapi|tpex:twse_isin_strMode4|esb:twse_isin_strMode5"
"3033.TW","威健實業股份有限公司","TWSE","29","lab.Unmapped","2026-09-13T09:17:24Z","tw_boards|twse:twse_openapi|tpex:twse_isin_strMode4|esb:twse_isin_strMode5"
"3034.TW","聯詠科技股份有限公司","TWSE","24","lab.Unmapped","2026-09-13T09:17:24Z","tw_boards|twse:twse_openapi|tpex:twse_isin_strMode4|esb:twse_isin_strMode5"
"3035.TW","智原科技股份有限公司","TWSE","24","lab.Unmapped","2026-09-13T09:17:24Z","tw_boards|twse:twse_openapi|tpex:twse_isin_strMode4|esb:twse_isin_strMode5"
"3036.TW","文曄科技股份有限公司","TWSE","29","lab.Unmapped","2026-09-13T09:17:24Z","tw_boards|twse:twse_openapi|tpex:twse_isin_strMode4|esb:twse_isin_strMode5"
"3037.TW","欣興電子股份有限公司","TWSE","28","lab.Unmapped","2026-09-13T09:17:24Z","tw_boards|twse:twse_openapi|tpex:twse_isin_strMode4|esb:twse_isin_strMode5"
"3038.TW","全台晶像股份有限公司","TWSE","26","lab.Unmapped","2026-09-13T09:17:24Z","tw_boards|twse:twse_openapi|tpex:twse_isin_strMode4|esb:twse_isin_strMode5"
"3040.TW","遠見科技股份有限公司","TWSE","20","lab.Unmapped","2026-09-13T09:17:24Z","tw_boards|twse:twse_openapi|tpex:twse_isin_strMode4|esb:twse_isin_strMode5"
"3041.TW","揚智科技股份有限公司","TWSE","24","lab.Unmapped","2026-09-13T09:17:24Z","tw_boards|twse:twse_openapi|tpex:twse_isin_strMode4|esb:twse_isin_strMode5"
"3042.TW","台灣晶技股份有限公司","TWSE","28","lab.Unmapped","2026-09-13T09:17:24Z","tw_boards|twse:twse_openapi|tpex:twse_isin_strMode4|esb:twse_isin_strMode5"
"3043.TW","科風股份有限公司","TWSE","31","lab.Unmapped","2026-09-13T09:17:24Z","tw_boards|twse:twse_openapi|tpex:twse_isin_strMode4|esb:twse_isin_strMode5"
"3044.TW","健鼎科技股份有限公司","TWSE","28","lab.Unmapped","2026-09-13T09:17:24Z","tw_boards|twse:twse_openapi|tpex:twse_isin_strMode4|esb:twse_isin_strMode5"
"3045.TW","台灣大哥大股份有限公司","TWSE","27","lab.Unmapped","2026-09-13T09:17:24Z","tw_boards|twse:twse_openapi|tpex:twse_isin_strMode4|esb:twse_isin_strMode5"
"3046.TW","建碁股份有限公司","TWSE","25","lab.Unmapped","2026-09-13T09:17:24Z","tw_boards|twse:twse_openapi|tpex:twse_isin_strMode4|esb:twse_isin_strMode5"
"3047.TW","訊舟科技股份有限公司","TWSE","27","lab.Unmapped","2026-09-13T09:17:24Z","tw_boards|twse:twse_openapi|tpex:twse_isin_strMode4|esb:twse_isin_strMode5"
"3048.TW","益登科技股份有限公司","TWSE","29","lab.Unmapped","2026-09-13T09:17:24Z","tw_boards|twse:twse_openapi|tpex:twse_isin_strMode4|esb:twse_isin_strMode5"
"3049.TW","精金科技股份有限公司","TWSE","26","lab.Unmapped","2026-09-13T09:17:24Z","tw_boards|twse:twse_openapi|tpex:twse_isin_strMode4|esb:twse_isin_strMode5"
"3050.TW","鈺德科技股份有限公司","TWSE","26","lab.Unmapped","2026-09-13T09:17:24Z","tw_boards|twse:twse_openapi|tpex:twse_isin_strMode4|esb:twse_isin_strMode5"
"3051.TW","力特光電科技股份有限公司","TWSE","26","lab.Unmapped","2026-09-13T09:17:24Z","tw_boards|twse:twse_openapi|tpex:twse_isin_strMode4|esb:twse_isin_strMode5"
"3052.TW","夆典科技開發股份有限公司","TWSE","14","lab.Unmapped","2026-09-13T09:17:24Z","tw_boards|twse:twse_openapi|tpex:twse_isin_strMode4|esb:twse_isin_strMode5"
"3054.TW","立萬利創新股份有限公司","TWSE","29","lab.Unmapped","2026-09-13T09:17:24Z","tw_boards|twse:twse_openapi|tpex:twse_isin_strMode4|esb:twse_isin_strMode5"
"3055.TW","蔚華科技股份有限公司","TWSE","29","lab.Unmapped","2026-09-13T09:17:24Z","tw_boards|twse:twse_openapi|tpex:twse_isin_strMode4|esb:twse_isin_strMode5"
"3056.TW","富華創新股份有限公司","TWSE","14","lab.Unmapped","2026-09-13T09:17:24Z","tw_boards|twse:twse_openapi|tpex:twse_isin_strMode4|esb:twse_isin_strMode5"
"3057.TW","喬鼎資訊股份有限公司","TWSE","25","lab.Unmapped","2026-09-13T09:17:24Z","tw_boards|twse:twse_openapi|tpex:twse_isin_strMode4|esb:twse_isin_strMode5"
"3058.TW","立德電子股份有限公司","TWSE","28","lab.Unmapped","2026-09-13T09:17:24Z","tw_boards|twse:twse_openapi|tpex:twse_isin_strMode4|esb:twse_isin_strMode5"
"3059.TW","華晶科技股份有限公司","TWSE","26","lab.Unmapped","2026-09-13T09:17:24Z","tw_boards|twse:twse_openapi|tpex:twse_isin_strMode4|esb:twse_isin_strMode5"
"3060.TW","銘異科技股份有限公司","TWSE","25","lab.Unmapped","2026-09-13T09:17:24Z","tw_boards|twse:twse_openapi|tpex:twse_isin_strMode4|esb:twse_isin_strMode5"
"3062.TW","建漢科技股份有限公司","TWSE","27","lab.Unmapped","2026-09-13T09:17:24Z","tw_boards|twse:twse_openapi|tpex:twse_isin_strMode4|esb:twse_isin_strMode5"
"3090.TW","日電貿股份有限公司","TWSE","28","lab.Unmapped","2026-09-13T09:17:24Z","tw_boards|twse:twse_openapi|tpex:twse_isin_strMode4|esb:twse_isin_strMode5"
"3092.TW","鴻碩精密電工股份有限公司","TWSE","28","lab.Unmapped","2026-09-13T09:17:24Z","tw_boards|twse:twse_openapi|tpex:twse_isin_strMode4|esb:twse_isin_strMode5"
"3094.TW","聯傑國際股份有限公司","TWSE","24","lab.Unmapped","2026-09-13T09:17:24Z","tw_boards|twse:twse_openapi|tpex:twse_isin_strMode4|esb:twse_isin_strMode5"
"3130.TW","一零四資訊科技股份有限公司","TWSE","36","lab.Unmapped","2026-09-13T09:17:24Z","tw_boards|twse:twse_openapi|tpex:twse_isin_strMode4|esb:twse_isin_strMode5"
"3135.TW","凌航科技股份有限公司","TWSE","24","lab.Unmapped","2026-09-13T09:17:24Z","tw_boards|twse:twse_openapi|tpex:twse_isin_strMode4|esb:twse_isin_strMode5"
"3138.TW","耀登科技股份有限公司","TWSE","27","lab.Unmapped","2026-09-13T09:17:24Z","tw_boards|twse:twse_openapi|tpex:twse_isin_strMode4|esb:twse_isin_strMode5"
"3149.TW","正達國際光電股份有限公司","TWSE","26","lab.Unmapped","2026-09-13T09:17:24Z","tw_boards|twse:twse_openapi|tpex:twse_isin_strMode4|esb:twse_isin_strMode5"
"3150.TW","鈺寶科技股份有限公司","TWSE","24","lab.Unmapped","2026-09-13T09:17:24Z","tw_boards|twse:twse_openapi|tpex:twse_isin_strMode4|esb:twse_isin_strMode5"
"3164.TW","景岳生物科技股份有限公司","TWSE","22","lab.Unmapped","2026-09-13T09:17:24Z","tw_boards|twse:twse_openapi|tpex:twse_isin_strMode4|esb:twse_isin_strMode5"
"3167.TW","大量科技股份有限公司","TWSE","05","lab.Unmapped","2026-09-13T09:17:24Z","tw_boards|twse:twse_openapi|tpex:twse_isin_strMode4|esb:twse_isin_strMode5"
"3168.TW","眾福科技股份有限公司","TWSE","26","lab.Unmapped","2026-09-13T09:17:24Z","tw_boards|twse:twse_openapi|tpex:twse_isin_strMode4|esb:twse_isin_strMode5"
"3189.TW","景碩科技股份有限公司","TWSE","24","lab.Unmapped","2026-09-13T09:17:24Z","tw_boards|twse:twse_openapi|tpex:twse_isin_strMode4|esb:twse_isin_strMode5"
"3209.TW","全科科技股份有限公司","TWSE","29","lab.Unmapped","2026-09-13T09:17:24Z","tw_boards|twse:twse_openapi|tpex:twse_isin_strMode4|esb:twse_isin_strMode5"
"3229.TW","晟鈦股份有限公司","TWSE","28","lab.Unmapped","2026-09-13T09:17:24Z","tw_boards|twse:twse_openapi|tpex:twse_isin_strMode4|esb:twse_isin_strMode5"
"3231.TW","緯創資通股份有限公司","TWSE","25","lab.Unmapped","2026-09-13T09:17:24Z","tw_boards|twse:twse_openapi|tpex:twse_isin_strMode4|esb:twse_isin_strMode5"
"3257.TW","虹冠電子工業股份有限公司","TWSE","24","lab.Unmapped","2026-09-13T09:17:24Z","tw_boards|twse:twse_openapi|tpex:twse_isin_strMode4|esb:twse_isin_strMode5"
"3266.TW","昇陽建設企業股份有限公司","TWSE","14","lab.Unmapped","2026-09-13T09:17:24Z","tw_boards|twse:twse_openapi|tpex:twse_isin_strMode4|esb:twse_isin_strMode5"
"3296.TW","勝德國際研發股份有限公司","TWSE","28","lab.Unmapped","2026-09-13T09:17:24Z","tw_boards|twse:twse_openapi|tpex:twse_isin_strMode4|esb:twse_isin_strMode5"
"3305.TW","昇貿科技股份有限公司","TWSE","31","lab.Unmapped","2026-09-13T09:17:24Z","tw_boards|twse:twse_openapi|tpex:twse_isin_strMode4|esb:twse_isin_strMode5"
"3308.TW","聯德電子股份有限公司","TWSE","28","lab.Unmapped","2026-09-13T09:17:24Z","tw_boards|twse:twse_openapi|tpex:twse_isin_strMode4|esb:twse_isin_strMode5"
"3311.TW","閎暉實業股份有限公司","TWSE","27","lab.Unmapped","2026-09-13T09:17:24Z","tw_boards|twse:twse_openapi|tpex:twse_isin_strMode4|esb:twse_isin_strMode5"
"3312.TW","弘憶國際股份有限公司","TWSE","29","lab.Unmapped","2026-09-13T09:17:24Z","tw_boards|twse:twse_openapi|tpex:twse_isin_strMode4|esb:twse_isin_strMode5"
"3321.TW","同泰電子科技股份有限公司","TWSE","28","lab.Unmapped","2026-09-13T09:17:24Z","tw_boards|twse:twse_openapi|tpex:twse_isin_strMode4|esb:twse_isin_strMode5"
"3338.TW","泰碩電子股份有限公司","TWSE","28","lab.Unmapped","2026-09-13T09:17:24Z","tw_boards|twse:twse_openapi|tpex:twse_isin_strMode4|esb:twse_isin_strMode5"
"3346.TW","麗清科技股份有限公司","TWSE","12","lab.Unmapped","2026-09-13T09:17:24Z","tw_boards|twse:twse_openapi|tpex:twse_isin_strMode4|esb:twse_isin_strMode5"
"3356.TW","奇偶科技股份有限公司","TWSE","26","lab.Unmapped","2026-09-13T09:17:24Z","tw_boards|twse:twse_openapi|tpex:twse_isin_strMode4|esb:twse_isin_strMode5"
"3376.TW","新日興股份有限公司","TWSE","28","lab.Unmapped","2026-09-13T09:17:24Z","tw_boards|twse:twse_openapi|tpex:twse_isin_strMode4|esb:twse_isin_strMode5"
"3380.TW","明泰科技股份有限公司","TWSE","27","lab.Unmapped","2026-09-13T09:17:24Z","tw_boards|twse:twse_openapi|tpex:twse_isin_strMode4|esb:twse_isin_strMode5"
"3406.TW","玉晶光電股份有限公司","TWSE","26","lab.Unmapped","2026-09-13T09:17:24Z","tw_boards|twse:twse_openapi|tpex:twse_isin_strMode4|esb:twse_isin_strMode5"
"3413.TW","京鼎精密科技股份有限公司","TWSE","24","lab.Unmapped","2026-09-13T09:17:24Z","tw_boards|twse:twse_openapi|tpex:twse_isin_strMode4|esb:twse_isin_strMode5"
"3416.TW","融程電訊股份有限公司","TWSE","25","lab.Unmapped","2026-09-13T09:17:24Z","tw_boards|twse:twse_openapi|tpex:twse_isin_strMode4|esb:twse_isin_strMode5"
"3419.TW","譁裕實業股份有限公司","TWSE","27","lab.Unmapped","2026-09-13T09:17:24Z","tw_boards|twse:twse_openapi|tpex:twse_isin_strMode4|esb:twse_isin_strMode5"
"3432.TW","台端興業股份有限公司","TWSE","28","lab.Unmapped","2026-09-13T09:17:24Z","tw_boards|twse:twse_openapi|tpex:twse_isin_strMode4|esb:twse_isin_strMode5"
"3437.TW","榮創能源科技股份有限公司","TWSE","26","lab.Unmapped","2026-09-13T09:17:24Z","tw_boards|twse:twse_openapi|tpex:twse_isin_strMode4|esb:twse_isin_strMode5"
"3443.TW","創意電子股份有限公司","TWSE","24","lab.Unmapped","2026-09-13T09:17:24Z","tw_boards|twse:twse_openapi|tpex:twse_isin_strMode4|esb:twse_isin_strMode5"
"3447.TW","展達通訊股份有限公司","TWSE","27","lab.Unmapped","2026-09-13T09:17:24Z","tw_boards|twse:twse_openapi|tpex:twse_isin_strMode4|esb:twse_isin_strMode5"
"3450.TW","聯鈞光電股份有限公司","TWSE","24","lab.Unmapped","2026-09-13T09:17:24Z","tw_boards|twse:twse_openapi|tpex:twse_isin_strMode4|esb:twse_isin_strMode5"
"3481.TW","群創光電股份有限公司","TWSE","26","lab.Unmapped","2026-09-13T09:17:24Z","tw_boards|twse:twse_openapi|tpex:twse_isin_strMode4|esb:twse_isin_strMode5"
"3494.TW","誠研科技股份有限公司","TWSE","25","lab.Unmapped","2026-09-13T09:17:24Z","tw_boards|twse:twse_openapi|tpex:twse_isin_strMode4|esb:twse_isin_strMode5"
"3501.TW","維熹科技股份有限公司","TWSE","28","lab.Unmapped","2026-09-13T09:17:24Z","tw_boards|twse:twse_openapi|tpex:twse_isin_strMode4|esb:twse_isin_strMode5"
"3504.TW","揚明光學股份有限公司","TWSE","26","lab.Unmapped","2026-09-13T09:17:24Z","tw_boards|twse:twse_openapi|tpex:twse_isin_strMode4|esb:twse_isin_strMode5"
"3515.TW","華擎科技股份有限公司","TWSE","25","lab.Unmapped","2026-09-13T09:17:24Z","tw_boards|twse:twse_openapi|tpex:twse_isin_strMode4|esb:twse_isin_strMode5"
"3518.TW","柏騰科技股份有限公司","TWSE","31","lab.Unmapped","2026-09-13T09:17:24Z","tw_boards|twse:twse_openapi|tpex:twse_isin_strMode4|esb:twse_isin_strMode5"
"3528.TW","安馳科技股份有限公司","TWSE","29","lab.Unmapped","2026-09-13T09:17:24Z","tw_boards|twse:twse_openapi|tpex:twse_isin_strMode4|esb:twse_isin_strMode5"
"3530.TW","晶相光電股份有限公司","TWSE","24","lab.Unmapped","2026-09-13T09:17:24Z","tw_boards|twse:twse_openapi|tpex:twse_isin_strMode4|esb:twse_isin_strMode5"
"3532.TW","台塑勝高科技股份有限公司","TWSE","24","lab.Unmapped","2026-09-13T09:17:24Z","tw_boards|twse:twse_openapi|tpex:twse_isin_strMode4|esb:twse_isin_strMode5"
"3533.TW","嘉澤端子工業股份有限公司","TWSE","28","lab.Unmapped","2026-09-13T09:17:24Z","tw_boards|twse:twse_openapi|tpex:twse_isin_strMode4|esb:twse_isin_strMode5"
"3535.TW","晶彩科技股份有限公司","TWSE","26","lab.Unmapped","2026-09-13T09:17:24Z","tw_boards|twse:twse_openapi|tpex:twse_isin_strMode4|esb:twse_isin_strMode5"
"3543.TW","州巧科技股份有限公司","TWSE","26","lab.Unmapped","2026-09-13T09:17:24Z","tw_boards|twse:twse_openapi|tpex:twse_isin_strMode4|esb:twse_isin_strMode5"
"3545.TW","敦泰電子股份有限公司","TWSE","24","lab.Unmapped","2026-09-13T09:17:24Z","tw_boards|twse:twse_openapi|tpex:twse_isin_strMode4|esb:twse_isin_strMode5"
"3550.TW","聯穎科技股份有限公司","TWSE","28","lab.Unmapped","2026-09-13T09:17:24Z","tw_boards|twse:twse_openapi|tpex:twse_isin_strMode4|esb:twse_isin_strMode5"
"3557.TW","嘉威生活股份有限公司","TWSE","38","lab.Unmapped","2026-09-13T09:17:24Z","tw_boards|twse:twse_openapi|tpex:twse_isin_strMode4|esb:twse_isin_strMode5"
"3563.TW","牧德科技股份有限公司","TWSE","26","lab.Unmapped","2026-09-13T09:17:24Z","tw_boards|twse:twse_openapi|tpex:twse_isin_strMode4|esb:twse_isin_strMode5"
"3576.TW","聯合再生能源股份有限公司","TWSE","26","lab.Unmapped","2026-09-13T09:17:24Z","tw_boards|twse:twse_openapi|tpex:twse_isin_strMode4|esb:twse_isin_strMode5"
"3583.TW","辛耘企業股份有限公司","TWSE","24","lab.Unmapped","2026-09-13T09:17:24Z","tw_boards|twse:twse_openapi|tpex:twse_isin_strMode4|esb:twse_isin_strMode5"
"3588.TW","通嘉科技股份有限公司","TWSE","24","lab.Unmapped","2026-09-13T09:17:24Z","tw_boards|twse:twse_openapi|tpex:twse_isin_strMode4|esb:twse_isin_strMode5"
"3591.TW","艾笛森光電股份有限公司","TWSE","26","lab.Unmapped","2026-09-13T09:17:24Z","tw_boards|twse:twse_openapi|tpex:twse_isin_strMode4|esb:twse_isin_strMode5"
"3592.TW","瑞鼎科技股份有限公司","TWSE","24","lab.Unmapped","2026-09-13T09:17:24Z","tw_boards|twse:twse_openapi|tpex:twse_isin_strMode4|esb:twse_isin_strMode5"
"3593.TW","力銘科技股份有限公司","TWSE","28","lab.Unmapped","2026-09-13T09:17:24Z","tw_boards|twse:twse_openapi|tpex:twse_isin_strMode4|esb:twse_isin_strMode5"
"3596.TW","智易科技股份有限公司","TWSE","27","lab.Unmapped","2026-09-13T09:17:24Z","tw_boards|twse:twse_openapi|tpex:twse_isin_strMode4|esb:twse_isin_strMode5"
"3605.TW","宏致電子股份有限公司","TWSE","28","lab.Unmapped","2026-09-13T09:17:24Z","tw_boards|twse:twse_openapi|tpex:twse_isin_strMode4|esb:twse_isin_strMode5"
"3607.TW","谷崧精密工業股份有限公司","TWSE","28","lab.Unmapped","2026-09-13T09:17:24Z","tw_boards|twse:twse_openapi|tpex:twse_isin_strMode4|esb:twse_isin_strMode5"
"3617.TW","碩天科技股份有限公司","TWSE","31","lab.Unmapped","2026-09-13T09:17:24Z","tw_boards|twse:twse_openapi|tpex:twse_isin_strMode4|esb:twse_isin_strMode5"
"3622.TW","洋華光電股份有限公司","TWSE","26","lab.Unmapped","2026-09-13T09:17:24Z","tw_boards|twse:twse_openapi|tpex:twse_isin_strMode4|esb:twse_isin_strMode5"
"3645.TW","達邁科技股份有限公司","TWSE","28","lab.Unmapped","2026-09-13T09:17:24Z","tw_boards|twse:twse_openapi|tpex:twse_isin_strMode4|esb:twse_isin_strMode5"
"3652.TW","精聯電子股份有限公司","TWSE","25","lab.Unmapped","2026-09-13T09:17:24Z","tw_boards|twse:twse_openapi|tpex:twse_isin_strMode4|esb:twse_isin_strMode5"
"3653.TW","健策精密工業股份有限公司","TWSE","28","lab.Unmapped","2026-09-13T09:17:24Z","tw_boards|twse:twse_openapi|tpex:twse_isin_strMode4|esb:twse_isin_strMode5"
"3661.TW","世芯電子股份有限公司","TWSE","24","lab.Unmapped","2026-09-13T09:17:24Z","tw_boards|twse:twse_openapi|tpex:twse_isin_strMode4|esb:twse_isin_strMode5"
"3665.TW","貿聯控股(BizLink Holding Inc.)","TWSE","31","lab.Unmapped","2026-09-13T09:17:24Z","tw_boards|twse:twse_openapi|tpex:twse_isin_strMode4|esb:twse_isin_strMode5"
"3669.TW","圓展科技股份有限公司","TWSE","27","lab.Unmapped","2026-09-13T09:17:24Z","tw_boards|twse:twse_openapi|tpex:twse_isin_strMode4|esb:twse_isin_strMode5"
"3673.TW","TPK Holding Co., Ltd.","TWSE","26","lab.Unmapped","2026-09-13T09:17:24Z","tw_boards|twse:twse_openapi|tpex:twse_isin_strMode4|esb:twse_isin_strMode5"
"3679.TW","新至陞科技股份有限公司","TWSE","28","lab.Unmapped","2026-09-13T09:17:24Z","tw_boards|twse:twse_openapi|tpex:twse_isin_strMode4|esb:twse_isin_strMode5"
"3686.TW","達能科技股份有限公司","TWSE","24","lab.Unmapped","2026-09-13T09:17:24Z","tw_boards|twse:twse_openapi|tpex:twse_isin_strMode4|esb:twse_isin_strMode5"
"3694.TW","海華科技股份有限公司","TWSE","27","lab.Unmapped","2026-09-13T09:17:24Z","tw_boards|twse:twse_openapi|tpex:twse_isin_strMode4|esb:twse_isin_strMode5"
"3701.TW","大眾全球投資控股股份有限公司","TWSE","25","lab.Unmapped","2026-09-13T09:17:24Z","tw_boards|twse:twse_openapi|tpex:twse_isin_strMode4|esb:twse_isin_strMode5"
"3702.TW","大聯大控股股份有限公司","TWSE","29","lab.Unmapped","2026-09-13T09:17:24Z","tw_boards|twse:twse_openapi|tpex:twse_isin_strMode4|esb:twse_isin_strMode5"
"3703.TW","欣陸投資控股股份有限公司","TWSE","14","lab.Unmapped","2026-09-13T09:17:24Z","tw_boards|twse:twse_openapi|tpex:twse_isin_strMode4|esb:twse_isin_strMode5"
"3704.TW","合勤投資控股股份有限公司","TWSE","27","lab.Unmapped","2026-09-13T09:17:24Z","tw_boards|twse:twse_openapi|tpex:twse_isin_strMode4|esb:twse_isin_strMode5"
"3705.TW","永信國際投資控股股份有限公司","TWSE","22","lab.Unmapped","2026-09-13T09:17:24Z","tw_boards|twse:twse_openapi|tpex:twse_isin_strMode4|esb:twse_isin_strMode5"
"3706.TW","神達控股股份有限公司","TWSE","25","lab.Unmapped","2026-09-13T09:17:24Z","tw_boards|twse:twse_openapi|tpex:twse_isin_strMode4|esb:twse_isin_strMode5"
"3708.TW","上緯國際控股股份有限公司","TWSE","35","lab.Unmapped","2026-09-13T09:17:24Z","tw_boards|twse:twse_openapi|tpex:twse_isin_strMode4|esb:twse_isin_strMode5"
"3711.TW","日月光投資控股股份有限公司","TWSE","24","lab.Unmapped","2026-09-13T09:17:24Z","tw_boards|twse:twse_openapi|tpex:twse_isin_strMode4|esb:twse_isin_strMode5"
"3712.TW","永崴投資控股股份有限公司","TWSE","25","lab.Unmapped","2026-09-13T09:17:24Z","tw_boards|twse:twse_openapi|tpex:twse_isin_strMode4|esb:twse_isin_strMode5"
"3714.TW","富采控股股份有限公司","TWSE","26","lab.Unmapped","2026-09-13T09:17:24Z","tw_boards|twse:twse_openapi|tpex:twse_isin_strMode4|esb:twse_isin_strMode5"
"3715.TW","定穎投資控股股份有限公司","TWSE","28","lab.Unmapped","2026-09-13T09:17:24Z","tw_boards|twse:twse_openapi|tpex:twse_isin_strMode4|esb:twse_isin_strMode5"
"3716.TW","中化控股股份有限公司","TWSE","22","lab.Unmapped","2026-09-13T09:17:24Z","tw_boards|twse:twse_openapi|tpex:twse_isin_strMode4|esb:twse_isin_strMode5"
"3717.TW","聯嘉光電投資控股股份有限公司","TWSE","12","lab.Unmapped","2026-09-13T09:17:24Z","tw_boards|twse:twse_openapi|tpex:twse_isin_strMode4|esb:twse_isin_strMode5"
"4104.TW","佳醫健康事業股份有限公司","TWSE","22","lab.Unmapped","2026-09-13T09:17:24Z","tw_boards|twse:twse_openapi|tpex:twse_isin_strMode4|esb:twse_isin_strMode5"
"4106.TW","雃博股份有限公司","TWSE","22","lab.Unmapped","2026-09-13T09:17:24Z","tw_boards|twse:twse_openapi|tpex:twse_isin_strMode4|esb:twse_isin_strMode5"
"4108.TW","懷特生技新藥股份有限公司","TWSE","22","lab.Unmapped","2026-09-13T09:17:24Z","tw_boards|twse:twse_openapi|tpex:twse_isin_strMode4|esb:twse_isin_strMode5"
"4119.TW","旭富製藥科技股份有限公司","TWSE","22","lab.Unmapped","2026-09-13T09:17:24Z","tw_boards|twse:twse_openapi|tpex:twse_isin_strMode4|esb:twse_isin_strMode5"
"4133.TW","亞諾法生技股份有限公司","TWSE","22","lab.Unmapped","2026-09-13T09:17:24Z","tw_boards|twse:twse_openapi|tpex:twse_isin_strMode4|esb:twse_isin_strMode5"
"4137.TW","麗豐股份有限公司","TWSE","22","lab.Unmapped","2026-09-13T09:17:24Z","tw_boards|twse:twse_openapi|tpex:twse_isin_strMode4|esb:twse_isin_strMode5"
"4142.TW","國光生物科技股份有限公司","TWSE","22","lab.Unmapped","2026-09-13T09:17:24Z","tw_boards|twse:twse_openapi|tpex:twse_isin_strMode4|esb:twse_isin_strMode5"
"4148.TW","全宇生技控股有限公司","TWSE","22","lab.Unmapped","2026-09-13T09:17:24Z","tw_boards|twse:twse_openapi|tpex:twse_isin_strMode4|esb:twse_isin_strMode5"
"4155.TW","訊映光電股份有限公司","TWSE","22","lab.Unmapped","2026-09-13T09:17:24Z","tw_boards|twse:twse_openapi|tpex:twse_isin_strMode4|esb:twse_isin_strMode5"
"4164.TW","承業生醫投資控股股份有限公司","TWSE","22","lab.Unmapped","2026-09-13T09:17:24Z","tw_boards|twse:twse_openapi|tpex:twse_isin_strMode4|esb:twse_isin_strMode5"
"4169.TW","泰宗生物科技股份有限公司","TWSE","22","lab.Unmapped","2026-09-13T09:17:24Z","tw_boards|twse:twse_openapi|tpex:twse_isin_strMode4|esb:twse_isin_strMode5"
"4178.TW","永笙生技股份有限公司","TWSE","22","lab.Unmapped","2026-09-13T09:17:24Z","tw_boards|twse:twse_openapi|tpex:twse_isin_strMode4|esb:twse_isin_strMode5"
"4190.TW","佐登妮絲集團股份有限公司","TWSE","22","lab.Unmapped","2026-09-13T09:17:24Z","tw_boards|twse:twse_openapi|tpex:twse_isin_strMode4|esb:twse_isin_strMode5"
"4195.TW","基龍米克斯生物科技股份有限公司","TWSE","22","lab.Unmapped","2026-09-13T09:17:24Z","tw_boards|twse:twse_openapi|tpex:twse_isin_strMode4|esb:twse_isin_strMode5"
"4306.TW","炎洲股份有限公司","TWSE","03","lab.Unmapped","2026-09-13T09:17:24Z","tw_boards|twse:twse_openapi|tpex:twse_isin_strMode4|esb:twse_isin_strMode5"
"4414.TW","如興股份有限公司","TWSE","04","lab.Unmapped","2026-09-13T09:17:24Z","tw_boards|twse:twse_openapi|tpex:twse_isin_strMode4|esb:twse_isin_strMode5"
"4426.TW","利勤實業股份有限公司","TWSE","04","lab.Unmapped","2026-09-13T09:17:24Z","tw_boards|twse:twse_openapi|tpex:twse_isin_strMode4|esb:twse_isin_strMode5"
"4438.TW","廣越企業股份有限公司","TWSE","04","lab.Unmapped","2026-09-13T09:17:24Z","tw_boards|twse:twse_openapi|tpex:twse_isin_strMode4|esb:twse_isin_strMode5"
"4439.TW","冠星集團控股有限公司","TWSE","04","lab.Unmapped","2026-09-13T09:17:24Z","tw_boards|twse:twse_openapi|tpex:twse_isin_strMode4|esb:twse_isin_strMode5"
"4440.TW","宜新實業股份有限公司","TWSE","04","lab.Unmapped","2026-09-13T09:17:24Z","tw_boards|twse:twse_openapi|tpex:twse_isin_strMode4|esb:twse_isin_strMode5"
"4441.TW","振大環球股份有限公司","TWSE","04","lab.Unmapped","2026-09-13T09:17:24Z","tw_boards|twse:twse_openapi|tpex:twse_isin_strMode4|esb:twse_isin_strMode5"
"4526.TW","東台精機股份有限公司","TWSE","05","lab.Unmapped","2026-09-13T09:17:24Z","tw_boards|twse:twse_openapi|tpex:twse_isin_strMode4|esb:twse_isin_strMode5"
"4532.TW","瑞智精密股份有限公司","TWSE","05","lab.Unmapped","2026-09-13T09:17:24Z","tw_boards|twse:twse_openapi|tpex:twse_isin_strMode4|esb:twse_isin_strMode5"
"4536.TW","拓凱實業股份有限公司","TWSE","37","lab.Unmapped","2026-09-13T09:17:24Z","tw_boards|twse:twse_openapi|tpex:twse_isin_strMode4|esb:twse_isin_strMode5"
"4540.TW","全球傳動科技股份有限公司","TWSE","05","lab.Unmapped","2026-09-13T09:17:24Z","tw_boards|twse:twse_openapi|tpex:twse_isin_strMode4|esb:twse_isin_strMode5"
"4545.TW","銘鈺精密工業股份有限公司","TWSE","28","lab.Unmapped","2026-09-13T09:17:24Z","tw_boards|twse:twse_openapi|tpex:twse_isin_strMode4|esb:twse_isin_strMode5"
"4551.TW","智伸科技股份有限公司","TWSE","12","lab.Unmapped","2026-09-13T09:17:24Z","tw_boards|twse:twse_openapi|tpex:twse_isin_strMode4|esb:twse_isin_strMode5"
"4552.TW","力達控股有限公司","TWSE","05","lab.Unmapped","2026-09-13T09:17:24Z","tw_boards|twse:twse_openapi|tpex:twse_isin_strMode4|esb:twse_isin_strMode5"
"4555.TW","台灣氣立股份有限公司","TWSE","05","lab.Unmapped","2026-09-13T09:17:24Z","tw_boards|twse:twse_openapi|tpex:twse_isin_strMode4|esb:twse_isin_strMode5"
"4557.TW","永新控股股份有限公司","TWSE","12","lab.Unmapped","2026-09-13T09:17:24Z","tw_boards|twse:twse_openapi|tpex:twse_isin_strMode4|esb:twse_isin_strMode5"
"4560.TW","強信機械科技股份有限公司","TWSE","05","lab.Unmapped","2026-09-13T09:17:24Z","tw_boards|twse:twse_openapi|tpex:twse_isin_strMode4|esb:twse_isin_strMode5"
"4562.TW","穎漢科技股份有限公司","TWSE","05","lab.Unmapped","2026-09-13T09:17:24Z","tw_boards|twse:twse_openapi|tpex:twse_isin_strMode4|esb:twse_isin_strMode5"
"4564.TW","元翎精密工業股份有限公司","TWSE","05","lab.Unmapped","2026-09-13T09:17:24Z","tw_boards|twse:twse_openapi|tpex:twse_isin_strMode4|esb:twse_isin_strMode5"
"4566.TW","時碩工業股份有限公司","TWSE","05","lab.Unmapped","2026-09-13T09:17:24Z","tw_boards|twse:twse_openapi|tpex:twse_isin_strMode4|esb:twse_isin_strMode5"
"4569.TW","六方科技股份有限公司","TWSE","12","lab.Unmapped","2026-09-13T09:17:24Z","tw_boards|twse:twse_openapi|tpex:twse_isin_strMode4|esb:twse_isin_strMode5"
"4571.TW","鈞興機電國際股份有限公司","TWSE","05","lab.Unmapped","2026-09-13T09:17:24Z","tw_boards|twse:twse_openapi|tpex:twse_isin_strMode4|esb:twse_isin_strMode5"
"4572.TW","駐龍精密機械股份有限公司","TWSE","05","lab.Unmapped","2026-09-13T09:17:24Z","tw_boards|twse:twse_openapi|tpex:twse_isin_strMode4|esb:twse_isin_strMode5"
"4576.TW","大銀微系統股份有限公司","TWSE","05","lab.Unmapped","2026-09-13T09:17:24Z","tw_boards|twse:twse_openapi|tpex:twse_isin_strMode4|esb:twse_isin_strMode5"
"4581.TW","World Known MFG(Cayman)Limited","TWSE","12","lab.Unmapped","2026-09-13T09:17:24Z","tw_boards|twse:twse_openapi|tpex:twse_isin_strMode4|esb:twse_isin_strMode5"
"4582.TW","聚恆科技股份有限公司","TWSE","35","lab.Unmapped","2026-09-13T09:17:24Z","tw_boards|twse:twse_openapi|tpex:twse_isin_strMode4|esb:twse_isin_strMode5"
"4583.TW","台灣精銳科技股份有限公司","TWSE","05","lab.Unmapped","2026-09-13T09:17:24Z","tw_boards|twse:twse_openapi|tpex:twse_isin_strMode4|esb:twse_isin_strMode5"
"4585.TW","達明機器人股份有限公司","TWSE","31","lab.Unmapped","2026-09-13T09:17:24Z","tw_boards|twse:twse_openapi|tpex:twse_isin_strMode4|esb:twse_isin_strMode5"
"4588.TW","玖鼎電力資訊股份有限公司","TWSE","31","lab.Unmapped","2026-09-13T09:17:24Z","tw_boards|twse:twse_openapi|tpex:twse_isin_strMode4|esb:twse_isin_strMode5"
"4590.TW","富田電機股份有限公司","TWSE","05","lab.Unmapped","2026-09-13T09:17:24Z","tw_boards|twse:twse_openapi|tpex:twse_isin_strMode4|esb:twse_isin_strMode5"
"4720.TW","德淵企業股份有限公司","TWSE","21","lab.Unmapped","2026-09-13T09:17:24Z","tw_boards|twse:twse_openapi|tpex:twse_isin_strMode4|esb:twse_isin_strMode5"
"4722.TW","國精化學股份有限公司","TWSE","21","lab.Unmapped","2026-09-13T09:17:24Z","tw_boards|twse:twse_openapi|tpex:twse_isin_strMode4|esb:twse_isin_strMode5"
"4736.TW","泰博科技股份有限公司","TWSE","22","lab.Unmapped","2026-09-13T09:17:24Z","tw_boards|twse:twse_openapi|tpex:twse_isin_strMode4|esb:twse_isin_strMode5"
"4737.TW","華廣生技股份有限公司","TWSE","22","lab.Unmapped","2026-09-13T09:17:24Z","tw_boards|twse:twse_openapi|tpex:twse_isin_strMode4|esb:twse_isin_strMode5"
"4739.TW","康普材料科技股份有限公司","TWSE","21","lab.Unmapped","2026-09-13T09:17:24Z","tw_boards|twse:twse_openapi|tpex:twse_isin_strMode4|esb:twse_isin_strMode5"
"4746.TW","台耀化學股份有限公司","TWSE","22","lab.Unmapped","2026-09-13T09:17:24Z","tw_boards|twse:twse_openapi|tpex:twse_isin_strMode4|esb:twse_isin_strMode5"
"4755.TW","三福化工股份有限公司","TWSE","21","lab.Unmapped","2026-09-13T09:17:24Z","tw_boards|twse:twse_openapi|tpex:twse_isin_strMode4|esb:twse_isin_strMode5"
"4763.TW","濟南大自然新材料股份有限公司","TWSE","21","lab.Unmapped","2026-09-13T09:17:24Z","tw_boards|twse:twse_openapi|tpex:twse_isin_strMode4|esb:twse_isin_strMode5"
"4764.TW","雙鍵化工股份有限公司","TWSE","21","lab.Unmapped","2026-09-13T09:17:24Z","tw_boards|twse:twse_openapi|tpex:twse_isin_strMode4|esb:twse_isin_strMode5"
"4766.TW","南寶樹脂化學工廠股份有限公司","TWSE","21","lab.Unmapped","2026-09-13T09:17:24Z","tw_boards|twse:twse_openapi|tpex:twse_isin_strMode4|esb:twse_isin_strMode5"
"4770.TW","上品綜合工業股份有限公司","TWSE","21","lab.Unmapped","2026-09-13T09:17:24Z","tw_boards|twse:twse_openapi|tpex:twse_isin_strMode4|esb:twse_isin_strMode5"
"4771.TW","望隼科技股份有限公司","TWSE","22","lab.Unmapped","2026-09-13T09:17:24Z","tw_boards|twse:twse_openapi|tpex:twse_isin_strMode4|esb:twse_isin_strMode5"
"4807.TW","日成控股股份有限公司","TWSE","18","lab.Unmapped","2026-09-13T09:17:24Z","tw_boards|twse:twse_openapi|tpex:twse_isin_strMode4|esb:twse_isin_strMode5"
"4904.TW","遠傳電信股份有限公司","TWSE","27","lab.Unmapped","2026-09-13T09:17:24Z","tw_boards|twse:twse_openapi|tpex:twse_isin_strMode4|esb:twse_isin_strMode5"
"4906.TW","正文科技股份有限公司","TWSE","27","lab.Unmapped","2026-09-13T09:17:24Z","tw_boards|twse:twse_openapi|tpex:twse_isin_strMode4|esb:twse_isin_strMode5"
"4912.TW","聯德控股股份有限公司","TWSE","28","lab.Unmapped","2026-09-13T09:17:24Z","tw_boards|twse:twse_openapi|tpex:twse_isin_strMode4|esb:twse_isin_strMode5"
"4915.TW","致伸科技股份有限公司","TWSE","28","lab.Unmapped","2026-09-13T09:17:24Z","tw_boards|twse:twse_openapi|tpex:twse_isin_strMode4|esb:twse_isin_strMode5"
"4916.TW","事欣科技股份有限公司","TWSE","25","lab.Unmapped","2026-09-13T09:17:24Z","tw_boards|twse:twse_openapi|tpex:twse_isin_strMode4|esb:twse_isin_strMode5"
"4919.TW","新唐科技股份有限公司","TWSE","24","lab.Unmapped","2026-09-13T09:17:24Z","tw_boards|twse:twse_openapi|tpex:twse_isin_strMode4|esb:twse_isin_strMode5"
"4927.TW","泰鼎國際股份有限公司","TWSE","28","lab.Unmapped","2026-09-13T09:17:24Z","tw_boards|twse:twse_openapi|tpex:twse_isin_strMode4|esb:twse_isin_strMode5"
"4930.TW","燦星網通股份有限公司","TWSE","06","lab.Unmapped","2026-09-13T09:17:24Z","tw_boards|twse:twse_openapi|tpex:twse_isin_strMode4|esb:twse_isin_strMode5"
"4934.TW","太極能源科技股份有限公司","TWSE","26","lab.Unmapped","2026-09-13T09:17:24Z","tw_boards|twse:twse_openapi|tpex:twse_isin_strMode4|esb:twse_isin_strMode5"
"4935.TW","茂林光電科技(開曼)股份有限公司","TWSE","26","lab.Unmapped","2026-09-13T09:17:24Z","tw_boards|twse:twse_openapi|tpex:twse_isin_strMode4|esb:twse_isin_strMode5"
"4938.TW","和碩聯合科技股份有限公司","TWSE","25","lab.Unmapped","2026-09-13T09:17:24Z","tw_boards|twse:twse_openapi|tpex:twse_isin_strMode4|esb:twse_isin_strMode5"
"4942.TW","嘉彰股份有限公司","TWSE","26","lab.Unmapped","2026-09-13T09:17:24Z","tw_boards|twse:twse_openapi|tpex:twse_isin_strMode4|esb:twse_isin_strMode5"
"4943.TW","開曼康而富控股股份有限公司","TWSE","28","lab.Unmapped","2026-09-13T09:17:24Z","tw_boards|twse:twse_openapi|tpex:twse_isin_strMode4|esb:twse_isin_strMode5"
"4949.TW","有成精密股份有限公司","TWSE","26","lab.Unmapped","2026-09-13T09:17:24Z","tw_boards|twse:twse_openapi|tpex:twse_isin_strMode4|esb:twse_isin_strMode5"
"4952.TW","凌通科技股份有限公司","TWSE","24","lab.Unmapped","2026-09-13T09:17:24Z","tw_boards|twse:twse_openapi|tpex:twse_isin_strMode4|esb:twse_isin_strMode5"
"4956.TW","光鋐科技股份有限公司","TWSE","26","lab.Unmapped","2026-09-13T09:17:24Z","tw_boards|twse:twse_openapi|tpex:twse_isin_strMode4|esb:twse_isin_strMode5"
"4958.TW","臻鼎科技控股股份有限公司","TWSE","28","lab.Unmapped","2026-09-13T09:17:24Z","tw_boards|twse:twse_openapi|tpex:twse_isin_strMode4|esb:twse_isin_strMode5"
"4960.TW","誠美材料科技股份有限公司","TWSE","26","lab.Unmapped","2026-09-13T09:17:24Z","tw_boards|twse:twse_openapi|tpex:twse_isin_strMode4|esb:twse_isin_strMode5"
"4961.TW","天鈺科技股份有限公司","TWSE","24","lab.Unmapped","2026-09-13T09:17:24Z","tw_boards|twse:twse_openapi|tpex:twse_isin_strMode4|esb:twse_isin_strMode5"
"4967.TW","十銓科技股份有限公司","TWSE","24","lab.Unmapped","2026-09-13T09:17:24Z","tw_boards|twse:twse_openapi|tpex:twse_isin_strMode4|esb:twse_isin_strMode5"
"4968.TW","立積電子股份有限公司","TWSE","24","lab.Unmapped","2026-09-13T09:17:24Z","tw_boards|twse:twse_openapi|tpex:twse_isin_strMode4|esb:twse_isin_strMode5"
"4976.TW","佳凌科技股份有限公司","TWSE","26","lab.Unmapped","2026-09-13T09:17:24Z","tw_boards|twse:twse_openapi|tpex:twse_isin_strMode4|esb:twse_isin_strMode5"
"4977.TW","眾達科技股份有限公司","TWSE","27","lab.Unmapped","2026-09-13T09:17:24Z","tw_boards|twse:twse_openapi|tpex:twse_isin_strMode4|esb:twse_isin_strMode5"
"4989.TW","李長榮科技股份有限公司","TWSE","28","lab.Unmapped","2026-09-13T09:17:24Z","tw_boards|twse:twse_openapi|tpex:twse_isin_strMode4|esb:twse_isin_strMode5"
"4994.TW","傳奇網路遊戲股份有限公司","TWSE","30","lab.Unmapped","2026-09-13T09:17:24Z","tw_boards|twse:twse_openapi|tpex:twse_isin_strMode4|esb:twse_isin_strMode5"
"4999.TW","鑫禾科技股份有限公司","TWSE","28","lab.Unmapped","2026-09-13T09:17:24Z","tw_boards|twse:twse_openapi|tpex:twse_isin_strMode4|esb:twse_isin_strMode5"
"5007.TW","三星科技股份有限公司","TWSE","10","lab.Unmapped","2026-09-13T09:17:24Z","tw_boards|twse:twse_openapi|tpex:twse_isin_strMode4|esb:twse_isin_strMode5"
"5203.TW","訊連科技股份有限公司","TWSE","30","lab.Unmapped","2026-09-13T09:17:24Z","tw_boards|twse:twse_openapi|tpex:twse_isin_strMode4|esb:twse_isin_strMode5"
"5215.TW","科嘉(開曼)股份有限公司","TWSE","25","lab.Unmapped","2026-09-13T09:17:24Z","tw_boards|twse:twse_openapi|tpex:twse_isin_strMode4|esb:twse_isin_strMode5"
"5222.TW","全訊科技股份有限公司","TWSE","24","lab.Unmapped","2026-09-13T09:17:24Z","tw_boards|twse:twse_openapi|tpex:twse_isin_strMode4|esb:twse_isin_strMode5"
"5225.TW","東科控股股份有限公司","TWSE","31","lab.Unmapped","2026-09-13T09:17:24Z","tw_boards|twse:twse_openapi|tpex:twse_isin_strMode4|esb:twse_isin_strMode5"
"5234.TW","達興材料股份有限公司","TWSE","26","lab.Unmapped","2026-09-13T09:17:24Z","tw_boards|twse:twse_openapi|tpex:twse_isin_strMode4|esb:twse_isin_strMode5"
"5236.TW","凌陽創新科技股份有限公司","TWSE","24","lab.Unmapped","2026-09-13T09:17:24Z","tw_boards|twse:twse_openapi|tpex:twse_isin_strMode4|esb:twse_isin_strMode5"
"5243.TW","乙盛精密工業股份有限公司","TWSE","26","lab.Unmapped","2026-09-13T09:17:24Z","tw_boards|twse:twse_openapi|tpex:twse_isin_strMode4|esb:twse_isin_strMode5"
"5244.TW","弘凱光電股份有限公司","TWSE","26","lab.Unmapped","2026-09-13T09:17:24Z","tw_boards|twse:twse_openapi|tpex:twse_isin_strMode4|esb:twse_isin_strMode5"
"5258.TW","虹堡科技股份有限公司","TWSE","25","lab.Unmapped","2026-09-13T09:17:24Z","tw_boards|twse:twse_openapi|tpex:twse_isin_strMode4|esb:twse_isin_strMode5"
"5269.TW","祥碩科技股份有限公司","TWSE","24","lab.Unmapped","2026-09-13T09:17:24Z","tw_boards|twse:twse_openapi|tpex:twse_isin_strMode4|esb:twse_isin_strMode5"
"5283.TW","禾聯碩股份有限公司","TWSE","06","lab.Unmapped","2026-09-13T09:17:24Z","tw_boards|twse:twse_openapi|tpex:twse_isin_strMode4|esb:twse_isin_strMode5"
"5284.TW","經寶精密控股股份有限公司","TWSE","20","lab.Unmapped","2026-09-13T09:17:24Z","tw_boards|twse:twse_openapi|tpex:twse_isin_strMode4|esb:twse_isin_strMode5"
"5285.TW","界霖科技股份有限公司","TWSE","24","lab.Unmapped","2026-09-13T09:17:24Z","tw_boards|twse:twse_openapi|tpex:twse_isin_strMode4|esb:twse_isin_strMode5"
"5288.TW","開曼商豐祥控股股份有限公司","TWSE","05","lab.Unmapped","2026-09-13T09:17:24Z","tw_boards|twse:twse_openapi|tpex:twse_isin_strMode4|esb:twse_isin_strMode5"
"5292.TW","華懋科技股份有限公司","TWSE","35","lab.Unmapped","2026-09-13T09:17:24Z","tw_boards|twse:twse_openapi|tpex:twse_isin_strMode4|esb:twse_isin_strMode5"
"5306.TW","桂盟國際股份有限公司","TWSE","37","lab.Unmapped","2026-09-13T09:17:24Z","tw_boards|twse:twse_openapi|tpex:twse_isin_strMode4|esb:twse_isin_strMode5"
"5388.TW","中磊電子股份有限公司","TWSE","27","lab.Unmapped","2026-09-13T09:17:24Z","tw_boards|twse:twse_openapi|tpex:twse_isin_strMode4|esb:twse_isin_strMode5"
"5434.TW","崇越科技股份有限公司","TWSE","29","lab.Unmapped","2026-09-13T09:17:24Z","tw_boards|twse:twse_openapi|tpex:twse_isin_strMode4|esb:twse_isin_strMode5"
"5469.TW","瀚宇博德股份有限公司","TWSE","28","lab.Unmapped","2026-09-13T09:17:24Z","tw_boards|twse:twse_openapi|tpex:twse_isin_strMode4|esb:twse_isin_strMode5"
"5471.TW","松翰科技股份有限公司","TWSE","24","lab.Unmapped","2026-09-13T09:17:24Z","tw_boards|twse:twse_openapi|tpex:twse_isin_strMode4|esb:twse_isin_strMode5"
"5484.TW","慧友電子股份有限公司","TWSE","26","lab.Unmapped","2026-09-13T09:17:24Z","tw_boards|twse:twse_openapi|tpex:twse_isin_strMode4|esb:twse_isin_strMode5"
"5515.TW","建國工程股份有限公司","TWSE","14","lab.Unmapped","2026-09-13T09:17:24Z","tw_boards|twse:twse_openapi|tpex:twse_isin_strMode4|esb:twse_isin_strMode5"
"5519.TW","隆大營建事業股份有限公司","TWSE","14","lab.Unmapped","2026-09-13T09:17:24Z","tw_boards|twse:twse_openapi|tpex:twse_isin_strMode4|esb:twse_isin_strMode5"
"5521.TW","工信工程股份有限公司","TWSE","14","lab.Unmapped","2026-09-13T09:17:24Z","tw_boards|twse:twse_openapi|tpex:twse_isin_strMode4|esb:twse_isin_strMode5"
"5522.TW","遠雄建設事業股份有限公司","TWSE","14","lab.Unmapped","2026-09-13T09:17:24Z","tw_boards|twse:twse_openapi|tpex:twse_isin_strMode4|esb:twse_isin_strMode5"
"5525.TW","順天建設股份有限公司","TWSE","14","lab.Unmapped","2026-09-13T09:17:24Z","tw_boards|twse:twse_openapi|tpex:twse_isin_strMode4|esb:twse_isin_strMode5"
"5531.TW","鄉林建設事業股份有限公司","TWSE","14","lab.Unmapped","2026-09-13T09:17:24Z","tw_boards|twse:twse_openapi|tpex:twse_isin_strMode4|esb:twse_isin_strMode5"
"5533.TW","皇鼎建設開發股份有限公司","TWSE","14","lab.Unmapped","2026-09-13T09:17:24Z","tw_boards|twse:twse_openapi|tpex:twse_isin_strMode4|esb:twse_isin_strMode5"
"5534.TW","長虹建設股份有限公司","TWSE","14","lab.Unmapped","2026-09-13T09:17:24Z","tw_boards|twse:twse_openapi|tpex:twse_isin_strMode4|esb:twse_isin_strMode5"
"5538.TW","開曼東明控股股份有限公司","TWSE","10","lab.Unmapped","2026-09-13T09:17:24Z","tw_boards|twse:twse_openapi|tpex:twse_isin_strMode4|esb:twse_isin_strMode5"
"5546.TW","永固集團股份有限公司","TWSE","14","lab.Unmapped","2026-09-13T09:17:24Z","tw_boards|twse:twse_openapi|tpex:twse_isin_strMode4|esb:twse_isin_strMode5"
"5607.TW","遠雄自貿港投資控股股份有限公司","TWSE","15","lab.Unmapped","2026-09-13T09:17:24Z","tw_boards|twse:twse_openapi|tpex:twse_isin_strMode4|esb:twse_isin_strMode5"
"5608.TW","四維航業股份有限公司","TWSE","15","lab.Unmapped","2026-09-13T09:17:24Z","tw_boards|twse:twse_openapi|tpex:twse_isin_strMode4|esb:twse_isin_strMode5"
"5706.TW","鳳凰國際旅行社股份有限公司","TWSE","16","lab.Unmapped","2026-09-13T09:17:24Z","tw_boards|twse:twse_openapi|tpex:twse_isin_strMode4|esb:twse_isin_strMode5"
"5871.TW","中租控股股份有限公司","TWSE","20","lab.Unmapped","2026-09-13T09:17:24Z","tw_boards|twse:twse_openapi|tpex:twse_isin_strMode4|esb:twse_isin_strMode5"
"5876.TW","上海商業儲蓄銀行股份有限公司","TWSE","17","lab.Unmapped","2026-09-13T09:17:24Z","tw_boards|twse:twse_openapi|tpex:twse_isin_strMode4|esb:twse_isin_strMode5"
"5880.TW","合作金庫金融控股股份有限公司","TWSE","17","lab.Unmapped","2026-09-13T09:17:24Z","tw_boards|twse:twse_openapi|tpex:twse_isin_strMode4|esb:twse_isin_strMode5"
"5906.TW","台南生活(開曼)股份有限公司","TWSE","18","lab.Unmapped","2026-09-13T09:17:24Z","tw_boards|twse:twse_openapi|tpex:twse_isin_strMode4|esb:twse_isin_strMode5"
"5907.TW","Grand Ocean RetailGroupLimited","TWSE","18","lab.Unmapped","2026-09-13T09:17:24Z","tw_boards|twse:twse_openapi|tpex:twse_isin_strMode4|esb:twse_isin_strMode5"
"6005.TW","群益金鼎證券股份有限公司","TWSE","17","lab.Unmapped","2026-09-13T09:17:24Z","tw_boards|twse:twse_openapi|tpex:twse_isin_strMode4|esb:twse_isin_strMode5"
"6024.TW","群益期貨股份有限公司","TWSE","17","lab.Unmapped","2026-09-13T09:17:24Z","tw_boards|twse:twse_openapi|tpex:twse_isin_strMode4|esb:twse_isin_strMode5"
"6108.TW","競國實業股份有限公司","TWSE","28","lab.Unmapped","2026-09-13T09:17:24Z","tw_boards|twse:twse_openapi|tpex:twse_isin_strMode4|esb:twse_isin_strMode5"
"6112.TW","邁達特數位股份有限公司","TWSE","30","lab.Unmapped","2026-09-13T09:17:24Z","tw_boards|twse:twse_openapi|tpex:twse_isin_strMode4|esb:twse_isin_strMode5"
"6115.TW","鎰勝工業股份有限公司","TWSE","28","lab.Unmapped","2026-09-13T09:17:24Z","tw_boards|twse:twse_openapi|tpex:twse_isin_strMode4|esb:twse_isin_strMode5"
"6116.TW","瀚宇彩晶股份有限公司","TWSE","26","lab.Unmapped","2026-09-13T09:17:24Z","tw_boards|twse:twse_openapi|tpex:twse_isin_strMode4|esb:twse_isin_strMode5"
"6117.TW","迎廣科技股份有限公司","TWSE","25","lab.Unmapped","2026-09-13T09:17:24Z","tw_boards|twse:twse_openapi|tpex:twse_isin_strMode4|esb:twse_isin_strMode5"
"6120.TW","達運精密工業股份有限公司","TWSE","26","lab.Unmapped","2026-09-13T09:17:24Z","tw_boards|twse:twse_openapi|tpex:twse_isin_strMode4|esb:twse_isin_strMode5"
"6128.TW","上福全球科技股份有限公司","TWSE","25","lab.Unmapped","2026-09-13T09:17:24Z","tw_boards|twse:twse_openapi|tpex:twse_isin_strMode4|esb:twse_isin_strMode5"
"6133.TW","金橋科技股份有限公司","TWSE","28","lab.Unmapped","2026-09-13T09:17:24Z","tw_boards|twse:twse_openapi|tpex:twse_isin_strMode4|esb:twse_isin_strMode5"
"6136.TW","富爾特科技股份有限公司","TWSE","27","lab.Unmapped","2026-09-13T09:17:24Z","tw_boards|twse:twse_openapi|tpex:twse_isin_strMode4|esb:twse_isin_strMode5"
"6139.TW","亞翔工程股份有限公司","TWSE","31","lab.Unmapped","2026-09-13T09:17:24Z","tw_boards|twse:twse_openapi|tpex:twse_isin_strMode4|esb:twse_isin_strMode5"
"6141.TW","柏承科技股份有限公司","TWSE","28","lab.Unmapped","2026-09-13T09:17:24Z","tw_boards|twse:twse_openapi|tpex:twse_isin_strMode4|esb:twse_isin_strMode5"
"6142.TW","友勁科技股份有限公司","TWSE","27","lab.Unmapped","2026-09-13T09:17:24Z","tw_boards|twse:twse_openapi|tpex:twse_isin_strMode4|esb:twse_isin_strMode5"
"6152.TW","百一電子股份有限公司","TWSE","27","lab.Unmapped","2026-09-13T09:17:24Z","tw_boards|twse:twse_openapi|tpex:twse_isin_strMode4|esb:twse_isin_strMode5"
"6153.TW","嘉聯益科技股份有限公司","TWSE","28","lab.Unmapped","2026-09-13T09:17:24Z","tw_boards|twse:twse_openapi|tpex:twse_isin_strMode4|esb:twse_isin_strMode5"
"6155.TW","鈞寶電子工業股份有限公司","TWSE","28","lab.Unmapped","2026-09-13T09:17:24Z","tw_boards|twse:twse_openapi|tpex:twse_isin_strMode4|esb:twse_isin_strMode5"
"6164.TW","華興電子工業股份有限公司","TWSE","26","lab.Unmapped","2026-09-13T09:17:24Z","tw_boards|twse:twse_openapi|tpex:twse_isin_strMode4|esb:twse_isin_strMode5"
"6165.TW","浪凡網路科技股份有限公司","TWSE","36","lab.Unmapped","2026-09-13T09:17:24Z","tw_boards|twse:twse_openapi|tpex:twse_isin_strMode4|esb:twse_isin_strMode5"
"6166.TW","凌華科技股份有限公司","TWSE","25","lab.Unmapped","2026-09-13T09:17:24Z","tw_boards|twse:twse_openapi|tpex:twse_isin_strMode4|esb:twse_isin_strMode5"
"6168.TW","宏齊科技股份有限公司","TWSE","26","lab.Unmapped","2026-09-13T09:17:24Z","tw_boards|twse:twse_openapi|tpex:twse_isin_strMode4|esb:twse_isin_strMode5"
"6176.TW","瑞儀光電股份有限公司","TWSE","26","lab.Unmapped","2026-09-13T09:17:24Z","tw_boards|twse:twse_openapi|tpex:twse_isin_strMode4|esb:twse_isin_strMode5"
"6177.TW","達麗建設事業股份有限公司","TWSE","14","lab.Unmapped","2026-09-13T09:17:24Z","tw_boards|twse:twse_openapi|tpex:twse_isin_strMode4|esb:twse_isin_strMode5"
"6183.TW","關貿網路股份有限公司","TWSE","30","lab.Unmapped","2026-09-13T09:17:24Z","tw_boards|twse:twse_openapi|tpex:twse_isin_strMode4|esb:twse_isin_strMode5"
"6184.TW","大豐有線電視股份有限公司","TWSE","20","lab.Unmapped","2026-09-13T09:17:24Z","tw_boards|twse:twse_openapi|tpex:twse_isin_strMode4|esb:twse_isin_strMode5"
"6189.TW","豐藝電子股份有限公司","TWSE","29","lab.Unmapped","2026-09-13T09:17:24Z","tw_boards|twse:twse_openapi|tpex:twse_isin_strMode4|esb:twse_isin_strMode5"
"6191.TW","精成科技股份有限公司","TWSE","28","lab.Unmapped","2026-09-13T09:17:24Z","tw_boards|twse:twse_openapi|tpex:twse_isin_strMode4|esb:twse_isin_strMode5"
"6192.TW","巨路國際股份有限公司","TWSE","31","lab.Unmapped","2026-09-13T09:17:24Z","tw_boards|twse:twse_openapi|tpex:twse_isin_strMode4|esb:twse_isin_strMode5"
"6196.TW","帆宣系統科技股份有限公司","TWSE","31","lab.Unmapped","2026-09-13T09:17:24Z","tw_boards|twse:twse_openapi|tpex:twse_isin_strMode4|esb:twse_isin_strMode5"
"6197.TW","佳必琪國際股份有限公司","TWSE","28","lab.Unmapped","2026-09-13T09:17:24Z","tw_boards|twse:twse_openapi|tpex:twse_isin_strMode4|esb:twse_isin_strMode5"
"6201.TW","亞弘電科技股份有限公司","TWSE","31","lab.Unmapped","2026-09-13T09:17:24Z","tw_boards|twse:twse_openapi|tpex:twse_isin_strMode4|esb:twse_isin_strMode5"
"6202.TW","盛群半導體股份有限公司","TWSE","24","lab.Unmapped","2026-09-13T09:17:24Z","tw_boards|twse:twse_openapi|tpex:twse_isin_strMode4|esb:twse_isin_strMode5"
"6205.TW","詮欣股份有限公司","TWSE","28","lab.Unmapped","2026-09-13T09:17:24Z","tw_boards|twse:twse_openapi|tpex:twse_isin_strMode4|esb:twse_isin_strMode5"
"6206.TW","飛捷科技股份有限公司","TWSE","25","lab.Unmapped","2026-09-13T09:17:24Z","tw_boards|twse:twse_openapi|tpex:twse_isin_strMode4|esb:twse_isin_strMode5"
"6209.TW","今國光學工業股份有限公司","TWSE","26","lab.Unmapped","2026-09-13T09:17:24Z","tw_boards|twse:twse_openapi|tpex:twse_isin_strMode4|esb:twse_isin_strMode5"
"6213.TW","聯茂電子股份有限公司","TWSE","28","lab.Unmapped","2026-09-13T09:17:24Z","tw_boards|twse:twse_openapi|tpex:twse_isin_strMode4|esb:twse_isin_strMode5"
"6214.TW","精誠資訊股份有限公司","TWSE","30","lab.Unmapped","2026-09-13T09:17:24Z","tw_boards|twse:twse_openapi|tpex:twse_isin_strMode4|esb:twse_isin_strMode5"
"6215.TW","和椿科技股份有限公司","TWSE","31","lab.Unmapped","2026-09-13T09:17:24Z","tw_boards|twse:twse_openapi|tpex:twse_isin_strMode4|esb:twse_isin_strMode5"
"6216.TW","居易科技股份有限公司","TWSE","27","lab.Unmapped","2026-09-13T09:17:24Z","tw_boards|twse:twse_openapi|tpex:twse_isin_strMode4|esb:twse_isin_strMode5"
"6224.TW","聚鼎科技股份有限公司","TWSE","28","lab.Unmapped","2026-09-13T09:17:24Z","tw_boards|twse:twse_openapi|tpex:twse_isin_strMode4|esb:twse_isin_strMode5"
"6225.TW","天瀚科技股份有限公司","TWSE","26","lab.Unmapped","2026-09-13T09:17:24Z","tw_boards|twse:twse_openapi|tpex:twse_isin_strMode4|esb:twse_isin_strMode5"
"6226.TW","光鼎電子股份有限公司","TWSE","26","lab.Unmapped","2026-09-13T09:17:24Z","tw_boards|twse:twse_openapi|tpex:twse_isin_strMode4|esb:twse_isin_strMode5"
"6230.TW","尼得科超眾科技股份有限公司","TWSE","25","lab.Unmapped","2026-09-13T09:17:24Z","tw_boards|twse:twse_openapi|tpex:twse_isin_strMode4|esb:twse_isin_strMode5"
"6235.TW","華孚科技股份有限公司","TWSE","25","lab.Unmapped","2026-09-13T09:17:24Z","tw_boards|twse:twse_openapi|tpex:twse_isin_strMode4|esb:twse_isin_strMode5"
"6239.TW","力成科技股份有限公司","TWSE","24","lab.Unmapped","2026-09-13T09:17:24Z","tw_boards|twse:twse_openapi|tpex:twse_isin_strMode4|esb:twse_isin_strMode5"
"6243.TW","迅杰科技股份有限公司","TWSE","24","lab.Unmapped","2026-09-13T09:17:24Z","tw_boards|twse:twse_openapi|tpex:twse_isin_strMode4|esb:twse_isin_strMode5"
"6257.TW","矽格股份有限公司","TWSE","24","lab.Unmapped","2026-09-13T09:17:24Z","tw_boards|twse:twse_openapi|tpex:twse_isin_strMode4|esb:twse_isin_strMode5"
"6269.TW","台郡科技股份有限公司","TWSE","28","lab.Unmapped","2026-09-13T09:17:24Z","tw_boards|twse:twse_openapi|tpex:twse_isin_strMode4|esb:twse_isin_strMode5"
"6271.TW","同欣電子工業股份有限公司","TWSE","24","lab.Unmapped","2026-09-13T09:17:24Z","tw_boards|twse:twse_openapi|tpex:twse_isin_strMode4|esb:twse_isin_strMode5"
"6272.TW","驊陞科技股份有限公司","TWSE","28","lab.Unmapped","2026-09-13T09:17:24Z","tw_boards|twse:twse_openapi|tpex:twse_isin_strMode4|esb:twse_isin_strMode5"
"6277.TW","宏正自動科技股份有限公司","TWSE","25","lab.Unmapped","2026-09-13T09:17:24Z","tw_boards|twse:twse_openapi|tpex:twse_isin_strMode4|esb:twse_isin_strMode5"
"6278.TW","台灣表面黏著科技股份有限公司","TWSE","26","lab.Unmapped","2026-09-13T09:17:24Z","tw_boards|twse:twse_openapi|tpex:twse_isin_strMode4|esb:twse_isin_strMode5"
"6281.TW","全國電子股份有限公司","TWSE","29","lab.Unmapped","2026-09-13T09:17:24Z","tw_boards|twse:twse_openapi|tpex:twse_isin_strMode4|esb:twse_isin_strMode5"
"6282.TW","康舒科技股份有限公司","TWSE","28","lab.Unmapped","2026-09-13T09:17:24Z","tw_boards|twse:twse_openapi|tpex:twse_isin_strMode4|esb:twse_isin_strMode5"
"6283.TW","淳安電子股份有限公司","TWSE","31","lab.Unmapped","2026-09-13T09:17:24Z","tw_boards|twse:twse_openapi|tpex:twse_isin_strMode4|esb:twse_isin_strMode5"
"6285.TW","啟碁科技股份有限公司","TWSE","27","lab.Unmapped","2026-09-13T09:17:24Z","tw_boards|twse:twse_openapi|tpex:twse_isin_strMode4|esb:twse_isin_strMode5"
"6405.TW","悅城科技股份有限公司","TWSE","26","lab.Unmapped","2026-09-13T09:17:24Z","tw_boards|twse:twse_openapi|tpex:twse_isin_strMode4|esb:twse_isin_strMode5"
"6409.TW","旭隼科技股份有限公司","TWSE","31","lab.Unmapped","2026-09-13T09:17:24Z","tw_boards|twse:twse_openapi|tpex:twse_isin_strMode4|esb:twse_isin_strMode5"
"6412.TW","群光電能科技股份有限公司","TWSE","28","lab.Unmapped","2026-09-13T09:17:24Z","tw_boards|twse:twse_openapi|tpex:twse_isin_strMode4|esb:twse_isin_strMode5"
"6414.TW","樺漢科技股份有限公司","TWSE","25","lab.Unmapped","2026-09-13T09:17:24Z","tw_boards|twse:twse_openapi|tpex:twse_isin_strMode4|esb:twse_isin_strMode5"
"6415.TW","矽力杰股份有限公司","TWSE","24","lab.Unmapped","2026-09-13T09:17:24Z","tw_boards|twse:twse_openapi|tpex:twse_isin_strMode4|esb:twse_isin_strMode5"
"6416.TW","瑞祺電通股份有限公司","TWSE","27","lab.Unmapped","2026-09-13T09:17:24Z","tw_boards|twse:twse_openapi|tpex:twse_isin_strMode4|esb:twse_isin_strMode5"
"6426.TW","統新光訊股份有限公司","TWSE","27","lab.Unmapped","2026-09-13T09:17:24Z","tw_boards|twse:twse_openapi|tpex:twse_isin_strMode4|esb:twse_isin_strMode5"
"6431.TW","光麗生技控股股份有限公司","TWSE","22","lab.Unmapped","2026-09-13T09:17:24Z","tw_boards|twse:twse_openapi|tpex:twse_isin_strMode4|esb:twse_isin_strMode5"
"6438.TW","迅得機械股份有限公司","TWSE","31","lab.Unmapped","2026-09-13T09:17:24Z","tw_boards|twse:twse_openapi|tpex:twse_isin_strMode4|esb:twse_isin_strMode5"
"6442.TW","光紅建聖股份有限公司","TWSE","27","lab.Unmapped","2026-09-13T09:17:24Z","tw_boards|twse:twse_openapi|tpex:twse_isin_strMode4|esb:twse_isin_strMode5"
"6443.TW","元晶太陽能科技股份有限公司","TWSE","26","lab.Unmapped","2026-09-13T09:17:24Z","tw_boards|twse:twse_openapi|tpex:twse_isin_strMode4|esb:twse_isin_strMode5"
"6446.TW","藥華醫藥股份有限公司","TWSE","22","lab.Unmapped","2026-09-13T09:17:24Z","tw_boards|twse:twse_openapi|tpex:twse_isin_strMode4|esb:twse_isin_strMode5"
"6449.TW","鈺邦科技股份有限公司","TWSE","28","lab.Unmapped","2026-09-13T09:17:24Z","tw_boards|twse:twse_openapi|tpex:twse_isin_strMode4|esb:twse_isin_strMode5"
"6451.TW","訊芯科技控股股份有限公司","TWSE","24","lab.Unmapped","2026-09-13T09:17:24Z","tw_boards|twse:twse_openapi|tpex:twse_isin_strMode4|esb:twse_isin_strMode5"
"6456.TW","GIS Holding Limited","TWSE","26","lab.Unmapped","2026-09-13T09:17:24Z","tw_boards|twse:twse_openapi|tpex:twse_isin_strMode4|esb:twse_isin_strMode5"
"6464.TW","台灣數位光訊科技股份有限公司","TWSE","20","lab.Unmapped","2026-09-13T09:17:24Z","tw_boards|twse:twse_openapi|tpex:twse_isin_strMode4|esb:twse_isin_strMode5"
"6472.TW","保瑞藥業股份有限公司","TWSE","22","lab.Unmapped","2026-09-13T09:17:24Z","tw_boards|twse:twse_openapi|tpex:twse_isin_strMode4|esb:twse_isin_strMode5"
"6477.TW","安集科技股份有限公司","TWSE","26","lab.Unmapped","2026-09-13T09:17:24Z","tw_boards|twse:twse_openapi|tpex:twse_isin_strMode4|esb:twse_isin_strMode5"
"6491.TW","晶碩光學股份有限公司","TWSE","22","lab.Unmapped","2026-09-13T09:17:24Z","tw_boards|twse:twse_openapi|tpex:twse_isin_strMode4|esb:twse_isin_strMode5"
"6504.TW","南六企業股份有限公司","TWSE","20","lab.Unmapped","2026-09-13T09:17:24Z","tw_boards|twse:twse_openapi|tpex:twse_isin_strMode4|esb:twse_isin_strMode5"
"6505.TW","台塑石化股份有限公司","TWSE","23","lab.Unmapped","2026-09-13T09:17:24Z","tw_boards|twse:twse_openapi|tpex:twse_isin_strMode4|esb:twse_isin_strMode5"
"6515.TW","穎崴科技股份有限公司","TWSE","24","lab.Unmapped","2026-09-13T09:17:24Z","tw_boards|twse:twse_openapi|tpex:twse_isin_strMode4|esb:twse_isin_strMode5"
"6525.TW","捷敏股份有限公司","TWSE","24","lab.Unmapped","2026-09-13T09:17:24Z","tw_boards|twse:twse_openapi|tpex:twse_isin_strMode4|esb:twse_isin_strMode5"
"6526.TW","達發科技股份有限公司","TWSE","24","lab.Unmapped","2026-09-13T09:17:24Z","tw_boards|twse:twse_openapi|tpex:twse_isin_strMode4|esb:twse_isin_strMode5"
"6531.TW","愛普科技股份有限公司","TWSE","24","lab.Unmapped","2026-09-13T09:17:24Z","tw_boards|twse:twse_openapi|tpex:twse_isin_strMode4|esb:twse_isin_strMode5"
"6533.TW","晶心科技股份有限公司","TWSE","24","lab.Unmapped","2026-09-13T09:17:24Z","tw_boards|twse:twse_openapi|tpex:twse_isin_strMode4|esb:twse_isin_strMode5"
"6534.TW","正瀚生技股份有限公司","TWSE","22","lab.Unmapped","2026-09-13T09:17:24Z","tw_boards|twse:twse_openapi|tpex:twse_isin_strMode4|esb:twse_isin_strMode5"
"6541.TW","泰福生技股份有限公司","TWSE","22","lab.Unmapped","2026-09-13T09:17:24Z","tw_boards|twse:twse_openapi|tpex:twse_isin_strMode4|esb:twse_isin_strMode5"
"6550.TW","北極星藥業集團股份有限公司","TWSE","22","lab.Unmapped","2026-09-13T09:17:24Z","tw_boards|twse:twse_openapi|tpex:twse_isin_strMode4|esb:twse_isin_strMode5"
"6552.TW","易華電子股份有限公司","TWSE","24","lab.Unmapped","2026-09-13T09:17:24Z","tw_boards|twse:twse_openapi|tpex:twse_isin_strMode4|esb:twse_isin_strMode5"
"6558.TW","興能高科技股份有限公司","TWSE","31","lab.Unmapped","2026-09-13T09:17:24Z","tw_boards|twse:twse_openapi|tpex:twse_isin_strMode4|esb:twse_isin_strMode5"
"6573.TW","虹揚發展科技股份有限公司","TWSE","24","lab.Unmapped","2026-09-13T09:17:24Z","tw_boards|twse:twse_openapi|tpex:twse_isin_strMode4|esb:twse_isin_strMode5"
"6579.TW","研揚科技股份有限公司","TWSE","25","lab.Unmapped","2026-09-13T09:17:24Z","tw_boards|twse:twse_openapi|tpex:twse_isin_strMode4|esb:twse_isin_strMode5"
"6581.TW","台灣鋼聯股份有限公司","TWSE","35","lab.Unmapped","2026-09-13T09:17:24Z","tw_boards|twse:twse_openapi|tpex:twse_isin_strMode4|esb:twse_isin_strMode5"
"6582.TW","申豐特用應材股份有限公司","TWSE","11","lab.Unmapped","2026-09-13T09:17:24Z","tw_boards|twse:twse_openapi|tpex:twse_isin_strMode4|esb:twse_isin_strMode5"
"6585.TW","鼎基先進材料股份有限公司","TWSE","20","lab.Unmapped","2026-09-13T09:17:24Z","tw_boards|twse:twse_openapi|tpex:twse_isin_strMode4|esb:twse_isin_strMode5"
"6589.TW","台康生技股份有限公司","TWSE","22","lab.Unmapped","2026-09-13T09:17:24Z","tw_boards|twse:twse_openapi|tpex:twse_isin_strMode4|esb:twse_isin_strMode5"
"6591.TW","動力科技股份有限公司","TWSE","25","lab.Unmapped","2026-09-13T09:17:24Z","tw_boards|twse:twse_openapi|tpex:twse_isin_strMode4|esb:twse_isin_strMode5"
"6592.TW","和潤企業股份有限公司","TWSE","20","lab.Unmapped","2026-09-13T09:17:24Z","tw_boards|twse:twse_openapi|tpex:twse_isin_strMode4|esb:twse_isin_strMode5"
"6598.TW","Applied BioCode Corporation","TWSE","22","lab.Unmapped","2026-09-13T09:17:24Z","tw_boards|twse:twse_openapi|tpex:twse_isin_strMode4|esb:twse_isin_strMode5"
"6605.TW","帝寶工業股份有限公司","TWSE","12","lab.Unmapped","2026-09-13T09:17:24Z","tw_boards|twse:twse_openapi|tpex:twse_isin_strMode4|esb:twse_isin_strMode5"
"6606.TW","建德工業股份有限公司","TWSE","05","lab.Unmapped","2026-09-13T09:17:24Z","tw_boards|twse:twse_openapi|tpex:twse_isin_strMode4|esb:twse_isin_strMode5"
"6614.TW","資拓宏宇國際股份有限公司","TWSE","36","lab.Unmapped","2026-09-13T09:17:24Z","tw_boards|twse:twse_openapi|tpex:twse_isin_strMode4|esb:twse_isin_strMode5"
"6625.TW","必應創造股份有限公司","TWSE","20","lab.Unmapped","2026-09-13T09:17:24Z","tw_boards|twse:twse_openapi|tpex:twse_isin_strMode4|esb:twse_isin_strMode5"
"6641.TW","基士德科技股份有限公司","TWSE","35","lab.Unmapped","2026-09-13T09:17:24Z","tw_boards|twse:twse_openapi|tpex:twse_isin_strMode4|esb:twse_isin_strMode5"
"6645.TW","金萬林企業股份有限公司","TWSE","22","lab.Unmapped","2026-09-13T09:17:24Z","tw_boards|twse:twse_openapi|tpex:twse_isin_strMode4|esb:twse_isin_strMode5"
"6655.TW","科定企業股份有限公司","TWSE","20","lab.Unmapped","2026-09-13T09:17:24Z","tw_boards|twse:twse_openapi|tpex:twse_isin_strMode4|esb:twse_isin_strMode5"
"6657.TW","華安醫學股份有限公司","TWSE","22","lab.Unmapped","2026-09-13T09:17:24Z","tw_boards|twse:twse_openapi|tpex:twse_isin_strMode4|esb:twse_isin_strMode5"
"6658.TW","聯策科技股份有限公司","TWSE","31","lab.Unmapped","2026-09-13T09:17:24Z","tw_boards|twse:twse_openapi|tpex:twse_isin_strMode4|esb:twse_isin_strMode5"
"6666.TW","羅麗芬控股股份有限公司","TWSE","22","lab.Unmapped","2026-09-13T09:17:24Z","tw_boards|twse:twse_openapi|tpex:twse_isin_strMode4|esb:twse_isin_strMode5"
"6668.TW","中揚光電股份有限公司","TWSE","26","lab.Unmapped","2026-09-13T09:17:24Z","tw_boards|twse:twse_openapi|tpex:twse_isin_strMode4|esb:twse_isin_strMode5"
"6669.TW","緯穎科技服務股份有限公司","TWSE","25","lab.Unmapped","2026-09-13T09:17:24Z","tw_boards|twse:twse_openapi|tpex:twse_isin_strMode4|esb:twse_isin_strMode5"
"6670.TW","復盛應用科技股份有限公司","TWSE","37","lab.Unmapped","2026-09-13T09:17:24Z","tw_boards|twse:twse_openapi|tpex:twse_isin_strMode4|esb:twse_isin_strMode5"
"6671.TW","三能集團控股股份有限公司","TWSE","38","lab.Unmapped","2026-09-13T09:17:24Z","tw_boards|twse:twse_openapi|tpex:twse_isin_strMode4|esb:twse_isin_strMode5"
"6672.TW","騰輝電子國際集團股份有限公司","TWSE","28","lab.Unmapped","2026-09-13T09:17:24Z","tw_boards|twse:twse_openapi|tpex:twse_isin_strMode4|esb:twse_isin_strMode5"
"6674.TW","鋐寶科技股份有限公司","TWSE","27","lab.Unmapped","2026-09-13T09:17:24Z","tw_boards|twse:twse_openapi|tpex:twse_isin_strMode4|esb:twse_isin_strMode5"
"6689.TW","伊雲谷數位科技股份有限公司","TWSE","36","lab.Unmapped","2026-09-13T09:17:24Z","tw_boards|twse:twse_openapi|tpex:twse_isin_strMode4|esb:twse_isin_strMode5"
"6691.TW","洋基工程股份有限公司","TWSE","31","lab.Unmapped","2026-09-13T09:17:24Z","tw_boards|twse:twse_openapi|tpex:twse_isin_strMode4|esb:twse_isin_strMode5"
"6695.TW","芯鼎科技股份有限公司","TWSE","24","lab.Unmapped","2026-09-13T09:17:24Z","tw_boards|twse:twse_openapi|tpex:twse_isin_strMode4|esb:twse_isin_strMode5"
"6698.TW","旭暉應用材料股份有限公司","TWSE","31","lab.Unmapped","2026-09-13T09:17:24Z","tw_boards|twse:twse_openapi|tpex:twse_isin_strMode4|esb:twse_isin_strMode5"
"6706.TW","惠特科技股份有限公司","TWSE","26","lab.Unmapped","2026-09-13T09:17:24Z","tw_boards|twse:twse_openapi|tpex:twse_isin_strMode4|esb:twse_isin_strMode5"
"6715.TW","嘉基科技股份有限公司","TWSE","28","lab.Unmapped","2026-09-13T09:17:24Z","tw_boards|twse:twse_openapi|tpex:twse_isin_strMode4|esb:twse_isin_strMode5"
"6719.TW","力智電子股份有限公司","TWSE","24","lab.Unmapped","2026-09-13T09:17:24Z","tw_boards|twse:twse_openapi|tpex:twse_isin_strMode4|esb:twse_isin_strMode5"
"6722.TW","輝創電子股份有限公司","TWSE","31","lab.Unmapped","2026-09-13T09:17:24Z","tw_boards|twse:twse_openapi|tpex:twse_isin_strMode4|esb:twse_isin_strMode5"
"6742.TW","澤米科技股份有限公司","TWSE","26","lab.Unmapped","2026-09-13T09:17:24Z","tw_boards|twse:twse_openapi|tpex:twse_isin_strMode4|esb:twse_isin_strMode5"
"6743.TW","安普新股份有限公司","TWSE","31","lab.Unmapped","2026-09-13T09:17:24Z","tw_boards|twse:twse_openapi|tpex:twse_isin_strMode4|esb:twse_isin_strMode5"
"6753.TW","龍德造船工業股份有限公司","TWSE","15","lab.Unmapped","2026-09-13T09:17:24Z","tw_boards|twse:twse_openapi|tpex:twse_isin_strMode4|esb:twse_isin_strMode5"
"6754.TW","匯僑室內裝修設計股份有限公司","TWSE","38","lab.Unmapped","2026-09-13T09:17:24Z","tw_boards|twse:twse_openapi|tpex:twse_isin_strMode4|esb:twse_isin_strMode5"
"6756.TW","威鋒電子股份有限公司","TWSE","24","lab.Unmapped","2026-09-13T09:17:24Z","tw_boards|twse:twse_openapi|tpex:twse_isin_strMode4|esb:twse_isin_strMode5"
"6757.TW","台灣虎航股份有限公司","TWSE","15","lab.Unmapped","2026-09-13T09:17:24Z","tw_boards|twse:twse_openapi|tpex:twse_isin_strMode4|esb:twse_isin_strMode5"
"6768.TW","志強國際企業股份有限公司","TWSE","37","lab.Unmapped","2026-09-13T09:17:24Z","tw_boards|twse:twse_openapi|tpex:twse_isin_strMode4|esb:twse_isin_strMode5"
"6770.TW","力晶積成電子製造股份有限公司","TWSE","24","lab.Unmapped","2026-09-13T09:17:24Z","tw_boards|twse:twse_openapi|tpex:twse_isin_strMode4|esb:twse_isin_strMode5"
"6771.TW","平和環保科技股份有限公司","TWSE","35","lab.Unmapped","2026-09-13T09:17:24Z","tw_boards|twse:twse_openapi|tpex:twse_isin_strMode4|esb:twse_isin_strMode5"
"6776.TW","展碁國際股份有限公司","TWSE","29","lab.Unmapped","2026-09-13T09:17:24Z","tw_boards|twse:twse_openapi|tpex:twse_isin_strMode4|esb:twse_isin_strMode5"
"6781.TW","AES Holding Co., Ltd.","TWSE","28","lab.Unmapped","2026-09-13T09:17:24Z","tw_boards|twse:twse_openapi|tpex:twse_isin_strMode4|esb:twse_isin_strMode5"
"6782.TW","視陽光學股份有限公司","TWSE","22","lab.Unmapped","2026-09-13T09:17:24Z","tw_boards|twse:twse_openapi|tpex:twse_isin_strMode4|esb:twse_isin_strMode5"
"6789.TW","采鈺科技股份有限公司","TWSE","24","lab.Unmapped","2026-09-13T09:17:24Z","tw_boards|twse:twse_openapi|tpex:twse_isin_strMode4|esb:twse_isin_strMode5"
"6790.TW","永豐餘消費品實業股份有限公司","TWSE","09","lab.Unmapped","2026-09-13T09:17:24Z","tw_boards|twse:twse_openapi|tpex:twse_isin_strMode4|esb:twse_isin_strMode5"
"6792.TW","詠業科技股份有限公司","TWSE","27","lab.Unmapped","2026-09-13T09:17:24Z","tw_boards|twse:twse_openapi|tpex:twse_isin_strMode4|esb:twse_isin_strMode5"
"6794.TW","向榮生醫科技股份有限公司","TWSE","22","lab.Unmapped","2026-09-13T09:17:24Z","tw_boards|twse:twse_openapi|tpex:twse_isin_strMode4|esb:twse_isin_strMode5"
"6796.TW","晉弘科技股份有限公司","TWSE","22","lab.Unmapped","2026-09-13T09:17:24Z","tw_boards|twse:twse_openapi|tpex:twse_isin_strMode4|esb:twse_isin_strMode5"
"6799.TW","來頡科技股份有限公司","TWSE","24","lab.Unmapped","2026-09-13T09:17:24Z","tw_boards|twse:twse_openapi|tpex:twse_isin_strMode4|esb:twse_isin_strMode5"
"6805.TW","富世達股份有限公司","TWSE","28","lab.Unmapped","2026-09-13T09:17:24Z","tw_boards|twse:twse_openapi|tpex:twse_isin_strMode4|esb:twse_isin_strMode5"
"6807.TW","峰源集團股份有限公司","TWSE","38","lab.Unmapped","2026-09-13T09:17:24Z","tw_boards|twse:twse_openapi|tpex:twse_isin_strMode4|esb:twse_isin_strMode5"
"6830.TW","汎銓科技股份有限公司","TWSE","31","lab.Unmapped","2026-09-13T09:17:24Z","tw_boards|twse:twse_openapi|tpex:twse_isin_strMode4|esb:twse_isin_strMode5"
"6831.TW","邁&#33834;科技股份有限公司","TWSE","25","lab.Unmapped","2026-09-13T09:17:24Z","tw_boards|twse:twse_openapi|tpex:twse_isin_strMode4|esb:twse_isin_strMode5"
"6834.TW","天二科技股份有限公司","TWSE","28","lab.Unmapped","2026-09-13T09:17:24Z","tw_boards|twse:twse_openapi|tpex:twse_isin_strMode4|esb:twse_isin_strMode5"
"6835.TW","圓裕企業股份有限公司","TWSE","28","lab.Unmapped","2026-09-13T09:17:24Z","tw_boards|twse:twse_openapi|tpex:twse_isin_strMode4|esb:twse_isin_strMode5"
"6838.TW","台新藥股份有限公司","TWSE","22","lab.Unmapped","2026-09-13T09:17:24Z","tw_boards|twse:twse_openapi|tpex:twse_isin_strMode4|esb:twse_isin_strMode5"
"6854.TW","PlayNitride Inc.","TWSE","24","lab.Unmapped","2026-09-13T09:17:24Z","tw_boards|twse:twse_openapi|tpex:twse_isin_strMode4|esb:twse_isin_strMode5"
"6861.TW","睿生光電股份有限公司","TWSE","22","lab.Unmapped","2026-09-13T09:17:24Z","tw_boards|twse:twse_openapi|tpex:twse_isin_strMode4|esb:twse_isin_strMode5"
"6862.TW","三集瑞科技國際集團股份有限公司","TWSE","28","lab.Unmapped","2026-09-13T09:17:24Z","tw_boards|twse:twse_openapi|tpex:twse_isin_strMode4|esb:twse_isin_strMode5"
"6863.TW","Arizon RFID Technology","TWSE","27","lab.Unmapped","2026-09-13T09:17:24Z","tw_boards|twse:twse_openapi|tpex:twse_isin_strMode4|esb:twse_isin_strMode5"
"6869.TW","雲豹能源科技股份有限公司","TWSE","35","lab.Unmapped","2026-09-13T09:17:24Z","tw_boards|twse:twse_openapi|tpex:twse_isin_strMode4|esb:twse_isin_strMode5"
"6873.TW","泓德能源科技股份有限公司","TWSE","35","lab.Unmapped","2026-09-13T09:17:24Z","tw_boards|twse:twse_openapi|tpex:twse_isin_strMode4|esb:twse_isin_strMode5"
"6885.TW","全福生物科技股份有限公司","TWSE","22","lab.Unmapped","2026-09-13T09:17:24Z","tw_boards|twse:twse_openapi|tpex:twse_isin_strMode4|esb:twse_isin_strMode5"
"6887.TW","寶綠特資源再生工程股份有限公司","TWSE","35","lab.Unmapped","2026-09-13T09:17:24Z","tw_boards|twse:twse_openapi|tpex:twse_isin_strMode4|esb:twse_isin_strMode5"
"6890.TW","來億興業股份有限公司","TWSE","37","lab.Unmapped","2026-09-13T09:17:24Z","tw_boards|twse:twse_openapi|tpex:twse_isin_strMode4|esb:twse_isin_strMode5"
"6901.TW","鑽石生技投資股份有限公司","TWSE","20","lab.Unmapped","2026-09-13T09:17:24Z","tw_boards|twse:twse_openapi|tpex:twse_isin_strMode4|esb:twse_isin_strMode5"
"6902.TW","走著瞧股份有限公司","TWSE","36","lab.Unmapped","2026-09-13T09:17:24Z","tw_boards|twse:twse_openapi|tpex:twse_isin_strMode4|esb:twse_isin_strMode5"
"6906.TW","現觀科技股份有限公司","TWSE","36","lab.Unmapped","2026-09-13T09:17:24Z","tw_boards|twse:twse_openapi|tpex:twse_isin_strMode4|esb:twse_isin_strMode5"
"6908.TW","宏碁遊戲股份有限公司","TWSE","29","lab.Unmapped","2026-09-13T09:17:24Z","tw_boards|twse:twse_openapi|tpex:twse_isin_strMode4|esb:twse_isin_strMode5"
"6909.TW","創控科技股份有限公司","TWSE","24","lab.Unmapped","2026-09-13T09:17:24Z","tw_boards|twse:twse_openapi|tpex:twse_isin_strMode4|esb:twse_isin_strMode5"
"6914.TW","阜爾運通股份有限公司","TWSE","20","lab.Unmapped","2026-09-13T09:17:24Z","tw_boards|twse:twse_openapi|tpex:twse_isin_strMode4|esb:twse_isin_strMode5"
"6916.TW","華凌光電股份有限公司","TWSE","26","lab.Unmapped","2026-09-13T09:17:24Z","tw_boards|twse:twse_openapi|tpex:twse_isin_strMode4|esb:twse_isin_strMode5"
"6918.TW","愛派司生技股份有限公司","TWSE","22","lab.Unmapped","2026-09-13T09:17:24Z","tw_boards|twse:twse_openapi|tpex:twse_isin_strMode4|esb:twse_isin_strMode5"
"6919.TW","康霈生技股份有限公司","TWSE","22","lab.Unmapped","2026-09-13T09:17:24Z","tw_boards|twse:twse_openapi|tpex:twse_isin_strMode4|esb:twse_isin_strMode5"
"6921.TW","嘉雨思科技股份有限公司","TWSE","24","lab.Unmapped","2026-09-13T09:17:24Z","tw_boards|twse:twse_openapi|tpex:twse_isin_strMode4|esb:twse_isin_strMode5"
"6923.TW","中台資源科技股份有限公司","TWSE","35","lab.Unmapped","2026-09-13T09:17:24Z","tw_boards|twse:twse_openapi|tpex:twse_isin_strMode4|esb:twse_isin_strMode5"
"6924.TW","榮惠集團(開曼)股份有限公司","TWSE","28","lab.Unmapped","2026-09-13T09:17:24Z","tw_boards|twse:twse_openapi|tpex:twse_isin_strMode4|esb:twse_isin_strMode5"
"6928.TW","攸泰科技股份有限公司","TWSE","25","lab.Unmapped","2026-09-13T09:17:24Z","tw_boards|twse:twse_openapi|tpex:twse_isin_strMode4|esb:twse_isin_strMode5"
"6931.TW","青松健康股份有限公司","TWSE","22","lab.Unmapped","2026-09-13T09:17:24Z","tw_boards|twse:twse_openapi|tpex:twse_isin_strMode4|esb:twse_isin_strMode5"
"6933.TW","艾瑪斯科技控股股份有限公司","TWSE","25","lab.Unmapped","2026-09-13T09:17:24Z","tw_boards|twse:twse_openapi|tpex:twse_isin_strMode4|esb:twse_isin_strMode5"
"6934.TW","心誠鎂行動醫電股份有限公司","TWSE","22","lab.Unmapped","2026-09-13T09:17:24Z","tw_boards|twse:twse_openapi|tpex:twse_isin_strMode4|esb:twse_isin_strMode5"
"6936.TW","永鴻國際生技股份有限公司","TWSE","22","lab.Unmapped","2026-09-13T09:17:24Z","tw_boards|twse:twse_openapi|tpex:twse_isin_strMode4|esb:twse_isin_strMode5"
"6937.TW","天虹科技股份有限公司","TWSE","24","lab.Unmapped","2026-09-13T09:17:24Z","tw_boards|twse:twse_openapi|tpex:twse_isin_strMode4|esb:twse_isin_strMode5"
"6944.TW","兆聯實業股份有限公司","TWSE","35","lab.Unmapped","2026-09-13T09:17:24Z","tw_boards|twse:twse_openapi|tpex:twse_isin_strMode4|esb:twse_isin_strMode5"
"6947.TW","台鎔科技材料股份有限公司","TWSE","35","lab.Unmapped","2026-09-13T09:17:24Z","tw_boards|twse:twse_openapi|tpex:twse_isin_strMode4|esb:twse_isin_strMode5"
"6949.TW","沛爾生技醫藥股份有限公司","TWSE","22","lab.Unmapped","2026-09-13T09:17:24Z","tw_boards|twse:twse_openapi|tpex:twse_isin_strMode4|esb:twse_isin_strMode5"
"6951.TW","青新環境工程股份有限公司","TWSE","35","lab.Unmapped","2026-09-13T09:17:24Z","tw_boards|twse:twse_openapi|tpex:twse_isin_strMode4|esb:twse_isin_strMode5"
"6952.TW","大武山牧場科技股份有限公司","TWSE","20","lab.Unmapped","2026-09-13T09:17:24Z","tw_boards|twse:twse_openapi|tpex:twse_isin_strMode4|esb:twse_isin_strMode5"
"6955.TW","邦睿生技股份有限公司","TWSE","22","lab.Unmapped","2026-09-13T09:17:24Z","tw_boards|twse:twse_openapi|tpex:twse_isin_strMode4|esb:twse_isin_strMode5"
"6957.TW","裕慶金屬股份有限公司","TWSE","20","lab.Unmapped","2026-09-13T09:17:24Z","tw_boards|twse:twse_openapi|tpex:twse_isin_strMode4|esb:twse_isin_strMode5"
"6958.TW","日盛台駿國際租賃股份有限公司","TWSE","20","lab.Unmapped","2026-09-13T09:17:24Z","tw_boards|twse:twse_openapi|tpex:twse_isin_strMode4|esb:twse_isin_strMode5"
"6962.TW","ITH Corporation","TWSE","24","lab.Unmapped","2026-09-13T09:17:24Z","tw_boards|twse:twse_openapi|tpex:twse_isin_strMode4|esb:twse_isin_strMode5"
"6965.TW","中傑投資控股股份有限公司","TWSE","37","lab.Unmapped","2026-09-13T09:17:24Z","tw_boards|twse:twse_openapi|tpex:twse_isin_strMode4|esb:twse_isin_strMode5"
"6969.TW","成信實業股份有限公司","TWSE","35","lab.Unmapped","2026-09-13T09:17:24Z","tw_boards|twse:twse_openapi|tpex:twse_isin_strMode4|esb:twse_isin_strMode5"
"6988.TW","威力暘電子股份有限公司","TWSE","12","lab.Unmapped","2026-09-13T09:17:24Z","tw_boards|twse:twse_openapi|tpex:twse_isin_strMode4|esb:twse_isin_strMode5"
"6994.TW","富威電力股份有限公司","TWSE","35","lab.Unmapped","2026-09-13T09:17:24Z","tw_boards|twse:twse_openapi|tpex:twse_isin_strMode4|esb:twse_isin_strMode5"
"7610.TW","聯友金屬科技股份有限公司","TWSE","35","lab.Unmapped","2026-09-13T09:17:24Z","tw_boards|twse:twse_openapi|tpex:twse_isin_strMode4|esb:twse_isin_strMode5"
"7631.TW","聚賢研發股份有限公司","TWSE","31","lab.Unmapped","2026-09-13T09:17:24Z","tw_boards|twse:twse_openapi|tpex:twse_isin_strMode4|esb:twse_isin_strMode5"
"7689.TW","大鵬科技股份有限公司","TWSE","27","lab.Unmapped","2026-09-13T09:17:24Z","tw_boards|twse:twse_openapi|tpex:twse_isin_strMode4|esb:twse_isin_strMode5"
"7705.TW","三商餐飲股份有限公司","TWSE","16","lab.Unmapped","2026-09-13T09:17:24Z","tw_boards|twse:twse_openapi|tpex:twse_isin_strMode4|esb:twse_isin_strMode5"
"7711.TW","永擎電子股份有限公司","TWSE","25","lab.Unmapped","2026-09-13T09:17:24Z","tw_boards|twse:twse_openapi|tpex:twse_isin_strMode4|esb:twse_isin_strMode5"
"7721.TW","微程式資訊股份有限公司","TWSE","36","lab.Unmapped","2026-09-13T09:17:24Z","tw_boards|twse:twse_openapi|tpex:twse_isin_strMode4|esb:twse_isin_strMode5"
"7722.TW","連加網路商業股份有限公司","TWSE","36","lab.Unmapped","2026-09-13T09:17:24Z","tw_boards|twse:twse_openapi|tpex:twse_isin_strMode4|esb:twse_isin_strMode5"
"7730.TW","暉盛科技股份有限公司","TWSE","24","lab.Unmapped","2026-09-13T09:17:24Z","tw_boards|twse:twse_openapi|tpex:twse_isin_strMode4|esb:twse_isin_strMode5"
"7732.TW","金興精密工業股份有限公司","TWSE","12","lab.Unmapped","2026-09-13T09:17:24Z","tw_boards|twse:twse_openapi|tpex:twse_isin_strMode4|esb:twse_isin_strMode5"
"7736.TW","虎山實業股份有限公司","TWSE","12","lab.Unmapped","2026-09-13T09:17:24Z","tw_boards|twse:twse_openapi|tpex:twse_isin_strMode4|esb:twse_isin_strMode5"
"7740.TW","熙特爾新能源股份有限公司","TWSE","35","lab.Unmapped","2026-09-13T09:17:24Z","tw_boards|twse:twse_openapi|tpex:twse_isin_strMode4|esb:twse_isin_strMode5"
"7749.TW","意騰科技股份有限公司","TWSE","24","lab.Unmapped","2026-09-13T09:17:24Z","tw_boards|twse:twse_openapi|tpex:twse_isin_strMode4|esb:twse_isin_strMode5"
"7750.TW","新代科技股份有限公司","TWSE","05","lab.Unmapped","2026-09-13T09:17:24Z","tw_boards|twse:twse_openapi|tpex:twse_isin_strMode4|esb:twse_isin_strMode5"
"7760.TW","享溫馨企業股份有限公司","TWSE","16","lab.Unmapped","2026-09-13T09:17:24Z","tw_boards|twse:twse_openapi|tpex:twse_isin_strMode4|esb:twse_isin_strMode5"
"7765.TW","中華資安國際股份有限公司","TWSE","36","lab.Unmapped","2026-09-13T09:17:24Z","tw_boards|twse:twse_openapi|tpex:twse_isin_strMode4|esb:twse_isin_strMode5"
"7768.TW","頌勝科技材料股份有限公司","TWSE","24","lab.Unmapped","2026-09-13T09:17:24Z","tw_boards|twse:twse_openapi|tpex:twse_isin_strMode4|esb:twse_isin_strMode5"
"7769.TW","鴻勁精密股份有限公司","TWSE","24","lab.Unmapped","2026-09-13T09:17:24Z","tw_boards|twse:twse_openapi|tpex:twse_isin_strMode4|esb:twse_isin_strMode5"
"7780.TW","大研生醫國際股份有限公司","TWSE","02","lab.Unmapped","2026-09-13T09:17:24Z","tw_boards|twse:twse_openapi|tpex:twse_isin_strMode4|esb:twse_isin_strMode5"
"7786.TW","東方風能科技股份有限公司","TWSE","35","lab.Unmapped","2026-09-13T09:17:24Z","tw_boards|twse:twse_openapi|tpex:twse_isin_strMode4|esb:twse_isin_strMode5"
"7788.TW","松川精密股份有限公司","TWSE","28","lab.Unmapped","2026-09-13T09:17:24Z","tw_boards|twse:twse_openapi|tpex:twse_isin_strMode4|esb:twse_isin_strMode5"
"7791.TW","皇家可口股份有限公司","TWSE","02","lab.Unmapped","2026-09-13T09:17:24Z","tw_boards|twse:twse_openapi|tpex:twse_isin_strMode4|esb:twse_isin_strMode5"
"7795.TW","長廣精機股份有限公司","TWSE","28","lab.Unmapped","2026-09-13T09:17:24Z","tw_boards|twse:twse_openapi|tpex:twse_isin_strMode4|esb:twse_isin_strMode5"
"7799.TW","禾榮科技股份有限公司","TWSE","22","lab.Unmapped","2026-09-13T09:17:24Z","tw_boards|twse:twse_openapi|tpex:twse_isin_strMode4|esb:twse_isin_strMode5"
"7803.TW","雲象科技股份有限公司","TWSE","22","lab.Unmapped","2026-09-13T09:17:24Z","tw_boards|twse:twse_openapi|tpex:twse_isin_strMode4|esb:twse_isin_strMode5"
"7818.TW","溢泰實業股份有限公司","TWSE","35","lab.Unmapped","2026-09-13T09:17:24Z","tw_boards|twse:twse_openapi|tpex:twse_isin_strMode4|esb:twse_isin_strMode5"
"7821.TW","神達數位股份有限公司","TWSE","12","lab.Unmapped","2026-09-13T09:17:24Z","tw_boards|twse:twse_openapi|tpex:twse_isin_strMode4|esb:twse_isin_strMode5"
"7822.TW","倍利科技股份有限公司","TWSE","24","lab.Unmapped","2026-09-13T09:17:24Z","tw_boards|twse:twse_openapi|tpex:twse_isin_strMode4|esb:twse_isin_strMode5"
"7823.TW","奧義賽博科技股份有限公司","TWSE","36","lab.Unmapped","2026-09-13T09:17:24Z","tw_boards|twse:twse_openapi|tpex:twse_isin_strMode4|esb:twse_isin_strMode5"
"7827.TW","英屬開曼群島商漢康生技(股)公司","TWSE","22","lab.Unmapped","2026-09-13T09:17:24Z","tw_boards|twse:twse_openapi|tpex:twse_isin_strMode4|esb:twse_isin_strMode5"
"7835.TW","永悅健康股份有限公司","TWSE","36","lab.Unmapped","2026-09-13T09:17:24Z","tw_boards|twse:twse_openapi|tpex:twse_isin_strMode4|esb:twse_isin_strMode5"
"7855.TW","和運租車股份有限公司","TWSE","20","lab.Unmapped","2026-09-13T09:17:24Z","tw_boards|twse:twse_openapi|tpex:twse_isin_strMode4|esb:twse_isin_strMode5"
"8011.TW","台通光電股份有限公司","TWSE","27","lab.Unmapped","2026-09-13T09:17:24Z","tw_boards|twse:twse_openapi|tpex:twse_isin_strMode4|esb:twse_isin_strMode5"
"8016.TW","矽創電子股份有限公司","TWSE","24","lab.Unmapped","2026-09-13T09:17:24Z","tw_boards|twse:twse_openapi|tpex:twse_isin_strMode4|esb:twse_isin_strMode5"
"8021.TW","尖點科技股份有限公司","TWSE","31","lab.Unmapped","2026-09-13T09:17:24Z","tw_boards|twse:twse_openapi|tpex:twse_isin_strMode4|esb:twse_isin_strMode5"
"8028.TW","昇陽國際半導體股份有限公司","TWSE","24","lab.Unmapped","2026-09-13T09:17:24Z","tw_boards|twse:twse_openapi|tpex:twse_isin_strMode4|esb:twse_isin_strMode5"
"8033.TW","雷虎科技股份有限公司","TWSE","20","lab.Unmapped","2026-09-13T09:17:24Z","tw_boards|twse:twse_openapi|tpex:twse_isin_strMode4|esb:twse_isin_strMode5"
"8039.TW","台虹科技股份有限公司","TWSE","28","lab.Unmapped","2026-09-13T09:17:24Z","tw_boards|twse:twse_openapi|tpex:twse_isin_strMode4|esb:twse_isin_strMode5"
"8045.TW","達運光電股份有限公司","TWSE","27","lab.Unmapped","2026-09-13T09:17:24Z","tw_boards|twse:twse_openapi|tpex:twse_isin_strMode4|esb:twse_isin_strMode5"
"8046.TW","南亞電路板股份有限公司","TWSE","28","lab.Unmapped","2026-09-13T09:17:24Z","tw_boards|twse:twse_openapi|tpex:twse_isin_strMode4|esb:twse_isin_strMode5"
"8070.TW","長華電材股份有限公司","TWSE","29","lab.Unmapped","2026-09-13T09:17:24Z","tw_boards|twse:twse_openapi|tpex:twse_isin_strMode4|esb:twse_isin_strMode5"
"8072.TW","陞泰科技股份有限公司","TWSE","29","lab.Unmapped","2026-09-13T09:17:24Z","tw_boards|twse:twse_openapi|tpex:twse_isin_strMode4|esb:twse_isin_strMode5"
"8081.TW","致新科技股份有限公司","TWSE","24","lab.Unmapped","2026-09-13T09:17:24Z","tw_boards|twse:twse_openapi|tpex:twse_isin_strMode4|esb:twse_isin_strMode5"
"8101.TW","華冠通訊股份有限公司","TWSE","27","lab.Unmapped","2026-09-13T09:17:24Z","tw_boards|twse:twse_openapi|tpex:twse_isin_strMode4|esb:twse_isin_strMode5"
"8103.TW","瀚荃股份有限公司","TWSE","28","lab.Unmapped","2026-09-13T09:17:24Z","tw_boards|twse:twse_openapi|tpex:twse_isin_strMode4|esb:twse_isin_strMode5"
"8104.TW","錸寶科技股份有限公司","TWSE","26","lab.Unmapped","2026-09-13T09:17:24Z","tw_boards|twse:twse_openapi|tpex:twse_isin_strMode4|esb:twse_isin_strMode5"
"8105.TW","凌巨科技股份有限公司","TWSE","26","lab.Unmapped","2026-09-13T09:17:24Z","tw_boards|twse:twse_openapi|tpex:twse_isin_strMode4|esb:twse_isin_strMode5"
"8110.TW","華東科技股份有限公司","TWSE","24","lab.Unmapped","2026-09-13T09:17:24Z","tw_boards|twse:twse_openapi|tpex:twse_isin_strMode4|esb:twse_isin_strMode5"
"8112.TW","至上電子股份有限公司","TWSE","29","lab.Unmapped","2026-09-13T09:17:24Z","tw_boards|twse:twse_openapi|tpex:twse_isin_strMode4|esb:twse_isin_strMode5"
"8114.TW","振樺電子股份有限公司","TWSE","25","lab.Unmapped","2026-09-13T09:17:24Z","tw_boards|twse:twse_openapi|tpex:twse_isin_strMode4|esb:twse_isin_strMode5"
"8131.TW","福懋科技股份有限公司","TWSE","24","lab.Unmapped","2026-09-13T09:17:24Z","tw_boards|twse:twse_openapi|tpex:twse_isin_strMode4|esb:twse_isin_strMode5"
"8150.TW","南茂科技股份有限公司","TWSE","24","lab.Unmapped","2026-09-13T09:17:24Z","tw_boards|twse:twse_openapi|tpex:twse_isin_strMode4|esb:twse_isin_strMode5"
"8162.TW","微矽電子股份有限公司","TWSE","24","lab.Unmapped","2026-09-13T09:17:24Z","tw_boards|twse:twse_openapi|tpex:twse_isin_strMode4|esb:twse_isin_strMode5"
"8163.TW","達方電子股份有限公司","TWSE","25","lab.Unmapped","2026-09-13T09:17:24Z","tw_boards|twse:twse_openapi|tpex:twse_isin_strMode4|esb:twse_isin_strMode5"
"8201.TW","無敵科技股份有限公司","TWSE","31","lab.Unmapped","2026-09-13T09:17:24Z","tw_boards|twse:twse_openapi|tpex:twse_isin_strMode4|esb:twse_isin_strMode5"
"8210.TW","勤誠興業股份有限公司","TWSE","25","lab.Unmapped","2026-09-13T09:17:24Z","tw_boards|twse:twse_openapi|tpex:twse_isin_strMode4|esb:twse_isin_strMode5"
"8213.TW","志超科技股份有限公司","TWSE","28","lab.Unmapped","2026-09-13T09:17:24Z","tw_boards|twse:twse_openapi|tpex:twse_isin_strMode4|esb:twse_isin_strMode5"
"8215.TW","明基材料股份有限公司","TWSE","26","lab.Unmapped","2026-09-13T09:17:24Z","tw_boards|twse:twse_openapi|tpex:twse_isin_strMode4|esb:twse_isin_strMode5"
"8222.TW","寶一科技股份有限公司","TWSE","05","lab.Unmapped","2026-09-13T09:17:24Z","tw_boards|twse:twse_openapi|tpex:twse_isin_strMode4|esb:twse_isin_strMode5"
"8249.TW","菱光科技股份有限公司","TWSE","28","lab.Unmapped","2026-09-13T09:17:24Z","tw_boards|twse:twse_openapi|tpex:twse_isin_strMode4|esb:twse_isin_strMode5"
"8261.TW","富鼎先進電子股份有限公司","TWSE","24","lab.Unmapped","2026-09-13T09:17:24Z","tw_boards|twse:twse_openapi|tpex:twse_isin_strMode4|esb:twse_isin_strMode5"
"8271.TW","宇瞻科技股份有限公司","TWSE","24","lab.Unmapped","2026-09-13T09:17:24Z","tw_boards|twse:twse_openapi|tpex:twse_isin_strMode4|esb:twse_isin_strMode5"
"8341.TW","日友環保科技股份有限公司","TWSE","35","lab.Unmapped","2026-09-13T09:17:24Z","tw_boards|twse:twse_openapi|tpex:twse_isin_strMode4|esb:twse_isin_strMode5"
"8367.TW","建新國際股份有限公司","TWSE","15","lab.Unmapped","2026-09-13T09:17:24Z","tw_boards|twse:twse_openapi|tpex:twse_isin_strMode4|esb:twse_isin_strMode5"
"8374.TW","羅昇企業股份有限公司","TWSE","05","lab.Unmapped","2026-09-13T09:17:24Z","tw_boards|twse:twse_openapi|tpex:twse_isin_strMode4|esb:twse_isin_strMode5"
"8404.TW","百和興業股份有限公司(開曼)","TWSE","20","lab.Unmapped","2026-09-13T09:17:24Z","tw_boards|twse:twse_openapi|tpex:twse_isin_strMode4|esb:twse_isin_strMode5"
"8411.TW","福貞控股股份有限公司","TWSE","20","lab.Unmapped","2026-09-13T09:17:24Z","tw_boards|twse:twse_openapi|tpex:twse_isin_strMode4|esb:twse_isin_strMode5"
"8422.TW","可寧衛股份有限公司","TWSE","35","lab.Unmapped","2026-09-13T09:17:24Z","tw_boards|twse:twse_openapi|tpex:twse_isin_strMode4|esb:twse_isin_strMode5"
"8429.TW","金麗集團控股有限公司","TWSE","18","lab.Unmapped","2026-09-13T09:17:24Z","tw_boards|twse:twse_openapi|tpex:twse_isin_strMode4|esb:twse_isin_strMode5"
"8438.TW","昶昕實業股份有限公司","TWSE","35","lab.Unmapped","2026-09-13T09:17:24Z","tw_boards|twse:twse_openapi|tpex:twse_isin_strMode4|esb:twse_isin_strMode5"
"8442.TW","威宏控股股份有限公司","TWSE","20","lab.Unmapped","2026-09-13T09:17:24Z","tw_boards|twse:twse_openapi|tpex:twse_isin_strMode4|esb:twse_isin_strMode5"
"8443.TW","阿瘦實業股份有限公司","TWSE","18","lab.Unmapped","2026-09-13T09:17:24Z","tw_boards|twse:twse_openapi|tpex:twse_isin_strMode4|esb:twse_isin_strMode5"
"8454.TW","富邦媒體科技股份有限公司","TWSE","36","lab.Unmapped","2026-09-13T09:17:24Z","tw_boards|twse:twse_openapi|tpex:twse_isin_strMode4|esb:twse_isin_strMode5"
"8462.TW","柏文健康事業股份有限公司","TWSE","37","lab.Unmapped","2026-09-13T09:17:24Z","tw_boards|twse:twse_openapi|tpex:twse_isin_strMode4|esb:twse_isin_strMode5"
"8463.TW","潤泰精密材料股份有限公司","TWSE","20","lab.Unmapped","2026-09-13T09:17:24Z","tw_boards|twse:twse_openapi|tpex:twse_isin_strMode4|esb:twse_isin_strMode5"
"8464.TW","億豐綜合工業股份有限公司","TWSE","38","lab.Unmapped","2026-09-13T09:17:24Z","tw_boards|twse:twse_openapi|tpex:twse_isin_strMode4|esb:twse_isin_strMode5"
"8466.TW","美吉吉國際股份有限公司","TWSE","20","lab.Unmapped","2026-09-13T09:17:24Z","tw_boards|twse:twse_openapi|tpex:twse_isin_strMode4|esb:twse_isin_strMode5"
"8467.TW","波力環球企業股份有限公司","TWSE","37","lab.Unmapped","2026-09-13T09:17:24Z","tw_boards|twse:twse_openapi|tpex:twse_isin_strMode4|esb:twse_isin_strMode5"
"8473.TW","山林水環境工程股份有限公司","TWSE","35","lab.Unmapped","2026-09-13T09:17:24Z","tw_boards|twse:twse_openapi|tpex:twse_isin_strMode4|esb:twse_isin_strMode5"
"8476.TW","台境企業股份有限公司","TWSE","35","lab.Unmapped","2026-09-13T09:17:24Z","tw_boards|twse:twse_openapi|tpex:twse_isin_strMode4|esb:twse_isin_strMode5"
"8478.TW","東哥企業股份有限公司","TWSE","37","lab.Unmapped","2026-09-13T09:17:24Z","tw_boards|twse:twse_openapi|tpex:twse_isin_strMode4|esb:twse_isin_strMode5"
"8481.TW","政伸企業股份有限公司","TWSE","20","lab.Unmapped","2026-09-13T09:17:24Z","tw_boards|twse:twse_openapi|tpex:twse_isin_strMode4|esb:twse_isin_strMode5"
"8482.TW","商億全球控股有限公司","TWSE","38","lab.Unmapped","2026-09-13T09:17:24Z","tw_boards|twse:twse_openapi|tpex:twse_isin_strMode4|esb:twse_isin_strMode5"
"8487.TW","愛爾達科技股份有限公司","TWSE","36","lab.Unmapped","2026-09-13T09:17:24Z","tw_boards|twse:twse_openapi|tpex:twse_isin_strMode4|esb:twse_isin_strMode5"
"8488.TW","吉源控股股份有限公司","TWSE","20","lab.Unmapped","2026-09-13T09:17:24Z","tw_boards|twse:twse_openapi|tpex:twse_isin_strMode4|esb:twse_isin_strMode5"
"8499.TW","鼎炫投資控股股份有限公司","TWSE","31","lab.Unmapped","2026-09-13T09:17:24Z","tw_boards|twse:twse_openapi|tpex:twse_isin_strMode4|esb:twse_isin_strMode5"
"8926.TW","台灣汽電共生股份有限公司","TWSE","23","lab.Unmapped","2026-09-13T09:17:24Z","tw_boards|twse:twse_openapi|tpex:twse_isin_strMode4|esb:twse_isin_strMode5"
"8940.TW","新天地國際實業股份有限公司","TWSE","16","lab.Unmapped","2026-09-13T09:17:24Z","tw_boards|twse:twse_openapi|tpex:twse_isin_strMode4|esb:twse_isin_strMode5"
"8996.TW","高力熱處理工業股份有限公司","TWSE","05","lab.Unmapped","2026-09-13T09:17:24Z","tw_boards|twse:twse_openapi|tpex:twse_isin_strMode4|esb:twse_isin_strMode5"
"9103.TW","美德向邦醫療國際股份有限公司","TWSE","91","lab.Unmapped","2026-09-13T09:17:24Z","tw_boards|twse:twse_openapi|tpex:twse_isin_strMode4|esb:twse_isin_strMode5"
"910322.TW","康師傅控股有限公司","TWSE","91","lab.Unmapped","2026-09-13T09:17:24Z","tw_boards|twse:twse_openapi|tpex:twse_isin_strMode4|esb:twse_isin_strMode5"
"9105.TW","泰金寶科技股份有限公司","TWSE","91","lab.Unmapped","2026-09-13T09:17:24Z","tw_boards|twse:twse_openapi|tpex:twse_isin_strMode4|esb:twse_isin_strMode5"
"910861.TW","神州數碼控股有限公司","TWSE","91","lab.Unmapped","2026-09-13T09:17:24Z","tw_boards|twse:twse_openapi|tpex:twse_isin_strMode4|esb:twse_isin_strMode5"
"9110.TW","越南製造加工出口控股有限公司","TWSE","91","lab.Unmapped","2026-09-13T09:17:24Z","tw_boards|twse:twse_openapi|tpex:twse_isin_strMode4|esb:twse_isin_strMode5"
"911608.TW","明輝環球企業有限公司","TWSE","91","lab.Unmapped","2026-09-13T09:17:24Z","tw_boards|twse:twse_openapi|tpex:twse_isin_strMode4|esb:twse_isin_strMode5"
"911622.TW","聚亨企業集團(泰國)大眾有限公司","TWSE","91","lab.Unmapped","2026-09-13T09:17:24Z","tw_boards|twse:twse_openapi|tpex:twse_isin_strMode4|esb:twse_isin_strMode5"
"911868.TW","同方友友控股有限公司","TWSE","91","lab.Unmapped","2026-09-13T09:17:24Z","tw_boards|twse:twse_openapi|tpex:twse_isin_strMode4|esb:twse_isin_strMode5"
"912000.TW","晨訊科技集團有限公司","TWSE","91","lab.Unmapped","2026-09-13T09:17:24Z","tw_boards|twse:twse_openapi|tpex:twse_isin_strMode4|esb:twse_isin_strMode5"
"9136.TW","巨騰國際控股有限公司","TWSE","91","lab.Unmapped","2026-09-13T09:17:24Z","tw_boards|twse:twse_openapi|tpex:twse_isin_strMode4|esb:twse_isin_strMode5"
"9802.TW","鈺齊國際股份有限公司","TWSE","37","lab.Unmapped","2026-09-13T09:17:24Z","tw_boards|twse:twse_openapi|tpex:twse_isin_strMode4|esb:twse_isin_strMode5"
"9902.TW","台火開發股份有限公司","TWSE","20","lab.Unmapped","2026-09-13T09:17:24Z","tw_boards|twse:twse_openapi|tpex:twse_isin_strMode4|esb:twse_isin_strMode5"
"9904.TW","寶成工業股份有限公司","TWSE","37","lab.Unmapped","2026-09-13T09:17:24Z","tw_boards|twse:twse_openapi|tpex:twse_isin_strMode4|esb:twse_isin_strMode5"
"9905.TW","大華金屬工業股份有限公司","TWSE","20","lab.Unmapped","2026-09-13T09:17:24Z","tw_boards|twse:twse_openapi|tpex:twse_isin_strMode4|esb:twse_isin_strMode5"
"9906.TW","欣巴巴事業股份有限公司","TWSE","14","lab.Unmapped","2026-09-13T09:17:24Z","tw_boards|twse:twse_openapi|tpex:twse_isin_strMode4|esb:twse_isin_strMode5"
"9907.TW","統一實業股份有限公司","TWSE","20","lab.Unmapped","2026-09-13T09:17:24Z","tw_boards|twse:twse_openapi|tpex:twse_isin_strMode4|esb:twse_isin_strMode5"
"9908.TW","大台北區瓦斯股份有限公司","TWSE","23","lab.Unmapped","2026-09-13T09:17:24Z","tw_boards|twse:twse_openapi|tpex:twse_isin_strMode4|esb:twse_isin_strMode5"
"9910.TW","豐泰企業股份有限公司","TWSE","37","lab.Unmapped","2026-09-13T09:17:24Z","tw_boards|twse:twse_openapi|tpex:twse_isin_strMode4|esb:twse_isin_strMode5"
"9911.TW","台灣櫻花股份有限公司","TWSE","38","lab.Unmapped","2026-09-13T09:17:24Z","tw_boards|twse:twse_openapi|tpex:twse_isin_strMode4|esb:twse_isin_strMode5"
"9912.TW","偉聯科技股份有限公司","TWSE","25","lab.Unmapped","2026-09-13T09:17:24Z","tw_boards|twse:twse_openapi|tpex:twse_isin_strMode4|esb:twse_isin_strMode5"
"9914.TW","美利達工業股份有限公司","TWSE","37","lab.Unmapped","2026-09-13T09:17:24Z","tw_boards|twse:twse_openapi|tpex:twse_isin_strMode4|esb:twse_isin_strMode5"
"9917.TW","中興保全科技股份有限公司","TWSE","20","lab.Unmapped","2026-09-13T09:17:24Z","tw_boards|twse:twse_openapi|tpex:twse_isin_strMode4|esb:twse_isin_strMode5"
"9918.TW","欣欣天然氣股份有限公司","TWSE","23","lab.Unmapped","2026-09-13T09:17:24Z","tw_boards|twse:twse_openapi|tpex:twse_isin_strMode4|esb:twse_isin_strMode5"
"9919.TW","康那香企業股份有限公司","TWSE","20","lab.Unmapped","2026-09-13T09:17:24Z","tw_boards|twse:twse_openapi|tpex:twse_isin_strMode4|esb:twse_isin_strMode5"
"9921.TW","巨大機械工業股份有限公司","TWSE","37","lab.Unmapped","2026-09-13T09:17:24Z","tw_boards|twse:twse_openapi|tpex:twse_isin_strMode4|esb:twse_isin_strMode5"
"9924.TW","台灣福興工業股份有限公司","TWSE","38","lab.Unmapped","2026-09-13T09:17:24Z","tw_boards|twse:twse_openapi|tpex:twse_isin_strMode4|esb:twse_isin_strMode5"
"9925.TW","台灣新光保全股份有限公司","TWSE","20","lab.Unmapped","2026-09-13T09:17:24Z","tw_boards|twse:twse_openapi|tpex:twse_isin_strMode4|esb:twse_isin_strMode5"
"9926.TW","新海瓦斯股份有限公司","TWSE","23","lab.Unmapped","2026-09-13T09:17:24Z","tw_boards|twse:twse_openapi|tpex:twse_isin_strMode4|esb:twse_isin_strMode5"
"9927.TW","泰銘實業股份有限公司","TWSE","20","lab.Unmapped","2026-09-13T09:17:24Z","tw_boards|twse:twse_openapi|tpex:twse_isin_strMode4|esb:twse_isin_strMode5"
"9928.TW","中國電視事業股份有限公司","TWSE","20","lab.Unmapped","2026-09-13T09:17:24Z","tw_boards|twse:twse_openapi|tpex:twse_isin_strMode4|esb:twse_isin_strMode5"
"9929.TW","秋雨創新股份有限公司","TWSE","20","lab.Unmapped","2026-09-13T09:17:24Z","tw_boards|twse:twse_openapi|tpex:twse_isin_strMode4|esb:twse_isin_strMode5"
"9930.TW","中聯資源股份有限公司","TWSE","35","lab.Unmapped","2026-09-13T09:17:24Z","tw_boards|twse:twse_openapi|tpex:twse_isin_strMode4|esb:twse_isin_strMode5"
"9931.TW","欣高石油氣股份有限公司","TWSE","23","lab.Unmapped","2026-09-13T09:17:24Z","tw_boards|twse:twse_openapi|tpex:twse_isin_strMode4|esb:twse_isin_strMode5"
"9933.TW","中鼎工程股份有限公司","TWSE","20","lab.Unmapped","2026-09-13T09:17:24Z","tw_boards|twse:twse_openapi|tpex:twse_isin_strMode4|esb:twse_isin_strMode5"
"9934.TW","成霖企業股份有限公司","TWSE","38","lab.Unmapped","2026-09-13T09:17:24Z","tw_boards|twse:twse_openapi|tpex:twse_isin_strMode4|esb:twse_isin_strMode5"
"9935.TW","慶豐富實業股份有限公司","TWSE","38","lab.Unmapped","2026-09-13T09:17:24Z","tw_boards|twse:twse_openapi|tpex:twse_isin_strMode4|esb:twse_isin_strMode5"
"9937.TW","全國加油站股份有限公司","TWSE","23","lab.Unmapped","2026-09-13T09:17:24Z","tw_boards|twse:twse_openapi|tpex:twse_isin_strMode4|esb:twse_isin_strMode5"
"9938.TW","台灣百和工業股份有限公司","TWSE","20","lab.Unmapped","2026-09-13T09:17:24Z","tw_boards|twse:twse_openapi|tpex:twse_isin_strMode4|esb:twse_isin_strMode5"
"9939.TW","宏全國際股份有限公司","TWSE","20","lab.Unmapped","2026-09-13T09:17:24Z","tw_boards|twse:twse_openapi|tpex:twse_isin_strMode4|esb:twse_isin_strMode5"
"9940.TW","信義房屋股份有限公司","TWSE","20","lab.Unmapped","2026-09-13T09:17:24Z","tw_boards|twse:twse_openapi|tpex:twse_isin_strMode4|esb:twse_isin_strMode5"
"9941.TW","裕融企業股份有限公司","TWSE","20","lab.Unmapped","2026-09-13T09:17:24Z","tw_boards|twse:twse_openapi|tpex:twse_isin_strMode4|esb:twse_isin_strMode5"
"9942.TW","茂順密封元件科技股份有限公司","TWSE","20","lab.Unmapped","2026-09-13T09:17:24Z","tw_boards|twse:twse_openapi|tpex:twse_isin_strMode4|esb:twse_isin_strMode5"
"9943.TW","好樂迪股份有限公司","TWSE","16","lab.Unmapped","2026-09-13T09:17:24Z","tw_boards|twse:twse_openapi|tpex:twse_isin_strMode4|esb:twse_isin_strMode5"
"9944.TW","新麗企業股份有限公司","TWSE","20","lab.Unmapped","2026-09-13T09:17:24Z","tw_boards|twse:twse_openapi|tpex:twse_isin_strMode4|esb:twse_isin_strMode5"
"9945.TW","潤泰創新國際股份有限公司","TWSE","20","lab.Unmapped","2026-09-13T09:17:24Z","tw_boards|twse:twse_openapi|tpex:twse_isin_strMode4|esb:twse_isin_strMode5"
"9946.TW","三發地產股份有限公司","TWSE","14","lab.Unmapped","2026-09-13T09:17:24Z","tw_boards|twse:twse_openapi|tpex:twse_isin_strMode4|esb:twse_isin_strMode5"
"9955.TW","佳龍科技工程股份有限公司","TWSE","35","lab.Unmapped","2026-09-13T09:17:24Z","tw_boards|twse:twse_openapi|tpex:twse_isin_strMode4|esb:twse_isin_strMode5"
"9958.TW","世紀鋼鐵結構股份有限公司","TWSE","10","lab.Unmapped","2026-09-13T09:17:24Z","tw_boards|twse:twse_openapi|tpex:twse_isin_strMode4|esb:twse_isin_strMode5"
"1240.TWO","茂生農經","TPEX","農業科技業","lab.Unmapped","2026-09-13T09:17:24Z","tw_boards|twse:twse_openapi|tpex:twse_isin_strMode4|esb:twse_isin_strMode5"
"1259.TWO","安心","TPEX","觀光餐旅","retail.Brick_Mortar","2026-09-13T09:17:24Z","tw_boards|twse:twse_openapi|tpex:twse_isin_strMode4|esb:twse_isin_strMode5"
"1264.TWO","德麥","TPEX","食品工業","fmcg.Food_Beverages","2026-09-13T09:17:24Z","tw_boards|twse:twse_openapi|tpex:twse_isin_strMode4|esb:twse_isin_strMode5"
"1268.TWO","漢來美食","TPEX","觀光餐旅","retail.Brick_Mortar","2026-09-13T09:17:24Z","tw_boards|twse:twse_openapi|tpex:twse_isin_strMode4|esb:twse_isin_strMode5"
"1294.TWO","漢田生技","TPEX","食品工業","fmcg.Food_Beverages","2026-09-13T09:17:24Z","tw_boards|twse:twse_openapi|tpex:twse_isin_strMode4|esb:twse_isin_strMode5"
"1295.TWO","生合","TPEX","食品工業","fmcg.Food_Beverages","2026-09-13T09:17:24Z","tw_boards|twse:twse_openapi|tpex:twse_isin_strMode4|esb:twse_isin_strMode5"
"1336.TWO","台翰","TPEX","電子零組件業","ec.Hardware","2026-09-13T09:17:24Z","tw_boards|twse:twse_openapi|tpex:twse_isin_strMode4|esb:twse_isin_strMode5"
"1565.TWO","精華","TPEX","生技醫療業","hc.Medtech","2026-09-13T09:17:24Z","tw_boards|twse:twse_openapi|tpex:twse_isin_strMode4|esb:twse_isin_strMode5"
"1569.TWO","濱川","TPEX","電腦及週邊設備業","ec.Hardware","2026-09-13T09:17:24Z","tw_boards|twse:twse_openapi|tpex:twse_isin_strMode4|esb:twse_isin_strMode5"
"1570.TWO","力肯","TPEX","電機機械","ind.Machinery","2026-09-13T09:17:24Z","tw_boards|twse:twse_openapi|tpex:twse_isin_strMode4|esb:twse_isin_strMode5"
"1580.TWO","新麥","TPEX","電機機械","ind.Machinery","2026-09-13T09:17:24Z","tw_boards|twse:twse_openapi|tpex:twse_isin_strMode4|esb:twse_isin_strMode5"
"1584.TWO","精剛","TPEX","其他業","lab.Unmapped","2026-09-13T09:17:24Z","tw_boards|twse:twse_openapi|tpex:twse_isin_strMode4|esb:twse_isin_strMode5"
"1586.TWO","和勤","TPEX","電機機械","ind.Machinery","2026-09-13T09:17:24Z","tw_boards|twse:twse_openapi|tpex:twse_isin_strMode4|esb:twse_isin_strMode5"
"1591.TWO","駿吉-KY","TPEX","電機機械","ind.Machinery","2026-09-13T09:17:24Z","tw_boards|twse:twse_openapi|tpex:twse_isin_strMode4|esb:twse_isin_strMode5"
"1593.TWO","祺驊","TPEX","運動休閒","lab.Unmapped","2026-09-13T09:17:24Z","tw_boards|twse:twse_openapi|tpex:twse_isin_strMode4|esb:twse_isin_strMode5"
"1595.TWO","川寶","TPEX","半導體業","sc.Foundry","2026-09-13T09:17:24Z","tw_boards|twse:twse_openapi|tpex:twse_isin_strMode4|esb:twse_isin_strMode5"
"1599.TWO","宏佳騰","TPEX","電機機械","ind.Machinery","2026-09-13T09:17:24Z","tw_boards|twse:twse_openapi|tpex:twse_isin_strMode4|esb:twse_isin_strMode5"
"1742.TWO","台蠟","TPEX","化學工業","mat.Chemicals","2026-09-13T09:17:24Z","tw_boards|twse:twse_openapi|tpex:twse_isin_strMode4|esb:twse_isin_strMode5"
"1777.TWO","生泰","TPEX","生技醫療業","hc.Medtech","2026-09-13T09:17:24Z","tw_boards|twse:twse_openapi|tpex:twse_isin_strMode4|esb:twse_isin_strMode5"
"1780.TWO","立弘","TPEX","食品工業","fmcg.Food_Beverages","2026-09-13T09:17:24Z","tw_boards|twse:twse_openapi|tpex:twse_isin_strMode4|esb:twse_isin_strMode5"
"1781.TWO","合世","TPEX","生技醫療業","hc.Medtech","2026-09-13T09:17:24Z","tw_boards|twse:twse_openapi|tpex:twse_isin_strMode4|esb:twse_isin_strMode5"
"1784.TWO","訊聯","TPEX","生技醫療業","hc.Medtech","2026-09-13T09:17:24Z","tw_boards|twse:twse_openapi|tpex:twse_isin_strMode4|esb:twse_isin_strMode5"
"1785.TWO","光洋科","TPEX","其他電子業","ec.Hardware","2026-09-13T09:17:24Z","tw_boards|twse:twse_openapi|tpex:twse_isin_strMode4|esb:twse_isin_strMode5"
"1788.TWO","杏昌","TPEX","生技醫療業","hc.Medtech","2026-09-13T09:17:24Z","tw_boards|twse:twse_openapi|tpex:twse_isin_strMode4|esb:twse_isin_strMode5"
"1796.TWO","金穎生技","TPEX","食品工業","fmcg.Food_Beverages","2026-09-13T09:17:24Z","tw_boards|twse:twse_openapi|tpex:twse_isin_strMode4|esb:twse_isin_strMode5"
"1799.TWO","易威","TPEX","生技醫療業","hc.Medtech","2026-09-13T09:17:24Z","tw_boards|twse:twse_openapi|tpex:twse_isin_strMode4|esb:twse_isin_strMode5"
"1813.TWO","寶利徠","TPEX","生技醫療業","hc.Medtech","2026-09-13T09:17:24Z","tw_boards|twse:twse_openapi|tpex:twse_isin_strMode4|esb:twse_isin_strMode5"
"1815.TWO","富喬","TPEX","電子零組件業","ec.Hardware","2026-09-13T09:17:24Z","tw_boards|twse:twse_openapi|tpex:twse_isin_strMode4|esb:twse_isin_strMode5"
"2035.TWO","唐榮","TPEX","鋼鐵工業","mat.Metals_Mining","2026-09-13T09:17:24Z","tw_boards|twse:twse_openapi|tpex:twse_isin_strMode4|esb:twse_isin_strMode5"
"2061.TWO","風青","TPEX","電器電纜","en.Utilities","2026-09-13T09:17:24Z","tw_boards|twse:twse_openapi|tpex:twse_isin_strMode4|esb:twse_isin_strMode5"
"2063.TWO","世鎧","TPEX","鋼鐵工業","mat.Metals_Mining","2026-09-13T09:17:24Z","tw_boards|twse:twse_openapi|tpex:twse_isin_strMode4|esb:twse_isin_strMode5"
"2064.TWO","晉椿","TPEX","鋼鐵工業","mat.Metals_Mining","2026-09-13T09:17:24Z","tw_boards|twse:twse_openapi|tpex:twse_isin_strMode4|esb:twse_isin_strMode5"
"2065.TWO","世豐","TPEX","鋼鐵工業","mat.Metals_Mining","2026-09-13T09:17:24Z","tw_boards|twse:twse_openapi|tpex:twse_isin_strMode4|esb:twse_isin_strMode5"
"2066.TWO","世德","TPEX","電機機械","ind.Machinery","2026-09-13T09:17:24Z","tw_boards|twse:twse_openapi|tpex:twse_isin_strMode4|esb:twse_isin_strMode5"
"2067.TWO","嘉鋼","TPEX","電機機械","ind.Machinery","2026-09-13T09:17:24Z","tw_boards|twse:twse_openapi|tpex:twse_isin_strMode4|esb:twse_isin_strMode5"
"2070.TWO","精湛","TPEX","電機機械","ind.Machinery","2026-09-13T09:17:24Z","tw_boards|twse:twse_openapi|tpex:twse_isin_strMode4|esb:twse_isin_strMode5"
"2073.TWO","雄順","TPEX","鋼鐵工業","mat.Metals_Mining","2026-09-13T09:17:24Z","tw_boards|twse:twse_openapi|tpex:twse_isin_strMode4|esb:twse_isin_strMode5"
"2221.TWO","大甲","TPEX","其他業","lab.Unmapped","2026-09-13T09:17:24Z","tw_boards|twse:twse_openapi|tpex:twse_isin_strMode4|esb:twse_isin_strMode5"
"2230.TWO","泰茂","TPEX","居家生活","lab.Unmapped","2026-09-13T09:17:24Z","tw_boards|twse:twse_openapi|tpex:twse_isin_strMode4|esb:twse_isin_strMode5"
"2235.TWO","謚源","TPEX","電機機械","ind.Machinery","2026-09-13T09:17:24Z","tw_boards|twse:twse_openapi|tpex:twse_isin_strMode4|esb:twse_isin_strMode5"
"2596.TWO","綠意","TPEX","建材營造業","ind.Machinery","2026-09-13T09:17:24Z","tw_boards|twse:twse_openapi|tpex:twse_isin_strMode4|esb:twse_isin_strMode5"
"2640.TWO","大車隊","TPEX","數位雲端","lab.Unmapped","2026-09-13T09:17:24Z","tw_boards|twse:twse_openapi|tpex:twse_isin_strMode4|esb:twse_isin_strMode5"
"2641.TWO","正德","TPEX","航運業","tr.Logistics_Shipping","2026-09-13T09:17:24Z","tw_boards|twse:twse_openapi|tpex:twse_isin_strMode4|esb:twse_isin_strMode5"
"2643.TWO","捷迅","TPEX","航運業","tr.Logistics_Shipping","2026-09-13T09:17:24Z","tw_boards|twse:twse_openapi|tpex:twse_isin_strMode4|esb:twse_isin_strMode5"
"2718.TWO","全心投控","TPEX","建材營造業","ind.Machinery","2026-09-13T09:17:24Z","tw_boards|twse:twse_openapi|tpex:twse_isin_strMode4|esb:twse_isin_strMode5"
"2719.TWO","燦星旅","TPEX","觀光餐旅","retail.Brick_Mortar","2026-09-13T09:17:24Z","tw_boards|twse:twse_openapi|tpex:twse_isin_strMode4|esb:twse_isin_strMode5"
"2724.TWO","藝舍-KY","TPEX","其他業","lab.Unmapped","2026-09-13T09:17:24Z","tw_boards|twse:twse_openapi|tpex:twse_isin_strMode4|esb:twse_isin_strMode5"
"2726.TWO","雅茗-KY","TPEX","觀光餐旅","retail.Brick_Mortar","2026-09-13T09:17:24Z","tw_boards|twse:twse_openapi|tpex:twse_isin_strMode4|esb:twse_isin_strMode5"
"2729.TWO","瓦城","TPEX","觀光餐旅","retail.Brick_Mortar","2026-09-13T09:17:24Z","tw_boards|twse:twse_openapi|tpex:twse_isin_strMode4|esb:twse_isin_strMode5"
"2732.TWO","六角","TPEX","觀光餐旅","retail.Brick_Mortar","2026-09-13T09:17:24Z","tw_boards|twse:twse_openapi|tpex:twse_isin_strMode4|esb:twse_isin_strMode5"
"2734.TWO","易飛網","TPEX","觀光餐旅","retail.Brick_Mortar","2026-09-13T09:17:24Z","tw_boards|twse:twse_openapi|tpex:twse_isin_strMode4|esb:twse_isin_strMode5"
"2736.TWO","富野","TPEX","觀光餐旅","retail.Brick_Mortar","2026-09-13T09:17:24Z","tw_boards|twse:twse_openapi|tpex:twse_isin_strMode4|esb:twse_isin_strMode5"
"2740.TWO","華軒","TPEX","觀光餐旅","retail.Brick_Mortar","2026-09-13T09:17:24Z","tw_boards|twse:twse_openapi|tpex:twse_isin_strMode4|esb:twse_isin_strMode5"
"2743.TWO","山富","TPEX","觀光餐旅","retail.Brick_Mortar","2026-09-13T09:17:24Z","tw_boards|twse:twse_openapi|tpex:twse_isin_strMode4|esb:twse_isin_strMode5"
"2745.TWO","五福","TPEX","觀光餐旅","retail.Brick_Mortar","2026-09-13T09:17:24Z","tw_boards|twse:twse_openapi|tpex:twse_isin_strMode4|esb:twse_isin_strMode5"
"2751.TWO","王座","TPEX","觀光餐旅","retail.Brick_Mortar","2026-09-13T09:17:24Z","tw_boards|twse:twse_openapi|tpex:twse_isin_strMode4|esb:twse_isin_strMode5"
"2752.TWO","豆府","TPEX","觀光餐旅","retail.Brick_Mortar","2026-09-13T09:17:24Z","tw_boards|twse:twse_openapi|tpex:twse_isin_strMode4|esb:twse_isin_strMode5"
"2754.TWO","亞洲藏壽司","TPEX","觀光餐旅","retail.Brick_Mortar","2026-09-13T09:17:24Z","tw_boards|twse:twse_openapi|tpex:twse_isin_strMode4|esb:twse_isin_strMode5"
"2755.TWO","揚秦","TPEX","觀光餐旅","retail.Brick_Mortar","2026-09-13T09:17:24Z","tw_boards|twse:twse_openapi|tpex:twse_isin_strMode4|esb:twse_isin_strMode5"
"2756.TWO","聯發國際","TPEX","觀光餐旅","retail.Brick_Mortar","2026-09-13T09:17:24Z","tw_boards|twse:twse_openapi|tpex:twse_isin_strMode4|esb:twse_isin_strMode5"
"2916.TWO","滿心","TPEX","居家生活","lab.Unmapped","2026-09-13T09:17:24Z","tw_boards|twse:twse_openapi|tpex:twse_isin_strMode4|esb:twse_isin_strMode5"
"2924.TWO","宏太-KY","TPEX","居家生活","lab.Unmapped","2026-09-13T09:17:24Z","tw_boards|twse:twse_openapi|tpex:twse_isin_strMode4|esb:twse_isin_strMode5"
"2926.TWO","誠品生活","TPEX","文化創意業","media.Entertainment","2026-09-13T09:17:24Z","tw_boards|twse:twse_openapi|tpex:twse_isin_strMode4|esb:twse_isin_strMode5"
"2937.TWO","集雅社","TPEX","居家生活","lab.Unmapped","2026-09-13T09:17:24Z","tw_boards|twse:twse_openapi|tpex:twse_isin_strMode4|esb:twse_isin_strMode5"
"2941.TWO","米斯特","TPEX","居家生活","lab.Unmapped","2026-09-13T09:17:24Z","tw_boards|twse:twse_openapi|tpex:twse_isin_strMode4|esb:twse_isin_strMode5"
"2947.TWO","振宇五金","TPEX","居家生活","lab.Unmapped","2026-09-13T09:17:24Z","tw_boards|twse:twse_openapi|tpex:twse_isin_strMode4|esb:twse_isin_strMode5"
"2948.TWO","寶陞","TPEX","居家生活","lab.Unmapped","2026-09-13T09:17:24Z","tw_boards|twse:twse_openapi|tpex:twse_isin_strMode4|esb:twse_isin_strMode5"
"2949.TWO","欣新網","TPEX","數位雲端","lab.Unmapped","2026-09-13T09:17:24Z","tw_boards|twse:twse_openapi|tpex:twse_isin_strMode4|esb:twse_isin_strMode5"
"3064.TWO","泰偉","TPEX","文化創意業","media.Entertainment","2026-09-13T09:17:24Z","tw_boards|twse:twse_openapi|tpex:twse_isin_strMode4|esb:twse_isin_strMode5"
"3066.TWO","李洲","TPEX","光電業","ec.Hardware","2026-09-13T09:17:24Z","tw_boards|twse:twse_openapi|tpex:twse_isin_strMode4|esb:twse_isin_strMode5"
"3067.TWO","全域","TPEX","居家生活","lab.Unmapped","2026-09-13T09:17:24Z","tw_boards|twse:twse_openapi|tpex:twse_isin_strMode4|esb:twse_isin_strMode5"
"3071.TWO","協禧","TPEX","電腦及週邊設備業","ec.Hardware","2026-09-13T09:17:24Z","tw_boards|twse:twse_openapi|tpex:twse_isin_strMode4|esb:twse_isin_strMode5"
"3073.TWO","天方能源","TPEX","綠能環保","lab.Unmapped","2026-09-13T09:17:24Z","tw_boards|twse:twse_openapi|tpex:twse_isin_strMode4|esb:twse_isin_strMode5"
"3078.TWO","僑威","TPEX","電子零組件業","ec.Hardware","2026-09-13T09:17:24Z","tw_boards|twse:twse_openapi|tpex:twse_isin_strMode4|esb:twse_isin_strMode5"
"3081.TWO","聯亞","TPEX","通信網路業","ec.Hardware","2026-09-13T09:17:24Z","tw_boards|twse:twse_openapi|tpex:twse_isin_strMode4|esb:twse_isin_strMode5"
"3083.TWO","網龍","TPEX","文化創意業","media.Entertainment","2026-09-13T09:17:24Z","tw_boards|twse:twse_openapi|tpex:twse_isin_strMode4|esb:twse_isin_strMode5"
"3085.TWO","新零售","TPEX","數位雲端","lab.Unmapped","2026-09-13T09:17:24Z","tw_boards|twse:twse_openapi|tpex:twse_isin_strMode4|esb:twse_isin_strMode5"
"3086.TWO","華義*","TPEX","文化創意業","media.Entertainment","2026-09-13T09:17:24Z","tw_boards|twse:twse_openapi|tpex:twse_isin_strMode4|esb:twse_isin_strMode5"
"3088.TWO","艾訊","TPEX","電腦及週邊設備業","ec.Hardware","2026-09-13T09:17:24Z","tw_boards|twse:twse_openapi|tpex:twse_isin_strMode4|esb:twse_isin_strMode5"
"3093.TWO","港建*","TPEX","其他電子業","ec.Hardware","2026-09-13T09:17:24Z","tw_boards|twse:twse_openapi|tpex:twse_isin_strMode4|esb:twse_isin_strMode5"
"3095.TWO","及成","TPEX","通信網路業","ec.Hardware","2026-09-13T09:17:24Z","tw_boards|twse:twse_openapi|tpex:twse_isin_strMode4|esb:twse_isin_strMode5"
"3105.TWO","穩懋","TPEX","半導體業","sc.Foundry","2026-09-13T09:17:24Z","tw_boards|twse:twse_openapi|tpex:twse_isin_strMode4|esb:twse_isin_strMode5"
"3114.TWO","好德","TPEX","電子零組件業","ec.Hardware","2026-09-13T09:17:24Z","tw_boards|twse:twse_openapi|tpex:twse_isin_strMode4|esb:twse_isin_strMode5"
"3115.TWO","富榮綱","TPEX","電子零組件業","ec.Hardware","2026-09-13T09:17:24Z","tw_boards|twse:twse_openapi|tpex:twse_isin_strMode4|esb:twse_isin_strMode5"
"3118.TWO","進階","TPEX","生技醫療業","hc.Medtech","2026-09-13T09:17:24Z","tw_boards|twse:twse_openapi|tpex:twse_isin_strMode4|esb:twse_isin_strMode5"
"3122.TWO","笙泉","TPEX","半導體業","sc.Foundry","2026-09-13T09:17:24Z","tw_boards|twse:twse_openapi|tpex:twse_isin_strMode4|esb:twse_isin_strMode5"
"3128.TWO","昇銳","TPEX","光電業","ec.Hardware","2026-09-13T09:17:24Z","tw_boards|twse:twse_openapi|tpex:twse_isin_strMode4|esb:twse_isin_strMode5"
"3131.TWO","弘塑","TPEX","半導體業","sc.Foundry","2026-09-13T09:17:24Z","tw_boards|twse:twse_openapi|tpex:twse_isin_strMode4|esb:twse_isin_strMode5"
"3141.TWO","晶宏","TPEX","半導體業","sc.Foundry","2026-09-13T09:17:24Z","tw_boards|twse:twse_openapi|tpex:twse_isin_strMode4|esb:twse_isin_strMode5"
"3147.TWO","大綜","TPEX","資訊服務業","ec.Hardware","2026-09-13T09:17:24Z","tw_boards|twse:twse_openapi|tpex:twse_isin_strMode4|esb:twse_isin_strMode5"
"3152.TWO","璟德","TPEX","通信網路業","ec.Hardware","2026-09-13T09:17:24Z","tw_boards|twse:twse_openapi|tpex:twse_isin_strMode4|esb:twse_isin_strMode5"
"3158.TWO","嘉實","TPEX","資訊服務業","ec.Hardware","2026-09-13T09:17:24Z","tw_boards|twse:twse_openapi|tpex:twse_isin_strMode4|esb:twse_isin_strMode5"
"3162.TWO","精確","TPEX","電機機械","ind.Machinery","2026-09-13T09:17:24Z","tw_boards|twse:twse_openapi|tpex:twse_isin_strMode4|esb:twse_isin_strMode5"
"3163.TWO","波若威","TPEX","通信網路業","ec.Hardware","2026-09-13T09:17:24Z","tw_boards|twse:twse_openapi|tpex:twse_isin_strMode4|esb:twse_isin_strMode5"
"3169.TWO","亞信","TPEX","半導體業","sc.Foundry","2026-09-13T09:17:24Z","tw_boards|twse:twse_openapi|tpex:twse_isin_strMode4|esb:twse_isin_strMode5"
"3171.TWO","炎洲流通","TPEX","居家生活","lab.Unmapped","2026-09-13T09:17:24Z","tw_boards|twse:twse_openapi|tpex:twse_isin_strMode4|esb:twse_isin_strMode5"
"3176.TWO","基亞","TPEX","生技醫療業","hc.Medtech","2026-09-13T09:17:24Z","tw_boards|twse:twse_openapi|tpex:twse_isin_strMode4|esb:twse_isin_strMode5"
"3178.TWO","公準","TPEX","半導體業","sc.Foundry","2026-09-13T09:17:24Z","tw_boards|twse:twse_openapi|tpex:twse_isin_strMode4|esb:twse_isin_strMode5"
"3188.TWO","鑫龍騰","TPEX","建材營造業","ind.Machinery","2026-09-13T09:17:24Z","tw_boards|twse:twse_openapi|tpex:twse_isin_strMode4|esb:twse_isin_strMode5"
"3191.TWO","雲嘉南","TPEX","電子零組件業","ec.Hardware","2026-09-13T09:17:24Z","tw_boards|twse:twse_openapi|tpex:twse_isin_strMode4|esb:twse_isin_strMode5"
"3205.TWO","佰研","TPEX","生技醫療業","hc.Medtech","2026-09-13T09:17:24Z","tw_boards|twse:twse_openapi|tpex:twse_isin_strMode4|esb:twse_isin_strMode5"
"3206.TWO","志豐","TPEX","電子零組件業","ec.Hardware","2026-09-13T09:17:24Z","tw_boards|twse:twse_openapi|tpex:twse_isin_strMode4|esb:twse_isin_strMode5"
"3207.TWO","耀勝","TPEX","電子零組件業","ec.Hardware","2026-09-13T09:17:24Z","tw_boards|twse:twse_openapi|tpex:twse_isin_strMode4|esb:twse_isin_strMode5"
"3211.TWO","順達","TPEX","電腦及週邊設備業","ec.Hardware","2026-09-13T09:17:24Z","tw_boards|twse:twse_openapi|tpex:twse_isin_strMode4|esb:twse_isin_strMode5"
"3213.TWO","茂訊","TPEX","電腦及週邊設備業","ec.Hardware","2026-09-13T09:17:24Z","tw_boards|twse:twse_openapi|tpex:twse_isin_strMode4|esb:twse_isin_strMode5"
"3217.TWO","優群","TPEX","電子零組件業","ec.Hardware","2026-09-13T09:17:24Z","tw_boards|twse:twse_openapi|tpex:twse_isin_strMode4|esb:twse_isin_strMode5"
"3218.TWO","大學光","TPEX","生技醫療業","hc.Medtech","2026-09-13T09:17:24Z","tw_boards|twse:twse_openapi|tpex:twse_isin_strMode4|esb:twse_isin_strMode5"
"3219.TWO","倚強科","TPEX","其他電子業","ec.Hardware","2026-09-13T09:17:24Z","tw_boards|twse:twse_openapi|tpex:twse_isin_strMode4|esb:twse_isin_strMode5"
"3221.TWO","台嘉碩","TPEX","通信網路業","ec.Hardware","2026-09-13T09:17:24Z","tw_boards|twse:twse_openapi|tpex:twse_isin_strMode4|esb:twse_isin_strMode5"
"3224.TWO","三顧","TPEX","電子通路業","lab.Unmapped","2026-09-13T09:17:24Z","tw_boards|twse:twse_openapi|tpex:twse_isin_strMode4|esb:twse_isin_strMode5"
"3226.TWO","龍鋒","TPEX","電機機械","ind.Machinery","2026-09-13T09:17:24Z","tw_boards|twse:twse_openapi|tpex:twse_isin_strMode4|esb:twse_isin_strMode5"
"3227.TWO","原相","TPEX","半導體業","sc.Foundry","2026-09-13T09:17:24Z","tw_boards|twse:twse_openapi|tpex:twse_isin_strMode4|esb:twse_isin_strMode5"
"3228.TWO","金麗科","TPEX","半導體業","sc.Foundry","2026-09-13T09:17:24Z","tw_boards|twse:twse_openapi|tpex:twse_isin_strMode4|esb:twse_isin_strMode5"
"3230.TWO","錦明","TPEX","光電業","ec.Hardware","2026-09-13T09:17:24Z","tw_boards|twse:twse_openapi|tpex:twse_isin_strMode4|esb:twse_isin_strMode5"
"3232.TWO","昱捷","TPEX","電子通路業","lab.Unmapped","2026-09-13T09:17:24Z","tw_boards|twse:twse_openapi|tpex:twse_isin_strMode4|esb:twse_isin_strMode5"
"3234.TWO","光環","TPEX","通信網路業","ec.Hardware","2026-09-13T09:17:24Z","tw_boards|twse:twse_openapi|tpex:twse_isin_strMode4|esb:twse_isin_strMode5"
"3236.TWO","千如","TPEX","電子零組件業","ec.Hardware","2026-09-13T09:17:24Z","tw_boards|twse:twse_openapi|tpex:twse_isin_strMode4|esb:twse_isin_strMode5"
"3252.TWO","海灣","TPEX","觀光餐旅","retail.Brick_Mortar","2026-09-13T09:17:24Z","tw_boards|twse:twse_openapi|tpex:twse_isin_strMode4|esb:twse_isin_strMode5"
"3259.TWO","鑫創","TPEX","半導體業","sc.Foundry","2026-09-13T09:17:24Z","tw_boards|twse:twse_openapi|tpex:twse_isin_strMode4|esb:twse_isin_strMode5"
"3260.TWO","威剛","TPEX","半導體業","sc.Foundry","2026-09-13T09:17:24Z","tw_boards|twse:twse_openapi|tpex:twse_isin_strMode4|esb:twse_isin_strMode5"
"3264.TWO","欣銓","TPEX","半導體業","sc.Foundry","2026-09-13T09:17:24Z","tw_boards|twse:twse_openapi|tpex:twse_isin_strMode4|esb:twse_isin_strMode5"
"3265.TWO","台星科","TPEX","半導體業","sc.Foundry","2026-09-13T09:17:24Z","tw_boards|twse:twse_openapi|tpex:twse_isin_strMode4|esb:twse_isin_strMode5"
"3268.TWO","海德威","TPEX","半導體業","sc.Foundry","2026-09-13T09:17:24Z","tw_boards|twse:twse_openapi|tpex:twse_isin_strMode4|esb:twse_isin_strMode5"
"3272.TWO","東碩","TPEX","電腦及週邊設備業","ec.Hardware","2026-09-13T09:17:24Z","tw_boards|twse:twse_openapi|tpex:twse_isin_strMode4|esb:twse_isin_strMode5"
"3276.TWO","宇環","TPEX","電子零組件業","ec.Hardware","2026-09-13T09:17:24Z","tw_boards|twse:twse_openapi|tpex:twse_isin_strMode4|esb:twse_isin_strMode5"
"3284.TWO","太普高","TPEX","其他業","lab.Unmapped","2026-09-13T09:17:24Z","tw_boards|twse:twse_openapi|tpex:twse_isin_strMode4|esb:twse_isin_strMode5"
"3285.TWO","微端","TPEX","其他電子業","ec.Hardware","2026-09-13T09:17:24Z","tw_boards|twse:twse_openapi|tpex:twse_isin_strMode4|esb:twse_isin_strMode5"
"3287.TWO","廣寰科","TPEX","電腦及週邊設備業","ec.Hardware","2026-09-13T09:17:24Z","tw_boards|twse:twse_openapi|tpex:twse_isin_strMode4|esb:twse_isin_strMode5"
"3288.TWO","點晶","TPEX","電子零組件業","ec.Hardware","2026-09-13T09:17:24Z","tw_boards|twse:twse_openapi|tpex:twse_isin_strMode4|esb:twse_isin_strMode5"
"3289.TWO","宜特","TPEX","其他電子業","ec.Hardware","2026-09-13T09:17:24Z","tw_boards|twse:twse_openapi|tpex:twse_isin_strMode4|esb:twse_isin_strMode5"
"3290.TWO","東浦","TPEX","電子零組件業","ec.Hardware","2026-09-13T09:17:24Z","tw_boards|twse:twse_openapi|tpex:twse_isin_strMode4|esb:twse_isin_strMode5"
"3293.TWO","鈊象","TPEX","文化創意業","media.Entertainment","2026-09-13T09:17:24Z","tw_boards|twse:twse_openapi|tpex:twse_isin_strMode4|esb:twse_isin_strMode5"
"3294.TWO","英濟","TPEX","電子零組件業","ec.Hardware","2026-09-13T09:17:24Z","tw_boards|twse:twse_openapi|tpex:twse_isin_strMode4|esb:twse_isin_strMode5"
"3297.TWO","杭特","TPEX","光電業","ec.Hardware","2026-09-13T09:17:24Z","tw_boards|twse:twse_openapi|tpex:twse_isin_strMode4|esb:twse_isin_strMode5"
"3303.TWO","岱稜","TPEX","其他電子業","ec.Hardware","2026-09-13T09:17:24Z","tw_boards|twse:twse_openapi|tpex:twse_isin_strMode4|esb:twse_isin_strMode5"
"3306.TWO","鼎天","TPEX","通信網路業","ec.Hardware","2026-09-13T09:17:24Z","tw_boards|twse:twse_openapi|tpex:twse_isin_strMode4|esb:twse_isin_strMode5"
"3310.TWO","佳穎","TPEX","電子零組件業","ec.Hardware","2026-09-13T09:17:24Z","tw_boards|twse:twse_openapi|tpex:twse_isin_strMode4|esb:twse_isin_strMode5"
"3313.TWO","斐成","TPEX","建材營造業","ind.Machinery","2026-09-13T09:17:24Z","tw_boards|twse:twse_openapi|tpex:twse_isin_strMode4|esb:twse_isin_strMode5"
"3317.TWO","尼克森","TPEX","半導體業","sc.Foundry","2026-09-13T09:17:24Z","tw_boards|twse:twse_openapi|tpex:twse_isin_strMode4|esb:twse_isin_strMode5"
"3322.TWO","建舜電","TPEX","電子零組件業","ec.Hardware","2026-09-13T09:17:24Z","tw_boards|twse:twse_openapi|tpex:twse_isin_strMode4|esb:twse_isin_strMode5"
"3323.TWO","加百裕","TPEX","電腦及週邊設備業","ec.Hardware","2026-09-13T09:17:24Z","tw_boards|twse:twse_openapi|tpex:twse_isin_strMode4|esb:twse_isin_strMode5"
"3324.TWO","雙鴻","TPEX","其他電子業","ec.Hardware","2026-09-13T09:17:24Z","tw_boards|twse:twse_openapi|tpex:twse_isin_strMode4|esb:twse_isin_strMode5"
"3325.TWO","旭品","TPEX","電腦及週邊設備業","ec.Hardware","2026-09-13T09:17:24Z","tw_boards|twse:twse_openapi|tpex:twse_isin_strMode4|esb:twse_isin_strMode5"
"3332.TWO","幸康","TPEX","電子零組件業","ec.Hardware","2026-09-13T09:17:24Z","tw_boards|twse:twse_openapi|tpex:twse_isin_strMode4|esb:twse_isin_strMode5"
"3339.TWO","泰谷","TPEX","光電業","ec.Hardware","2026-09-13T09:17:24Z","tw_boards|twse:twse_openapi|tpex:twse_isin_strMode4|esb:twse_isin_strMode5"
"3349.TWO","寶德","TPEX","電腦及週邊設備業","ec.Hardware","2026-09-13T09:17:24Z","tw_boards|twse:twse_openapi|tpex:twse_isin_strMode4|esb:twse_isin_strMode5"
"3354.TWO","律勝","TPEX","電子零組件業","ec.Hardware","2026-09-13T09:17:24Z","tw_boards|twse:twse_openapi|tpex:twse_isin_strMode4|esb:twse_isin_strMode5"
"3357.TWO","臺慶科","TPEX","電子零組件業","ec.Hardware","2026-09-13T09:17:24Z","tw_boards|twse:twse_openapi|tpex:twse_isin_strMode4|esb:twse_isin_strMode5"
"3360.TWO","尚立","TPEX","電子通路業","lab.Unmapped","2026-09-13T09:17:24Z","tw_boards|twse:twse_openapi|tpex:twse_isin_strMode4|esb:twse_isin_strMode5"
"3362.TWO","先進光","TPEX","光電業","ec.Hardware","2026-09-13T09:17:24Z","tw_boards|twse:twse_openapi|tpex:twse_isin_strMode4|esb:twse_isin_strMode5"
"3363.TWO","上詮","TPEX","通信網路業","ec.Hardware","2026-09-13T09:17:24Z","tw_boards|twse:twse_openapi|tpex:twse_isin_strMode4|esb:twse_isin_strMode5"
"3372.TWO","典範","TPEX","半導體業","sc.Foundry","2026-09-13T09:17:24Z","tw_boards|twse:twse_openapi|tpex:twse_isin_strMode4|esb:twse_isin_strMode5"
"3373.TWO","熱映","TPEX","其他電子業","ec.Hardware","2026-09-13T09:17:24Z","tw_boards|twse:twse_openapi|tpex:twse_isin_strMode4|esb:twse_isin_strMode5"
"3374.TWO","精材","TPEX","半導體業","sc.Foundry","2026-09-13T09:17:24Z","tw_boards|twse:twse_openapi|tpex:twse_isin_strMode4|esb:twse_isin_strMode5"
"3379.TWO","彬台","TPEX","電機機械","ind.Machinery","2026-09-13T09:17:24Z","tw_boards|twse:twse_openapi|tpex:twse_isin_strMode4|esb:twse_isin_strMode5"
"3388.TWO","崇越電","TPEX","電子零組件業","ec.Hardware","2026-09-13T09:17:24Z","tw_boards|twse:twse_openapi|tpex:twse_isin_strMode4|esb:twse_isin_strMode5"
"3390.TWO","旭軟","TPEX","電子零組件業","ec.Hardware","2026-09-13T09:17:24Z","tw_boards|twse:twse_openapi|tpex:twse_isin_strMode4|esb:twse_isin_strMode5"
"3402.TWO","漢科","TPEX","其他電子業","ec.Hardware","2026-09-13T09:17:24Z","tw_boards|twse:twse_openapi|tpex:twse_isin_strMode4|esb:twse_isin_strMode5"
"3430.TWO","奇鈦科","TPEX","化學工業","mat.Chemicals","2026-09-13T09:17:24Z","tw_boards|twse:twse_openapi|tpex:twse_isin_strMode4|esb:twse_isin_strMode5"
"3434.TWO","哲固","TPEX","光電業","ec.Hardware","2026-09-13T09:17:24Z","tw_boards|twse:twse_openapi|tpex:twse_isin_strMode4|esb:twse_isin_strMode5"
"3438.TWO","類比科","TPEX","半導體業","sc.Foundry","2026-09-13T09:17:24Z","tw_boards|twse:twse_openapi|tpex:twse_isin_strMode4|esb:twse_isin_strMode5"
"3441.TWO","聯一光","TPEX","光電業","ec.Hardware","2026-09-13T09:17:24Z","tw_boards|twse:twse_openapi|tpex:twse_isin_strMode4|esb:twse_isin_strMode5"
"3444.TWO","利機","TPEX","電子通路業","lab.Unmapped","2026-09-13T09:17:24Z","tw_boards|twse:twse_openapi|tpex:twse_isin_strMode4|esb:twse_isin_strMode5"
"3455.TWO","由田","TPEX","光電業","ec.Hardware","2026-09-13T09:17:24Z","tw_boards|twse:twse_openapi|tpex:twse_isin_strMode4|esb:twse_isin_strMode5"
"3465.TWO","進泰電子","TPEX","其他電子業","ec.Hardware","2026-09-13T09:17:24Z","tw_boards|twse:twse_openapi|tpex:twse_isin_strMode4|esb:twse_isin_strMode5"
"3466.TWO","德晉","TPEX","通信網路業","ec.Hardware","2026-09-13T09:17:24Z","tw_boards|twse:twse_openapi|tpex:twse_isin_strMode4|esb:twse_isin_strMode5"
"3467.TWO","台灣精材","TPEX","半導體業","sc.Foundry","2026-09-13T09:17:24Z","tw_boards|twse:twse_openapi|tpex:twse_isin_strMode4|esb:twse_isin_strMode5"
"3479.TWO","安勤","TPEX","電腦及週邊設備業","ec.Hardware","2026-09-13T09:17:24Z","tw_boards|twse:twse_openapi|tpex:twse_isin_strMode4|esb:twse_isin_strMode5"
"3483.TWO","力致","TPEX","電腦及週邊設備業","ec.Hardware","2026-09-13T09:17:24Z","tw_boards|twse:twse_openapi|tpex:twse_isin_strMode4|esb:twse_isin_strMode5"
"3484.TWO","崧騰","TPEX","電子零組件業","ec.Hardware","2026-09-13T09:17:24Z","tw_boards|twse:twse_openapi|tpex:twse_isin_strMode4|esb:twse_isin_strMode5"
"3485.TWO","敘豐","TPEX","電子零組件業","ec.Hardware","2026-09-13T09:17:24Z","tw_boards|twse:twse_openapi|tpex:twse_isin_strMode4|esb:twse_isin_strMode5"
"3489.TWO","森寶","TPEX","建材營造業","ind.Machinery","2026-09-13T09:17:24Z","tw_boards|twse:twse_openapi|tpex:twse_isin_strMode4|esb:twse_isin_strMode5"
"3490.TWO","單井","TPEX","光電業","ec.Hardware","2026-09-13T09:17:24Z","tw_boards|twse:twse_openapi|tpex:twse_isin_strMode4|esb:twse_isin_strMode5"
"3491.TWO","昇達科","TPEX","通信網路業","ec.Hardware","2026-09-13T09:17:24Z","tw_boards|twse:twse_openapi|tpex:twse_isin_strMode4|esb:twse_isin_strMode5"
"3492.TWO","長盛","TPEX","電子零組件業","ec.Hardware","2026-09-13T09:17:24Z","tw_boards|twse:twse_openapi|tpex:twse_isin_strMode4|esb:twse_isin_strMode5"
"3498.TWO","陽程","TPEX","其他電子業","ec.Hardware","2026-09-13T09:17:24Z","tw_boards|twse:twse_openapi|tpex:twse_isin_strMode4|esb:twse_isin_strMode5"
"3499.TWO","環天科","TPEX","通信網路業","ec.Hardware","2026-09-13T09:17:24Z","tw_boards|twse:twse_openapi|tpex:twse_isin_strMode4|esb:twse_isin_strMode5"
"3508.TWO","位速","TPEX","其他電子業","ec.Hardware","2026-09-13T09:17:24Z","tw_boards|twse:twse_openapi|tpex:twse_isin_strMode4|esb:twse_isin_strMode5"
"3511.TWO","矽瑪","TPEX","電子零組件業","ec.Hardware","2026-09-13T09:17:24Z","tw_boards|twse:twse_openapi|tpex:twse_isin_strMode4|esb:twse_isin_strMode5"
"3512.TWO","皇龍","TPEX","建材營造業","ind.Machinery","2026-09-13T09:17:24Z","tw_boards|twse:twse_openapi|tpex:twse_isin_strMode4|esb:twse_isin_strMode5"
"3516.TWO","亞帝歐","TPEX","光電業","ec.Hardware","2026-09-13T09:17:24Z","tw_boards|twse:twse_openapi|tpex:twse_isin_strMode4|esb:twse_isin_strMode5"
"3520.TWO","華盈","TPEX","電子零組件業","ec.Hardware","2026-09-13T09:17:24Z","tw_boards|twse:twse_openapi|tpex:twse_isin_strMode4|esb:twse_isin_strMode5"
"3521.TWO","台鋼建設","TPEX","建材營造業","ind.Machinery","2026-09-13T09:17:24Z","tw_boards|twse:twse_openapi|tpex:twse_isin_strMode4|esb:twse_isin_strMode5"
"3522.TWO","御嵿","TPEX","觀光餐旅","retail.Brick_Mortar","2026-09-13T09:17:24Z","tw_boards|twse:twse_openapi|tpex:twse_isin_strMode4|esb:twse_isin_strMode5"
"3523.TWO","迎輝","TPEX","光電業","ec.Hardware","2026-09-13T09:17:24Z","tw_boards|twse:twse_openapi|tpex:twse_isin_strMode4|esb:twse_isin_strMode5"
"3526.TWO","凡甲","TPEX","電子零組件業","ec.Hardware","2026-09-13T09:17:24Z","tw_boards|twse:twse_openapi|tpex:twse_isin_strMode4|esb:twse_isin_strMode5"
"3527.TWO","聚積","TPEX","半導體業","sc.Foundry","2026-09-13T09:17:24Z","tw_boards|twse:twse_openapi|tpex:twse_isin_strMode4|esb:twse_isin_strMode5"
"3529.TWO","力旺","TPEX","半導體業","sc.Foundry","2026-09-13T09:17:24Z","tw_boards|twse:twse_openapi|tpex:twse_isin_strMode4|esb:twse_isin_strMode5"
"3531.TWO","先益","TPEX","光電業","ec.Hardware","2026-09-13T09:17:24Z","tw_boards|twse:twse_openapi|tpex:twse_isin_strMode4|esb:twse_isin_strMode5"
"3537.TWO","堡達","TPEX","電子零組件業","ec.Hardware","2026-09-13T09:17:24Z","tw_boards|twse:twse_openapi|tpex:twse_isin_strMode4|esb:twse_isin_strMode5"
"3540.TWO","曜越","TPEX","電腦及週邊設備業","ec.Hardware","2026-09-13T09:17:24Z","tw_boards|twse:twse_openapi|tpex:twse_isin_strMode4|esb:twse_isin_strMode5"
"3541.TWO","西柏","TPEX","其他電子業","ec.Hardware","2026-09-13T09:17:24Z","tw_boards|twse:twse_openapi|tpex:twse_isin_strMode4|esb:twse_isin_strMode5"
"3546.TWO","宇峻","TPEX","文化創意業","media.Entertainment","2026-09-13T09:17:24Z","tw_boards|twse:twse_openapi|tpex:twse_isin_strMode4|esb:twse_isin_strMode5"
"3548.TWO","兆利","TPEX","電子零組件業","ec.Hardware","2026-09-13T09:17:24Z","tw_boards|twse:twse_openapi|tpex:twse_isin_strMode4|esb:twse_isin_strMode5"
"3551.TWO","世禾","TPEX","綠能環保","lab.Unmapped","2026-09-13T09:17:24Z","tw_boards|twse:twse_openapi|tpex:twse_isin_strMode4|esb:twse_isin_strMode5"
"3552.TWO","同致","TPEX","其他電子業","ec.Hardware","2026-09-13T09:17:24Z","tw_boards|twse:twse_openapi|tpex:twse_isin_strMode4|esb:twse_isin_strMode5"
"3555.TWO","博士旺","TPEX","半導體業","sc.Foundry","2026-09-13T09:17:24Z","tw_boards|twse:twse_openapi|tpex:twse_isin_strMode4|esb:twse_isin_strMode5"
"3556.TWO","禾瑞亞","TPEX","半導體業","sc.Foundry","2026-09-13T09:17:24Z","tw_boards|twse:twse_openapi|tpex:twse_isin_strMode4|esb:twse_isin_strMode5"
"3558.TWO","神準","TPEX","通信網路業","ec.Hardware","2026-09-13T09:17:24Z","tw_boards|twse:twse_openapi|tpex:twse_isin_strMode4|esb:twse_isin_strMode5"
"3564.TWO","其陽","TPEX","通信網路業","ec.Hardware","2026-09-13T09:17:24Z","tw_boards|twse:twse_openapi|tpex:twse_isin_strMode4|esb:twse_isin_strMode5"
"3567.TWO","逸昌","TPEX","半導體業","sc.Foundry","2026-09-13T09:17:24Z","tw_boards|twse:twse_openapi|tpex:twse_isin_strMode4|esb:twse_isin_strMode5"
"3570.TWO","大塚","TPEX","資訊服務業","ec.Hardware","2026-09-13T09:17:24Z","tw_boards|twse:twse_openapi|tpex:twse_isin_strMode4|esb:twse_isin_strMode5"
"3577.TWO","泓格","TPEX","電腦及週邊設備業","ec.Hardware","2026-09-13T09:17:24Z","tw_boards|twse:twse_openapi|tpex:twse_isin_strMode4|esb:twse_isin_strMode5"
"3580.TWO","友威科","TPEX","其他電子業","ec.Hardware","2026-09-13T09:17:24Z","tw_boards|twse:twse_openapi|tpex:twse_isin_strMode4|esb:twse_isin_strMode5"
"3581.TWO","博磊","TPEX","半導體業","sc.Foundry","2026-09-13T09:17:24Z","tw_boards|twse:twse_openapi|tpex:twse_isin_strMode4|esb:twse_isin_strMode5"
"3587.TWO","閎康","TPEX","其他電子業","ec.Hardware","2026-09-13T09:17:24Z","tw_boards|twse:twse_openapi|tpex:twse_isin_strMode4|esb:twse_isin_strMode5"
"3594.TWO","磐儀","TPEX","電腦及週邊設備業","ec.Hardware","2026-09-13T09:17:24Z","tw_boards|twse:twse_openapi|tpex:twse_isin_strMode4|esb:twse_isin_strMode5"
"3597.TWO","映興","TPEX","電子零組件業","ec.Hardware","2026-09-13T09:17:24Z","tw_boards|twse:twse_openapi|tpex:twse_isin_strMode4|esb:twse_isin_strMode5"
"3609.TWO","三一東林","TPEX","電子零組件業","ec.Hardware","2026-09-13T09:17:24Z","tw_boards|twse:twse_openapi|tpex:twse_isin_strMode4|esb:twse_isin_strMode5"
"3611.TWO","鼎翰","TPEX","電腦及週邊設備業","ec.Hardware","2026-09-13T09:17:24Z","tw_boards|twse:twse_openapi|tpex:twse_isin_strMode4|esb:twse_isin_strMode5"
"3615.TWO","安可","TPEX","光電業","ec.Hardware","2026-09-13T09:17:24Z","tw_boards|twse:twse_openapi|tpex:twse_isin_strMode4|esb:twse_isin_strMode5"
"3623.TWO","富晶通","TPEX","光電業","ec.Hardware","2026-09-13T09:17:24Z","tw_boards|twse:twse_openapi|tpex:twse_isin_strMode4|esb:twse_isin_strMode5"
"3624.TWO","光頡","TPEX","電子零組件業","ec.Hardware","2026-09-13T09:17:24Z","tw_boards|twse:twse_openapi|tpex:twse_isin_strMode4|esb:twse_isin_strMode5"
"3625.TWO","西勝","TPEX","電腦及週邊設備業","ec.Hardware","2026-09-13T09:17:24Z","tw_boards|twse:twse_openapi|tpex:twse_isin_strMode4|esb:twse_isin_strMode5"
"3628.TWO","盈正","TPEX","其他電子業","ec.Hardware","2026-09-13T09:17:24Z","tw_boards|twse:twse_openapi|tpex:twse_isin_strMode4|esb:twse_isin_strMode5"
"3629.TWO","地心引力","TPEX","文化創意業","media.Entertainment","2026-09-13T09:17:24Z","tw_boards|twse:twse_openapi|tpex:twse_isin_strMode4|esb:twse_isin_strMode5"
"3630.TWO","新鉅科","TPEX","光電業","ec.Hardware","2026-09-13T09:17:24Z","tw_boards|twse:twse_openapi|tpex:twse_isin_strMode4|esb:twse_isin_strMode5"
"3631.TWO","晟楠","TPEX","電子零組件業","ec.Hardware","2026-09-13T09:17:24Z","tw_boards|twse:twse_openapi|tpex:twse_isin_strMode4|esb:twse_isin_strMode5"
"3632.TWO","研勤","TPEX","通信網路業","ec.Hardware","2026-09-13T09:17:24Z","tw_boards|twse:twse_openapi|tpex:twse_isin_strMode4|esb:twse_isin_strMode5"
"3646.TWO","艾恩特","TPEX","電子零組件業","ec.Hardware","2026-09-13T09:17:24Z","tw_boards|twse:twse_openapi|tpex:twse_isin_strMode4|esb:twse_isin_strMode5"
"3663.TWO","鑫科","TPEX","其他電子業","ec.Hardware","2026-09-13T09:17:24Z","tw_boards|twse:twse_openapi|tpex:twse_isin_strMode4|esb:twse_isin_strMode5"
"3664.TWO","安瑞-KY","TPEX","通信網路業","ec.Hardware","2026-09-13T09:17:24Z","tw_boards|twse:twse_openapi|tpex:twse_isin_strMode4|esb:twse_isin_strMode5"
"3666.TWO","光耀","TPEX","光電業","ec.Hardware","2026-09-13T09:17:24Z","tw_boards|twse:twse_openapi|tpex:twse_isin_strMode4|esb:twse_isin_strMode5"
"3672.TWO","康聯訊","TPEX","通信網路業","ec.Hardware","2026-09-13T09:17:24Z","tw_boards|twse:twse_openapi|tpex:twse_isin_strMode4|esb:twse_isin_strMode5"
"3675.TWO","德微","TPEX","半導體業","sc.Foundry","2026-09-13T09:17:24Z","tw_boards|twse:twse_openapi|tpex:twse_isin_strMode4|esb:twse_isin_strMode5"
"3680.TWO","家登","TPEX","半導體業","sc.Foundry","2026-09-13T09:17:24Z","tw_boards|twse:twse_openapi|tpex:twse_isin_strMode4|esb:twse_isin_strMode5"
"3684.TWO","榮昌","TPEX","通信網路業","ec.Hardware","2026-09-13T09:17:24Z","tw_boards|twse:twse_openapi|tpex:twse_isin_strMode4|esb:twse_isin_strMode5"
"3685.TWO","元創精密","TPEX","電機機械","ind.Machinery","2026-09-13T09:17:24Z","tw_boards|twse:twse_openapi|tpex:twse_isin_strMode4|esb:twse_isin_strMode5"
"3687.TWO","歐買尬","TPEX","數位雲端","lab.Unmapped","2026-09-13T09:17:24Z","tw_boards|twse:twse_openapi|tpex:twse_isin_strMode4|esb:twse_isin_strMode5"
"3689.TWO","湧德","TPEX","電子零組件業","ec.Hardware","2026-09-13T09:17:24Z","tw_boards|twse:twse_openapi|tpex:twse_isin_strMode4|esb:twse_isin_strMode5"
"3691.TWO","碩禾","TPEX","光電業","ec.Hardware","2026-09-13T09:17:24Z","tw_boards|twse:twse_openapi|tpex:twse_isin_strMode4|esb:twse_isin_strMode5"
"3693.TWO","營邦","TPEX","電腦及週邊設備業","ec.Hardware","2026-09-13T09:17:24Z","tw_boards|twse:twse_openapi|tpex:twse_isin_strMode4|esb:twse_isin_strMode5"
"3707.TWO","漢磊","TPEX","半導體業","sc.Foundry","2026-09-13T09:17:24Z","tw_boards|twse:twse_openapi|tpex:twse_isin_strMode4|esb:twse_isin_strMode5"
"3709.TWO","鑫聯大投控","TPEX","電腦及週邊設備業","ec.Hardware","2026-09-13T09:17:24Z","tw_boards|twse:twse_openapi|tpex:twse_isin_strMode4|esb:twse_isin_strMode5"
"3710.TWO","連展投控","TPEX","電子零組件業","ec.Hardware","2026-09-13T09:17:24Z","tw_boards|twse:twse_openapi|tpex:twse_isin_strMode4|esb:twse_isin_strMode5"
"3713.TWO","新晶投控","TPEX","綠能環保","lab.Unmapped","2026-09-13T09:17:24Z","tw_boards|twse:twse_openapi|tpex:twse_isin_strMode4|esb:twse_isin_strMode5"
"3718.TWO","中光電投控","TPEX","光電業","ec.Hardware","2026-09-13T09:17:24Z","tw_boards|twse:twse_openapi|tpex:twse_isin_strMode4|esb:twse_isin_strMode5"
"4102.TWO","永日","TPEX","生技醫療業","hc.Medtech","2026-09-13T09:17:24Z","tw_boards|twse:twse_openapi|tpex:twse_isin_strMode4|esb:twse_isin_strMode5"
"4105.TWO","東洋","TPEX","生技醫療業","hc.Medtech","2026-09-13T09:17:24Z","tw_boards|twse:twse_openapi|tpex:twse_isin_strMode4|esb:twse_isin_strMode5"
"4107.TWO","邦特","TPEX","生技醫療業","hc.Medtech","2026-09-13T09:17:24Z","tw_boards|twse:twse_openapi|tpex:twse_isin_strMode4|esb:twse_isin_strMode5"
"4109.TWO","加捷生醫","TPEX","生技醫療業","hc.Medtech","2026-09-13T09:17:24Z","tw_boards|twse:twse_openapi|tpex:twse_isin_strMode4|esb:twse_isin_strMode5"
"4111.TWO","濟生","TPEX","生技醫療業","hc.Medtech","2026-09-13T09:17:24Z","tw_boards|twse:twse_openapi|tpex:twse_isin_strMode4|esb:twse_isin_strMode5"
"4113.TWO","聯上","TPEX","建材營造業","ind.Machinery","2026-09-13T09:17:24Z","tw_boards|twse:twse_openapi|tpex:twse_isin_strMode4|esb:twse_isin_strMode5"
"4114.TWO","健喬","TPEX","生技醫療業","hc.Medtech","2026-09-13T09:17:24Z","tw_boards|twse:twse_openapi|tpex:twse_isin_strMode4|esb:twse_isin_strMode5"
"4116.TWO","明基醫","TPEX","生技醫療業","hc.Medtech","2026-09-13T09:17:24Z","tw_boards|twse:twse_openapi|tpex:twse_isin_strMode4|esb:twse_isin_strMode5"
"4120.TWO","友華","TPEX","生技醫療業","hc.Medtech","2026-09-13T09:17:24Z","tw_boards|twse:twse_openapi|tpex:twse_isin_strMode4|esb:twse_isin_strMode5"
"4121.TWO","優盛","TPEX","生技醫療業","hc.Medtech","2026-09-13T09:17:24Z","tw_boards|twse:twse_openapi|tpex:twse_isin_strMode4|esb:twse_isin_strMode5"
"4123.TWO","晟德","TPEX","生技醫療業","hc.Medtech","2026-09-13T09:17:24Z","tw_boards|twse:twse_openapi|tpex:twse_isin_strMode4|esb:twse_isin_strMode5"
"4126.TWO","太醫","TPEX","生技醫療業","hc.Medtech","2026-09-13T09:17:24Z","tw_boards|twse:twse_openapi|tpex:twse_isin_strMode4|esb:twse_isin_strMode5"
"4127.TWO","天良","TPEX","生技醫療業","hc.Medtech","2026-09-13T09:17:24Z","tw_boards|twse:twse_openapi|tpex:twse_isin_strMode4|esb:twse_isin_strMode5"
"4128.TWO","中天","TPEX","生技醫療業","hc.Medtech","2026-09-13T09:17:24Z","tw_boards|twse:twse_openapi|tpex:twse_isin_strMode4|esb:twse_isin_strMode5"
"4129.TWO","聯合","TPEX","生技醫療業","hc.Medtech","2026-09-13T09:17:24Z","tw_boards|twse:twse_openapi|tpex:twse_isin_strMode4|esb:twse_isin_strMode5"
"4131.TWO","浩泰","TPEX","生技醫療業","hc.Medtech","2026-09-13T09:17:24Z","tw_boards|twse:twse_openapi|tpex:twse_isin_strMode4|esb:twse_isin_strMode5"
"4138.TWO","曜亞","TPEX","生技醫療業","hc.Medtech","2026-09-13T09:17:24Z","tw_boards|twse:twse_openapi|tpex:twse_isin_strMode4|esb:twse_isin_strMode5"
"4139.TWO","馬光-KY","TPEX","生技醫療業","hc.Medtech","2026-09-13T09:17:24Z","tw_boards|twse:twse_openapi|tpex:twse_isin_strMode4|esb:twse_isin_strMode5"
"4147.TWO","中裕","TPEX","生技醫療業","hc.Medtech","2026-09-13T09:17:24Z","tw_boards|twse:twse_openapi|tpex:twse_isin_strMode4|esb:twse_isin_strMode5"
"4153.TWO","鈺緯","TPEX","生技醫療業","hc.Medtech","2026-09-13T09:17:24Z","tw_boards|twse:twse_openapi|tpex:twse_isin_strMode4|esb:twse_isin_strMode5"
"4154.TWO","樂威科-KY","TPEX","其他業","lab.Unmapped","2026-09-13T09:17:24Z","tw_boards|twse:twse_openapi|tpex:twse_isin_strMode4|esb:twse_isin_strMode5"
"4157.TWO","太景*-KY","TPEX","生技醫療業","hc.Medtech","2026-09-13T09:17:24Z","tw_boards|twse:twse_openapi|tpex:twse_isin_strMode4|esb:twse_isin_strMode5"
"4160.TWO","訊聯基因","TPEX","生技醫療業","hc.Medtech","2026-09-13T09:17:24Z","tw_boards|twse:twse_openapi|tpex:twse_isin_strMode4|esb:twse_isin_strMode5"
"4161.TWO","聿新科","TPEX","生技醫療業","hc.Medtech","2026-09-13T09:17:24Z","tw_boards|twse:twse_openapi|tpex:twse_isin_strMode4|esb:twse_isin_strMode5"
"4162.TWO","智擎","TPEX","生技醫療業","hc.Medtech","2026-09-13T09:17:24Z","tw_boards|twse:twse_openapi|tpex:twse_isin_strMode4|esb:twse_isin_strMode5"
"4163.TWO","鐿鈦","TPEX","生技醫療業","hc.Medtech","2026-09-13T09:17:24Z","tw_boards|twse:twse_openapi|tpex:twse_isin_strMode4|esb:twse_isin_strMode5"
"4166.TWO","友霖","TPEX","生技醫療業","hc.Medtech","2026-09-13T09:17:24Z","tw_boards|twse:twse_openapi|tpex:twse_isin_strMode4|esb:twse_isin_strMode5"
"4167.TWO","松瑞藥","TPEX","生技醫療業","hc.Medtech","2026-09-13T09:17:24Z","tw_boards|twse:twse_openapi|tpex:twse_isin_strMode4|esb:twse_isin_strMode5"
"4168.TWO","醣聯","TPEX","生技醫療業","hc.Medtech","2026-09-13T09:17:24Z","tw_boards|twse:twse_openapi|tpex:twse_isin_strMode4|esb:twse_isin_strMode5"
"4171.TWO","瑞基","TPEX","農業科技業","lab.Unmapped","2026-09-13T09:17:24Z","tw_boards|twse:twse_openapi|tpex:twse_isin_strMode4|esb:twse_isin_strMode5"
"4173.TWO","久裕","TPEX","生技醫療業","hc.Medtech","2026-09-13T09:17:24Z","tw_boards|twse:twse_openapi|tpex:twse_isin_strMode4|esb:twse_isin_strMode5"
"4174.TWO","浩鼎","TPEX","生技醫療業","hc.Medtech","2026-09-13T09:17:24Z","tw_boards|twse:twse_openapi|tpex:twse_isin_strMode4|esb:twse_isin_strMode5"
"4175.TWO","杏一","TPEX","生技醫療業","hc.Medtech","2026-09-13T09:17:24Z","tw_boards|twse:twse_openapi|tpex:twse_isin_strMode4|esb:twse_isin_strMode5"
"4183.TWO","福永生技","TPEX","生技醫療業","hc.Medtech","2026-09-13T09:17:24Z","tw_boards|twse:twse_openapi|tpex:twse_isin_strMode4|esb:twse_isin_strMode5"
"4188.TWO","安克","TPEX","生技醫療業","hc.Medtech","2026-09-13T09:17:24Z","tw_boards|twse:twse_openapi|tpex:twse_isin_strMode4|esb:twse_isin_strMode5"
"4192.TWO","杏國","TPEX","生技醫療業","hc.Medtech","2026-09-13T09:17:24Z","tw_boards|twse:twse_openapi|tpex:twse_isin_strMode4|esb:twse_isin_strMode5"
"4198.TWO","欣大健康","TPEX","生技醫療業","hc.Medtech","2026-09-13T09:17:24Z","tw_boards|twse:twse_openapi|tpex:twse_isin_strMode4|esb:twse_isin_strMode5"
"4205.TWO","中華食","TPEX","食品工業","fmcg.Food_Beverages","2026-09-13T09:17:24Z","tw_boards|twse:twse_openapi|tpex:twse_isin_strMode4|esb:twse_isin_strMode5"
"4207.TWO","環泰","TPEX","食品工業","fmcg.Food_Beverages","2026-09-13T09:17:24Z","tw_boards|twse:twse_openapi|tpex:twse_isin_strMode4|esb:twse_isin_strMode5"
"4303.TWO","信立","TPEX","塑膠工業","mat.Chemicals","2026-09-13T09:17:24Z","tw_boards|twse:twse_openapi|tpex:twse_isin_strMode4|esb:twse_isin_strMode5"
"4304.TWO","勝昱","TPEX","塑膠工業","mat.Chemicals","2026-09-13T09:17:24Z","tw_boards|twse:twse_openapi|tpex:twse_isin_strMode4|esb:twse_isin_strMode5"
"4305.TWO","世坤","TPEX","塑膠工業","mat.Chemicals","2026-09-13T09:17:24Z","tw_boards|twse:twse_openapi|tpex:twse_isin_strMode4|esb:twse_isin_strMode5"
"4401.TWO","東隆興","TPEX","紡織纖維","lab.Unmapped","2026-09-13T09:17:24Z","tw_boards|twse:twse_openapi|tpex:twse_isin_strMode4|esb:twse_isin_strMode5"
"4402.TWO","郡都開發","TPEX","紡織纖維","lab.Unmapped","2026-09-13T09:17:24Z","tw_boards|twse:twse_openapi|tpex:twse_isin_strMode4|esb:twse_isin_strMode5"
"4406.TWO","新昕纖","TPEX","紡織纖維","lab.Unmapped","2026-09-13T09:17:24Z","tw_boards|twse:twse_openapi|tpex:twse_isin_strMode4|esb:twse_isin_strMode5"
"4413.TWO","飛寶企業","TPEX","紡織纖維","lab.Unmapped","2026-09-13T09:17:24Z","tw_boards|twse:twse_openapi|tpex:twse_isin_strMode4|esb:twse_isin_strMode5"
"4416.TWO","三圓","TPEX","建材營造業","ind.Machinery","2026-09-13T09:17:24Z","tw_boards|twse:twse_openapi|tpex:twse_isin_strMode4|esb:twse_isin_strMode5"
"4417.TWO","金洲","TPEX","紡織纖維","lab.Unmapped","2026-09-13T09:17:24Z","tw_boards|twse:twse_openapi|tpex:twse_isin_strMode4|esb:twse_isin_strMode5"
"4419.TWO","皇家美食","TPEX","觀光餐旅","retail.Brick_Mortar","2026-09-13T09:17:24Z","tw_boards|twse:twse_openapi|tpex:twse_isin_strMode4|esb:twse_isin_strMode5"
"4420.TWO","光明","TPEX","紡織纖維","lab.Unmapped","2026-09-13T09:17:24Z","tw_boards|twse:twse_openapi|tpex:twse_isin_strMode4|esb:twse_isin_strMode5"
"4430.TWO","耀億","TPEX","其他業","lab.Unmapped","2026-09-13T09:17:24Z","tw_boards|twse:twse_openapi|tpex:twse_isin_strMode4|esb:twse_isin_strMode5"
"4432.TWO","銘旺實","TPEX","紡織纖維","lab.Unmapped","2026-09-13T09:17:24Z","tw_boards|twse:twse_openapi|tpex:twse_isin_strMode4|esb:twse_isin_strMode5"
"4433.TWO","興采","TPEX","紡織纖維","lab.Unmapped","2026-09-13T09:17:24Z","tw_boards|twse:twse_openapi|tpex:twse_isin_strMode4|esb:twse_isin_strMode5"
"4442.TWO","竣邦-KY","TPEX","紡織纖維","lab.Unmapped","2026-09-13T09:17:24Z","tw_boards|twse:twse_openapi|tpex:twse_isin_strMode4|esb:twse_isin_strMode5"
"4502.TWO","健信","TPEX","電機機械","ind.Machinery","2026-09-13T09:17:24Z","tw_boards|twse:twse_openapi|tpex:twse_isin_strMode4|esb:twse_isin_strMode5"
"4503.TWO","金雨","TPEX","電機機械","ind.Machinery","2026-09-13T09:17:24Z","tw_boards|twse:twse_openapi|tpex:twse_isin_strMode4|esb:twse_isin_strMode5"
"4506.TWO","崇友","TPEX","電機機械","ind.Machinery","2026-09-13T09:17:24Z","tw_boards|twse:twse_openapi|tpex:twse_isin_strMode4|esb:twse_isin_strMode5"
"4510.TWO","高鋒","TPEX","電機機械","ind.Machinery","2026-09-13T09:17:24Z","tw_boards|twse:twse_openapi|tpex:twse_isin_strMode4|esb:twse_isin_strMode5"
"4513.TWO","福裕","TPEX","電機機械","ind.Machinery","2026-09-13T09:17:24Z","tw_boards|twse:twse_openapi|tpex:twse_isin_strMode4|esb:twse_isin_strMode5"
"4523.TWO","永彰","TPEX","電機機械","ind.Machinery","2026-09-13T09:17:24Z","tw_boards|twse:twse_openapi|tpex:twse_isin_strMode4|esb:twse_isin_strMode5"
"4527.TWO","方土霖","TPEX","電機機械","ind.Machinery","2026-09-13T09:17:24Z","tw_boards|twse:twse_openapi|tpex:twse_isin_strMode4|esb:twse_isin_strMode5"
"4528.TWO","江興鍛","TPEX","電機機械","ind.Machinery","2026-09-13T09:17:24Z","tw_boards|twse:twse_openapi|tpex:twse_isin_strMode4|esb:twse_isin_strMode5"
"4529.TWO","淳紳","TPEX","其他業","lab.Unmapped","2026-09-13T09:17:24Z","tw_boards|twse:twse_openapi|tpex:twse_isin_strMode4|esb:twse_isin_strMode5"
"4530.TWO","天意能創","TPEX","觀光餐旅","retail.Brick_Mortar","2026-09-13T09:17:24Z","tw_boards|twse:twse_openapi|tpex:twse_isin_strMode4|esb:twse_isin_strMode5"
"4533.TWO","協易機","TPEX","電機機械","ind.Machinery","2026-09-13T09:17:24Z","tw_boards|twse:twse_openapi|tpex:twse_isin_strMode4|esb:twse_isin_strMode5"
"4534.TWO","慶騰","TPEX","電機機械","ind.Machinery","2026-09-13T09:17:24Z","tw_boards|twse:twse_openapi|tpex:twse_isin_strMode4|esb:twse_isin_strMode5"
"4535.TWO","至興","TPEX","電機機械","ind.Machinery","2026-09-13T09:17:24Z","tw_boards|twse:twse_openapi|tpex:twse_isin_strMode4|esb:twse_isin_strMode5"
"4538.TWO","大詠城","TPEX","電機機械","ind.Machinery","2026-09-13T09:17:24Z","tw_boards|twse:twse_openapi|tpex:twse_isin_strMode4|esb:twse_isin_strMode5"
"4541.TWO","晟田","TPEX","其他業","lab.Unmapped","2026-09-13T09:17:24Z","tw_boards|twse:twse_openapi|tpex:twse_isin_strMode4|esb:twse_isin_strMode5"
"4542.TWO","科嶠","TPEX","電子零組件業","ec.Hardware","2026-09-13T09:17:24Z","tw_boards|twse:twse_openapi|tpex:twse_isin_strMode4|esb:twse_isin_strMode5"
"4543.TWO","萬在","TPEX","電機機械","ind.Machinery","2026-09-13T09:17:24Z","tw_boards|twse:twse_openapi|tpex:twse_isin_strMode4|esb:twse_isin_strMode5"
"4549.TWO","桓達","TPEX","電機機械","ind.Machinery","2026-09-13T09:17:24Z","tw_boards|twse:twse_openapi|tpex:twse_isin_strMode4|esb:twse_isin_strMode5"
"4550.TWO","長佳","TPEX","電機機械","ind.Machinery","2026-09-13T09:17:24Z","tw_boards|twse:twse_openapi|tpex:twse_isin_strMode4|esb:twse_isin_strMode5"
"4554.TWO","橙的","TPEX","其他電子業","ec.Hardware","2026-09-13T09:17:24Z","tw_boards|twse:twse_openapi|tpex:twse_isin_strMode4|esb:twse_isin_strMode5"
"4556.TWO","旭然","TPEX","其他業","lab.Unmapped","2026-09-13T09:17:24Z","tw_boards|twse:twse_openapi|tpex:twse_isin_strMode4|esb:twse_isin_strMode5"
"4558.TWO","寶緯","TPEX","電機機械","ind.Machinery","2026-09-13T09:17:24Z","tw_boards|twse:twse_openapi|tpex:twse_isin_strMode4|esb:twse_isin_strMode5"
"4561.TWO","健椿","TPEX","電機機械","ind.Machinery","2026-09-13T09:17:24Z","tw_boards|twse:twse_openapi|tpex:twse_isin_strMode4|esb:twse_isin_strMode5"
"4563.TWO","百德","TPEX","電機機械","ind.Machinery","2026-09-13T09:17:24Z","tw_boards|twse:twse_openapi|tpex:twse_isin_strMode4|esb:twse_isin_strMode5"
"4568.TWO","科際精密","TPEX","電機機械","ind.Machinery","2026-09-13T09:17:24Z","tw_boards|twse:twse_openapi|tpex:twse_isin_strMode4|esb:twse_isin_strMode5"
"4577.TWO","達航科技","TPEX","其他電子業","ec.Hardware","2026-09-13T09:17:24Z","tw_boards|twse:twse_openapi|tpex:twse_isin_strMode4|esb:twse_isin_strMode5"
"4580.TWO","捷流閥業","TPEX","電機機械","ind.Machinery","2026-09-13T09:17:24Z","tw_boards|twse:twse_openapi|tpex:twse_isin_strMode4|esb:twse_isin_strMode5"
"4584.TWO","君帆","TPEX","電機機械","ind.Machinery","2026-09-13T09:17:24Z","tw_boards|twse:twse_openapi|tpex:twse_isin_strMode4|esb:twse_isin_strMode5"
"4609.TWO","唐鋒","TPEX","居家生活","lab.Unmapped","2026-09-13T09:17:24Z","tw_boards|twse:twse_openapi|tpex:twse_isin_strMode4|esb:twse_isin_strMode5"
"4702.TWO","中美實","TPEX","居家生活","lab.Unmapped","2026-09-13T09:17:24Z","tw_boards|twse:twse_openapi|tpex:twse_isin_strMode4|esb:twse_isin_strMode5"
"4706.TWO","大恭","TPEX","化學工業","mat.Chemicals","2026-09-13T09:17:24Z","tw_boards|twse:twse_openapi|tpex:twse_isin_strMode4|esb:twse_isin_strMode5"
"4707.TWO","磐亞","TPEX","化學工業","mat.Chemicals","2026-09-13T09:17:24Z","tw_boards|twse:twse_openapi|tpex:twse_isin_strMode4|esb:twse_isin_strMode5"
"4711.TWO","永純","TPEX","化學工業","mat.Chemicals","2026-09-13T09:17:24Z","tw_boards|twse:twse_openapi|tpex:twse_isin_strMode4|esb:twse_isin_strMode5"
"4714.TWO","永捷","TPEX","化學工業","mat.Chemicals","2026-09-13T09:17:24Z","tw_boards|twse:twse_openapi|tpex:twse_isin_strMode4|esb:twse_isin_strMode5"
"4716.TWO","大立","TPEX","化學工業","mat.Chemicals","2026-09-13T09:17:24Z","tw_boards|twse:twse_openapi|tpex:twse_isin_strMode4|esb:twse_isin_strMode5"
"4721.TWO","美琪瑪","TPEX","化學工業","mat.Chemicals","2026-09-13T09:17:24Z","tw_boards|twse:twse_openapi|tpex:twse_isin_strMode4|esb:twse_isin_strMode5"
"4726.TWO","永昕","TPEX","生技醫療業","hc.Medtech","2026-09-13T09:17:24Z","tw_boards|twse:twse_openapi|tpex:twse_isin_strMode4|esb:twse_isin_strMode5"
"4728.TWO","雙美","TPEX","生技醫療業","hc.Medtech","2026-09-13T09:17:24Z","tw_boards|twse:twse_openapi|tpex:twse_isin_strMode4|esb:twse_isin_strMode5"
"4729.TWO","熒茂","TPEX","光電業","ec.Hardware","2026-09-13T09:17:24Z","tw_boards|twse:twse_openapi|tpex:twse_isin_strMode4|esb:twse_isin_strMode5"
"4735.TWO","豪展","TPEX","生技醫療業","hc.Medtech","2026-09-13T09:17:24Z","tw_boards|twse:twse_openapi|tpex:twse_isin_strMode4|esb:twse_isin_strMode5"
"4741.TWO","泓瀚","TPEX","化學工業","mat.Chemicals","2026-09-13T09:17:24Z","tw_boards|twse:twse_openapi|tpex:twse_isin_strMode4|esb:twse_isin_strMode5"
"4743.TWO","合一","TPEX","生技醫療業","hc.Medtech","2026-09-13T09:17:24Z","tw_boards|twse:twse_openapi|tpex:twse_isin_strMode4|esb:twse_isin_strMode5"
"4744.TWO","皇將","TPEX","生技醫療業","hc.Medtech","2026-09-13T09:17:24Z","tw_boards|twse:twse_openapi|tpex:twse_isin_strMode4|esb:twse_isin_strMode5"
"4745.TWO","合富-KY","TPEX","生技醫療業","hc.Medtech","2026-09-13T09:17:24Z","tw_boards|twse:twse_openapi|tpex:twse_isin_strMode4|esb:twse_isin_strMode5"
"4747.TWO","強生*","TPEX","生技醫療業","hc.Medtech","2026-09-13T09:17:24Z","tw_boards|twse:twse_openapi|tpex:twse_isin_strMode4|esb:twse_isin_strMode5"
"4749.TWO","新應材","TPEX","半導體業","sc.Foundry","2026-09-13T09:17:24Z","tw_boards|twse:twse_openapi|tpex:twse_isin_strMode4|esb:twse_isin_strMode5"
"4754.TWO","國碳科","TPEX","化學工業","mat.Chemicals","2026-09-13T09:17:24Z","tw_boards|twse:twse_openapi|tpex:twse_isin_strMode4|esb:twse_isin_strMode5"
"4760.TWO","勤凱","TPEX","其他電子業","ec.Hardware","2026-09-13T09:17:24Z","tw_boards|twse:twse_openapi|tpex:twse_isin_strMode4|esb:twse_isin_strMode5"
"4767.TWO","誠泰科技","TPEX","化學工業","mat.Chemicals","2026-09-13T09:17:24Z","tw_boards|twse:twse_openapi|tpex:twse_isin_strMode4|esb:twse_isin_strMode5"
"4768.TWO","晶呈科技","TPEX","化學工業","mat.Chemicals","2026-09-13T09:17:24Z","tw_boards|twse:twse_openapi|tpex:twse_isin_strMode4|esb:twse_isin_strMode5"
"4772.TWO","台特化","TPEX","化學工業","mat.Chemicals","2026-09-13T09:17:24Z","tw_boards|twse:twse_openapi|tpex:twse_isin_strMode4|esb:twse_isin_strMode5"
"4804.TWO","大略-KY","TPEX","觀光餐旅","retail.Brick_Mortar","2026-09-13T09:17:24Z","tw_boards|twse:twse_openapi|tpex:twse_isin_strMode4|esb:twse_isin_strMode5"
"4806.TWO","桂田文創","TPEX","文化創意業","media.Entertainment","2026-09-13T09:17:24Z","tw_boards|twse:twse_openapi|tpex:twse_isin_strMode4|esb:twse_isin_strMode5"
"4903.TWO","聯光通","TPEX","通信網路業","ec.Hardware","2026-09-13T09:17:24Z","tw_boards|twse:twse_openapi|tpex:twse_isin_strMode4|esb:twse_isin_strMode5"
"4905.TWO","台聯電","TPEX","生技醫療業","hc.Medtech","2026-09-13T09:17:24Z","tw_boards|twse:twse_openapi|tpex:twse_isin_strMode4|esb:twse_isin_strMode5"
"4907.TWO","富宇","TPEX","建材營造業","ind.Machinery","2026-09-13T09:17:24Z","tw_boards|twse:twse_openapi|tpex:twse_isin_strMode4|esb:twse_isin_strMode5"
"4908.TWO","前鼎","TPEX","通信網路業","ec.Hardware","2026-09-13T09:17:24Z","tw_boards|twse:twse_openapi|tpex:twse_isin_strMode4|esb:twse_isin_strMode5"
"4909.TWO","新復興","TPEX","通信網路業","ec.Hardware","2026-09-13T09:17:24Z","tw_boards|twse:twse_openapi|tpex:twse_isin_strMode4|esb:twse_isin_strMode5"
"4911.TWO","德英","TPEX","生技醫療業","hc.Medtech","2026-09-13T09:17:24Z","tw_boards|twse:twse_openapi|tpex:twse_isin_strMode4|esb:twse_isin_strMode5"
"4923.TWO","力士","TPEX","半導體業","sc.Foundry","2026-09-13T09:17:24Z","tw_boards|twse:twse_openapi|tpex:twse_isin_strMode4|esb:twse_isin_strMode5"
"4924.TWO","欣厚-KY","TPEX","綠能環保","lab.Unmapped","2026-09-13T09:17:24Z","tw_boards|twse:twse_openapi|tpex:twse_isin_strMode4|esb:twse_isin_strMode5"
"4931.TWO","新盛力","TPEX","電腦及週邊設備業","ec.Hardware","2026-09-13T09:17:24Z","tw_boards|twse:twse_openapi|tpex:twse_isin_strMode4|esb:twse_isin_strMode5"
"4933.TWO","友輝","TPEX","光電業","ec.Hardware","2026-09-13T09:17:24Z","tw_boards|twse:twse_openapi|tpex:twse_isin_strMode4|esb:twse_isin_strMode5"
"4939.TWO","亞電","TPEX","電子零組件業","ec.Hardware","2026-09-13T09:17:24Z","tw_boards|twse:twse_openapi|tpex:twse_isin_strMode4|esb:twse_isin_strMode5"
"4946.TWO","辣椒","TPEX","文化創意業","media.Entertainment","2026-09-13T09:17:24Z","tw_boards|twse:twse_openapi|tpex:twse_isin_strMode4|esb:twse_isin_strMode5"
"4950.TWO","金耘國際","TPEX","鋼鐵工業","mat.Metals_Mining","2026-09-13T09:17:24Z","tw_boards|twse:twse_openapi|tpex:twse_isin_strMode4|esb:twse_isin_strMode5"
"4951.TWO","精拓科","TPEX","半導體業","sc.Foundry","2026-09-13T09:17:24Z","tw_boards|twse:twse_openapi|tpex:twse_isin_strMode4|esb:twse_isin_strMode5"
"4953.TWO","緯致","TPEX","資訊服務業","ec.Hardware","2026-09-13T09:17:24Z","tw_boards|twse:twse_openapi|tpex:twse_isin_strMode4|esb:twse_isin_strMode5"
"4966.TWO","譜瑞-KY","TPEX","半導體業","sc.Foundry","2026-09-13T09:17:24Z","tw_boards|twse:twse_openapi|tpex:twse_isin_strMode4|esb:twse_isin_strMode5"
"4971.TWO","IET-KY","TPEX","半導體業","sc.Foundry","2026-09-13T09:17:24Z","tw_boards|twse:twse_openapi|tpex:twse_isin_strMode4|esb:twse_isin_strMode5"
"4972.TWO","湯石照明","TPEX","光電業","ec.Hardware","2026-09-13T09:17:24Z","tw_boards|twse:twse_openapi|tpex:twse_isin_strMode4|esb:twse_isin_strMode5"
"4973.TWO","廣穎","TPEX","半導體業","sc.Foundry","2026-09-13T09:17:24Z","tw_boards|twse:twse_openapi|tpex:twse_isin_strMode4|esb:twse_isin_strMode5"
"4974.TWO","亞泰","TPEX","電子零組件業","ec.Hardware","2026-09-13T09:17:24Z","tw_boards|twse:twse_openapi|tpex:twse_isin_strMode4|esb:twse_isin_strMode5"
"4979.TWO","華星光","TPEX","通信網路業","ec.Hardware","2026-09-13T09:17:24Z","tw_boards|twse:twse_openapi|tpex:twse_isin_strMode4|esb:twse_isin_strMode5"
"4991.TWO","環宇-KY","TPEX","半導體業","sc.Foundry","2026-09-13T09:17:24Z","tw_boards|twse:twse_openapi|tpex:twse_isin_strMode4|esb:twse_isin_strMode5"
"4995.TWO","晶達","TPEX","光電業","ec.Hardware","2026-09-13T09:17:24Z","tw_boards|twse:twse_openapi|tpex:twse_isin_strMode4|esb:twse_isin_strMode5"
"5009.TWO","榮剛","TPEX","鋼鐵工業","mat.Metals_Mining","2026-09-13T09:17:24Z","tw_boards|twse:twse_openapi|tpex:twse_isin_strMode4|esb:twse_isin_strMode5"
"5011.TWO","久陽","TPEX","鋼鐵工業","mat.Metals_Mining","2026-09-13T09:17:24Z","tw_boards|twse:twse_openapi|tpex:twse_isin_strMode4|esb:twse_isin_strMode5"
"5013.TWO","強新","TPEX","鋼鐵工業","mat.Metals_Mining","2026-09-13T09:17:24Z","tw_boards|twse:twse_openapi|tpex:twse_isin_strMode4|esb:twse_isin_strMode5"
"5014.TWO","建錩","TPEX","鋼鐵工業","mat.Metals_Mining","2026-09-13T09:17:24Z","tw_boards|twse:twse_openapi|tpex:twse_isin_strMode4|esb:twse_isin_strMode5"
"5015.TWO","華祺","TPEX","鋼鐵工業","mat.Metals_Mining","2026-09-13T09:17:24Z","tw_boards|twse:twse_openapi|tpex:twse_isin_strMode4|esb:twse_isin_strMode5"
"5016.TWO","松和","TPEX","鋼鐵工業","mat.Metals_Mining","2026-09-13T09:17:24Z","tw_boards|twse:twse_openapi|tpex:twse_isin_strMode4|esb:twse_isin_strMode5"
"5201.TWO","凱衛","TPEX","資訊服務業","ec.Hardware","2026-09-13T09:17:24Z","tw_boards|twse:twse_openapi|tpex:twse_isin_strMode4|esb:twse_isin_strMode5"
"5202.TWO","力新","TPEX","資訊服務業","ec.Hardware","2026-09-13T09:17:24Z","tw_boards|twse:twse_openapi|tpex:twse_isin_strMode4|esb:twse_isin_strMode5"
"5205.TWO","中茂","TPEX","綠能環保","lab.Unmapped","2026-09-13T09:17:24Z","tw_boards|twse:twse_openapi|tpex:twse_isin_strMode4|esb:twse_isin_strMode5"
"5206.TWO","坤悅","TPEX","建材營造業","ind.Machinery","2026-09-13T09:17:24Z","tw_boards|twse:twse_openapi|tpex:twse_isin_strMode4|esb:twse_isin_strMode5"
"5209.TWO","新鼎","TPEX","其他業","lab.Unmapped","2026-09-13T09:17:24Z","tw_boards|twse:twse_openapi|tpex:twse_isin_strMode4|esb:twse_isin_strMode5"
"5210.TWO","寶碩","TPEX","資訊服務業","ec.Hardware","2026-09-13T09:17:24Z","tw_boards|twse:twse_openapi|tpex:twse_isin_strMode4|esb:twse_isin_strMode5"
"5211.TWO","蒙恬","TPEX","資訊服務業","ec.Hardware","2026-09-13T09:17:24Z","tw_boards|twse:twse_openapi|tpex:twse_isin_strMode4|esb:twse_isin_strMode5"
"5212.TWO","凌網","TPEX","資訊服務業","ec.Hardware","2026-09-13T09:17:24Z","tw_boards|twse:twse_openapi|tpex:twse_isin_strMode4|esb:twse_isin_strMode5"
"5213.TWO","亞昕","TPEX","建材營造業","ind.Machinery","2026-09-13T09:17:24Z","tw_boards|twse:twse_openapi|tpex:twse_isin_strMode4|esb:twse_isin_strMode5"
"5220.TWO","萬達光電","TPEX","光電業","ec.Hardware","2026-09-13T09:17:24Z","tw_boards|twse:twse_openapi|tpex:twse_isin_strMode4|esb:twse_isin_strMode5"
"5223.TWO","安力-KY","TPEX","電腦及週邊設備業","ec.Hardware","2026-09-13T09:17:24Z","tw_boards|twse:twse_openapi|tpex:twse_isin_strMode4|esb:twse_isin_strMode5"
"5227.TWO","立凱-KY","TPEX","電子零組件業","ec.Hardware","2026-09-13T09:17:24Z","tw_boards|twse:twse_openapi|tpex:twse_isin_strMode4|esb:twse_isin_strMode5"
"5228.TWO","鈺鎧","TPEX","電子零組件業","ec.Hardware","2026-09-13T09:17:24Z","tw_boards|twse:twse_openapi|tpex:twse_isin_strMode4|esb:twse_isin_strMode5"
"5230.TWO","雷笛克光學","TPEX","光電業","ec.Hardware","2026-09-13T09:17:24Z","tw_boards|twse:twse_openapi|tpex:twse_isin_strMode4|esb:twse_isin_strMode5"
"5245.TWO","智晶","TPEX","光電業","ec.Hardware","2026-09-13T09:17:24Z","tw_boards|twse:twse_openapi|tpex:twse_isin_strMode4|esb:twse_isin_strMode5"
"5251.TWO","天鉞電","TPEX","光電業","ec.Hardware","2026-09-13T09:17:24Z","tw_boards|twse:twse_openapi|tpex:twse_isin_strMode4|esb:twse_isin_strMode5"
"5263.TWO","智崴","TPEX","文化創意業","media.Entertainment","2026-09-13T09:17:24Z","tw_boards|twse:twse_openapi|tpex:twse_isin_strMode4|esb:twse_isin_strMode5"
"5272.TWO","笙科","TPEX","半導體業","sc.Foundry","2026-09-13T09:17:24Z","tw_boards|twse:twse_openapi|tpex:twse_isin_strMode4|esb:twse_isin_strMode5"
"5274.TWO","信驊","TPEX","半導體業","sc.Foundry","2026-09-13T09:17:24Z","tw_boards|twse:twse_openapi|tpex:twse_isin_strMode4|esb:twse_isin_strMode5"
"5276.TWO","達輝-KY","TPEX","其他業","lab.Unmapped","2026-09-13T09:17:24Z","tw_boards|twse:twse_openapi|tpex:twse_isin_strMode4|esb:twse_isin_strMode5"
"5278.TWO","尚凡*","TPEX","數位雲端","lab.Unmapped","2026-09-13T09:17:24Z","tw_boards|twse:twse_openapi|tpex:twse_isin_strMode4|esb:twse_isin_strMode5"
"5287.TWO","數字","TPEX","數位雲端","lab.Unmapped","2026-09-13T09:17:24Z","tw_boards|twse:twse_openapi|tpex:twse_isin_strMode4|esb:twse_isin_strMode5"
"5289.TWO","宜鼎","TPEX","電腦及週邊設備業","ec.Hardware","2026-09-13T09:17:24Z","tw_boards|twse:twse_openapi|tpex:twse_isin_strMode4|esb:twse_isin_strMode5"
"5291.TWO","邑昇","TPEX","電子零組件業","ec.Hardware","2026-09-13T09:17:24Z","tw_boards|twse:twse_openapi|tpex:twse_isin_strMode4|esb:twse_isin_strMode5"
"5299.TWO","杰力","TPEX","半導體業","sc.Foundry","2026-09-13T09:17:24Z","tw_boards|twse:twse_openapi|tpex:twse_isin_strMode4|esb:twse_isin_strMode5"
"5301.TWO","寶得利","TPEX","觀光餐旅","retail.Brick_Mortar","2026-09-13T09:17:24Z","tw_boards|twse:twse_openapi|tpex:twse_isin_strMode4|esb:twse_isin_strMode5"
"5302.TWO","太欣","TPEX","半導體業","sc.Foundry","2026-09-13T09:17:24Z","tw_boards|twse:twse_openapi|tpex:twse_isin_strMode4|esb:twse_isin_strMode5"
"5309.TWO","系統電","TPEX","電子零組件業","ec.Hardware","2026-09-13T09:17:24Z","tw_boards|twse:twse_openapi|tpex:twse_isin_strMode4|esb:twse_isin_strMode5"
"5310.TWO","天剛","TPEX","資訊服務業","ec.Hardware","2026-09-13T09:17:24Z","tw_boards|twse:twse_openapi|tpex:twse_isin_strMode4|esb:twse_isin_strMode5"
"5312.TWO","寶島科","TPEX","生技醫療業","hc.Medtech","2026-09-13T09:17:24Z","tw_boards|twse:twse_openapi|tpex:twse_isin_strMode4|esb:twse_isin_strMode5"
"5314.TWO","世紀*","TPEX","其他業","lab.Unmapped","2026-09-13T09:17:24Z","tw_boards|twse:twse_openapi|tpex:twse_isin_strMode4|esb:twse_isin_strMode5"
"5315.TWO","光聯","TPEX","光電業","ec.Hardware","2026-09-13T09:17:24Z","tw_boards|twse:twse_openapi|tpex:twse_isin_strMode4|esb:twse_isin_strMode5"
"5321.TWO","美而快","TPEX","數位雲端","lab.Unmapped","2026-09-13T09:17:24Z","tw_boards|twse:twse_openapi|tpex:twse_isin_strMode4|esb:twse_isin_strMode5"
"5324.TWO","士開","TPEX","建材營造業","ind.Machinery","2026-09-13T09:17:24Z","tw_boards|twse:twse_openapi|tpex:twse_isin_strMode4|esb:twse_isin_strMode5"
"5328.TWO","華容","TPEX","電子零組件業","ec.Hardware","2026-09-13T09:17:24Z","tw_boards|twse:twse_openapi|tpex:twse_isin_strMode4|esb:twse_isin_strMode5"
"5340.TWO","建榮","TPEX","電子零組件業","ec.Hardware","2026-09-13T09:17:24Z","tw_boards|twse:twse_openapi|tpex:twse_isin_strMode4|esb:twse_isin_strMode5"
"5344.TWO","立衛","TPEX","半導體業","sc.Foundry","2026-09-13T09:17:24Z","tw_boards|twse:twse_openapi|tpex:twse_isin_strMode4|esb:twse_isin_strMode5"
"5345.TWO","馥鴻","TPEX","其他業","lab.Unmapped","2026-09-13T09:17:24Z","tw_boards|twse:twse_openapi|tpex:twse_isin_strMode4|esb:twse_isin_strMode5"
"5347.TWO","世界","TPEX","半導體業","sc.Foundry","2026-09-13T09:17:24Z","tw_boards|twse:twse_openapi|tpex:twse_isin_strMode4|esb:twse_isin_strMode5"
"5348.TWO","正能量智能","TPEX","運動休閒","lab.Unmapped","2026-09-13T09:17:24Z","tw_boards|twse:twse_openapi|tpex:twse_isin_strMode4|esb:twse_isin_strMode5"
"5351.TWO","鈺創","TPEX","半導體業","sc.Foundry","2026-09-13T09:17:24Z","tw_boards|twse:twse_openapi|tpex:twse_isin_strMode4|esb:twse_isin_strMode5"
"5353.TWO","台林","TPEX","通信網路業","ec.Hardware","2026-09-13T09:17:24Z","tw_boards|twse:twse_openapi|tpex:twse_isin_strMode4|esb:twse_isin_strMode5"
"5355.TWO","佳總","TPEX","電子零組件業","ec.Hardware","2026-09-13T09:17:24Z","tw_boards|twse:twse_openapi|tpex:twse_isin_strMode4|esb:twse_isin_strMode5"
"5356.TWO","協益","TPEX","電腦及週邊設備業","ec.Hardware","2026-09-13T09:17:24Z","tw_boards|twse:twse_openapi|tpex:twse_isin_strMode4|esb:twse_isin_strMode5"
"5364.TWO","力麗店","TPEX","觀光餐旅","retail.Brick_Mortar","2026-09-13T09:17:24Z","tw_boards|twse:twse_openapi|tpex:twse_isin_strMode4|esb:twse_isin_strMode5"
"5381.TWO","光譜","TPEX","電機機械","ind.Machinery","2026-09-13T09:17:24Z","tw_boards|twse:twse_openapi|tpex:twse_isin_strMode4|esb:twse_isin_strMode5"
"5386.TWO","青雲","TPEX","電腦及週邊設備業","ec.Hardware","2026-09-13T09:17:24Z","tw_boards|twse:twse_openapi|tpex:twse_isin_strMode4|esb:twse_isin_strMode5"
"5392.TWO","能率","TPEX","光電業","ec.Hardware","2026-09-13T09:17:24Z","tw_boards|twse:twse_openapi|tpex:twse_isin_strMode4|esb:twse_isin_strMode5"
"5398.TWO","慕康生醫","TPEX","其他業","lab.Unmapped","2026-09-13T09:17:24Z","tw_boards|twse:twse_openapi|tpex:twse_isin_strMode4|esb:twse_isin_strMode5"
"5403.TWO","中菲","TPEX","資訊服務業","ec.Hardware","2026-09-13T09:17:24Z","tw_boards|twse:twse_openapi|tpex:twse_isin_strMode4|esb:twse_isin_strMode5"
"5410.TWO","國眾","TPEX","資訊服務業","ec.Hardware","2026-09-13T09:17:24Z","tw_boards|twse:twse_openapi|tpex:twse_isin_strMode4|esb:twse_isin_strMode5"
"5425.TWO","台半","TPEX","半導體業","sc.Foundry","2026-09-13T09:17:24Z","tw_boards|twse:twse_openapi|tpex:twse_isin_strMode4|esb:twse_isin_strMode5"
"5426.TWO","振發","TPEX","電腦及週邊設備業","ec.Hardware","2026-09-13T09:17:24Z","tw_boards|twse:twse_openapi|tpex:twse_isin_strMode4|esb:twse_isin_strMode5"
"5432.TWO","新門","TPEX","綠能環保","lab.Unmapped","2026-09-13T09:17:24Z","tw_boards|twse:twse_openapi|tpex:twse_isin_strMode4|esb:twse_isin_strMode5"
"5438.TWO","東友","TPEX","電腦及週邊設備業","ec.Hardware","2026-09-13T09:17:24Z","tw_boards|twse:twse_openapi|tpex:twse_isin_strMode4|esb:twse_isin_strMode5"
"5439.TWO","高技","TPEX","電子零組件業","ec.Hardware","2026-09-13T09:17:24Z","tw_boards|twse:twse_openapi|tpex:twse_isin_strMode4|esb:twse_isin_strMode5"
"5443.TWO","均豪","TPEX","半導體業","sc.Foundry","2026-09-13T09:17:24Z","tw_boards|twse:twse_openapi|tpex:twse_isin_strMode4|esb:twse_isin_strMode5"
"5450.TWO","南良","TPEX","其他業","lab.Unmapped","2026-09-13T09:17:24Z","tw_boards|twse:twse_openapi|tpex:twse_isin_strMode4|esb:twse_isin_strMode5"
"5452.TWO","佶優","TPEX","其他電子業","ec.Hardware","2026-09-13T09:17:24Z","tw_boards|twse:twse_openapi|tpex:twse_isin_strMode4|esb:twse_isin_strMode5"
"5455.TWO","昇益","TPEX","建材營造業","ind.Machinery","2026-09-13T09:17:24Z","tw_boards|twse:twse_openapi|tpex:twse_isin_strMode4|esb:twse_isin_strMode5"
"5457.TWO","宣德","TPEX","電子零組件業","ec.Hardware","2026-09-13T09:17:24Z","tw_boards|twse:twse_openapi|tpex:twse_isin_strMode4|esb:twse_isin_strMode5"
"5460.TWO","同協","TPEX","電子零組件業","ec.Hardware","2026-09-13T09:17:24Z","tw_boards|twse:twse_openapi|tpex:twse_isin_strMode4|esb:twse_isin_strMode5"
"5464.TWO","霖宏","TPEX","電子零組件業","ec.Hardware","2026-09-13T09:17:24Z","tw_boards|twse:twse_openapi|tpex:twse_isin_strMode4|esb:twse_isin_strMode5"
"5465.TWO","富驊","TPEX","電腦及週邊設備業","ec.Hardware","2026-09-13T09:17:24Z","tw_boards|twse:twse_openapi|tpex:twse_isin_strMode4|esb:twse_isin_strMode5"
"5468.TWO","凱鈺","TPEX","半導體業","sc.Foundry","2026-09-13T09:17:24Z","tw_boards|twse:twse_openapi|tpex:twse_isin_strMode4|esb:twse_isin_strMode5"
"5474.TWO","聰泰","TPEX","電腦及週邊設備業","ec.Hardware","2026-09-13T09:17:24Z","tw_boards|twse:twse_openapi|tpex:twse_isin_strMode4|esb:twse_isin_strMode5"
"5475.TWO","德宏","TPEX","電子零組件業","ec.Hardware","2026-09-13T09:17:24Z","tw_boards|twse:twse_openapi|tpex:twse_isin_strMode4|esb:twse_isin_strMode5"
"5478.TWO","智冠","TPEX","文化創意業","media.Entertainment","2026-09-13T09:17:24Z","tw_boards|twse:twse_openapi|tpex:twse_isin_strMode4|esb:twse_isin_strMode5"
"5481.TWO","新華","TPEX","其他業","lab.Unmapped","2026-09-13T09:17:24Z","tw_boards|twse:twse_openapi|tpex:twse_isin_strMode4|esb:twse_isin_strMode5"
"5483.TWO","中美晶","TPEX","半導體業","sc.Foundry","2026-09-13T09:17:24Z","tw_boards|twse:twse_openapi|tpex:twse_isin_strMode4|esb:twse_isin_strMode5"
"5487.TWO","通泰","TPEX","半導體業","sc.Foundry","2026-09-13T09:17:24Z","tw_boards|twse:twse_openapi|tpex:twse_isin_strMode4|esb:twse_isin_strMode5"
"5488.TWO","松普","TPEX","電子零組件業","ec.Hardware","2026-09-13T09:17:24Z","tw_boards|twse:twse_openapi|tpex:twse_isin_strMode4|esb:twse_isin_strMode5"
"5489.TWO","彩富","TPEX","其他電子業","ec.Hardware","2026-09-13T09:17:24Z","tw_boards|twse:twse_openapi|tpex:twse_isin_strMode4|esb:twse_isin_strMode5"
"5490.TWO","同亨","TPEX","電腦及週邊設備業","ec.Hardware","2026-09-13T09:17:24Z","tw_boards|twse:twse_openapi|tpex:twse_isin_strMode4|esb:twse_isin_strMode5"
"5493.TWO","三聯","TPEX","其他電子業","ec.Hardware","2026-09-13T09:17:24Z","tw_boards|twse:twse_openapi|tpex:twse_isin_strMode4|esb:twse_isin_strMode5"
"5498.TWO","凱崴","TPEX","電子零組件業","ec.Hardware","2026-09-13T09:17:24Z","tw_boards|twse:twse_openapi|tpex:twse_isin_strMode4|esb:twse_isin_strMode5"
"5508.TWO","永信建","TPEX","建材營造業","ind.Machinery","2026-09-13T09:17:24Z","tw_boards|twse:twse_openapi|tpex:twse_isin_strMode4|esb:twse_isin_strMode5"
"5511.TWO","德昌","TPEX","建材營造業","ind.Machinery","2026-09-13T09:17:24Z","tw_boards|twse:twse_openapi|tpex:twse_isin_strMode4|esb:twse_isin_strMode5"
"5512.TWO","力麒","TPEX","建材營造業","ind.Machinery","2026-09-13T09:17:24Z","tw_boards|twse:twse_openapi|tpex:twse_isin_strMode4|esb:twse_isin_strMode5"
"5514.TWO","三豐","TPEX","建材營造業","ind.Machinery","2026-09-13T09:17:24Z","tw_boards|twse:twse_openapi|tpex:twse_isin_strMode4|esb:twse_isin_strMode5"
"5516.TWO","雙喜","TPEX","建材營造業","ind.Machinery","2026-09-13T09:17:24Z","tw_boards|twse:twse_openapi|tpex:twse_isin_strMode4|esb:twse_isin_strMode5"
"5520.TWO","力泰","TPEX","建材營造業","ind.Machinery","2026-09-13T09:17:24Z","tw_boards|twse:twse_openapi|tpex:twse_isin_strMode4|esb:twse_isin_strMode5"
"5523.TWO","豐謙","TPEX","建材營造業","ind.Machinery","2026-09-13T09:17:24Z","tw_boards|twse:twse_openapi|tpex:twse_isin_strMode4|esb:twse_isin_strMode5"
"5529.TWO","鉅陞","TPEX","建材營造業","ind.Machinery","2026-09-13T09:17:24Z","tw_boards|twse:twse_openapi|tpex:twse_isin_strMode4|esb:twse_isin_strMode5"
"5530.TWO","龍巖","TPEX","其他業","lab.Unmapped","2026-09-13T09:17:24Z","tw_boards|twse:twse_openapi|tpex:twse_isin_strMode4|esb:twse_isin_strMode5"
"5536.TWO","聖暉*","TPEX","其他電子業","ec.Hardware","2026-09-13T09:17:24Z","tw_boards|twse:twse_openapi|tpex:twse_isin_strMode4|esb:twse_isin_strMode5"
"5543.TWO","桓鼎-KY","TPEX","建材營造業","ind.Machinery","2026-09-13T09:17:24Z","tw_boards|twse:twse_openapi|tpex:twse_isin_strMode4|esb:twse_isin_strMode5"
"5547.TWO","久舜","TPEX","建材營造業","ind.Machinery","2026-09-13T09:17:24Z","tw_boards|twse:twse_openapi|tpex:twse_isin_strMode4|esb:twse_isin_strMode5"
"5548.TWO","安倉","TPEX","建材營造業","ind.Machinery","2026-09-13T09:17:24Z","tw_boards|twse:twse_openapi|tpex:twse_isin_strMode4|esb:twse_isin_strMode5"
"5601.TWO","台聯櫃","TPEX","航運業","tr.Logistics_Shipping","2026-09-13T09:17:24Z","tw_boards|twse:twse_openapi|tpex:twse_isin_strMode4|esb:twse_isin_strMode5"
"5603.TWO","陸海","TPEX","航運業","tr.Logistics_Shipping","2026-09-13T09:17:24Z","tw_boards|twse:twse_openapi|tpex:twse_isin_strMode4|esb:twse_isin_strMode5"
"5604.TWO","中連","TPEX","其他業","lab.Unmapped","2026-09-13T09:17:24Z","tw_boards|twse:twse_openapi|tpex:twse_isin_strMode4|esb:twse_isin_strMode5"
"5609.TWO","中菲行","TPEX","航運業","tr.Logistics_Shipping","2026-09-13T09:17:24Z","tw_boards|twse:twse_openapi|tpex:twse_isin_strMode4|esb:twse_isin_strMode5"
"5701.TWO","劍湖山","TPEX","觀光餐旅","retail.Brick_Mortar","2026-09-13T09:17:24Z","tw_boards|twse:twse_openapi|tpex:twse_isin_strMode4|esb:twse_isin_strMode5"
"5703.TWO","亞都","TPEX","觀光餐旅","retail.Brick_Mortar","2026-09-13T09:17:24Z","tw_boards|twse:twse_openapi|tpex:twse_isin_strMode4|esb:twse_isin_strMode5"
"5704.TWO","老爺知","TPEX","觀光餐旅","retail.Brick_Mortar","2026-09-13T09:17:24Z","tw_boards|twse:twse_openapi|tpex:twse_isin_strMode4|esb:twse_isin_strMode5"
"5864.TWO","致和證","TPEX","金融保險業","fn.Banking","2026-09-13T09:17:24Z","tw_boards|twse:twse_openapi|tpex:twse_isin_strMode4|esb:twse_isin_strMode5"
"5878.TWO","台名","TPEX","金融保險業","fn.Banking","2026-09-13T09:17:24Z","tw_boards|twse:twse_openapi|tpex:twse_isin_strMode4|esb:twse_isin_strMode5"
"5902.TWO","德記","TPEX","居家生活","lab.Unmapped","2026-09-13T09:17:24Z","tw_boards|twse:twse_openapi|tpex:twse_isin_strMode4|esb:twse_isin_strMode5"
"5903.TWO","全家","TPEX","居家生活","lab.Unmapped","2026-09-13T09:17:24Z","tw_boards|twse:twse_openapi|tpex:twse_isin_strMode4|esb:twse_isin_strMode5"
"5904.TWO","寶雅*","TPEX","居家生活","lab.Unmapped","2026-09-13T09:17:24Z","tw_boards|twse:twse_openapi|tpex:twse_isin_strMode4|esb:twse_isin_strMode5"
"5905.TWO","南仁湖","TPEX","觀光餐旅","retail.Brick_Mortar","2026-09-13T09:17:24Z","tw_boards|twse:twse_openapi|tpex:twse_isin_strMode4|esb:twse_isin_strMode5"
"6015.TWO","宏遠證","TPEX","金融保險業","fn.Banking","2026-09-13T09:17:24Z","tw_boards|twse:twse_openapi|tpex:twse_isin_strMode4|esb:twse_isin_strMode5"
"6016.TWO","康和證","TPEX","金融保險業","fn.Banking","2026-09-13T09:17:24Z","tw_boards|twse:twse_openapi|tpex:twse_isin_strMode4|esb:twse_isin_strMode5"
"6020.TWO","大展證","TPEX","金融保險業","fn.Banking","2026-09-13T09:17:24Z","tw_boards|twse:twse_openapi|tpex:twse_isin_strMode4|esb:twse_isin_strMode5"
"6021.TWO","美好證","TPEX","金融保險業","fn.Banking","2026-09-13T09:17:24Z","tw_boards|twse:twse_openapi|tpex:twse_isin_strMode4|esb:twse_isin_strMode5"
"6023.TWO","元大期","TPEX","金融保險業","fn.Banking","2026-09-13T09:17:24Z","tw_boards|twse:twse_openapi|tpex:twse_isin_strMode4|esb:twse_isin_strMode5"
"6026.TWO","福邦證","TPEX","金融保險業","fn.Banking","2026-09-13T09:17:24Z","tw_boards|twse:twse_openapi|tpex:twse_isin_strMode4|esb:twse_isin_strMode5"
"6028.TWO","公勝保經","TPEX","金融保險業","fn.Banking","2026-09-13T09:17:24Z","tw_boards|twse:twse_openapi|tpex:twse_isin_strMode4|esb:twse_isin_strMode5"
"6101.TWO","寬魚國際","TPEX","文化創意業","media.Entertainment","2026-09-13T09:17:24Z","tw_boards|twse:twse_openapi|tpex:twse_isin_strMode4|esb:twse_isin_strMode5"
"6103.TWO","合邦","TPEX","半導體業","sc.Foundry","2026-09-13T09:17:24Z","tw_boards|twse:twse_openapi|tpex:twse_isin_strMode4|esb:twse_isin_strMode5"
"6104.TWO","創惟","TPEX","半導體業","sc.Foundry","2026-09-13T09:17:24Z","tw_boards|twse:twse_openapi|tpex:twse_isin_strMode4|esb:twse_isin_strMode5"
"6109.TWO","亞元","TPEX","通信網路業","ec.Hardware","2026-09-13T09:17:24Z","tw_boards|twse:twse_openapi|tpex:twse_isin_strMode4|esb:twse_isin_strMode5"
"6111.TWO","光聚晶電","TPEX","文化創意業","media.Entertainment","2026-09-13T09:17:24Z","tw_boards|twse:twse_openapi|tpex:twse_isin_strMode4|esb:twse_isin_strMode5"
"6113.TWO","亞矽","TPEX","電子通路業","lab.Unmapped","2026-09-13T09:17:24Z","tw_boards|twse:twse_openapi|tpex:twse_isin_strMode4|esb:twse_isin_strMode5"
"6114.TWO","久威","TPEX","電子零組件業","ec.Hardware","2026-09-13T09:17:24Z","tw_boards|twse:twse_openapi|tpex:twse_isin_strMode4|esb:twse_isin_strMode5"
"6118.TWO","建達","TPEX","電子通路業","lab.Unmapped","2026-09-13T09:17:24Z","tw_boards|twse:twse_openapi|tpex:twse_isin_strMode4|esb:twse_isin_strMode5"
"6121.TWO","新普","TPEX","電腦及週邊設備業","ec.Hardware","2026-09-13T09:17:24Z","tw_boards|twse:twse_openapi|tpex:twse_isin_strMode4|esb:twse_isin_strMode5"
"6122.TWO","擎邦","TPEX","電機機械","ind.Machinery","2026-09-13T09:17:24Z","tw_boards|twse:twse_openapi|tpex:twse_isin_strMode4|esb:twse_isin_strMode5"
"6123.TWO","上奇","TPEX","資訊服務業","ec.Hardware","2026-09-13T09:17:24Z","tw_boards|twse:twse_openapi|tpex:twse_isin_strMode4|esb:twse_isin_strMode5"
"6124.TWO","業強","TPEX","電子零組件業","ec.Hardware","2026-09-13T09:17:24Z","tw_boards|twse:twse_openapi|tpex:twse_isin_strMode4|esb:twse_isin_strMode5"
"6125.TWO","廣運","TPEX","電機機械","ind.Machinery","2026-09-13T09:17:24Z","tw_boards|twse:twse_openapi|tpex:twse_isin_strMode4|esb:twse_isin_strMode5"
"6126.TWO","信音","TPEX","電子零組件業","ec.Hardware","2026-09-13T09:17:24Z","tw_boards|twse:twse_openapi|tpex:twse_isin_strMode4|esb:twse_isin_strMode5"
"6127.TWO","九豪","TPEX","電子零組件業","ec.Hardware","2026-09-13T09:17:24Z","tw_boards|twse:twse_openapi|tpex:twse_isin_strMode4|esb:twse_isin_strMode5"
"6129.TWO","普誠","TPEX","半導體業","sc.Foundry","2026-09-13T09:17:24Z","tw_boards|twse:twse_openapi|tpex:twse_isin_strMode4|esb:twse_isin_strMode5"
"6130.TWO","上亞科技","TPEX","生技醫療業","hc.Medtech","2026-09-13T09:17:24Z","tw_boards|twse:twse_openapi|tpex:twse_isin_strMode4|esb:twse_isin_strMode5"
"6134.TWO","萬旭","TPEX","電子零組件業","ec.Hardware","2026-09-13T09:17:24Z","tw_boards|twse:twse_openapi|tpex:twse_isin_strMode4|esb:twse_isin_strMode5"
"6138.TWO","茂達","TPEX","半導體業","sc.Foundry","2026-09-13T09:17:24Z","tw_boards|twse:twse_openapi|tpex:twse_isin_strMode4|esb:twse_isin_strMode5"
"6140.TWO","訊達","TPEX","資訊服務業","ec.Hardware","2026-09-13T09:17:24Z","tw_boards|twse:twse_openapi|tpex:twse_isin_strMode4|esb:twse_isin_strMode5"
"6143.TWO","振曜","TPEX","通信網路業","ec.Hardware","2026-09-13T09:17:24Z","tw_boards|twse:twse_openapi|tpex:twse_isin_strMode4|esb:twse_isin_strMode5"
"6144.TWO","得利影","TPEX","文化創意業","media.Entertainment","2026-09-13T09:17:24Z","tw_boards|twse:twse_openapi|tpex:twse_isin_strMode4|esb:twse_isin_strMode5"
"6146.TWO","耕興","TPEX","其他電子業","ec.Hardware","2026-09-13T09:17:24Z","tw_boards|twse:twse_openapi|tpex:twse_isin_strMode4|esb:twse_isin_strMode5"
"6147.TWO","頎邦","TPEX","半導體業","sc.Foundry","2026-09-13T09:17:24Z","tw_boards|twse:twse_openapi|tpex:twse_isin_strMode4|esb:twse_isin_strMode5"
"6148.TWO","驊宏資","TPEX","資訊服務業","ec.Hardware","2026-09-13T09:17:24Z","tw_boards|twse:twse_openapi|tpex:twse_isin_strMode4|esb:twse_isin_strMode5"
"6150.TWO","撼訊","TPEX","電腦及週邊設備業","ec.Hardware","2026-09-13T09:17:24Z","tw_boards|twse:twse_openapi|tpex:twse_isin_strMode4|esb:twse_isin_strMode5"
"6151.TWO","晉倫","TPEX","其他電子業","ec.Hardware","2026-09-13T09:17:24Z","tw_boards|twse:twse_openapi|tpex:twse_isin_strMode4|esb:twse_isin_strMode5"
"6154.TWO","順發","TPEX","電子通路業","lab.Unmapped","2026-09-13T09:17:24Z","tw_boards|twse:twse_openapi|tpex:twse_isin_strMode4|esb:twse_isin_strMode5"
"6156.TWO","松上","TPEX","電子零組件業","ec.Hardware","2026-09-13T09:17:24Z","tw_boards|twse:twse_openapi|tpex:twse_isin_strMode4|esb:twse_isin_strMode5"
"6158.TWO","禾昌","TPEX","電子零組件業","ec.Hardware","2026-09-13T09:17:24Z","tw_boards|twse:twse_openapi|tpex:twse_isin_strMode4|esb:twse_isin_strMode5"
"6160.TWO","欣技","TPEX","電腦及週邊設備業","ec.Hardware","2026-09-13T09:17:24Z","tw_boards|twse:twse_openapi|tpex:twse_isin_strMode4|esb:twse_isin_strMode5"
"6161.TWO","捷波","TPEX","電腦及週邊設備業","ec.Hardware","2026-09-13T09:17:24Z","tw_boards|twse:twse_openapi|tpex:twse_isin_strMode4|esb:twse_isin_strMode5"
"6163.TWO","華電網","TPEX","資訊服務業","ec.Hardware","2026-09-13T09:17:24Z","tw_boards|twse:twse_openapi|tpex:twse_isin_strMode4|esb:twse_isin_strMode5"
"6167.TWO","久正","TPEX","光電業","ec.Hardware","2026-09-13T09:17:24Z","tw_boards|twse:twse_openapi|tpex:twse_isin_strMode4|esb:twse_isin_strMode5"
"6169.TWO","昱泉","TPEX","文化創意業","media.Entertainment","2026-09-13T09:17:24Z","tw_boards|twse:twse_openapi|tpex:twse_isin_strMode4|esb:twse_isin_strMode5"
"6170.TWO","統振","TPEX","通信網路業","ec.Hardware","2026-09-13T09:17:24Z","tw_boards|twse:twse_openapi|tpex:twse_isin_strMode4|esb:twse_isin_strMode5"
"6171.TWO","大城地產","TPEX","建材營造業","ind.Machinery","2026-09-13T09:17:24Z","tw_boards|twse:twse_openapi|tpex:twse_isin_strMode4|esb:twse_isin_strMode5"
"6173.TWO","信昌電","TPEX","電子零組件業","ec.Hardware","2026-09-13T09:17:24Z","tw_boards|twse:twse_openapi|tpex:twse_isin_strMode4|esb:twse_isin_strMode5"
"6174.TWO","安碁","TPEX","電子零組件業","ec.Hardware","2026-09-13T09:17:24Z","tw_boards|twse:twse_openapi|tpex:twse_isin_strMode4|esb:twse_isin_strMode5"
"6175.TWO","立敦","TPEX","電子零組件業","ec.Hardware","2026-09-13T09:17:24Z","tw_boards|twse:twse_openapi|tpex:twse_isin_strMode4|esb:twse_isin_strMode5"
"6179.TWO","亞通","TPEX","其他業","lab.Unmapped","2026-09-13T09:17:24Z","tw_boards|twse:twse_openapi|tpex:twse_isin_strMode4|esb:twse_isin_strMode5"
"6180.TWO","橘子","TPEX","文化創意業","media.Entertainment","2026-09-13T09:17:24Z","tw_boards|twse:twse_openapi|tpex:twse_isin_strMode4|esb:twse_isin_strMode5"
"6182.TWO","合晶","TPEX","半導體業","sc.Foundry","2026-09-13T09:17:24Z","tw_boards|twse:twse_openapi|tpex:twse_isin_strMode4|esb:twse_isin_strMode5"
"6185.TWO","幃翔","TPEX","電子零組件業","ec.Hardware","2026-09-13T09:17:24Z","tw_boards|twse:twse_openapi|tpex:twse_isin_strMode4|esb:twse_isin_strMode5"
"6186.TWO","新潤","TPEX","建材營造業","ind.Machinery","2026-09-13T09:17:24Z","tw_boards|twse:twse_openapi|tpex:twse_isin_strMode4|esb:twse_isin_strMode5"
"6187.TWO","萬潤","TPEX","半導體業","sc.Foundry","2026-09-13T09:17:24Z","tw_boards|twse:twse_openapi|tpex:twse_isin_strMode4|esb:twse_isin_strMode5"
"6188.TWO","廣明","TPEX","電腦及週邊設備業","ec.Hardware","2026-09-13T09:17:24Z","tw_boards|twse:twse_openapi|tpex:twse_isin_strMode4|esb:twse_isin_strMode5"
"6190.TWO","萬泰科","TPEX","通信網路業","ec.Hardware","2026-09-13T09:17:24Z","tw_boards|twse:twse_openapi|tpex:twse_isin_strMode4|esb:twse_isin_strMode5"
"6194.TWO","育富","TPEX","電子零組件業","ec.Hardware","2026-09-13T09:17:24Z","tw_boards|twse:twse_openapi|tpex:twse_isin_strMode4|esb:twse_isin_strMode5"
"6195.TWO","詩肯","TPEX","居家生活","lab.Unmapped","2026-09-13T09:17:24Z","tw_boards|twse:twse_openapi|tpex:twse_isin_strMode4|esb:twse_isin_strMode5"
"6198.TWO","瑞築","TPEX","建材營造業","ind.Machinery","2026-09-13T09:17:24Z","tw_boards|twse:twse_openapi|tpex:twse_isin_strMode4|esb:twse_isin_strMode5"
"6199.TWO","天品","TPEX","其他業","lab.Unmapped","2026-09-13T09:17:24Z","tw_boards|twse:twse_openapi|tpex:twse_isin_strMode4|esb:twse_isin_strMode5"
"6203.TWO","海韻電","TPEX","電子零組件業","ec.Hardware","2026-09-13T09:17:24Z","tw_boards|twse:twse_openapi|tpex:twse_isin_strMode4|esb:twse_isin_strMode5"
"6204.TWO","艾華","TPEX","電子零組件業","ec.Hardware","2026-09-13T09:17:24Z","tw_boards|twse:twse_openapi|tpex:twse_isin_strMode4|esb:twse_isin_strMode5"
"6207.TWO","雷科","TPEX","電子零組件業","ec.Hardware","2026-09-13T09:17:24Z","tw_boards|twse:twse_openapi|tpex:twse_isin_strMode4|esb:twse_isin_strMode5"
"6208.TWO","日揚","TPEX","半導體業","sc.Foundry","2026-09-13T09:17:24Z","tw_boards|twse:twse_openapi|tpex:twse_isin_strMode4|esb:twse_isin_strMode5"
"6210.TWO","慶生","TPEX","電子零組件業","ec.Hardware","2026-09-13T09:17:24Z","tw_boards|twse:twse_openapi|tpex:twse_isin_strMode4|esb:twse_isin_strMode5"
"6212.TWO","理銘","TPEX","建材營造業","ind.Machinery","2026-09-13T09:17:24Z","tw_boards|twse:twse_openapi|tpex:twse_isin_strMode4|esb:twse_isin_strMode5"
"6217.TWO","中探針","TPEX","電子零組件業","ec.Hardware","2026-09-13T09:17:24Z","tw_boards|twse:twse_openapi|tpex:twse_isin_strMode4|esb:twse_isin_strMode5"
"6218.TWO","豪勉","TPEX","通信網路業","ec.Hardware","2026-09-13T09:17:24Z","tw_boards|twse:twse_openapi|tpex:twse_isin_strMode4|esb:twse_isin_strMode5"
"6219.TWO","富旺","TPEX","建材營造業","ind.Machinery","2026-09-13T09:17:24Z","tw_boards|twse:twse_openapi|tpex:twse_isin_strMode4|esb:twse_isin_strMode5"
"6220.TWO","岳豐","TPEX","電子零組件業","ec.Hardware","2026-09-13T09:17:24Z","tw_boards|twse:twse_openapi|tpex:twse_isin_strMode4|esb:twse_isin_strMode5"
"6221.TWO","晉泰","TPEX","資訊服務業","ec.Hardware","2026-09-13T09:17:24Z","tw_boards|twse:twse_openapi|tpex:twse_isin_strMode4|esb:twse_isin_strMode5"
"6222.TWO","立軒","TPEX","光電業","ec.Hardware","2026-09-13T09:17:24Z","tw_boards|twse:twse_openapi|tpex:twse_isin_strMode4|esb:twse_isin_strMode5"
"6223.TWO","旺矽","TPEX","半導體業","sc.Foundry","2026-09-13T09:17:24Z","tw_boards|twse:twse_openapi|tpex:twse_isin_strMode4|esb:twse_isin_strMode5"
"6227.TWO","茂綸","TPEX","電子通路業","lab.Unmapped","2026-09-13T09:17:24Z","tw_boards|twse:twse_openapi|tpex:twse_isin_strMode4|esb:twse_isin_strMode5"
"6228.TWO","全譜","TPEX","電腦及週邊設備業","ec.Hardware","2026-09-13T09:17:24Z","tw_boards|twse:twse_openapi|tpex:twse_isin_strMode4|esb:twse_isin_strMode5"
"6229.TWO","研通","TPEX","半導體業","sc.Foundry","2026-09-13T09:17:24Z","tw_boards|twse:twse_openapi|tpex:twse_isin_strMode4|esb:twse_isin_strMode5"
"6231.TWO","系微","TPEX","資訊服務業","ec.Hardware","2026-09-13T09:17:24Z","tw_boards|twse:twse_openapi|tpex:twse_isin_strMode4|esb:twse_isin_strMode5"
"6233.TWO","旺玖","TPEX","半導體業","sc.Foundry","2026-09-13T09:17:24Z","tw_boards|twse:twse_openapi|tpex:twse_isin_strMode4|esb:twse_isin_strMode5"
"6234.TWO","高僑","TPEX","光電業","ec.Hardware","2026-09-13T09:17:24Z","tw_boards|twse:twse_openapi|tpex:twse_isin_strMode4|esb:twse_isin_strMode5"
"6236.TWO","中湛","TPEX","數位雲端","lab.Unmapped","2026-09-13T09:17:24Z","tw_boards|twse:twse_openapi|tpex:twse_isin_strMode4|esb:twse_isin_strMode5"
"6237.TWO","驊訊","TPEX","半導體業","sc.Foundry","2026-09-13T09:17:24Z","tw_boards|twse:twse_openapi|tpex:twse_isin_strMode4|esb:twse_isin_strMode5"
"6240.TWO","松崗","TPEX","資訊服務業","ec.Hardware","2026-09-13T09:17:24Z","tw_boards|twse:twse_openapi|tpex:twse_isin_strMode4|esb:twse_isin_strMode5"
"6241.TWO","鑫永洋","TPEX","通信網路業","ec.Hardware","2026-09-13T09:17:24Z","tw_boards|twse:twse_openapi|tpex:twse_isin_strMode4|esb:twse_isin_strMode5"
"6242.TWO","立康","TPEX","生技醫療業","hc.Medtech","2026-09-13T09:17:24Z","tw_boards|twse:twse_openapi|tpex:twse_isin_strMode4|esb:twse_isin_strMode5"
"6244.TWO","茂迪","TPEX","光電業","ec.Hardware","2026-09-13T09:17:24Z","tw_boards|twse:twse_openapi|tpex:twse_isin_strMode4|esb:twse_isin_strMode5"
"6245.TWO","立端","TPEX","通信網路業","ec.Hardware","2026-09-13T09:17:24Z","tw_boards|twse:twse_openapi|tpex:twse_isin_strMode4|esb:twse_isin_strMode5"
"6246.TWO","臺龍","TPEX","光電業","ec.Hardware","2026-09-13T09:17:24Z","tw_boards|twse:twse_openapi|tpex:twse_isin_strMode4|esb:twse_isin_strMode5"
"6248.TWO","沛波","TPEX","鋼鐵工業","mat.Metals_Mining","2026-09-13T09:17:24Z","tw_boards|twse:twse_openapi|tpex:twse_isin_strMode4|esb:twse_isin_strMode5"
"6259.TWO","百徽","TPEX","電子零組件業","ec.Hardware","2026-09-13T09:17:24Z","tw_boards|twse:twse_openapi|tpex:twse_isin_strMode4|esb:twse_isin_strMode5"
"6261.TWO","久元","TPEX","半導體業","sc.Foundry","2026-09-13T09:17:24Z","tw_boards|twse:twse_openapi|tpex:twse_isin_strMode4|esb:twse_isin_strMode5"
"6263.TWO","普萊德","TPEX","通信網路業","ec.Hardware","2026-09-13T09:17:24Z","tw_boards|twse:twse_openapi|tpex:twse_isin_strMode4|esb:twse_isin_strMode5"
"6264.TWO","富裔","TPEX","建材營造業","ind.Machinery","2026-09-13T09:17:24Z","tw_boards|twse:twse_openapi|tpex:twse_isin_strMode4|esb:twse_isin_strMode5"
"6265.TWO","方土昶","TPEX","電子通路業","lab.Unmapped","2026-09-13T09:17:24Z","tw_boards|twse:twse_openapi|tpex:twse_isin_strMode4|esb:twse_isin_strMode5"
"6266.TWO","泰詠","TPEX","電子零組件業","ec.Hardware","2026-09-13T09:17:24Z","tw_boards|twse:twse_openapi|tpex:twse_isin_strMode4|esb:twse_isin_strMode5"
"6270.TWO","倍微","TPEX","電子通路業","lab.Unmapped","2026-09-13T09:17:24Z","tw_boards|twse:twse_openapi|tpex:twse_isin_strMode4|esb:twse_isin_strMode5"
"6274.TWO","台燿","TPEX","電子零組件業","ec.Hardware","2026-09-13T09:17:24Z","tw_boards|twse:twse_openapi|tpex:twse_isin_strMode4|esb:twse_isin_strMode5"
"6275.TWO","元山","TPEX","電子零組件業","ec.Hardware","2026-09-13T09:17:24Z","tw_boards|twse:twse_openapi|tpex:twse_isin_strMode4|esb:twse_isin_strMode5"
"6276.TWO","安鈦克","TPEX","電腦及週邊設備業","ec.Hardware","2026-09-13T09:17:24Z","tw_boards|twse:twse_openapi|tpex:twse_isin_strMode4|esb:twse_isin_strMode5"
"6279.TWO","胡連","TPEX","電子零組件業","ec.Hardware","2026-09-13T09:17:24Z","tw_boards|twse:twse_openapi|tpex:twse_isin_strMode4|esb:twse_isin_strMode5"
"6284.TWO","佳邦","TPEX","電子零組件業","ec.Hardware","2026-09-13T09:17:24Z","tw_boards|twse:twse_openapi|tpex:twse_isin_strMode4|esb:twse_isin_strMode5"
"6290.TWO","良維","TPEX","電子零組件業","ec.Hardware","2026-09-13T09:17:24Z","tw_boards|twse:twse_openapi|tpex:twse_isin_strMode4|esb:twse_isin_strMode5"
"6291.TWO","沛亨","TPEX","半導體業","sc.Foundry","2026-09-13T09:17:24Z","tw_boards|twse:twse_openapi|tpex:twse_isin_strMode4|esb:twse_isin_strMode5"
"6292.TWO","迅德","TPEX","電子零組件業","ec.Hardware","2026-09-13T09:17:24Z","tw_boards|twse:twse_openapi|tpex:twse_isin_strMode4|esb:twse_isin_strMode5"
"6294.TWO","智基","TPEX","文化創意業","media.Entertainment","2026-09-13T09:17:24Z","tw_boards|twse:twse_openapi|tpex:twse_isin_strMode4|esb:twse_isin_strMode5"
"6411.TWO","晶焱","TPEX","半導體業","sc.Foundry","2026-09-13T09:17:24Z","tw_boards|twse:twse_openapi|tpex:twse_isin_strMode4|esb:twse_isin_strMode5"
"6417.TWO","韋僑","TPEX","通信網路業","ec.Hardware","2026-09-13T09:17:24Z","tw_boards|twse:twse_openapi|tpex:twse_isin_strMode4|esb:twse_isin_strMode5"
"6418.TWO","詠昇","TPEX","電子零組件業","ec.Hardware","2026-09-13T09:17:24Z","tw_boards|twse:twse_openapi|tpex:twse_isin_strMode4|esb:twse_isin_strMode5"
"6419.TWO","京晨科","TPEX","光電業","ec.Hardware","2026-09-13T09:17:24Z","tw_boards|twse:twse_openapi|tpex:twse_isin_strMode4|esb:twse_isin_strMode5"
"6423.TWO","億而得","TPEX","半導體業","sc.Foundry","2026-09-13T09:17:24Z","tw_boards|twse:twse_openapi|tpex:twse_isin_strMode4|esb:twse_isin_strMode5"
"6425.TWO","易發","TPEX","電機機械","ind.Machinery","2026-09-13T09:17:24Z","tw_boards|twse:twse_openapi|tpex:twse_isin_strMode4|esb:twse_isin_strMode5"
"6432.TWO","今展科","TPEX","電子零組件業","ec.Hardware","2026-09-13T09:17:24Z","tw_boards|twse:twse_openapi|tpex:twse_isin_strMode4|esb:twse_isin_strMode5"
"6435.TWO","大中","TPEX","半導體業","sc.Foundry","2026-09-13T09:17:24Z","tw_boards|twse:twse_openapi|tpex:twse_isin_strMode4|esb:twse_isin_strMode5"
"6441.TWO","廣錠","TPEX","電腦及週邊設備業","ec.Hardware","2026-09-13T09:17:24Z","tw_boards|twse:twse_openapi|tpex:twse_isin_strMode4|esb:twse_isin_strMode5"
"6461.TWO","益得","TPEX","生技醫療業","hc.Medtech","2026-09-13T09:17:24Z","tw_boards|twse:twse_openapi|tpex:twse_isin_strMode4|esb:twse_isin_strMode5"
"6462.TWO","神盾","TPEX","半導體業","sc.Foundry","2026-09-13T09:17:24Z","tw_boards|twse:twse_openapi|tpex:twse_isin_strMode4|esb:twse_isin_strMode5"
"6465.TWO","威潤","TPEX","通信網路業","ec.Hardware","2026-09-13T09:17:24Z","tw_boards|twse:twse_openapi|tpex:twse_isin_strMode4|esb:twse_isin_strMode5"
"6469.TWO","大樹","TPEX","生技醫療業","hc.Medtech","2026-09-13T09:17:24Z","tw_boards|twse:twse_openapi|tpex:twse_isin_strMode4|esb:twse_isin_strMode5"
"6470.TWO","宇智","TPEX","通信網路業","ec.Hardware","2026-09-13T09:17:24Z","tw_boards|twse:twse_openapi|tpex:twse_isin_strMode4|esb:twse_isin_strMode5"
"6474.TWO","華豫寧","TPEX","電子通路業","lab.Unmapped","2026-09-13T09:17:24Z","tw_boards|twse:twse_openapi|tpex:twse_isin_strMode4|esb:twse_isin_strMode5"
"6482.TWO","弘煜科","TPEX","文化創意業","media.Entertainment","2026-09-13T09:17:24Z","tw_boards|twse:twse_openapi|tpex:twse_isin_strMode4|esb:twse_isin_strMode5"
"6485.TWO","點序","TPEX","半導體業","sc.Foundry","2026-09-13T09:17:24Z","tw_boards|twse:twse_openapi|tpex:twse_isin_strMode4|esb:twse_isin_strMode5"
"6486.TWO","互動","TPEX","通信網路業","ec.Hardware","2026-09-13T09:17:24Z","tw_boards|twse:twse_openapi|tpex:twse_isin_strMode4|esb:twse_isin_strMode5"
"6488.TWO","環球晶","TPEX","半導體業","sc.Foundry","2026-09-13T09:17:24Z","tw_boards|twse:twse_openapi|tpex:twse_isin_strMode4|esb:twse_isin_strMode5"
"6492.TWO","生華科","TPEX","生技醫療業","hc.Medtech","2026-09-13T09:17:24Z","tw_boards|twse:twse_openapi|tpex:twse_isin_strMode4|esb:twse_isin_strMode5"
"6494.TWO","九齊","TPEX","半導體業","sc.Foundry","2026-09-13T09:17:24Z","tw_boards|twse:twse_openapi|tpex:twse_isin_strMode4|esb:twse_isin_strMode5"
"6496.TWO","科懋","TPEX","生技醫療業","hc.Medtech","2026-09-13T09:17:24Z","tw_boards|twse:twse_openapi|tpex:twse_isin_strMode4|esb:twse_isin_strMode5"
"6498.TWO","久禾光","TPEX","光電業","ec.Hardware","2026-09-13T09:17:24Z","tw_boards|twse:twse_openapi|tpex:twse_isin_strMode4|esb:twse_isin_strMode5"
"6499.TWO","益安","TPEX","生技醫療業","hc.Medtech","2026-09-13T09:17:24Z","tw_boards|twse:twse_openapi|tpex:twse_isin_strMode4|esb:twse_isin_strMode5"
"6506.TWO","雙邦","TPEX","紡織纖維","lab.Unmapped","2026-09-13T09:17:24Z","tw_boards|twse:twse_openapi|tpex:twse_isin_strMode4|esb:twse_isin_strMode5"
"6508.TWO","惠光","TPEX","農業科技業","lab.Unmapped","2026-09-13T09:17:24Z","tw_boards|twse:twse_openapi|tpex:twse_isin_strMode4|esb:twse_isin_strMode5"
"6509.TWO","聚和","TPEX","化學工業","mat.Chemicals","2026-09-13T09:17:24Z","tw_boards|twse:twse_openapi|tpex:twse_isin_strMode4|esb:twse_isin_strMode5"
"6510.TWO","精測","TPEX","半導體業","sc.Foundry","2026-09-13T09:17:24Z","tw_boards|twse:twse_openapi|tpex:twse_isin_strMode4|esb:twse_isin_strMode5"
"6512.TWO","啟發電","TPEX","其他電子業","ec.Hardware","2026-09-13T09:17:24Z","tw_boards|twse:twse_openapi|tpex:twse_isin_strMode4|esb:twse_isin_strMode5"
"6516.TWO","勤崴國際","TPEX","資訊服務業","ec.Hardware","2026-09-13T09:17:24Z","tw_boards|twse:twse_openapi|tpex:twse_isin_strMode4|esb:twse_isin_strMode5"
"6517.TWO","保勝光學","TPEX","光電業","ec.Hardware","2026-09-13T09:17:24Z","tw_boards|twse:twse_openapi|tpex:twse_isin_strMode4|esb:twse_isin_strMode5"
"6523.TWO","達爾膚","TPEX","生技醫療業","hc.Medtech","2026-09-13T09:17:24Z","tw_boards|twse:twse_openapi|tpex:twse_isin_strMode4|esb:twse_isin_strMode5"
"6527.TWO","明達醫","TPEX","生技醫療業","hc.Medtech","2026-09-13T09:17:24Z","tw_boards|twse:twse_openapi|tpex:twse_isin_strMode4|esb:twse_isin_strMode5"
"6530.TWO","創威","TPEX","通信網路業","ec.Hardware","2026-09-13T09:17:24Z","tw_boards|twse:twse_openapi|tpex:twse_isin_strMode4|esb:twse_isin_strMode5"
"6532.TWO","瑞耘","TPEX","半導體業","sc.Foundry","2026-09-13T09:17:24Z","tw_boards|twse:twse_openapi|tpex:twse_isin_strMode4|esb:twse_isin_strMode5"
"6535.TWO","順藥","TPEX","生技醫療業","hc.Medtech","2026-09-13T09:17:24Z","tw_boards|twse:twse_openapi|tpex:twse_isin_strMode4|esb:twse_isin_strMode5"
"6538.TWO","倉和","TPEX","電子零組件業","ec.Hardware","2026-09-13T09:17:24Z","tw_boards|twse:twse_openapi|tpex:twse_isin_strMode4|esb:twse_isin_strMode5"
"6542.TWO","隆中","TPEX","文化創意業","media.Entertainment","2026-09-13T09:17:24Z","tw_boards|twse:twse_openapi|tpex:twse_isin_strMode4|esb:twse_isin_strMode5"
"6546.TWO","正基","TPEX","通信網路業","ec.Hardware","2026-09-13T09:17:24Z","tw_boards|twse:twse_openapi|tpex:twse_isin_strMode4|esb:twse_isin_strMode5"
"6547.TWO","高端疫苗","TPEX","生技醫療業","hc.Medtech","2026-09-13T09:17:24Z","tw_boards|twse:twse_openapi|tpex:twse_isin_strMode4|esb:twse_isin_strMode5"
"6548.TWO","長科*","TPEX","半導體業","sc.Foundry","2026-09-13T09:17:24Z","tw_boards|twse:twse_openapi|tpex:twse_isin_strMode4|esb:twse_isin_strMode5"
"6556.TWO","勝品","TPEX","光電業","ec.Hardware","2026-09-13T09:17:24Z","tw_boards|twse:twse_openapi|tpex:twse_isin_strMode4|esb:twse_isin_strMode5"
"6560.TWO","欣普羅","TPEX","光電業","ec.Hardware","2026-09-13T09:17:24Z","tw_boards|twse:twse_openapi|tpex:twse_isin_strMode4|esb:twse_isin_strMode5"
"6561.TWO","是方","TPEX","通信網路業","ec.Hardware","2026-09-13T09:17:24Z","tw_boards|twse:twse_openapi|tpex:twse_isin_strMode4|esb:twse_isin_strMode5"
"6568.TWO","宏觀","TPEX","半導體業","sc.Foundry","2026-09-13T09:17:24Z","tw_boards|twse:twse_openapi|tpex:twse_isin_strMode4|esb:twse_isin_strMode5"
"6569.TWO","醫揚","TPEX","生技醫療業","hc.Medtech","2026-09-13T09:17:24Z","tw_boards|twse:twse_openapi|tpex:twse_isin_strMode4|esb:twse_isin_strMode5"
"6570.TWO","維田","TPEX","電腦及週邊設備業","ec.Hardware","2026-09-13T09:17:24Z","tw_boards|twse:twse_openapi|tpex:twse_isin_strMode4|esb:twse_isin_strMode5"
"6574.TWO","霈方","TPEX","生技醫療業","hc.Medtech","2026-09-13T09:17:24Z","tw_boards|twse:twse_openapi|tpex:twse_isin_strMode4|esb:twse_isin_strMode5"
"6576.TWO","逸達","TPEX","生技醫療業","hc.Medtech","2026-09-13T09:17:24Z","tw_boards|twse:twse_openapi|tpex:twse_isin_strMode4|esb:twse_isin_strMode5"
"6577.TWO","勁豐","TPEX","電腦及週邊設備業","ec.Hardware","2026-09-13T09:17:24Z","tw_boards|twse:twse_openapi|tpex:twse_isin_strMode4|esb:twse_isin_strMode5"
"6578.TWO","達邦蛋白","TPEX","農業科技業","lab.Unmapped","2026-09-13T09:17:24Z","tw_boards|twse:twse_openapi|tpex:twse_isin_strMode4|esb:twse_isin_strMode5"
"6584.TWO","南俊國際","TPEX","電子零組件業","ec.Hardware","2026-09-13T09:17:24Z","tw_boards|twse:twse_openapi|tpex:twse_isin_strMode4|esb:twse_isin_strMode5"
"6588.TWO","東典光電","TPEX","通信網路業","ec.Hardware","2026-09-13T09:17:24Z","tw_boards|twse:twse_openapi|tpex:twse_isin_strMode4|esb:twse_isin_strMode5"
"6590.TWO","普鴻","TPEX","資訊服務業","ec.Hardware","2026-09-13T09:17:24Z","tw_boards|twse:twse_openapi|tpex:twse_isin_strMode4|esb:twse_isin_strMode5"
"6593.TWO","台灣銘板","TPEX","資訊服務業","ec.Hardware","2026-09-13T09:17:24Z","tw_boards|twse:twse_openapi|tpex:twse_isin_strMode4|esb:twse_isin_strMode5"
"6596.TWO","寬宏藝術","TPEX","文化創意業","media.Entertainment","2026-09-13T09:17:24Z","tw_boards|twse:twse_openapi|tpex:twse_isin_strMode4|esb:twse_isin_strMode5"
"6597.TWO","立誠","TPEX","電子零組件業","ec.Hardware","2026-09-13T09:17:24Z","tw_boards|twse:twse_openapi|tpex:twse_isin_strMode4|esb:twse_isin_strMode5"
"6603.TWO","富強鑫","TPEX","電機機械","ind.Machinery","2026-09-13T09:17:24Z","tw_boards|twse:twse_openapi|tpex:twse_isin_strMode4|esb:twse_isin_strMode5"
"6609.TWO","瀧澤科","TPEX","電機機械","ind.Machinery","2026-09-13T09:17:24Z","tw_boards|twse:twse_openapi|tpex:twse_isin_strMode4|esb:twse_isin_strMode5"
"6612.TWO","奈米醫材","TPEX","生技醫療業","hc.Medtech","2026-09-13T09:17:24Z","tw_boards|twse:twse_openapi|tpex:twse_isin_strMode4|esb:twse_isin_strMode5"
"6613.TWO","朋億*","TPEX","其他電子業","ec.Hardware","2026-09-13T09:17:24Z","tw_boards|twse:twse_openapi|tpex:twse_isin_strMode4|esb:twse_isin_strMode5"
"6615.TWO","慧智","TPEX","生技醫療業","hc.Medtech","2026-09-13T09:17:24Z","tw_boards|twse:twse_openapi|tpex:twse_isin_strMode4|esb:twse_isin_strMode5"
"6616.TWO","特昇-KY","TPEX","居家生活","lab.Unmapped","2026-09-13T09:17:24Z","tw_boards|twse:twse_openapi|tpex:twse_isin_strMode4|esb:twse_isin_strMode5"
"6617.TWO","共信-KY","TPEX","生技醫療業","hc.Medtech","2026-09-13T09:17:24Z","tw_boards|twse:twse_openapi|tpex:twse_isin_strMode4|esb:twse_isin_strMode5"
"6620.TWO","漢達","TPEX","生技醫療業","hc.Medtech","2026-09-13T09:17:24Z","tw_boards|twse:twse_openapi|tpex:twse_isin_strMode4|esb:twse_isin_strMode5"
"6624.TWO","萬年清","TPEX","綠能環保","lab.Unmapped","2026-09-13T09:17:24Z","tw_boards|twse:twse_openapi|tpex:twse_isin_strMode4|esb:twse_isin_strMode5"
"6629.TWO","泰金-KY","TPEX","居家生活","lab.Unmapped","2026-09-13T09:17:24Z","tw_boards|twse:twse_openapi|tpex:twse_isin_strMode4|esb:twse_isin_strMode5"
"6637.TWO","醫影","TPEX","生技醫療業","hc.Medtech","2026-09-13T09:17:24Z","tw_boards|twse:twse_openapi|tpex:twse_isin_strMode4|esb:twse_isin_strMode5"
"6640.TWO","均華","TPEX","半導體業","sc.Foundry","2026-09-13T09:17:24Z","tw_boards|twse:twse_openapi|tpex:twse_isin_strMode4|esb:twse_isin_strMode5"
"6642.TWO","富致","TPEX","電子零組件業","ec.Hardware","2026-09-13T09:17:24Z","tw_boards|twse:twse_openapi|tpex:twse_isin_strMode4|esb:twse_isin_strMode5"
"6643.TWO","M31","TPEX","半導體業","sc.Foundry","2026-09-13T09:17:24Z","tw_boards|twse:twse_openapi|tpex:twse_isin_strMode4|esb:twse_isin_strMode5"
"6649.TWO","台生材","TPEX","生技醫療業","hc.Medtech","2026-09-13T09:17:24Z","tw_boards|twse:twse_openapi|tpex:twse_isin_strMode4|esb:twse_isin_strMode5"
"6651.TWO","全宇昕","TPEX","半導體業","sc.Foundry","2026-09-13T09:17:24Z","tw_boards|twse:twse_openapi|tpex:twse_isin_strMode4|esb:twse_isin_strMode5"
"6654.TWO","天正國際","TPEX","其他電子業","ec.Hardware","2026-09-13T09:17:24Z","tw_boards|twse:twse_openapi|tpex:twse_isin_strMode4|esb:twse_isin_strMode5"
"6661.TWO","威健生技","TPEX","生技醫療業","hc.Medtech","2026-09-13T09:17:24Z","tw_boards|twse:twse_openapi|tpex:twse_isin_strMode4|esb:twse_isin_strMode5"
"6662.TWO","樂斯科","TPEX","生技醫療業","hc.Medtech","2026-09-13T09:17:24Z","tw_boards|twse:twse_openapi|tpex:twse_isin_strMode4|esb:twse_isin_strMode5"
"6664.TWO","群翊","TPEX","電子零組件業","ec.Hardware","2026-09-13T09:17:24Z","tw_boards|twse:twse_openapi|tpex:twse_isin_strMode4|esb:twse_isin_strMode5"
"6667.TWO","信紘科","TPEX","其他電子業","ec.Hardware","2026-09-13T09:17:24Z","tw_boards|twse:twse_openapi|tpex:twse_isin_strMode4|esb:twse_isin_strMode5"
"6679.TWO","鈺太","TPEX","半導體業","sc.Foundry","2026-09-13T09:17:24Z","tw_boards|twse:twse_openapi|tpex:twse_isin_strMode4|esb:twse_isin_strMode5"
"6680.TWO","鑫創電子","TPEX","電腦及週邊設備業","ec.Hardware","2026-09-13T09:17:24Z","tw_boards|twse:twse_openapi|tpex:twse_isin_strMode4|esb:twse_isin_strMode5"
"6683.TWO","雍智科技","TPEX","半導體業","sc.Foundry","2026-09-13T09:17:24Z","tw_boards|twse:twse_openapi|tpex:twse_isin_strMode4|esb:twse_isin_strMode5"
"6684.TWO","安格","TPEX","半導體業","sc.Foundry","2026-09-13T09:17:24Z","tw_boards|twse:twse_openapi|tpex:twse_isin_strMode4|esb:twse_isin_strMode5"
"6690.TWO","安碁資訊","TPEX","數位雲端","lab.Unmapped","2026-09-13T09:17:24Z","tw_boards|twse:twse_openapi|tpex:twse_isin_strMode4|esb:twse_isin_strMode5"
"6692.TWO","進能服","TPEX","綠能環保","lab.Unmapped","2026-09-13T09:17:24Z","tw_boards|twse:twse_openapi|tpex:twse_isin_strMode4|esb:twse_isin_strMode5"
"6693.TWO","廣閎科","TPEX","半導體業","sc.Foundry","2026-09-13T09:17:24Z","tw_boards|twse:twse_openapi|tpex:twse_isin_strMode4|esb:twse_isin_strMode5"
"6697.TWO","東捷資訊","TPEX","資訊服務業","ec.Hardware","2026-09-13T09:17:24Z","tw_boards|twse:twse_openapi|tpex:twse_isin_strMode4|esb:twse_isin_strMode5"
"6703.TWO","軒郁","TPEX","生技醫療業","hc.Medtech","2026-09-13T09:17:24Z","tw_boards|twse:twse_openapi|tpex:twse_isin_strMode4|esb:twse_isin_strMode5"
"6708.TWO","天擎","TPEX","半導體業","sc.Foundry","2026-09-13T09:17:24Z","tw_boards|twse:twse_openapi|tpex:twse_isin_strMode4|esb:twse_isin_strMode5"
"6712.TWO","長聖","TPEX","生技醫療業","hc.Medtech","2026-09-13T09:17:24Z","tw_boards|twse:twse_openapi|tpex:twse_isin_strMode4|esb:twse_isin_strMode5"
"6716.TWO","應廣","TPEX","半導體業","sc.Foundry","2026-09-13T09:17:24Z","tw_boards|twse:twse_openapi|tpex:twse_isin_strMode4|esb:twse_isin_strMode5"
"6720.TWO","久昌","TPEX","半導體業","sc.Foundry","2026-09-13T09:17:24Z","tw_boards|twse:twse_openapi|tpex:twse_isin_strMode4|esb:twse_isin_strMode5"
"6721.TWO","信實","TPEX","其他業","lab.Unmapped","2026-09-13T09:17:24Z","tw_boards|twse:twse_openapi|tpex:twse_isin_strMode4|esb:twse_isin_strMode5"
"6725.TWO","矽科宏晟","TPEX","其他電子業","ec.Hardware","2026-09-13T09:17:24Z","tw_boards|twse:twse_openapi|tpex:twse_isin_strMode4|esb:twse_isin_strMode5"
"6727.TWO","亞泰金屬","TPEX","電子零組件業","ec.Hardware","2026-09-13T09:17:24Z","tw_boards|twse:twse_openapi|tpex:twse_isin_strMode4|esb:twse_isin_strMode5"
"6728.TWO","上洋","TPEX","居家生活","lab.Unmapped","2026-09-13T09:17:24Z","tw_boards|twse:twse_openapi|tpex:twse_isin_strMode4|esb:twse_isin_strMode5"
"6730.TWO","常廣","TPEX","生技醫療業","hc.Medtech","2026-09-13T09:17:24Z","tw_boards|twse:twse_openapi|tpex:twse_isin_strMode4|esb:twse_isin_strMode5"
"6732.TWO","昇佳電子","TPEX","半導體業","sc.Foundry","2026-09-13T09:17:24Z","tw_boards|twse:twse_openapi|tpex:twse_isin_strMode4|esb:twse_isin_strMode5"
"6733.TWO","博晟生醫","TPEX","生技醫療業","hc.Medtech","2026-09-13T09:17:24Z","tw_boards|twse:twse_openapi|tpex:twse_isin_strMode4|esb:twse_isin_strMode5"
"6735.TWO","美達科技","TPEX","其他電子業","ec.Hardware","2026-09-13T09:17:24Z","tw_boards|twse:twse_openapi|tpex:twse_isin_strMode4|esb:twse_isin_strMode5"
"6739.TWO","竹陞科技","TPEX","其他電子業","ec.Hardware","2026-09-13T09:17:24Z","tw_boards|twse:twse_openapi|tpex:twse_isin_strMode4|esb:twse_isin_strMode5"
"6741.TWO","91APP*-KY","TPEX","數位雲端","lab.Unmapped","2026-09-13T09:17:24Z","tw_boards|twse:twse_openapi|tpex:twse_isin_strMode4|esb:twse_isin_strMode5"
"6751.TWO","智聯服務","TPEX","資訊服務業","ec.Hardware","2026-09-13T09:17:24Z","tw_boards|twse:twse_openapi|tpex:twse_isin_strMode4|esb:twse_isin_strMode5"
"6752.TWO","叡揚","TPEX","資訊服務業","ec.Hardware","2026-09-13T09:17:24Z","tw_boards|twse:twse_openapi|tpex:twse_isin_strMode4|esb:twse_isin_strMode5"
"6761.TWO","穩得","TPEX","電子零組件業","ec.Hardware","2026-09-13T09:17:24Z","tw_boards|twse:twse_openapi|tpex:twse_isin_strMode4|esb:twse_isin_strMode5"
"6762.TWO","達亞","TPEX","生技醫療業","hc.Medtech","2026-09-13T09:17:24Z","tw_boards|twse:twse_openapi|tpex:twse_isin_strMode4|esb:twse_isin_strMode5"
"6763.TWO","綠界科技*","TPEX","數位雲端","lab.Unmapped","2026-09-13T09:17:24Z","tw_boards|twse:twse_openapi|tpex:twse_isin_strMode4|esb:twse_isin_strMode5"
"6767.TWO","台微醫","TPEX","生技醫療業","hc.Medtech","2026-09-13T09:17:24Z","tw_boards|twse:twse_openapi|tpex:twse_isin_strMode4|esb:twse_isin_strMode5"
"6785.TWO","昱展新藥","TPEX","生技醫療業","hc.Medtech","2026-09-13T09:17:24Z","tw_boards|twse:twse_openapi|tpex:twse_isin_strMode4|esb:twse_isin_strMode5"
"6788.TWO","華景電","TPEX","半導體業","sc.Foundry","2026-09-13T09:17:24Z","tw_boards|twse:twse_openapi|tpex:twse_isin_strMode4|esb:twse_isin_strMode5"
"6791.TWO","虎門科技","TPEX","資訊服務業","ec.Hardware","2026-09-13T09:17:24Z","tw_boards|twse:twse_openapi|tpex:twse_isin_strMode4|esb:twse_isin_strMode5"
"6803.TWO","崑鼎","TPEX","綠能環保","lab.Unmapped","2026-09-13T09:17:24Z","tw_boards|twse:twse_openapi|tpex:twse_isin_strMode4|esb:twse_isin_strMode5"
"6804.TWO","明係","TPEX","運動休閒","lab.Unmapped","2026-09-13T09:17:24Z","tw_boards|twse:twse_openapi|tpex:twse_isin_strMode4|esb:twse_isin_strMode5"
"6811.TWO","宏碁資訊","TPEX","數位雲端","lab.Unmapped","2026-09-13T09:17:24Z","tw_boards|twse:twse_openapi|tpex:twse_isin_strMode4|esb:twse_isin_strMode5"
"6821.TWO","聯寶","TPEX","電子零組件業","ec.Hardware","2026-09-13T09:17:24Z","tw_boards|twse:twse_openapi|tpex:twse_isin_strMode4|esb:twse_isin_strMode5"
"6823.TWO","濾能","TPEX","半導體業","sc.Foundry","2026-09-13T09:17:24Z","tw_boards|twse:twse_openapi|tpex:twse_isin_strMode4|esb:twse_isin_strMode5"
"6829.TWO","千附精密","TPEX","半導體業","sc.Foundry","2026-09-13T09:17:24Z","tw_boards|twse:twse_openapi|tpex:twse_isin_strMode4|esb:twse_isin_strMode5"
"6840.TWO","東研信超","TPEX","其他電子業","ec.Hardware","2026-09-13T09:17:24Z","tw_boards|twse:twse_openapi|tpex:twse_isin_strMode4|esb:twse_isin_strMode5"
"6841.TWO","長佳智能","TPEX","生技醫療業","hc.Medtech","2026-09-13T09:17:24Z","tw_boards|twse:twse_openapi|tpex:twse_isin_strMode4|esb:twse_isin_strMode5"
"6843.TWO","進典","TPEX","電機機械","ind.Machinery","2026-09-13T09:17:24Z","tw_boards|twse:twse_openapi|tpex:twse_isin_strMode4|esb:twse_isin_strMode5"
"6844.TWO","諾貝兒","TPEX","生技醫療業","hc.Medtech","2026-09-13T09:17:24Z","tw_boards|twse:twse_openapi|tpex:twse_isin_strMode4|esb:twse_isin_strMode5"
"6846.TWO","綠茵","TPEX","食品工業","fmcg.Food_Beverages","2026-09-13T09:17:24Z","tw_boards|twse:twse_openapi|tpex:twse_isin_strMode4|esb:twse_isin_strMode5"
"6855.TWO","數泓科","TPEX","其他電子業","ec.Hardware","2026-09-13T09:17:24Z","tw_boards|twse:twse_openapi|tpex:twse_isin_strMode4|esb:twse_isin_strMode5"
"6856.TWO","鑫傳","TPEX","文化創意業","media.Entertainment","2026-09-13T09:17:24Z","tw_boards|twse:twse_openapi|tpex:twse_isin_strMode4|esb:twse_isin_strMode5"
"6859.TWO","伯特光","TPEX","光電業","ec.Hardware","2026-09-13T09:17:24Z","tw_boards|twse:twse_openapi|tpex:twse_isin_strMode4|esb:twse_isin_strMode5"
"6865.TWO","偉康科技","TPEX","數位雲端","lab.Unmapped","2026-09-13T09:17:24Z","tw_boards|twse:twse_openapi|tpex:twse_isin_strMode4|esb:twse_isin_strMode5"
"6870.TWO","騰雲","TPEX","數位雲端","lab.Unmapped","2026-09-13T09:17:24Z","tw_boards|twse:twse_openapi|tpex:twse_isin_strMode4|esb:twse_isin_strMode5"
"6872.TWO","浩宇生醫","TPEX","生技醫療業","hc.Medtech","2026-09-13T09:17:24Z","tw_boards|twse:twse_openapi|tpex:twse_isin_strMode4|esb:twse_isin_strMode5"
"6874.TWO","倍力","TPEX","資訊服務業","ec.Hardware","2026-09-13T09:17:24Z","tw_boards|twse:twse_openapi|tpex:twse_isin_strMode4|esb:twse_isin_strMode5"
"6875.TWO","國邑*","TPEX","生技醫療業","hc.Medtech","2026-09-13T09:17:24Z","tw_boards|twse:twse_openapi|tpex:twse_isin_strMode4|esb:twse_isin_strMode5"
"6877.TWO","鏵友益","TPEX","其他電子業","ec.Hardware","2026-09-13T09:17:24Z","tw_boards|twse:twse_openapi|tpex:twse_isin_strMode4|esb:twse_isin_strMode5"
"6881.TWO","潤德","TPEX","其他業","lab.Unmapped","2026-09-13T09:17:24Z","tw_boards|twse:twse_openapi|tpex:twse_isin_strMode4|esb:twse_isin_strMode5"
"6884.TWO","海柏特","TPEX","資訊服務業","ec.Hardware","2026-09-13T09:17:24Z","tw_boards|twse:twse_openapi|tpex:twse_isin_strMode4|esb:twse_isin_strMode5"
"6894.TWO","衛司特","TPEX","綠能環保","lab.Unmapped","2026-09-13T09:17:24Z","tw_boards|twse:twse_openapi|tpex:twse_isin_strMode4|esb:twse_isin_strMode5"
"6895.TWO","宏碩系統","TPEX","半導體業","sc.Foundry","2026-09-13T09:17:24Z","tw_boards|twse:twse_openapi|tpex:twse_isin_strMode4|esb:twse_isin_strMode5"
"6899.TWO","創為精密","TPEX","光電業","ec.Hardware","2026-09-13T09:17:24Z","tw_boards|twse:twse_openapi|tpex:twse_isin_strMode4|esb:twse_isin_strMode5"
"6903.TWO","巨漢","TPEX","其他電子業","ec.Hardware","2026-09-13T09:17:24Z","tw_boards|twse:twse_openapi|tpex:twse_isin_strMode4|esb:twse_isin_strMode5"
"6904.TWO","伯鑫","TPEX","其他業","lab.Unmapped","2026-09-13T09:17:24Z","tw_boards|twse:twse_openapi|tpex:twse_isin_strMode4|esb:twse_isin_strMode5"
"6907.TWO","雅特力-KY","TPEX","半導體業","sc.Foundry","2026-09-13T09:17:24Z","tw_boards|twse:twse_openapi|tpex:twse_isin_strMode4|esb:twse_isin_strMode5"
"6910.TWO","德鴻","TPEX","數位雲端","lab.Unmapped","2026-09-13T09:17:24Z","tw_boards|twse:twse_openapi|tpex:twse_isin_strMode4|esb:twse_isin_strMode5"
"6913.TWO","鴻呈","TPEX","電子零組件業","ec.Hardware","2026-09-13T09:17:24Z","tw_boards|twse:twse_openapi|tpex:twse_isin_strMode4|esb:twse_isin_strMode5"
"6922.TWO","宸曜","TPEX","電腦及週邊設備業","ec.Hardware","2026-09-13T09:17:24Z","tw_boards|twse:twse_openapi|tpex:twse_isin_strMode4|esb:twse_isin_strMode5"
"6925.TWO","意藍","TPEX","數位雲端","lab.Unmapped","2026-09-13T09:17:24Z","tw_boards|twse:twse_openapi|tpex:twse_isin_strMode4|esb:twse_isin_strMode5"
"6929.TWO","佑全","TPEX","生技醫療業","hc.Medtech","2026-09-13T09:17:24Z","tw_boards|twse:twse_openapi|tpex:twse_isin_strMode4|esb:twse_isin_strMode5"
"6945.TWO","圓祥生技","TPEX","生技醫療業","hc.Medtech","2026-09-13T09:17:24Z","tw_boards|twse:twse_openapi|tpex:twse_isin_strMode4|esb:twse_isin_strMode5"
"6953.TWO","家碩","TPEX","半導體業","sc.Foundry","2026-09-13T09:17:24Z","tw_boards|twse:twse_openapi|tpex:twse_isin_strMode4|esb:twse_isin_strMode5"
"6961.TWO","旅天下","TPEX","觀光餐旅","retail.Brick_Mortar","2026-09-13T09:17:24Z","tw_boards|twse:twse_openapi|tpex:twse_isin_strMode4|esb:twse_isin_strMode5"
"6967.TWO","汎瑋材料","TPEX","電子零組件業","ec.Hardware","2026-09-13T09:17:24Z","tw_boards|twse:twse_openapi|tpex:twse_isin_strMode4|esb:twse_isin_strMode5"
"6968.TWO","萬達寵物","TPEX","居家生活","lab.Unmapped","2026-09-13T09:17:24Z","tw_boards|twse:twse_openapi|tpex:twse_isin_strMode4|esb:twse_isin_strMode5"
"6971.TWO","惠民實業","TPEX","綠能環保","lab.Unmapped","2026-09-13T09:17:24Z","tw_boards|twse:twse_openapi|tpex:twse_isin_strMode4|esb:twse_isin_strMode5"
"6982.TWO","大井泵浦","TPEX","電機機械","ind.Machinery","2026-09-13T09:17:24Z","tw_boards|twse:twse_openapi|tpex:twse_isin_strMode4|esb:twse_isin_strMode5"
"6983.TWO","華洋精機","TPEX","其他電子業","ec.Hardware","2026-09-13T09:17:24Z","tw_boards|twse:twse_openapi|tpex:twse_isin_strMode4|esb:twse_isin_strMode5"
"6986.TWO","和迅","TPEX","生技醫療業","hc.Medtech","2026-09-13T09:17:24Z","tw_boards|twse:twse_openapi|tpex:twse_isin_strMode4|esb:twse_isin_strMode5"
"6996.TWO","力領科技","TPEX","半導體業","sc.Foundry","2026-09-13T09:17:24Z","tw_boards|twse:twse_openapi|tpex:twse_isin_strMode4|esb:twse_isin_strMode5"
"6997.TWO","博弘","TPEX","數位雲端","lab.Unmapped","2026-09-13T09:17:24Z","tw_boards|twse:twse_openapi|tpex:twse_isin_strMode4|esb:twse_isin_strMode5"
"7402.TWO","邑錡","TPEX","光電業","ec.Hardware","2026-09-13T09:17:24Z","tw_boards|twse:twse_openapi|tpex:twse_isin_strMode4|esb:twse_isin_strMode5"
"7547.TWO","碩網","TPEX","數位雲端","lab.Unmapped","2026-09-13T09:17:24Z","tw_boards|twse:twse_openapi|tpex:twse_isin_strMode4|esb:twse_isin_strMode5"
"7556.TWO","意德士","TPEX","半導體業","sc.Foundry","2026-09-13T09:17:24Z","tw_boards|twse:twse_openapi|tpex:twse_isin_strMode4|esb:twse_isin_strMode5"
"7584.TWO","樂意","TPEX","文化創意業","media.Entertainment","2026-09-13T09:17:24Z","tw_boards|twse:twse_openapi|tpex:twse_isin_strMode4|esb:twse_isin_strMode5"
"7642.TWO","昶瑞機電","TPEX","電機機械","ind.Machinery","2026-09-13T09:17:24Z","tw_boards|twse:twse_openapi|tpex:twse_isin_strMode4|esb:twse_isin_strMode5"
"7703.TWO","銳澤","TPEX","其他電子業","ec.Hardware","2026-09-13T09:17:24Z","tw_boards|twse:twse_openapi|tpex:twse_isin_strMode4|esb:twse_isin_strMode5"
"7704.TWO","明遠精密","TPEX","半導體業","sc.Foundry","2026-09-13T09:17:24Z","tw_boards|twse:twse_openapi|tpex:twse_isin_strMode4|esb:twse_isin_strMode5"
"7708.TWO","全家餐飲","TPEX","觀光餐旅","retail.Brick_Mortar","2026-09-13T09:17:24Z","tw_boards|twse:twse_openapi|tpex:twse_isin_strMode4|esb:twse_isin_strMode5"
"7709.TWO","榮田","TPEX","電機機械","ind.Machinery","2026-09-13T09:17:24Z","tw_boards|twse:twse_openapi|tpex:twse_isin_strMode4|esb:twse_isin_strMode5"
"7712.TWO","博盛半導體","TPEX","半導體業","sc.Foundry","2026-09-13T09:17:24Z","tw_boards|twse:twse_openapi|tpex:twse_isin_strMode4|esb:twse_isin_strMode5"
"7713.TWO","威力德生醫","TPEX","生技醫療業","hc.Medtech","2026-09-13T09:17:24Z","tw_boards|twse:twse_openapi|tpex:twse_isin_strMode4|esb:twse_isin_strMode5"
"7714.TWO","創泓科技","TPEX","數位雲端","lab.Unmapped","2026-09-13T09:17:24Z","tw_boards|twse:twse_openapi|tpex:twse_isin_strMode4|esb:twse_isin_strMode5"
"7715.TWO","裕山","TPEX","綠能環保","lab.Unmapped","2026-09-13T09:17:24Z","tw_boards|twse:twse_openapi|tpex:twse_isin_strMode4|esb:twse_isin_strMode5"
"7716.TWO","昱臺國際","TPEX","航運業","tr.Logistics_Shipping","2026-09-13T09:17:24Z","tw_boards|twse:twse_openapi|tpex:twse_isin_strMode4|esb:twse_isin_strMode5"
"7717.TWO","萊德光電-KY","TPEX","通信網路業","ec.Hardware","2026-09-13T09:17:24Z","tw_boards|twse:twse_openapi|tpex:twse_isin_strMode4|esb:twse_isin_strMode5"
"7718.TWO","友鋮","TPEX","電機機械","ind.Machinery","2026-09-13T09:17:24Z","tw_boards|twse:twse_openapi|tpex:twse_isin_strMode4|esb:twse_isin_strMode5"
"7723.TWO","築間","TPEX","觀光餐旅","retail.Brick_Mortar","2026-09-13T09:17:24Z","tw_boards|twse:twse_openapi|tpex:twse_isin_strMode4|esb:twse_isin_strMode5"
"7728.TWO","光焱科技","TPEX","其他電子業","ec.Hardware","2026-09-13T09:17:24Z","tw_boards|twse:twse_openapi|tpex:twse_isin_strMode4|esb:twse_isin_strMode5"
"7734.TWO","印能科技","TPEX","半導體業","sc.Foundry","2026-09-13T09:17:24Z","tw_boards|twse:twse_openapi|tpex:twse_isin_strMode4|esb:twse_isin_strMode5"
"7738.TWO","東聯互動","TPEX","數位雲端","lab.Unmapped","2026-09-13T09:17:24Z","tw_boards|twse:twse_openapi|tpex:twse_isin_strMode4|esb:twse_isin_strMode5"
"7743.TWO","金利食安","TPEX","食品工業","fmcg.Food_Beverages","2026-09-13T09:17:24Z","tw_boards|twse:twse_openapi|tpex:twse_isin_strMode4|esb:twse_isin_strMode5"
"7744.TWO","崴寶","TPEX","電子零組件業","ec.Hardware","2026-09-13T09:17:24Z","tw_boards|twse:twse_openapi|tpex:twse_isin_strMode4|esb:twse_isin_strMode5"
"7747.TWO","昕奇雲端","TPEX","數位雲端","lab.Unmapped","2026-09-13T09:17:24Z","tw_boards|twse:twse_openapi|tpex:twse_isin_strMode4|esb:twse_isin_strMode5"
"7751.TWO","竑騰","TPEX","半導體業","sc.Foundry","2026-09-13T09:17:24Z","tw_boards|twse:twse_openapi|tpex:twse_isin_strMode4|esb:twse_isin_strMode5"
"7753.TWO","星亞","TPEX","光電業","ec.Hardware","2026-09-13T09:17:24Z","tw_boards|twse:twse_openapi|tpex:twse_isin_strMode4|esb:twse_isin_strMode5"
"7757.TWO","金色三麥","TPEX","觀光餐旅","retail.Brick_Mortar","2026-09-13T09:17:24Z","tw_boards|twse:twse_openapi|tpex:twse_isin_strMode4|esb:twse_isin_strMode5"
"7767.TWO","仁大資訊","TPEX","資訊服務業","ec.Hardware","2026-09-13T09:17:24Z","tw_boards|twse:twse_openapi|tpex:twse_isin_strMode4|esb:twse_isin_strMode5"
"7770.TWO","君曜","TPEX","半導體業","sc.Foundry","2026-09-13T09:17:24Z","tw_boards|twse:twse_openapi|tpex:twse_isin_strMode4|esb:twse_isin_strMode5"
"7772.TWO","耀穎","TPEX","半導體業","sc.Foundry","2026-09-13T09:17:24Z","tw_boards|twse:twse_openapi|tpex:twse_isin_strMode4|esb:twse_isin_strMode5"
"7777.TWO","能率亞洲","TPEX","其他業","lab.Unmapped","2026-09-13T09:17:24Z","tw_boards|twse:twse_openapi|tpex:twse_isin_strMode4|esb:twse_isin_strMode5"
"7782.TWO","光速火箭","TPEX","居家生活","lab.Unmapped","2026-09-13T09:17:24Z","tw_boards|twse:twse_openapi|tpex:twse_isin_strMode4|esb:twse_isin_strMode5"
"7792.TWO","安葆","TPEX","其他電子業","ec.Hardware","2026-09-13T09:17:24Z","tw_boards|twse:twse_openapi|tpex:twse_isin_strMode4|esb:twse_isin_strMode5"
"7794.TWO","宏碁智新","TPEX","居家生活","lab.Unmapped","2026-09-13T09:17:24Z","tw_boards|twse:twse_openapi|tpex:twse_isin_strMode4|esb:twse_isin_strMode5"
"7805.TWO","威聯通","TPEX","數位雲端","lab.Unmapped","2026-09-13T09:17:24Z","tw_boards|twse:twse_openapi|tpex:twse_isin_strMode4|esb:twse_isin_strMode5"
"7810.TWO","捷創科技","TPEX","半導體業","sc.Foundry","2026-09-13T09:17:24Z","tw_boards|twse:twse_openapi|tpex:twse_isin_strMode4|esb:twse_isin_strMode5"
"7811.TWO","民盛","TPEX","運動休閒","lab.Unmapped","2026-09-13T09:17:24Z","tw_boards|twse:twse_openapi|tpex:twse_isin_strMode4|esb:twse_isin_strMode5"
"7814.TWO","海昌生技","TPEX","生技醫療業","hc.Medtech","2026-09-13T09:17:24Z","tw_boards|twse:twse_openapi|tpex:twse_isin_strMode4|esb:twse_isin_strMode5"
"7819.TWO","精誠金融","TPEX","資訊服務業","ec.Hardware","2026-09-13T09:17:24Z","tw_boards|twse:twse_openapi|tpex:twse_isin_strMode4|esb:twse_isin_strMode5"
"7820.TWO","立盈","TPEX","綠能環保","lab.Unmapped","2026-09-13T09:17:24Z","tw_boards|twse:twse_openapi|tpex:twse_isin_strMode4|esb:twse_isin_strMode5"
"7825.TWO","和亞智慧","TPEX","其他電子業","ec.Hardware","2026-09-13T09:17:24Z","tw_boards|twse:twse_openapi|tpex:twse_isin_strMode4|esb:twse_isin_strMode5"
"7828.TWO","創新服務","TPEX","半導體業","sc.Foundry","2026-09-13T09:17:24Z","tw_boards|twse:twse_openapi|tpex:twse_isin_strMode4|esb:twse_isin_strMode5"
"7839.TWO","達人網","TPEX","數位雲端","lab.Unmapped","2026-09-13T09:17:24Z","tw_boards|twse:twse_openapi|tpex:twse_isin_strMode4|esb:twse_isin_strMode5"
"7842.TWO","天能綠電","TPEX","綠能環保","lab.Unmapped","2026-09-13T09:17:24Z","tw_boards|twse:twse_openapi|tpex:twse_isin_strMode4|esb:twse_isin_strMode5"
"8024.TWO","佑華","TPEX","半導體業","sc.Foundry","2026-09-13T09:17:24Z","tw_boards|twse:twse_openapi|tpex:twse_isin_strMode4|esb:twse_isin_strMode5"
"8027.TWO","鈦昇","TPEX","電機機械","ind.Machinery","2026-09-13T09:17:24Z","tw_boards|twse:twse_openapi|tpex:twse_isin_strMode4|esb:twse_isin_strMode5"
"8032.TWO","光菱","TPEX","電子通路業","lab.Unmapped","2026-09-13T09:17:24Z","tw_boards|twse:twse_openapi|tpex:twse_isin_strMode4|esb:twse_isin_strMode5"
"8034.TWO","榮群","TPEX","通信網路業","ec.Hardware","2026-09-13T09:17:24Z","tw_boards|twse:twse_openapi|tpex:twse_isin_strMode4|esb:twse_isin_strMode5"
"8038.TWO","長園科","TPEX","電子零組件業","ec.Hardware","2026-09-13T09:17:24Z","tw_boards|twse:twse_openapi|tpex:twse_isin_strMode4|esb:twse_isin_strMode5"
"8040.TWO","九暘","TPEX","半導體業","sc.Foundry","2026-09-13T09:17:24Z","tw_boards|twse:twse_openapi|tpex:twse_isin_strMode4|esb:twse_isin_strMode5"
"8042.TWO","金山電","TPEX","電子零組件業","ec.Hardware","2026-09-13T09:17:24Z","tw_boards|twse:twse_openapi|tpex:twse_isin_strMode4|esb:twse_isin_strMode5"
"8043.TWO","蜜望實","TPEX","電子零組件業","ec.Hardware","2026-09-13T09:17:24Z","tw_boards|twse:twse_openapi|tpex:twse_isin_strMode4|esb:twse_isin_strMode5"
"8044.TWO","網家","TPEX","數位雲端","lab.Unmapped","2026-09-13T09:17:24Z","tw_boards|twse:twse_openapi|tpex:twse_isin_strMode4|esb:twse_isin_strMode5"
"8047.TWO","星雲","TPEX","其他電子業","ec.Hardware","2026-09-13T09:17:24Z","tw_boards|twse:twse_openapi|tpex:twse_isin_strMode4|esb:twse_isin_strMode5"
"8048.TWO","德勝","TPEX","通信網路業","ec.Hardware","2026-09-13T09:17:24Z","tw_boards|twse:twse_openapi|tpex:twse_isin_strMode4|esb:twse_isin_strMode5"
"8049.TWO","晶采","TPEX","光電業","ec.Hardware","2026-09-13T09:17:24Z","tw_boards|twse:twse_openapi|tpex:twse_isin_strMode4|esb:twse_isin_strMode5"
"8050.TWO","廣積","TPEX","電腦及週邊設備業","ec.Hardware","2026-09-13T09:17:24Z","tw_boards|twse:twse_openapi|tpex:twse_isin_strMode4|esb:twse_isin_strMode5"
"8054.TWO","安國","TPEX","半導體業","sc.Foundry","2026-09-13T09:17:24Z","tw_boards|twse:twse_openapi|tpex:twse_isin_strMode4|esb:twse_isin_strMode5"
"8059.TWO","凱碩","TPEX","通信網路業","ec.Hardware","2026-09-13T09:17:24Z","tw_boards|twse:twse_openapi|tpex:twse_isin_strMode4|esb:twse_isin_strMode5"
"8064.TWO","東捷","TPEX","光電業","ec.Hardware","2026-09-13T09:17:24Z","tw_boards|twse:twse_openapi|tpex:twse_isin_strMode4|esb:twse_isin_strMode5"
"8066.TWO","來思達","TPEX","居家生活","lab.Unmapped","2026-09-13T09:17:24Z","tw_boards|twse:twse_openapi|tpex:twse_isin_strMode4|esb:twse_isin_strMode5"
"8067.TWO","志旭","TPEX","電子通路業","lab.Unmapped","2026-09-13T09:17:24Z","tw_boards|twse:twse_openapi|tpex:twse_isin_strMode4|esb:twse_isin_strMode5"
"8068.TWO","全達","TPEX","電子通路業","lab.Unmapped","2026-09-13T09:17:24Z","tw_boards|twse:twse_openapi|tpex:twse_isin_strMode4|esb:twse_isin_strMode5"
"8069.TWO","元太","TPEX","光電業","ec.Hardware","2026-09-13T09:17:24Z","tw_boards|twse:twse_openapi|tpex:twse_isin_strMode4|esb:twse_isin_strMode5"
"8071.TWO","能率網通","TPEX","電子零組件業","ec.Hardware","2026-09-13T09:17:24Z","tw_boards|twse:twse_openapi|tpex:twse_isin_strMode4|esb:twse_isin_strMode5"
"8074.TWO","鉅橡","TPEX","電子零組件業","ec.Hardware","2026-09-13T09:17:24Z","tw_boards|twse:twse_openapi|tpex:twse_isin_strMode4|esb:twse_isin_strMode5"
"8076.TWO","伍豐","TPEX","電腦及週邊設備業","ec.Hardware","2026-09-13T09:17:24Z","tw_boards|twse:twse_openapi|tpex:twse_isin_strMode4|esb:twse_isin_strMode5"
"8077.TWO","洛碁","TPEX","觀光餐旅","retail.Brick_Mortar","2026-09-13T09:17:24Z","tw_boards|twse:twse_openapi|tpex:twse_isin_strMode4|esb:twse_isin_strMode5"
"8080.TWO","泰霖","TPEX","建材營造業","ind.Machinery","2026-09-13T09:17:24Z","tw_boards|twse:twse_openapi|tpex:twse_isin_strMode4|esb:twse_isin_strMode5"
"8083.TWO","瑞穎","TPEX","電機機械","ind.Machinery","2026-09-13T09:17:24Z","tw_boards|twse:twse_openapi|tpex:twse_isin_strMode4|esb:twse_isin_strMode5"
"8084.TWO","巨虹","TPEX","電子通路業","lab.Unmapped","2026-09-13T09:17:24Z","tw_boards|twse:twse_openapi|tpex:twse_isin_strMode4|esb:twse_isin_strMode5"
"8085.TWO","福華","TPEX","其他電子業","ec.Hardware","2026-09-13T09:17:24Z","tw_boards|twse:twse_openapi|tpex:twse_isin_strMode4|esb:twse_isin_strMode5"
"8086.TWO","宏捷科","TPEX","半導體業","sc.Foundry","2026-09-13T09:17:24Z","tw_boards|twse:twse_openapi|tpex:twse_isin_strMode4|esb:twse_isin_strMode5"
"8087.TWO","麗升能源","TPEX","綠能環保","lab.Unmapped","2026-09-13T09:17:24Z","tw_boards|twse:twse_openapi|tpex:twse_isin_strMode4|esb:twse_isin_strMode5"
"8088.TWO","品安","TPEX","半導體業","sc.Foundry","2026-09-13T09:17:24Z","tw_boards|twse:twse_openapi|tpex:twse_isin_strMode4|esb:twse_isin_strMode5"
"8089.TWO","康全電訊","TPEX","通信網路業","ec.Hardware","2026-09-13T09:17:24Z","tw_boards|twse:twse_openapi|tpex:twse_isin_strMode4|esb:twse_isin_strMode5"
"8091.TWO","翔名","TPEX","半導體業","sc.Foundry","2026-09-13T09:17:24Z","tw_boards|twse:twse_openapi|tpex:twse_isin_strMode4|esb:twse_isin_strMode5"
"8092.TWO","建暐","TPEX","其他電子業","ec.Hardware","2026-09-13T09:17:24Z","tw_boards|twse:twse_openapi|tpex:twse_isin_strMode4|esb:twse_isin_strMode5"
"8093.TWO","保銳","TPEX","電子零組件業","ec.Hardware","2026-09-13T09:17:24Z","tw_boards|twse:twse_openapi|tpex:twse_isin_strMode4|esb:twse_isin_strMode5"
"8096.TWO","擎亞","TPEX","電子通路業","lab.Unmapped","2026-09-13T09:17:24Z","tw_boards|twse:twse_openapi|tpex:twse_isin_strMode4|esb:twse_isin_strMode5"
"8097.TWO","常珵","TPEX","通信網路業","ec.Hardware","2026-09-13T09:17:24Z","tw_boards|twse:twse_openapi|tpex:twse_isin_strMode4|esb:twse_isin_strMode5"
"8099.TWO","大世科","TPEX","資訊服務業","ec.Hardware","2026-09-13T09:17:24Z","tw_boards|twse:twse_openapi|tpex:twse_isin_strMode4|esb:twse_isin_strMode5"
"8102.TWO","傑霖科技","TPEX","半導體業","sc.Foundry","2026-09-13T09:17:24Z","tw_boards|twse:twse_openapi|tpex:twse_isin_strMode4|esb:twse_isin_strMode5"
"8107.TWO","大億金茂","TPEX","電機機械","ind.Machinery","2026-09-13T09:17:24Z","tw_boards|twse:twse_openapi|tpex:twse_isin_strMode4|esb:twse_isin_strMode5"
"8109.TWO","博大","TPEX","電子零組件業","ec.Hardware","2026-09-13T09:17:24Z","tw_boards|twse:twse_openapi|tpex:twse_isin_strMode4|esb:twse_isin_strMode5"
"8111.TWO","立碁","TPEX","光電業","ec.Hardware","2026-09-13T09:17:24Z","tw_boards|twse:twse_openapi|tpex:twse_isin_strMode4|esb:twse_isin_strMode5"
"8121.TWO","越峰","TPEX","電子零組件業","ec.Hardware","2026-09-13T09:17:24Z","tw_boards|twse:twse_openapi|tpex:twse_isin_strMode4|esb:twse_isin_strMode5"
"8147.TWO","正淩","TPEX","電子零組件業","ec.Hardware","2026-09-13T09:17:24Z","tw_boards|twse:twse_openapi|tpex:twse_isin_strMode4|esb:twse_isin_strMode5"
"8155.TWO","博智","TPEX","電子零組件業","ec.Hardware","2026-09-13T09:17:24Z","tw_boards|twse:twse_openapi|tpex:twse_isin_strMode4|esb:twse_isin_strMode5"
"8171.TWO","天宇","TPEX","綠能環保","lab.Unmapped","2026-09-13T09:17:24Z","tw_boards|twse:twse_openapi|tpex:twse_isin_strMode4|esb:twse_isin_strMode5"
"8176.TWO","智捷","TPEX","通信網路業","ec.Hardware","2026-09-13T09:17:24Z","tw_boards|twse:twse_openapi|tpex:twse_isin_strMode4|esb:twse_isin_strMode5"
"8182.TWO","加高","TPEX","電子零組件業","ec.Hardware","2026-09-13T09:17:24Z","tw_boards|twse:twse_openapi|tpex:twse_isin_strMode4|esb:twse_isin_strMode5"
"8183.TWO","精星","TPEX","其他電子業","ec.Hardware","2026-09-13T09:17:24Z","tw_boards|twse:twse_openapi|tpex:twse_isin_strMode4|esb:twse_isin_strMode5"
"8227.TWO","巨有科技","TPEX","半導體業","sc.Foundry","2026-09-13T09:17:24Z","tw_boards|twse:twse_openapi|tpex:twse_isin_strMode4|esb:twse_isin_strMode5"
"8234.TWO","新漢","TPEX","電腦及週邊設備業","ec.Hardware","2026-09-13T09:17:24Z","tw_boards|twse:twse_openapi|tpex:twse_isin_strMode4|esb:twse_isin_strMode5"
"8240.TWO","華宏","TPEX","光電業","ec.Hardware","2026-09-13T09:17:24Z","tw_boards|twse:twse_openapi|tpex:twse_isin_strMode4|esb:twse_isin_strMode5"
"8255.TWO","朋程","TPEX","電機機械","ind.Machinery","2026-09-13T09:17:24Z","tw_boards|twse:twse_openapi|tpex:twse_isin_strMode4|esb:twse_isin_strMode5"
"8272.TWO","全景軟體","TPEX","資訊服務業","ec.Hardware","2026-09-13T09:17:24Z","tw_boards|twse:twse_openapi|tpex:twse_isin_strMode4|esb:twse_isin_strMode5"
"8277.TWO","商丞","TPEX","半導體業","sc.Foundry","2026-09-13T09:17:24Z","tw_boards|twse:twse_openapi|tpex:twse_isin_strMode4|esb:twse_isin_strMode5"
"8279.TWO","生展","TPEX","生技醫療業","hc.Medtech","2026-09-13T09:17:24Z","tw_boards|twse:twse_openapi|tpex:twse_isin_strMode4|esb:twse_isin_strMode5"
"8284.TWO","三竹","TPEX","資訊服務業","ec.Hardware","2026-09-13T09:17:24Z","tw_boards|twse:twse_openapi|tpex:twse_isin_strMode4|esb:twse_isin_strMode5"
"8289.TWO","泰藝","TPEX","電子零組件業","ec.Hardware","2026-09-13T09:17:24Z","tw_boards|twse:twse_openapi|tpex:twse_isin_strMode4|esb:twse_isin_strMode5"
"8291.TWO","尚茂","TPEX","電子零組件業","ec.Hardware","2026-09-13T09:17:24Z","tw_boards|twse:twse_openapi|tpex:twse_isin_strMode4|esb:twse_isin_strMode5"
"8299.TWO","群聯","TPEX","半導體業","sc.Foundry","2026-09-13T09:17:24Z","tw_boards|twse:twse_openapi|tpex:twse_isin_strMode4|esb:twse_isin_strMode5"
"8342.TWO","益張","TPEX","其他業","lab.Unmapped","2026-09-13T09:17:24Z","tw_boards|twse:twse_openapi|tpex:twse_isin_strMode4|esb:twse_isin_strMode5"
"8349.TWO","恒耀","TPEX","鋼鐵工業","mat.Metals_Mining","2026-09-13T09:17:24Z","tw_boards|twse:twse_openapi|tpex:twse_isin_strMode4|esb:twse_isin_strMode5"
"8354.TWO","冠好","TPEX","其他業","lab.Unmapped","2026-09-13T09:17:24Z","tw_boards|twse:twse_openapi|tpex:twse_isin_strMode4|esb:twse_isin_strMode5"
"8358.TWO","金居","TPEX","電子零組件業","ec.Hardware","2026-09-13T09:17:24Z","tw_boards|twse:twse_openapi|tpex:twse_isin_strMode4|esb:twse_isin_strMode5"
"8383.TWO","千附","TPEX","半導體業","sc.Foundry","2026-09-13T09:17:24Z","tw_boards|twse:twse_openapi|tpex:twse_isin_strMode4|esb:twse_isin_strMode5"
"8390.TWO","金益鼎","TPEX","綠能環保","lab.Unmapped","2026-09-13T09:17:24Z","tw_boards|twse:twse_openapi|tpex:twse_isin_strMode4|esb:twse_isin_strMode5"
"8401.TWO","白紗科","TPEX","其他業","lab.Unmapped","2026-09-13T09:17:24Z","tw_boards|twse:twse_openapi|tpex:twse_isin_strMode4|esb:twse_isin_strMode5"
"8403.TWO","盛弘","TPEX","生技醫療業","hc.Medtech","2026-09-13T09:17:24Z","tw_boards|twse:twse_openapi|tpex:twse_isin_strMode4|esb:twse_isin_strMode5"
"8409.TWO","商之器","TPEX","生技醫療業","hc.Medtech","2026-09-13T09:17:24Z","tw_boards|twse:twse_openapi|tpex:twse_isin_strMode4|esb:twse_isin_strMode5"
"8410.TWO","森田","TPEX","電腦及週邊設備業","ec.Hardware","2026-09-13T09:17:24Z","tw_boards|twse:twse_openapi|tpex:twse_isin_strMode4|esb:twse_isin_strMode5"
"8415.TWO","大國鋼","TPEX","鋼鐵工業","mat.Metals_Mining","2026-09-13T09:17:24Z","tw_boards|twse:twse_openapi|tpex:twse_isin_strMode4|esb:twse_isin_strMode5"
"8416.TWO","實威","TPEX","資訊服務業","ec.Hardware","2026-09-13T09:17:24Z","tw_boards|twse:twse_openapi|tpex:twse_isin_strMode4|esb:twse_isin_strMode5"
"8421.TWO","旭源","TPEX","其他業","lab.Unmapped","2026-09-13T09:17:24Z","tw_boards|twse:twse_openapi|tpex:twse_isin_strMode4|esb:twse_isin_strMode5"
"8423.TWO","保綠-KY","TPEX","綠能環保","lab.Unmapped","2026-09-13T09:17:24Z","tw_boards|twse:twse_openapi|tpex:twse_isin_strMode4|esb:twse_isin_strMode5"
"8424.TWO","惠普","TPEX","建材營造業","ind.Machinery","2026-09-13T09:17:24Z","tw_boards|twse:twse_openapi|tpex:twse_isin_strMode4|esb:twse_isin_strMode5"
"8426.TWO","紅木-KY","TPEX","其他業","lab.Unmapped","2026-09-13T09:17:24Z","tw_boards|twse:twse_openapi|tpex:twse_isin_strMode4|esb:twse_isin_strMode5"
"8431.TWO","匯鑽科","TPEX","其他電子業","ec.Hardware","2026-09-13T09:17:24Z","tw_boards|twse:twse_openapi|tpex:twse_isin_strMode4|esb:twse_isin_strMode5"
"8432.TWO","東生華","TPEX","生技醫療業","hc.Medtech","2026-09-13T09:17:24Z","tw_boards|twse:twse_openapi|tpex:twse_isin_strMode4|esb:twse_isin_strMode5"
"8433.TWO","弘帆","TPEX","居家生活","lab.Unmapped","2026-09-13T09:17:24Z","tw_boards|twse:twse_openapi|tpex:twse_isin_strMode4|esb:twse_isin_strMode5"
"8435.TWO","鉅邁","TPEX","其他業","lab.Unmapped","2026-09-13T09:17:24Z","tw_boards|twse:twse_openapi|tpex:twse_isin_strMode4|esb:twse_isin_strMode5"
"8436.TWO","大江","TPEX","生技醫療業","hc.Medtech","2026-09-13T09:17:24Z","tw_boards|twse:twse_openapi|tpex:twse_isin_strMode4|esb:twse_isin_strMode5"
"8437.TWO","大地-KY","TPEX","其他業","lab.Unmapped","2026-09-13T09:17:24Z","tw_boards|twse:twse_openapi|tpex:twse_isin_strMode4|esb:twse_isin_strMode5"
"8440.TWO","綠電","TPEX","綠能環保","lab.Unmapped","2026-09-13T09:17:24Z","tw_boards|twse:twse_openapi|tpex:twse_isin_strMode4|esb:twse_isin_strMode5"
"8444.TWO","綠河-KY","TPEX","其他業","lab.Unmapped","2026-09-13T09:17:24Z","tw_boards|twse:twse_openapi|tpex:twse_isin_strMode4|esb:twse_isin_strMode5"
"8446.TWO","華研","TPEX","文化創意業","media.Entertainment","2026-09-13T09:17:24Z","tw_boards|twse:twse_openapi|tpex:twse_isin_strMode4|esb:twse_isin_strMode5"
"8450.TWO","霹靂","TPEX","文化創意業","media.Entertainment","2026-09-13T09:17:24Z","tw_boards|twse:twse_openapi|tpex:twse_isin_strMode4|esb:twse_isin_strMode5"
"8455.TWO","大拓-KY","TPEX","其他電子業","ec.Hardware","2026-09-13T09:17:24Z","tw_boards|twse:twse_openapi|tpex:twse_isin_strMode4|esb:twse_isin_strMode5"
"8472.TWO","納維康","TPEX","數位雲端","lab.Unmapped","2026-09-13T09:17:24Z","tw_boards|twse:twse_openapi|tpex:twse_isin_strMode4|esb:twse_isin_strMode5"
"8477.TWO","創業家","TPEX","數位雲端","lab.Unmapped","2026-09-13T09:17:24Z","tw_boards|twse:twse_openapi|tpex:twse_isin_strMode4|esb:twse_isin_strMode5"
"8489.TWO","三貝德","TPEX","其他業","lab.Unmapped","2026-09-13T09:17:24Z","tw_boards|twse:twse_openapi|tpex:twse_isin_strMode4|esb:twse_isin_strMode5"
"8905.TWO","裕國","TPEX","其他業","lab.Unmapped","2026-09-13T09:17:24Z","tw_boards|twse:twse_openapi|tpex:twse_isin_strMode4|esb:twse_isin_strMode5"
"8906.TWO","花王","TPEX","其他業","lab.Unmapped","2026-09-13T09:17:24Z","tw_boards|twse:twse_openapi|tpex:twse_isin_strMode4|esb:twse_isin_strMode5"
"8908.TWO","欣雄","TPEX","油電燃氣業","en.Utilities","2026-09-13T09:17:24Z","tw_boards|twse:twse_openapi|tpex:twse_isin_strMode4|esb:twse_isin_strMode5"
"8916.TWO","光隆","TPEX","其他業","lab.Unmapped","2026-09-13T09:17:24Z","tw_boards|twse:twse_openapi|tpex:twse_isin_strMode4|esb:twse_isin_strMode5"
"8917.TWO","欣泰","TPEX","油電燃氣業","en.Utilities","2026-09-13T09:17:24Z","tw_boards|twse:twse_openapi|tpex:twse_isin_strMode4|esb:twse_isin_strMode5"
"8921.TWO","沈氏","TPEX","其他業","lab.Unmapped","2026-09-13T09:17:24Z","tw_boards|twse:twse_openapi|tpex:twse_isin_strMode4|esb:twse_isin_strMode5"
"8923.TWO","時報","TPEX","文化創意業","media.Entertainment","2026-09-13T09:17:24Z","tw_boards|twse:twse_openapi|tpex:twse_isin_strMode4|esb:twse_isin_strMode5"
"8924.TWO","大田","TPEX","運動休閒","lab.Unmapped","2026-09-13T09:17:24Z","tw_boards|twse:twse_openapi|tpex:twse_isin_strMode4|esb:twse_isin_strMode5"
"8927.TWO","北基","TPEX","油電燃氣業","en.Utilities","2026-09-13T09:17:24Z","tw_boards|twse:twse_openapi|tpex:twse_isin_strMode4|esb:twse_isin_strMode5"
"8928.TWO","鉅明","TPEX","運動休閒","lab.Unmapped","2026-09-13T09:17:24Z","tw_boards|twse:twse_openapi|tpex:twse_isin_strMode4|esb:twse_isin_strMode5"
"8929.TWO","富堡","TPEX","其他業","lab.Unmapped","2026-09-13T09:17:24Z","tw_boards|twse:twse_openapi|tpex:twse_isin_strMode4|esb:twse_isin_strMode5"
"8930.TWO","青鋼","TPEX","鋼鐵工業","mat.Metals_Mining","2026-09-13T09:17:24Z","tw_boards|twse:twse_openapi|tpex:twse_isin_strMode4|esb:twse_isin_strMode5"
"8931.TWO","大汽電","TPEX","油電燃氣業","en.Utilities","2026-09-13T09:17:24Z","tw_boards|twse:twse_openapi|tpex:twse_isin_strMode4|esb:twse_isin_strMode5"
"8932.TWO","智通*","TPEX","數位雲端","lab.Unmapped","2026-09-13T09:17:24Z","tw_boards|twse:twse_openapi|tpex:twse_isin_strMode4|esb:twse_isin_strMode5"
"8933.TWO","愛地雅","TPEX","運動休閒","lab.Unmapped","2026-09-13T09:17:24Z","tw_boards|twse:twse_openapi|tpex:twse_isin_strMode4|esb:twse_isin_strMode5"
"8935.TWO","邦泰","TPEX","其他業","lab.Unmapped","2026-09-13T09:17:24Z","tw_boards|twse:twse_openapi|tpex:twse_isin_strMode4|esb:twse_isin_strMode5"
"8936.TWO","國統","TPEX","其他業","lab.Unmapped","2026-09-13T09:17:24Z","tw_boards|twse:twse_openapi|tpex:twse_isin_strMode4|esb:twse_isin_strMode5"
"8937.TWO","合騏*","TPEX","其他業","lab.Unmapped","2026-09-13T09:17:24Z","tw_boards|twse:twse_openapi|tpex:twse_isin_strMode4|esb:twse_isin_strMode5"
"8938.TWO","明安","TPEX","運動休閒","lab.Unmapped","2026-09-13T09:17:24Z","tw_boards|twse:twse_openapi|tpex:twse_isin_strMode4|esb:twse_isin_strMode5"
"8941.TWO","關中","TPEX","居家生活","lab.Unmapped","2026-09-13T09:17:24Z","tw_boards|twse:twse_openapi|tpex:twse_isin_strMode4|esb:twse_isin_strMode5"
"8942.TWO","森鉅","TPEX","其他業","lab.Unmapped","2026-09-13T09:17:24Z","tw_boards|twse:twse_openapi|tpex:twse_isin_strMode4|esb:twse_isin_strMode5"
"9949.TWO","琉園","TPEX","文化創意業","media.Entertainment","2026-09-13T09:17:24Z","tw_boards|twse:twse_openapi|tpex:twse_isin_strMode4|esb:twse_isin_strMode5"
"9950.TWO","萬國通","TPEX","塑膠工業","mat.Chemicals","2026-09-13T09:17:24Z","tw_boards|twse:twse_openapi|tpex:twse_isin_strMode4|esb:twse_isin_strMode5"
"9951.TWO","皇田","TPEX","電機機械","ind.Machinery","2026-09-13T09:17:24Z","tw_boards|twse:twse_openapi|tpex:twse_isin_strMode4|esb:twse_isin_strMode5"
"9960.TWO","邁達康","TPEX","運動休閒","lab.Unmapped","2026-09-13T09:17:24Z","tw_boards|twse:twse_openapi|tpex:twse_isin_strMode4|esb:twse_isin_strMode5"
"9962.TWO","有益","TPEX","鋼鐵工業","mat.Metals_Mining","2026-09-13T09:17:24Z","tw_boards|twse:twse_openapi|tpex:twse_isin_strMode4|esb:twse_isin_strMode5"
"1260.TWO","富味鄉","ESB","食品工業","fmcg.Food_Beverages","2026-09-13T09:17:24Z","tw_boards|twse:twse_openapi|tpex:twse_isin_strMode4|esb:twse_isin_strMode5"
"1269.TWO","乾杯","ESB","觀光餐旅","retail.Brick_Mortar","2026-09-13T09:17:24Z","tw_boards|twse:twse_openapi|tpex:twse_isin_strMode4|esb:twse_isin_strMode5"
"1271.TWO","晨暉生技","ESB","生技醫療業","hc.Medtech","2026-09-13T09:17:24Z","tw_boards|twse:twse_openapi|tpex:twse_isin_strMode4|esb:twse_isin_strMode5"
"1293.TWO","利統","ESB","食品工業","fmcg.Food_Beverages","2026-09-13T09:17:24Z","tw_boards|twse:twse_openapi|tpex:twse_isin_strMode4|esb:twse_isin_strMode5"
"1343.TWO","旭東環保","ESB","綠能環保","lab.Unmapped","2026-09-13T09:17:24Z","tw_boards|twse:twse_openapi|tpex:twse_isin_strMode4|esb:twse_isin_strMode5"
"1480.TWO","東盟開發","ESB","鋼鐵工業","mat.Metals_Mining","2026-09-13T09:17:24Z","tw_boards|twse:twse_openapi|tpex:twse_isin_strMode4|esb:twse_isin_strMode5"
"1594.TWO","日高","ESB","電機機械","ind.Machinery","2026-09-13T09:17:24Z","tw_boards|twse:twse_openapi|tpex:twse_isin_strMode4|esb:twse_isin_strMode5"
"2071.TWO","震南鐵","ESB","鋼鐵工業","mat.Metals_Mining","2026-09-13T09:17:24Z","tw_boards|twse:twse_openapi|tpex:twse_isin_strMode4|esb:twse_isin_strMode5"
"2245.TWO","詠勝昌*","ESB","電機機械","ind.Machinery","2026-09-13T09:17:24Z","tw_boards|twse:twse_openapi|tpex:twse_isin_strMode4|esb:twse_isin_strMode5"
"2249.TWO","湧盛","ESB","電機機械","ind.Machinery","2026-09-13T09:17:24Z","tw_boards|twse:twse_openapi|tpex:twse_isin_strMode4|esb:twse_isin_strMode5"
"2252.TWO","為昇科","ESB","其他電子業","ec.Hardware","2026-09-13T09:17:24Z","tw_boards|twse:twse_openapi|tpex:twse_isin_strMode4|esb:twse_isin_strMode5"
"2255.TWO","凱銳光電","ESB","其他電子業","ec.Hardware","2026-09-13T09:17:24Z","tw_boards|twse:twse_openapi|tpex:twse_isin_strMode4|esb:twse_isin_strMode5"
"2256.TWO","歐特明","ESB","其他電子業","ec.Hardware","2026-09-13T09:17:24Z","tw_boards|twse:twse_openapi|tpex:twse_isin_strMode4|esb:twse_isin_strMode5"
"2644.TWO","中信造船","ESB","航運業","tr.Logistics_Shipping","2026-09-13T09:17:24Z","tw_boards|twse:twse_openapi|tpex:twse_isin_strMode4|esb:twse_isin_strMode5"
"2733.TWO","維格餅家","ESB","觀光餐旅","retail.Brick_Mortar","2026-09-13T09:17:24Z","tw_boards|twse:twse_openapi|tpex:twse_isin_strMode4|esb:twse_isin_strMode5"
"2741.TWO","老四川","ESB","觀光餐旅","retail.Brick_Mortar","2026-09-13T09:17:24Z","tw_boards|twse:twse_openapi|tpex:twse_isin_strMode4|esb:twse_isin_strMode5"
"2758.TWO","路易莎咖啡","ESB","觀光餐旅","retail.Brick_Mortar","2026-09-13T09:17:24Z","tw_boards|twse:twse_openapi|tpex:twse_isin_strMode4|esb:twse_isin_strMode5"
"2760.TWO","巨宇翔","ESB","觀光餐旅","retail.Brick_Mortar","2026-09-13T09:17:24Z","tw_boards|twse:twse_openapi|tpex:twse_isin_strMode4|esb:twse_isin_strMode5"
"2761.TWO","橘焱胡同","ESB","觀光餐旅","retail.Brick_Mortar","2026-09-13T09:17:24Z","tw_boards|twse:twse_openapi|tpex:twse_isin_strMode4|esb:twse_isin_strMode5"
"2938.TWO","床的世界","ESB","居家生活","lab.Unmapped","2026-09-13T09:17:24Z","tw_boards|twse:twse_openapi|tpex:twse_isin_strMode4|esb:twse_isin_strMode5"
"2940.TWO","歐都納","ESB","運動休閒","lab.Unmapped","2026-09-13T09:17:24Z","tw_boards|twse:twse_openapi|tpex:twse_isin_strMode4|esb:twse_isin_strMode5"
"2942.TWO","京站","ESB","居家生活","lab.Unmapped","2026-09-13T09:17:24Z","tw_boards|twse:twse_openapi|tpex:twse_isin_strMode4|esb:twse_isin_strMode5"
"3097.TWO","拍檔","ESB","電腦及週邊設備業","ec.Hardware","2026-09-13T09:17:24Z","tw_boards|twse:twse_openapi|tpex:twse_isin_strMode4|esb:twse_isin_strMode5"
"3117.TWO","年程","ESB","電子零組件業","ec.Hardware","2026-09-13T09:17:24Z","tw_boards|twse:twse_openapi|tpex:twse_isin_strMode4|esb:twse_isin_strMode5"
"3184.TWO","微邦","ESB","生技醫療業","hc.Medtech","2026-09-13T09:17:24Z","tw_boards|twse:twse_openapi|tpex:twse_isin_strMode4|esb:twse_isin_strMode5"
"3194.TWO","圓方科技","ESB","資訊服務業","ec.Hardware","2026-09-13T09:17:24Z","tw_boards|twse:twse_openapi|tpex:twse_isin_strMode4|esb:twse_isin_strMode5"
"3473.TWO","智通聯網","ESB","通信網路業","ec.Hardware","2026-09-13T09:17:24Z","tw_boards|twse:twse_openapi|tpex:twse_isin_strMode4|esb:twse_isin_strMode5"
"3585.TWO","聯致","ESB","電子零組件業","ec.Hardware","2026-09-13T09:17:24Z","tw_boards|twse:twse_openapi|tpex:twse_isin_strMode4|esb:twse_isin_strMode5"
"3595.TWO","山太士","ESB","光電業","ec.Hardware","2026-09-13T09:17:24Z","tw_boards|twse:twse_openapi|tpex:twse_isin_strMode4|esb:twse_isin_strMode5"
"3603.TWO","建祥國際","ESB","電子通路業","lab.Unmapped","2026-09-13T09:17:24Z","tw_boards|twse:twse_openapi|tpex:twse_isin_strMode4|esb:twse_isin_strMode5"
"3633.TWO","云光","ESB","光電業","ec.Hardware","2026-09-13T09:17:24Z","tw_boards|twse:twse_openapi|tpex:twse_isin_strMode4|esb:twse_isin_strMode5"
"3644.TWO","凌嘉科","ESB","半導體業","sc.Foundry","2026-09-13T09:17:24Z","tw_boards|twse:twse_openapi|tpex:twse_isin_strMode4|esb:twse_isin_strMode5"
"3659.TWO","百辰","ESB","光電業","ec.Hardware","2026-09-13T09:17:24Z","tw_boards|twse:twse_openapi|tpex:twse_isin_strMode4|esb:twse_isin_strMode5"
"3678.TWO","聯享","ESB","光電業","ec.Hardware","2026-09-13T09:17:24Z","tw_boards|twse:twse_openapi|tpex:twse_isin_strMode4|esb:twse_isin_strMode5"
"4115.TWO","善德生技","ESB","生技醫療業","hc.Medtech","2026-09-13T09:17:24Z","tw_boards|twse:twse_openapi|tpex:twse_isin_strMode4|esb:twse_isin_strMode5"
"4117.TWO","普生","ESB","生技醫療業","hc.Medtech","2026-09-13T09:17:24Z","tw_boards|twse:twse_openapi|tpex:twse_isin_strMode4|esb:twse_isin_strMode5"
"4170.TWO","鑫品生醫","ESB","生技醫療業","hc.Medtech","2026-09-13T09:17:24Z","tw_boards|twse:twse_openapi|tpex:twse_isin_strMode4|esb:twse_isin_strMode5"
"4172.TWO","因華","ESB","生技醫療業","hc.Medtech","2026-09-13T09:17:24Z","tw_boards|twse:twse_openapi|tpex:twse_isin_strMode4|esb:twse_isin_strMode5"
"4186.TWO","尖端醫","ESB","生技醫療業","hc.Medtech","2026-09-13T09:17:24Z","tw_boards|twse:twse_openapi|tpex:twse_isin_strMode4|esb:twse_isin_strMode5"
"4194.TWO","禾生技","ESB","生技醫療業","hc.Medtech","2026-09-13T09:17:24Z","tw_boards|twse:twse_openapi|tpex:twse_isin_strMode4|esb:twse_isin_strMode5"
"4197.TWO","暐世","ESB","生技醫療業","hc.Medtech","2026-09-13T09:17:24Z","tw_boards|twse:twse_openapi|tpex:twse_isin_strMode4|esb:twse_isin_strMode5"
"4431.TWO","敏成健康","ESB","其他業","lab.Unmapped","2026-09-13T09:17:24Z","tw_boards|twse:twse_openapi|tpex:twse_isin_strMode4|esb:twse_isin_strMode5"
"4537.TWO","旭東","ESB","光電業","ec.Hardware","2026-09-13T09:17:24Z","tw_boards|twse:twse_openapi|tpex:twse_isin_strMode4|esb:twse_isin_strMode5"
"4544.TWO","春日","ESB","電機機械","ind.Machinery","2026-09-13T09:17:24Z","tw_boards|twse:twse_openapi|tpex:twse_isin_strMode4|esb:twse_isin_strMode5"
"4553.TWO","盛復","ESB","電機機械","ind.Machinery","2026-09-13T09:17:24Z","tw_boards|twse:twse_openapi|tpex:twse_isin_strMode4|esb:twse_isin_strMode5"
"4559.TWO","久裕興","ESB","運動休閒","lab.Unmapped","2026-09-13T09:17:24Z","tw_boards|twse:twse_openapi|tpex:twse_isin_strMode4|esb:twse_isin_strMode5"
"4565.TWO","宏偉","ESB","電機機械","ind.Machinery","2026-09-13T09:17:24Z","tw_boards|twse:twse_openapi|tpex:twse_isin_strMode4|esb:twse_isin_strMode5"
"4570.TWO","傑生","ESB","電機機械","ind.Machinery","2026-09-13T09:17:24Z","tw_boards|twse:twse_openapi|tpex:twse_isin_strMode4|esb:twse_isin_strMode5"
"4573.TWO","高明鐵","ESB","電機機械","ind.Machinery","2026-09-13T09:17:24Z","tw_boards|twse:twse_openapi|tpex:twse_isin_strMode4|esb:twse_isin_strMode5"
"4575.TWO","銓寶","ESB","電機機械","ind.Machinery","2026-09-13T09:17:24Z","tw_boards|twse:twse_openapi|tpex:twse_isin_strMode4|esb:twse_isin_strMode5"
"4587.TWO","寶元數控","ESB","電機機械","ind.Machinery","2026-09-13T09:17:24Z","tw_boards|twse:twse_openapi|tpex:twse_isin_strMode4|esb:twse_isin_strMode5"
"4589.TWO","碩陽電機","ESB","電機機械","ind.Machinery","2026-09-13T09:17:24Z","tw_boards|twse:twse_openapi|tpex:twse_isin_strMode4|esb:twse_isin_strMode5"
"4724.TWO","宣捷幹細胞","ESB","生技醫療業","hc.Medtech","2026-09-13T09:17:24Z","tw_boards|twse:twse_openapi|tpex:twse_isin_strMode4|esb:twse_isin_strMode5"
"4732.TWO","彥臣","ESB","生技醫療業","hc.Medtech","2026-09-13T09:17:24Z","tw_boards|twse:twse_openapi|tpex:twse_isin_strMode4|esb:twse_isin_strMode5"
"4738.TWO","大同精化","ESB","化學工業","mat.Chemicals","2026-09-13T09:17:24Z","tw_boards|twse:twse_openapi|tpex:twse_isin_strMode4|esb:twse_isin_strMode5"
"4765.TWO","磐采","ESB","化學工業","mat.Chemicals","2026-09-13T09:17:24Z","tw_boards|twse:twse_openapi|tpex:twse_isin_strMode4|esb:twse_isin_strMode5"
"4925.TWO","智微","ESB","半導體業","sc.Foundry","2026-09-13T09:17:24Z","tw_boards|twse:twse_openapi|tpex:twse_isin_strMode4|esb:twse_isin_strMode5"
"4980.TWO","佐臻","ESB","電子零組件業","ec.Hardware","2026-09-13T09:17:24Z","tw_boards|twse:twse_openapi|tpex:twse_isin_strMode4|esb:twse_isin_strMode5"
"5240.TWO","建騰","ESB","光電業","ec.Hardware","2026-09-13T09:17:24Z","tw_boards|twse:twse_openapi|tpex:twse_isin_strMode4|esb:twse_isin_strMode5"
"5246.TWO","勵威","ESB","半導體業","sc.Foundry","2026-09-13T09:17:24Z","tw_boards|twse:twse_openapi|tpex:twse_isin_strMode4|esb:twse_isin_strMode5"
"5248.TWO","景傳","ESB","光電業","ec.Hardware","2026-09-13T09:17:24Z","tw_boards|twse:twse_openapi|tpex:twse_isin_strMode4|esb:twse_isin_strMode5"
"5254.TWO","欣訊科技","ESB","電子零組件業","ec.Hardware","2026-09-13T09:17:24Z","tw_boards|twse:twse_openapi|tpex:twse_isin_strMode4|esb:twse_isin_strMode5"
"5262.TWO","立達","ESB","半導體業","sc.Foundry","2026-09-13T09:17:24Z","tw_boards|twse:twse_openapi|tpex:twse_isin_strMode4|esb:twse_isin_strMode5"
"5267.TWO","龍翩","ESB","光電業","ec.Hardware","2026-09-13T09:17:24Z","tw_boards|twse:twse_openapi|tpex:twse_isin_strMode4|esb:twse_isin_strMode5"
"5271.TWO","紘通","ESB","電子零組件業","ec.Hardware","2026-09-13T09:17:24Z","tw_boards|twse:twse_openapi|tpex:twse_isin_strMode4|esb:twse_isin_strMode5"
"5297.TWO","廣化","ESB","半導體業","sc.Foundry","2026-09-13T09:17:24Z","tw_boards|twse:twse_openapi|tpex:twse_isin_strMode4|esb:twse_isin_strMode5"
"5859.TWO","遠壽","ESB","金融保險業","fn.Banking","2026-09-13T09:17:24Z","tw_boards|twse:twse_openapi|tpex:twse_isin_strMode4|esb:twse_isin_strMode5"
"5863.TWO","瑞興銀","ESB","金融保險業","fn.Banking","2026-09-13T09:17:24Z","tw_boards|twse:twse_openapi|tpex:twse_isin_strMode4|esb:twse_isin_strMode5"
"6027.TWO","德信","ESB","金融保險業","fn.Banking","2026-09-13T09:17:24Z","tw_boards|twse:twse_openapi|tpex:twse_isin_strMode4|esb:twse_isin_strMode5"
"6035.TWO","悠遊卡","ESB","金融保險業","fn.Banking","2026-09-13T09:17:24Z","tw_boards|twse:twse_openapi|tpex:twse_isin_strMode4|esb:twse_isin_strMode5"
"6407.TWO","相互","ESB","電子零組件業","ec.Hardware","2026-09-13T09:17:24Z","tw_boards|twse:twse_openapi|tpex:twse_isin_strMode4|esb:twse_isin_strMode5"
"6428.TWO","淘米","ESB","文化創意業","media.Entertainment","2026-09-13T09:17:24Z","tw_boards|twse:twse_openapi|tpex:twse_isin_strMode4|esb:twse_isin_strMode5"
"6434.TWO","達輝光電","ESB","光電業","ec.Hardware","2026-09-13T09:17:24Z","tw_boards|twse:twse_openapi|tpex:twse_isin_strMode4|esb:twse_isin_strMode5"
"6467.TWO","泰合","ESB","生技醫療業","hc.Medtech","2026-09-13T09:17:24Z","tw_boards|twse:twse_openapi|tpex:twse_isin_strMode4|esb:twse_isin_strMode5"
"6473.TWO","美賣*","ESB","數位雲端","lab.Unmapped","2026-09-13T09:17:24Z","tw_boards|twse:twse_openapi|tpex:twse_isin_strMode4|esb:twse_isin_strMode5"
"6483.TWO","原創生醫","ESB","生技醫療業","hc.Medtech","2026-09-13T09:17:24Z","tw_boards|twse:twse_openapi|tpex:twse_isin_strMode4|esb:twse_isin_strMode5"
"6493.TWO","雷虎生","ESB","生技醫療業","hc.Medtech","2026-09-13T09:17:24Z","tw_boards|twse:twse_openapi|tpex:twse_isin_strMode4|esb:twse_isin_strMode5"
"6518.TWO","康科特","ESB","生技醫療業","hc.Medtech","2026-09-13T09:17:24Z","tw_boards|twse:twse_openapi|tpex:twse_isin_strMode4|esb:twse_isin_strMode5"
"6536.TWO","碩豐","ESB","資訊服務業","ec.Hardware","2026-09-13T09:17:24Z","tw_boards|twse:twse_openapi|tpex:twse_isin_strMode4|esb:twse_isin_strMode5"
"6539.TWO","麗彤","ESB","生技醫療業","hc.Medtech","2026-09-13T09:17:24Z","tw_boards|twse:twse_openapi|tpex:twse_isin_strMode4|esb:twse_isin_strMode5"
"6543.TWO","普惠醫工","ESB","生技醫療業","hc.Medtech","2026-09-13T09:17:24Z","tw_boards|twse:twse_openapi|tpex:twse_isin_strMode4|esb:twse_isin_strMode5"
"6549.TWO","景凱","ESB","生技醫療業","hc.Medtech","2026-09-13T09:17:24Z","tw_boards|twse:twse_openapi|tpex:twse_isin_strMode4|esb:twse_isin_strMode5"
"6555.TWO","榮炭","ESB","電子零組件業","ec.Hardware","2026-09-13T09:17:24Z","tw_boards|twse:twse_openapi|tpex:twse_isin_strMode4|esb:twse_isin_strMode5"
"6559.TWO","研晶","ESB","光電業","ec.Hardware","2026-09-13T09:17:24Z","tw_boards|twse:twse_openapi|tpex:twse_isin_strMode4|esb:twse_isin_strMode5"
"6563.TWO","映智","ESB","半導體業","sc.Foundry","2026-09-13T09:17:24Z","tw_boards|twse:twse_openapi|tpex:twse_isin_strMode4|esb:twse_isin_strMode5"
"6564.TWO","安特羅","ESB","生技醫療業","hc.Medtech","2026-09-13T09:17:24Z","tw_boards|twse:twse_openapi|tpex:twse_isin_strMode4|esb:twse_isin_strMode5"
"6565.TWO","物聯","ESB","數位雲端","lab.Unmapped","2026-09-13T09:17:24Z","tw_boards|twse:twse_openapi|tpex:twse_isin_strMode4|esb:twse_isin_strMode5"
"6572.TWO","博錸","ESB","生技醫療業","hc.Medtech","2026-09-13T09:17:24Z","tw_boards|twse:twse_openapi|tpex:twse_isin_strMode4|esb:twse_isin_strMode5"
"6580.TWO","台睿","ESB","生技醫療業","hc.Medtech","2026-09-13T09:17:24Z","tw_boards|twse:twse_openapi|tpex:twse_isin_strMode4|esb:twse_isin_strMode5"
"6583.TWO","友松","ESB","文化創意業","media.Entertainment","2026-09-13T09:17:24Z","tw_boards|twse:twse_openapi|tpex:twse_isin_strMode4|esb:twse_isin_strMode5"
"6586.TWO","醣基","ESB","生技醫療業","hc.Medtech","2026-09-13T09:17:24Z","tw_boards|twse:twse_openapi|tpex:twse_isin_strMode4|esb:twse_isin_strMode5"
"6595.TWO","光禹國際","ESB","文化創意業","media.Entertainment","2026-09-13T09:17:24Z","tw_boards|twse:twse_openapi|tpex:twse_isin_strMode4|esb:twse_isin_strMode5"
"6599.TWO","普達系統","ESB","電腦及週邊設備業","ec.Hardware","2026-09-13T09:17:24Z","tw_boards|twse:twse_openapi|tpex:twse_isin_strMode4|esb:twse_isin_strMode5"
"6604.TWO","儒億","ESB","電機機械","ind.Machinery","2026-09-13T09:17:24Z","tw_boards|twse:twse_openapi|tpex:twse_isin_strMode4|esb:twse_isin_strMode5"
"6610.TWO","安成生技","ESB","生技醫療業","hc.Medtech","2026-09-13T09:17:24Z","tw_boards|twse:twse_openapi|tpex:twse_isin_strMode4|esb:twse_isin_strMode5"
"6618.TWO","永虹先進","ESB","化學工業","mat.Chemicals","2026-09-13T09:17:24Z","tw_boards|twse:twse_openapi|tpex:twse_isin_strMode4|esb:twse_isin_strMode5"
"6621.TWO","華宇藥","ESB","生技醫療業","hc.Medtech","2026-09-13T09:17:24Z","tw_boards|twse:twse_openapi|tpex:twse_isin_strMode4|esb:twse_isin_strMode5"
"6622.TWO","百聿數碼","ESB","文化創意業","media.Entertainment","2026-09-13T09:17:24Z","tw_boards|twse:twse_openapi|tpex:twse_isin_strMode4|esb:twse_isin_strMode5"
"6634.TWO","欣耀","ESB","生技醫療業","hc.Medtech","2026-09-13T09:17:24Z","tw_boards|twse:twse_openapi|tpex:twse_isin_strMode4|esb:twse_isin_strMode5"
"6638.TWO","沅聖","ESB","電腦及週邊設備業","ec.Hardware","2026-09-13T09:17:24Z","tw_boards|twse:twse_openapi|tpex:twse_isin_strMode4|esb:twse_isin_strMode5"
"6639.TWO","源大環能","ESB","油電燃氣業","en.Utilities","2026-09-13T09:17:24Z","tw_boards|twse:twse_openapi|tpex:twse_isin_strMode4|esb:twse_isin_strMode5"
"6648.TWO","斯其大","ESB","其他電子業","ec.Hardware","2026-09-13T09:17:24Z","tw_boards|twse:twse_openapi|tpex:twse_isin_strMode4|esb:twse_isin_strMode5"
"6650.TWO","帝圖","ESB","文化創意業","media.Entertainment","2026-09-13T09:17:24Z","tw_boards|twse:twse_openapi|tpex:twse_isin_strMode4|esb:twse_isin_strMode5"
"6659.TWO","天明製藥","ESB","生技醫療業","hc.Medtech","2026-09-13T09:17:24Z","tw_boards|twse:twse_openapi|tpex:twse_isin_strMode4|esb:twse_isin_strMode5"
"6665.TWO","康聯生醫","ESB","生技醫療業","hc.Medtech","2026-09-13T09:17:24Z","tw_boards|twse:twse_openapi|tpex:twse_isin_strMode4|esb:twse_isin_strMode5"
"6673.TWO","和詮","ESB","光電業","ec.Hardware","2026-09-13T09:17:24Z","tw_boards|twse:twse_openapi|tpex:twse_isin_strMode4|esb:twse_isin_strMode5"
"6676.TWO","祥翊","ESB","生技醫療業","hc.Medtech","2026-09-13T09:17:24Z","tw_boards|twse:twse_openapi|tpex:twse_isin_strMode4|esb:twse_isin_strMode5"
"6677.TWO","瑩碩生技","ESB","生技醫療業","hc.Medtech","2026-09-13T09:17:24Z","tw_boards|twse:twse_openapi|tpex:twse_isin_strMode4|esb:twse_isin_strMode5"
"6682.TWO","華旭先進","ESB","光電業","ec.Hardware","2026-09-13T09:17:24Z","tw_boards|twse:twse_openapi|tpex:twse_isin_strMode4|esb:twse_isin_strMode5"
"6696.TWO","仁新*","ESB","生技醫療業","hc.Medtech","2026-09-13T09:17:24Z","tw_boards|twse:twse_openapi|tpex:twse_isin_strMode4|esb:twse_isin_strMode5"
"6704.TWO","國璽幹細胞","ESB","生技醫療業","hc.Medtech","2026-09-13T09:17:24Z","tw_boards|twse:twse_openapi|tpex:twse_isin_strMode4|esb:twse_isin_strMode5"
"6705.TWO","振躍精密","ESB","電機機械","ind.Machinery","2026-09-13T09:17:24Z","tw_boards|twse:twse_openapi|tpex:twse_isin_strMode4|esb:twse_isin_strMode5"
"6707.TWO","富基電通","ESB","電子通路業","lab.Unmapped","2026-09-13T09:17:24Z","tw_boards|twse:twse_openapi|tpex:twse_isin_strMode4|esb:twse_isin_strMode5"
"6709.TWO","昱厚生技","ESB","生技醫療業","hc.Medtech","2026-09-13T09:17:24Z","tw_boards|twse:twse_openapi|tpex:twse_isin_strMode4|esb:twse_isin_strMode5"
"6723.TWO","傑智環境","ESB","綠能環保","lab.Unmapped","2026-09-13T09:17:24Z","tw_boards|twse:twse_openapi|tpex:twse_isin_strMode4|esb:twse_isin_strMode5"
"6729.TWO","機光科技","ESB","光電業","ec.Hardware","2026-09-13T09:17:24Z","tw_boards|twse:twse_openapi|tpex:twse_isin_strMode4|esb:twse_isin_strMode5"
"6734.TWO","安盛生","ESB","生技醫療業","hc.Medtech","2026-09-13T09:17:24Z","tw_boards|twse:twse_openapi|tpex:twse_isin_strMode4|esb:twse_isin_strMode5"
"6737.TWO","秀育","ESB","電腦及週邊設備業","ec.Hardware","2026-09-13T09:17:24Z","tw_boards|twse:twse_openapi|tpex:twse_isin_strMode4|esb:twse_isin_strMode5"
"6738.TWO","鼎恒","ESB","資訊服務業","ec.Hardware","2026-09-13T09:17:24Z","tw_boards|twse:twse_openapi|tpex:twse_isin_strMode4|esb:twse_isin_strMode5"
"6744.TWO","豐技生技","ESB","生技醫療業","hc.Medtech","2026-09-13T09:17:24Z","tw_boards|twse:twse_openapi|tpex:twse_isin_strMode4|esb:twse_isin_strMode5"
"6748.TWO","亞果生醫","ESB","生技醫療業","hc.Medtech","2026-09-13T09:17:24Z","tw_boards|twse:twse_openapi|tpex:twse_isin_strMode4|esb:twse_isin_strMode5"
"6750.TWO","泰創工程","ESB","其他電子業","ec.Hardware","2026-09-13T09:17:24Z","tw_boards|twse:twse_openapi|tpex:twse_isin_strMode4|esb:twse_isin_strMode5"
"6755.TWO","連鋐科技","ESB","電子零組件業","ec.Hardware","2026-09-13T09:17:24Z","tw_boards|twse:twse_openapi|tpex:twse_isin_strMode4|esb:twse_isin_strMode5"
"6758.TWO","冠亞","ESB","生技醫療業","hc.Medtech","2026-09-13T09:17:24Z","tw_boards|twse:twse_openapi|tpex:twse_isin_strMode4|esb:twse_isin_strMode5"
"6775.TWO","穎台科技","ESB","光電業","ec.Hardware","2026-09-13T09:17:24Z","tw_boards|twse:twse_openapi|tpex:twse_isin_strMode4|esb:twse_isin_strMode5"
"6780.TWO","學習王","ESB","文化創意業","media.Entertainment","2026-09-13T09:17:24Z","tw_boards|twse:twse_openapi|tpex:twse_isin_strMode4|esb:twse_isin_strMode5"
"6784.TWO","天凱科技","ESB","通信網路業","ec.Hardware","2026-09-13T09:17:24Z","tw_boards|twse:twse_openapi|tpex:twse_isin_strMode4|esb:twse_isin_strMode5"
"6786.TWO","芯測","ESB","半導體業","sc.Foundry","2026-09-13T09:17:24Z","tw_boards|twse:twse_openapi|tpex:twse_isin_strMode4|esb:twse_isin_strMode5"
"6787.TWO","晶瑞光","ESB","光電業","ec.Hardware","2026-09-13T09:17:24Z","tw_boards|twse:twse_openapi|tpex:twse_isin_strMode4|esb:twse_isin_strMode5"
"6793.TWO","天力離岸","ESB","其他業","lab.Unmapped","2026-09-13T09:17:24Z","tw_boards|twse:twse_openapi|tpex:twse_isin_strMode4|esb:twse_isin_strMode5"
"6797.TWO","圓點奈米","ESB","生技醫療業","hc.Medtech","2026-09-13T09:17:24Z","tw_boards|twse:twse_openapi|tpex:twse_isin_strMode4|esb:twse_isin_strMode5"
"6798.TWO","展逸","ESB","運動休閒","lab.Unmapped","2026-09-13T09:17:24Z","tw_boards|twse:twse_openapi|tpex:twse_isin_strMode4|esb:twse_isin_strMode5"
"6808.TWO","三鼎生技","ESB","生技醫療業","hc.Medtech","2026-09-13T09:17:24Z","tw_boards|twse:twse_openapi|tpex:twse_isin_strMode4|esb:twse_isin_strMode5"
"6810.TWO","新穎生醫","ESB","生技醫療業","hc.Medtech","2026-09-13T09:17:24Z","tw_boards|twse:twse_openapi|tpex:twse_isin_strMode4|esb:twse_isin_strMode5"
"6812.TWO","梭特","ESB","光電業","ec.Hardware","2026-09-13T09:17:24Z","tw_boards|twse:twse_openapi|tpex:twse_isin_strMode4|esb:twse_isin_strMode5"
"6814.TWO","路迦生醫","ESB","生技醫療業","hc.Medtech","2026-09-13T09:17:24Z","tw_boards|twse:twse_openapi|tpex:twse_isin_strMode4|esb:twse_isin_strMode5"
"6815.TWO","晶鑽生醫","ESB","生技醫療業","hc.Medtech","2026-09-13T09:17:24Z","tw_boards|twse:twse_openapi|tpex:twse_isin_strMode4|esb:twse_isin_strMode5"
"6816.TWO","捷智商訊","ESB","資訊服務業","ec.Hardware","2026-09-13T09:17:24Z","tw_boards|twse:twse_openapi|tpex:twse_isin_strMode4|esb:twse_isin_strMode5"
"6817.TWO","溫士頓","ESB","生技醫療業","hc.Medtech","2026-09-13T09:17:24Z","tw_boards|twse:twse_openapi|tpex:twse_isin_strMode4|esb:twse_isin_strMode5"
"6818.TWO","連騰","ESB","通信網路業","ec.Hardware","2026-09-13T09:17:24Z","tw_boards|twse:twse_openapi|tpex:twse_isin_strMode4|esb:twse_isin_strMode5"
"6819.TWO","眾智","ESB","半導體業","sc.Foundry","2026-09-13T09:17:24Z","tw_boards|twse:twse_openapi|tpex:twse_isin_strMode4|esb:twse_isin_strMode5"
"6820.TWO","連訊","ESB","通信網路業","ec.Hardware","2026-09-13T09:17:24Z","tw_boards|twse:twse_openapi|tpex:twse_isin_strMode4|esb:twse_isin_strMode5"
"6825.TWO","和暢科技","ESB","電腦及週邊設備業","ec.Hardware","2026-09-13T09:17:24Z","tw_boards|twse:twse_openapi|tpex:twse_isin_strMode4|esb:twse_isin_strMode5"
"6826.TWO","和淞","ESB","其他電子業","ec.Hardware","2026-09-13T09:17:24Z","tw_boards|twse:twse_openapi|tpex:twse_isin_strMode4|esb:twse_isin_strMode5"
"6827.TWO","巨生醫","ESB","生技醫療業","hc.Medtech","2026-09-13T09:17:24Z","tw_boards|twse:twse_openapi|tpex:twse_isin_strMode4|esb:twse_isin_strMode5"
"6832.TWO","金鼎科","ESB","其他業","lab.Unmapped","2026-09-13T09:17:24Z","tw_boards|twse:twse_openapi|tpex:twse_isin_strMode4|esb:twse_isin_strMode5"
"6833.TWO","太康精密","ESB","電子零組件業","ec.Hardware","2026-09-13T09:17:24Z","tw_boards|twse:twse_openapi|tpex:twse_isin_strMode4|esb:twse_isin_strMode5"
"6839.TWO","開陽能源","ESB","綠能環保","lab.Unmapped","2026-09-13T09:17:24Z","tw_boards|twse:twse_openapi|tpex:twse_isin_strMode4|esb:twse_isin_strMode5"
"6842.TWO","瑞宇","ESB","半導體業","sc.Foundry","2026-09-13T09:17:24Z","tw_boards|twse:twse_openapi|tpex:twse_isin_strMode4|esb:twse_isin_strMode5"
"6847.TWO","普瑞博","ESB","生技醫療業","hc.Medtech","2026-09-13T09:17:24Z","tw_boards|twse:twse_openapi|tpex:twse_isin_strMode4|esb:twse_isin_strMode5"
"6848.TWO","拉法醫","ESB","生技醫療業","hc.Medtech","2026-09-13T09:17:24Z","tw_boards|twse:twse_openapi|tpex:twse_isin_strMode4|esb:twse_isin_strMode5"
"6849.TWO","奇鼎科技","ESB","其他電子業","ec.Hardware","2026-09-13T09:17:24Z","tw_boards|twse:twse_openapi|tpex:twse_isin_strMode4|esb:twse_isin_strMode5"
"6850.TWO","光鼎生技","ESB","生技醫療業","hc.Medtech","2026-09-13T09:17:24Z","tw_boards|twse:twse_openapi|tpex:twse_isin_strMode4|esb:twse_isin_strMode5"
"6857.TWO","宏碁智醫","ESB","生技醫療業","hc.Medtech","2026-09-13T09:17:24Z","tw_boards|twse:twse_openapi|tpex:twse_isin_strMode4|esb:twse_isin_strMode5"
"6858.TWO","愛比科技","ESB","電腦及週邊設備業","ec.Hardware","2026-09-13T09:17:24Z","tw_boards|twse:twse_openapi|tpex:twse_isin_strMode4|esb:twse_isin_strMode5"
"6864.TWO","元樟生技","ESB","生技醫療業","hc.Medtech","2026-09-13T09:17:24Z","tw_boards|twse:twse_openapi|tpex:twse_isin_strMode4|esb:twse_isin_strMode5"
"6867.TWO","坦德科技","ESB","光電業","ec.Hardware","2026-09-13T09:17:24Z","tw_boards|twse:twse_openapi|tpex:twse_isin_strMode4|esb:twse_isin_strMode5"
"6868.TWO","采威國際","ESB","資訊服務業","ec.Hardware","2026-09-13T09:17:24Z","tw_boards|twse:twse_openapi|tpex:twse_isin_strMode4|esb:twse_isin_strMode5"
"6876.TWO","朗齊生醫*","ESB","生技醫療業","hc.Medtech","2026-09-13T09:17:24Z","tw_boards|twse:twse_openapi|tpex:twse_isin_strMode4|esb:twse_isin_strMode5"
"6878.TWO","歐付寶","ESB","金融保險業","fn.Banking","2026-09-13T09:17:24Z","tw_boards|twse:twse_openapi|tpex:twse_isin_strMode4|esb:twse_isin_strMode5"
"6879.TWO","大江基因","ESB","生技醫療業","hc.Medtech","2026-09-13T09:17:24Z","tw_boards|twse:twse_openapi|tpex:twse_isin_strMode4|esb:twse_isin_strMode5"
"6882.TWO","甲尚","ESB","資訊服務業","ec.Hardware","2026-09-13T09:17:24Z","tw_boards|twse:twse_openapi|tpex:twse_isin_strMode4|esb:twse_isin_strMode5"
"6886.TWO","遠東生技","ESB","食品工業","fmcg.Food_Beverages","2026-09-13T09:17:24Z","tw_boards|twse:twse_openapi|tpex:twse_isin_strMode4|esb:twse_isin_strMode5"
"6891.TWO","樂迦再生","ESB","生技醫療業","hc.Medtech","2026-09-13T09:17:24Z","tw_boards|twse:twse_openapi|tpex:twse_isin_strMode4|esb:twse_isin_strMode5"
"6892.TWO","台寶生醫","ESB","生技醫療業","hc.Medtech","2026-09-13T09:17:24Z","tw_boards|twse:twse_openapi|tpex:twse_isin_strMode4|esb:twse_isin_strMode5"
"6898.TWO","程曦資訊","ESB","資訊服務業","ec.Hardware","2026-09-13T09:17:24Z","tw_boards|twse:twse_openapi|tpex:twse_isin_strMode4|esb:twse_isin_strMode5"
"6911.TWO","群運","ESB","其他業","lab.Unmapped","2026-09-13T09:17:24Z","tw_boards|twse:twse_openapi|tpex:twse_isin_strMode4|esb:twse_isin_strMode5"
"6912.TWO","益鈞環科*","ESB","綠能環保","lab.Unmapped","2026-09-13T09:17:24Z","tw_boards|twse:twse_openapi|tpex:twse_isin_strMode4|esb:twse_isin_strMode5"
"6915.TWO","美強光","ESB","電子零組件業","ec.Hardware","2026-09-13T09:17:24Z","tw_boards|twse:twse_openapi|tpex:twse_isin_strMode4|esb:twse_isin_strMode5"
"6917.TWO","竟天","ESB","生技醫療業","hc.Medtech","2026-09-13T09:17:24Z","tw_boards|twse:twse_openapi|tpex:twse_isin_strMode4|esb:twse_isin_strMode5"
"6920.TWO","恆勁科技","ESB","半導體業","sc.Foundry","2026-09-13T09:17:24Z","tw_boards|twse:twse_openapi|tpex:twse_isin_strMode4|esb:twse_isin_strMode5"
"6926.TWO","聖安生醫","ESB","生技醫療業","hc.Medtech","2026-09-13T09:17:24Z","tw_boards|twse:twse_openapi|tpex:twse_isin_strMode4|esb:twse_isin_strMode5"
"6927.TWO","聯合聚晶","ESB","半導體業","sc.Foundry","2026-09-13T09:17:24Z","tw_boards|twse:twse_openapi|tpex:twse_isin_strMode4|esb:twse_isin_strMode5"
"6932.TWO","水星生醫*","ESB","生技醫療業","hc.Medtech","2026-09-13T09:17:24Z","tw_boards|twse:twse_openapi|tpex:twse_isin_strMode4|esb:twse_isin_strMode5"
"6935.TWO","王子製藥","ESB","食品工業","fmcg.Food_Beverages","2026-09-13T09:17:24Z","tw_boards|twse:twse_openapi|tpex:twse_isin_strMode4|esb:twse_isin_strMode5"
"6938.TWO","藍新資訊","ESB","資訊服務業","ec.Hardware","2026-09-13T09:17:24Z","tw_boards|twse:twse_openapi|tpex:twse_isin_strMode4|esb:twse_isin_strMode5"
"6939.TWO","啟弘生技","ESB","生技醫療業","hc.Medtech","2026-09-13T09:17:24Z","tw_boards|twse:twse_openapi|tpex:twse_isin_strMode4|esb:twse_isin_strMode5"
"6940.TWO","格斯科技*","ESB","電子零組件業","ec.Hardware","2026-09-13T09:17:24Z","tw_boards|twse:twse_openapi|tpex:twse_isin_strMode4|esb:twse_isin_strMode5"
"6946.TWO","三地能源","ESB","綠能環保","lab.Unmapped","2026-09-13T09:17:24Z","tw_boards|twse:twse_openapi|tpex:twse_isin_strMode4|esb:twse_isin_strMode5"
"6950.TWO","科科科技-KY","ESB","數位雲端","lab.Unmapped","2026-09-13T09:17:24Z","tw_boards|twse:twse_openapi|tpex:twse_isin_strMode4|esb:twse_isin_strMode5"
"6959.TWO","兆捷科技","ESB","化學工業","mat.Chemicals","2026-09-13T09:17:24Z","tw_boards|twse:twse_openapi|tpex:twse_isin_strMode4|esb:twse_isin_strMode5"
"6963.TWO","品元","ESB","食品工業","fmcg.Food_Beverages","2026-09-13T09:17:24Z","tw_boards|twse:twse_openapi|tpex:twse_isin_strMode4|esb:twse_isin_strMode5"
"6972.TWO","博瑞達應材","ESB","化學工業","mat.Chemicals","2026-09-13T09:17:24Z","tw_boards|twse:twse_openapi|tpex:twse_isin_strMode4|esb:twse_isin_strMode5"
"6973.TWO","永立榮","ESB","生技醫療業","hc.Medtech","2026-09-13T09:17:24Z","tw_boards|twse:twse_openapi|tpex:twse_isin_strMode4|esb:twse_isin_strMode5"
"6976.TWO","育世博-KY","ESB","生技醫療業","hc.Medtech","2026-09-13T09:17:24Z","tw_boards|twse:twse_openapi|tpex:twse_isin_strMode4|esb:twse_isin_strMode5"
"6977.TWO","聯純","ESB","綠能環保","lab.Unmapped","2026-09-13T09:17:24Z","tw_boards|twse:twse_openapi|tpex:twse_isin_strMode4|esb:twse_isin_strMode5"
"6979.TWO","勝釩","ESB","光電業","ec.Hardware","2026-09-13T09:17:24Z","tw_boards|twse:twse_openapi|tpex:twse_isin_strMode4|esb:twse_isin_strMode5"
"6980.TWO","鐳洋科技","ESB","通信網路業","ec.Hardware","2026-09-13T09:17:24Z","tw_boards|twse:twse_openapi|tpex:twse_isin_strMode4|esb:twse_isin_strMode5"
"6984.TWO","ACPAY","ESB","數位雲端","lab.Unmapped","2026-09-13T09:17:24Z","tw_boards|twse:twse_openapi|tpex:twse_isin_strMode4|esb:twse_isin_strMode5"
"6987.TWO","寶晶能源*","ESB","綠能環保","lab.Unmapped","2026-09-13T09:17:24Z","tw_boards|twse:twse_openapi|tpex:twse_isin_strMode4|esb:twse_isin_strMode5"
"6990.TWO","華鉬","ESB","綠能環保","lab.Unmapped","2026-09-13T09:17:24Z","tw_boards|twse:twse_openapi|tpex:twse_isin_strMode4|esb:twse_isin_strMode5"
"6992.TWO","萬勝發科技","ESB","半導體業","sc.Foundry","2026-09-13T09:17:24Z","tw_boards|twse:twse_openapi|tpex:twse_isin_strMode4|esb:twse_isin_strMode5"
"6995.TWO","野獸國","ESB","其他業","lab.Unmapped","2026-09-13T09:17:24Z","tw_boards|twse:twse_openapi|tpex:twse_isin_strMode4|esb:twse_isin_strMode5"
"6999.TWO","瀚醫生技","ESB","生技醫療業","hc.Medtech","2026-09-13T09:17:24Z","tw_boards|twse:twse_openapi|tpex:twse_isin_strMode4|esb:twse_isin_strMode5"
"7415.TWO","元澄半導體","ESB","半導體業","sc.Foundry","2026-09-13T09:17:24Z","tw_boards|twse:twse_openapi|tpex:twse_isin_strMode4|esb:twse_isin_strMode5"
"7418.TWO","香繼光","ESB","觀光餐旅","retail.Brick_Mortar","2026-09-13T09:17:24Z","tw_boards|twse:twse_openapi|tpex:twse_isin_strMode4|esb:twse_isin_strMode5"
"7419.TWO","達勝","ESB","電子零組件業","ec.Hardware","2026-09-13T09:17:24Z","tw_boards|twse:twse_openapi|tpex:twse_isin_strMode4|esb:twse_isin_strMode5"
"7422.TWO","鴻林堂","ESB","生技醫療業","hc.Medtech","2026-09-13T09:17:24Z","tw_boards|twse:twse_openapi|tpex:twse_isin_strMode4|esb:twse_isin_strMode5"
"7427.TWO","華上生醫","ESB","生技醫療業","hc.Medtech","2026-09-13T09:17:24Z","tw_boards|twse:twse_openapi|tpex:twse_isin_strMode4|esb:twse_isin_strMode5"
"7443.TWO","凡事康","ESB","其他業","lab.Unmapped","2026-09-13T09:17:24Z","tw_boards|twse:twse_openapi|tpex:twse_isin_strMode4|esb:twse_isin_strMode5"
"7455.TWO","樺緯物聯","ESB","電腦及週邊設備業","ec.Hardware","2026-09-13T09:17:24Z","tw_boards|twse:twse_openapi|tpex:twse_isin_strMode4|esb:twse_isin_strMode5"
"7507.TWO","環拓科技","ESB","綠能環保","lab.Unmapped","2026-09-13T09:17:24Z","tw_boards|twse:twse_openapi|tpex:twse_isin_strMode4|esb:twse_isin_strMode5"
"7516.TWO","清淨海","ESB","其他業","lab.Unmapped","2026-09-13T09:17:24Z","tw_boards|twse:twse_openapi|tpex:twse_isin_strMode4|esb:twse_isin_strMode5"
"7530.TWO","鋒魁科技","ESB","半導體業","sc.Foundry","2026-09-13T09:17:24Z","tw_boards|twse:twse_openapi|tpex:twse_isin_strMode4|esb:twse_isin_strMode5"
"7551.TWO","知識科技","ESB","數位雲端","lab.Unmapped","2026-09-13T09:17:24Z","tw_boards|twse:twse_openapi|tpex:twse_isin_strMode4|esb:twse_isin_strMode5"
"7558.TWO","群利","ESB","其他業","lab.Unmapped","2026-09-13T09:17:24Z","tw_boards|twse:twse_openapi|tpex:twse_isin_strMode4|esb:twse_isin_strMode5"
"7561.TWO","光晟生技","ESB","生技醫療業","hc.Medtech","2026-09-13T09:17:24Z","tw_boards|twse:twse_openapi|tpex:twse_isin_strMode4|esb:twse_isin_strMode5"
"7562.TWO","博來科技","ESB","電腦及週邊設備業","ec.Hardware","2026-09-13T09:17:24Z","tw_boards|twse:twse_openapi|tpex:twse_isin_strMode4|esb:twse_isin_strMode5"
"7566.TWO","亞果遊艇","ESB","觀光餐旅","retail.Brick_Mortar","2026-09-13T09:17:24Z","tw_boards|twse:twse_openapi|tpex:twse_isin_strMode4|esb:twse_isin_strMode5"
"7578.TWO","利百景","ESB","其他業","lab.Unmapped","2026-09-13T09:17:24Z","tw_boards|twse:twse_openapi|tpex:twse_isin_strMode4|esb:twse_isin_strMode5"
"7583.TWO","國際海洋","ESB","綠能環保","lab.Unmapped","2026-09-13T09:17:24Z","tw_boards|twse:twse_openapi|tpex:twse_isin_strMode4|esb:twse_isin_strMode5"
"7590.TWO","怡和國際","ESB","其他業","lab.Unmapped","2026-09-13T09:17:24Z","tw_boards|twse:twse_openapi|tpex:twse_isin_strMode4|esb:twse_isin_strMode5"
"7595.TWO","世基生醫","ESB","生技醫療業","hc.Medtech","2026-09-13T09:17:24Z","tw_boards|twse:twse_openapi|tpex:twse_isin_strMode4|esb:twse_isin_strMode5"
"7607.TWO","通用幹細胞*","ESB","生技醫療業","hc.Medtech","2026-09-13T09:17:24Z","tw_boards|twse:twse_openapi|tpex:twse_isin_strMode4|esb:twse_isin_strMode5"
"7669.TWO","碩正科技","ESB","半導體業","sc.Foundry","2026-09-13T09:17:24Z","tw_boards|twse:twse_openapi|tpex:twse_isin_strMode4|esb:twse_isin_strMode5"
"7686.TWO","捷立康","ESB","生技醫療業","hc.Medtech","2026-09-13T09:17:24Z","tw_boards|twse:twse_openapi|tpex:twse_isin_strMode4|esb:twse_isin_strMode5"
"7702.TWO","前端風電","ESB","綠能環保","lab.Unmapped","2026-09-13T09:17:24Z","tw_boards|twse:twse_openapi|tpex:twse_isin_strMode4|esb:twse_isin_strMode5"
"7706.TWO","宏碁創達","ESB","其他業","lab.Unmapped","2026-09-13T09:17:24Z","tw_boards|twse:twse_openapi|tpex:twse_isin_strMode4|esb:twse_isin_strMode5"
"7707.TWO","益芯科","ESB","半導體業","sc.Foundry","2026-09-13T09:17:24Z","tw_boards|twse:twse_openapi|tpex:twse_isin_strMode4|esb:twse_isin_strMode5"
"7710.TWO","東擎科技","ESB","電腦及週邊設備業","ec.Hardware","2026-09-13T09:17:24Z","tw_boards|twse:twse_openapi|tpex:twse_isin_strMode4|esb:twse_isin_strMode5"
"7719.TWO","碳基","ESB","其他業","lab.Unmapped","2026-09-13T09:17:24Z","tw_boards|twse:twse_openapi|tpex:twse_isin_strMode4|esb:twse_isin_strMode5"
"7724.TWO","諾亞克","ESB","生技醫療業","hc.Medtech","2026-09-13T09:17:24Z","tw_boards|twse:twse_openapi|tpex:twse_isin_strMode4|esb:twse_isin_strMode5"
"7725.TWO","列特博","ESB","生技醫療業","hc.Medtech","2026-09-13T09:17:24Z","tw_boards|twse:twse_openapi|tpex:twse_isin_strMode4|esb:twse_isin_strMode5"
"7726.TWO","暄達","ESB","生技醫療業","hc.Medtech","2026-09-13T09:17:24Z","tw_boards|twse:twse_openapi|tpex:twse_isin_strMode4|esb:twse_isin_strMode5"
"7729.TWO","仲恩生醫","ESB","生技醫療業","hc.Medtech","2026-09-13T09:17:24Z","tw_boards|twse:twse_openapi|tpex:twse_isin_strMode4|esb:twse_isin_strMode5"
"7731.TWO","火星生技*","ESB","食品工業","fmcg.Food_Beverages","2026-09-13T09:17:24Z","tw_boards|twse:twse_openapi|tpex:twse_isin_strMode4|esb:twse_isin_strMode5"
"7735.TWO","台智雲","ESB","資訊服務業","ec.Hardware","2026-09-13T09:17:24Z","tw_boards|twse:twse_openapi|tpex:twse_isin_strMode4|esb:twse_isin_strMode5"
"7737.TWO","凱鈿","ESB","數位雲端","lab.Unmapped","2026-09-13T09:17:24Z","tw_boards|twse:twse_openapi|tpex:twse_isin_strMode4|esb:twse_isin_strMode5"
"7742.TWO","天弘化","ESB","化學工業","mat.Chemicals","2026-09-13T09:17:24Z","tw_boards|twse:twse_openapi|tpex:twse_isin_strMode4|esb:twse_isin_strMode5"
"7745.TWO","紅陽","ESB","數位雲端","lab.Unmapped","2026-09-13T09:17:24Z","tw_boards|twse:twse_openapi|tpex:twse_isin_strMode4|esb:twse_isin_strMode5"
"7748.TWO","鑫囍創業","ESB","其他業","lab.Unmapped","2026-09-13T09:17:24Z","tw_boards|twse:twse_openapi|tpex:twse_isin_strMode4|esb:twse_isin_strMode5"
"7752.TWO","世紀樺欣","ESB","綠能環保","lab.Unmapped","2026-09-13T09:17:24Z","tw_boards|twse:twse_openapi|tpex:twse_isin_strMode4|esb:twse_isin_strMode5"
"7754.TWO","安基生技","ESB","生技醫療業","hc.Medtech","2026-09-13T09:17:24Z","tw_boards|twse:twse_openapi|tpex:twse_isin_strMode4|esb:twse_isin_strMode5"
"7756.TWO","多那之","ESB","觀光餐旅","retail.Brick_Mortar","2026-09-13T09:17:24Z","tw_boards|twse:twse_openapi|tpex:twse_isin_strMode4|esb:twse_isin_strMode5"
"7758.TWO","睿騰能源","ESB","電子零組件業","ec.Hardware","2026-09-13T09:17:24Z","tw_boards|twse:twse_openapi|tpex:twse_isin_strMode4|esb:twse_isin_strMode5"
"7759.TWO","視航生醫","ESB","生技醫療業","hc.Medtech","2026-09-13T09:17:24Z","tw_boards|twse:twse_openapi|tpex:twse_isin_strMode4|esb:twse_isin_strMode5"
"7761.TWO","三大未來","ESB","綠能環保","lab.Unmapped","2026-09-13T09:17:24Z","tw_boards|twse:twse_openapi|tpex:twse_isin_strMode4|esb:twse_isin_strMode5"
"7762.TWO","吉晟生","ESB","生技醫療業","hc.Medtech","2026-09-13T09:17:24Z","tw_boards|twse:twse_openapi|tpex:twse_isin_strMode4|esb:twse_isin_strMode5"
"7763.TWO","崇舜","ESB","化學工業","mat.Chemicals","2026-09-13T09:17:24Z","tw_boards|twse:twse_openapi|tpex:twse_isin_strMode4|esb:twse_isin_strMode5"
"7764.TWO","聖州","ESB","其他業","lab.Unmapped","2026-09-13T09:17:24Z","tw_boards|twse:twse_openapi|tpex:twse_isin_strMode4|esb:twse_isin_strMode5"
"7771.TWO","綠基","ESB","光電業","ec.Hardware","2026-09-13T09:17:24Z","tw_boards|twse:twse_openapi|tpex:twse_isin_strMode4|esb:twse_isin_strMode5"
"7773.TWO","富禾生醫","ESB","生技醫療業","hc.Medtech","2026-09-13T09:17:24Z","tw_boards|twse:twse_openapi|tpex:twse_isin_strMode4|esb:twse_isin_strMode5"
"7776.TWO","奧孟亞","ESB","生技醫療業","hc.Medtech","2026-09-13T09:17:24Z","tw_boards|twse:twse_openapi|tpex:twse_isin_strMode4|esb:twse_isin_strMode5"
"7779.TWO","鍇睿國際","ESB","運動休閒","lab.Unmapped","2026-09-13T09:17:24Z","tw_boards|twse:twse_openapi|tpex:twse_isin_strMode4|esb:twse_isin_strMode5"
"7781.TWO","昕力資*","ESB","數位雲端","lab.Unmapped","2026-09-13T09:17:24Z","tw_boards|twse:twse_openapi|tpex:twse_isin_strMode4|esb:twse_isin_strMode5"
"7783.TWO","佳運","ESB","綠能環保","lab.Unmapped","2026-09-13T09:17:24Z","tw_boards|twse:twse_openapi|tpex:twse_isin_strMode4|esb:twse_isin_strMode5"
"7784.TWO","安邦生技*","ESB","生技醫療業","hc.Medtech","2026-09-13T09:17:24Z","tw_boards|twse:twse_openapi|tpex:twse_isin_strMode4|esb:twse_isin_strMode5"
"7785.TWO","北祥科服","ESB","數位雲端","lab.Unmapped","2026-09-13T09:17:24Z","tw_boards|twse:twse_openapi|tpex:twse_isin_strMode4|esb:twse_isin_strMode5"
"7789.TWO","開展","ESB","觀光餐旅","retail.Brick_Mortar","2026-09-13T09:17:24Z","tw_boards|twse:twse_openapi|tpex:twse_isin_strMode4|esb:twse_isin_strMode5"
"7790.TWO","思必瑞特","ESB","生技醫療業","hc.Medtech","2026-09-13T09:17:24Z","tw_boards|twse:twse_openapi|tpex:twse_isin_strMode4|esb:twse_isin_strMode5"
"7796.TWO","擷發科","ESB","半導體業","sc.Foundry","2026-09-13T09:17:24Z","tw_boards|twse:twse_openapi|tpex:twse_isin_strMode4|esb:twse_isin_strMode5"
"7797.TWO","Q BURGER","ESB","觀光餐旅","retail.Brick_Mortar","2026-09-13T09:17:24Z","tw_boards|twse:twse_openapi|tpex:twse_isin_strMode4|esb:twse_isin_strMode5"
"7798.TWO","將捷","ESB","建材營造業","ind.Machinery","2026-09-13T09:17:24Z","tw_boards|twse:twse_openapi|tpex:twse_isin_strMode4|esb:twse_isin_strMode5"
"7801.TWO","華芸科技","ESB","資訊服務業","ec.Hardware","2026-09-13T09:17:24Z","tw_boards|twse:twse_openapi|tpex:twse_isin_strMode4|esb:twse_isin_strMode5"
"7806.TWO","精華生醫","ESB","食品工業","fmcg.Food_Beverages","2026-09-13T09:17:24Z","tw_boards|twse:twse_openapi|tpex:twse_isin_strMode4|esb:twse_isin_strMode5"
"7808.TWO","訊聯智藥","ESB","生技醫療業","hc.Medtech","2026-09-13T09:17:24Z","tw_boards|twse:twse_openapi|tpex:twse_isin_strMode4|esb:twse_isin_strMode5"
"7812.TWO","稜研科技*","ESB","通信網路業","ec.Hardware","2026-09-13T09:17:24Z","tw_boards|twse:twse_openapi|tpex:twse_isin_strMode4|esb:twse_isin_strMode5"
"7813.TWO","宇辰系統","ESB","其他電子業","ec.Hardware","2026-09-13T09:17:24Z","tw_boards|twse:twse_openapi|tpex:twse_isin_strMode4|esb:twse_isin_strMode5"
"7815.TWO","新特","ESB","半導體業","sc.Foundry","2026-09-13T09:17:24Z","tw_boards|twse:twse_openapi|tpex:twse_isin_strMode4|esb:twse_isin_strMode5"
"7816.TWO","來穎","ESB","電子零組件業","ec.Hardware","2026-09-13T09:17:24Z","tw_boards|twse:twse_openapi|tpex:twse_isin_strMode4|esb:twse_isin_strMode5"
"7824.TWO","智寶","ESB","其他業","lab.Unmapped","2026-09-13T09:17:24Z","tw_boards|twse:twse_openapi|tpex:twse_isin_strMode4|esb:twse_isin_strMode5"
"7826.TWO","極風雲創","ESB","數位雲端","lab.Unmapped","2026-09-13T09:17:24Z","tw_boards|twse:twse_openapi|tpex:twse_isin_strMode4|esb:twse_isin_strMode5"
"7829.TWO","思捷優達-KY","ESB","生技醫療業","hc.Medtech","2026-09-13T09:17:24Z","tw_boards|twse:twse_openapi|tpex:twse_isin_strMode4|esb:twse_isin_strMode5"
"7831.TWO","捷博","ESB","居家生活","lab.Unmapped","2026-09-13T09:17:24Z","tw_boards|twse:twse_openapi|tpex:twse_isin_strMode4|esb:twse_isin_strMode5"
"7832.TWO","智新生技*","ESB","生技醫療業","hc.Medtech","2026-09-13T09:17:24Z","tw_boards|twse:twse_openapi|tpex:twse_isin_strMode4|esb:twse_isin_strMode5"
"7833.TWO","綠岩能源","ESB","綠能環保","lab.Unmapped","2026-09-13T09:17:24Z","tw_boards|twse:twse_openapi|tpex:twse_isin_strMode4|esb:twse_isin_strMode5"
"7836.TWO","智生活","ESB","其他業","lab.Unmapped","2026-09-13T09:17:24Z","tw_boards|twse:twse_openapi|tpex:twse_isin_strMode4|esb:twse_isin_strMode5"
"7837.TWO","啟新生","ESB","生技醫療業","hc.Medtech","2026-09-13T09:17:24Z","tw_boards|twse:twse_openapi|tpex:twse_isin_strMode4|esb:twse_isin_strMode5"
"7840.TWO","祥圃","ESB","農業科技業","lab.Unmapped","2026-09-13T09:17:24Z","tw_boards|twse:twse_openapi|tpex:twse_isin_strMode4|esb:twse_isin_strMode5"
"7841.TWO","經貿聯網","ESB","資訊服務業","ec.Hardware","2026-09-13T09:17:24Z","tw_boards|twse:twse_openapi|tpex:twse_isin_strMode4|esb:twse_isin_strMode5"
"7843.TWO","英柏得","ESB","半導體業","sc.Foundry","2026-09-13T09:17:24Z","tw_boards|twse:twse_openapi|tpex:twse_isin_strMode4|esb:twse_isin_strMode5"
"7846.TWO","德揚","ESB","綠能環保","lab.Unmapped","2026-09-13T09:17:24Z","tw_boards|twse:twse_openapi|tpex:twse_isin_strMode4|esb:twse_isin_strMode5"
"7847.TWO","豊漁","ESB","觀光餐旅","retail.Brick_Mortar","2026-09-13T09:17:24Z","tw_boards|twse:twse_openapi|tpex:twse_isin_strMode4|esb:twse_isin_strMode5"
"7848.TWO","騏億鑫","ESB","其他電子業","ec.Hardware","2026-09-13T09:17:24Z","tw_boards|twse:twse_openapi|tpex:twse_isin_strMode4|esb:twse_isin_strMode5"
"7849.TWO","旭誼","ESB","其他電子業","ec.Hardware","2026-09-13T09:17:24Z","tw_boards|twse:twse_openapi|tpex:twse_isin_strMode4|esb:twse_isin_strMode5"
"7850.TWO","寶泰生醫","ESB","生技醫療業","hc.Medtech","2026-09-13T09:17:24Z","tw_boards|twse:twse_openapi|tpex:twse_isin_strMode4|esb:twse_isin_strMode5"
"7851.TWO","慧康生技*-KY","ESB","生技醫療業","hc.Medtech","2026-09-13T09:17:24Z","tw_boards|twse:twse_openapi|tpex:twse_isin_strMode4|esb:twse_isin_strMode5"
"7853.TWO","政美應用","ESB","半導體業","sc.Foundry","2026-09-13T09:17:24Z","tw_boards|twse:twse_openapi|tpex:twse_isin_strMode4|esb:twse_isin_strMode5"
"7854.TWO","佐茂","ESB","電腦及週邊設備業","ec.Hardware","2026-09-13T09:17:24Z","tw_boards|twse:twse_openapi|tpex:twse_isin_strMode4|esb:twse_isin_strMode5"
"7856.TWO","漢測","ESB","半導體業","sc.Foundry","2026-09-13T09:17:24Z","tw_boards|twse:twse_openapi|tpex:twse_isin_strMode4|esb:twse_isin_strMode5"
"7857.TWO","合水先進","ESB","綠能環保","lab.Unmapped","2026-09-13T09:17:24Z","tw_boards|twse:twse_openapi|tpex:twse_isin_strMode4|esb:twse_isin_strMode5"
"7858.TWO","芝普","ESB","化學工業","mat.Chemicals","2026-09-13T09:17:24Z","tw_boards|twse:twse_openapi|tpex:twse_isin_strMode4|esb:twse_isin_strMode5"
"7860.TWO","得生製藥","ESB","生技醫療業","hc.Medtech","2026-09-13T09:17:24Z","tw_boards|twse:twse_openapi|tpex:twse_isin_strMode4|esb:twse_isin_strMode5"
"7861.TWO","貝爾威勒","ESB","電子零組件業","ec.Hardware","2026-09-13T09:17:24Z","tw_boards|twse:twse_openapi|tpex:twse_isin_strMode4|esb:twse_isin_strMode5"
"7862.TWO","聚泰","ESB","紡織纖維","lab.Unmapped","2026-09-13T09:17:24Z","tw_boards|twse:twse_openapi|tpex:twse_isin_strMode4|esb:twse_isin_strMode5"
"7863.TWO","中科物流","ESB","航運業","tr.Logistics_Shipping","2026-09-13T09:17:24Z","tw_boards|twse:twse_openapi|tpex:twse_isin_strMode4|esb:twse_isin_strMode5"
"7865.TWO","金聯成","ESB","綠能環保","lab.Unmapped","2026-09-13T09:17:24Z","tw_boards|twse:twse_openapi|tpex:twse_isin_strMode4|esb:twse_isin_strMode5"
"7866.TWO","丹立","ESB","半導體業","sc.Foundry","2026-09-13T09:17:24Z","tw_boards|twse:twse_openapi|tpex:twse_isin_strMode4|esb:twse_isin_strMode5"
"7867.TWO","特力屋","ESB","居家生活","lab.Unmapped","2026-09-13T09:17:24Z","tw_boards|twse:twse_openapi|tpex:twse_isin_strMode4|esb:twse_isin_strMode5"
"7868.TWO","聖育","ESB","資訊服務業","ec.Hardware","2026-09-13T09:17:24Z","tw_boards|twse:twse_openapi|tpex:twse_isin_strMode4|esb:twse_isin_strMode5"
"7869.TWO","宏于電機","ESB","電機機械","ind.Machinery","2026-09-13T09:17:24Z","tw_boards|twse:twse_openapi|tpex:twse_isin_strMode4|esb:twse_isin_strMode5"
"7870.TWO","聯剛科技","ESB","其他電子業","ec.Hardware","2026-09-13T09:17:24Z","tw_boards|twse:twse_openapi|tpex:twse_isin_strMode4|esb:twse_isin_strMode5"
"7871.TWO","安立璽榮-KY","ESB","生技醫療業","hc.Medtech","2026-09-13T09:17:24Z","tw_boards|twse:twse_openapi|tpex:twse_isin_strMode4|esb:twse_isin_strMode5"
"7872.TWO","登豐","ESB","半導體業","sc.Foundry","2026-09-13T09:17:24Z","tw_boards|twse:twse_openapi|tpex:twse_isin_strMode4|esb:twse_isin_strMode5"
"7873.TWO","瑞峰","ESB","半導體業","sc.Foundry","2026-09-13T09:17:24Z","tw_boards|twse:twse_openapi|tpex:twse_isin_strMode4|esb:twse_isin_strMode5"
"7875.TWO","安圖斯","ESB","電腦及週邊設備業","ec.Hardware","2026-09-13T09:17:24Z","tw_boards|twse:twse_openapi|tpex:twse_isin_strMode4|esb:twse_isin_strMode5"
"7876.TWO","鼎晉生技","ESB","生技醫療業","hc.Medtech","2026-09-13T09:17:24Z","tw_boards|twse:twse_openapi|tpex:twse_isin_strMode4|esb:twse_isin_strMode5"
"7877.TWO","海利普","ESB","綠能環保","lab.Unmapped","2026-09-13T09:17:24Z","tw_boards|twse:twse_openapi|tpex:twse_isin_strMode4|esb:twse_isin_strMode5"
"7878.TWO","藥祇","ESB","生技醫療業","hc.Medtech","2026-09-13T09:17:24Z","tw_boards|twse:twse_openapi|tpex:twse_isin_strMode4|esb:twse_isin_strMode5"
"7879.TWO","益材科技","ESB","電機機械","ind.Machinery","2026-09-13T09:17:24Z","tw_boards|twse:twse_openapi|tpex:twse_isin_strMode4|esb:twse_isin_strMode5"
"7880.TWO","聖凰","ESB","半導體業","sc.Foundry","2026-09-13T09:17:24Z","tw_boards|twse:twse_openapi|tpex:twse_isin_strMode4|esb:twse_isin_strMode5"
"7881.TWO","科明","ESB","生技醫療業","hc.Medtech","2026-09-13T09:17:24Z","tw_boards|twse:twse_openapi|tpex:twse_isin_strMode4|esb:twse_isin_strMode5"
"7882.TWO","倍利創投","ESB","其他業","lab.Unmapped","2026-09-13T09:17:24Z","tw_boards|twse:twse_openapi|tpex:twse_isin_strMode4|esb:twse_isin_strMode5"
"7883.TWO","饗賓","ESB","觀光餐旅","retail.Brick_Mortar","2026-09-13T09:17:24Z","tw_boards|twse:twse_openapi|tpex:twse_isin_strMode4|esb:twse_isin_strMode5"
"7885.TWO","宏羚","ESB","其他電子業","ec.Hardware","2026-09-13T09:17:24Z","tw_boards|twse:twse_openapi|tpex:twse_isin_strMode4|esb:twse_isin_strMode5"
"7886.TWO","科建","ESB","半導體業","sc.Foundry","2026-09-13T09:17:24Z","tw_boards|twse:twse_openapi|tpex:twse_isin_strMode4|esb:twse_isin_strMode5"
"7887.TWO","宇川精材","ESB","半導體業","sc.Foundry","2026-09-13T09:17:24Z","tw_boards|twse:twse_openapi|tpex:twse_isin_strMode4|esb:twse_isin_strMode5"
"7888.TWO","麗寶新藥","ESB","生技醫療業","hc.Medtech","2026-09-13T09:17:24Z","tw_boards|twse:twse_openapi|tpex:twse_isin_strMode4|esb:twse_isin_strMode5"
"7889.TWO","騰勢","ESB","食品工業","fmcg.Food_Beverages","2026-09-13T09:17:24Z","tw_boards|twse:twse_openapi|tpex:twse_isin_strMode4|esb:twse_isin_strMode5"
"7890.TWO","明曜科技","ESB","綠能環保","lab.Unmapped","2026-09-13T09:17:24Z","tw_boards|twse:twse_openapi|tpex:twse_isin_strMode4|esb:twse_isin_strMode5"
"7891.TWO","博研醫藥","ESB","生技醫療業","hc.Medtech","2026-09-13T09:17:24Z","tw_boards|twse:twse_openapi|tpex:twse_isin_strMode4|esb:twse_isin_strMode5"
"7892.TWO","元鈦科","ESB","電腦及週邊設備業","ec.Hardware","2026-09-13T09:17:24Z","tw_boards|twse:twse_openapi|tpex:twse_isin_strMode4|esb:twse_isin_strMode5"
"7893.TWO","睿信","ESB","電子零組件業","ec.Hardware","2026-09-13T09:17:24Z","tw_boards|twse:twse_openapi|tpex:twse_isin_strMode4|esb:twse_isin_strMode5"
"7894.TWO","瀚軒","ESB","半導體業","sc.Foundry","2026-09-13T09:17:24Z","tw_boards|twse:twse_openapi|tpex:twse_isin_strMode4|esb:twse_isin_strMode5"
"7895.TWO","元進莊","ESB","農業科技業","lab.Unmapped","2026-09-13T09:17:24Z","tw_boards|twse:twse_openapi|tpex:twse_isin_strMode4|esb:twse_isin_strMode5"
"7896.TWO","喬越","ESB","電子零組件業","ec.Hardware","2026-09-13T09:17:24Z","tw_boards|twse:twse_openapi|tpex:twse_isin_strMode4|esb:twse_isin_strMode5"
"7897.TWO","禾迅綠電","ESB","綠能環保","lab.Unmapped","2026-09-13T09:17:24Z","tw_boards|twse:twse_openapi|tpex:twse_isin_strMode4|esb:twse_isin_strMode5"
"7898.TWO","乾瞻","ESB","半導體業","sc.Foundry","2026-09-13T09:17:24Z","tw_boards|twse:twse_openapi|tpex:twse_isin_strMode4|esb:twse_isin_strMode5"
"7899.TWO","景美","ESB","半導體業","sc.Foundry","2026-09-13T09:17:24Z","tw_boards|twse:twse_openapi|tpex:twse_isin_strMode4|esb:twse_isin_strMode5"
"7901.TWO","大大寬頻","ESB","通信網路業","ec.Hardware","2026-09-13T09:17:24Z","tw_boards|twse:twse_openapi|tpex:twse_isin_strMode4|esb:twse_isin_strMode5"
"7902.TWO","宇越生醫*","ESB","生技醫療業","hc.Medtech","2026-09-13T09:17:24Z","tw_boards|twse:twse_openapi|tpex:twse_isin_strMode4|esb:twse_isin_strMode5"
"7904.TWO","任開數位","ESB","數位雲端","lab.Unmapped","2026-09-13T09:17:24Z","tw_boards|twse:twse_openapi|tpex:twse_isin_strMode4|esb:twse_isin_strMode5"
"7907.TWO","錸恩帕斯","ESB","其他電子業","ec.Hardware","2026-09-13T09:17:24Z","tw_boards|twse:twse_openapi|tpex:twse_isin_strMode4|esb:twse_isin_strMode5"
"7909.TWO","鈺祥","ESB","半導體業","sc.Foundry","2026-09-13T09:17:24Z","tw_boards|twse:twse_openapi|tpex:twse_isin_strMode4|esb:twse_isin_strMode5"
"7911.TWO","阿波羅電力","ESB","綠能環保","lab.Unmapped","2026-09-13T09:17:24Z","tw_boards|twse:twse_openapi|tpex:twse_isin_strMode4|esb:twse_isin_strMode5"
"7912.TWO","新聿科","ESB","電子零組件業","ec.Hardware","2026-09-13T09:17:24Z","tw_boards|twse:twse_openapi|tpex:twse_isin_strMode4|esb:twse_isin_strMode5"
"7913.TWO","通寶半導體","ESB","半導體業","sc.Foundry","2026-09-13T09:17:24Z","tw_boards|twse:twse_openapi|tpex:twse_isin_strMode4|esb:twse_isin_strMode5"
"7914.TWO","碩明綠能","ESB","綠能環保","lab.Unmapped","2026-09-13T09:17:24Z","tw_boards|twse:twse_openapi|tpex:twse_isin_strMode4|esb:twse_isin_strMode5"
"7915.TWO","廌家","ESB","通信網路業","ec.Hardware","2026-09-13T09:17:24Z","tw_boards|twse:twse_openapi|tpex:twse_isin_strMode4|esb:twse_isin_strMode5"
"7917.TWO","源傑科技","ESB","通信網路業","ec.Hardware","2026-09-13T09:17:24Z","tw_boards|twse:twse_openapi|tpex:twse_isin_strMode4|esb:twse_isin_strMode5"
"7918.TWO","創鉅材料","ESB","半導體業","sc.Foundry","2026-09-13T09:17:24Z","tw_boards|twse:twse_openapi|tpex:twse_isin_strMode4|esb:twse_isin_strMode5"
"7919.TWO","禾蒼","ESB","光電業","ec.Hardware","2026-09-13T09:17:24Z","tw_boards|twse:twse_openapi|tpex:twse_isin_strMode4|esb:twse_isin_strMode5"
"7920.TWO","瀚陽*","ESB","生技醫療業","hc.Medtech","2026-09-13T09:17:24Z","tw_boards|twse:twse_openapi|tpex:twse_isin_strMode4|esb:twse_isin_strMode5"
"7921.TWO","台普威","ESB","綠能環保","lab.Unmapped","2026-09-13T09:17:24Z","tw_boards|twse:twse_openapi|tpex:twse_isin_strMode4|esb:twse_isin_strMode5"
"7922.TWO","源點*","ESB","綠能環保","lab.Unmapped","2026-09-13T09:17:24Z","tw_boards|twse:twse_openapi|tpex:twse_isin_strMode4|esb:twse_isin_strMode5"
"7924.TWO","TLC-KY","ESB","生技醫療業","hc.Medtech","2026-09-13T09:17:24Z","tw_boards|twse:twse_openapi|tpex:twse_isin_strMode4|esb:twse_isin_strMode5"
"7925.TWO","健生","ESB","電機機械","ind.Machinery","2026-09-13T09:17:24Z","tw_boards|twse:twse_openapi|tpex:twse_isin_strMode4|esb:twse_isin_strMode5"
"7926.TWO","中華立鼎","ESB","光電業","ec.Hardware","2026-09-13T09:17:24Z","tw_boards|twse:twse_openapi|tpex:twse_isin_strMode4|esb:twse_isin_strMode5"
"7927.TWO","連距電機","ESB","電機機械","ind.Machinery","2026-09-13T09:17:24Z","tw_boards|twse:twse_openapi|tpex:twse_isin_strMode4|esb:twse_isin_strMode5"
"7928.TWO","合聖科技*","ESB","通信網路業","ec.Hardware","2026-09-13T09:17:24Z","tw_boards|twse:twse_openapi|tpex:twse_isin_strMode4|esb:twse_isin_strMode5"
"7929.TWO","碩通","ESB","電腦及週邊設備業","ec.Hardware","2026-09-13T09:17:24Z","tw_boards|twse:twse_openapi|tpex:twse_isin_strMode4|esb:twse_isin_strMode5"
"7930.TWO","威世波","ESB","通信網路業","ec.Hardware","2026-09-13T09:17:24Z","tw_boards|twse:twse_openapi|tpex:twse_isin_strMode4|esb:twse_isin_strMode5"
"7931.TWO","續升綠能","ESB","綠能環保","lab.Unmapped","2026-09-13T09:17:24Z","tw_boards|twse:twse_openapi|tpex:twse_isin_strMode4|esb:twse_isin_strMode5"
"7932.TWO","昱鐳應材","ESB","電子零組件業","ec.Hardware","2026-09-13T09:17:24Z","tw_boards|twse:twse_openapi|tpex:twse_isin_strMode4|esb:twse_isin_strMode5"
"7933.TWO","威旭","ESB","數位雲端","lab.Unmapped","2026-09-13T09:17:24Z","tw_boards|twse:twse_openapi|tpex:twse_isin_strMode4|esb:twse_isin_strMode5"
"7934.TWO","鋒霈環境科技","ESB","綠能環保","lab.Unmapped","2026-09-13T09:17:24Z","tw_boards|twse:twse_openapi|tpex:twse_isin_strMode4|esb:twse_isin_strMode5"
"7935.TWO","安富","ESB","通信網路業","ec.Hardware","2026-09-13T09:17:24Z","tw_boards|twse:twse_openapi|tpex:twse_isin_strMode4|esb:twse_isin_strMode5"
"7936.TWO","寰聖","ESB","電子零組件業","ec.Hardware","2026-09-13T09:17:24Z","tw_boards|twse:twse_openapi|tpex:twse_isin_strMode4|esb:twse_isin_strMode5"
"7939.TWO","技宸","ESB","電腦及週邊設備業","ec.Hardware","2026-09-13T09:17:24Z","tw_boards|twse:twse_openapi|tpex:twse_isin_strMode4|esb:twse_isin_strMode5"
"7942.TWO","東佑達","ESB","電機機械","ind.Machinery","2026-09-13T09:17:24Z","tw_boards|twse:twse_openapi|tpex:twse_isin_strMode4|esb:twse_isin_strMode5"
"7943.TWO","鴻璟科技","ESB","數位雲端","lab.Unmapped","2026-09-13T09:17:24Z","tw_boards|twse:twse_openapi|tpex:twse_isin_strMode4|esb:twse_isin_strMode5"
"7944.TWO","睿禾金碳","ESB","綠能環保","lab.Unmapped","2026-09-13T09:17:24Z","tw_boards|twse:twse_openapi|tpex:twse_isin_strMode4|esb:twse_isin_strMode5"
"7945.TWO","廣盛科技","ESB","電腦及週邊設備業","ec.Hardware","2026-09-13T09:17:24Z","tw_boards|twse:twse_openapi|tpex:twse_isin_strMode4|esb:twse_isin_strMode5"
"8058.TWO","耐特","ESB","其他電子業","ec.Hardware","2026-09-13T09:17:24Z","tw_boards|twse:twse_openapi|tpex:twse_isin_strMode4|esb:twse_isin_strMode5"
"8098.TWO","慶康科技","ESB","半導體業","sc.Foundry","2026-09-13T09:17:24Z","tw_boards|twse:twse_openapi|tpex:twse_isin_strMode4|esb:twse_isin_strMode5"
"8119.TWO","公信","ESB","電腦及週邊設備業","ec.Hardware","2026-09-13T09:17:24Z","tw_boards|twse:twse_openapi|tpex:twse_isin_strMode4|esb:twse_isin_strMode5"
"8298.TWO","威睿","ESB","資訊服務業","ec.Hardware","2026-09-13T09:17:24Z","tw_boards|twse:twse_openapi|tpex:twse_isin_strMode4|esb:twse_isin_strMode5"
"8329.TWO","台視","ESB","文化創意業","media.Entertainment","2026-09-13T09:17:24Z","tw_boards|twse:twse_openapi|tpex:twse_isin_strMode4|esb:twse_isin_strMode5"
"8345.TWO","超秦","ESB","農業科技業","lab.Unmapped","2026-09-13T09:17:24Z","tw_boards|twse:twse_openapi|tpex:twse_isin_strMode4|esb:twse_isin_strMode5"
"8359.TWO","錢櫃","ESB","觀光餐旅","retail.Brick_Mortar","2026-09-13T09:17:24Z","tw_boards|twse:twse_openapi|tpex:twse_isin_strMode4|esb:twse_isin_strMode5"
"8458.TWO","影一","ESB","文化創意業","media.Entertainment","2026-09-13T09:17:24Z","tw_boards|twse:twse_openapi|tpex:twse_isin_strMode4|esb:twse_isin_strMode5"
"8999.TWO","台灣積層","ESB","其他業","lab.Unmapped","2026-09-13T09:17:24Z","tw_boards|twse:twse_openapi|tpex:twse_isin_strMode4|esb:twse_isin_strMode5"
"9957.TWO","燁聯","ESB","鋼鐵工業","mat.Metals_Mining","2026-09-13T09:17:24Z","tw_boards|twse:twse_openapi|tpex:twse_isin_strMode4|esb:twse_isin_strMode5"
