ticker,name,market_cap,ROE,Operating_Margin,Rev_YoY,OpInc_YoY,Debt_Ratio,PE_Ratio,PB_Ratio,snapshot_at
MMM,3M Company,85553192960.0,81.891996,20.354,2.5,28.999999999999996,437.937,29.517794,28.981482,2026-09-19T11:29:32Z
AOS,A.O. Smith Corporation,7739993600.0,27.133000000000003,18.929000000000002,-0.7000000000000001,-17.9,36.766,15.86351,4.202332,2026-09-19T11:29:32Z
ABT,Abbott Laboratories,177554636800.0,10.576,14.706999000000001,13.0,-47.8,63.212,33.20712,3.4739478,2026-09-19T11:29:32Z
ABBV,AbbVie Inc.,466448285696.0,,40.035,10.2,2.852,,74.56497,,2026-09-19T11:29:32Z
ACN,Accenture plc,110938972160.0,24.406,16.964000000000002,5.6000000000000005,6.4,25.035,15.196143,3.4782524,2026-09-19T11:29:32Z
ADBE,Adobe Inc.,98945695744.0,61.902,34.821999999999996,12.9,3.1,57.48,13.890625,8.358068,2026-09-19T11:29:32Z
AMD,"Advanced Micro Devices, Inc.",913892179968.0,10.196,17.25,50.1,1.634,6.361,142.81122,13.590833,2026-09-19T11:29:32Z
AES,The AES Corporation,10580295680.0,9.5740005,18.673000000000002,19.900000000000002,,256.886,5.554307,2.1399713,2026-09-19T11:29:32Z
AFL,AFLAC Incorporated,58321264640.0,16.908,25.722998000000004,-1.0,37.7,53.365,12.549083,1.9275252,2026-09-19T11:29:32Z
A,"Agilent Technologies, Inc.",44119191552.0,20.971,25.558999999999997,8.1,7.7,56.336,30.861933,5.9920344,2026-09-19T11:29:32Z
APD,"Air Products and Chemicals, Inc",63282774016.0,0.023,25.535999999999998,4.6,,110.091,19.684336,4.5580378,2026-09-19T11:29:32Z
ABNB,"Airbnb, Inc.",99530153984.0,34.542,21.009000999999998,16.5,27.1,32.004,37.863327,12.574325,2026-09-19T11:29:32Z
AKAM,"Akamai Technologies, Inc.",15021259776.0,8.918,7.6290004,5.4,-23.400000000000002,196.672,38.71111,3.1605685,2026-09-19T11:29:32Z
ALB,Albemarle Corporation,13087941632.0,2.648,27.71,31.1,19.962,18.976,410.77777,1.6276784,2026-09-19T11:29:32Z
ARE,Alexandria Real Estate Equities,9172678656.0,-4.0760003000000005,17.282,-11.899999999999999,,68.67,,0.5850521,2026-09-19T11:29:32Z
ALGN,"Align Technology, Inc.",10486193152.0,10.155,18.247,4.3,-13.100000000000001,285.5,25.987677,2.484724,2026-09-19T11:29:32Z
ALLE,Allegion plc,12949401600.0,33.73,22.102,12.7,15.6,104.895,20.010511,6.113944,2026-09-19T11:29:32Z
LNT,Alliant Energy Corporation,17010373632.0,11.135,19.053,1.0,-2.3,160.951,20.761076,2.2592812,2026-09-19T11:29:32Z
ALL,Allstate Corporation (The),63171502080.0,46.113998,22.827,11.799999999999999,55.1,22.261,5.0026035,2.0019872,2026-09-19T11:29:32Z
GOOGL,Alphabet Inc.,4274851676160.0,48.676,34.033,24.2,2.979,18.859,17.54719,6.8677306,2026-09-19T11:29:32Z
GOOG,Alphabet Inc.,4212111966208.0,48.676,34.033,24.2,2.979,18.859,17.272316,6.766937,2026-09-19T11:29:32Z
MO,"Altria Group, Inc.",116080590848.0,,76.12,1.2,-3.4000000000000004,,14.635789,,2026-09-19T11:29:32Z
AMZN,"Amazon.com, Inc.",2736595664896.0,30.558002000000002,13.689000000000002,19.6,2.449,45.617,20.19984,4.959536,2026-09-19T11:29:32Z
AMCR,Amcor plc,19372285952.0,9.396,9.690999999999999,25.900000000000002,,128.294,17.829788,1.641721,2026-09-19T11:29:32Z
AEE,Ameren Corporation,28301688832.0,11.943,25.235999999999997,-6.2,14.2,157.846,17.998241,2.0674663,2026-09-19T11:29:32Z
AEP,American Electric Power Company,65327685632.0,10.130999000000001,23.250999999999998,7.000000000000001,-41.8,160.789,20.797228,2.0363488,2026-09-19T11:29:32Z
AXP,American Express Company,210399526912.0,34.377,20.32,12.8,7.8,172.38,18.90534,6.1348825,2026-09-19T11:29:32Z
AIG,"American International Group, I",39389544448.0,7.22,19.414,0.5,-17.1,22.466,13.74635,0.9734319,2026-09-19T11:29:32Z
AMT,American Tower Corporation (REI,81067728896.0,33.914003,45.411,4.7,136.5,438.721,23.931223,21.793812,2026-09-19T11:29:32Z
AWK,"American Water Works Company, I",27007268864.0,10.095,40.664001999999996,6.2,9.0,137.745,23.968252,2.3152406,2026-09-19T11:29:32Z
AMP,"Ameriprise Financial, Inc.",48082419712.0,63.432,30.719997999999997,11.600000000000001,5.0,67.578,13.157603,7.5628705,2026-09-19T11:29:32Z
AME,"AMETEK, Inc.",54481641472.0,14.562,26.182,15.0,13.5,20.522,34.74269,4.838145,2026-09-19T11:29:32Z
AMGN,Amgen Inc.,208494723072.0,91.473,35.548002000000004,9.5,65.9,490.281,23.98321,17.83765,2026-09-19T11:29:32Z
APH,Amphenol Corporation,191235735552.0,38.115,29.779,55.00000000000001,62.1,120.415,39.166668,12.340866,2026-09-19T11:29:32Z
ADI,"Analog Devices, Inc.",182060941312.0,12.227,39.503,39.6,1.584,27.314,43.087154,5.4264216,2026-09-19T11:29:32Z
AON,Aon plc,62712766464.0,44.699,23.457000999999998,2.1999999999999997,-4.8,163.481,16.288706,6.530018,2026-09-19T11:29:32Z
APA,APA Corporation,15720271872.0,26.659,56.330999999999996,9.2,23.9,48.854,9.466245,2.241035,2026-09-19T11:29:32Z
APO,"Apollo Global Management, Inc. ",74355294208.0,11.411999999999999,21.951999999999998,63.800000000000004,115.99999999999999,100.969,44.80783,3.6985579,2026-09-19T11:29:32Z
AAPL,Apple Inc.,4905541566464.0,148.75101,32.623002,16.400000000000002,27.1,78.445,38.591274,45.669838,2026-09-19T11:29:32Z
AMAT,"Applied Materials, Inc.",352809615360.0,41.068,33.736,24.8,42.699999999999996,28.666,38.325,13.767613,2026-09-19T11:29:32Z
APP,Applovin Corporation,103489527808.0,2.03686,77.678,52.800000000000004,54.50000000000001,111.13,23.696922,32.65423,2026-09-19T11:29:32Z
APTV,Aptiv PLC,9050736640.0,5.158,12.675999,2.3,-36.9,64.938,19.723982,1.0376595,2026-09-19T11:29:32Z
ACGL,Arch Capital Group Ltd.,33061689344.0,19.936001,26.584998,-10.5,-14.6,17.836,7.581377,1.4182206,2026-09-19T11:29:32Z
ADM,Archer-Daniels-Midland Company,41053319168.0,7.642,4.008,7.199999999999999,3.146,39.134,23.273224,1.7416729,2026-09-19T11:29:32Z
ARES,Ares Management Corporation,41073860608.0,14.940999999999999,19.381,5.800000000000001,9.9,172.378,57.581394,11.17026,2026-09-19T11:29:32Z
ANET,"Arista Networks, Inc.",251475591168.0,31.476,45.393001999999996,37.7,36.5,,63.298412,16.993948,2026-09-19T11:29:32Z
AJG,Arthur J. Gallagher & Co.,61388537856.0,6.722,19.16,30.9,-12.0,59.401,39.714756,2.5879657,2026-09-19T11:29:32Z
AIZ,"Assurant, Inc.",13920647168.0,18.341999,11.734,9.4,26.900000000000002,36.211,13.510293,2.2855594,2026-09-19T11:29:32Z
T,AT&T Inc.,174050590720.0,18.339,24.786,2.3,2.8000000000000003,129.054,8.382838,1.5819632,2026-09-19T11:29:32Z
ATO,Atmos Energy Corporation,27088867328.0,9.792,37.223998,4.8,30.2,67.662,19.128878,1.7753512,2026-09-19T11:29:32Z
ADSK,"Autodesk, Inc.",45342547968.0,53.854,29.228001999999996,16.1,57.199999999999996,109.518,28.102331,13.40273,2026-09-19T11:29:32Z
ADP,"Automatic Data Processing, Inc.",107745607680.0,72.239,23.459,6.800000000000001,7.5,91.436,24.814272,17.88932,2026-09-19T11:29:32Z
AZO,"AutoZone, Inc.",46613950464.0,,19.082001,8.4,5.4,,19.64573,,2026-09-19T11:29:32Z
AVY,Avery Dennison Corporation,12710429696.0,31.16,13.586001,10.9,8.0,158.653,18.349016,5.480361,2026-09-19T11:29:32Z
AXON,"Axon Enterprise, Inc.",36374867968.0,6.221,5.17,35.3,-18.5,50.363,188.92828,9.898968,2026-09-19T11:29:32Z
BKR,Baker Hughes Company,56830590976.0,16.463,12.83,-2.4,-2.9000000000000004,80.925,18.408361,2.8536537,2026-09-19T11:29:32Z
BALL,Ball Corporation,15921907712.0,17.151,9.232,19.7,4.2,131.495,17.234957,2.7699747,2026-09-19T11:29:32Z
BAC,Bank of America Corporation,403691372544.0,11.1990005,38.305,16.8,26.6,,13.425581,1.4673885,2026-09-19T11:29:32Z
BAX,Baxter International Inc.,11787508736.0,-14.371,14.425999000000001,5.3,38.5,156.449,11.196228,1.8993669,2026-09-19T11:29:32Z
BDX,"Becton, Dickinson and Company",49285672960.0,6.607,15.732999,5.4,-34.300000000000004,68.84,31.358753,2.0185862,2026-09-19T11:29:32Z
BRK-B,Berkshire Hathaway Inc. New,1091269558272.0,12.1199995,32.561,10.0,107.5,17.142,12.8211775,0.0009761484,2026-09-19T11:29:32Z
BBY,"Best Buy Co., Inc.",19473215488.0,43.126,3.8960000000000004,3.5999999999999996,69.39999999999999,130.097,15.71066,6.137625,2026-09-19T11:29:32Z
TECH,Bio-Techne Corp,11348936704.0,9.032,27.871000000000002,1.3,,13.712,62.387936,5.35836,2026-09-19T11:29:32Z
BIIB,Biogen Inc.,31840987136.0,4.575,25.058000000000003,3.4000000000000004,-84.6,44.329,38.345196,1.6887391,2026-09-19T11:29:32Z
BLK,"BlackRock, Inc.",173813792768.0,12.2779995,35.079,30.599999999999998,20.200000000000003,23.192,25.6419,2.8780427,2026-09-19T11:29:32Z
BX,Blackstone Inc.,149364408320.0,31.374002,54.357,28.599999999999998,60.8,68.185,27.95526,11.088828,2026-09-19T11:29:32Z
XYZ,"Block, Inc.",45828640768.0,1.6119999999999999,6.999,9.3,-83.6,32.58,136.21428,2.0785873,2026-09-19T11:29:32Z
BNY,The Bank of New York Mellon Cor,104347148288.0,14.124,40.046,13.100000000000001,23.799999999999997,,17.945158,2.6145422,2026-09-19T11:29:32Z
BA,Boeing Company (The),156651339776.0,1.73537,0.0040000003,8.0,,790.875,71.03943,25.686884,2026-09-19T11:29:32Z
BKNG,Booking Holdings Inc. Common St,126156775424.0,,34.412,8.1,117.9,,18.655556,,2026-09-19T11:29:32Z
BSX,Boston Scientific Corporation,62809608192.0,15.338999000000001,22.895999,7.5,13.8,50.151,17.546558,2.515088,2026-09-19T11:29:32Z
BMY,Bristol-Myers Squibb Company,128813588480.0,46.598998,34.418,5.7,1.532,201.859,13.889869,5.7720823,2026-09-19T11:29:32Z
AVGO,Broadcom Inc.,1707097718784.0,44.245000000000005,54.307,85.5,2.161,59.604,45.671772,17.125275,2026-09-19T11:29:32Z
BR,"Broadridge Financial Solutions,",18600376320.0,40.916002,24.609,7.5,6.4,123.939,17.010427,6.546936,2026-09-19T11:29:32Z
BRO,"Brown & Brown, Inc.",21756364800.0,10.023,41.838002,32.4,24.7,63.975,20.77316,1.7052189,2026-09-19T11:29:32Z
BF-B,Brown Forman Inc,11902939136.0,18.122,27.552,-1.4000000000000001,3.5000000000000004,61.502,17.06579,2.9978044,2026-09-19T11:29:32Z
BLDR,"Builders FirstSource, Inc.",6253506048.0,2.506,3.3269998000000003,-8.799999999999999,,130.786,63.173912,1.5613164,2026-09-19T11:29:32Z
BG,Bunge Limited,22205128704.0,7.1779996,4.617,88.3,91.5,97.995,24.963284,1.3918258,2026-09-19T11:29:32Z
BXP,"BXP, Inc.",11426026496.0,5.308,28.754999999999995,3.6999999999999997,-22.900000000000002,211.631,33.962364,1.9547591,2026-09-19T11:29:32Z
CHRW,"C.H. Robinson Worldwide, Inc.",17877073920.0,37.123,5.337,19.3,22.5,121.188,29.140953,11.0080595,2026-09-19T11:29:32Z
CDNS,"Cadence Design Systems, Inc.",77908672512.0,23.229,28.575,24.2,129.29999999999998,38.661,56.13095,11.360533,2026-09-19T11:29:32Z
CPT,Camden Property Trust,11471413248.0,7.885000000000001,16.104001,-0.8,-76.7,125.648,32.71287,2.6733556,2026-09-19T11:29:32Z
COF,Capital One Financial Corporati,124187738112.0,9.031,33.629,11.11,,,11.134763,1.2059526,2026-09-19T11:29:32Z
CAH,"Cardinal Health, Inc.",52417916928.0,,1.3300001000000001,5.800000000000001,66.5,,31.172892,,2026-09-19T11:29:32Z
CCL,Carnival Corporation Ltd.,29913137152.0,26.689,12.787,5.3,-5.0,201.556,9.837838,2.3106222,2026-09-19T11:29:32Z
CARR,Carrier Global Corporation,44414636032.0,8.966000000000001,13.069001,3.9,-15.2,91.998,38.485714,3.3812363,2026-09-19T11:29:32Z
CVNA,Carvana Co.,72172077056.0,58.772999999999996,9.219,52.400000000000006,69.39999999999999,110.88,34.449738,11.622634,2026-09-19T11:29:32Z
CASY,"Caseys General Stores, Inc.",22082961408.0,19.983,6.5,24.3,27.1,70.547,28.766489,5.3968997,2026-09-19T11:29:32Z
CAT,"Caterpillar, Inc.",371872366592.0,56.972003,22.183001,24.0,64.9,232.783,34.366608,19.17356,2026-09-19T11:29:32Z
CBOE,"Cboe Global Markets, Inc.",28495044608.0,26.296999999999997,34.634,22.900000000000002,50.2,28.09,21.267342,5.0710874,2026-09-19T11:29:32Z
CBRE,CBRE Group Inc,40395755520.0,15.798001000000001,3.608,15.5,-5.1,117.789,31.849314,4.8146615,2026-09-19T11:29:32Z
CDW,CDW Corporation,18276296704.0,44.009998,7.345,10.0,1.2,263.278,17.570915,7.5007696,2026-09-19T11:29:32Z
COR,"Cencora, Inc.",58923614208.0,96.871,1.4149999,5.1,11.1,446.516,22.940565,19.313234,2026-09-19T11:29:32Z
CNC,Centene Corporation,32164016128.0,-20.358999,3.7600000000000002,4.6,,71.082,12.175191,1.4255687,2026-09-19T11:29:32Z
CNP,"CenterPoint Energy, Inc (Holdin",25176289280.0,9.825000000000001,24.489,10.7,23.200000000000003,210.256,22.750002,2.148036,2026-09-19T11:29:32Z
CF,"CF Industries Holdings, Inc.",19325878272.0,29.866999999999997,49.325,17.599999999999998,88.3,40.504,9.930016,3.3678825,2026-09-19T11:29:32Z
CRL,Charles River Laboratories Inte,13393518592.0,-7.516,15.113,-2.7,,105.047,21.918686,4.6735916,2026-09-19T11:29:32Z
SCHW,Charles Schwab Corporation (The,182012575744.0,20.273,52.276999999999994,20.9,31.7,151.106,19.17122,4.139952,2026-09-19T11:29:32Z
CHTR,"Charter Communications, Inc.",16656665600.0,27.201998,23.503,-1.7000000000000002,-0.7000000000000001,441.578,3.3351548,0.90183085,2026-09-19T11:29:32Z
CVX,Chevron Corporation,410975502336.0,12.231,21.866,53.5,3.848,18.959,20.16458,2.1643593,2026-09-19T11:29:32Z
CMG,"Chipotle Mexican Grill, Inc.",42302922752.0,49.560001,16.108,9.3,-7.5,246.35,30.953703,19.268011,2026-09-19T11:29:32Z
CB,Chubb Limited,131418873856.0,14.822,23.527001,6.1,-3.8,30.941,12.12242,1.74285,2026-09-19T11:29:32Z
CHD,"Church & Dwight Company, Inc.",22475069440.0,17.041,18.065001,1.6,6.2,55.851,30.368591,5.167712,2026-09-19T11:29:32Z
CIEN,Ciena Corporation,49462812672.0,22.396,18.076,37.0,4.296,107.496,78.206276,16.191626,2026-09-19T11:29:32Z
CI,The Cigna Group,72740118528.0,16.758,3.9849999999999994,6.7,8.4,74.29,11.389325,1.7032229,2026-09-19T11:29:32Z
CINF,Cincinnati Financial Corporatio,25937790976.0,21.484,37.202,31.6,83.2,5.255,7.97546,1.5550668,2026-09-19T11:29:32Z
CTAS,Cintas Corporation,79089516544.0,40.714002,23.688000000000002,8.9,14.000000000000002,52.646,40.334694,15.386532,2026-09-19T11:29:32Z
CSCO,"Cisco Systems, Inc.",431752708096.0,27.319,27.718999999999998,17.599999999999998,51.300000000000004,62.017,32.885887,8.593738,2026-09-19T11:29:32Z
C,"Citigroup, Inc.",221035855872.0,8.529,36.229,15.5,45.1,,14.199354,1.1484426,2026-09-19T11:29:32Z
CFG,"Citizens Financial Group, Inc.",28235694080.0,8.270001,35.132998,14.7,34.599999999999994,,14.669584,1.1771523,2026-09-19T11:29:32Z
CLX,Clorox Company (The),10049367040.0,1.6376,12.885,-2.0,-50.9,2221.429,17.276506,111.69354,2026-09-19T11:29:32Z
CME,CME Group Inc.,99247472640.0,15.802,65.036005,0.8,1.6,14.587,22.981682,3.7391622,2026-09-19T11:29:32Z
CMS,CMS Energy Corporation,20489129984.0,9.158,17.167999000000002,-0.5,-40.300000000000004,185.604,19.62162,2.1456013,2026-09-19T11:29:32Z
KO,Coca-Cola Company (The),379699953664.0,42.054,34.873,6.7,16.1,115.519,26.501503,10.504702,2026-09-19T11:29:32Z
CTSH,Cognizant Technology Solutions ,26968094720.0,14.924000000000001,17.479,4.5,-1.4000000000000001,14.479,12.84764,1.8711714,2026-09-19T11:29:32Z
COHR,Coherent Corp.,62149316608.0,7.981000000000001,11.8269995,33.7,,31.612,76.842606,5.6976657,2026-09-19T11:29:32Z
COIN,"Coinbase Global, Inc.",51250323456.0,-7.8469999999999995,-13.922,-17.299999999999997,,50.982,68.57851,3.9175155,2026-09-19T11:29:32Z
CL,Colgate-Palmolive Company,69728706560.0,2.67367,20.966,4.9,-6.7,1388.163,34.437008,295.50674,2026-09-19T11:29:32Z
CMCSA,Comcast Corporation,80696000512.0,11.4879996,17.233999,-1.2,-68.30000000000001,100.474,7.2884617,0.89842355,2026-09-19T11:29:32Z
FIX,"Comfort Systems USA, Inc.",58118856704.0,55.291999999999994,17.062001,50.3,91.3,11.498,40.654114,89.96841,2026-09-19T11:29:32Z
COP,ConocoPhillips,158372315136.0,14.180000000000001,31.509999999999998,35.5,99.4,35.639,17.460926,2.4234793,2026-09-19T11:29:32Z
ED,"Consolidated Edison, Inc.",38991032320.0,8.962,16.540001,13.200000000000001,25.2,110.113,17.601002,1.5167383,2026-09-19T11:29:32Z
STZ,"Constellation Brands, Inc.",20320593920.0,23.69,35.931000000000004,-3.3000000000000003,26.700000000000003,123.205,11.319695,2.4709744,2026-09-19T11:29:32Z
CEG,Constellation Energy Corporatio,90245636096.0,15.055001,8.6619996,23.0,-38.9,76.419,24.874025,2.8301425,2026-09-19T11:29:32Z
COO,"The Cooper Companies, Inc.",10513686528.0,6.837999999999999,20.822,0.6,3.403,33.634,19.0,1.2620406,2026-09-19T11:29:32Z
CPRT,"Copart, Inc.",27107760128.0,16.16,32.011002,2.4,-17.4,97.0,18.890324,2.983797,2026-09-19T11:29:32Z
GLW,Corning Incorporated,129320239104.0,16.813,15.649,16.6,19.2,71.448,67.93213,10.829547,2026-09-19T11:29:32Z
CPAY,"Corpay, Inc.",26116763648.0,29.215000000000003,46.92,21.5,-12.6,275.291,24.209373,7.3731627,2026-09-19T11:29:32Z
CTVA,"Corteva, Inc.",53729296384.0,4.256,30.130000000000003,-1.2,-11.600000000000001,19.191,48.80606,2.134998,2026-09-19T11:29:32Z
CSGP,"CoStar Group, Inc.",11787198464.0,0.894,8.2159996,18.4,8.167,14.537,161.6111,1.4845624,2026-09-19T11:29:32Z
COST,Costco Wholesale Corporation,397051002880.0,29.152,3.991,11.600000000000001,15.2,24.567,45.035717,11.850092,2026-09-19T11:29:32Z
CRH,CRH PLC,57314258944.0,15.812000000000001,19.022,5.6000000000000005,12.7,77.592,15.220849,2.3868232,2026-09-19T11:29:32Z
CRWD,"CrowdStrike Holdings, Inc.",243338117120.0,1.461,-2.259,25.8,,15.958,4753.0,47.692154,2026-09-19T11:29:32Z
CCI,Crown Castle Inc.,31927218176.0,,46.825,-4.9,-67.7,,29.820406,,2026-09-19T11:29:32Z
CSX,CSX Corporation,87251566592.0,24.357,38.424,10.100000000000001,20.9,138.068,27.38372,6.1957374,2026-09-19T11:29:32Z
CMI,Cummins Inc.,73269166080.0,21.114,11.895999999999999,9.4,4.7,59.586,27.168451,5.703218,2026-09-19T11:29:32Z
CVS,CVS Health Corporation,113623719936.0,6.205,3.8609999999999998,7.1,1.918,95.503,23.440632,1.4245169,2026-09-19T11:29:32Z
DHR,Danaher Corporation,148899479552.0,7.605,19.777,5.5,56.8,52.97,37.75579,2.8314574,2026-09-19T11:29:32Z
DRI,"Darden Restaurants, Inc.",23762020352.0,53.717999999999996,14.142,13.700000000000001,33.300000000000004,364.507,20.045979,10.814945,2026-09-19T11:29:32Z
DDOG,"Datadog, Inc.",82558525440.0,4.696,0.666,35.6,15.833,29.259,450.82355,18.89857,2026-09-19T11:29:32Z
DVA,DaVita Inc.,11730268160.0,88.47500000000001,16.061,5.2,33.1,1241.986,15.581356,,2026-09-19T11:29:32Z
DECK,Deckers Outdoor Corporation,10680742912.0,42.558,15.232999999999999,5.7,-6.6000000000000005,20.521,11.156472,4.659024,2026-09-19T11:29:32Z
DE,Deere & Company,184421072896.0,18.242,13.372,4.9,7.000000000000001,230.298,38.020565,6.588801,2026-09-19T11:29:32Z
DELL,Dell Technologies Inc.,361179774976.0,,12.020000999999999,57.699999999999996,2.551,,33.007557,,2026-09-19T11:29:32Z
DAL,"Delta Air Lines, Inc.",52359946240.0,20.125,7.921,18.7,-24.7,96.649,13.20398,2.3871915,2026-09-19T11:29:32Z
DVN,Devon Energy Corporation,53471002624.0,11.522,41.077000000000005,64.2,112.6,28.488,10.567391,1.3389341,2026-09-19T11:29:32Z
DXCM,"DexCom, Inc.",33717184512.0,38.491002,24.326999999999998,13.100000000000001,38.5,53.346,35.316204,12.863518,2026-09-19T11:29:32Z
FANG,"Diamondback Energy, Inc.",53881405440.0,3.4930002,48.466998,52.5,1.692,28.678,36.65143,1.4244577,2026-09-19T11:29:32Z
DLR,"Digital Realty Trust, Inc.",68780113920.0,2.912,25.881999999999998,29.9,-56.10000000000001,67.944,88.40777,2.523556,2026-09-19T11:29:32Z
DG,Dollar General Corporation,27005702144.0,19.692,6.813,5.2,33.800000000000004,169.811,16.234749,2.907394,2026-09-19T11:29:32Z
DLTR,"Dollar Tree, Inc.",21007089664.0,46.032002999999996,6.2090002,7.000000000000001,1.731,223.945,13.720589,6.1344585,2026-09-19T11:29:32Z
D,"Dominion Energy, Inc.",55920263168.0,8.280999999999999,29.219,17.599999999999998,-55.300000000000004,160.459,22.0,2.0031507,2026-09-19T11:29:32Z
DPZ,Domino's Pizza Inc,9732646912.0,,19.084999,4.3,3.5999999999999996,,16.668556,,2026-09-19T11:29:32Z
DASH,"DoorDash, Inc.",83600506880.0,8.8870004,3.862,35.6,-29.799999999999997,33.276,101.01571,8.425695,2026-09-19T11:29:32Z
DOV,Dover Corporation,25241767936.0,14.914,18.691999,6.9,11.899999999999999,42.316,22.662634,3.2764587,2026-09-19T11:29:32Z
DOW,Dow Inc.,20752848896.0,-5.54,11.594,19.7,,111.913,16.14698,1.3085262,2026-09-19T11:29:32Z
DHI,"D.R. Horton, Inc.",38604369920.0,12.631999999999998,12.989999999999998,0.0,-11.700000000000001,29.451,13.157293,1.6266737,2026-09-19T11:29:32Z
DTE,DTE Energy Company,26743478272.0,11.03,13.623999000000001,-1.5,23.1,229.06,20.335443,2.2012882,2026-09-19T11:29:32Z
DUK,Duke Energy Corporation (Holdin,91638398976.0,9.8570004,27.503002,1.0999999999999999,11.0,162.155,17.700302,1.7046674,2026-09-19T11:29:32Z
DD,"DuPont de Nemours, Inc.",17421893632.0,1.7919999999999998,14.238999999999999,4.0,142.4,22.902,55.132477,1.2652628,2026-09-19T11:29:32Z
ETN,"Eaton Corporation, PLC",164980670464.0,19.683999999999997,16.563,21.4,-16.400000000000002,105.059,41.684986,8.145627,2026-09-19T11:29:32Z
EBAY,eBay Inc.,49768800256.0,46.611000000000004,21.57,14.799999999999999,51.1,153.012,23.694916,10.668701,2026-09-19T11:29:32Z
ECHO,EchoStar Corporation,27149262848.0,-33.428000000000004,14.279,-4.0,,123.757,4.111747,1.9177182,2026-09-19T11:29:32Z
ECL,Ecolab Inc.,75537342464.0,21.956,18.521999,9.700000000000001,2.0,138.023,36.21774,7.512127,2026-09-19T11:29:32Z
EIX,Edison International,21284061184.0,19.733999999999998,26.899,-4.1000000000000005,55.7,228.042,5.707947,1.219921,2026-09-19T11:29:32Z
EW,Edwards Lifesciences Corporatio,50873065472.0,9.175,29.839,13.600000000000001,-27.400000000000002,6.568,52.535717,4.792832,2026-09-19T11:29:32Z
ELV,"Elevance Health, Inc.",89122439168.0,11.133,4.559,1.4000000000000001,-16.1,68.953,18.183628,1.9854001,2026-09-19T11:29:32Z
EME,"EMCOR Group, Inc.",33086396416.0,40.348998,10.618,19.8,33.6,13.432,23.367292,8.135555,2026-09-19T11:29:32Z
EMR,Emerson Electric Company,83625377792.0,12.8,26.924,7.000000000000001,22.5,67.677,32.80525,4.103462,2026-09-19T11:29:32Z
ETR,Entergy Corporation,48738082816.0,10.248999,24.458,5.8999999999999995,3.1,186.77,26.089514,2.611289,2026-09-19T11:29:32Z
EOG,"EOG Resources, Inc.",75652841472.0,22.506999999999998,40.717998,58.699999999999996,102.49999999999999,25.891,11.224124,2.37862,2026-09-19T11:29:32Z
EQT,EQT Corporation,31275802624.0,11.078000000000001,23.372999,-3.9,-73.0,19.595,11.600928,1.238206,2026-09-19T11:29:32Z
EFX,"Equifax, Inc.",18664824832.0,14.274999999999999,17.305,10.6,-3.9,120.956,27.920914,4.26531,2026-09-19T11:29:32Z
EQIX,"Equinix, Inc.",100777345024.0,10.735,27.021998000000004,16.7,30.2,162.217,65.80799,7.007142,2026-09-19T11:29:32Z
ERIE,Erie Indemnity Company,12499893248.0,24.808,19.096,2.8000000000000003,3.2,256.0,22.175325,5.0666585,2026-09-19T11:29:32Z
ESS,"Essex Property Trust, Inc.",18615324672.0,7.71,33.975,3.1,-71.8,122.409,41.998444,3.2604496,2026-09-19T11:29:32Z
EL,"Estee Lauder Companies, Inc. (T",33802840064.0,4.745,7.002999999999999,6.3,,242.932,186.86,8.881178,2026-09-19T11:29:32Z
EG,"Everest Group, Ltd.",14372774912.0,12.572,19.131999999999998,-11.3,-17.8,23.26,7.923272,0.9401617,2026-09-19T11:29:32Z
EVRG,"Evergy, Inc.",18394648576.0,9.2539996,25.238,4.3999999999999995,25.5,160.554,20.561855,1.7992783,2026-09-19T11:29:32Z
ES,Eversource Energy (D/B/A),25508415488.0,9.016,23.923,2.3,-84.8,180.7,17.589611,1.5607643,2026-09-19T11:29:32Z
EXC,Exelon Corporation,43342782464.0,9.711,16.590999,9.9,1.3,177.362,15.466911,1.4622871,2026-09-19T11:29:32Z
EXE,Expand Energy Corporation,20254265344.0,14.893,26.323998,-10.6,-46.1,19.207,7.542241,1.0563235,2026-09-19T11:29:32Z
EXPE,"Expedia Group, Inc.",33528168448.0,89.48899999999999,18.98,14.000000000000002,1.661,230.271,17.569183,27.727049,2026-09-19T11:29:32Z
EXPD,Expeditors International of Was,24820410368.0,42.67,10.7080005,32.1,45.0,26.745,27.793304,11.717705,2026-09-19T11:29:32Z
EXR,Extra Space Storage Inc,30172246016.0,6.952999999999999,45.882,3.8,5.5,101.674,30.178808,2.1785762,2026-09-19T11:29:32Z
XOM,ExxonMobil Holdings Corporation,672462077952.0,12.584000000000001,15.859000000000002,44.1,105.1,15.921,21.020565,2.5925806,2026-09-19T11:29:32Z
FFIV,"F5, Inc.",24464642048.0,19.830000000000002,24.648999999999997,10.9,9.6,6.546,34.47965,6.3673344,2026-09-19T11:29:32Z
FDS,FactSet Research Systems Inc.,10094567424.0,27.032,30.542,6.4,-14.7,77.284,18.697628,4.996655,2026-09-19T11:29:32Z
FICO,Fair Isaac Corporation,20510842880.0,,53.787,25.7,30.5,,28.014158,,2026-09-19T11:29:32Z
FAST,Fastenal Company,56238854144.0,34.333999999999996,21.023001,14.7,15.9,10.851,41.88889,13.821206,2026-09-19T11:29:32Z
FRT,Federal Realty Investment Trust,9695567872.0,12.550999,35.035,7.199999999999999,-45.0,134.114,22.406063,3.0069137,2026-09-19T11:29:32Z
FDX,FedEx Corporation,71864975360.0,14.846,11.129,12.5,-3.1,135.697,16.369272,2.3027687,2026-09-19T11:29:32Z
FDXF,"FedEx Freight Holding Company, ",17961613312.0,69.093,-5.771999800000001,4.8,-61.1,,27.937208,,2026-09-19T11:29:32Z
FERG,Ferguson Enterprises Inc.,41482063872.0,,10.159001,4.6,5.0,111.063,21.105314,6.689648,2026-09-19T11:29:32Z
FIS,Fidelity National Information S,18369443840.0,22.348000000000003,20.669001,29.099999999999998,,132.51,5.471582,1.1460378,2026-09-19T11:29:32Z
FITB,Fifth Third Bancorp,47983685632.0,8.437999999999999,39.078,51.800000000000004,27.500000000000004,,17.814816,1.4850261,2026-09-19T11:29:32Z
FSLR,"First Solar, Inc.",21059780608.0,18.509,42.641996999999996,-3.6999999999999997,23.599999999999998,188.0,12.073938,2.0405912,2026-09-19T11:29:32Z
FE,FirstEnergy Corp.,26189242368.0,9.491,19.304001,8.799999999999999,7.5,200.908,24.203207,2.0246935,2026-09-19T11:29:32Z
FISV,"Fiserv, Inc.",25094070272.0,,,,,,9.04023,0.93137544,2026-09-19T11:29:32Z
FLEX,Flex Ltd.,40083918848.0,18.378,4.97,20.599999999999998,48.4,107.818,41.895756,7.2874413,2026-09-19T11:29:32Z
F,Ford Motor Company,52676141056.0,-18.252,1.8819999,-3.8,,456.708,6.760145,1.4746594,2026-09-19T11:29:32Z
FTNT,"Fortinet, Inc.",124613926912.0,117.44200000000001,33.595002,25.6,37.8,36.194,60.87455,80.34058,2026-09-19T11:29:32Z
FTV,Fortive Corporation,16610937856.0,7.318,19.137,7.9,-5.6000000000000005,59.283,29.100529,2.7461555,2026-09-19T11:29:32Z
FOXA,Fox Corporation,27176863744.0,14.291,25.214002,28.1,-3.5999999999999996,64.06,16.783854,2.3256233,2026-09-19T11:29:32Z
FOX,Fox Corporation,24347437056.0,14.291,25.214002,28.1,-3.5999999999999996,64.06,15.036459,2.0834987,2026-09-19T11:29:32Z
BEN,"Franklin Templeton, Inc.",16771617792.0,7.887,12.979001,14.299999999999999,85.8,24.805,22.45578,1.4272125,2026-09-19T11:29:32Z
FCX,"Freeport-McMoRan, Inc.",102732693504.0,14.754999999999999,33.404,-7.3,27.500000000000004,32.149,35.06863,5.1089053,2026-09-19T11:29:32Z
GRMN,Garmin Ltd.,52853166080.0,21.886998,30.438998,11.4,35.199999999999996,251.29999999999998,28.253609,5.855482,2026-09-19T11:29:32Z
IT,"Gartner, Inc.",11731816448.0,113.581,22.622999999999998,-0.6,14.399999999999999,,16.889091,,2026-09-19T11:29:32Z
GE,GE Aerospace,326074761216.0,48.231998,20.571,21.099999999999998,16.900000000000002,113.225,37.01649,18.485384,2026-09-19T11:29:32Z
GEHC,GE HealthCare Technologies Inc.,28966637568.0,19.375999999999998,14.976,5.800000000000001,15.4,93.965,14.776497,2.6393118,2026-09-19T11:29:32Z
GEV,GE Vernova Inc.,250441465856.0,82.577,7.466,21.9,30.0,28.364,26.951277,20.945095,2026-09-19T11:29:32Z
GEN,Gen Digital Inc.,17365008384.0,41.943999999999996,35.554,6.3,59.3,307.831,16.964912,6.5426254,2026-09-19T11:29:32Z
GNRC,Generac Holdlings Inc.,12252223488.0,9.491,17.932000000000002,10.6,93.5,49.003,47.57798,4.2535214,2026-09-19T11:29:32Z
GD,General Dynamics Corporation,95520210944.0,17.803,10.38,8.1,14.399999999999999,35.335,21.501217,3.5553875,2026-09-19T11:29:32Z
GIS,"General Mills, Inc.",19417741312.0,-1.028,16.121,1.2,,188.879,11.393331,3.507823,2026-09-19T11:29:32Z
GM,General Motors Company,74345914368.0,3.164,3.202,1.9,-31.1,202.341,36.696426,1.1627249,2026-09-19T11:29:32Z
GPC,Genuine Parts Company,17657077760.0,0.70700003,6.561999999999999,6.0,-10.7,146.415,492.61542,3.9011908,2026-09-19T11:29:32Z
GILD,"Gilead Sciences, Inc.",186129678336.0,-20.68,33.678999999999995,10.2,,223.465,15.179324,15.748008,2026-09-19T11:29:32Z
GPN,Global Payments Inc.,22508439552.0,2.428,16.108,68.60000000000001,-94.6,98.273,40.50476,0.97833085,2026-09-19T11:29:32Z
GL,Globe Life Inc.,13327230976.0,20.944999,24.642,8.0,13.8,55.675,11.530585,2.1707346,2026-09-19T11:29:32Z
GDDY,GoDaddy Inc.,12343085056.0,4.42861,27.056998,6.6000000000000005,20.1,57334.33,14.481426,1838.8679,2026-09-19T11:29:32Z
GS,"Goldman Sachs Group, Inc. (The)",274283446272.0,16.902,42.176998,42.5,78.0,725.381,14.555006,2.6018577,2026-09-19T11:29:32Z
HAL,Halliburton Company,28026505216.0,14.917,12.793,3.6999999999999997,13.100000000000001,74.186,17.612566,2.5482917,2026-09-19T11:29:32Z
HIG,"The Hartford Insurance Group, I",35725307904.0,22.061001,17.615,8.1,30.5,22.33,9.108426,1.8562722,2026-09-19T11:29:32Z
HAS,"Hasbro, Inc.",12351263744.0,1.5956,22.157,16.2,,531.042,15.581851,17.542067,2026-09-19T11:29:32Z
HCA,"HCA Healthcare, Inc.",92599853056.0,,15.161,8.7,2.8000000000000003,,14.34787,,2026-09-19T11:29:32Z
DOC,"Healthpeak Properties, Inc.",14412898304.0,3.039,15.989999999999998,11.1,66.8,108.653,58.085716,1.7867814,2026-09-19T11:29:32Z
HSIC,"Henry Schein, Inc.",9455124480.0,8.8549994,5.7550002000000005,6.7,9.3,80.733,24.734692,3.0075507,2026-09-19T11:29:32Z
HSY,The Hershey Company,34115166208.0,32.808998,23.119,6.6000000000000005,6.297,129.821,23.195354,7.4767714,2026-09-19T11:29:32Z
HPE,Hewlett Packard Enterprise Comp,80656760832.0,10.936,12.560001000000002,33.7,4.049,76.464,31.319586,3.043478,2026-09-19T11:29:32Z
HLT,Hilton Worldwide Holdings Inc.,68809097216.0,,62.987,2.5,9.5,,44.828445,,2026-09-19T11:29:32Z
HD,"Home Depot, Inc. (The)",299286921216.0,104.29599,12.858,5.7,4.7,380.261,21.007004,18.016817,2026-09-19T11:29:32Z
HONA,Honeywell Aerospace Inc.,51853467648.0,,14.684,5.4,-70.89999999999999,,50.965733,,2026-09-19T11:29:32Z
HON,Honeywell International Inc.,65435435008.0,46.577,20.249,4.3,2.619,185.369,7.9377165,3.5300155,2026-09-19T11:29:32Z
HRL,Hormel Foods Corporation,11463806976.0,4.2930003,8.615,-2.4,-67.60000000000001,36.326,33.596775,1.4615493,2026-09-19T11:29:32Z
HST,"Host Hotels & Resorts, Inc.",15172826112.0,15.558,18.215,3.5999999999999996,7.199999999999999,85.298,14.657718,2.34184,2026-09-19T11:29:32Z
HWM,Howmet Aerospace Inc.,91592720384.0,34.732,28.504,24.099999999999998,31.2,81.368,49.497845,16.027216,2026-09-19T11:29:32Z
HPQ,HP Inc.,31021611008.0,,5.396,12.5,-13.4,,13.23077,,2026-09-19T11:29:32Z
HUBB,Hubbell Inc,23611934720.0,24.444,21.666999,15.299999999999999,-1.6,141.642,26.460629,6.035952,2026-09-19T11:29:32Z
HUM,Humana Inc.,46377414656.0,6.893000000000001,3.4649998,26.200000000000003,27.3,76.485,36.504726,2.4138598,2026-09-19T11:29:32Z
HBAN,Huntington Bancshares Incorpora,32084187136.0,9.002,41.932,47.599999999999994,35.6,,12.215385,1.0787311,2026-09-19T11:29:32Z
HII,"Huntington Ingalls Industries, ",10751938560.0,12.968001000000001,7.08,10.9,36.8,55.252,16.261023,2.0240638,2026-09-19T11:29:32Z
IBM,International Business Machines,216266948608.0,34.460998,16.548,1.0999999999999999,-1.3,188.97,21.098345,6.277346,2026-09-19T11:29:32Z
IEX,IDEX Corporation,16492615680.0,12.955,22.17,6.4,9.0,47.06,31.960001,4.1305714,2026-09-19T11:29:32Z
IDXX,"IDEXX Laboratories, Inc.",40308359168.0,74.211,34.98,9.700000000000001,15.1,67.971,35.98101,25.025679,2026-09-19T11:29:32Z
ITW,Illinois Tool Works Inc.,76730818560.0,104.61800000000001,26.900997999999998,6.1,7.9,334.853,24.3819,26.512499,2026-09-19T11:29:32Z
INCY,Incyte Corporation,25400053760.0,30.667,41.899,37.7,44.6,60.3,16.252918,3.9695258,2026-09-19T11:29:32Z
IR,Ingersoll Rand Inc.,27869999104.0,9.47,16.882999,8.5,,47.903,30.054392,2.738363,2026-09-19T11:29:32Z
PODD,Insulet Corporation,9751200768.0,26.016000000000002,16.178,23.5,3.222,66.685,26.528301,6.856196,2026-09-19T11:29:32Z
INTC,Intel Corporation,574070980608.0,-10.715,12.189999,25.4,,48.997,52.66527,6.256121,2026-09-19T11:29:32Z
IBKR,"Interactive Brokers Group, Inc.",154519044096.0,24.018998,76.532996,26.3,39.300000000000004,205.748,35.9881,6.921316,2026-09-19T11:29:32Z
ICE,Intercontinental Exchange Inc.,87280001024.0,14.094000000000001,52.626,4.8,12.6,69.226,21.928068,2.9514391,2026-09-19T11:29:32Z
IFF,International Flavors & Fragran,21167241216.0,-5.548,8.495,1.7999999999999998,-91.7,44.821,20.944153,1.5154449,2026-09-19T11:29:32Z
IP,International Paper Company,18286047232.0,-16.479,2.298,-2.1999999999999997,,68.509,11.4852295,1.2648815,2026-09-19T11:29:32Z
INTU,Intuit Inc.,81023287296.0,23.596,17.638999,13.700000000000001,-4.7,44.34,18.419807,4.3422036,2026-09-19T11:29:32Z
ISRG,"Intuitive Surgical, Inc.",140921503744.0,17.423001,33.603,18.5,24.3,,45.054985,7.661576,2026-09-19T11:29:32Z
IVZ,Invesco Ltd,13478988800.0,-0.57300003,19.950001,20.5,88.0,12.056,9.338963,1.3531003,2026-09-19T11:29:32Z
INVH,Invitation Homes Inc.,15893670912.0,7.053999599999999,25.115,10.100000000000001,55.300000000000004,94.425,24.688072,1.755267,2026-09-19T11:29:32Z
IQV,"IQVIA Holdings, Inc.",43852734464.0,22.817999999999998,13.027,8.7,-3.8,257.975,33.095654,7.106239,2026-09-19T11:29:32Z
IRM,Iron Mountain Incorporated (Del,34039339008.0,,19.059,18.5,,,81.0922,,2026-09-19T11:29:32Z
JBHT,"J.B. Hunt Transport Services, I",21999572992.0,18.448,7.423,19.400000000000002,40.699999999999996,38.373,33.368946,6.0155106,2026-09-19T11:29:32Z
JBL,Jabil Inc.,31391068160.0,65.876,5.210999999999999,11.799999999999999,23.9,297.136,37.44625,23.735838,2026-09-19T11:29:32Z
JKHY,"Jack Henry & Associates, Inc.",10856937472.0,24.040001999999998,22.503,4.7,-12.8,379.3,22.184814,5.287871,2026-09-19T11:29:32Z
J,Jacobs Solutions Inc.,16783335424.0,7.997999999999999,7.3870000000000005,34.5,-24.0,124.734,47.641193,5.145317,2026-09-19T11:29:32Z
JNJ,Johnson & Johnson,650648485888.0,25.741999999999997,29.189999999999998,6.6000000000000005,-0.1,57.709,31.357723,7.65191,2026-09-19T11:29:32Z
JCI,Johnson Controls International ,86790635520.0,14.332,15.875,9.3,6.800000000000001,70.107,39.68975,6.4375253,2026-09-19T11:29:32Z
JPM,JP Morgan Chase & Co.,929488044032.0,17.788999999999998,50.394000000000005,30.4,41.199999999999996,,14.994426,2.6289594,2026-09-19T11:29:32Z
KVUE,Kenvue Inc.,34208974848.0,15.581,19.418,3.0,8.6,81.617,20.95294,3.2405386,2026-09-19T11:29:32Z
KDP,Keurig Dr Pepper Inc.,42131169280.0,5.1,12.888,75.6,-74.0,99.649,31.591835,1.683066,2026-09-19T11:29:32Z
KEY,KeyCorp,22206945280.0,10.33,34.71,10.100000000000001,19.8,,12.16959,1.2896628,2026-09-19T11:29:32Z
KEYS,Keysight Technologies Inc.,57031991296.0,20.897,25.677,36.5,107.89999999999999,42.094,45.27027,8.682131,2026-09-19T11:29:32Z
KMB,Kimberly-Clark Corporation,32546185216.0,104.91299999999998,19.002001,0.6,-32.2,348.933,19.339922,18.597492,2026-09-19T11:29:32Z
KIM,Kimco Realty Corporation (HC),15112885248.0,5.806,36.565,4.9,-5.8999999999999995,84.993,26.197676,1.4710108,2026-09-19T11:29:32Z
KMI,"Kinder Morgan, Inc.",70901383168.0,10.9910004,30.064999999999998,10.8,21.3,98.619,20.541937,2.2395723,2026-09-19T11:29:32Z
KKR,KKR & Co. Inc.,91259977728.0,7.28,20.65,7.8,37.3,69.812,31.568687,3.1121259,2026-09-19T11:29:32Z
KLAC,KLA Corporation,231245725696.0,87.496,42.486000000000004,15.2,13.3,96.88,48.357925,36.43269,2026-09-19T11:29:32Z
KHC,The Kraft Heinz Company,28969674752.0,-8.76,15.49,-1.4000000000000001,,52.591,11.696998,0.8047037,2026-09-19T11:29:32Z
KR,Kroger Company (The),35760001024.0,14.442,2.9779999000000004,2.0,5.3,413.24,32.43243,6.4850845,2026-09-19T11:29:32Z
LHX,"L3Harris Technologies, Inc.",46049013760.0,9.34,12.565999999999999,8.4,31.0,52.753,25.311155,2.3153844,2026-09-19T11:29:32Z
LH,Labcorp Holdings Inc.,26009579520.0,11.728,12.24,5.800000000000001,25.6,79.124,26.52688,3.0145316,2026-09-19T11:29:32Z
LRCX,Lam Research Corporation,360518057984.0,65.06600399999999,37.390997999999996,30.0,32.4,33.049,50.019093,28.90639,2026-09-19T11:29:32Z
LVS,Las Vegas Sands Corp.,25895092224.0,122.869,19.658001,-0.7000000000000001,-24.9,1703.902,15.802372,44.57079,2026-09-19T11:29:32Z
LDOS,"Leidos Holdings, Inc.",16024099840.0,27.781,11.715999,7.199999999999999,-9.5,123.276,11.9225025,3.0325847,2026-09-19T11:29:32Z
LEN,Lennar Corporation,18411616256.0,5.962,5.766,-8.7,-52.0,27.736,14.475378,0.85157824,2026-09-19T11:29:32Z
LII,"Lennox International, Inc.",12415232000.0,71.757007,22.856002,3.0,-1.7999999999999998,156.082,15.951599,9.57028,2026-09-19T11:29:32Z
LLY,Eli Lilly and Company,1028115464192.0,102.28600000000002,54.222,47.699999999999996,25.3,162.071,38.753952,30.338669,2026-09-19T11:29:32Z
LIN,Linde plc,212235255808.0,18.400997999999998,28.119,9.3,9.2,68.947,29.664948,5.430654,2026-09-19T11:29:32Z
LYV,"Live Nation Entertainment, Inc.",38932189184.0,17.677,6.696000000000001,9.4,21.0,620.214,88.51226,468.12323,2026-09-19T11:29:32Z
LMT,Lockheed Martin Corporation,123099168768.0,89.165,11.9569995,10.5,4.368,234.238,19.68192,13.991396,2026-09-19T11:29:32Z
L,Loews Corporation,22031173632.0,9.313,14.533,3.9,13.600000000000001,44.609,13.223313,1.1523985,2026-09-19T11:29:32Z
LOW,"Lowe's Companies, Inc.",107997290496.0,,13.364999999999998,8.3,0.0,,16.42406,,2026-09-19T11:29:32Z
LULU,lululemon athletica inc.,10856224768.0,30.898002,13.211999999999998,-4.3,-11.200000000000001,44.689,8.070782,2.2857807,2026-09-19T11:29:32Z
LITE,Lumentum Holdings Inc.,83502620672.0,-2.40027,27.954,109.3,,35.987,23.448614,17.760712,2026-09-19T11:29:32Z
LYB,LyondellBasell Industries NV,20005740544.0,-2.2689999999999997,17.924999,19.8,3.895,132.759,9.618745,1.874565,2026-09-19T11:29:32Z
MTB,M&T Bank Corporation,32827258880.0,10.742,45.108002,6.2,14.2,,12.033351,1.291314,2026-09-19T11:29:32Z
MPC,Marathon Petroleum Corporation,119319642112.0,42.099,13.561,53.7,3.225,133.328,14.727556,6.3030705,2026-09-19T11:29:32Z
MAR,Marriott International,88378916864.0,,65.276,11.1,0.4,,35.08489,,2026-09-19T11:29:32Z
MRSH,Marsh,83516743680.0,25.902998,26.323998,6.2,4.5,145.027,21.368742,5.508829,2026-09-19T11:29:32Z
MLM,"Martin Marietta Materials, Inc.",34844950528.0,8.894,20.185,21.0,-23.5,54.945,31.94271,2.5518281,2026-09-19T11:29:32Z
MRVL,"Marvell Technology, Inc.",219508604928.0,16.523,16.679001,36.5,58.099999999999994,28.525,80.08197,11.74053,2026-09-19T11:29:32Z
MAS,Masco Corporation,13420575744.0,58.625,23.645,-2.9000000000000004,17.8,,15.682027,,2026-09-19T11:29:32Z
MA,Mastercard Incorporated,495155838976.0,2.41202,61.108,14.099999999999998,18.6,439.583,31.05714,88.373985,2026-09-19T11:29:32Z
MKC,"McCormick & Company, Incorporat",13098447872.0,24.728,17.422001,16.7,-14.2,65.143,8.271647,1.8724059,2026-09-19T11:29:32Z
MCD,McDonald's Corporation,175664939008.0,,46.485,3.6999999999999997,4.8,,20.165718,,2026-09-19T11:29:32Z
MCK,McKesson Corporation,101975760896.0,,1.348,7.7,-21.7,,23.474237,,2026-09-19T11:29:32Z
MDT,Medtronic plc.,117846974464.0,10.6479995,19.332,13.700000000000001,41.3,55.365,22.804455,2.3477395,2026-09-19T11:29:32Z
MRK,"Merck & Company, Inc.",362353491968.0,6.961,-0.241,5.1,,128.408,117.495995,8.646532,2026-09-19T11:29:32Z
META,"Meta Platforms, Inc.",1696002211840.0,29.848000000000003,34.827000000000005,28.000000000000004,-13.600000000000001,42.997,25.06589,6.493855,2026-09-19T11:29:32Z
MET,"MetLife, Inc.",61666680832.0,13.094,5.5180001999999995,10.5,1.0,179.933,18.590038,2.2552757,2026-09-19T11:29:32Z
MTD,"Mettler-Toledo International, I",27897303040.0,,31.2,4.5,15.1,16668.447,31.74464,2175.5,2026-09-19T11:29:32Z
MGM,MGM Resorts International,9673735168.0,18.924999,6.788000499999999,1.0,4.974,893.311,22.915154,3.7840276,2026-09-19T11:29:32Z
MCHP,Microchip Technology Incorporat,39786246144.0,7.19,23.958,38.0,,83.688,107.74999,6.167508,2026-09-19T11:29:32Z
MU,"Micron Technology, Inc.",1147237564416.0,66.63799999999999,80.370003,3.457,13.983,6.33,22.9352,11.385978,2026-09-19T11:29:32Z
MSFT,Microsoft Corporation,3666585845760.0,34.039003,45.111000000000004,17.7,31.3,29.118,27.47802,8.289767,2026-09-19T11:29:32Z
MAA,Mid-America Apartment Communiti,14148364288.0,7.049999999999999,25.356,1.0,12.6,102.377,34.67347,2.5391233,2026-09-19T11:29:32Z
MRNA,"Moderna, Inc.",61498294272.0,-38.998002,-5.5793104,2.1,,19.036,,9.090587,2026-09-19T11:29:32Z
TAP,Molson Coors Beverage Company,6997616128.0,-19.466,11.297,-3.3000000000000003,-46.0,76.03,7.672164,0.69315153,2026-09-19T11:29:32Z
MDLZ,"Mondelez International, Inc.",77663346688.0,13.340001,21.978001,4.1000000000000005,141.5,82.643,22.289377,2.9250588,2026-09-19T11:29:32Z
MPWR,"Monolithic Power Systems, Inc.",59846348800.0,21.979000000000003,30.989,47.599999999999994,90.60000000000001,48.6,74.075424,15.36288,2026-09-19T11:29:32Z
MNST,Monster Beverage Corporation,87589199872.0,25.704,29.18,20.200000000000003,19.6,99.2,41.398144,9.353556,2026-09-19T11:29:32Z
MCO,Moody's Corporation,81150877696.0,76.932,49.473998,15.1,51.9,240.682,29.770649,26.827162,2026-09-19T11:29:32Z
MS,Morgan Stanley,318165319680.0,17.969999,41.567,28.000000000000004,57.699999999999996,517.282,16.36349,2.9878614,2026-09-19T11:29:32Z
MOS,Mosaic Company (The),7782085120.0,-5.0729999999999995,-0.117,-6.0,,52.249,15.64747,0.67883086,2026-09-19T11:29:32Z
MSI,"Motorola Solutions, Inc.",75907039232.0,91.567004,27.354,13.3,8.6,357.85,36.087334,28.409414,2026-09-19T11:29:32Z
MSCI,MSCI Inc.,40193650688.0,,56.298,12.2,12.6,,30.030962,,2026-09-19T11:29:32Z
NDAQ,"Nasdaq, Inc.",52286742528.0,16.521999,49.333,14.899999999999999,12.2,77.687,26.573864,4.385167,2026-09-19T11:29:32Z
NTAP,"NetApp, Inc.",38849716224.0,114.818,26.667,29.9,60.9,169.498,27.93644,25.92947,2026-09-19T11:29:32Z
NFLX,"Netflix, Inc.",298929225728.0,49.541000000000004,33.381,13.4,8.799999999999999,55.236,22.575472,9.914376,2026-09-19T11:29:32Z
NEM,Newmont Corporation,130036170752.0,25.905,51.568999999999996,15.1,6.800000000000001,15.807,15.542822,3.7082334,2026-09-19T11:29:32Z
NWSA,News Corporation,15963761664.0,7.979,12.537,10.8,-75.9,31.561,28.912622,1.8981452,2026-09-19T11:29:32Z
NWS,News Corporation,17518325760.0,7.979,12.537,10.8,-75.9,31.561,32.356438,2.082988,2026-09-19T11:29:32Z
NEE,"NextEra Energy, Inc.",167858667520.0,11.677,31.524,12.4,55.00000000000001,161.676,18.083147,2.938148,2026-09-19T11:29:32Z
NKE,"Nike, Inc.",52679036928.0,22.138001,12.687000000000001,-1.0999999999999999,4.066,74.289,16.909523,3.5424979,2026-09-19T11:29:32Z
NI,NiSource Inc,19460548608.0,8.5489996,17.156,4.6,-55.50000000000001,146.649,21.700535,2.0322516,2026-09-19T11:29:32Z
NDSN,Nordson Corporation,17354252288.0,17.763,27.403998,10.299999999999999,21.5,55.619,31.535425,5.3086505,2026-09-19T11:29:32Z
NSC,Norfolk Southern Corporation,70562963456.0,16.985,35.296002,11.4,-4.3999999999999995,105.519,26.80546,4.3415055,2026-09-19T11:29:32Z
NTRS,Northern Trust Corporation,32545980416.0,17.066,42.496,36.4,88.0,,15.282645,2.6001987,2026-09-19T11:29:32Z
NOC,Northrop Grumman Corporation,74922622976.0,26.958,11.604000000000001,5.1,-6.800000000000001,95.348,16.668459,4.1893587,2026-09-19T11:29:32Z
NCLH,Norwegian Cruise Line Holdings ,6483732480.0,36.730000000000004,14.041999999999998,4.9,6.42,621.051,8.716049,2.5200784,2026-09-19T11:29:32Z
NRG,"NRG Energy, Inc.",21790418944.0,23.772,12.765999,11.0,,483.357,26.994793,5.1845555,2026-09-19T11:29:32Z
NUE,Nucor Corporation,56351383552.0,14.548999000000002,15.668000000000001,23.0,91.7,30.512,19.838657,2.5487943,2026-09-19T11:29:32Z
NVDA,NVIDIA Corporation,5367153557504.0,117.211,66.236997,105.89999999999999,125.89999999999999,16.971,28.099874,23.438786,2026-09-19T11:29:32Z
NVR,"NVR, Inc.",16471900160.0,31.544,13.889000000000001,-10.9,-29.099999999999998,32.15,16.233723,4.857255,2026-09-19T11:29:32Z
NXPI,NXP Semiconductors N.V.,57490911232.0,27.921000000000003,30.406,19.5,72.39999999999999,93.325,19.453072,5.045478,2026-09-19T11:29:32Z
ORLY,"O'Reilly Automotive, Inc.",68527067136.0,,20.150000000000002,8.1,7.000000000000001,,26.977705,,2026-09-19T11:29:32Z
OXY,Occidental Petroleum Corporatio,58818662400.0,10.629,45.443,53.400000000000006,5.5,34.511,17.356932,1.7580447,2026-09-19T11:29:32Z
ODFL,"Old Dominion Freight Line, Inc.",35978514432.0,24.818,28.835,10.4,30.5,44.0,33.205376,7.8930564,2026-09-19T11:29:32Z
OMC,Omnicom Group Inc.,21006669824.0,6.0510002,15.384,63.4,127.0,107.744,206.94594,2.1741724,2026-09-19T11:29:32Z
ON,ON Semiconductor Corporation,27244519424.0,8.312,19.532,9.2,33.2,65.055,45.738564,3.7739313,2026-09-19T11:29:32Z
OKE,"ONEOK, Inc.",58918043648.0,16.277,13.254,52.800000000000004,14.899999999999999,143.07,16.113792,2.5684996,2026-09-19T11:29:32Z
ORCL,Oracle Corporation,446333681664.0,41.192,35.632000000000005,29.599999999999998,62.6,251.716,23.579872,7.220918,2026-09-19T11:29:32Z
OTIS,Otis Worldwide Corporation,26083463168.0,,15.133000999999998,7.3,8.9,,17.614395,,2026-09-19T11:29:32Z
PCAR,PACCAR Inc.,61089914880.0,12.755999000000001,12.024,0.5,3.9,72.91,24.693617,3.0061905,2026-09-19T11:29:32Z
PKG,Packaging Corporation of Americ,20739409920.0,14.887,13.120999999999999,14.7,-20.5,94.474,30.229872,4.421755,2026-09-19T11:29:32Z
PLTR,Palantir Technologies Inc.,426879287296.0,38.096999999999994,47.120996999999996,92.80000000000001,2.25,213.89999999999998,151.82907,43.667652,2026-09-19T11:29:32Z
PANW,"Palo Alto Networks, Inc.",297408430080.0,1.7389999999999999,5.396,34.5,,9.337,908.94995,10.778169,2026-09-19T11:29:32Z
PSKY,Paramount Skydance Corporation,11455066112.0,-0.8959999999999999,9.345,0.8999999999999999,-28.1,126.479,340.33334,0.97238094,2026-09-19T11:29:32Z
PH,Parker-Hannifin Corporation,118992109568.0,25.075999999999997,23.458000000000002,9.8,18.2,56.66,33.118286,7.7239947,2026-09-19T11:29:32Z
PAYX,"Paychex, Inc.",41343574016.0,44.769,38.324999999999996,12.5,41.5,123.967,23.750511,11.056741,2026-09-19T11:29:32Z
PYPL,"PayPal Holdings, Inc.",44834705408.0,24.497,16.966,4.8,-12.5,71.751,9.907372,2.2793894,2026-09-19T11:29:32Z
PNR,Pentair plc.,8924831744.0,17.126,23.44,-17.0,-13.4,47.067,14.412371,2.380993,2026-09-19T11:29:32Z
PEP,"Pepsico, Inc.",177238507520.0,51.507999999999996,16.836001,6.4,136.0,238.949,17.510122,8.020647,2026-09-19T11:29:32Z
PFE,"Pfizer, Inc.",157652975616.0,5.013999999999999,27.877000000000002,2.6,,74.253,36.394737,1.8504148,2026-09-19T11:29:32Z
PCG,Pacific Gas & Electric Co.,39631245312.0,9.318,24.788,0.1,40.699999999999996,189.45,9.496403,0.89942765,2026-09-19T11:29:32Z
PM,Philip Morris International Inc,293985648640.0,,40.001999999999995,10.4,-7.3,,25.90934,,2026-09-19T11:29:32Z
PSX,Phillips 66,109507379200.0,23.452999,8.529,53.1,3.387,62.884,15.5985155,3.4591808,2026-09-19T11:29:32Z
PNW,Pinnacle West Capital Corporati,11417991168.0,9.365,21.341999,7.1,-7.3,233.288,18.364521,1.6229951,2026-09-19T11:29:32Z
PNC,"PNC Financial Services Group, I",93021700096.0,12.623000000000001,38.689,23.599999999999998,25.4,,12.839758,1.6023886,2026-09-19T11:29:32Z
PPG,"PPG Industries, Inc.",23234795520.0,19.297000999999998,14.016,7.199999999999999,-2.9000000000000004,86.938,14.995696,2.7519746,2026-09-19T11:29:32Z
PPL,PPL Corporation,25089845248.0,8.6330004,23.591,4.2,25.7,135.434,19.84524,1.6672502,2026-09-19T11:29:32Z
PFG,Principal Financial Group Inc,25193693184.0,12.949,12.336001000000001,6.4,-0.7000000000000001,35.307,16.738264,2.0799305,2026-09-19T11:29:32Z
PG,Procter & Gamble Company (The),340016005120.0,30.290001999999998,22.084999,1.5,-15.8,64.49,22.113293,6.379483,2026-09-19T11:29:32Z
PGR,Progressive Corporation (The),123903787008.0,34.943000000000005,18.208,7.3,4.3,24.428,10.858596,3.6126106,2026-09-19T11:29:32Z
PLD,"Prologis, Inc.",131076800512.0,7.7490000000000006,43.030998,12.3,85.9,63.823,30.031181,2.3444319,2026-09-19T11:29:32Z
PRU,"Prudential Financial, Inc.",40847998976.0,12.011,7.5219996,14.099999999999998,84.8,163.891,10.695574,1.2943994,2026-09-19T11:29:32Z
PEG,Public Service Enterprise Group,34774765568.0,11.834999999999999,18.872,-8.9,-42.9,142.409,17.35572,2.0050578,2026-09-19T11:29:32Z
PTC,PTC Inc.,14744915968.0,35.053003,28.232000000000003,-6.800000000000001,-16.0,46.335,13.180407,4.3361306,2026-09-19T11:29:32Z
PSA,Public Storage,55366201344.0,21.929000000000002,45.703998,3.3000000000000003,39.5,109.632,28.246902,10.7510605,2026-09-19T11:29:32Z
PHM,"PulteGroup, Inc.",22336430080.0,14.901,15.685001000000002,-9.6,-22.400000000000002,19.065,11.977529,1.6910142,2026-09-19T11:29:32Z
PWR,"Quanta Services, Inc.",95725142016.0,15.337,7.217,41.099999999999994,96.89999999999999,67.78,73.017204,9.927498,2026-09-19T11:29:32Z
QCOM,QUALCOMM Incorporated,189815717888.0,33.754003,18.528,-4.0,-24.9,55.21,21.541819,6.791761,2026-09-19T11:29:32Z
DGX,Quest Diagnostics Incorporated,27201513472.0,14.602,15.248000000000001,10.2,13.5,81.074,26.190224,3.6069195,2026-09-19T11:29:32Z
Q,"Qnity Electronics, Inc.",25115486208.0,6.722,22.323,22.1,-34.0,59.992,41.82927,3.462049,2026-09-19T11:29:32Z
RL,Ralph Lauren Corporation,19966009344.0,37.537,18.395,14.000000000000002,19.0,110.373,21.102015,7.3383846,2026-09-19T11:29:32Z
RJF,"Raymond James Financial, Inc.",31648475136.0,18.416001,19.301,15.1,36.5,47.594,14.363557,2.492511,2026-09-19T11:29:32Z
RDDT,"Reddit, Inc.",29023014912.0,30.712,28.788000000000004,61.1,1.832,63.5,35.577835,8.8299,2026-09-19T11:29:32Z
RTX,RTX Corporation,261465063424.0,12.274000000000001,12.696,14.499999999999998,29.099999999999998,57.02,34.15493,3.9390862,2026-09-19T11:29:32Z
O,Realty Income Corporation,53612716032.0,3.225,46.965998,9.6,74.7,74.722,41.357662,1.3555672,2026-09-19T11:29:32Z
REG,Regency Centers Corporation,13638639616.0,8.1870005,39.643002,8.9,9.2,71.972,24.562288,2.004286,2026-09-19T11:29:32Z
REGN,"Regeneron Pharmaceuticals, Inc.",80804225024.0,14.043,33.106,16.7,-6.800000000000001,8.535,19.53335,2.4828303,2026-09-19T11:29:32Z
RF,Regions Financial Corporation,24279992320.0,11.866999400000001,39.314997,3.4000000000000004,1.2,,11.585365,1.3910581,2026-09-19T11:29:32Z
RSG,"Republic Services, Inc.",66775867392.0,18.151999999999997,20.429,4.6,2.9000000000000004,118.798,31.064104,5.546033,2026-09-19T11:29:32Z
RMD,ResMed Inc.,32455325696.0,24.269,30.857,8.6,1.0,12.542,21.550768,4.92794,2026-09-19T11:29:32Z
RVTY,"Revvity, Inc.",16007068672.0,3.211,17.052999,1.3,-3.9,46.225,68.96635,2.2143157,2026-09-19T11:29:32Z
HOOD,"Robinhood Markets, Inc.",107728044032.0,23.618999,43.884,32.300000000000004,45.300000000000004,240.279,48.51012,11.362731,2026-09-19T11:29:32Z
ROK,"Rockwell Automation, Inc.",46247677952.0,30.629,20.968,7.9,38.3,103.347,38.91573,13.209382,2026-09-19T11:29:32Z
ROL,"Rollins, Inc.",15603546112.0,37.008998,18.799,7.9,1.7000000000000002,78.015,29.481817,10.915517,2026-09-19T11:29:32Z
ROP,"Roper Technologies, Inc.",36864311296.0,13.065999999999999,27.725,8.5,2.089,60.531,15.530833,1.9713036,2026-09-19T11:29:32Z
ROST,"Ross Stores, Inc.",72692203520.0,42.628,13.578000000000001,13.3,67.60000000000001,70.281,27.770834,10.742866,2026-09-19T11:29:32Z
RCL,Royal Caribbean Cruises Ltd.,65742393344.0,44.669998,27.07,6.5,-6.800000000000001,224.816,15.173456,6.4225435,2026-09-19T11:29:32Z
SPGI,S&P Global Inc.,119488339968.0,14.255,44.79,10.4,13.5,42.98,24.684532,3.7931776,2026-09-19T11:29:32Z
CRM,"Salesforce, Inc.",195808165888.0,19.381,21.375,10.8,86.9,110.417,22.214752,5.1020756,2026-09-19T11:29:32Z
SNDK,Sandisk Corporation,262356500480.0,91.64,78.472,3.716,,127.69999999999999,24.272825,16.966225,2026-09-19T11:29:32Z
SBAC,SBA Communications Corporation,18946275328.0,,52.16499999999999,2.3,-12.0,,19.539387,,2026-09-19T11:29:32Z
SLB,SLB Limited,75869396992.0,12.909001,12.706000000000001,5.0,-22.5,47.002,24.936584,2.9098358,2026-09-19T11:29:32Z
STX,Seagate Technology Holdings PLC,195282829312.0,3.7152898,43.07,48.5,1.652,179.88,61.739037,89.87859,2026-09-19T11:29:32Z
SRE,DBA Sempra,53168635904.0,6.679,28.327999999999996,-0.1,68.60000000000001,84.663,23.568115,1.6263301,2026-09-19T11:29:32Z
NOW,"ServiceNow, Inc.",140057280512.0,14.244000000000002,4.063,24.0,-22.6,67.538,84.66875,11.190319,2026-09-19T11:29:32Z
SHW,Sherwin-Williams Company (The),77859823616.0,65.12400000000001,18.124000000000002,7.5,11.799999999999999,389.958,29.587639,20.07951,2026-09-19T11:29:32Z
SPG,"Simon Property Group, Inc.",77944299520.0,120.508,46.023998,19.5,-13.100000000000001,503.504,14.489768,15.11818,2026-09-19T11:29:32Z
SWKS,"Skyworks Solutions, Inc.",13355964416.0,5.094,8.825,-3.1,-67.7,11.869,45.98964,2.327948,2026-09-19T11:29:32Z
SJM,The J.M. Smucker Company,13133910016.0,3.9309999999999996,17.898001,5.0,,120.682,57.453266,2.2838726,2026-09-19T11:29:32Z
SW,Smurfit WestRock plc,23252101120.0,2.715,5.466,1.0999999999999999,,78.427,48.184784,1.2874652,2026-09-19T11:29:32Z
SNA,Snap-On Incorporated,19250249728.0,17.932000000000002,25.397,4.2,4.1000000000000005,21.595,18.977562,3.186052,2026-09-19T11:29:32Z
SOLV,Solventum Corporation,15122675712.0,33.960998,9.778,2.1999999999999997,2.1999999999999997,110.313,10.690733,3.1485682,2026-09-19T11:29:32Z
SO,Southern Company (The),98379038720.0,11.4829995,29.612,0.1,33.4,182.058,20.607227,2.486191,2026-09-19T11:29:32Z
LUV,Southwest Airlines Company,20047751168.0,11.099,3.3800002000000005,16.400000000000002,9.4,97.275,25.6125,2.8308926,2026-09-19T11:29:32Z
SWK,"Stanley Black & Decker, Inc.",13528071168.0,6.886,8.443000000000001,0.4,2.448,58.172,21.9022,1.5099874,2026-09-19T11:29:32Z
SBUX,Starbucks Corporation,109246201856.0,,12.919,-1.4000000000000001,87.2,,55.393063,,2026-09-19T11:29:32Z
STT,State Street Corporation,50234707968.0,12.437,34.313,18.4,56.39999999999999,,16.154594,2.1017606,2026-09-19T11:29:32Z
STLD,"Steel Dynamics, Inc.",33719367680.0,17.568001,11.4989996,33.4,78.8,46.924,21.367846,3.5867722,2026-09-19T11:29:32Z
STE,STERIS plc (Ireland),19991422976.0,11.389000000000001,19.153000000000002,7.3,12.8,28.312,25.066013,2.773997,2026-09-19T11:29:32Z
SYK,Stryker Corporation,105528614912.0,16.508,27.015,9.4,44.3,64.391,28.480331,4.3992453,2026-09-19T11:29:32Z
SMCI,"Super Micro Computer, Inc.",25680777216.0,21.465999,13.382,93.2,5.037,63.951,11.990798,2.5043244,2026-09-19T11:29:32Z
SYF,Synchrony Financial,24415827968.0,20.785999999999998,50.219,0.6,-8.5,,7.6337743,1.606405,2026-09-19T11:29:32Z
SNPS,"Synopsys, Inc.",73774358528.0,3.6609999999999996,14.521,42.4,125.1,34.804,66.71924,2.3677783,2026-09-19T11:29:32Z
SYY,Sysco Corporation,37909872640.0,77.69200000000001,4.8449997,4.7,3.8,564.591,21.59836,14.189553,2026-09-19T11:29:32Z
TMUS,"T-Mobile US, Inc.",180401897472.0,17.994,25.22,7.9,0.5,214.035,17.61047,3.2127302,2026-09-19T11:29:32Z
TROW,"T. Rowe Price Group, Inc.",22218979328.0,19.399999,28.688000000000002,10.7,25.1,370.2,10.457831,2.0194266,2026-09-19T11:29:32Z
TTWO,"Take-Two Interactive Software, ",38415130624.0,-9.039,0.51499996,2.0,,81.607,19.961777,10.849131,2026-09-19T11:29:32Z
TPR,"Tapestry, Inc.",22930042880.0,1.97135,19.823,8.9,,571.608,15.818432,33.29473,2026-09-19T11:29:32Z
TRGP,"Targa Resources, Inc.",62654603264.0,70.839995,27.803,4.2,21.5,515.794,27.934034,20.003422,2026-09-19T11:29:32Z
TGT,Target Corporation,71865204736.0,26.408002000000003,6.0440000000000005,5.3,100.69999999999999,107.583,16.426792,4.027548,2026-09-19T11:29:32Z
TEL,TE Connectivity plc,59471802368.0,23.290001,20.775,13.8,17.2,43.441,20.11949,4.496443,2026-09-19T11:29:32Z
TDY,Teledyne Technologies Incorpora,27973795840.0,9.154,20.198,9.8,19.900000000000002,18.565,29.152657,2.562028,2026-09-19T11:29:32Z
TER,"Teradyne, Inc.",58075897856.0,36.464999999999996,33.161,103.89999999999999,3.779,288.3,51.026096,18.496738,2026-09-19T11:29:32Z
TSLA,"Tesla, Inc.",1438701584384.0,4.6669997,1.4099999,25.5,-4.9,18.373,334.19263,16.561491,2026-09-19T11:29:32Z
TXN,Texas Instruments Incorporated,243508379648.0,35.176,42.576997999999996,22.8,52.900000000000006,78.036,40.461308,13.519242,2026-09-19T11:29:32Z
TPL,Texas Pacific Land Corporation,24325302272.0,36.565999999999995,78.17699999999999,31.2,32.5,107.69999999999999,45.04087,14.544893,2026-09-19T11:29:32Z
TXT,Textron Inc.,13705637888.0,12.126000000000001,8.701,3.0,1.2,52.285,15.237094,1.7012148,2026-09-19T11:29:32Z
TMO,Thermo Fisher Scientific Inc,240871882752.0,13.514999999999999,18.751,10.5,7.3999999999999995,80.575,35.080776,4.5724454,2026-09-19T11:29:32Z
TJX,"TJX Companies, Inc. (The)",139960696832.0,62.171,10.909,5.4,22.3,134.419,23.60668,13.516041,2026-09-19T11:29:32Z
TKO,"TKO Group Holdings, Inc.",35821182976.0,7.063,32.388002,18.2,3.3000000000000003,59.216,66.17483,4.1423535,2026-09-19T11:29:32Z
TTD,"The Trade Desk, Inc.",6581307904.0,15.440999999999999,14.205000000000002,3.0,-28.599999999999998,16.863,16.97561,2.5392194,2026-09-19T11:29:32Z
TSCO,Tractor Supply Company,16782701568.0,39.513,12.0740004,2.3,-16.1,248.71,16.776041,6.40995,2026-09-19T11:29:32Z
TT,Trane Technologies plc,94414143488.0,36.643,19.250999999999998,10.6,5.800000000000001,53.404,31.9516,10.962904,2026-09-19T11:29:32Z
TDG,Transdigm Group Incorporated,60033073152.0,,46.005002,22.5,9.6,,32.890675,,2026-09-19T11:29:32Z
TRV,"The Travelers Companies, Inc.",78136377344.0,26.511000000000003,23.698,0.3,46.300000000000004,27.378,10.07043,2.3593948,2026-09-19T11:29:32Z
TRMB,Trimble Inc.,13421832192.0,-1.939,15.134,11.0,,28.553,13.959353,2.3658035,2026-09-19T11:29:32Z
TFC,Truist Financial Corporation,59322171392.0,9.059000000000001,39.815,8.200000000000001,25.2,,11.1632185,1.0108665,2026-09-19T11:29:32Z
TYL,"Tyler Technologies, Inc.",13821391872.0,9.731,14.741000000000001,8.200000000000001,10.5,47.906,44.466404,4.548272,2026-09-19T11:29:32Z
TSN,"Tyson Foods, Inc.",18564564992.0,3.263,2.711,-0.1,1.984,44.025,32.574074,1.0268534,2026-09-19T11:29:32Z
USB,U.S. Bancorp,93576568832.0,12.623000000000001,39.646997999999996,10.4,19.900000000000002,,11.988024,1.5435225,2026-09-19T11:29:32Z
UBER,"Uber Technologies, Inc.",144000483328.0,37.16,13.317999,12.2,76.7,51.872,15.460526,5.265123,2026-09-19T11:29:32Z
UDR,"UDR, Inc.",12453647360.0,13.739,20.177999,-0.1,83.2,156.144,21.455696,3.761234,2026-09-19T11:29:32Z
ULTA,"Ulta Beauty, Inc.",23130937344.0,46.117002,12.505999000000001,8.9,8.1,95.472,19.80161,8.522725,2026-09-19T11:29:32Z
UNP,Union Pacific Corporation,165966872576.0,39.696,40.982,11.5,6.2,150.772,22.880424,8.541335,2026-09-19T11:29:32Z
UAL,"United Airlines Holdings, Inc.",35283976192.0,23.252001,5.534,16.0,-17.299999999999997,201.641,10.178839,2.1132948,2026-09-19T11:29:32Z
UPS,"United Parcel Service, Inc.",84278419456.0,29.602,9.052,7.6,-52.900000000000006,189.9,18.412638,5.5950294,2026-09-19T11:29:32Z
URI,"United Rentals, Inc.",63108280320.0,28.895,25.985999999999997,11.799999999999999,21.099999999999998,166.793,24.390425,6.8522243,2026-09-19T11:29:32Z
UNH,UnitedHealth Group Incorporated,338303483904.0,14.152999,7.132999600000001,0.4,61.0,69.211,24.206808,3.4647596,2026-09-19T11:29:32Z
UHS,"Universal Health Services, Inc.",10413493248.0,20.948,11.14,8.3,1.5,68.74,7.2088943,1.3859127,2026-09-19T11:29:32Z
VLO,Valero Energy Corporation,118994657280.0,27.637,12.269,51.7,4.21,40.148,17.241552,4.759645,2026-09-19T11:29:32Z
VEEV,Veeva Systems Inc.,42130300928.0,14.424999999999999,29.637,17.599999999999998,36.5,204.1,42.72742,5.8046308,2026-09-19T11:29:32Z
VTR,"Ventas, Inc.",44467322880.0,2.012,14.807998999999999,21.7,3.4000000000000004,84.928,157.61818,3.0354705,2026-09-19T11:29:32Z
VLTO,Veralto Corp,23036033024.0,34.312,21.370001,7.5,8.6,115.978,23.801006,7.4507174,2026-09-19T11:29:32Z
VRSN,"VeriSign, Inc.",27402047488.0,,68.178004,6.0,4.3999999999999995,,32.912052,,2026-09-19T11:29:32Z
VRSK,"Verisk Analytics, Inc.",22830667776.0,,45.106998,4.3999999999999995,-9.8,,26.9447,,2026-09-19T11:29:32Z
VZ,Verizon Communications Inc.,199803142144.0,15.842,22.999,-0.7000000000000001,-23.3,184.081,12.589005,1.9226772,2026-09-19T11:29:32Z
VRTX,Vertex Pharmaceuticals Incorpor,128844324864.0,23.542999000000002,38.055,12.5,6.5,9.767,29.589056,6.3605313,2026-09-19T11:29:32Z
VRT,"Vertiv Holdings, LLC",96012197888.0,43.943,20.362,24.099999999999998,53.5,70.166,54.69079,20.178816,2026-09-19T11:29:32Z
VTRS,Viatris Inc.,19468615680.0,-2.754,12.550999,4.9,,95.535,6.370696,1.3465205,2026-09-19T11:29:32Z
VICI,VICI Properties Inc.,26117558272.0,9.849,70.182997,5.7,-39.1,60.277,9.338583,0.8953308,2026-09-19T11:29:32Z
V,Visa Inc.,691411156992.0,61.19,66.130996,14.399999999999999,6.800000000000001,67.821,31.34383,19.517223,2026-09-19T11:29:32Z
VST,Vistra Corp.,47213801472.0,42.962002999999996,13.766,-5.5,-6.7,373.28,23.681818,15.7225895,2026-09-19T11:29:32Z
VMRK,Vivmark Residential,47370760192.0,8.487,29.499,3.3000000000000003,-42.0,75.129,24.19763,,2026-09-19T11:29:32Z
VMC,Vulcan Materials Company (Holdi,31206447104.0,13.234000000000002,21.611,2.5,0.8,58.22,28.807417,3.6815715,2026-09-19T11:29:32Z
WRB,W.R. Berkley Corporation,25982214144.0,20.207000999999998,16.385001,1.2,12.7,31.527,14.401234,2.8031878,2026-09-19T11:29:32Z
GWW,"W.W. Grainger, Inc.",59658526720.0,46.091,16.072,10.299999999999999,18.3,61.977,32.155624,14.441543,2026-09-19T11:29:32Z
WAB,Westinghouse Air Brake Technolo,47333888000.0,11.553001,19.188,17.5,17.599999999999998,61.686,37.71602,4.225677,2026-09-19T11:29:32Z
WMT,Walmart Inc.,849365827584.0,22.313999000000003,3.45,5.8999999999999995,-9.4,71.653,38.67029,9.008272,2026-09-19T11:29:32Z
DIS,Walt Disney Company (The),177278943232.0,8.01,19.301,6.800000000000001,-49.9,39.404,21.169073,1.6142573,2026-09-19T11:29:32Z
WBD,"Warner Bros. Discovery, Inc. - ",69698396160.0,-8.786,5.1049999999999995,-11.200000000000001,-90.60000000000001,94.199,397.14285,2.123272,2026-09-19T11:29:32Z
WM,"Waste Management, Inc.",84379877376.0,29.841,18.986,4.0,8.1,235.301,29.858557,8.506951,2026-09-19T11:29:32Z
WAT,Waters Corporation,41398104064.0,1.9199998999999999,9.422,113.39999999999999,,36.045,106.47222,2.7255392,2026-09-19T11:29:32Z
WEC,"WEC Energy Group, Inc.",33617879040.0,11.988,21.802999,2.6,21.9,157.985,20.033009,2.4664707,2026-09-19T11:29:32Z
WFC,Wells Fargo & Company,260426825728.0,12.575,37.387002,9.5,16.6,,12.517442,1.6189796,2026-09-19T11:29:32Z
WELL,Welltower Inc.,164917313536.0,3.836,16.561002,39.1,47.4,41.375,103.09459,3.5449092,2026-09-19T11:29:32Z
WST,"West Pharmaceutical Services, I",25497841664.0,19.087,22.469,13.8,16.8,10.585,46.27203,8.53016,2026-09-19T11:29:32Z
WDC,Western Digital Corporation,159128338432.0,130.853,43.608000000000004,43.8,10.33,13.436,16.395245,21.102556,2026-09-19T11:29:32Z
WY,Weyerhaeuser Company,15294017536.0,4.974,8.034000500000001,-0.8999999999999999,86.2,57.625,32.151512,1.620961,2026-09-19T11:29:32Z
WSM,"Williams-Sonoma, Inc.",26406090752.0,54.960995999999994,17.272000000000002,6.7,36.6,71.369,22.994871,14.118387,2026-09-19T11:29:32Z
WMB,"Williams Companies, Inc. (The)",88129224704.0,21.503,39.540002,7.8,51.5,200.371,28.705181,6.6985874,2026-09-19T11:29:32Z
WTW,Willis Towers Watson Public Lim,28788443136.0,19.761999,17.559,9.1,-30.8,91.39,19.19381,3.7499244,2026-09-19T11:29:32Z
WDAY,"Workday, Inc.",46722670592.0,16.006,11.816,12.8,1.772,58.39,40.643604,7.223443,2026-09-19T11:29:32Z
WYNN,"Wynn Resorts, Limited",8410907136.0,,16.537,6.9,111.5,,19.58753,,2026-09-19T11:29:32Z
XEL,Xcel Energy Inc.,45161062400.0,9.92,22.700001,-5.1,32.0,173.135,19.80822,1.8765574,2026-09-19T11:29:32Z
XYL,Xylem Inc.,25113841664.0,9.182999,16.995001000000002,1.5,16.400000000000002,28.642,25.670643,2.2821982,2026-09-19T11:29:32Z
YUM,"Yum! Brands, Inc.",37657624576.0,,32.779998,12.2,128.1,,17.099134,,2026-09-19T11:29:32Z
ZBRA,Zebra Technologies Corporation,16399294464.0,15.286,21.259000999999998,20.4,108.0,86.23,31.742674,4.782093,2026-09-19T11:29:32Z
ZBH,"Zimmer Biomet Holdings, Inc.",18188746752.0,6.413,17.959999,4.8,29.799999999999997,60.175,23.145632,1.4397874,2026-09-19T11:29:32Z
ZTS,Zoetis Inc.,29504165888.0,64.911,40.721000000000004,-0.2,-4.8,293.996,11.9198675,9.108305,2026-09-19T11:29:32Z
1101.TW,TCC GROUP HOLDINGS CO LTD,182458990592.0,-3.0509999999999997,6.2379999999999995,7.8,4.91,53.876,18.10409,0.77500874,2026-09-19T11:29:32Z
1102.TW,ASIA CEMENT CORP,124661694464.0,6.465999999999999,9.5979996,-4.5,78.4,46.042,9.274406,0.67594856,2026-09-19T11:29:32Z
1103.TW,CHIA HSIN CEMENT CORPORATION,9363449856.0,5.1880002,0.328,-13.200000000000001,,64.902,9.468085,0.5005624,2026-09-19T11:29:32Z
1104.TW,UNIVERSAL CEMENT CORPORATION,18471739392.0,7.800999999999999,14.503,-8.6,25.2,11.176,9.962963,0.7496377,2026-09-19T11:29:32Z
1108.TW,LUCKY CEMENT CO.,4512828928.0,4.9590003000000005,4.789000000000001,-20.4,-96.6,50.488,16.64179,0.8253145,2026-09-19T11:29:32Z
1109.TW,HSING TA CEMENT CO LTD,4571529216.0,2.194,4.6719998,-20.7,-44.1,56.00000000000001,19.42029,0.55452096,2026-09-19T11:29:32Z
1110.TW,SOUTH EAST CEMENT CO LTD.,8842176512.0,3.788,9.9580005,-8.5,,27.368,25.0,0.9429945,2026-09-19T11:29:32Z
1201.TW,WEI CHUAN FOOD CORP,5845027840.0,4.093,-1.559,-1.5,4.381,75.988,18.934425,0.73454595,2026-09-19T11:29:32Z
1203.TW,VE WONG CORPORATION,10922596352.0,10.118,14.452000000000002,-7.1,6.109,14.162,21.880953,1.681364,2026-09-19T11:29:32Z
1210.TW,GREAT WALL ENTERPRISE,44094476288.0,12.489,3.388,8.4,-22.0,82.763,12.980296,1.7270762,2026-09-19T11:29:32Z
1213.TW,OCEANIC BEVERAGES CO INC,419007456.0,-8.364,-14.206,6.4,,9.704,,0.67401403,2026-09-19T11:29:32Z
1215.TW,CHAROEN POKPHAND ENTERPRISES CO,32279506944.0,22.975,10.087,2.3,-23.5,162.487,12.644342,2.9521987,2026-09-19T11:29:32Z
1216.TW,UNI-PRESIDENT ENTERPRISES CORP,426151149568.0,17.834,5.864,3.2,45.2,148.861,18.159805,3.1261723,2026-09-19T11:29:32Z
1217.TW,AGV PRODUCTS,4935243776.0,4.259,-0.244,-4.5,125.2,67.463,15.121211,0.6425444,2026-09-19T11:29:32Z
1218.TW,TAISUN ENTERPRISE CO. LTD.,7148888576.0,-2.7490001,2.1839999999999997,-2.1,,133.6,12.04918,0.6203579,2026-09-19T11:29:32Z
1219.TW,FWUSOW INDUSTRY CO LTD,3924241152.0,-7.401000000000001,-6.563000400000001,-4.6,,111.07,,0.9852639,2026-09-19T11:29:32Z
1220.TW,TAI ROUN PRODUCTS CO,1913928576.0,1.427,0.159,1.9,,23.218,155.0,0.83887434,2026-09-19T11:29:32Z
1225.TW,FORMOSA OILSEED PROCESSING,5959799296.0,3.2259999999999995,-2.088,-0.7000000000000001,,80.46,117.14286,1.5860735,2026-09-19T11:29:32Z
1227.TW,STANDARD FOODS CORPORATION,25844549632.0,8.283,0.70499997,-0.2,116.6,16.101,17.670807,1.4123313,2026-09-19T11:29:32Z
1229.TW,LIEN HWA INDUSTRIAL HOLDINGS CO,74531627008.0,6.1339997,5.869,-38.800000000000004,-13.8,13.365,16.741802,1.1861897,2026-09-19T11:29:32Z
1231.TW,LIAN HWA FOODS CORP,26592294912.0,21.075001,5.2259997,-0.1,70.1,81.395,18.080357,3.5450127,2026-09-19T11:29:32Z
1232.TW,TTET UNION CORP,24876113920.0,27.222002,8.59,9.5,19.0,26.027,17.239468,4.5107765,2026-09-19T11:29:32Z
1233.TW,TEN REN TEA CO,2558009344.0,6.122,3.2560002,4.3999999999999995,73.4,24.419,30.706522,1.821523,2026-09-19T11:29:32Z
1234.TW,HEY SONG,13301929984.0,3.573,1.367,-14.499999999999998,-10.2,10.499,20.182926,0.7215101,2026-09-19T11:29:32Z
1235.TW,SHIN TAI INDUSTRY CO,1777485952.0,-2.6029998,-18.892999,-14.099999999999998,66.8,65.979,,0.6723758,2026-09-19T11:29:32Z
1236.TW,HUNYA FOODS CO,2210187264.0,-0.214,-16.895,1.7000000000000002,,16.883,,0.8460798,2026-09-19T11:29:32Z
1256.TW,SUNJUICE HOLDINGS CO LIMITED,6153266176.0,15.2,19.233,41.8,68.10000000000001,5.13,11.011524,1.465551,2026-09-19T11:29:32Z
1301.TW,FORMOSA PLASTIC,413773168640.0,2.485,6.0939997,4.1000000000000005,,27.874,39.634148,0.720533,2026-09-19T11:29:32Z
1303.TW,NAN YA PLASTIC,1887535628288.0,12.316,13.578000000000001,27.3,,29.963,38.325283,3.950929,2026-09-19T11:29:32Z
1304.TW,USI CORPORATION,13135638528.0,-12.4239996,5.223,-4.8,,65.493,,0.7459505,2026-09-19T11:29:32Z
1305.TW,CHINA GENERAL PLASTICS CORP,6943547392.0,-3.2910000000000004,6.61,2.7,,98.783,,0.9019549,2026-09-19T11:29:32Z
1307.TW,SAN FANG CHEMICAL,12153338880.0,,10.609,9.5,,44.849,9.146707,1.2203403,2026-09-19T11:29:32Z
1308.TW,ASIA POLYMER,8371776000.0,-5.7329997,10.829,15.7,,6.203,52.22222,0.77750206,2026-09-19T11:29:32Z
1309.TW,TAITA CHEMICAL,5446941696.0,-10.91,-5.603000000000001,-26.200000000000003,,36.855,,1.0128641,2026-09-19T11:29:32Z
1310.TW,TAIWAN STYRENE MONOMER,4618860544.0,-14.174000000000001,-8.229000000000001,-19.2,,5.574,33.653847,0.736594,2026-09-19T11:29:32Z
1312.TW,GRAND PACIFIC PETROCHEMICAL,22415210496.0,-14.333999,-10.126001,1.5,,91.966,22.272726,0.5683575,2026-09-19T11:29:32Z
1313.TW,UPC TECHNOLOGY CO,16302864384.0,-2.6600001,2.6029998,11.1,,69.281,,0.541269,2026-09-19T11:29:32Z
1314.TW,CHINA PETROCHEMICAL DEVELOPMENT,33500157952.0,-3.911,-2.8670002,-20.7,,49.126,5.1494255,0.4499799,2026-09-19T11:29:32Z
1315.TW,TAHHSIN INDUSTRIAL CORP,6514940928.0,2.098,-1.9480000000000002,-8.1,,94.19999999999999,27.836733,0.48254833,2026-09-19T11:29:32Z
1316.TW,SUN YAD CONSTRUCTION CO LTD,3902926592.0,7.3,5.628,120.10000000000001,,65.993,48.863636,0.8948639,2026-09-19T11:29:32Z
1319.TW,TONG YANG INDUSTRY,47613898752.0,13.517999999999999,15.759,-3.9,76.7,9.356,13.068182,1.761565,2026-09-19T11:29:32Z
1321.TW,OCEAN PLASTICS,7216409600.0,0.47800000000000004,1.0199999,7.3999999999999995,,70.503,272.5,1.1886587,2026-09-19T11:29:32Z
1323.TW,YONYU PLASTICS,1953284992.0,4.611,7.228999999999999,6.1,,54.634,16.984127,0.7373971,2026-09-19T11:29:32Z
1324.TW,GLOBE INDUSTRIES CORPORATION,750468736.0,-2.5880001,2.2839999,-15.299999999999999,,291.8,,0.83724433,2026-09-19T11:29:32Z
1325.TW,UNIVERSAL INC,2187457536.0,-1.406,-46.815,-21.2,,0.3,,0.8500696,2026-09-19T11:29:32Z
1326.TW,FORMOSA CHEMICAL & FIBRE CO,398318010368.0,3.479,2.2160001,18.5,,23.989,28.855932,0.7676699,2026-09-19T11:29:32Z
1337.TW,ASIA PLASTIC RECYCLING HOLDING ,1196849792.0,-13.691,-80.26299999999999,-18.6,,39.201,,0.33400884,2026-09-19T11:29:32Z
1338.TW,HIROCA HOLDINGS LTD,1150815744.0,-2.648,-4.5600000000000005,10.0,,82.043,1.6531323,0.1978727,2026-09-19T11:29:32Z
1339.TW,Y.C.C. PARTS MFG CO LTD,3209569024.0,10.9560005,8.8199995,-0.2,,6.001,7.4526677,0.7770719,2026-09-19T11:29:32Z
1340.TW,VICTORY NEW MATLS LTD CO,795199616.0,-13.29,-2.6436899,67.4,,12.159,,0.29784065,2026-09-19T11:29:32Z
1341.TW,FULIN PLASTIC INDUSTRY(CAYMAN) ,3155204864.0,22.087999,12.285,12.3,3.028,38.515,12.183674,2.5488856,2026-09-19T11:29:32Z
1342.TW,CATHAY CONSOLIDATED INC,8007092224.0,24.422,16.430001,40.699999999999996,125.0,36.753,14.550641,3.534916,2026-09-19T11:29:32Z
1402.TW,FAR EASTERN NEW CENTURY CORPORA,150393896960.0,6.607,7.545,15.299999999999999,1.808,83.863,13.910892,0.6460067,2026-09-19T11:29:32Z
1409.TW,SHINKONG SYNTHETIC FIBER,39197974528.0,8.332,22.889,23.200000000000003,,128.803,18.421053,0.8212933,2026-09-19T11:29:32Z
1410.TW,NAN-YANG DYEING & FINISHING,1509699968.0,3.762,11.1499995,9.0,,2.5,33.356163,1.4361546,2026-09-19T11:29:32Z
1413.TW,HUNG CHOU FIBER IND. CO.  LTD,1220718592.0,3.56,5.4670000000000005,-6.5,-28.299999999999997,81.571,30.799997,1.0567245,2026-09-19T11:29:32Z
1414.TW,TUNG HOTEXTILE CO. LTD.,3435300096.0,3.6769999999999996,-5.9799999999999995,0.6,5.724,16.093,32.129627,1.1517526,2026-09-19T11:29:32Z
1416.TW,KWONG FONG INDUSTRIES,2131432960.0,5.5280000000000005,8.394,49.8,2.454,30.853,9.745763,0.47702008,2026-09-19T11:29:32Z
1417.TW,CARNIVAL (TW),1523334912.0,4.1300002000000005,-15.402001000000002,-15.6,95.5,465.29999999999995,15.423079,0.64422846,2026-09-19T11:29:32Z
1418.TW,TONGHWA CORPORATION,958589120.0,-6.731,-7.4573603,2.92,,334.534,,0.8408766,2026-09-19T11:29:32Z
1419.TW,SHINKONG TEXTILE CO. LTD.,19869337600.0,21.966,7.242999999999999,18.3,68.30000000000001,11.29,4.7838616,0.8719518,2026-09-19T11:29:32Z
1423.TW,REWARD WOOL,3537504000.0,9.9379994,-63.883995999999996,-9.3,-58.8,,10.502958,1.0356195,2026-09-19T11:29:32Z
1432.TW,TRK CORPORATION,1617524992.0,39.253,-36.425000000000004,-39.1,,115.382,2.9469547,1.2209018,2026-09-19T11:29:32Z
1434.TW,FORMOSA TAFFETA CO,29947998208.0,3.726,1.982,-0.2,,22.827,19.347824,0.6154697,2026-09-19T11:29:32Z
1435.TW,CHUNG FU TEX-INTERNATIONAL CORP,3214939904.0,-10.366,-42.23463,0.0,,0.1,,3.4508626,2026-09-19T11:29:32Z
1436.TW,HUA YU LIEN DEVELOPMENT CO LTD,7503974912.0,8.926,40.715,-69.39999999999999,-76.8,196.149,14.922781,1.3522971,2026-09-19T11:29:32Z
1437.TW,GTM HOLDINGS CORPORATION,6665379840.0,10.497,52.72599999999999,18.9,,51.601,7.697674,0.777488,2026-09-19T11:29:32Z
1438.TW,SANDI PROPERTIES CO LTD,2690289664.0,9.5699996,-62.432,,,289.18,9.69697,0.8563345,2026-09-19T11:29:32Z
1439.TW,ASCENT DEVELOPMENT CO LTD,2677200128.0,9.945,-12.838,-59.199999999999996,-1.0,54.727,9.509804,0.8882241,2026-09-19T11:29:32Z
1440.TW,TAINAN SPINNING,22284175360.0,0.294,0.57599996,-13.8,42.554,35.063,448.33334,0.7784916,2026-09-19T11:29:32Z
1441.TW,TAH TONG TEXTILE,463356576.0,-33.838,-13.062000000000001,-20.4,,185.798,,1.7209395,2026-09-19T11:29:32Z
1442.TW,ADVANCETEK ENTERPRICE,11499057152.0,8.3129995,37.854,-30.4,-34.699999999999996,78.099,18.470587,1.5566131,2026-09-19T11:29:32Z
1443.TW,LILY TEXTILE CO LTD,3180560640.0,14.411999999999999,35.206002,-5.4,,274.384,11.576355,1.3319731,2026-09-19T11:29:32Z
1444.TW,LEALEA ENTERPRISE,6703695872.0,-3.9120000000000004,-2.0820000000000003,58.9,,70.304,24.321428,0.66849905,2026-09-19T11:29:32Z
1445.TW,UNIVERSAL TEXTILE CO,1332793216.0,-4.236,-18.694,-32.800000000000004,,97.569,,0.6246938,2026-09-19T11:29:32Z
1446.TW,HONG HO PRECISION TEXTILE CO,1893512448.0,4.754,20.028000000000002,-67.9,-73.8,23.400000000000002,14.784946,0.70858026,2026-09-19T11:29:32Z
1447.TW,LI PENG ENTERPRISE,5457717248.0,-3.108,-0.158,5.800000000000001,,58.162,17.972221,0.6728369,2026-09-19T11:29:32Z
1449.TW,CHIA HER INDUSTRIAL CO,1563509248.0,6.598999999999999,0.24899999,49.0,,117.067,6.089109,0.63965887,2026-09-19T11:29:32Z
1451.TW,NIEN HSING TEXTILE,3385800192.0,4.1750003,1.733,-5.5,,270.6,11.324504,0.4578436,2026-09-19T11:29:32Z
1452.TW,HONG YI FIBER IND,1432522880.0,-0.0030000001,1.422,13.5,,10.4,inf,0.5262132,2026-09-19T11:29:32Z
1453.TW,TA JIANG DEVELOPMENT CORP,1294714752.0,5.3379997999999995,-25.80371,1.0999999999999999,101.274,89.872,16.567163,0.8614668,2026-09-19T11:29:32Z
1454.TW,TAIWAN TAFFETA FABRIC,1538712064.0,-8.361,-8.5810006,-15.8,,35.72,,1.1794441,2026-09-19T11:29:32Z
1455.TW,ZIG SHENG INDUSTRIAL CO,5290299392.0,4.6370000000000005,7.706,-7.1,,46.184,18.773586,0.8523944,2026-09-19T11:29:32Z
1456.TW,I-HWA INDUSTRIAL,1316766080.0,15.958998999999999,30.868000000000002,-49.9,,582.588,4.861592,0.7170563,2026-09-19T11:29:32Z
1457.TW,YI JINN INDUSTRIAL CO,3397701632.0,4.3649998000000005,6.854,-3.6999999999999997,,80.233,10.698529,0.63916713,2026-09-19T11:29:32Z
1459.TW,LAN FA TEXTILE,3714567168.0,19.474000999999998,9.100999999999999,-0.1,46.9,32.763,4.8447204,1.1431922,2026-09-19T11:29:32Z
1460.TW,EVEREST TEXTILE,4303092736.0,-2.555,-6.322,-12.8,,71.785,9.815385,0.76361465,2026-09-19T11:29:32Z
1463.TW,CS GROUP INVESTMENT HOLDING LTD,3002849280.0,-1.197,-38.279998,13.200000000000001,,15.7,,1.1700989,2026-09-19T11:29:32Z
1464.TW,DE LICACY INDUSTRIAL CO,4210193152.0,3.978,2.238,4.9,,143.58,16.048388,0.7807595,2026-09-19T11:29:32Z
1465.TW,WISHER INDUSTRIAL CO,1212205312.0,3.872,-19.412,-3.9,,,20.526316,0.77678925,2026-09-19T11:29:32Z
1466.TW,ACELON CHEMICAL & FIBER CORPORA,1667359744.0,-2.342,3.447,-15.1,,92.363,,1.0635281,2026-09-19T11:29:32Z
1467.TW,TEX-RAY INDUSTRIAL CO LTD,1868465152.0,2.2960000000000003,-1.0330000000000001,11.899999999999999,,162.907,31.153849,0.65837604,2026-09-19T11:29:32Z
1468.TW,CHANG-HO FIBRE CORP,2125366144.0,9.379999999999999,17.156,-34.8,,88.315,14.887641,1.4582874,2026-09-19T11:29:32Z
1470.TW,EVERTEX FABRINOLOGY LTD,2101291520.0,11.3579996,12.690999999999999,-9.2,,283.0,18.846155,2.0842195,2026-09-19T11:29:32Z
1471.TW,SOLYTECH ENTERPRISE CORPORATION,1407879936.0,1.9879999999999998,-130.62301,-54.0,,53.1,46.8,0.9643519,2026-09-19T11:29:32Z
1472.TW,TRIOCEAN INDUSTRIAL CORPORATION,4587458048.0,15.254000000000001,10.656,11.600000000000001,-1.7000000000000002,44.331,14.398682,2.1087682,2026-09-19T11:29:32Z
1473.TW,TAINAN ENTERPRISES,2893849088.0,1.3710000999999998,-2.1259999,-4.8,,24.459,56.571426,0.74980116,2026-09-19T11:29:32Z
1474.TW,HONMYUE ENTERPRISE CO LTD,1305464832.0,1.4789999,-1.509,-2.6,,48.272,38.653847,0.5982499,2026-09-19T11:29:32Z
1475.TW,BIG SUNSHINE CO LTD,1732946304.0,17.775999000000002,5.242999999999999,2.0,,8.523,6.7480717,1.1365112,2026-09-19T11:29:32Z
1476.TW,ECLAT TEXTILE CO,77371523072.0,24.152,19.184999,3.8,1.583,112.3,11.696391,2.6662633,2026-09-19T11:29:32Z
1477.TW,MAKALOT INDUSTRIAL CO,47858581504.0,26.729000000000003,13.303,6.2,32.2,17.144,13.296779,3.4708555,2026-09-19T11:29:32Z
1503.TW,SHIHLIN ELEC & ENGINEERING,103933911040.0,10.273,13.270999999999999,7.9,31.7,173.8,27.55525,2.685928,2026-09-19T11:29:32Z
1504.TW,TECO ELECTRIC & MACHINERY CO,163003990016.0,7.606,10.5229996,6.4,81.89999999999999,19.996,24.645391,1.6941717,2026-09-19T11:29:32Z
1506.TW,RIGHT WAY INDUSTRIAL,2931796736.0,0.41000000000000003,-6.199000000000001,10.5,,247.5,244.00002,1.0455276,2026-09-19T11:29:32Z
1512.TW,JUI LI ENTERPRISE,614625600.0,2.949,-3.1170001,-10.299999999999999,,256.797,32.94737,0.8565955,2026-09-19T11:29:32Z
1513.TW,CHUNG HSIN ELECTRIC & MACHINERY,82510356480.0,22.009,20.052,6.0,34.599999999999994,37.258,18.806307,3.9625103,2026-09-19T11:29:32Z
1514.TW,ALLIS ELECTRIC CO LTD,28043118592.0,16.483,11.162999999999998,9.4,31.6,38.927,28.672318,4.3631516,2026-09-19T11:29:32Z
1515.TW,REXON INDUSTRIAL,5553073664.0,7.097,-1.9989999,-1.7000000000000002,,43.768,20.536913,1.4232558,2026-09-19T11:29:32Z
1516.TW,FALCON POWER CO. LTD.,408111488.0,0.16500001,-12.158,53.1,,,,2.7010925,2026-09-19T11:29:32Z
1517.TW,LEE CHI ENTERPRISES CO,2299000064.0,-3.1770001999999997,-14.249999999999998,9.9,,398.5,1.5833334,0.6859656,2026-09-19T11:29:32Z
1519.TW,FORTUNE ELECTRIC CO LTD,250525204480.0,55.235,22.551,-10.2,29.2,30.137,52.095375,27.215763,2026-09-19T11:29:32Z
1521.TW,TA YIH INDUSTRIAL CO,1901938560.0,6.563000400000001,2.78,15.9,,6.133,15.691824,1.0115548,2026-09-19T11:29:32Z
1522.TW,TYC BROTHER INDUSTRIAL,8110908416.0,4.321,-0.31299999,54.300000000000004,,162.854,30.232557,0.8752441,2026-09-19T11:29:32Z
1524.TW,GORDON AUTO BODY PARTS CO,4314601472.0,11.6730005,14.416,9.2,,55.641,12.857143,1.453958,2026-09-19T11:29:32Z
1525.TW,KIANSHEN CORP,4771006464.0,2.262,3.6249999999999996,20.0,-16.1,,44.217686,0.9564872,2026-09-19T11:29:32Z
1526.TW,SUN RACE STURMEY-ARCHER INC,900000000.0,-3.6290000000000004,-13.957,-19.5,,61.161,,0.683309,2026-09-19T11:29:32Z
1527.TW,BASSO INDUSTRY,4482758656.0,6.1729997,-0.501,-5.1,,75.7,15.404762,0.92935735,2026-09-19T11:29:32Z
1528.TW,ANDERSON INDUSTRIAL CORP,4706742784.0,-2.9860001,-3.092,1.2,,114.115,,2.2178147,2026-09-19T11:29:32Z
1529.TW,LUXE GREEN ENERGY TECHNOLOGY CO,3093458688.0,6.288,10.8950004,-7.9,-57.099999999999994,53.878,25.847458,1.3671,2026-09-19T11:29:32Z
1530.TW,AWEA MECHANTRONIC CO,2783906560.0,5.5370003,-8.347,-3.4000000000000004,,48.406,49.090908,0.78903526,2026-09-19T11:29:32Z
1531.TW,KAULIN MANUFACTURING,2148875264.0,1.421,-8.1709996,11.5,,5.561,43.7037,0.6178981,2026-09-19T11:29:32Z
1532.TW,CHINA METAL PRODUCTS CO,9511615488.0,4.462,5.5,16.900000000000002,45.0,121.224,18.884296,0.62781626,2026-09-19T11:29:32Z
1533.TW,MOBILETRON ELECTRONICS,3010610688.0,14.824000000000002,7.859000600000001,51.1,,176.398,11.356876,1.2147117,2026-09-19T11:29:32Z
1535.TW,CHINA ECOTEK,5679803904.0,12.971,4.5640003,-35.4,-11.600000000000001,104.80000000000001,12.207447,1.5215806,2026-09-19T11:29:32Z
1536.TW,HOTA INDUSTRIAL MFG CO,12929773568.0,-6.934,-10.597999399999999,2.7,,160.898,85.83333,1.7433331,2026-09-19T11:29:32Z
1537.TW,KUNG LONG BATTERIE,9601346560.0,16.791001,11.103,3.5999999999999996,53.5,,14.19903,2.2706542,2026-09-19T11:29:32Z
1538.TW,JENN FENG INDUSTRIAL TOOLS CO L,285855008.0,-88.744,-58.037000000000006,-20.599999999999998,,65.103,,2.434663,2026-09-19T11:29:32Z
1539.TW,CHIU TING MACHINERY CO,1029577472.0,3.4649998,3.134,-14.899999999999999,,19.385,18.75,0.63933426,2026-09-19T11:29:32Z
1540.TW,ROUNDTOP MACHINERY INDUSTRY,1679564032.0,7.443999499999999,-12.762,-28.000000000000004,,,16.106556,1.1874546,2026-09-19T11:29:32Z
1541.TW,CHANG TYPE INDUSTRIAL CO,1670560000.0,10.404000400000001,3.1630002,-44.9,,16.033,7.881041,0.77138597,2026-09-19T11:29:32Z
1558.TW,ZENG HSING INDUSTRIAL CO,7163454976.0,9.5019996,10.13,5.1,3.029,29.517,14.03287,1.3770857,2026-09-19T11:29:32Z
1560.TW,KINIK CO,134659350528.0,21.427,24.216999,17.9,96.5,22.504,76.320274,14.784746,2026-09-19T11:29:32Z
1563.TW,SUPERALLOY INDUSTRIAL CO LTD,9365558272.0,2.701,9.83,15.5,,114.514,52.71429,1.4510707,2026-09-19T11:29:32Z
1568.TW,TSANG YOW INDUSTRIAL CO,3159616512.0,9.677,22.298999,18.099999999999998,60.867,5.485,16.21693,1.6638619,2026-09-19T11:29:32Z
1582.TW,SYNCMOLD ENTERPRISE CORP,10228671488.0,6.8169996,-1.841,-6.9,54.6,37.251,22.15625,1.38677,2026-09-19T11:29:32Z
1583.TW,GOODWAY MACHINE CORP.,5640354816.0,8.3229996,-1.9919999000000002,2.8000000000000003,,70.07,11.736972,0.9966917,2026-09-19T11:29:32Z
1587.TW,CRYOMAX COOLING SYSTEM CORP,1901322240.0,1.135,-0.124,-6.5,,82.005,113.095245,1.1754516,2026-09-19T11:29:32Z
1589.TW,YEONG GUAN ENERGY TECHNOLOGY GP,848373056.0,-8.369,-5.224,13.4,,187.951,1.2122538,0.094824046,2026-09-19T11:29:32Z
1590.TW,AIRTAC INTERNATIONAL GROUP,243999997952.0,21.063000000000002,35.059000000000005,35.9,62.5,97.7,23.47508,4.45119,2026-09-19T11:29:32Z
1597.TW,CHIEFTEK PRECISION CO LTD,12085786624.0,7.457999999999999,18.098,55.800000000000004,66.338,55.813,67.89216,4.8931284,2026-09-19T11:29:32Z
1598.TW,DYACO INTERNATIONAL INC,3268721920.0,-5.29,-9.951,-1.6,,85.11,2.4271846,0.7922675,2026-09-19T11:29:32Z
1603.TW,CHINA WIRE & CABLE,4813033472.0,5.8119997,14.344000000000001,5.5,10.8,27.42,10.860215,0.5989562,2026-09-19T11:29:32Z
1604.TW,SAMPO CORP,8812409856.0,7.5219996,4.7420003,-0.3,27.400000000000002,87.477,13.69186,0.9522461,2026-09-19T11:29:32Z
1605.TW,WALSIN LIHWA CORP,164402446336.0,7.743,1.4630001,6.9,17.513,43.105,11.208459,0.804336,2026-09-19T11:29:32Z
1608.TW,HUA ENGINEERING WIRE & CABLE,15186705408.0,48.089,8.5939996,9.700000000000001,9.311,33.453,3.1103387,1.3436925,2026-09-19T11:29:32Z
1609.TW,TA YA ELECTRONIC WIRE & CABLE,29751891968.0,12.589,11.936,17.599999999999998,24.9,191.868,14.232209,1.596907,2026-09-19T11:29:32Z
1611.TW,CHINA ELECTRIC MANUFACTURE,3582366976.0,3.5709999999999997,36.368,-7.9,,16.751,24.130436,0.88643986,2026-09-19T11:29:32Z
1612.TW,HONG TAI ELECTRONIC INDUSTRIAL,11078603776.0,14.652000000000001,11.396,-8.3,100.0,7.3999999999999995,9.0335045,1.1831622,2026-09-19T11:29:32Z
1614.TW,SANYO ELECTRIC CO(TAIWAN),8078660096.0,5.788,4.0110003,-7.199999999999999,-23.7,8.200000000000001,24.960001,1.4282445,2026-09-19T11:29:32Z
1615.TW,DAH SAN ELECTRIC WIRE & CABLE C,8481515520.0,24.598,18.695999999999998,19.3,36.7,18.869,8.405512,1.8058786,2026-09-19T11:29:32Z
1616.TW,EVERTOP WIRE CABLE  CORP,3505638912.0,3.9619997,6.1750001999999995,11.0,-75.6,60.823,42.045456,1.7039697,2026-09-19T11:29:32Z
1617.TW,JUNG SHING WIRE CO,2927148800.0,10.395999999999999,2.6020000000000003,33.1,,29.407,13.639705,1.3516467,2026-09-19T11:29:32Z
1618.TW,HOLD-KEY ELECTRIC WIRE & CABLE ,7582429696.0,14.609,26.72,-28.1,29.799999999999997,15.902,8.163899,1.1166922,2026-09-19T11:29:32Z
1623.TW,TA TUN ELECTRIC WIRE CABLE CO L,13761000448.0,24.761,9.609999499999999,-9.5,-45.1,70.652,15.903891,3.354463,2026-09-19T11:29:32Z
1626.TW,AIRMATE CAYMAN INTL CO,1460761856.0,-16.66,-0.052,-0.5,,40.156,,0.53950864,2026-09-19T11:29:32Z
1702.TW,NAMCHOW HOLDINGS CO LTD,8174621696.0,2.0750001,1.401,-0.8999999999999999,-31.6,79.777,49.179104,0.6803915,2026-09-19T11:29:32Z
1707.TW,GRAPE KING BIO LTD,12932360192.0,15.588,17.122,-6.0,-13.900000000000002,160.9,11.3524065,1.2631671,2026-09-19T11:29:32Z
1708.TW,SESODA CORPN,12624401408.0,14.614000999999998,16.330999,21.099999999999998,7.426,40.562,12.396088,1.6570793,2026-09-19T11:29:32Z
1709.TW,FORMOSAN UNION CHEMICAL,18699036672.0,10.277,24.67,22.6,4.92,10.968,19.6,2.0781424,2026-09-19T11:29:32Z
1710.TW,ORIENTAL UNION CHEMICAL CORP,14339391488.0,-8.559,0.14300001,-10.100000000000001,,133.194,17.03125,1.2930012,2026-09-19T11:29:32Z
1711.TW,EVERLIGHT CHEMICAL,21581436928.0,0.70499997,5.195,7.3,,35.184,303.07693,2.4213374,2026-09-19T11:29:32Z
1712.TW,SINON CORP,16840704000.0,13.728000000000002,8.789,8.3,23.9,39.729,15.113207,2.0486982,2026-09-19T11:29:32Z
1713.TW,CATHAY CHEMICAL,6317341184.0,20.180999999999997,-7.786,11.799999999999999,42.0,0.6,8.866526,1.7173458,2026-09-19T11:29:32Z
1714.TW,HO TUNG CHEMICAL CORP,15412426752.0,13.01,14.834,76.4,4.609,15.123,13.305085,1.1610708,2026-09-19T11:29:32Z
1717.TW,ETERNAL MATERIALS CO LTD,84555128832.0,7.965999999999999,8.59,14.6,139.9,66.189,37.77778,2.6891642,2026-09-19T11:29:32Z
1718.TW,CHINA MANMADE FIBERS,14053170176.0,9.228,55.799997000000005,16.3,,80.674,44.166668,0.5957734,2026-09-19T11:29:32Z
1720.TW,STANDARD CHEM & PHARM CO,11007673344.0,15.392,21.78,2.4,31.8,8.527,10.74856,1.6163483,2026-09-19T11:29:32Z
1721.TW,SUNKO INK CO,4067448064.0,-17.206,-12.977,7.3,,50.466,,2.527864,2026-09-19T11:29:32Z
1722.TW,TAIWAN FERTILIZER CO,41552003072.0,1.545,12.41,-0.4,-45.4,383.5,50.476192,0.78470564,2026-09-19T11:29:32Z
1723.TW,CHINA STEEL CHEMICAL CORP,18711289856.0,9.34,14.89,42.699999999999996,93.2,32.071,25.916399,2.3346756,2026-09-19T11:29:32Z
1725.TW,YUAN JEN ENTERPRISE,6182219776.0,6.3740000000000006,2.4719998,12.2,,18.185,13.877551,0.71898323,2026-09-19T11:29:32Z
1726.TW,YUNG CHI PAINT & VARNISH MFG CO,12457800704.0,10.278,12.006,2.1,41.8,9.6,12.015625,1.1770829,2026-09-19T11:29:32Z
1727.TW,CHUNG HWA CHEMICAL INDUSTRIAL W,13570073600.0,4.2280003,9.45,23.1,5.017,57.373,153.62318,6.2837157,2026-09-19T11:29:32Z
1730.TW,FARCENT ENTERPRISE,3243904256.0,15.981000000000002,14.254,7.3,16.7,19.219,10.754717,1.599227,2026-09-19T11:29:32Z
1731.TW,MAYWUFA CO,2777923328.0,9.526,12.093,7.3,29.799999999999997,29.213,13.84106,1.2667434,2026-09-19T11:29:32Z
1732.TW,MAO BAO CHEMICAL,1105663616.0,10.67,8.036,9.1,,191.70000000000002,21.178862,2.1905482,2026-09-19T11:29:32Z
1733.TW,APEX BIOTECHNOLOGY CORP,3013498368.0,10.436,9.483,-7.7,28.4,5.724,15.868421,1.6212292,2026-09-19T11:29:32Z
1734.TW,SINPHAR PHARMACEUTICAL CO LTD,7009526784.0,9.423999499999999,12.827,7.199999999999999,36.0,54.981,20.0,1.9172317,2026-09-19T11:29:32Z
1735.TW,EVERMORE CHEMICAL INDUSRY CO,2042423296.0,7.859000600000001,4.956999799999999,19.0,,64.888,17.564102,1.3249515,2026-09-19T11:29:32Z
1736.TW,JOHNSON HEALTH TECH,38076026880.0,27.909002,14.863000000000001,7.8,7.659,123.919,11.347197,2.7764874,2026-09-19T11:29:32Z
1737.TW,TAIYEN BIOTECH CO,5859999744.0,5.866,9.865,-10.299999999999999,-8.6,167.3,15.103092,0.87342745,2026-09-19T11:29:32Z
1752.TW,NANG KUANG PHARMACEUTICAL CO,3165988608.0,8.497,14.124,-0.6,0.8,28.374,15.519802,1.315072,2026-09-19T11:29:32Z
1760.TW,PANION & BF BIOTECH INC,4595610112.0,11.627,12.087,1.6,2.9000000000000004,33.735,21.439999,2.4518547,2026-09-19T11:29:32Z
1762.TW,CHUNGHWA CHEMICAL SYNTHESIS BIO,2622903808.0,-1.6,11.554,-11.3,,23.531,75.77778,0.81886506,2026-09-19T11:29:32Z
1773.TW,SHINY CHEMICAL INDUSTRIAL CO. L,49050001408.0,22.283001,23.541999999999998,26.6,48.4,25.42,20.488722,4.2893124,2026-09-19T11:29:32Z
1776.TW,HEADWAY ADVANCED MATERIALS INC,1099957120.0,6.523,7.7470004999999995,4.3,,24.809,20.333334,1.2417723,2026-09-19T11:29:32Z
1783.TW,MAXIGEN BIOTECH INC,3291916544.0,20.002002,25.689,5.800000000000001,34.2,6.672,11.362229,2.2016916,2026-09-19T11:29:32Z
1786.TW,SCIVISION BIOTECH INC,3165720832.0,10.158000000000001,13.613,0.7000000000000001,,27.175,18.221756,1.823549,2026-09-19T11:29:32Z
1789.TW,SCINOPHARM TAIWAN LTD,15024040960.0,0.364,-9.64,-9.2,,8.344,475.0,1.43613,2026-09-19T11:29:32Z
1795.TW,LOTUS PHARMACEUTICAL CO,47896334336.0,16.861,26.485002,85.6,-11.799999999999999,240.466,12.676057,1.9972482,2026-09-19T11:29:32Z
1802.TW,TAIWAN GLASS INDUSTRIAL CORPORA,170993975296.0,5.009,12.619,16.8,,48.097,68.37209,3.308203,2026-09-19T11:29:32Z
1805.TW,BETTER LIFE GROUP CO LTD,1376704256.0,0.989,-31.632648,-95.89999999999999,,14.35,78.46154,0.84227914,2026-09-19T11:29:32Z
1806.TW,CHAMPION BUILDING MATERIALS CO,3096001280.0,1.0369998999999999,-6.436,-22.6,,29.895,57.214287,0.5878899,2026-09-19T11:29:32Z
1808.TW,RUN LONG CONSTRUCTION CO LTD,32059840512.0,28.955,21.505,185.21,,216.236,8.692494,2.322272,2026-09-19T11:29:32Z
1809.TW,CHINA GLAZE CO,6447820800.0,0.35299999,2.033,-2.4,18.7,23.253,192.99998,2.2011862,2026-09-19T11:29:32Z
1810.TW,HOCHENG CORP,7259697152.0,14.413999,-2.4260001,-8.3,,7.973,6.553133,0.85039425,2026-09-19T11:29:32Z
1817.TW,SANITAR CO LTD,2936669952.0,16.614,12.723999999999998,2.9000000000000004,91.0,6.808,8.09,1.2670718,2026-09-19T11:29:32Z
1903.TW,SHIHLIN PAPER CORP,12000804864.0,6.3950000000000005,-26.146,0.3,,59.946,34.185184,2.1788397,2026-09-19T11:29:32Z
1904.TW,CHENG LOONG,27429795840.0,8.264000000000001,7.248,8.5,,102.778,11.458333,0.8962196,2026-09-19T11:29:32Z
1905.TW,CHUNG HWA PULP,14612568064.0,-3.385,-9.9659994,-1.0999999999999999,,84.731,,0.85478354,2026-09-19T11:29:32Z
1906.TW,BAOLONG INTERNATIONAL CO LTD,1645899904.0,3.5520002,3.5000000000000004,-4.2,,60.274,17.86885,0.60131294,2026-09-19T11:29:32Z
1907.TW,YFY INC,48960757760.0,3.3210002000000003,0.6709999999999999,9.4,6.798,55.053,17.205881,0.5330199,2026-09-19T11:29:32Z
1909.TW,LONGCHEN PAPER&PACKAGING CO LTD,13096997888.0,1.464,1.601,20.5,,199.046,44.130432,0.63027817,2026-09-19T11:29:32Z
2002.TW,CHINA STEEL CORP,285783293952.0,-0.32399999999999995,4.1279997999999996,4.3999999999999995,,81.43,52.302715,0.96242684,2026-09-19T11:29:32Z
2006.TW,TUNG HO STEEL ENTERPRISE CORP,63966728192.0,16.790001,13.664000000000001,3.8,59.4,23.873,11.679999,1.8719949,2026-09-19T11:29:32Z
2007.TW,YIEH HSING ENTERPRISE CO,3666805248.0,-25.380000000000003,-8.531999599999999,-18.2,,195.855,,0.9344151,2026-09-19T11:29:32Z
2008.TW,KAO HSIUNG CHANG IRON & STEEL C,5906878464.0,3.328,10.326,-12.2,-33.2,97.155,48.35938,1.4331357,2026-09-19T11:29:32Z
2009.TW,FIRST COPPER TECHNOLOGY,14241037312.0,4.7420003,11.405999999999999,13.600000000000001,,20.105,38.076923,1.624882,2026-09-19T11:29:32Z
2010.TW,CHUN YUAN STEEL INDUSTRIAL CO,14248418304.0,13.103000000000002,8.561,1.3,30.0,32.017,8.76494,1.136481,2026-09-19T11:29:32Z
2012.TW,CHUN YU WORKS & CO,3958008320.0,0.10300000000000001,5.614,-12.6,,112.526,3.977591,1.0567049,2026-09-19T11:29:32Z
2013.TW,CHINA STEEL STRUCTURE CO,8219999744.0,12.1199995,3.3840000000000003,-12.6,5.2,63.167,12.607362,1.4901022,2026-09-19T11:29:32Z
2014.TW,CHUNG HUNG STEEL CO,23758254080.0,-5.524,4.378,8.3,,104.137,47.73992,1.933863,2026-09-19T11:29:32Z
2015.TW,FENG HSIN STEEL CO LTD,37803962368.0,11.432999,9.668000000000001,-9.2,26.6,5.365,15.294118,1.7139542,2026-09-19T11:29:32Z
2017.TW,QUINTAIN STEEL CO LTD,3797465856.0,-5.258,-10.552999999999999,7.1,,97.172,,0.5821627,2026-09-19T11:29:32Z
2020.TW,MAYER STEEL PIPE CORP,5714470400.0,13.01,17.166,-1.7999999999999998,27.0,100.932,10.338164,1.342366,2026-09-19T11:29:32Z
2022.TW,TYCOONS GROUP ENTERPRISE,2424238848.0,0.39399997000000003,-0.736,35.699999999999996,,46.046,,0.7261159,2026-09-19T11:29:32Z
2023.TW,YIEH PHUI ENTERPRISE CO,24275214336.0,-9.681,2.012,-4.0,,202.56,35.789474,0.8335887,2026-09-19T11:29:32Z
2024.TW,CHIH LIEN INDUSTRIAL CO,1267500032.0,2.481,4.198,9.5,,35.021,44.827587,1.1110162,2026-09-19T11:29:32Z
2025.TW,CHIEN SHING STAINLESS STEEL CO,2140990720.0,13.011000000000001,10.047,1.836,,27.607,9.612403,1.0262351,2026-09-19T11:29:32Z
2027.TW,TA CHEN STAINLESS PIPE CORP,110875820032.0,17.03,21.158001000000002,41.6,3.976,57.106,9.508032,1.3568501,2026-09-19T11:29:32Z
2028.TW,WEI CHIH STEEL INDUSTRIAL CO,5087145472.0,2.9289998,3.0639999,0.5,52.1,45.67,36.511627,1.0628935,2026-09-19T11:29:32Z
2029.TW,SHENG YU STEEL,6712662016.0,3.961,5.627,-1.4000000000000001,,177.4,17.563025,0.6580812,2026-09-19T11:29:32Z
2030.TW,FROCH ENTERPRISE CO,6885352448.0,10.97,12.333999599999999,26.200000000000003,,124.967,12.794872,1.2928132,2026-09-19T11:29:32Z
2031.TW,HSIN KUANG STEEL CO,14451569664.0,16.846001,9.215,4.7,60.3,122.382,6.9875774,1.2071463,2026-09-19T11:29:32Z
2032.TW,SINKANG INDUSTRIES CO,2231926272.0,10.936,7.4499995,17.1,,16.995,11.712329,1.2351922,2026-09-19T11:29:32Z
2033.TW,CHIA TA WORLD,4068000256.0,2.5880001,4.018999999999999,-7.5,14.299999999999999,12.016,99.70589,2.5594566,2026-09-19T11:29:32Z
2034.TW,YC INOX CO LTD,11346955264.0,2.477,4.723,4.0,,143.377,51.07143,1.2605042,2026-09-19T11:29:32Z
2038.TW,HAI KWANG ENTERPRISE CORPORATIO,2358734848.0,-4.0710002,-1.5559999999999998,-17.299999999999997,,97.786,,0.6189506,2026-09-19T11:29:32Z
2049.TW,HIWIN TECHNOLOGIES CORP,118343507968.0,5.8709998,13.77,26.700000000000003,5.268,24.711,50.758724,3.021189,2026-09-19T11:29:32Z
2059.TW,KING SLIDE WORKS CO,1190736035840.0,62.843,82.085,1.561,10.542,458.1,69.44367,35.277077,2026-09-19T11:29:32Z
2062.TW,SUNSPRING METAL CORPORATION,3659892736.0,0.73900004,3.897,22.400000000000002,56.39999999999999,30.855,67.77777,0.47768202,2026-09-19T11:29:32Z
2069.TW,YUEN CHANG STAINLESS STEEL CO L,4076481792.0,10.485999999999999,8.9949995,1.6,2.465,113.76,9.5703125,0.9269419,2026-09-19T11:29:32Z
2072.TW,CENTURY WIND POWER,24960000000.0,13.29,18.826999999999998,86.6,70.8,20.689,8.365508,1.0336245,2026-09-19T11:29:32Z
2101.TW,NAN KANG RUBBER TIRE,22058600448.0,30.431998,34.243,2.112,,108.501,5.5135136,1.4670631,2026-09-19T11:29:32Z
2102.TW,FEDERAL CORP,7927651840.0,51.672,-87.738,-21.5,,0.4,2.0151868,0.836242,2026-09-19T11:29:32Z
2103.TW,TSRC CORPORATION,22789595136.0,10.7,15.245000000000001,30.2,,61.357,11.129032,1.0320843,2026-09-19T11:29:32Z
2104.TW,INTERNATIONAL CSRC INVESTMENT H,10233489408.0,-20.714001,-15.134,-20.200000000000003,,68.303,39.074074,0.44428536,2026-09-19T11:29:32Z
2105.TW,CHENG SHIN RUBBER INDUSTRIES,97242464256.0,7.106,9.982000000000001,9.6,71.6,40.277,16.483517,1.1161544,2026-09-19T11:29:32Z
2106.TW,KENDA RUBBER INDUSTRY,15660195840.0,2.395,3.0509999999999997,6.6000000000000005,,103.482,34.893616,0.78906846,2026-09-19T11:29:32Z
2107.TW,FORMOSAN RUBBER GROUP,8288099840.0,4.109,32.127997,38.3,97.89999999999999,8.247,14.521276,0.5481597,2026-09-19T11:29:32Z
2108.TW,NANTEX INDUSTRY,14083126272.0,7.985,19.749,31.4,33.286,183.29999999999998,16.067417,0.9546699,2026-09-19T11:29:32Z
2109.TW,HWA FONG RUBBER INDUSTRIAL CO,4106432000.0,9.589,7.735,5.2,131.0,50.984,10.729927,1.1594888,2026-09-19T11:29:32Z
2114.TW,HSIN YUNG CHIEN CO,6980265984.0,16.444999,30.786,6.4,45.1,7.899,14.32,2.3074741,2026-09-19T11:29:32Z
2115.TW,LU HAI HOLDING CORP,2484081152.0,5.235,9.192,26.3,46.0,30.116,15.063291,0.75706965,2026-09-19T11:29:32Z
2201.TW,YULON MOTOR CO,31449260032.0,3.9899999999999998,10.347000000000001,-3.2,35.8,249.303,33.258427,0.48807836,2026-09-19T11:29:32Z
2204.TW,CHINA MOTOR CO,29175773184.0,8.7629996,5.6579999999999995,2.3,57.199999999999996,9.609,8.47267,0.76070327,2026-09-19T11:29:32Z
2206.TW,SANYANG MOTOR CO LTD,48306216960.0,11.799999999999999,8.031,-9.3,13.700000000000001,74.957,10.9013605,1.9058096,2026-09-19T11:29:32Z
2207.TW,HOTAI MOTOR CO,299164205056.0,23.005,15.540999999999999,30.2,85.2,254.686,15.850059,3.4924784,2026-09-19T11:29:32Z
2208.TW,CSBC CORPORATION TAIWAN,24407429120.0,8.584999999999999,-15.121001,-51.1,,401.94,39.08163,3.215785,2026-09-19T11:29:32Z
2211.TW,EVERGREEN STEEL CORP,33700954112.0,11.6000004,21.075001,19.5,-26.900000000000002,7.298,10.94851,1.2180783,2026-09-19T11:29:32Z
2227.TW,YULON NISSAN MOTOR CO.LTD,13740000256.0,-0.42300000000000004,-6.221,-3.1,,280.5,2.2945893,0.77459073,2026-09-19T11:29:32Z
2228.TW,IRON FORCE INDUSTRIAL CO LTD,5855852032.0,6.896999500000001,7.112,-1.6,-19.5,8.054,18.820513,1.1828407,2026-09-19T11:29:32Z
2231.TW,CUB ELECPARTS INC.,12396907520.0,-6.318,-0.59100003,-11.4,,117.843,14.249999,3.6598577,2026-09-19T11:29:32Z
2233.TW,TURVO INTERNATIONAL CO LTD,9766799360.0,10.8330004,13.337,5.5,41.099999999999994,48.48,23.858616,2.359693,2026-09-19T11:29:32Z
2236.TW,PATEC PRECISION INDUSTRY CO LTD,7354761728.0,-20.317,2.716,29.2,,114.275,15.108326,3.2659583,2026-09-19T11:29:32Z
2237.TW,RAC ELECTRIC VEHICLES INC,3499252224.0,29.054999999999996,13.163,110.80000000000001,149.8,127.756,8.814935,2.2234051,2026-09-19T11:29:32Z
2239.TW,CAYMAN ENGLEY INDUSTRIAL CO. LT,2236539136.0,-8.217,-7.401000000000001,-12.9,,60.176,2.486911,0.19116227,2026-09-19T11:29:32Z
2241.TW,AMULAIRE THERMAL TECHNOLOGY INC,3603549440.0,-4.3959998,-10.31,74.7,,40.643,,2.7487433,2026-09-19T11:29:32Z
2243.TW,HORNG SHIUE HOLDING CO LTD,3405978624.0,21.552,7.7829999999999995,1.794,,91.979,41.965813,4.2203884,2026-09-19T11:29:32Z
2247.TW,PAN GERMAN UNIVERSAL MOTORS LTD,18684133376.0,8.7740004,3.511,-20.8,-32.5,38.365,17.577827,1.4676235,2026-09-19T11:29:32Z
2248.TW,SHINING VICTORY MOTOR ELECTRONI,2913120000.0,21.982001,15.781999999999998,66.9,1.511,36.202,8.46473,1.6521341,2026-09-19T11:29:32Z
2250.TW,IKKA HOLDINGS(CAYMAN) LTD,2099587584.0,4.68,0.9190001,-10.7,-79.0,29.409,21.291513,1.0416667,2026-09-19T11:29:32Z
2254.TW,COPLUS INC,4896384000.0,-18.712999,-1.98943,-76.4,,120.776,,5.063291,2026-09-19T11:29:32Z
2258.TW,FOXTRON VEHICLE TECHS CO LTD,55382323200.0,-33.563998,-75.011003,25.2,,59.392,,4.8793607,2026-09-19T11:29:32Z
2301.TW,LITE-ON TECHNOLOGY CORP,639887212544.0,21.886998,15.564,30.4,125.49999999999999,36.945,33.21555,6.6791406,2026-09-19T11:29:32Z
2302.TW,RECTRON,7383853568.0,9.997,19.294000999999998,31.4,4.156,15.299999999999999,41.495327,4.019191,2026-09-19T11:29:32Z
2303.TW,UNITED MICRO ELECTRONICS,1956168597504.0,21.327999000000002,21.712999,17.0,3.747,14.293,23.708206,4.419764,2026-09-19T11:29:32Z
2305.TW,MICROTEK INTERNATIONAL INC,11900004352.0,10.3970006,20.774001000000002,106.69999999999999,,9.652,71.585365,4.8819027,2026-09-19T11:29:32Z
2308.TW,DELTA ELECTRONIC,4506737704960.0,29.965000000000003,16.681999,47.699999999999996,80.2,21.213,55.254776,15.34407,2026-09-19T11:29:32Z
2312.TW,KINPO ELECTRONICS,46684545024.0,7.278,3.071,5.4,76.8,138.162,26.050419,1.924629,2026-09-19T11:29:32Z
2313.TW,COMPEQ MANUFACTURING,281928007680.0,16.543,9.761000000000001,9.8,77.9,37.2,37.154472,5.6059866,2026-09-19T11:29:32Z
2314.TW,MICROELECTRONICS TECHNOLOGY,1161977216.0,-2.58711,-31.582,38.800000000000004,,5591.709,7.8676467,39.77695,2026-09-19T11:29:32Z
2316.TW,WUS PRINTED CIRCUIT CO,28394577920.0,21.023001,-16.311999999999998,46.2,-27.3,21.652,10.944056,1.967316,2026-09-19T11:29:32Z
2317.TW,HON HAI PRECISION INDUSTRY,3509923872768.0,13.152,3.753,40.8,35.199999999999996,64.059,16.578424,1.8414785,2026-09-19T11:29:32Z
2321.TW,TECOM CO,247355424.0,4.2379998,10.298,2.1,6.448,128.859,,2.4210358,2026-09-19T11:29:32Z
2323.TW,CMC MAGNETICS CORP,10490424320.0,17.747,3.1040002,16.2,1.548,41.547,3.5430462,0.58120584,2026-09-19T11:29:32Z
2324.TW,COMPAL ELECTRONICS INC,160493780992.0,7.164,1.198,32.1,5.493,77.926,19.53368,1.1892744,2026-09-19T11:29:32Z
2327.TW,YAGEO CORP,1132153405440.0,18.719,26.428,35.699999999999996,88.5,138.258,37.037037,6.3942337,2026-09-19T11:29:32Z
2328.TW,PAN INTERNATIONAL INDUSTRIAL,24051267584.0,1.196,0.27299999999999996,-6.1,,5.914,107.906975,1.645682,2026-09-19T11:29:32Z
2329.TW,ORIENT SEMICONDUCTOR ELECTRONIC,29224357888.0,10.73,6.307,4.0,5.4,19.191,20.919811,1.7809099,2026-09-19T11:29:32Z
2330.TW,TAIWAN SEMICONDUCTOR MANUFACTUR,63793631592448.0,39.969003,60.344005,36.0,77.4,16.504,28.73496,9.917356,2026-09-19T11:29:32Z
2331.TW,ELITEGROUP COMPUTER SYSTEMS,10534917120.0,5.2389998,0.22399999999999998,7.000000000000001,,14.237,18.712872,0.97407615,2026-09-19T11:29:32Z
2332.TW,D-LINK CORP,11606382592.0,-1.4529999,1.7999999999999998,17.0,,9.781,64.833336,1.4136202,2026-09-19T11:29:32Z
2337.TW,MACRONIX INTERNATIONAL,239501606912.0,16.011,46.89,1.813,,35.416,29.08654,3.867174,2026-09-19T11:29:32Z
2338.TW,TAIWAN MASK CORP,16526637056.0,-9.757,-0.8,-4.8,,153.478,166.66666,2.6571717,2026-09-19T11:29:32Z
2340.TW,TAIWAN-ASIA SEMICONDUCTOR CORP,14887512064.0,-15.072,-18.514,5.1,,98.152,61.81818,2.3443425,2026-09-19T11:29:32Z
2342.TW,MOSEL VITELIC INC,6458580992.0,-3.4639999999999995,-4.301,-0.8999999999999999,,12.078,22.309782,2.808758,2026-09-19T11:29:32Z
2344.TW,WINBOND ELECTRONIC CORP,807750074368.0,29.951,48.424998,1.847,,40.639,19.81236,4.895143,2026-09-19T11:29:32Z
2345.TW,ACCTON TECHNOLOGY CORP,1036774408192.0,65.580004,15.001000000000001,57.599999999999994,119.7,13.631,29.323427,15.017446,2026-09-19T11:29:32Z
2347.TW,SYNNEX TECHNOLOGY INTERNATIONAL,151449600000.0,16.455999,2.378,115.39999999999999,1.974,112.723,12.404371,1.7496195,2026-09-19T11:29:32Z
2348.TW,HIYES INTERNATIONAL CO LTD,11821662208.0,8.3730005,14.901,18.3,4.3,346.56,16.599552,1.5162351,2026-09-19T11:29:32Z
2349.TW,RITEK CORP,7179585024.0,0.75199995,-1.455,-4.9,,65.001,9.672897,1.5087464,2026-09-19T11:29:32Z
2351.TW,SDI CORP,46786760704.0,10.5340004,11.712,37.2,,30.087,60.984848,5.722884,2026-09-19T11:29:32Z
2352.TW,QISDA CORPORATION,46150791168.0,2.876,1.2359999,-1.4000000000000001,66.7,133.898,37.4359,1.1598809,2026-09-19T11:29:32Z
2353.TW,ACER INC,96048349184.0,8.997,2.09,28.199999999999996,100.2,52.602,19.131737,1.2445465,2026-09-19T11:29:32Z
2354.TW,FOXCONN TECH CO,92931678208.0,3.0439998999999998,1.131,-26.400000000000002,64.9,9.147,27.957447,0.81657505,2026-09-19T11:29:32Z
2355.TW,CHIN-POON INDUSTRIAL,16241961984.0,4.532,4.407,3.6999999999999997,84.3,7.284,21.693121,0.9297474,2026-09-19T11:29:32Z
2356.TW,INVENTEC CORP,221347201024.0,16.569,1.757,44.6,77.9,160.446,19.967638,2.8498845,2026-09-19T11:29:32Z
2357.TW,ASUSTEK COMPUTER INC,713049833472.0,18.573,8.1379995,37.1,94.3,31.13,14.123878,2.3661287,2026-09-19T11:29:32Z
2359.TW,SOLOMON TECHNOLOGY CORP,22278230016.0,19.931999,1.8079999999999998,38.5,,13.269,19.37407,3.483387,2026-09-19T11:29:32Z
2360.TW,CHROMA ATE INC,970023763968.0,58.219004,38.741,109.60000000000001,1.623,13.209,58.47804,29.403835,2026-09-19T11:29:32Z
2362.TW,CLEVO CO,27946287104.0,8.239,5.237,16.5,,94.928,7.991735,0.5955974,2026-09-19T11:29:32Z
2363.TW,SILICON INTEGRATED SYSTEMS CORP,27397103616.0,0.8059999999999999,3.9979998,82.5,-97.5,127.4,101.32076,0.56594825,2026-09-19T11:29:32Z
2364.TW,TWINHEAD INTERNATIONAL CORP,3722812672.0,40.463,21.41,35.0,9.312,46.99,12.097378,4.148472,2026-09-19T11:29:32Z
2365.TW,KYE SYSTEM CORP,6236026880.0,3.965,3.678,6.0,,7.97,51.181816,2.026346,2026-09-19T11:29:32Z
2367.TW,UNITECH  PRINTED CIRCUIT BOARD ,28779816960.0,-3.788,-5.35,-4.6,,76.796,14.100346,2.3360467,2026-09-19T11:29:32Z
2368.TW,GOLD CIRCUIT ELECTRONICS CO,522133929984.0,45.95,26.433,75.3,1.824,33.232,36.363636,12.374886,2026-09-19T11:29:32Z
2369.TW,LINGSEN PRECISION INDUSTRIES,11607736320.0,-0.94099995,4.713,35.199999999999996,,28.378,18.452381,2.3610053,2026-09-19T11:29:32Z
2371.TW,TATUNG CO LTD,59744854016.0,-16.104999,5.3189997,0.1,3.299,71.974,12.478633,1.2390733,2026-09-19T11:29:32Z
2373.TW,AURORA CORPORATION,11878773760.0,10.994001,5.6989998,-0.4,-14.399999999999999,60.127,14.274193,1.6115814,2026-09-19T11:29:32Z
2374.TW,ABILITY ENTERPRISE CO LTD,22813417472.0,13.538,10.453,34.4,137.3,7.123,20.39275,2.5560436,2026-09-19T11:29:32Z
2375.TW,KAIMEI ELECTRONIC CORP,12986662912.0,4.5969999999999995,8.758000000000001,6.3,4.463,17.687,28.79518,1.2212571,2026-09-19T11:29:32Z
2376.TW,GIGA-BYTE TECHNOLOGY CO,245534785536.0,31.972,5.631,41.0,116.6,170.276,13.587786,3.5850594,2026-09-19T11:29:32Z
2377.TW,MICRO-STAR INTERNATIONAL CO,130952708096.0,18.078,6.5729999999999995,-18.6,123.30000000000001,12.207,13.548951,2.2555296,2026-09-19T11:29:32Z
2379.TW,REALTEK SEMICONDUCTOR CORP,372851408896.0,30.336999999999996,9.92,17.7,-2.7,9.549,26.886093,7.431258,2026-09-19T11:29:32Z
2380.TW,AVISION INC,1037065728.0,-17.268998999999997,-2.447,12.5,-98.9,183.461,43.249996,1.7588449,2026-09-19T11:29:32Z
2382.TW,QUANTA COMPUTER,1406134779904.0,39.477002999999996,3.304,105.60000000000001,69.89999999999999,168.278,15.150177,5.4267855,2026-09-19T11:29:32Z
2383.TW,ELITE MATERIAL CO,1752189632512.0,48.384,26.935,110.00000000000001,1.839,48.862,76.92308,30.036486,2026-09-19T11:29:32Z
2385.TW,CHICONY ELECTRONICS,77142351872.0,16.115999,2.4549998,-8.6,4.1000000000000005,26.653,12.018141,1.7324507,2026-09-19T11:29:32Z
2387.TW,SUNREX TECHNOLOGY,7131248128.0,5.651,1.006,-11.899999999999999,2.858,34.388,12.534013,0.68708974,2026-09-19T11:29:32Z
2388.TW,VIA TECHNOLOGIES,37463322624.0,3.7100002,-9.761000000000001,63.2,,5.962,43.962265,1.7485054,2026-09-19T11:29:32Z
2390.TW,EVERSPRING INDUSTRY,1964718208.0,-1.905,-8.786,8.4,,7.891,,0.8338102,2026-09-19T11:29:32Z
2392.TW,CHENG UEI PRECISION INDUSTRY CO,19415463936.0,-21.291,-7.6579999999999995,-17.5,,199.399,5.3989706,0.6811945,2026-09-19T11:29:32Z
2393.TW,EVERLIGHT ELECTRONICS CO,28554516480.0,11.099,9.591,5.800000000000001,69.39999999999999,6.066,13.909287,1.4858568,2026-09-19T11:29:32Z
2395.TW,ADVANTECH CO LTD,599641751552.0,26.436999999999998,19.625,46.5,127.1,373.4,43.865227,10.826587,2026-09-19T11:29:32Z
2397.TW,DFI,7029616128.0,6.718,7.7170000000000005,32.1,45.800000000000004,81.465,22.57353,2.084748,2026-09-19T11:29:32Z
2399.TW,BIOSTAR MICROTEC INTL,8628944896.0,28.557,-15.084,16.8,,211.90000000000003,12.20403,3.0481284,2026-09-19T11:29:32Z
2401.TW,SUNPLUS TECHNOLOGY,14975670272.0,4.054,11.446000000000002,25.6,,14.816,254.5,1.7706811,2026-09-19T11:29:32Z
2402.TW,ICHIA TECHNOLOGIES INC,16637726720.0,7.716000000000001,5.641,16.8,-41.6,75.632,35.359478,2.2863662,2026-09-19T11:29:32Z
2404.TW,UNITED INTEGRATION SERVICES CO ,212497547264.0,81.274,19.958000000000002,76.4,1.691,95.19999999999999,17.03513,11.862209,2026-09-19T11:29:32Z
2405.TW,SHUTTLE INC,5220094976.0,-0.43099998000000006,1.194,18.3,,13.5,,1.5175719,2026-09-19T11:29:32Z
2406.TW,GIGASTORAGE CORP,9702550528.0,3.2710000000000004,-0.23500000000000001,105.3,,87.693,162.64705,2.548622,2026-09-19T11:29:32Z
2408.TW,NANYA TECHNOLOGY CORPORATION,1626779680768.0,37.248,73.684996,6.842,,7.032,18.311825,5.615574,2026-09-19T11:29:32Z
2409.TW,AUO CORPORATION,229054464000.0,1.7950000000000002,0.308,2.4,-31.0,64.568,126.458336,1.4835272,2026-09-19T11:29:32Z
2412.TW,CHUNGHWA TELECOM,1128708440064.0,10.92,21.607000000000003,8.200000000000001,4.7,9.998,28.641733,3.0785832,2026-09-19T11:29:32Z
2413.TW,UNIVERSAL MICROELECTRONICS,6762762752.0,23.667999000000002,4.725999799999999,29.7,,55.851,14.16,2.9908752,2026-09-19T11:29:32Z
2414.TW,UNITECH COMPUTER CO LTD,8620528640.0,18.038999999999998,2.6619998999999996,60.4,74.8,177.771,13.031784,2.7352972,2026-09-19T11:29:32Z
2415.TW,CX TECH CORPN,2720000000.0,6.244000000000001,7.1100004,6.3,-74.0,187.566,19.290781,1.5741652,2026-09-19T11:29:32Z
2417.TW,AVERMEDIA TECHNOLOGIES INC,4983647744.0,8.262999,8.491999999999999,10.7,,22.109,28.82353,1.813975,2026-09-19T11:29:32Z
2419.TW,HITRON TECHNOLOGY,8964750336.0,2.992,1.691,-14.6,,35.788,558.0,1.8607442,2026-09-19T11:29:32Z
2420.TW,ZIPPY TECHNOLOGY CORP,8151440896.0,18.223,34.910000000000004,2.6,71.1,25.601,12.000001,2.0932148,2026-09-19T11:29:32Z
2421.TW,SUNONWEALTH ELECTRIC MACHINE IN,47768678400.0,29.876,15.429,16.2,84.5,11.905,17.597471,4.539647,2026-09-19T11:29:32Z
2423.TW,GOOD WILL INSTRUMENT,10704490496.0,21.735,23.902,21.7,123.8,105.0,17.529692,3.5800912,2026-09-19T11:29:32Z
2424.TW,LUNG HWA ELECTRONICS CO,492172128.0,-34.394002,-114.289,-43.1,,32.093,,1.5826788,2026-09-19T11:29:32Z
2425.TW,CHAINTECH TECHNOLOGY CORPORATIO,3570462976.0,2.781,1.105,12.1,,70.39999999999999,59.677418,1.4190925,2026-09-19T11:29:32Z
2426.TW,TYNTEK CORP,30663342080.0,0.759,7.9239994,3.8,,5.418,1133.3333,7.99561,2026-09-19T11:29:32Z
2427.TW,MERCURIES DATA SYSTEM,4712389632.0,11.526,7.338,-38.5,,35.84,13.222222,1.3511978,2026-09-19T11:29:32Z
2428.TW,THINKING ELECTRONIC INDL,33309380608.0,16.622,24.73,31.3,136.0,13.404,18.518518,2.8204768,2026-09-19T11:29:32Z
2429.TW,ABONMAX CO LTD,2682014976.0,-16.339001,-28.929,9.6,,144.534,,3.7516558,2026-09-19T11:29:32Z
2430.TW,TSANN KUEN ENTERPRISE CO,2114080000.0,1.322,0.234,-3.2,10.417,110.908,36.938774,0.48925534,2026-09-19T11:29:32Z
2431.TW,LIEN CHANG ELECTRONIC ENTERPRIS,819251456.0,-20.246,-35.891998,-44.4,,108.2,,1.043809,2026-09-19T11:29:32Z
2432.TW,ACER GADGET INC,1698057088.0,12.026,1.5779999999999998,81.0,100.2,62.8,12.708333,1.4594853,2026-09-19T11:29:32Z
2433.TW,HUXEN CORPORATION,5888212480.0,11.572000000000001,14.71,2.4,-6.2,57.58,13.583333,1.8046145,2026-09-19T11:29:32Z
2434.TW,MOSPEC SEMICONDUCTOR CORP,2294000128.0,-3.975,-149.058,29.099999999999998,,32.497,,5.1150894,2026-09-19T11:29:32Z
2436.TW,WELTREND SEMI-CONDUCTOR INC,13956871168.0,26.334998,10.0430004,24.9,16.725,18.743,12.413163,2.850905,2026-09-19T11:29:32Z
2438.TW,ENLIGHT CORP,1425296384.0,-32.395,-37.949002,-2.6,,155.09,,3.6354148,2026-09-19T11:29:32Z
2439.TW,MERRY ELECTRONICS CO,19443748864.0,11.0810004,0.034000003,1.0999999999999999,46.33,27.314,15.184465,1.1815723,2026-09-19T11:29:32Z
2440.TW,SPACE SHUTTLE HI-TECH CO,1996328832.0,1.316,1.253,40.1,,56.672,102.5,1.1046959,2026-09-19T11:29:32Z
2441.TW,GREATEK ELECTRONICS INC,69511479296.0,12.443,20.502001,22.3,88.6,8.0,22.998138,2.5559833,2026-09-19T11:29:32Z
2442.TW,JEAN CO LTD,5071660032.0,42.029998,-9.4469994,41.699999999999996,-83.39999999999999,159.283,3.2372506,0.7342587,2026-09-19T11:29:32Z
2444.TW,ABOCOM SYSTEMS INC,1342776704.0,-28.916999999999998,-35.294998,-25.0,,116.631,,1.9178082,2026-09-19T11:29:32Z
2449.TW,KING YUAN ELECTRONICS CO,374251683840.0,17.5,25.381002000000002,33.2,14.499999999999998,67.303,40.151512,5.9723816,2026-09-19T11:29:32Z
2450.TW,SENAO INTERNATIONAL CO LTD,7308559360.0,6.7379996,1.079,16.8,28.599999999999998,18.815,17.469135,1.1759328,2026-09-19T11:29:32Z
2451.TW,TRANSCEND INFORMATION INC,122070827008.0,87.87,75.083,4.824,27.276,7.1,4.9208837,3.1729302,2026-09-19T11:29:32Z
2453.TW,SYSCOM COMPUTER,5550000128.0,14.909,3.7550002,5.2,4.3,14.391,17.563292,2.618295,2026-09-19T11:29:32Z
2454.TW,MEDIATEK INC,7522658287616.0,23.864001000000002,15.027,1.2,-12.6,6.242,77.518105,17.72229,2026-09-19T11:29:32Z
2455.TW,VISUAL PHOTONICS EPITAXY CO LTD,102807691264.0,23.386000000000003,23.183999999999997,35.199999999999996,4.883,17.695,135.2798,27.837582,2026-09-19T11:29:32Z
2457.TW,PHIHONG TECHNOLOGY COMPANY LTD,9366231040.0,-5.0809998,-5.35,-7.5,,13.062,,1.0562369,2026-09-19T11:29:32Z
2458.TW,ELAN MICROELECTRONICS CORP,38315110400.0,28.218,21.745001,5.7,148.5,17.023,12.301958,3.3720782,2026-09-19T11:29:32Z
2459.TW,AUDIX CORP,6905978368.0,10.221,16.493,13.5,25.6,31.156,11.72043,1.1611804,2026-09-19T11:29:32Z
2460.TW,GEM TERMINAL INDUSTRIAL CO,5033699840.0,-16.943,2.6710000000000003,62.7,,169.837,29.166668,3.0889835,2026-09-19T11:29:32Z
2461.TW,K LASER TECHNOLOGY INC,3167930624.0,0.901,7.535,5.1,,54.81,42.261906,0.96315587,2026-09-19T11:29:32Z
2462.TW,TAIWAN LINE TEK ELECTRONIC,2932758272.0,2.804,-1.17999995,-3.8,,46.709,31.885246,0.88885844,2026-09-19T11:29:32Z
2464.TW,MIRLE AUTOMATION,43117170688.0,1.5730000000000002,6.1880004,32.6,,33.722,532.43243,7.48196,2026-09-19T11:29:32Z
2465.TW,LEADTEK RESEARCH,8605456384.0,25.994,6.9110000000000005,2.305,5.706,14.277,34.052044,6.3120174,2026-09-19T11:29:32Z
2466.TW,COSMO ELECTRONICS,18386622464.0,15.384999999999998,1.248,-1.9,,64.813,66.666664,9.491404,2026-09-19T11:29:32Z
2467.TW,C SUN MANUFACTURING CO,83423092736.0,15.988,27.432000000000002,84.3,2.089,27.449,104.142006,5.2618465,2026-09-19T11:29:32Z
2468.TW,FORTUNE INFORMATION SYSTEMS COR,3207711744.0,7.697,3.7920002,0.0,32.0,16.854,33.713234,2.569635,2026-09-19T11:29:32Z
2471.TW,ARES INTERNATIONAL (TAIWAN),2509187328.0,27.539,19.815001,3.2,10.015,141.1,11.085595,2.8992627,2026-09-19T11:29:32Z
2472.TW,LELON ELECTRONICS,35582787584.0,17.28,21.722001,26.400000000000002,95.19999999999999,11.839,22.08589,3.728316,2026-09-19T11:29:32Z
2474.TW,CATCHER TECHNOLOGY,107539505152.0,5.982,1.783,-47.3,,48.685,15.381792,0.8157305,2026-09-19T11:29:32Z
2476.TW,G SHANK ENTERPRISE CO,27164680192.0,16.620001000000002,20.580000000000002,41.699999999999996,48.376,5.563,20.394737,2.967217,2026-09-19T11:29:32Z
2477.TW,MEILOON INDUSTRIAL CO,3544106496.0,3.0439998999999998,0.501,-11.4,-92.2,60.38,25.397728,0.8697175,2026-09-19T11:29:32Z
2478.TW,TA-I TECHNOLOGY,17199126528.0,9.986,18.280001000000002,20.4,1.89,16.062,25.0,2.3650174,2026-09-19T11:29:32Z
2480.TW,STARK TECHNOLOGY,17549400064.0,29.354998,11.8140005,13.0,19.400000000000002,382.3,18.900345,5.3574905,2026-09-19T11:29:32Z
2481.TW,PAN JIT INTERNATIONAL INC,64386363392.0,10.43,11.743,16.3,93.8,62.671,44.81383,4.275456,2026-09-19T11:29:32Z
2482.TW,UNIFORM INDUSTRIAL,1250022144.0,-4.7670003,-22.131,-15.7,,112.99999999999999,,1.1308391,2026-09-19T11:29:32Z
2483.TW,EXCEL CELL ELECTRONICS,3544761088.0,1.0699999999999998,2.804,20.4,-72.39999999999999,45.638,126.92308,1.2992637,2026-09-19T11:29:32Z
2484.TW,SIWARD CRYSTAL TECHNOLOGY CO,11223240704.0,5.731,13.165,1.0999999999999999,,5.269,50.647484,2.735787,2026-09-19T11:29:32Z
2485.TW,ZINWELL,12564599808.0,5.3839996,1.2460001,38.800000000000004,,16.900000000000002,44.94318,2.3026314,2026-09-19T11:29:32Z
2486.TW,I-CHIUN PRECISION INDUSTRY CO,56639713280.0,5.0079998,8.873000000000001,29.099999999999998,,103.633,204.74138,9.239448,2026-09-19T11:29:32Z
2488.TW,HANPIN ELECTRONIC,3899951360.0,14.746,11.307,31.1,20.8,181.7,10.114107,1.4041708,2026-09-19T11:29:32Z
2489.TW,AMTRAN TECHNOLOGY,26931501056.0,6.537,0.54400004,14.399999999999999,,462.7,32.94776,2.0375671,2026-09-19T11:29:32Z
2491.TW,FORTUNE ORIENTAL COMPANY LIMITE,3386930432.0,106.29799,-2.04355,4.6,49.844,63.6,1.290625,0.8304178,2026-09-19T11:29:32Z
2492.TW,WALSIN TECHNOLOGY CORP,150170877952.0,8.011,10.270999999999999,18.4,,34.127,34.73625,2.260312,2026-09-19T11:29:32Z
2493.TW,AMPOC FAR EAST CO,34418999296.0,22.203999999999997,16.956,18.099999999999998,2.469,90.0,43.453728,7.914971,2026-09-19T11:29:32Z
2495.TW,INFORTREND TECHNOLOGY INC,10408634368.0,12.706999999999999,15.685001000000002,52.0,,59.531,18.836634,2.295349,2026-09-19T11:29:32Z
2496.TW,SUCCESS PRIME CORPORATION,1109064704.0,13.793,12.913,-0.4,-9.3,16.461,9.20133,1.3282095,2026-09-19T11:29:32Z
2497.TW,E-LEAD ELECTRONIC CO LTD,5804868608.0,15.995000000000001,9.122,37.1,,68.815,13.358434,1.9827431,2026-09-19T11:29:32Z
2498.TW,HTC CORPORATION,33068902400.0,8.9049995,-93.234,-11.600000000000001,,16.363,15.449219,1.2614825,2026-09-19T11:29:32Z
2501.TW,CATHAY REAL ESTATE DEVELOPMENT ,25278427136.0,11.182000500000001,11.023,-47.199999999999996,-81.8,107.2,7.595819,0.7879992,2026-09-19T11:29:32Z
2504.TW,GOLDSUN BUILDING MATERIALS CO L,37189533696.0,14.698,20.054,-11.4,-11.200000000000001,57.847,9.937107,1.4363637,2026-09-19T11:29:32Z
2505.TW,KUOYANG CONSTRUCTION,6346000384.0,7.048,-5.716,-61.4,-8.0,74.604,8.477158,0.590419,2026-09-19T11:29:32Z
2506.TW,PACIFIC CONSTRUCTION,2964759040.0,2.221,17.224,145.3,,22.72,22.16216,0.37238872,2026-09-19T11:29:32Z
2509.TW,CHAINQUI CONSTRUCTION DEVELOPME,3345802240.0,-4.112,-58.058,-1.5,,160.366,,0.86997133,2026-09-19T11:29:32Z
2511.TW,PRINCE HOUSING DEVELOPMENT CORP,13614210048.0,2.053,5.7729997,18.3,-5.5,62.199,23.97143,0.5296383,2026-09-19T11:29:32Z
2514.TW,LONG BON INTERNATIONAL CO. LTD.,4190007296.0,0.107,-11.731,-15.299999999999999,,22.519,30.0,0.33823827,2026-09-19T11:29:32Z
2515.TW,BES ENGINEERING,20177082368.0,3.435,3.8340001999999997,28.299999999999997,8.3,100.952,25.97826,0.8276196,2026-09-19T11:29:32Z
2516.TW,NEW ASIA CONSTRUCTION & DEVELOP,3303666176.0,16.849001,3.7049998,-20.3,4.039,27.282,9.668875,1.495442,2026-09-19T11:29:32Z
2520.TW,KINDOM DEVELOPMENT CO LTD,22894510080.0,11.569,20.983,56.599999999999994,2.233,84.406,11.515152,0.9497626,2026-09-19T11:29:32Z
2524.TW,KINGS TOWN CONSTRUCTION CO,13724383232.0,1.429,29.584,-25.6,11.607,84.856,45.73171,0.6453612,2026-09-19T11:29:32Z
2527.TW,HUNG CHING DEVELOPMENT & CONSTR,11988530176.0,5.9169997,-18.110001,40.147,,27.999,8.077601,0.32550603,2026-09-19T11:29:32Z
2528.TW,CROWELL DEVELOPMENT CORP,9877499904.0,14.651,26.040000000000003,-36.4,9.8,145.901,8.312237,1.3120214,2026-09-19T11:29:32Z
2530.TW,DELPHA CONSTRUCTION CORP,17498118144.0,5.159,-1.70505,-99.4,,163.458,33.015873,1.7503996,2026-09-19T11:29:32Z
2534.TW,HUNG SHENG CONSTRUCTION,7993716736.0,0.17200001,17.724999999999998,-86.8,,106.633,338.0,0.5581241,2026-09-19T11:29:32Z
2535.TW,DA-CIN CONSTRUCTION CO,23468224512.0,25.594,7.420999999999999,-1.7000000000000002,119.0,71.31,8.8529415,2.1704645,2026-09-19T11:29:32Z
2536.TW,HONG PU REAL ESTATE DEVELOPMENT,6188400128.0,10.43,19.143999,45.9,69.19999999999999,133.522,4.697336,0.50737524,2026-09-19T11:29:32Z
2537.TW,WE & WIN DEVELOPMENT CO. LTD.,3411332096.0,2.704,18.186000999999997,96.8,,241.944,27.682928,0.74838454,2026-09-19T11:29:32Z
2538.TW,KEE TAI PROPERTIES,3764915712.0,4.849,17.082000999999998,25.4,,150.696,14.338984,0.68635404,2026-09-19T11:29:32Z
2539.TW,SAKURA DEVELOPMENT CO,52546621440.0,28.109,40.646,3.131,4.531,35.878,10.463768,2.6256454,2026-09-19T11:29:32Z
2540.TW,JSL CONSTRUCTION DEVELOPMENT,47810621440.0,-0.056999999999999995,3.997,-55.900000000000006,-95.6,308.474,inf,4.438207,2026-09-19T11:29:32Z
2542.TW,HIGHWEALTH CONSTRUCTION CORP,100950663168.0,20.583001,25.332,2.54,4.681,274.641,11.0904875,2.042997,2026-09-19T11:29:32Z
2543.TW,HWANG CHANG GENERAL CONTRACTOR ,20289411072.0,15.615000000000002,14.293,85.5,52.6,74.079,14.089286,2.2076104,2026-09-19T11:29:32Z
2545.TW,HUANG HSIANG CONSTRUCTION,13366672384.0,2.407,21.227999999999998,-56.3,-20.5,303.821,56.774193,0.91250813,2026-09-19T11:29:32Z
2546.TW,KEDGE CONSTRUCTION CO,15568924672.0,32.623002,16.363001,30.599999999999998,2.697,287.9,8.049887,2.3698266,2026-09-19T11:29:32Z
2547.TW,RADIUM LIFE TECH CO,10454456320.0,1.367,14.838000000000001,67.10000000000001,,264.584,63.125004,0.776505,2026-09-19T11:29:32Z
2548.TW,HUAKU DEVELOPMENT CO. LTD.,32375130112.0,19.66,18.648,-25.6,-39.900000000000006,113.585,9.095194,1.5562258,2026-09-19T11:29:32Z
2597.TW,RUENTEX ENGINEERING & CONST. CO,53598511104.0,43.797000000000004,12.921,12.6,12.3,76.198,14.819587,7.2061157,2026-09-19T11:29:32Z
2601.TW,FIRST STEAMSHIP COMPANY LTD,4087043840.0,-2.4349999,9.440999999999999,13.4,,47.953,59.2,0.66442204,2026-09-19T11:29:32Z
2603.TW,EVERGREEN MARINE CORP(TAIWAN),520692826112.0,10.1660006,18.281001,21.6,46.300000000000004,34.708,9.551231,0.92824525,2026-09-19T11:29:32Z
2605.TW,SINCERE NAVIGATION CORP,21131251712.0,16.547,31.608999999999998,23.0,14.112,29.55,7.3673463,1.0931112,2026-09-19T11:29:32Z
2606.TW,U-MING MARINE TRANSPORT CORP,65407315968.0,15.791,31.066,38.5,2.044,115.574,11.449704,1.6224034,2026-09-19T11:29:32Z
2607.TW,EVERGREEN INTL STORAGE TRANSPOR,28439310336.0,8.2399994,12.118,20.1,20.5,22.344,16.974522,0.9066939,2026-09-19T11:29:32Z
2608.TW,KERRY TJ LOGISTICS COMPANY LTD,13589700608.0,8.615,11.756,-4.9,-15.9,67.634,15.156251,1.1146009,2026-09-19T11:29:32Z
2609.TW,YANG MING MARINE TRANSPORT CORP,213018361856.0,4.947,12.267,18.8,4.82,20.884,13.738739,0.6512293,2026-09-19T11:29:32Z
2610.TW,CHINA AIR LINES,122549239808.0,14.795999000000002,4.176,24.3,-63.4,128.388,9.415887,1.237335,2026-09-19T11:29:32Z
