"ticker","name","exchange","industry_raw","industry_key","fetched_at","source","is_adr"
"NVDA","NVIDIA CORP","NASDAQ",NA,"sc.IC_Design","2026-10-02T17:06:46Z","sec-exchange",FALSE
"AAPL","Apple Inc.","NASDAQ",NA,"tech.Hardware","2026-10-02T17:06:46Z","sec-exchange",FALSE
"GOOGL","Alphabet Inc.","NASDAQ",NA,"tech.Internet_Platform","2026-10-02T17:06:46Z","sec-exchange",FALSE
"MSFT","MICROSOFT CORP","NASDAQ",NA,"tech.Software","2026-10-02T17:06:46Z","sec-exchange",FALSE
"AMZN","AMAZON COM INC","NASDAQ",NA,"ecr.Ecommerce_Retail","2026-10-02T17:06:46Z","sec-exchange",FALSE
"META","Meta Platforms, Inc.","NASDAQ",NA,"tech.Internet_Platform","2026-10-02T17:06:46Z","sec-exchange",FALSE
"AVGO","Broadcom Inc.","NASDAQ",NA,"sc.IC_Design","2026-10-02T17:06:46Z","sec-exchange",FALSE
"TSLA","Tesla, Inc.","NASDAQ",NA,"auto.Automotive_EV","2026-10-02T17:06:46Z","sec-exchange",FALSE
"MU","MICRON TECHNOLOGY INC","NASDAQ",NA,"sc.Memory","2026-10-02T17:06:46Z","sec-exchange",FALSE
"BRK-B","BERKSHIRE HATHAWAY INC","NYSE",NA,"fn.Conglomerate_Holding","2026-10-02T17:06:46Z","sec-exchange",FALSE
"LLY","ELI LILLY & Co","NYSE",NA,"hc.Pharma","2026-10-02T17:06:46Z","sec-exchange",FALSE
"AMD","ADVANCED MICRO DEVICES INC","NASDAQ",NA,"sc.IC_Design","2026-10-02T17:06:46Z","sec-exchange",FALSE
"JPM","JPMORGAN CHASE & CO","NYSE",NA,"fn.Banking","2026-10-02T17:06:46Z","sec-exchange",FALSE
"WMT","Walmart Inc.","NASDAQ",NA,"retail.Brick_Mortar","2026-10-02T17:06:46Z","sec-exchange",FALSE
"ASML","ASML HOLDING NV","NASDAQ","Sector: Technology | Industry: Semiconductor Equipment & Materials","sc.Equipment","2026-10-02T17:06:46Z","sec-exchange",TRUE
"V","VISA INC.","NYSE",NA,"fn.Fintech","2026-10-02T17:06:46Z","sec-exchange",FALSE
"XOM","ExxonMobil Holdings Corp","NYSE",NA,"en.Energy_OilGas","2026-10-02T17:06:46Z","sec-exchange",FALSE
"JNJ","JOHNSON & JOHNSON","NYSE",NA,"hc.Pharma","2026-10-02T17:06:46Z","sec-exchange",FALSE
"INTC","INTEL CORP","NASDAQ",NA,"sc.IC_Design","2026-10-02T17:06:46Z","sec-exchange",FALSE
"MA","Mastercard Inc","NYSE",NA,"fn.Fintech","2026-10-02T17:06:46Z","sec-exchange",FALSE
"ABBV","AbbVie Inc.","NYSE",NA,"hc.Biotech","2026-10-02T17:06:46Z","sec-exchange",FALSE
"PLTR","Palantir Technologies Inc.","NASDAQ",NA,"saas.SaaS_Cloud","2026-10-02T17:06:46Z","sec-exchange",FALSE
"CSCO","CISCO SYSTEMS, INC.","NASDAQ",NA,"ec.Hardware","2026-10-02T17:06:46Z","sec-exchange",FALSE
"ORCL","ORACLE CORP","NYSE",NA,"saas.SaaS_Cloud","2026-10-02T17:06:46Z","sec-exchange",FALSE
"COST","COSTCO WHOLESALE CORP /NEW","NASDAQ",NA,"retail.Brick_Mortar","2026-10-02T17:06:46Z","sec-exchange",FALSE
"LRCX","LAM RESEARCH CORP","NASDAQ",NA,"sc.Equipment","2026-10-02T17:06:46Z","sec-exchange",FALSE
"AMAT","APPLIED MATERIALS INC /DE","NASDAQ",NA,"sc.Equipment","2026-10-02T17:06:46Z","sec-exchange",FALSE
"CVX","CHEVRON CORP","NYSE",NA,"en.Energy_OilGas","2026-10-02T17:06:46Z","sec-exchange",FALSE
"BAC","BANK OF AMERICA CORP /DE/","NYSE",NA,"fn.Banking","2026-10-02T17:06:46Z","sec-exchange",FALSE
"CAT","CATERPILLAR INC","NYSE",NA,"ind.Machinery","2026-10-02T17:06:46Z","sec-exchange",FALSE
"KO","COCA COLA CO","NYSE",NA,"fmcg.Food_Beverages","2026-10-02T17:06:46Z","sec-exchange",FALSE
"MRK","Merck & Co., Inc.","NYSE",NA,"hc.Pharma","2026-10-02T17:06:46Z","sec-exchange",FALSE
"DELL","Dell Technologies Inc.","NYSE",NA,"tech.Hardware","2026-10-02T17:06:46Z","sec-exchange",FALSE
"PG","PROCTER & GAMBLE Co","NYSE",NA,"fmcg.Health_Beauty","2026-10-02T17:06:46Z","sec-exchange",FALSE
"HSBC","HSBC HOLDINGS PLC","NYSE","Sector: Financial Services | Industry: Banks - Diversified","fn.Banking","2026-10-02T17:06:46Z","sec-exchange",TRUE
"UNH","UNITEDHEALTH GROUP INC","NYSE",NA,"hc.Healthcare_Services","2026-10-02T17:06:46Z","sec-exchange",FALSE
"GE","GENERAL ELECTRIC CO","NYSE",NA,"ind.Aerospace_Defense","2026-10-02T17:06:46Z","sec-exchange",FALSE
"SMFG","SUMITOMO MITSUI FINANCIAL GROUP, INC.","NYSE","Sector: Financial Services | Industry: Banks - Diversified","fn.Banking","2026-10-02T17:06:46Z","sec-exchange",FALSE
"ARM","ARM HOLDINGS PLC /UK","NASDAQ","Sector: Technology | Industry: Semiconductors","sc.IC_Design","2026-10-02T17:06:46Z","sec-exchange",TRUE
"PANW","Palo Alto Networks Inc","NASDAQ",NA,"tech.Software","2026-10-02T17:06:46Z","sec-exchange",FALSE
"MS","MORGAN STANLEY","NYSE",NA,"fn.Investment_Banking","2026-10-02T17:06:46Z","sec-exchange",FALSE
"PM","Philip Morris International Inc.","NYSE",NA,"fmcg.Food_Beverages","2026-10-02T17:06:46Z","sec-exchange",FALSE
"NFLX","NETFLIX INC","NASDAQ",NA,"media.Entertainment","2026-10-02T17:06:46Z","sec-exchange",FALSE
"HD","HOME DEPOT, INC.","NYSE",NA,"retail.Brick_Mortar","2026-10-02T17:06:46Z","sec-exchange",FALSE
"RY","ROYAL BANK OF CANADA","NYSE","Sector: Financial Services | Industry: Banks - Diversified","fn.Banking","2026-10-02T17:06:46Z","sec-exchange",FALSE
"NVS","NOVARTIS AG","NYSE","Sector: Healthcare | Industry: Drug Manufacturers - General","hc.Pharma","2026-10-02T17:06:46Z","sec-exchange",TRUE
"SHEL","Shell plc","NYSE","Sector: Energy | Industry: Oil & Gas Integrated","en.Energy_OilGas","2026-10-02T17:06:46Z","sec-exchange",TRUE
"BABA","Alibaba Group Holding Ltd","NYSE","Sector: Consumer Cyclical | Industry: Internet Retail","ecr.Ecommerce_Retail","2026-10-02T17:06:46Z","sec-exchange",TRUE
"CRWD","CrowdStrike Holdings, Inc.","NASDAQ",NA,"tech.Software","2026-10-02T17:06:46Z","sec-exchange",FALSE
"GS","GOLDMAN SACHS GROUP INC","NYSE",NA,"fn.Investment_Banking","2026-10-02T17:06:46Z","sec-exchange",FALSE
"MUFG","MITSUBISHI UFJ FINANCIAL GROUP INC","NYSE","Sector: Financial Services | Industry: Banks - Diversified","fn.Banking","2026-10-02T17:06:46Z","sec-exchange",FALSE
"TXN","TEXAS INSTRUMENTS INC","NASDAQ",NA,"sc.IC_Design","2026-10-02T17:06:46Z","sec-exchange",FALSE
"ANET","Arista Networks, Inc.","NYSE",NA,"ec.Hardware","2026-10-02T17:06:46Z","sec-exchange",FALSE
"GEV","GE Vernova Inc.","NYSE",NA,"ind.Machinery","2026-10-02T17:06:46Z","sec-exchange",FALSE
"AZN","ASTRAZENECA PLC","NYSE","Sector: Healthcare | Industry: Drug Manufacturers - General","hc.Pharma","2026-10-02T17:06:46Z","sec-exchange",TRUE
"KLAC","KLA CORP","NASDAQ",NA,"sc.Equipment","2026-10-02T17:06:46Z","sec-exchange",FALSE
"SNDK","Sandisk Corp","NASDAQ",NA,"tech.Hardware","2026-10-02T17:06:46Z","sec-exchange",FALSE
"RTX","RTX Corp","NYSE",NA,"ind.Aerospace_Defense","2026-10-02T17:06:46Z","sec-exchange",FALSE
"TMO","THERMO FISHER SCIENTIFIC INC.","NYSE",NA,"hc.Medtech","2026-10-02T17:06:46Z","sec-exchange",FALSE
"WFC","WELLS FARGO & COMPANY/MN","NYSE",NA,"fn.Banking","2026-10-02T17:06:46Z","sec-exchange",FALSE
"SAP","SAP SE","NYSE","Sector: Technology | Industry: Software - Application","saas.SaaS_Cloud","2026-10-02T17:06:46Z","sec-exchange",TRUE
"MRVL","Marvell Technology, Inc.","NASDAQ",NA,"sc.IC_Design","2026-10-02T17:06:46Z","sec-exchange",FALSE
"AMGN","AMGEN INC","NASDAQ",NA,"hc.Biotech","2026-10-02T17:06:46Z","sec-exchange",FALSE
"TM","TOYOTA MOTOR CORP/","NYSE","Sector: Consumer Cyclical | Industry: Auto Manufacturers","auto.Vehicle_Manufacturing","2026-10-02T17:06:46Z","sec-exchange",TRUE
"C","CITIGROUP INC","NYSE",NA,"fn.Banking","2026-10-02T17:06:46Z","sec-exchange",FALSE
"LIN","LINDE PLC","NASDAQ",NA,"mat.Chemicals","2026-10-02T17:06:46Z","sec-exchange",TRUE
"BHP","BHP Group Ltd","NYSE","Sector: Basic Materials | Industry: Other Industrial Metals & Mining","mat.Metals_Mining","2026-10-02T17:06:46Z","sec-exchange",TRUE
"APH","AMPHENOL CORP /DE/","NYSE",NA,"ec.Hardware","2026-10-02T17:06:46Z","sec-exchange",TRUE
"IBM","INTERNATIONAL BUSINESS MACHINES CORP","NYSE",NA,"tech.IT_Services","2026-10-02T17:06:46Z","sec-exchange",FALSE
"STX","Seagate Technology Holdings plc","NASDAQ",NA,"tech.Hardware","2026-10-02T17:06:46Z","sec-exchange",TRUE
"AXP","AMERICAN EXPRESS CO","NYSE",NA,"fn.Fintech","2026-10-02T17:06:46Z","sec-exchange",FALSE
"SAN","Banco Santander, S.A.","NYSE","Sector: Financial Services | Industry: Banks - Diversified","fn.Banking","2026-10-02T17:06:46Z","sec-exchange",TRUE
"QCOM","QUALCOMM INC/DE","NASDAQ",NA,"sc.IC_Design","2026-10-02T17:06:46Z","sec-exchange",FALSE
"TD","TORONTO DOMINION BANK","NYSE","Sector: Financial Services | Industry: Banks - Diversified","fn.Banking","2026-10-02T17:06:46Z","sec-exchange",FALSE
"TTE","TotalEnergies SE","NYSE","Sector: Energy | Industry: Oil & Gas Integrated","en.Energy_OilGas","2026-10-02T17:06:46Z","sec-exchange",TRUE
"ADI","ANALOG DEVICES INC","NASDAQ",NA,"sc.IC_Design","2026-10-02T17:06:46Z","sec-exchange",FALSE
"SHOP","SHOPIFY INC.","NASDAQ","Sector: Technology | Industry: Software - Application","saas.SaaS_Cloud","2026-10-02T17:06:46Z","sec-exchange",FALSE
"VZ","VERIZON COMMUNICATIONS INC","NYSE",NA,"tel.Telecom","2026-10-02T17:06:46Z","sec-exchange",FALSE
"GILD","GILEAD SCIENCES, INC.","NASDAQ",NA,"hc.Biotech","2026-10-02T17:06:46Z","sec-exchange",FALSE
"CRM","Salesforce, Inc.","NYSE",NA,"saas.SaaS_Cloud","2026-10-02T17:06:46Z","sec-exchange",FALSE
"DE","DEERE & CO","NYSE",NA,"ind.Machinery","2026-10-02T17:06:46Z","sec-exchange",FALSE
"DIS","Walt Disney Co","NYSE",NA,"media.Entertainment","2026-10-02T17:06:46Z","sec-exchange",FALSE
"TMUS","T-Mobile US, Inc.","NASDAQ",NA,"tel.Telecom","2026-10-02T17:06:46Z","sec-exchange",FALSE
"PEP","PEPSICO INC","NASDAQ",NA,"fmcg.Food_Beverages","2026-10-02T17:06:46Z","sec-exchange",FALSE
"BLK","BlackRock, Inc.","NYSE",NA,"fn.Asset_Management","2026-10-02T17:06:46Z","sec-exchange",FALSE
"ABT","ABBOTT LABORATORIES","NYSE",NA,"hc.Medtech","2026-10-02T17:06:46Z","sec-exchange",FALSE
"SCCO","SOUTHERN COPPER CORP/","NYSE","Sector: Basic Materials | Industry: Copper","mat.Metals_Mining","2026-10-02T17:06:46Z","sec-exchange",FALSE
"SCHW","SCHWAB CHARLES CORP","NYSE",NA,"fn.Investment_Banking","2026-10-02T17:06:46Z","sec-exchange",FALSE
"NVO","NOVO NORDISK A S","NYSE","Sector: Healthcare | Industry: Drug Manufacturers - General","hc.Pharma","2026-10-02T17:06:46Z","sec-exchange",TRUE
"T","AT&T INC.","NYSE",NA,"tel.Telecom","2026-10-02T17:06:46Z","sec-exchange",FALSE
"ETN","Eaton Corp plc","NYSE",NA,"ec.Hardware","2026-10-02T17:06:46Z","sec-exchange",TRUE
"WELL","WELLTOWER INC.","NYSE",NA,"re.REIT","2026-10-02T17:06:46Z","sec-exchange",FALSE
"MCD","MCDONALDS CORP","NYSE",NA,"cons.Restaurants","2026-10-02T17:06:46Z","sec-exchange",FALSE
"WDC","WESTERN DIGITAL CORP","NASDAQ",NA,"tech.Hardware","2026-10-02T17:06:46Z","sec-exchange",FALSE
"PFE","PFIZER INC","NYSE",NA,"hc.Pharma","2026-10-02T17:06:46Z","sec-exchange",FALSE
"UNP","UNION PACIFIC CORP","NYSE",NA,"tr.Logistics_Shipping","2026-10-02T17:06:46Z","sec-exchange",FALSE
"DHR","DANAHER CORP /DE/","NYSE",NA,"hc.Medtech","2026-10-02T17:06:46Z","sec-exchange",TRUE
"NEE","NEXTERA ENERGY INC","NYSE",NA,"en.Utilities","2026-10-02T17:06:46Z","sec-exchange",FALSE
"BBVA","BANCO BILBAO VIZCAYA ARGENTARIA, S.A.","NYSE","Sector: Financial Services | Industry: Banks - Diversified","fn.Banking","2026-10-02T17:06:46Z","sec-exchange",TRUE
"RIO","RIO TINTO PLC","NYSE","Sector: Basic Materials | Industry: Other Industrial Metals & Mining","mat.Metals_Mining","2026-10-02T17:06:46Z","sec-exchange",TRUE
"COP","CONOCOPHILLIPS","NYSE",NA,"en.Energy_OilGas","2026-10-02T17:06:46Z","sec-exchange",FALSE
"UBS","UBS Group AG","NYSE","Sector: Financial Services | Industry: Banks - Diversified","fn.Banking","2026-10-02T17:06:46Z","sec-exchange",TRUE
"BA","BOEING CO","NYSE",NA,"ind.Aerospace_Defense","2026-10-02T17:06:46Z","sec-exchange",FALSE
"IBKR","Interactive Brokers Group, Inc.","NASDAQ",NA,"fn.Investment_Banking","2026-10-02T17:06:46Z","sec-exchange",FALSE
"TJX","TJX COMPANIES INC /DE/","NYSE",NA,"retail.Brick_Mortar","2026-10-02T17:06:46Z","sec-exchange",TRUE
"ISRG","INTUITIVE SURGICAL INC","NASDAQ",NA,"hc.Medtech","2026-10-02T17:06:46Z","sec-exchange",FALSE
"BUD","Anheuser-Busch InBev SA/NV","NYSE","Sector: Consumer Defensive | Industry: Beverages - Brewers","fmcg.Food_Beverages","2026-10-02T17:06:46Z","sec-exchange",TRUE
"UBER","Uber Technologies, Inc","NYSE",NA,"tr.Logistics_Shipping","2026-10-02T17:06:46Z","sec-exchange",FALSE
"GLW","CORNING INC /NY","NYSE",NA,"ec.Hardware","2026-10-02T17:06:46Z","sec-exchange",FALSE
"SONY","Sony Group Corp","NYSE","Sector: Technology | Industry: Consumer Electronics","tech.Hardware","2026-10-02T17:06:46Z","sec-exchange",TRUE
"BX","Blackstone Inc.","NYSE",NA,"fn.Asset_Management","2026-10-02T17:06:46Z","sec-exchange",FALSE
"NOW","ServiceNow, Inc.","NYSE",NA,"tech.Software","2026-10-02T17:06:46Z","sec-exchange",FALSE
"VRTX","VERTEX PHARMACEUTICALS INC / MA","NASDAQ",NA,"hc.Biotech","2026-10-02T17:06:46Z","sec-exchange",FALSE
"MFG","MIZUHO FINANCIAL GROUP INC","NYSE","Sector: Financial Services | Industry: Banks - Regional","fn.Banking","2026-10-02T17:06:46Z","sec-exchange",FALSE
"PBR","PETROBRAS - PETROLEO BRASILEIRO SA","NYSE","Sector: Energy | Industry: Oil & Gas Integrated","en.Energy_OilGas","2026-10-02T17:06:46Z","sec-exchange",TRUE
"UL","UNILEVER PLC","NYSE","Sector: Consumer Defensive | Industry: Household & Personal Products","fmcg.Household_Personal","2026-10-02T17:06:46Z","sec-exchange",TRUE
"BMY","BRISTOL MYERS SQUIBB CO","NYSE",NA,"hc.Pharma","2026-10-02T17:06:46Z","sec-exchange",FALSE
"PLD","Prologis, Inc.","NYSE",NA,"re.REIT","2026-10-02T17:06:46Z","sec-exchange",FALSE
"FTNT","Fortinet, Inc.","NASDAQ",NA,"tech.Software","2026-10-02T17:06:46Z","sec-exchange",FALSE
"CB","Chubb Ltd","NYSE",NA,"fn.Insurance","2026-10-02T17:06:46Z","sec-exchange",FALSE
"NET","Cloudflare, Inc.","NYSE","Sector: Technology | Industry: Software - Infrastructure","saas.SaaS_Cloud","2026-10-02T17:06:46Z","sec-exchange",FALSE
"NEM","NEWMONT Corp /DE/","NYSE",NA,"mat.Metals_Mining","2026-10-02T17:06:46Z","sec-exchange",TRUE
"BKNG","Booking Holdings Inc.","NASDAQ",NA,"hosp.Hotels_Travel","2026-10-02T17:06:46Z","sec-exchange",FALSE
"PH","Parker-Hannifin Corp","NYSE",NA,"ind.Machinery","2026-10-02T17:06:46Z","sec-exchange",FALSE
"PGR","PROGRESSIVE CORP/OH/","NYSE",NA,"fn.Insurance","2026-10-02T17:06:46Z","sec-exchange",FALSE
"COF","CAPITAL ONE FINANCIAL CORP","NYSE",NA,"fn.Fintech","2026-10-02T17:06:46Z","sec-exchange",FALSE
"ASX","ASE Technology Holding Co., Ltd.","NYSE","Sector: Technology | Industry: Semiconductors","sc.IC_Design","2026-10-02T17:06:46Z","sec-exchange",TRUE
"LMT","LOCKHEED MARTIN CORP","NYSE",NA,"ind.Aerospace_Defense","2026-10-02T17:06:46Z","sec-exchange",FALSE
"BMO","BANK OF MONTREAL /CAN/","NYSE","Sector: Financial Services | Industry: Banks - Diversified","fn.Banking","2026-10-02T17:06:46Z","sec-exchange",FALSE
"BTI","British American Tobacco p.l.c.","NYSE","Sector: Consumer Defensive | Industry: Tobacco","fmcg.Food_Beverages","2026-10-02T17:06:46Z","sec-exchange",FALSE
"HDB","HDFC BANK LTD","NYSE","Sector: Financial Services | Industry: Banks - Regional","fn.Banking","2026-10-02T17:06:46Z","sec-exchange",TRUE
"SNOW","Snowflake Inc.","NYSE","Sector: Technology | Industry: Software - Application","saas.SaaS_Cloud","2026-10-02T17:06:46Z","sec-exchange",FALSE
"SPGI","S&P Global Inc.","NYSE",NA,"fn.Asset_Management","2026-10-02T17:06:46Z","sec-exchange",FALSE
"MO","ALTRIA GROUP, INC.","NYSE",NA,"fmcg.Food_Beverages","2026-10-02T17:06:46Z","sec-exchange",FALSE
"BNS","BANK OF NOVA SCOTIA","NYSE","Sector: Financial Services | Industry: Banks - Diversified","fn.Banking","2026-10-02T17:06:46Z","sec-exchange",FALSE
"BP","BP PLC","NYSE","Sector: Energy | Industry: Oil & Gas Integrated","en.Energy_OilGas","2026-10-02T17:06:46Z","sec-exchange",TRUE
"MDT","Medtronic plc","NYSE",NA,"hc.Medtech","2026-10-02T17:06:46Z","sec-exchange",TRUE
"VLO","VALERO ENERGY CORP/TX","NYSE",NA,"en.Energy_OilGas","2026-10-02T17:06:46Z","sec-exchange",FALSE
"CVS","CVS HEALTH Corp","NYSE",NA,"hc.Healthcare_Services","2026-10-02T17:06:46Z","sec-exchange",FALSE
"PDD","PDD Holdings Inc.","NASDAQ","Sector: Consumer Cyclical | Industry: Internet Retail","ecr.Ecommerce_Retail","2026-10-02T17:06:46Z","sec-exchange",TRUE
"MPC","Marathon Petroleum Corp","NYSE",NA,"en.Energy_OilGas","2026-10-02T17:06:46Z","sec-exchange",FALSE
"SBUX","STARBUCKS CORP","NASDAQ",NA,"cons.Restaurants","2026-10-02T17:06:46Z","sec-exchange",FALSE
"ACN","Accenture plc","NYSE",NA,"tech.IT_Services","2026-10-02T17:06:46Z","sec-exchange",TRUE
"SYK","STRYKER CORP","NYSE",NA,"hc.Medtech","2026-10-02T17:06:46Z","sec-exchange",FALSE
"LOW","LOWES COMPANIES INC","NYSE",NA,"retail.Brick_Mortar","2026-10-02T17:06:46Z","sec-exchange",FALSE
"HOOD","Robinhood Markets, Inc.","NASDAQ",NA,"fn.Investment_Banking","2026-10-02T17:06:46Z","sec-exchange",FALSE
"ENB","ENBRIDGE INC","NYSE","Sector: Energy | Industry: Oil & Gas Midstream","en.Energy_OilGas","2026-10-02T17:06:46Z","sec-exchange",TRUE
"ADP","AUTOMATIC DATA PROCESSING INC","NASDAQ",NA,"bus.Professional_Services","2026-10-02T17:06:46Z","sec-exchange",FALSE
"APP","AppLovin Corp","NASDAQ",NA,"media.Advertising","2026-10-02T17:06:46Z","sec-exchange",FALSE
"ING","ING GROEP NV","NYSE","Sector: Financial Services | Industry: Banks - Diversified","fn.Banking","2026-10-02T17:06:46Z","sec-exchange",TRUE
"FCX","FREEPORT-MCMORAN INC","NYSE",NA,"mat.Metals_Mining","2026-10-02T17:06:46Z","sec-exchange",FALSE
"SPOT","Spotify Technology S.A.","NYSE","Sector: Communication Services | Industry: Internet Content & Information","tech.Internet_Platform","2026-10-02T17:06:46Z","sec-exchange",TRUE
"CM","CANADIAN IMPERIAL BANK OF COMMERCE /CAN/","NYSE","Sector: Financial Services | Industry: Banks - Diversified","fn.Banking","2026-10-02T17:06:46Z","sec-exchange",FALSE
"PSX","Phillips 66","NYSE",NA,"en.Energy_OilGas","2026-10-02T17:06:46Z","sec-exchange",FALSE
"BNY","Bank of New York Mellon Corp","NYSE",NA,"fn.Asset_Management","2026-10-02T17:06:46Z","sec-exchange",FALSE
"TT","Trane Technologies plc","NYSE",NA,"ind.Construction","2026-10-02T17:06:46Z","sec-exchange",TRUE
"EQIX","EQUINIX INC","NASDAQ",NA,"re.REIT","2026-10-02T17:06:46Z","sec-exchange",FALSE
"MCK","MCKESSON CORP","NYSE",NA,"hc.Healthcare_Services","2026-10-02T17:06:46Z","sec-exchange",FALSE
"GSK","GSK plc","NYSE","Sector: Healthcare | Industry: Drug Manufacturers - General","hc.Pharma","2026-10-02T17:06:46Z","sec-exchange",TRUE
"PWR","QUANTA SERVICES, INC.","NYSE",NA,"ind.Construction","2026-10-02T17:06:46Z","sec-exchange",FALSE
"EQNR","EQUINOR ASA","NYSE","Sector: Energy | Industry: Oil & Gas Integrated","en.Energy_OilGas","2026-10-02T17:06:46Z","sec-exchange",TRUE
"IBN","ICICI BANK LTD","NYSE","Sector: Financial Services | Industry: Banks - Regional","fn.Banking","2026-10-02T17:06:46Z","sec-exchange",TRUE
"SNY","Sanofi","NASDAQ","Sector: Healthcare | Industry: Drug Manufacturers - General","hc.Pharma","2026-10-02T17:06:46Z","sec-exchange",TRUE
"CNQ","CANADIAN NATURAL RESOURCES Ltd","NYSE","Sector: Energy | Industry: Oil & Gas E&P","en.Energy_OilGas","2026-10-02T17:06:46Z","sec-exchange",FALSE
"DDOG","Datadog, Inc.","NASDAQ",NA,"saas.SaaS_Cloud","2026-10-02T17:06:46Z","sec-exchange",FALSE
"SO","SOUTHERN CO","NYSE",NA,"en.Utilities","2026-10-02T17:06:46Z","sec-exchange",FALSE
"VRT","Vertiv Holdings Co","NYSE",NA,"ec.Hardware","2026-10-02T17:06:46Z","sec-exchange",FALSE
"CME","CME GROUP INC.","NASDAQ",NA,"fn.Asset_Management","2026-10-02T17:06:46Z","sec-exchange",FALSE
"ABNB","Airbnb, Inc.","NASDAQ",NA,"hosp.Hotels_Travel","2026-10-02T17:06:46Z","sec-exchange",FALSE
"MAR","MARRIOTT INTERNATIONAL INC /MD/","NASDAQ",NA,"hosp.Hotels_Travel","2026-10-02T17:06:46Z","sec-exchange",FALSE
"AEM","AGNICO EAGLE MINES LTD","NYSE","Sector: Basic Materials | Industry: Gold","mat.Metals_Mining","2026-10-02T17:06:46Z","sec-exchange",FALSE
"CEG","Constellation Energy Corp","NASDAQ",NA,"en.Utilities","2026-10-02T17:06:46Z","sec-exchange",FALSE
"HCA","HCA Healthcare, Inc.","NYSE",NA,"hc.Healthcare_Services","2026-10-02T17:06:46Z","sec-exchange",FALSE
"HWM","Howmet Aerospace Inc.","NYSE",NA,"ind.Aerospace_Defense","2026-10-02T17:06:46Z","sec-exchange",FALSE
"ADBE","ADOBE INC.","NASDAQ",NA,"saas.SaaS_Cloud","2026-10-02T17:06:46Z","sec-exchange",FALSE
"JCI","Johnson Controls International plc","NYSE",NA,"ind.Construction","2026-10-02T17:06:46Z","sec-exchange",TRUE
"USB","US BANCORP DE","NYSE",NA,"fn.Banking","2026-10-02T17:06:46Z","sec-exchange",FALSE
"GD","GENERAL DYNAMICS CORP","NYSE",NA,"ind.Aerospace_Defense","2026-10-02T17:06:46Z","sec-exchange",FALSE
"DUK","Duke Energy CORP","NYSE",NA,"en.Utilities","2026-10-02T17:06:46Z","sec-exchange",FALSE
"ITUB","Itau Unibanco Holding S.A.","NYSE","Sector: Financial Services | Industry: Banks - Regional","fn.Banking","2026-10-02T17:06:46Z","sec-exchange",TRUE
"CDNS","CADENCE DESIGN SYSTEMS INC","NASDAQ",NA,"saas.SaaS_Cloud","2026-10-02T17:06:46Z","sec-exchange",FALSE
"PNC","PNC FINANCIAL SERVICES GROUP, INC.","NYSE",NA,"fn.Banking","2026-10-02T17:06:46Z","sec-exchange",FALSE
"EMR","EMERSON ELECTRIC CO","NYSE",NA,"ec.Hardware","2026-10-02T17:06:46Z","sec-exchange",FALSE
"MELI","MERCADOLIBRE INC","NASDAQ","Sector: Consumer Cyclical | Industry: Internet Retail","ecr.Ecommerce_Retail","2026-10-02T17:06:46Z","sec-exchange",TRUE
"LITE","Lumentum Holdings Inc.","NASDAQ",NA,"ec.Hardware","2026-10-02T17:06:46Z","sec-exchange",FALSE
"MMM","3M CO","NYSE",NA,"ind.Conglomerate","2026-10-02T17:06:46Z","sec-exchange",FALSE
"CSX","CSX CORP","NASDAQ",NA,"tr.Logistics_Shipping","2026-10-02T17:06:46Z","sec-exchange",FALSE
"BE","Bloom Energy Corp","NYSE","Sector: Industrials | Industry: Electrical Equipment & Parts","ind.Machinery","2026-10-02T17:06:46Z","sec-exchange",FALSE
"KKR","KKR & Co. Inc.","NYSE",NA,"fn.Asset_Management","2026-10-02T17:06:46Z","sec-exchange",FALSE
"ICE","Intercontinental Exchange, Inc.","NYSE",NA,"fn.Asset_Management","2026-10-02T17:06:46Z","sec-exchange",FALSE
"ELV","Elevance Health, Inc.","NYSE",NA,"hc.Healthcare_Services","2026-10-02T17:06:46Z","sec-exchange",FALSE
"WMB","WILLIAMS COMPANIES, INC.","NYSE",NA,"en.Energy_OilGas","2026-10-02T17:06:46Z","sec-exchange",FALSE
"WM","WASTE MANAGEMENT INC","NYSE",NA,"en.Environmental","2026-10-02T17:06:46Z","sec-exchange",FALSE
"MNST","Monster Beverage Corp","NASDAQ",NA,"fmcg.Food_Beverages","2026-10-02T17:06:46Z","sec-exchange",FALSE
"LYG","Lloyds Banking Group plc","NYSE","Sector: Financial Services | Industry: Banks - Regional","fn.Banking","2026-10-02T17:06:46Z","sec-exchange",TRUE
"HPE","Hewlett Packard Enterprise Co","NYSE",NA,"tech.Hardware","2026-10-02T17:06:46Z","sec-exchange",FALSE
"BCS","BARCLAYS PLC","NYSE","Sector: Financial Services | Industry: Banks - Diversified","fn.Banking","2026-10-02T17:06:46Z","sec-exchange",TRUE
"MRSH","MARSH & MCLENNAN COMPANIES, INC.","NYSE",NA,"fn.Insurance","2026-10-02T17:06:46Z","sec-exchange",FALSE
"BN","BROOKFIELD Corp /ON/","NYSE","Sector: Financial Services | Industry: Asset Management","fn.Asset_Management","2026-10-02T17:06:46Z","sec-exchange",FALSE
"DASH","DoorDash, Inc.","NASDAQ",NA,"cons.Discretionary","2026-10-02T17:06:46Z","sec-exchange",FALSE
"UPS","UNITED PARCEL SERVICE INC","NYSE",NA,"tr.Logistics_Shipping","2026-10-02T17:06:46Z","sec-exchange",FALSE
"SHW","SHERWIN WILLIAMS CO","NYSE",NA,"mat.Chemicals","2026-10-02T17:06:46Z","sec-exchange",FALSE
"MRNA","Moderna, Inc.","NASDAQ",NA,"hc.Biotech","2026-10-02T17:06:46Z","sec-exchange",FALSE
"SU","SUNCOR ENERGY INC","NYSE","Sector: Energy | Industry: Oil & Gas Integrated","en.Energy_OilGas","2026-10-02T17:06:46Z","sec-exchange",FALSE
"SNPS","SYNOPSYS INC","NASDAQ",NA,"saas.SaaS_Cloud","2026-10-02T17:06:46Z","sec-exchange",FALSE
"CTAS","CINTAS CORP","NASDAQ",NA,"ind.Machinery","2026-10-02T17:06:46Z","sec-exchange",FALSE
"MCO","MOODYS CORP /DE/","NYSE",NA,"fn.Asset_Management","2026-10-02T17:06:46Z","sec-exchange",TRUE
"E","ENI SPA","NYSE","Sector: Energy | Industry: Oil & Gas Integrated","en.Energy_OilGas","2026-10-02T17:06:46Z","sec-exchange",TRUE
"EPD","ENTERPRISE PRODUCTS PARTNERS L.P.","NYSE","Sector: Energy | Industry: Oil & Gas Midstream","en.Energy_OilGas","2026-10-02T17:06:46Z","sec-exchange",FALSE
"ECL","ECOLAB INC.","NYSE",NA,"mat.Chemicals","2026-10-02T17:06:46Z","sec-exchange",FALSE
"NTES","NetEase, Inc.","NASDAQ","Sector: Communication Services | Industry: Electronic Gaming & Multimedia","media.Gaming","2026-10-02T17:06:46Z","sec-exchange",TRUE
"AMT","AMERICAN TOWER CORP /MA/","NYSE",NA,"re.REIT","2026-10-02T17:06:46Z","sec-exchange",FALSE
"SPG","SIMON PROPERTY GROUP INC.","NYSE",NA,"re.REIT","2026-10-02T17:06:46Z","sec-exchange",FALSE
"REGN","REGENERON PHARMACEUTICALS, INC.","NASDAQ",NA,"hc.Biotech","2026-10-02T17:06:46Z","sec-exchange",FALSE
"WBD","Warner Bros. Discovery, Inc.","NASDAQ",NA,"media.Entertainment","2026-10-02T17:06:46Z","sec-exchange",FALSE
"CMCSA","COMCAST CORP","NASDAQ",NA,"tel.Telecom","2026-10-02T17:06:46Z","sec-exchange",FALSE
"ITW","ILLINOIS TOOL WORKS INC","NYSE",NA,"ind.Machinery","2026-10-02T17:06:46Z","sec-exchange",FALSE
"CP","CANADIAN PACIFIC KANSAS CITY LTD/CN","NYSE","Sector: Industrials | Industry: Railroads","tr.Logistics_Shipping","2026-10-02T17:06:46Z","sec-exchange",FALSE
"MDLZ","Mondelez International, Inc.","NASDAQ",NA,"fmcg.Food_Beverages","2026-10-02T17:06:46Z","sec-exchange",FALSE
"TRV","TRAVELERS COMPANIES, INC.","NYSE",NA,"fn.Insurance","2026-10-02T17:06:46Z","sec-exchange",FALSE
"ROST","ROSS STORES, INC.","NASDAQ",NA,"retail.Brick_Mortar","2026-10-02T17:06:46Z","sec-exchange",FALSE
"NGG","NATIONAL GRID PLC","NYSE","Sector: Utilities | Industry: Utilities - Regulated Electric","en.Utilities","2026-10-02T17:06:46Z","sec-exchange",TRUE
"MSI","Motorola Solutions, Inc.","NYSE",NA,"ec.Hardware","2026-10-02T17:06:46Z","sec-exchange",FALSE
"SLB","SLB LIMITED/NV","NYSE",NA,"en.Energy_OilGas","2026-10-02T17:06:46Z","sec-exchange",TRUE
"EOG","EOG RESOURCES INC","NYSE",NA,"en.Energy_OilGas","2026-10-02T17:06:46Z","sec-exchange",FALSE
"CNI","CANADIAN NATIONAL RAILWAY CO","NYSE","Sector: Industrials | Industry: Railroads","tr.Logistics_Shipping","2026-10-02T17:06:46Z","sec-exchange",FALSE
"GM","General Motors Co","NYSE",NA,"auto.Vehicle_Manufacturing","2026-10-02T17:06:46Z","sec-exchange",FALSE
"HLT","Hilton Worldwide Holdings Inc.","NYSE",NA,"hosp.Hotels_Travel","2026-10-02T17:06:46Z","sec-exchange",FALSE
"CI","Cigna Group","NYSE",NA,"hc.Healthcare_Services","2026-10-02T17:06:46Z","sec-exchange",FALSE
"NWG","NatWest Group plc","NYSE","Sector: Financial Services | Industry: Banks - Regional","fn.Banking","2026-10-02T17:06:46Z","sec-exchange",TRUE
"CMI","CUMMINS INC","NYSE",NA,"ind.Machinery","2026-10-02T17:06:46Z","sec-exchange",FALSE
"BAM","Brookfield Asset Management Ltd.","NYSE","Sector: Financial Services | Industry: Asset Management","fn.Asset_Management","2026-10-02T17:06:46Z","sec-exchange",FALSE
"MFC","MANULIFE FINANCIAL CORP","NYSE","Sector: Financial Services | Industry: Insurance - Life","fn.Insurance","2026-10-02T17:06:46Z","sec-exchange",FALSE
"NOC","NORTHROP GRUMMAN CORP /DE/","NYSE",NA,"ind.Aerospace_Defense","2026-10-02T17:06:46Z","sec-exchange",TRUE
"TGT","TARGET CORP","NYSE",NA,"retail.Brick_Mortar","2026-10-02T17:06:46Z","sec-exchange",FALSE
"INTU","INTUIT INC.","NASDAQ",NA,"saas.SaaS_Cloud","2026-10-02T17:06:46Z","sec-exchange",FALSE
"APO","Apollo Global Management, Inc.","NYSE",NA,"fn.Asset_Management","2026-10-02T17:06:46Z","sec-exchange",FALSE
"RACE","Ferrari N.V.","NYSE","Sector: Consumer Cyclical | Industry: Auto Manufacturers","auto.Vehicle_Manufacturing","2026-10-02T17:06:46Z","sec-exchange",TRUE
"CVNA","CARVANA CO.","NYSE",NA,"retail.Brick_Mortar","2026-10-02T17:06:46Z","sec-exchange",FALSE
"NSC","NORFOLK SOUTHERN CORP","NYSE",NA,"tr.Logistics_Shipping","2026-10-02T17:06:46Z","sec-exchange",FALSE
"RCL","ROYAL CARIBBEAN CRUISES LTD","NYSE",NA,"hosp.Hotels_Travel","2026-10-02T17:06:46Z","sec-exchange",FALSE
"ORLY","O REILLY AUTOMOTIVE INC","NASDAQ",NA,"retail.Brick_Mortar","2026-10-02T17:06:46Z","sec-exchange",FALSE
"CL","COLGATE PALMOLIVE CO","NYSE",NA,"fmcg.Household_Personal","2026-10-02T17:06:46Z","sec-exchange",FALSE
"ET","Energy Transfer LP","NYSE","Sector: Energy | Industry: Oil & Gas Midstream","en.Energy_OilGas","2026-10-02T17:06:46Z","sec-exchange",FALSE
"FDX","FEDEX CORP","NYSE",NA,"tr.Logistics_Shipping","2026-10-02T17:06:46Z","sec-exchange",FALSE
"DB","DEUTSCHE BANK AKTIENGESELLSCHAFT","NYSE","Sector: Financial Services | Industry: Banks - Regional","fn.Banking","2026-10-02T17:06:46Z","sec-exchange",TRUE
"B","BARRICK MINING CORP","NYSE","Sector: Basic Materials | Industry: Gold","mat.Metals_Mining","2026-10-02T17:06:46Z","sec-exchange",FALSE
"KMI","KINDER MORGAN, INC.","NYSE",NA,"en.Energy_OilGas","2026-10-02T17:06:46Z","sec-exchange",FALSE
"MPWR","MONOLITHIC POWER SYSTEMS, INC.","NASDAQ",NA,"sc.IC_Design","2026-10-02T17:06:46Z","sec-exchange",FALSE
"HON","HONEYWELL INTERNATIONAL INC","NASDAQ",NA,"ind.Conglomerate","2026-10-02T17:06:46Z","sec-exchange",FALSE
"DLR","DIGITAL REALTY TRUST, INC.","NYSE",NA,"re.REIT","2026-10-02T17:06:46Z","sec-exchange",FALSE
"NBIS","Nebius Group N.V.","NASDAQ","Sector: Communication Services | Industry: Internet Content & Information","tech.Internet_Platform","2026-10-02T17:06:46Z","sec-exchange",TRUE
"AMX","AMERICA MOVIL SAB DE CV/","NYSE","Sector: Communication Services | Industry: Telecom Services","tel.Telecom","2026-10-02T17:06:46Z","sec-exchange",TRUE
"AEP","AMERICAN ELECTRIC POWER CO INC","NASDAQ",NA,"en.Utilities","2026-10-02T17:06:46Z","sec-exchange",FALSE
"RSG","REPUBLIC SERVICES, INC.","NYSE",NA,"en.Environmental","2026-10-02T17:06:46Z","sec-exchange",FALSE
"ALAB","Astera Labs, Inc.","NASDAQ","Sector: Technology | Industry: Semiconductors","sc.IC_Design","2026-10-02T17:06:46Z","sec-exchange",FALSE
"TER","TERADYNE, INC","NASDAQ",NA,"sc.Equipment","2026-10-02T17:06:46Z","sec-exchange",FALSE
"BSX","BOSTON SCIENTIFIC CORP","NYSE",NA,"hc.Medtech","2026-10-02T17:06:46Z","sec-exchange",FALSE
"URI","UNITED RENTALS, INC.","NYSE",NA,"ind.Machinery","2026-10-02T17:06:46Z","sec-exchange",FALSE
"UMC","UNITED MICROELECTRONICS CORP","NYSE","Sector: Technology | Industry: Semiconductors","sc.IC_Design","2026-10-02T17:06:46Z","sec-exchange",TRUE
"APD","Air Products & Chemicals, Inc.","NYSE",NA,"mat.Chemicals","2026-10-02T17:06:46Z","sec-exchange",FALSE
"TEL","TE Connectivity plc","NYSE",NA,"ec.Hardware","2026-10-02T17:06:46Z","sec-exchange",TRUE
"MSTR","Strategy Inc","NASDAQ","Sector: Technology | Industry: Software - Application","saas.SaaS_Cloud","2026-10-02T17:06:46Z","sec-exchange",FALSE
"WPM","Wheaton Precious Metals Corp.","NYSE","Sector: Basic Materials | Industry: Gold","mat.Metals_Mining","2026-10-02T17:06:46Z","sec-exchange",FALSE
"KEYS","Keysight Technologies, Inc.","NYSE",NA,"ec.Hardware","2026-10-02T17:06:46Z","sec-exchange",FALSE
"SE","Sea Ltd","NYSE","Sector: Consumer Cyclical | Industry: Internet Retail","ecr.Ecommerce_Retail","2026-10-02T17:06:46Z","sec-exchange",TRUE
"TDG","TransDigm Group INC","NYSE",NA,"ind.Aerospace_Defense","2026-10-02T17:06:46Z","sec-exchange",FALSE
"MET","METLIFE INC","NYSE",NA,"fn.Insurance","2026-10-02T17:06:46Z","sec-exchange",FALSE
"ARGX","ARGENX SE","NASDAQ","Sector: Healthcare | Industry: Biotechnology","hc.Biotech","2026-10-02T17:06:46Z","sec-exchange",TRUE
"NU","Nu Holdings Ltd.","NYSE","Sector: Financial Services | Industry: Banks - Regional","fn.Banking","2026-10-02T17:06:46Z","sec-exchange",TRUE
"NXPI","NXP Semiconductors N.V.","NASDAQ",NA,"sc.IC_Design","2026-10-02T17:06:46Z","sec-exchange",TRUE
"NTRA","Natera, Inc.","NASDAQ",NA,"lab.Unmapped","2026-10-02T17:06:46Z","sec-exchange",FALSE
"TAK","TAKEDA PHARMACEUTICAL CO LTD","NYSE","Sector: Healthcare | Industry: Drug Manufacturers - Specialty & Generic","hc.Pharma","2026-10-02T17:06:46Z","sec-exchange",TRUE
"GWW","W.W. GRAINGER, INC.","NYSE",NA,"ind.Machinery","2026-10-02T17:06:46Z","sec-exchange",FALSE
"PCAR","PACCAR INC","NASDAQ",NA,"ind.Machinery","2026-10-02T17:06:46Z","sec-exchange",FALSE
"FIX","COMFORT SYSTEMS USA INC","NYSE",NA,"ind.Construction","2026-10-02T17:06:46Z","sec-exchange",FALSE
"AJG","Arthur J. Gallagher & Co.","NYSE",NA,"fn.Insurance","2026-10-02T17:06:46Z","sec-exchange",FALSE
"TRGP","Targa Resources Corp.","NYSE",NA,"en.Energy_OilGas","2026-10-02T17:06:46Z","sec-exchange",FALSE
"NOK","NOKIA CORP","NYSE",NA,"tel.Telecom","2026-10-02T17:06:46Z","sec-exchange",TRUE
"COR","Cencora, Inc.","NYSE",NA,"hc.Healthcare_Services","2026-10-02T17:06:46Z","sec-exchange",FALSE
"AON","Aon plc","NYSE",NA,"fn.Insurance","2026-10-02T17:06:46Z","sec-exchange",TRUE
"AME","AMETEK INC/","NYSE",NA,"ec.Hardware","2026-10-02T17:06:46Z","sec-exchange",FALSE
"MPLX","MPLX LP","NYSE","Sector: Energy | Industry: Oil & Gas Midstream","en.Energy_OilGas","2026-10-02T17:06:46Z","sec-exchange",FALSE
"RELX","RELX PLC","NYSE","Sector: Industrials | Industry: Specialty Business Services","ind.Machinery","2026-10-02T17:06:46Z","sec-exchange",TRUE
"FAST","FASTENAL CO","NASDAQ",NA,"ind.Machinery","2026-10-02T17:06:46Z","sec-exchange",FALSE
"COHR","COHERENT CORP.","NYSE",NA,"ec.Hardware","2026-10-02T17:06:46Z","sec-exchange",FALSE
"CVE","CENOVUS ENERGY INC.","NYSE","Sector: Energy | Industry: Oil & Gas Integrated","en.Energy_OilGas","2026-10-02T17:06:46Z","sec-exchange",FALSE
"ALL","ALLSTATE CORP","NYSE",NA,"fn.Insurance","2026-10-02T17:06:46Z","sec-exchange",FALSE
"AFL","AFLAC INC","NYSE",NA,"fn.Insurance","2026-10-02T17:06:46Z","sec-exchange",FALSE
"VALE","Vale S.A.","NYSE","Sector: Basic Materials | Industry: Other Industrial Metals & Mining","mat.Metals_Mining","2026-10-02T17:06:46Z","sec-exchange",TRUE
"TFC","TRUIST FINANCIAL CORP","NYSE",NA,"fn.Banking","2026-10-02T17:06:46Z","sec-exchange",FALSE
"GRMN","GARMIN LTD","NYSE",NA,"tech.Hardware","2026-10-02T17:06:46Z","sec-exchange",FALSE
"DAL","DELTA AIR LINES, INC.","NYSE",NA,"tr.Airlines","2026-10-02T17:06:46Z","sec-exchange",FALSE
"CRH","CRH PUBLIC LTD CO","NYSE",NA,"ind.Construction","2026-10-02T17:06:46Z","sec-exchange",FALSE
"BKR","Baker Hughes Co","NASDAQ",NA,"en.Energy_OilGas","2026-10-02T17:06:46Z","sec-exchange",FALSE
"LNG","Cheniere Energy, Inc.","NYSE","Sector: Energy | Industry: Oil & Gas Midstream","en.Energy_OilGas","2026-10-02T17:06:46Z","sec-exchange",FALSE
"OXY","OCCIDENTAL PETROLEUM CORP /DE/","NYSE",NA,"en.Energy_OilGas","2026-10-02T17:06:46Z","sec-exchange",TRUE
"OKE","ONEOK INC /NEW/","NYSE",NA,"en.Energy_OilGas","2026-10-02T17:06:46Z","sec-exchange",FALSE
"NUE","NUCOR CORP","NYSE",NA,"mat.Metals_Mining","2026-10-02T17:06:46Z","sec-exchange",FALSE
"PSA","Public Storage","NYSE",NA,"re.REIT","2026-10-02T17:06:46Z","sec-exchange",FALSE
"D","DOMINION ENERGY, INC","NYSE",NA,"en.Utilities","2026-10-02T17:06:46Z","sec-exchange",FALSE
"NKE","NIKE, Inc.","NYSE",NA,"lxg.Luxury_Fashion","2026-10-02T17:06:46Z","sec-exchange",FALSE
"O","REALTY INCOME CORP","NYSE",NA,"re.REIT","2026-10-02T17:06:46Z","sec-exchange",FALSE
"CTVA","Corteva, Inc.","NYSE",NA,"mat.Chemicals","2026-10-02T17:06:46Z","sec-exchange",FALSE
"CAH","CARDINAL HEALTH INC","NYSE",NA,"hc.Healthcare_Services","2026-10-02T17:06:46Z","sec-exchange",FALSE
"NDAQ","NASDAQ, INC.","NASDAQ",NA,"fn.Asset_Management","2026-10-02T17:06:46Z","sec-exchange",FALSE
"FANG","Diamondback Energy, Inc.","NASDAQ",NA,"en.Energy_OilGas","2026-10-02T17:06:46Z","sec-exchange",FALSE
"MT","ArcelorMittal","NYSE","Sector: Basic Materials | Industry: Steel","mat.Metals_Mining","2026-10-02T17:06:46Z","sec-exchange",FALSE
"SRE","SEMPRA","NYSE",NA,"en.Utilities","2026-10-02T17:06:46Z","sec-exchange",FALSE
"DVN","DEVON ENERGY CORP/DE","NYSE",NA,"en.Energy_OilGas","2026-10-02T17:06:46Z","sec-exchange",TRUE
"EW","Edwards Lifesciences Corp","NYSE",NA,"hc.Medtech","2026-10-02T17:06:46Z","sec-exchange",FALSE
"COIN","Coinbase Global, Inc.","NASDAQ",NA,"fn.Asset_Management","2026-10-02T17:06:46Z","sec-exchange",FALSE
"BDX","BECTON DICKINSON & CO","NYSE",NA,"hc.Medtech","2026-10-02T17:06:46Z","sec-exchange",FALSE
"CIEN","CIENA CORP","NYSE",NA,"ec.Hardware","2026-10-02T17:06:46Z","sec-exchange",FALSE
"A","AGILENT TECHNOLOGIES, INC.","NYSE",NA,"hc.Medtech","2026-10-02T17:06:46Z","sec-exchange",FALSE
"HONA","Honeywell Aerospace Inc.","NASDAQ",NA,"ind.Aerospace_Defense","2026-10-02T17:06:46Z","sec-exchange",FALSE
"WAB","WESTINGHOUSE AIR BRAKE TECHNOLOGIES CORP","NYSE",NA,"ind.Machinery","2026-10-02T17:06:46Z","sec-exchange",FALSE
"F","FORD MOTOR CO","NYSE",NA,"auto.Vehicle_Manufacturing","2026-10-02T17:06:46Z","sec-exchange",FALSE
"STT","STATE STREET CORP","NYSE",NA,"fn.Asset_Management","2026-10-02T17:06:46Z","sec-exchange",FALSE
"FNV","FRANCO NEVADA Corp","NYSE","Sector: Basic Materials | Industry: Gold","mat.Metals_Mining","2026-10-02T17:06:46Z","sec-exchange",FALSE
"ROK","ROCKWELL AUTOMATION, INC","NYSE",NA,"ec.Hardware","2026-10-02T17:06:46Z","sec-exchange",FALSE
"AU","AngloGold Ashanti PLC","NYSE","Sector: Basic Materials | Industry: Gold","mat.Metals_Mining","2026-10-02T17:06:46Z","sec-exchange",TRUE
"CBRS","Cerebras Systems Inc.","NASDAQ","Sector: Technology | Industry: Semiconductors","sc.IC_Design","2026-10-02T17:06:46Z","sec-exchange",FALSE
"CRWV","CoreWeave, Inc.","NASDAQ",NA,"lab.Unmapped","2026-10-02T17:06:46Z","sec-exchange",FALSE
"STM","STMicroelectronics N.V.","NYSE","Sector: Technology | Industry: Semiconductors","sc.IC_Design","2026-10-02T17:06:46Z","sec-exchange",TRUE
"VST","Vistra Corp.","NYSE",NA,"en.Utilities","2026-10-02T17:06:46Z","sec-exchange",FALSE
"ETR","ENTERGY CORP /DE/","NYSE",NA,"en.Utilities","2026-10-02T17:06:46Z","sec-exchange",TRUE
"VMRK","VIVMARK RESIDENTIAL","NYSE","Sector: Real Estate | Industry: REIT - Residential","re.REIT","2026-10-02T17:06:46Z","sec-exchange",FALSE
"DEO","DIAGEO PLC","NYSE","Sector: Consumer Defensive | Industry: Beverages - Wineries & Distilleries","fmcg.Food_Beverages","2026-10-02T17:06:46Z","sec-exchange",TRUE
"EBAY","EBAY INC","NASDAQ",NA,"ecr.Ecommerce_Retail","2026-10-02T17:06:46Z","sec-exchange",FALSE
"MDLN","Medline Inc.","NASDAQ",NA,"lab.Unmapped","2026-10-02T17:06:46Z","sec-exchange",FALSE
"TEVA","TEVA PHARMACEUTICAL INDUSTRIES LTD","NYSE","Sector: Healthcare | Industry: Drug Manufacturers - Specialty & Generic","hc.Pharma","2026-10-02T17:06:46Z","sec-exchange",FALSE
"HUM","HUMANA INC","NYSE",NA,"hc.Healthcare_Services","2026-10-02T17:06:46Z","sec-exchange",FALSE
"CLS","CELESTICA INC","NYSE","Sector: Technology | Industry: Electronic Components","ec.Hardware","2026-10-02T17:06:46Z","sec-exchange",FALSE
"FITB","FIFTH THIRD BANCORP","NYSE",NA,"fn.Banking","2026-10-02T17:06:46Z","sec-exchange",FALSE
"PYPL","PayPal Holdings, Inc.","NASDAQ",NA,"fn.Fintech","2026-10-02T17:06:46Z","sec-exchange",FALSE
"AZO","AUTOZONE INC","NYSE",NA,"retail.Brick_Mortar","2026-10-02T17:06:46Z","sec-exchange",FALSE
"CARR","CARRIER GLOBAL Corp","NYSE",NA,"ind.Construction","2026-10-02T17:06:46Z","sec-exchange",FALSE
"WDAY","Workday, Inc.","NASDAQ",NA,"saas.SaaS_Cloud","2026-10-02T17:06:46Z","sec-exchange",FALSE
"CCEP","COCA-COLA EUROPACIFIC PARTNERS plc","NASDAQ","Sector: Consumer Defensive | Industry: Beverages - Non-Alcoholic","fmcg.Food_Beverages","2026-10-02T17:06:46Z","sec-exchange",TRUE
"RKLB","Rocket Lab Corp","NASDAQ","Sector: Industrials | Industry: Aerospace & Defense","ind.Aerospace_Defense","2026-10-02T17:06:46Z","sec-exchange",FALSE
"VEEV","VEEVA SYSTEMS INC","NYSE",NA,"hc.Healthcare_Services","2026-10-02T17:06:46Z","sec-exchange",FALSE
"KB","KB Financial Group Inc.","NYSE","Sector: Financial Services | Industry: Banks - Regional","fn.Banking","2026-10-02T17:06:46Z","sec-exchange",TRUE
"XYZ","Block, Inc.","NYSE",NA,"fn.Fintech","2026-10-02T17:06:46Z","sec-exchange",FALSE
"ABEV","AMBEV S.A.","NYSE","Sector: Consumer Defensive | Industry: Beverages - Brewers","fmcg.Food_Beverages","2026-10-02T17:06:46Z","sec-exchange",TRUE
"IQV","IQVIA HOLDINGS INC.","NYSE",NA,"hc.Medtech","2026-10-02T17:06:46Z","sec-exchange",FALSE
"VTR","Ventas, Inc.","NYSE",NA,"re.REIT","2026-10-02T17:06:46Z","sec-exchange",FALSE
"TWLO","TWILIO INC","NYSE",NA,"lab.Unmapped","2026-10-02T17:06:46Z","sec-exchange",FALSE
"XEL","XCEL ENERGY INC","NASDAQ",NA,"en.Utilities","2026-10-02T17:06:46Z","sec-exchange",FALSE
"AMP","AMERIPRISE FINANCIAL INC","NYSE",NA,"fn.Asset_Management","2026-10-02T17:06:46Z","sec-exchange",FALSE
"TEAM","Atlassian Corp","NASDAQ","Sector: Technology | Industry: Software - Application","saas.SaaS_Cloud","2026-10-02T17:06:46Z","sec-exchange",FALSE
"SLF","SUN LIFE FINANCIAL INC","NYSE","Sector: Financial Services | Industry: Insurance - Diversified","fn.Insurance","2026-10-02T17:06:46Z","sec-exchange",FALSE
"LHX","L3HARRIS TECHNOLOGIES, INC. /DE/","NYSE",NA,"ind.Aerospace_Defense","2026-10-02T17:06:46Z","sec-exchange",TRUE
"P","Everpure, Inc.","NYSE","Sector: Technology | Industry: Computer Hardware","tech.Hardware","2026-10-02T17:06:46Z","sec-exchange",FALSE
"RVMD","Revolution Medicines, Inc.","NASDAQ","Sector: Healthcare | Industry: Biotechnology","hc.Biotech","2026-10-02T17:06:46Z","sec-exchange",FALSE
"WAT","WATERS CORP /DE/","NYSE",NA,"hc.Medtech","2026-10-02T17:06:46Z","sec-exchange",TRUE
"FERG","Ferguson Enterprises Inc. /DE/","NYSE",NA,"ind.Construction","2026-10-02T17:06:46Z","sec-exchange",TRUE
"MCHP","MICROCHIP TECHNOLOGY INC","NASDAQ",NA,"sc.IC_Design","2026-10-02T17:06:46Z","sec-exchange",FALSE
"HEI","HEICO CORP","NYSE","Sector: Industrials | Industry: Aerospace & Defense","ind.Aerospace_Defense","2026-10-02T17:06:46Z","sec-exchange",FALSE
"INFY","Infosys Ltd","NYSE","Sector: Technology | Industry: Information Technology Services","tech.IT_Services","2026-10-02T17:06:46Z","sec-exchange",TRUE
"BSBR","Banco Santander (Brasil) S.A.","NYSE","Sector: Financial Services | Industry: Banks - Regional","fn.Banking","2026-10-02T17:06:46Z","sec-exchange",TRUE
"KDP","Keurig Dr Pepper Inc.","NASDAQ",NA,"fmcg.Food_Beverages","2026-10-02T17:06:46Z","sec-exchange",FALSE
"IDXX","IDEXX LABORATORIES INC /DE","NASDAQ",NA,"hc.Medtech","2026-10-02T17:06:46Z","sec-exchange",TRUE
"ADSK","Autodesk, Inc.","NASDAQ",NA,"saas.SaaS_Cloud","2026-10-02T17:06:46Z","sec-exchange",FALSE
"FLEX","FLEX LTD.","NASDAQ",NA,"ec.Hardware","2026-10-02T17:06:46Z","sec-exchange",FALSE
"HMC","HONDA MOTOR CO LTD","NYSE","Sector: Consumer Cyclical | Industry: Auto Manufacturers","auto.Vehicle_Manufacturing","2026-10-02T17:06:46Z","sec-exchange",TRUE
"EXC","EXELON CORP","NASDAQ",NA,"en.Utilities","2026-10-02T17:06:46Z","sec-exchange",FALSE
"ONC","BeOne Medicines Ltd.","NASDAQ","Sector: Healthcare | Industry: Biotechnology","hc.Biotech","2026-10-02T17:06:46Z","sec-exchange",FALSE
"TRI","THOMSON REUTERS CORP /CAN/","NASDAQ","Sector: Industrials | Industry: Specialty Business Services","ind.Machinery","2026-10-02T17:06:46Z","sec-exchange",FALSE
"ILMN","ILLUMINA, INC.","NASDAQ",NA,"lab.Unmapped","2026-10-02T17:06:46Z","sec-exchange",FALSE
"NTAP","NetApp, Inc.","NASDAQ",NA,"tech.Hardware","2026-10-02T17:06:46Z","sec-exchange",FALSE
"CMG","CHIPOTLE MEXICAN GRILL INC","NYSE",NA,"cons.Restaurants","2026-10-02T17:06:46Z","sec-exchange",FALSE
"FMX","MEXICAN ECONOMIC DEVELOPMENT INC","NYSE","Sector: Consumer Defensive | Industry: Beverages - Brewers","fmcg.Food_Beverages","2026-10-02T17:06:46Z","sec-exchange",FALSE
"LYV","Live Nation Entertainment, Inc.","NYSE",NA,"media.Entertainment","2026-10-02T17:06:46Z","sec-exchange",FALSE
"PRU","PRUDENTIAL FINANCIAL INC","NYSE",NA,"fn.Insurance","2026-10-02T17:06:46Z","sec-exchange",FALSE
"HLN","Haleon plc","NYSE","Sector: Healthcare | Industry: Drug Manufacturers - Specialty & Generic","hc.Pharma","2026-10-02T17:06:46Z","sec-exchange",TRUE
"IX","ORIX CORP","NYSE","Sector: Financial Services | Industry: Financial Conglomerates","fn.Conglomerate_Holding","2026-10-02T17:06:46Z","sec-exchange",FALSE
"ARES","Ares Management Corp","NYSE",NA,"fn.Asset_Management","2026-10-02T17:06:46Z","sec-exchange",FALSE
"AIG","AMERICAN INTERNATIONAL GROUP, INC.","NYSE",NA,"fn.Insurance","2026-10-02T17:06:46Z","sec-exchange",FALSE
"FER","Ferrovial N.V.","NASDAQ","Sector: Industrials | Industry: Engineering & Construction","ind.Construction","2026-10-02T17:06:46Z","sec-exchange",TRUE
"DHI","HORTON D R INC /DE/","NYSE",NA,"ind.Construction","2026-10-02T17:06:46Z","sec-exchange",TRUE
"WCN","Waste Connections, Inc.","NYSE","Sector: Industrials | Industry: Waste Management","en.Environmental","2026-10-02T17:06:46Z","sec-exchange",FALSE
"MSCI","MSCI Inc.","NYSE",NA,"fn.Asset_Management","2026-10-02T17:06:46Z","sec-exchange",FALSE
"ADM","Archer-Daniels-Midland Co","NYSE",NA,"ag.Agriculture","2026-10-02T17:06:46Z","sec-exchange",FALSE
"SHG","SHINHAN FINANCIAL GROUP CO LTD","NYSE","Sector: Financial Services | Industry: Banks - Regional","fn.Banking","2026-10-02T17:06:46Z","sec-exchange",TRUE
"ED","CONSOLIDATED EDISON INC","NYSE",NA,"en.Utilities","2026-10-02T17:06:46Z","sec-exchange",FALSE
"CCJ","CAMECO CORP","NYSE","Sector: Energy | Industry: Uranium","en.Energy_OilGas","2026-10-02T17:06:46Z","sec-exchange",FALSE
"TTWO","TAKE TWO INTERACTIVE SOFTWARE INC","NASDAQ",NA,"media.Gaming","2026-10-02T17:06:46Z","sec-exchange",FALSE
"CBRE","CBRE GROUP, INC.","NYSE",NA,"re.REIT","2026-10-02T17:06:46Z","sec-exchange",FALSE
"VOD","VODAFONE GROUP PUBLIC LTD CO","NASDAQ","Sector: Communication Services | Industry: Telecom Services","tel.Telecom","2026-10-02T17:06:46Z","sec-exchange",TRUE
"SYY","SYSCO CORP","NYSE",NA,"fmcg.Food_Beverages","2026-10-02T17:06:46Z","sec-exchange",FALSE
"YUM","YUM BRANDS INC","NYSE",NA,"cons.Restaurants","2026-10-02T17:06:46Z","sec-exchange",FALSE
"ODFL","OLD DOMINION FREIGHT LINE, INC.","NASDAQ",NA,"tr.Logistics_Shipping","2026-10-02T17:06:46Z","sec-exchange",FALSE
"UAL","United Airlines Holdings, Inc.","NASDAQ",NA,"tr.Airlines","2026-10-02T17:06:46Z","sec-exchange",FALSE
"CRDO","Credo Technology Group Holding Ltd","NASDAQ","Sector: Technology | Industry: Semiconductors","sc.IC_Design","2026-10-02T17:06:46Z","sec-exchange",FALSE
"PCG","PG&E Corp","NYSE",NA,"en.Utilities","2026-10-02T17:06:46Z","sec-exchange",FALSE
"KR","KROGER CO","NYSE",NA,"retail.Brick_Mortar","2026-10-02T17:06:46Z","sec-exchange",FALSE
"JD","JD.com, Inc.","NASDAQ","Sector: Consumer Cyclical | Industry: Internet Retail","ecr.Ecommerce_Retail","2026-10-02T17:06:46Z","sec-exchange",TRUE
"OKTA","Okta, Inc.","NASDAQ",NA,"lab.Unmapped","2026-10-02T17:06:46Z","sec-exchange",FALSE
"BBD","BANK BRADESCO","NYSE","Sector: Financial Services | Industry: Banks - Regional","fn.Banking","2026-10-02T17:06:46Z","sec-exchange",TRUE
"VIK","Viking Holdings Ltd","NYSE","Sector: Consumer Cyclical | Industry: Travel Services","hosp.Hotels_Travel","2026-10-02T17:06:46Z","sec-exchange",FALSE
"CHT","CHUNGHWA TELECOM CO LTD","NYSE","Sector: Communication Services | Industry: Telecom Services","tel.Telecom","2026-10-02T17:06:46Z","sec-exchange",FALSE
"PAYX","PAYCHEX INC","NASDAQ",NA,"bus.Professional_Services","2026-10-02T17:06:46Z","sec-exchange",FALSE
"CCL","Carnival Corp Ltd.","NYSE",NA,"hosp.Hotels_Travel","2026-10-02T17:06:46Z","sec-exchange",FALSE
"ROP","ROPER TECHNOLOGIES INC","NASDAQ",NA,"ec.Hardware","2026-10-02T17:06:46Z","sec-exchange",FALSE
"EL","ESTEE LAUDER COMPANIES INC","NYSE",NA,"fmcg.Health_Beauty","2026-10-02T17:06:46Z","sec-exchange",FALSE
"KVUE","Kenvue Inc.","NYSE",NA,"fmcg.Health_Beauty","2026-10-02T17:06:46Z","sec-exchange",FALSE
"NTR","Nutrien Ltd.","NYSE","Sector: Basic Materials | Industry: Agricultural Inputs","ag.Agriculture","2026-10-02T17:06:46Z","sec-exchange",FALSE
"EC","ECOPETROL S.A.","NYSE","Sector: Energy | Industry: Oil & Gas Integrated","en.Energy_OilGas","2026-10-02T17:06:46Z","sec-exchange",TRUE
"AXON","AXON ENTERPRISE, INC.","NASDAQ",NA,"ind.Aerospace_Defense","2026-10-02T17:06:46Z","sec-exchange",FALSE
"HIG","HARTFORD INSURANCE GROUP, INC.","NYSE",NA,"fn.Insurance","2026-10-02T17:06:46Z","sec-exchange",FALSE
"UI","Ubiquiti Inc.","NYSE",NA,"lab.Unmapped","2026-10-02T17:06:46Z","sec-exchange",FALSE
"ALNY","ALNYLAM PHARMACEUTICALS, INC.","NASDAQ","Sector: Healthcare | Industry: Biotechnology","hc.Biotech","2026-10-02T17:06:46Z","sec-exchange",FALSE
"TKO","TKO Group Holdings, Inc.","NYSE",NA,"media.Entertainment","2026-10-02T17:06:46Z","sec-exchange",FALSE
"MLM","MARTIN MARIETTA MATERIALS INC","NYSE",NA,"ind.Construction","2026-10-02T17:06:46Z","sec-exchange",FALSE
"RPRX","Royalty Pharma plc","NASDAQ","Sector: Healthcare | Industry: Biotechnology","hc.Biotech","2026-10-02T17:06:46Z","sec-exchange",TRUE
"PEG","PUBLIC SERVICE ENTERPRISE GROUP INC","NYSE",NA,"en.Utilities","2026-10-02T17:06:46Z","sec-exchange",FALSE
"EME","EMCOR Group, Inc.","NYSE",NA,"ind.Construction","2026-10-02T17:06:46Z","sec-exchange",FALSE
"BIIB","BIOGEN INC.","NASDAQ",NA,"hc.Biotech","2026-10-02T17:06:46Z","sec-exchange",FALSE
"WEC","WEC ENERGY GROUP, INC.","NYSE",NA,"en.Utilities","2026-10-02T17:06:46Z","sec-exchange",FALSE
"RKT","Rocket Companies, Inc.","NYSE",NA,"lab.Unmapped","2026-10-02T17:06:46Z","sec-exchange",FALSE
"JBL","JABIL INC","NYSE",NA,"ec.Hardware","2026-10-02T17:06:46Z","sec-exchange",FALSE
"IRM","IRON MOUNTAIN INC","NYSE",NA,"re.REIT","2026-10-02T17:06:46Z","sec-exchange",FALSE
"KMB","KIMBERLY CLARK CORP","NASDAQ",NA,"fmcg.Household_Personal","2026-10-02T17:06:46Z","sec-exchange",FALSE
"ESLT","ELBIT SYSTEMS LTD","NASDAQ","Sector: Industrials | Industry: Aerospace & Defense","ind.Aerospace_Defense","2026-10-02T17:06:46Z","sec-exchange",FALSE
"QSR","Restaurant Brands International Inc.","NYSE","Sector: Consumer Cyclical | Industry: Restaurants","cons.Restaurants","2026-10-02T17:06:46Z","sec-exchange",FALSE
"GFI","GOLD FIELDS LTD","NYSE","Sector: Basic Materials | Industry: Gold","mat.Metals_Mining","2026-10-02T17:06:46Z","sec-exchange",FALSE
"DXCM","DEXCOM INC","NASDAQ",NA,"hc.Medtech","2026-10-02T17:06:46Z","sec-exchange",FALSE
"HSY","HERSHEY CO","NYSE",NA,"fmcg.Food_Beverages","2026-10-02T17:06:46Z","sec-exchange",FALSE
"ACGL","ARCH CAPITAL GROUP LTD.","NASDAQ",NA,"fn.Insurance","2026-10-02T17:06:46Z","sec-exchange",TRUE
"ZS","Zscaler, Inc.","NASDAQ",NA,"lab.Unmapped","2026-10-02T17:06:46Z","sec-exchange",FALSE
"RMD","RESMED INC","NYSE",NA,"hc.Medtech","2026-10-02T17:06:46Z","sec-exchange",FALSE
"TECK","TECK RESOURCES LTD","NYSE","Sector: Basic Materials | Industry: Copper","mat.Metals_Mining","2026-10-02T17:06:46Z","sec-exchange",FALSE
"STLD","STEEL DYNAMICS INC","NASDAQ",NA,"mat.Metals_Mining","2026-10-02T17:06:46Z","sec-exchange",FALSE
"NTRS","NORTHERN TRUST CORP","NASDAQ",NA,"fn.Asset_Management","2026-10-02T17:06:46Z","sec-exchange",FALSE
"EXPE","Expedia Group, Inc.","NASDAQ",NA,"hosp.Hotels_Travel","2026-10-02T17:06:46Z","sec-exchange",FALSE
"ALC","ALCON INC","NYSE",NA,"lab.Unmapped","2026-10-02T17:06:46Z","sec-exchange",FALSE
"MTB","M&T BANK CORP","NYSE",NA,"fn.Banking","2026-10-02T17:06:46Z","sec-exchange",FALSE
"VMC","Vulcan Materials CO","NYSE",NA,"ind.Construction","2026-10-02T17:06:46Z","sec-exchange",FALSE
"PUK","PRUDENTIAL PLC","NYSE","Sector: Financial Services | Industry: Insurance - Life","fn.Insurance","2026-10-02T17:06:46Z","sec-exchange",TRUE
"VG","Venture Global, Inc.","NYSE","Sector: Energy | Industry: Oil & Gas Midstream","en.Energy_OilGas","2026-10-02T17:06:46Z","sec-exchange",FALSE
"HBAN","HUNTINGTON BANCSHARES INC /MD/","NASDAQ",NA,"fn.Banking","2026-10-02T17:06:46Z","sec-exchange",FALSE
"MTD","METTLER TOLEDO INTERNATIONAL INC/","NYSE",NA,"hc.Medtech","2026-10-02T17:06:46Z","sec-exchange",FALSE
"BAP","CREDICORP LTD","NYSE","Sector: Financial Services | Industry: Banks - Regional","fn.Banking","2026-10-02T17:06:46Z","sec-exchange",FALSE
"RJF","RAYMOND JAMES FINANCIAL INC","NYSE",NA,"fn.Investment_Banking","2026-10-02T17:06:46Z","sec-exchange",FALSE
"CNC","CENTENE CORP","NYSE",NA,"hc.Healthcare_Services","2026-10-02T17:06:46Z","sec-exchange",FALSE
"EQT","EQT Corp","NYSE",NA,"en.Energy_OilGas","2026-10-02T17:06:46Z","sec-exchange",FALSE
"ERIC","ERICSSON LM TELEPHONE CO","NASDAQ",NA,"tel.Telecom","2026-10-02T17:06:46Z","sec-exchange",TRUE
"SUNB","Sunbelt Rentals Holdings, Inc.","NYSE","Sector: Industrials | Industry: Rental & Leasing Services","ind.Machinery","2026-10-02T17:06:46Z","sec-exchange",FALSE
"GEHC","GE HealthCare Technologies Inc.","NASDAQ",NA,"hc.Medtech","2026-10-02T17:06:46Z","sec-exchange",FALSE
"IR","Ingersoll Rand Inc.","NYSE",NA,"ind.Machinery","2026-10-02T17:06:46Z","sec-exchange",FALSE
"BIDU","Baidu, Inc.","NASDAQ","Sector: Communication Services | Industry: Internet Content & Information","tech.Internet_Platform","2026-10-02T17:06:46Z","sec-exchange",TRUE
"RBLX","Roblox Corp","NYSE","Sector: Communication Services | Industry: Electronic Gaming & Multimedia","media.Gaming","2026-10-02T17:06:46Z","sec-exchange",FALSE
"CQP","Cheniere Energy Partners, L.P.","NYSE","Sector: Energy | Industry: Oil & Gas Midstream","en.Energy_OilGas","2026-10-02T17:06:46Z","sec-exchange",FALSE
"EXR","Extra Space Storage Inc.","NYSE",NA,"re.REIT","2026-10-02T17:06:46Z","sec-exchange",FALSE
"ON","ON SEMICONDUCTOR CORP","NASDAQ",NA,"sc.IC_Design","2026-10-02T17:06:46Z","sec-exchange",FALSE
"CCI","CROWN CASTLE INC.","NYSE",NA,"re.REIT","2026-10-02T17:06:46Z","sec-exchange",FALSE
"ZTS","Zoetis Inc.","NYSE",NA,"hc.Pharma","2026-10-02T17:06:46Z","sec-exchange",FALSE
"NMR","NOMURA HOLDINGS INC","NYSE","Sector: Financial Services | Industry: Capital Markets","fn.Investment_Banking","2026-10-02T17:06:46Z","sec-exchange",FALSE
"KGC","KINROSS GOLD CORP","NYSE","Sector: Basic Materials | Industry: Gold","mat.Metals_Mining","2026-10-02T17:06:46Z","sec-exchange",FALSE
"RYAAY","RYANAIR HOLDINGS PLC","NASDAQ","Sector: Industrials | Industry: Airlines","tr.Airlines","2026-10-02T17:06:46Z","sec-exchange",TRUE
"TDY","TELEDYNE TECHNOLOGIES INC","NYSE",NA,"ec.Hardware","2026-10-02T17:06:46Z","sec-exchange",FALSE
"HPQ","HP INC","NYSE",NA,"tech.Hardware","2026-10-02T17:06:46Z","sec-exchange",FALSE
"TS","TENARIS SA","NYSE","Sector: Energy | Industry: Oil & Gas Equipment & Services","en.Energy_OilGas","2026-10-02T17:06:46Z","sec-exchange",TRUE
"KHC","Kraft Heinz Co","NYSE",NA,"fmcg.Food_Beverages","2026-10-02T17:06:46Z","sec-exchange",FALSE
"AEE","AMEREN CORP","NYSE",NA,"en.Utilities","2026-10-02T17:06:46Z","sec-exchange",FALSE
"RDDT","Reddit, Inc.","NYSE","Sector: Communication Services | Industry: Internet Content & Information","tech.Internet_Platform","2026-10-02T17:06:46Z","sec-exchange",FALSE
"SMCI","Super Micro Computer, Inc.","NASDAQ",NA,"tech.Hardware","2026-10-02T17:06:46Z","sec-exchange",FALSE
"WSM","WILLIAMS SONOMA INC","NYSE",NA,"cons.Home_Living","2026-10-02T17:06:46Z","sec-exchange",FALSE
"DG","DOLLAR GENERAL CORP","NYSE",NA,"retail.Brick_Mortar","2026-10-02T17:06:46Z","sec-exchange",FALSE
"FTS","Fortis Inc.","NYSE","Sector: Utilities | Industry: Utilities - Regulated Electric","en.Utilities","2026-10-02T17:06:46Z","sec-exchange",FALSE
"CFG","CITIZENS FINANCIAL GROUP INC/RI","NYSE",NA,"fn.Banking","2026-10-02T17:06:46Z","sec-exchange",FALSE
"FTI","TechnipFMC plc","NYSE","Sector: Energy | Industry: Oil & Gas Equipment & Services","en.Energy_OilGas","2026-10-02T17:06:46Z","sec-exchange",TRUE
"WTW","WILLIS TOWERS WATSON PLC","NASDAQ",NA,"fn.Insurance","2026-10-02T17:06:46Z","sec-exchange",TRUE
"MDB","MongoDB, Inc.","NASDAQ",NA,"lab.Unmapped","2026-10-02T17:06:46Z","sec-exchange",FALSE
"ATO","ATMOS ENERGY CORP","NYSE",NA,"en.Utilities","2026-10-02T17:06:46Z","sec-exchange",FALSE
"GFS","GLOBALFOUNDRIES Inc.","NASDAQ","Sector: Technology | Industry: Semiconductors","sc.IC_Design","2026-10-02T17:06:46Z","sec-exchange",FALSE
"TSEM","TOWER SEMICONDUCTOR LTD","NASDAQ","Sector: Technology | Industry: Semiconductors","sc.IC_Design","2026-10-02T17:06:46Z","sec-exchange",FALSE
"WST","WEST PHARMACEUTICAL SERVICES INC","NYSE",NA,"hc.Medtech","2026-10-02T17:06:46Z","sec-exchange",FALSE
"HAL","HALLIBURTON CO","NYSE",NA,"en.Energy_OilGas","2026-10-02T17:06:46Z","sec-exchange",FALSE
"FOXA","Fox Corp","NASDAQ",NA,"media.Entertainment","2026-10-02T17:06:46Z","sec-exchange",FALSE
"Q","Qnity Electronics, Inc.","NYSE",NA,"sc.Equipment","2026-10-02T17:06:46Z","sec-exchange",FALSE
"ECHO","EchoStar CORP","NASDAQ",NA,"tel.Telecom","2026-10-02T17:06:46Z","sec-exchange",FALSE
"NVT","nVent Electric plc","NYSE","Sector: Industrials | Industry: Electrical Equipment & Parts","ind.Machinery","2026-10-02T17:06:46Z","sec-exchange",TRUE
"ROIV","Roivant Sciences Ltd.","NASDAQ","Sector: Healthcare | Industry: Biotechnology","hc.Biotech","2026-10-02T17:06:46Z","sec-exchange",FALSE
"AWK","American Water Works Company, Inc.","NYSE",NA,"en.Utilities","2026-10-02T17:06:46Z","sec-exchange",FALSE
"CPAY","CORPAY, INC.","NYSE",NA,"fn.Fintech","2026-10-02T17:06:46Z","sec-exchange",FALSE
"SN","SharkNinja, Inc.","NYSE",NA,"lab.Unmapped","2026-10-02T17:06:46Z","sec-exchange",FALSE
"PBA","PEMBINA PIPELINE CORP","NYSE","Sector: Energy | Industry: Oil & Gas Midstream","en.Energy_OilGas","2026-10-02T17:06:46Z","sec-exchange",FALSE
"DGX","QUEST DIAGNOSTICS INC","NYSE",NA,"hc.Healthcare_Services","2026-10-02T17:06:46Z","sec-exchange",FALSE
"ZM","Zoom Communications, Inc.","NASDAQ","Sector: Technology | Industry: Software - Application","saas.SaaS_Cloud","2026-10-02T17:06:46Z","sec-exchange",FALSE
"ATI","ATI INC","NYSE","Sector: Industrials | Industry: Metal Fabrication","mat.Metals_Mining","2026-10-02T17:06:46Z","sec-exchange",FALSE
"VICI","VICI PROPERTIES INC.","NYSE",NA,"re.REIT","2026-10-02T17:06:46Z","sec-exchange",FALSE
"DOV","DOVER Corp","NYSE",NA,"ind.Machinery","2026-10-02T17:06:46Z","sec-exchange",FALSE
"DTE","DTE ENERGY CO","NYSE",NA,"en.Utilities","2026-10-02T17:06:46Z","sec-exchange",FALSE
"CTSH","COGNIZANT TECHNOLOGY SOLUTIONS CORP","NASDAQ",NA,"tech.IT_Services","2026-10-02T17:06:46Z","sec-exchange",FALSE
"VRSN","VERISIGN INC/CA","NASDAQ",NA,"saas.SaaS_Cloud","2026-10-02T17:06:46Z","sec-exchange",FALSE
"INSM","INSMED Inc","NASDAQ","Sector: Healthcare | Industry: Biotechnology","hc.Biotech","2026-10-02T17:06:46Z","sec-exchange",FALSE
"WRB","BERKLEY W R CORP","NYSE",NA,"fn.Insurance","2026-10-02T17:06:46Z","sec-exchange",FALSE
"SYM","Symbotic Inc.","NASDAQ","Sector: Industrials | Industry: Specialty Industrial Machinery","ind.Machinery","2026-10-02T17:06:46Z","sec-exchange",FALSE
"FE","FIRSTENERGY CORP","NYSE",NA,"en.Utilities","2026-10-02T17:06:46Z","sec-exchange",FALSE
"CPRT","COPART INC","NASDAQ",NA,"ind.Machinery","2026-10-02T17:06:46Z","sec-exchange",FALSE
"INCY","INCYTE CORP","NASDAQ",NA,"hc.Biotech","2026-10-02T17:06:46Z","sec-exchange",FALSE
"LH","LABCORP HOLDINGS INC.","NYSE",NA,"hc.Healthcare_Services","2026-10-02T17:06:46Z","sec-exchange",FALSE
"FFIV","F5, INC.","NASDAQ",NA,"ec.Hardware","2026-10-02T17:06:46Z","sec-exchange",FALSE
"CPNG","Coupang, Inc.","NYSE","Sector: Consumer Cyclical | Industry: Internet Retail","ecr.Ecommerce_Retail","2026-10-02T17:06:46Z","sec-exchange",TRUE
"OTIS","Otis Worldwide Corp","NYSE",NA,"ind.Machinery","2026-10-02T17:06:46Z","sec-exchange",FALSE
"LVS","LAS VEGAS SANDS CORP","NYSE",NA,"media.Gaming","2026-10-02T17:06:46Z","sec-exchange",FALSE
"BNTX","BioNTech SE","NASDAQ","Sector: Healthcare | Industry: Biotechnology","hc.Biotech","2026-10-02T17:06:46Z","sec-exchange",TRUE
"CINF","CINCINNATI FINANCIAL CORP","NASDAQ",NA,"fn.Insurance","2026-10-02T17:06:46Z","sec-exchange",FALSE
"EXPD","EXPEDITORS INTERNATIONAL OF WASHINGTON INC","NYSE",NA,"tr.Logistics_Shipping","2026-10-02T17:06:46Z","sec-exchange",FALSE
"LPLA","LPL Financial Holdings Inc.","NASDAQ","Sector: Financial Services | Industry: Capital Markets","fn.Investment_Banking","2026-10-02T17:06:46Z","sec-exchange",FALSE
"PPL","PPL Corp","NYSE",NA,"en.Utilities","2026-10-02T17:06:46Z","sec-exchange",FALSE
"TCOM","Trip.com Group Ltd","NASDAQ","Sector: Consumer Cyclical | Industry: Travel Services","hosp.Hotels_Travel","2026-10-02T17:06:46Z","sec-exchange",TRUE
"PFG","PRINCIPAL FINANCIAL GROUP INC","NASDAQ",NA,"fn.Insurance","2026-10-02T17:06:46Z","sec-exchange",FALSE
"CNP","CENTERPOINT ENERGY INC","NYSE",NA,"en.Utilities","2026-10-02T17:06:46Z","sec-exchange",FALSE
"HUBB","HUBBELL INC","NYSE",NA,"ind.Machinery","2026-10-02T17:06:46Z","sec-exchange",FALSE
"FISV","FISERV INC","NASDAQ",NA,"fn.Fintech","2026-10-02T17:06:46Z","sec-exchange",FALSE
"PHG","KONINKLIJKE PHILIPS NV","NYSE","Sector: Healthcare | Industry: Medical Devices","hc.Medtech","2026-10-02T17:06:46Z","sec-exchange",TRUE
"ES","EVERSOURCE ENERGY","NYSE",NA,"en.Utilities","2026-10-02T17:06:46Z","sec-exchange",FALSE
"IHG","INTERCONTINENTAL HOTELS GROUP PLC /NEW/","NYSE",NA,"lab.Unmapped","2026-10-02T17:06:46Z","sec-exchange",TRUE
"ENTG","ENTEGRIS INC","NASDAQ",NA,"lab.Unmapped","2026-10-02T17:06:46Z","sec-exchange",FALSE
"GH","Guardant Health, Inc.","NASDAQ",NA,"lab.Unmapped","2026-10-02T17:06:46Z","sec-exchange",FALSE
"XYL","Xylem Inc.","NYSE",NA,"ind.Machinery","2026-10-02T17:06:46Z","sec-exchange",FALSE
"PPG","PPG INDUSTRIES INC","NYSE",NA,"mat.Chemicals","2026-10-02T17:06:46Z","sec-exchange",FALSE
"ULTA","Ulta Beauty, Inc.","NASDAQ",NA,"retail.Brick_Mortar","2026-10-02T17:06:46Z","sec-exchange",FALSE
"VLTO","Veralto Corp","NYSE",NA,"en.Environmental","2026-10-02T17:06:46Z","sec-exchange",FALSE
"AFRM","Affirm Holdings, Inc.","NASDAQ","Sector: Technology | Industry: Software - Infrastructure","fn.Fintech","2026-10-02T17:06:46Z","sec-exchange",FALSE
"RBRK","Rubrik, Inc.","NYSE",NA,"lab.Unmapped","2026-10-02T17:06:46Z","sec-exchange",FALSE
"FCNCA","FIRST CITIZENS BANCSHARES INC /DE/","NASDAQ",NA,"lab.Unmapped","2026-10-02T17:06:46Z","sec-exchange",TRUE
"SYF","Synchrony Financial","NYSE",NA,"fn.Fintech","2026-10-02T17:06:46Z","sec-exchange",FALSE
"SW","Smurfit Westrock plc","NYSE",NA,"mat.Paper_Packaging","2026-10-02T17:06:46Z","sec-exchange",TRUE
"ASTS","AST SpaceMobile, Inc.","NASDAQ",NA,"lab.Unmapped","2026-10-02T17:06:46Z","sec-exchange",FALSE
"RF","REGIONS FINANCIAL CORP","NYSE",NA,"fn.Banking","2026-10-02T17:06:46Z","sec-exchange",FALSE
"CRCL","Circle Internet Group, Inc.","NYSE","Sector: Financial Services | Industry: Capital Markets","fn.Investment_Banking","2026-10-02T17:06:46Z","sec-exchange",FALSE
"AER","AerCap Holdings N.V.","NYSE",NA,"lab.Unmapped","2026-10-02T17:06:46Z","sec-exchange",TRUE
"TPL","Texas Pacific Land Corp","NYSE",NA,"en.Energy_OilGas","2026-10-02T17:06:46Z","sec-exchange",FALSE
"CHD","CHURCH & DWIGHT CO INC /DE/","NYSE",NA,"fmcg.Household_Personal","2026-10-02T17:06:46Z","sec-exchange",TRUE
"ROKU","ROKU, INC","NASDAQ",NA,"lab.Unmapped","2026-10-02T17:06:46Z","sec-exchange",FALSE
"PHM","PULTEGROUP INC/MI/","NYSE",NA,"ind.Construction","2026-10-02T17:06:46Z","sec-exchange",FALSE
"TPR","TAPESTRY, INC.","NYSE",NA,"lxg.Luxury_Fashion","2026-10-02T17:06:46Z","sec-exchange",FALSE
"CASY","CASEYS GENERAL STORES INC","NASDAQ",NA,"retail.Brick_Mortar","2026-10-02T17:06:46Z","sec-exchange",FALSE
"TROW","PRICE T ROWE GROUP INC","NASDAQ",NA,"fn.Asset_Management","2026-10-02T17:06:46Z","sec-exchange",FALSE
"CIB","Grupo Cibest S.A.","NYSE",NA,"lab.Unmapped","2026-10-02T17:06:46Z","sec-exchange",TRUE
"GPN","GLOBAL PAYMENTS INC","NYSE",NA,"fn.Fintech","2026-10-02T17:06:46Z","sec-exchange",FALSE
"DRI","DARDEN RESTAURANTS INC","NYSE",NA,"cons.Restaurants","2026-10-02T17:06:46Z","sec-exchange",FALSE
"IOT","Samsara Inc.","NYSE",NA,"lab.Unmapped","2026-10-02T17:06:46Z","sec-exchange",FALSE
"RIVN","Rivian Automotive, Inc. / DE","NASDAQ","Sector: Consumer Cyclical | Industry: Auto Manufacturers","auto.Vehicle_Manufacturing","2026-10-02T17:06:46Z","sec-exchange",FALSE
"GMAB","GENMAB A/S","NASDAQ",NA,"lab.Unmapped","2026-10-02T17:06:46Z","sec-exchange",TRUE
"IFF","INTERNATIONAL FLAVORS & FRAGRANCES INC","NYSE",NA,"mat.Chemicals","2026-10-02T17:06:46Z","sec-exchange",FALSE
"PS","PERSHING SQUARE INC.","NYSE",NA,"lab.Unmapped","2026-10-02T17:06:46Z","sec-exchange",FALSE
"MTSI","MACOM Technology Solutions Holdings, Inc.","NASDAQ",NA,"lab.Unmapped","2026-10-02T17:06:46Z","sec-exchange",FALSE
"TW","Tradeweb Markets Inc.","NASDAQ",NA,"lab.Unmapped","2026-10-02T17:06:46Z","sec-exchange",FALSE
"L","LOEWS CORP","NYSE",NA,"fn.Insurance","2026-10-02T17:06:46Z","sec-exchange",FALSE
"MKL","MARKEL GROUP INC.","NYSE",NA,"lab.Unmapped","2026-10-02T17:06:46Z","sec-exchange",FALSE
"KEY","KEYCORP /NEW/","NYSE",NA,"fn.Banking","2026-10-02T17:06:46Z","sec-exchange",FALSE
"VRSK","Verisk Analytics, Inc.","NASDAQ",NA,"bus.Professional_Services","2026-10-02T17:06:46Z","sec-exchange",FALSE
"JBHT","HUNT J B TRANSPORT SERVICES INC","NASDAQ",NA,"tr.Logistics_Shipping","2026-10-02T17:06:46Z","sec-exchange",FALSE
"FWONA","Liberty Media Corp","NASDAQ",NA,"lab.Unmapped","2026-10-02T17:06:46Z","sec-exchange",FALSE
"DLTR","DOLLAR TREE, INC.","NASDAQ",NA,"retail.Brick_Mortar","2026-10-02T17:06:46Z","sec-exchange",FALSE
"CNH","CNH Industrial N.V.","NYSE",NA,"lab.Unmapped","2026-10-02T17:06:46Z","sec-exchange",TRUE
"ARXS","Arxis, Inc.","NASDAQ",NA,"lab.Unmapped","2026-10-02T17:06:46Z","sec-exchange",FALSE
"RL","RALPH LAUREN CORP","NYSE",NA,"lxg.Luxury_Fashion","2026-10-02T17:06:46Z","sec-exchange",FALSE
"BG","Bunge Global SA","NYSE",NA,"ag.Agriculture","2026-10-02T17:06:46Z","sec-exchange",TRUE
"XPO","XPO, Inc.","NYSE",NA,"lab.Unmapped","2026-10-02T17:06:46Z","sec-exchange",FALSE
"PKG","PACKAGING CORP OF AMERICA","NYSE",NA,"mat.Paper_Packaging","2026-10-02T17:06:46Z","sec-exchange",FALSE
"BSP","Bending Spoons S.p.A.","NASDAQ","Sector: Technology | Industry: Software - Application","saas.SaaS_Cloud","2026-10-02T17:06:46Z","sec-exchange",TRUE
"VTRS","Viatris Inc","NASDAQ",NA,"hc.Pharma","2026-10-02T17:06:46Z","sec-exchange",FALSE
"SOFI","SoFi Technologies, Inc.","NASDAQ","Sector: Financial Services | Industry: Credit Services","fn.Fintech","2026-10-02T17:06:46Z","sec-exchange",FALSE
"AMRZ","Amrize Ltd","NYSE",NA,"lab.Unmapped","2026-10-02T17:06:46Z","sec-exchange",FALSE
"THC","TENET HEALTHCARE CORP","NYSE",NA,"lab.Unmapped","2026-10-02T17:06:46Z","sec-exchange",FALSE
"LUV","SOUTHWEST AIRLINES CO","NYSE",NA,"tr.Airlines","2026-10-02T17:06:46Z","sec-exchange",FALSE
"NRG","NRG ENERGY, INC.","NYSE",NA,"en.Utilities","2026-10-02T17:06:46Z","sec-exchange",FALSE
"UTHR","UNITED THERAPEUTICS Corp","NASDAQ",NA,"lab.Unmapped","2026-10-02T17:06:46Z","sec-exchange",FALSE
"RGLD","ROYAL GOLD INC","NASDAQ",NA,"lab.Unmapped","2026-10-02T17:06:46Z","sec-exchange",FALSE
"STE","STERIS plc","NYSE",NA,"hc.Medtech","2026-10-02T17:06:46Z","sec-exchange",TRUE
"EIX","EDISON INTERNATIONAL","NYSE",NA,"en.Utilities","2026-10-02T17:06:46Z","sec-exchange",FALSE
"SNX","TD SYNNEX CORP","NYSE",NA,"lab.Unmapped","2026-10-02T17:06:46Z","sec-exchange",FALSE
"BCH","BANK OF CHILE","NYSE",NA,"lab.Unmapped","2026-10-02T17:06:46Z","sec-exchange",FALSE
"OMC","OMNICOM GROUP INC.","NYSE",NA,"media.Advertising","2026-10-02T17:06:46Z","sec-exchange",FALSE
"BRO","BROWN & BROWN, INC.","NYSE",NA,"fn.Insurance","2026-10-02T17:06:46Z","sec-exchange",FALSE
"USFD","US Foods Holding Corp.","NYSE",NA,"lab.Unmapped","2026-10-02T17:06:46Z","sec-exchange",FALSE
"LEN","LENNAR CORP /NEW/","NYSE",NA,"ind.Construction","2026-10-02T17:06:46Z","sec-exchange",FALSE
"DOW","DOW INC.","NYSE",NA,"mat.Chemicals","2026-10-02T17:06:46Z","sec-exchange",FALSE
"CMS","CMS ENERGY CORP","NYSE",NA,"en.Utilities","2026-10-02T17:06:46Z","sec-exchange",FALSE
"RS","RELIANCE, INC.","NYSE",NA,"lab.Unmapped","2026-10-02T17:06:46Z","sec-exchange",FALSE
"CW","CURTISS WRIGHT CORP","NYSE",NA,"lab.Unmapped","2026-10-02T17:06:46Z","sec-exchange",FALSE
"AMCR","Amcor plc","NYSE",NA,"mat.Paper_Packaging","2026-10-02T17:06:46Z","sec-exchange",TRUE
"YPF","YPF SOCIEDAD ANONIMA","NYSE",NA,"lab.Unmapped","2026-10-02T17:06:46Z","sec-exchange",FALSE
"SITM","SITIME Corp","NASDAQ",NA,"lab.Unmapped","2026-10-02T17:06:46Z","sec-exchange",FALSE
"HSAI","Hesai Group","NASDAQ",NA,"lab.Unmapped","2026-10-02T17:06:46Z","sec-exchange",FALSE
"CRS","CARPENTER TECHNOLOGY CORP","NYSE",NA,"lab.Unmapped","2026-10-02T17:06:46Z","sec-exchange",FALSE
"WF","WOORI FINANCIAL GROUP INC.","NYSE",NA,"fn.Banking","2026-10-02T17:06:46Z","sec-exchange",TRUE
"WWD","Woodward, Inc.","NASDAQ",NA,"lab.Unmapped","2026-10-02T17:06:46Z","sec-exchange",FALSE
"EXE","EXPAND ENERGY Corp","NASDAQ",NA,"en.Energy_OilGas","2026-10-02T17:06:46Z","sec-exchange",FALSE
"STZ","CONSTELLATION BRANDS, INC.","NYSE",NA,"fmcg.Food_Beverages","2026-10-02T17:06:46Z","sec-exchange",FALSE
"PAAS","PAN AMERICAN SILVER CORP","NYSE",NA,"lab.Unmapped","2026-10-02T17:06:46Z","sec-exchange",FALSE
"SNA","Snap-on Inc","NYSE",NA,"ind.Machinery","2026-10-02T17:06:46Z","sec-exchange",FALSE
"BCE","BCE INC","NYSE",NA,"lab.Unmapped","2026-10-02T17:06:46Z","sec-exchange",FALSE
"DINO","HF Sinclair Corp","NYSE",NA,"lab.Unmapped","2026-10-02T17:06:46Z","sec-exchange",FALSE
"SQM","CHEMICAL & MINING CO OF CHILE INC","NYSE",NA,"lab.Unmapped","2026-10-02T17:06:46Z","sec-exchange",FALSE
"FSLR","FIRST SOLAR, INC.","NASDAQ",NA,"en.Renewables","2026-10-02T17:06:46Z","sec-exchange",FALSE
"NI","NISOURCE INC.","NYSE",NA,"en.Utilities","2026-10-02T17:06:46Z","sec-exchange",FALSE
"ESS","ESSEX PROPERTY TRUST, INC.","NYSE",NA,"re.REIT","2026-10-02T17:06:46Z","sec-exchange",FALSE
"NTNX","Nutanix, Inc.","NASDAQ",NA,"lab.Unmapped","2026-10-02T17:06:46Z","sec-exchange",FALSE
"LYB","LyondellBasell Industries N.V.","NYSE",NA,"mat.Chemicals","2026-10-02T17:06:46Z","sec-exchange",TRUE
"BBY","BEST BUY CO INC","NYSE",NA,"retail.Brick_Mortar","2026-10-02T17:06:46Z","sec-exchange",FALSE
"WES","Western Midstream Partners, LP","NYSE",NA,"lab.Unmapped","2026-10-02T17:06:46Z","sec-exchange",FALSE
"ONTO","ONTO INNOVATION INC.","NYSE",NA,"lab.Unmapped","2026-10-02T17:06:46Z","sec-exchange",FALSE
"NDSN","NORDSON CORP","NASDAQ",NA,"ind.Machinery","2026-10-02T17:06:46Z","sec-exchange",FALSE
"BR","BROADRIDGE FINANCIAL SOLUTIONS, INC.","NYSE",NA,"fn.Fintech","2026-10-02T17:06:46Z","sec-exchange",FALSE
"BEKE","KE Holdings Inc.","NYSE",NA,"tech.Internet_Platform","2026-10-02T17:06:46Z","sec-exchange",TRUE
"CDE","Coeur Mining, Inc.","NYSE",NA,"lab.Unmapped","2026-10-02T17:06:46Z","sec-exchange",FALSE
"SBS","COMPANHIA DE SANEAMENTO BASICO DO ESTADO DE SAO PAULO-SABESP","NYSE",NA,"lab.Unmapped","2026-10-02T17:06:46Z","sec-exchange",FALSE
"VIV","TELEFONICA BRASIL S.A.","NYSE",NA,"lab.Unmapped","2026-10-02T17:06:46Z","sec-exchange",TRUE
"SSNC","SS&C Technologies Holdings Inc","NASDAQ",NA,"lab.Unmapped","2026-10-02T17:06:46Z","sec-exchange",FALSE
"KSPI","Joint Stock Co Kaspi.kz","NASDAQ",NA,"lab.Unmapped","2026-10-02T17:06:46Z","sec-exchange",FALSE
"EVRG","Evergy, Inc.","NASDAQ",NA,"en.Utilities","2026-10-02T17:06:46Z","sec-exchange",FALSE
"GIS","GENERAL MILLS INC","NYSE",NA,"fmcg.Food_Beverages","2026-10-02T17:06:46Z","sec-exchange",FALSE
"IONQ","IonQ, Inc.","NYSE",NA,"lab.Unmapped","2026-10-02T17:06:46Z","sec-exchange",FALSE
"TSN","TYSON FOODS, INC.","NYSE",NA,"fmcg.Food_Beverages","2026-10-02T17:06:46Z","sec-exchange",FALSE
"MKSI","MKS INC","NASDAQ",NA,"lab.Unmapped","2026-10-02T17:06:46Z","sec-exchange",FALSE
"WCC","WESCO INTERNATIONAL INC","NYSE",NA,"lab.Unmapped","2026-10-02T17:06:46Z","sec-exchange",FALSE
"LSCC","LATTICE SEMICONDUCTOR CORP","NASDAQ",NA,"lab.Unmapped","2026-10-02T17:06:46Z","sec-exchange",FALSE
"ZBRA","ZEBRA TECHNOLOGIES CORP","NASDAQ",NA,"ec.Hardware","2026-10-02T17:06:46Z","sec-exchange",FALSE
"PR","Permian Resources Corp","NYSE",NA,"lab.Unmapped","2026-10-02T17:06:46Z","sec-exchange",FALSE
"CF","CF Industries Holdings, Inc.","NYSE",NA,"mat.Chemicals","2026-10-02T17:06:46Z","sec-exchange",FALSE
"U","Unity Software Inc.","NYSE","Sector: Communication Services | Industry: Electronic Gaming & Multimedia","media.Gaming","2026-10-02T17:06:46Z","sec-exchange",FALSE
"DD","DuPont de Nemours, Inc.","NYSE",NA,"ind.Conglomerate","2026-10-02T17:06:46Z","sec-exchange",FALSE
"GPC","GENUINE PARTS CO","NYSE",NA,"cons.Discretionary","2026-10-02T17:06:46Z","sec-exchange",FALSE
"IP","INTERNATIONAL PAPER CO /NEW/","NYSE",NA,"mat.Paper_Packaging","2026-10-02T17:06:46Z","sec-exchange",FALSE
"FTAI","FTAI Aviation Ltd.","NASDAQ",NA,"lab.Unmapped","2026-10-02T17:06:46Z","sec-exchange",FALSE
"TOST","Toast, Inc.","NYSE","Sector: Technology | Industry: Software - Application","saas.SaaS_Cloud","2026-10-02T17:06:46Z","sec-exchange",FALSE
"CHRW","C. H. ROBINSON WORLDWIDE, INC.","NASDAQ",NA,"tr.Logistics_Shipping","2026-10-02T17:06:46Z","sec-exchange",FALSE
"ZBH","ZIMMER BIOMET HOLDINGS, INC.","NYSE",NA,"hc.Medtech","2026-10-02T17:06:46Z","sec-exchange",FALSE
"MEDP","Medpace Holdings, Inc.","NASDAQ",NA,"lab.Unmapped","2026-10-02T17:06:46Z","sec-exchange",FALSE
"MGA","MAGNA INTERNATIONAL INC","NYSE",NA,"lab.Unmapped","2026-10-02T17:06:46Z","sec-exchange",FALSE
"EWBC","EAST WEST BANCORP INC","NASDAQ",NA,"lab.Unmapped","2026-10-02T17:06:46Z","sec-exchange",FALSE
"FIS","Fidelity National Information Services, Inc.","NYSE",NA,"fn.Fintech","2026-10-02T17:06:46Z","sec-exchange",FALSE
"SBAC","SBA COMMUNICATIONS CORP","NASDAQ",NA,"re.REIT","2026-10-02T17:06:46Z","sec-exchange",FALSE
"PKX","POSCO HOLDINGS INC.","NYSE",NA,"mat.Metals_Mining","2026-10-02T17:06:46Z","sec-exchange",TRUE
"TPG","TPG Inc.","NASDAQ",NA,"lab.Unmapped","2026-10-02T17:06:46Z","sec-exchange",FALSE
"IEX","IDEX CORP /DE/","NYSE",NA,"ind.Machinery","2026-10-02T17:06:46Z","sec-exchange",TRUE
"RVTY","REVVITY, INC.","NYSE",NA,"hc.Medtech","2026-10-02T17:06:46Z","sec-exchange",FALSE
"PAA","PLAINS ALL AMERICAN PIPELINE LP","NASDAQ",NA,"lab.Unmapped","2026-10-02T17:06:46Z","sec-exchange",FALSE
"SMTC","SEMTECH CORP","NASDAQ",NA,"lab.Unmapped","2026-10-02T17:06:46Z","sec-exchange",FALSE
"MTZ","MASTEC INC","NYSE",NA,"lab.Unmapped","2026-10-02T17:06:46Z","sec-exchange",FALSE
"BURL","Burlington Stores, Inc.","NYSE",NA,"lab.Unmapped","2026-10-02T17:06:46Z","sec-exchange",FALSE
"RCI","ROGERS COMMUNICATIONS INC","NYSE",NA,"lab.Unmapped","2026-10-02T17:06:46Z","sec-exchange",FALSE
"FDXF","FedEx Freight Holding Company, Inc.","NYSE",NA,"tr.Logistics_Shipping","2026-10-02T17:06:46Z","sec-exchange",FALSE
"APG","APi Group Corp","NYSE",NA,"lab.Unmapped","2026-10-02T17:06:46Z","sec-exchange",FALSE
"STLA","Stellantis N.V.","NYSE",NA,"auto.Automotive_EV","2026-10-02T17:06:46Z","sec-exchange",TRUE
"NVR","NVR INC","NYSE",NA,"ind.Construction","2026-10-02T17:06:46Z","sec-exchange",FALSE
"FTV","Fortive Corp","NYSE",NA,"ind.Machinery","2026-10-02T17:06:46Z","sec-exchange",FALSE
"LNT","ALLIANT ENERGY CORP","NASDAQ",NA,"en.Utilities","2026-10-02T17:06:46Z","sec-exchange",FALSE
"DT","Dynatrace, Inc.","NYSE",NA,"lab.Unmapped","2026-10-02T17:06:46Z","sec-exchange",FALSE
"BEN","FRANKLIN TEMPLETON INC","NYSE",NA,"fn.Asset_Management","2026-10-02T17:06:46Z","sec-exchange",FALSE
"TSCO","TRACTOR SUPPLY CO /DE/","NASDAQ",NA,"retail.Brick_Mortar","2026-10-02T17:06:46Z","sec-exchange",TRUE
"CLH","CLEAN HARBORS INC","NYSE",NA,"lab.Unmapped","2026-10-02T17:06:46Z","sec-exchange",FALSE
"RGA","REINSURANCE GROUP OF AMERICA INC","NYSE",NA,"lab.Unmapped","2026-10-02T17:06:46Z","sec-exchange",FALSE
"EFX","EQUIFAX INC","NYSE",NA,"bus.Professional_Services","2026-10-02T17:06:46Z","sec-exchange",FALSE
"IREN","IREN Ltd","NASDAQ",NA,"lab.Unmapped","2026-10-02T17:06:46Z","sec-exchange",FALSE
"CDW","CDW Corp","NASDAQ",NA,"tech.Electronics_Distribution","2026-10-02T17:06:46Z","sec-exchange",FALSE
"OVV","Ovintiv Inc.","NYSE",NA,"lab.Unmapped","2026-10-02T17:06:46Z","sec-exchange",FALSE
"DOCN","DigitalOcean Holdings, Inc.","NYSE",NA,"lab.Unmapped","2026-10-02T17:06:46Z","sec-exchange",FALSE
"BMNR","BITMINE IMMERSION TECHNOLOGIES, INC.","NYSE",NA,"lab.Unmapped","2026-10-02T17:06:46Z","sec-exchange",FALSE
"J","JACOBS SOLUTIONS INC.","NYSE",NA,"ind.Construction","2026-10-02T17:06:46Z","sec-exchange",FALSE
"BSAC","BANCO SANTANDER CHILE","NYSE",NA,"lab.Unmapped","2026-10-02T17:06:46Z","sec-exchange",FALSE
"WIT","WIPRO LTD","NYSE",NA,"tech.IT_Services","2026-10-02T17:06:46Z","sec-exchange",TRUE
"RBC","RBC Bearings INC","NYSE",NA,"lab.Unmapped","2026-10-02T17:06:46Z","sec-exchange",FALSE
"FUTU","Futu Holdings Ltd","NASDAQ",NA,"fn.Fintech","2026-10-02T17:06:46Z","sec-exchange",TRUE
"AS","Amer Sports, Inc.","NYSE",NA,"lab.Unmapped","2026-10-02T17:06:46Z","sec-exchange",FALSE
"INVH","Invitation Homes Inc.","NYSE",NA,"re.REIT","2026-10-02T17:06:46Z","sec-exchange",FALSE
"HST","HOST HOTELS & RESORTS, INC.","NASDAQ",NA,"re.REIT","2026-10-02T17:06:46Z","sec-exchange",FALSE
"AKAM","AKAMAI TECHNOLOGIES INC","NASDAQ",NA,"saas.SaaS_Cloud","2026-10-02T17:06:46Z","sec-exchange",FALSE
"NWSA","NEWS CORP","NASDAQ",NA,"media.Entertainment","2026-10-02T17:06:46Z","sec-exchange",FALSE
"TIGO","MILLICOM INTERNATIONAL CELLULAR SA","NASDAQ",NA,"lab.Unmapped","2026-10-02T17:06:46Z","sec-exchange",TRUE
"STRL","STERLING INFRASTRUCTURE, INC.","NASDAQ",NA,"lab.Unmapped","2026-10-02T17:06:46Z","sec-exchange",FALSE
"RML","Resolution Minerals Ltd","NASDAQ",NA,"lab.Unmapped","2026-10-02T17:06:46Z","sec-exchange",FALSE
"LDOS","Leidos Holdings, Inc.","NYSE",NA,"ind.Machinery","2026-10-02T17:06:46Z","sec-exchange",FALSE
"NLY","ANNALY CAPITAL MANAGEMENT INC","NYSE",NA,"lab.Unmapped","2026-10-02T17:06:46Z","sec-exchange",FALSE
"GFL","GFL Environmental Inc.","NYSE",NA,"lab.Unmapped","2026-10-02T17:06:46Z","sec-exchange",FALSE
"H","Hyatt Hotels Corp","NYSE",NA,"lab.Unmapped","2026-10-02T17:06:46Z","sec-exchange",FALSE
"SOLV","Solventum Corp","NYSE",NA,"hc.Healthcare_Services","2026-10-02T17:06:46Z","sec-exchange",FALSE
"TLN","Talen Energy Corp","NASDAQ",NA,"lab.Unmapped","2026-10-02T17:06:46Z","sec-exchange",FALSE
"ASND","Ascendis Pharma A/S","NASDAQ",NA,"lab.Unmapped","2026-10-02T17:06:46Z","sec-exchange",TRUE
"JAZZ","Jazz Pharmaceuticals plc","NASDAQ",NA,"lab.Unmapped","2026-10-02T17:06:46Z","sec-exchange",TRUE
"RBA","RB GLOBAL INC.","NYSE",NA,"lab.Unmapped","2026-10-02T17:06:46Z","sec-exchange",FALSE
"CRBG","Corebridge Financial, Inc.","NYSE",NA,"lab.Unmapped","2026-10-02T17:06:46Z","sec-exchange",FALSE
"KIM","KIMCO REALTY CORP","NYSE",NA,"re.REIT","2026-10-02T17:06:46Z","sec-exchange",FALSE
"BALL","BALL Corp","NYSE",NA,"mat.Paper_Packaging","2026-10-02T17:06:46Z","sec-exchange",FALSE
"WPC","W. P. Carey Inc.","NYSE",NA,"lab.Unmapped","2026-10-02T17:06:46Z","sec-exchange",FALSE
"FN","Fabrinet","NYSE",NA,"lab.Unmapped","2026-10-02T17:06:46Z","sec-exchange",FALSE
"PHYS","Sprott Physical Gold Trust","NYSE",NA,"lab.Unmapped","2026-10-02T17:06:46Z","sec-exchange",FALSE
"TEM","Tempus AI, Inc.","NASDAQ",NA,"lab.Unmapped","2026-10-02T17:06:46Z","sec-exchange",FALSE
"OHI","OMEGA HEALTHCARE INVESTORS INC","NYSE",NA,"lab.Unmapped","2026-10-02T17:06:46Z","sec-exchange",FALSE
"LAMR","LAMAR ADVERTISING CO/NEW","NASDAQ",NA,"lab.Unmapped","2026-10-02T17:06:46Z","sec-exchange",FALSE
"PTC","PTC INC.","NASDAQ",NA,"saas.SaaS_Cloud","2026-10-02T17:06:46Z","sec-exchange",FALSE
"LECO","LINCOLN ELECTRIC HOLDINGS INC","NASDAQ",NA,"lab.Unmapped","2026-10-02T17:06:46Z","sec-exchange",FALSE
"APA","APA Corp","NASDAQ",NA,"en.Energy_OilGas","2026-10-02T17:06:46Z","sec-exchange",FALSE
"EMA","EMERA INC","NYSE",NA,"lab.Unmapped","2026-10-02T17:06:46Z","sec-exchange",FALSE
"ZTO","ZTO Express (Cayman) Inc.","NYSE",NA,"tr.Logistics_Shipping","2026-10-02T17:06:46Z","sec-exchange",TRUE
"EXEL","EXELIXIS, INC.","NASDAQ",NA,"lab.Unmapped","2026-10-02T17:06:46Z","sec-exchange",FALSE
"WMG","Warner Music Group Corp.","NASDAQ",NA,"lab.Unmapped","2026-10-02T17:06:46Z","sec-exchange",FALSE
"ROL","ROLLINS INC","NYSE",NA,"en.Environmental","2026-10-02T17:06:46Z","sec-exchange",FALSE
"OWL","BLUE OWL CAPITAL INC.","NYSE",NA,"lab.Unmapped","2026-10-02T17:06:46Z","sec-exchange",FALSE
"JHX","James Hardie Industries plc","NYSE",NA,"lab.Unmapped","2026-10-02T17:06:46Z","sec-exchange",TRUE
"PFGC","Performance Food Group Co","NYSE",NA,"lab.Unmapped","2026-10-02T17:06:46Z","sec-exchange",FALSE
"LOGI","LOGITECH INTERNATIONAL S.A.","NASDAQ",NA,"lab.Unmapped","2026-10-02T17:06:46Z","sec-exchange",TRUE
"VNOM","Viper Energy, Inc.","NASDAQ",NA,"lab.Unmapped","2026-10-02T17:06:46Z","sec-exchange",FALSE
"CHTR","CHARTER COMMUNICATIONS, INC. /MO/","NASDAQ",NA,"tel.Telecom","2026-10-02T17:06:46Z","sec-exchange",FALSE
"ARMK","Aramark","NYSE",NA,"lab.Unmapped","2026-10-02T17:06:46Z","sec-exchange",FALSE
"JLL","JONES LANG LASALLE INC","NYSE",NA,"lab.Unmapped","2026-10-02T17:06:46Z","sec-exchange",FALSE
"KEP","KOREA ELECTRIC POWER CORP","NYSE",NA,"lab.Unmapped","2026-10-02T17:06:46Z","sec-exchange",TRUE
"DOC","HEALTHPEAK PROPERTIES, INC.","NYSE",NA,"re.REIT","2026-10-02T17:06:46Z","sec-exchange",FALSE
"EQH","Equitable Holdings, Inc.","NYSE",NA,"lab.Unmapped","2026-10-02T17:06:46Z","sec-exchange",FALSE
"CRL","CHARLES RIVER LABORATORIES INTERNATIONAL, INC.","NYSE",NA,"hc.Medtech","2026-10-02T17:06:46Z","sec-exchange",FALSE
"SUI","SUN COMMUNITIES INC","NYSE",NA,"lab.Unmapped","2026-10-02T17:06:46Z","sec-exchange",FALSE
"EG","EVEREST GROUP, LTD.","NYSE",NA,"fn.Insurance","2026-10-02T17:06:46Z","sec-exchange",FALSE
"CG","Carlyle Group Inc.","NASDAQ",NA,"lab.Unmapped","2026-10-02T17:06:46Z","sec-exchange",FALSE
"PNFP","Pinnacle Financial Partners, Inc.","NYSE",NA,"lab.Unmapped","2026-10-02T17:06:46Z","sec-exchange",FALSE
"WY","WEYERHAEUSER CO","NYSE",NA,"re.REIT","2026-10-02T17:06:46Z","sec-exchange",FALSE
"MAA","MID AMERICA APARTMENT COMMUNITIES INC.","NYSE",NA,"re.REIT","2026-10-02T17:06:46Z","sec-exchange",FALSE
"NBIX","NEUROCRINE BIOSCIENCES INC","NASDAQ",NA,"lab.Unmapped","2026-10-02T17:06:46Z","sec-exchange",FALSE
"GIB","CGI INC","NYSE",NA,"lab.Unmapped","2026-10-02T17:06:46Z","sec-exchange",FALSE
"W","Wayfair Inc.","NYSE",NA,"lab.Unmapped","2026-10-02T17:06:46Z","sec-exchange",FALSE
"UNM","Unum Group","NYSE",NA,"lab.Unmapped","2026-10-02T17:06:46Z","sec-exchange",FALSE
"INIO","INNIO N.V.","NASDAQ",NA,"lab.Unmapped","2026-10-02T17:06:46Z","sec-exchange",TRUE
"CX","CEMEX SAB DE CV","NYSE",NA,"lab.Unmapped","2026-10-02T17:06:46Z","sec-exchange",FALSE
"ARCC","ARES CAPITAL CORP","NASDAQ",NA,"lab.Unmapped","2026-10-02T17:06:46Z","sec-exchange",FALSE
"AGI","ALAMOS GOLD INC","NYSE",NA,"lab.Unmapped","2026-10-02T17:06:46Z","sec-exchange",FALSE
"SUN","Sunoco LP","NYSE",NA,"lab.Unmapped","2026-10-02T17:06:46Z","sec-exchange",FALSE
"YUMC","Yum China Holdings, Inc.","NYSE",NA,"cons.Restaurants","2026-10-02T17:06:46Z","sec-exchange",TRUE
"EMBJ","EMBRAER S.A.","NYSE",NA,"lab.Unmapped","2026-10-02T17:06:46Z","sec-exchange",TRUE
"SKM","SK TELECOM CO LTD","NYSE",NA,"tel.Telecom","2026-10-02T17:06:46Z","sec-exchange",TRUE
"GLXY","Galaxy Digital Inc.","NASDAQ",NA,"lab.Unmapped","2026-10-02T17:06:46Z","sec-exchange",FALSE
"REG","REGENCY CENTERS CORP","NASDAQ",NA,"re.REIT","2026-10-02T17:06:46Z","sec-exchange",FALSE
"HTHT","H World Group Ltd","NASDAQ",NA,"hosp.Hotels_Travel","2026-10-02T17:06:46Z","sec-exchange",TRUE
"BEP","Brookfield Renewable Partners L.P.","NYSE",NA,"lab.Unmapped","2026-10-02T17:06:46Z","sec-exchange",FALSE
"AMKR","AMKOR TECHNOLOGY, INC.","NASDAQ",NA,"lab.Unmapped","2026-10-02T17:06:46Z","sec-exchange",FALSE
"SWK","STANLEY BLACK & DECKER, INC.","NYSE",NA,"ind.Machinery","2026-10-02T17:06:46Z","sec-exchange",FALSE
"CACI","CACI INTERNATIONAL INC /DE/","NYSE",NA,"lab.Unmapped","2026-10-02T17:06:46Z","sec-exchange",TRUE
"MAS","MASCO CORP /DE/","NYSE",NA,"ind.Construction","2026-10-02T17:06:46Z","sec-exchange",TRUE
"RNR","RENAISSANCERE HOLDINGS LTD","NYSE",NA,"lab.Unmapped","2026-10-02T17:06:46Z","sec-exchange",FALSE
"IVZ","Invesco Ltd.","NYSE",NA,"fn.Asset_Management","2026-10-02T17:06:46Z","sec-exchange",FALSE
"DKS","DICK'S SPORTING GOODS, INC.","NYSE",NA,"lab.Unmapped","2026-10-02T17:06:46Z","sec-exchange",FALSE
"MLI","MUELLER INDUSTRIES INC","NYSE",NA,"lab.Unmapped","2026-10-02T17:06:46Z","sec-exchange",FALSE
"VICR","VICOR CORP","NASDAQ",NA,"lab.Unmapped","2026-10-02T17:06:46Z","sec-exchange",FALSE
"FICO","FAIR ISAAC CORP","NYSE",NA,"saas.SaaS_Cloud","2026-10-02T17:06:46Z","sec-exchange",FALSE
"ICLR","ICON PLC","NASDAQ",NA,"lab.Unmapped","2026-10-02T17:06:46Z","sec-exchange",TRUE
"PAG","PENSKE AUTOMOTIVE GROUP, INC.","NYSE",NA,"lab.Unmapped","2026-10-02T17:06:46Z","sec-exchange",FALSE
"TXT","TEXTRON INC","NYSE",NA,"ind.Aerospace_Defense","2026-10-02T17:06:46Z","sec-exchange",FALSE
"EQX","Equinox Gold Corp.","NYSE",NA,"lab.Unmapped","2026-10-02T17:06:46Z","sec-exchange",FALSE
"TRMB","TRIMBLE INC.","NASDAQ",NA,"saas.SaaS_Cloud","2026-10-02T17:06:46Z","sec-exchange",FALSE
"SMMT","Summit Therapeutics Inc.","NASDAQ",NA,"lab.Unmapped","2026-10-02T17:06:46Z","sec-exchange",FALSE
"ALLE","Allegion plc","NYSE",NA,"ind.Construction","2026-10-02T17:06:46Z","sec-exchange",TRUE
"SGI","SOMNIGROUP INTERNATIONAL INC.","NYSE",NA,"lab.Unmapped","2026-10-02T17:06:46Z","sec-exchange",FALSE
"SWKS","SKYWORKS SOLUTIONS, INC.","NASDAQ",NA,"sc.IC_Design","2026-10-02T17:06:46Z","sec-exchange",FALSE
"TLK","PERUSAHAAN PERSEROAN PERSERO PT TELEKOMUNIKASI INDONESIA TBK","NYSE",NA,"lab.Unmapped","2026-10-02T17:06:46Z","sec-exchange",FALSE
"ULS","UL Solutions Inc.","NYSE",NA,"lab.Unmapped","2026-10-02T17:06:46Z","sec-exchange",FALSE
"QNT","Quantinuum Inc.","NASDAQ",NA,"lab.Unmapped","2026-10-02T17:06:46Z","sec-exchange",FALSE
"AEG","AEGON LTD.","NYSE",NA,"lab.Unmapped","2026-10-02T17:06:46Z","sec-exchange",FALSE
"TME","Tencent Music Entertainment Group","NYSE",NA,"media.Entertainment","2026-10-02T17:06:46Z","sec-exchange",TRUE
"AIZ","ASSURANT, INC.","NYSE",NA,"fn.Insurance","2026-10-02T17:06:46Z","sec-exchange",FALSE
"FLUT","Flutter Entertainment plc","NYSE",NA,"lab.Unmapped","2026-10-02T17:06:46Z","sec-exchange",TRUE
"CSL","CARLISLE COMPANIES INC","NYSE",NA,"lab.Unmapped","2026-10-02T17:06:46Z","sec-exchange",FALSE
"MKC","MCCORMICK & CO INC","NYSE",NA,"fmcg.Food_Beverages","2026-10-02T17:06:46Z","sec-exchange",FALSE
"AVY","Avery Dennison Corp","NYSE",NA,"mat.Paper_Packaging","2026-10-02T17:06:46Z","sec-exchange",FALSE
"CHKP","CHECK POINT SOFTWARE TECHNOLOGIES LTD","NASDAQ",NA,"lab.Unmapped","2026-10-02T17:06:46Z","sec-exchange",FALSE
"BBIO","BridgeBio Pharma, Inc.","NASDAQ",NA,"lab.Unmapped","2026-10-02T17:06:46Z","sec-exchange",FALSE
"TU","TELUS CORP","NYSE",NA,"lab.Unmapped","2026-10-02T17:06:46Z","sec-exchange",FALSE
"IESC","IES Holdings, Inc.","NASDAQ",NA,"lab.Unmapped","2026-10-02T17:06:46Z","sec-exchange",FALSE
"TYL","TYLER TECHNOLOGIES INC","NYSE",NA,"saas.SaaS_Cloud","2026-10-02T17:06:46Z","sec-exchange",FALSE
"SJM","J M SMUCKER Co","NYSE",NA,"fmcg.Food_Beverages","2026-10-02T17:06:46Z","sec-exchange",FALSE
"GRAB","Grab Holdings Ltd","NASDAQ",NA,"tr.Logistics_Shipping","2026-10-02T17:06:46Z","sec-exchange",TRUE
"COKE","Coca-Cola Consolidated, Inc.","NASDAQ",NA,"lab.Unmapped","2026-10-02T17:06:46Z","sec-exchange",FALSE
"HALO","HALOZYME THERAPEUTICS, INC.","NASDAQ",NA,"lab.Unmapped","2026-10-02T17:06:46Z","sec-exchange",FALSE
"GL","GLOBE LIFE INC.","NYSE",NA,"fn.Insurance","2026-10-02T17:06:46Z","sec-exchange",FALSE
"TTMI","TTM TECHNOLOGIES INC","NASDAQ",NA,"lab.Unmapped","2026-10-02T17:06:46Z","sec-exchange",FALSE
"RPM","RPM INTERNATIONAL INC/DE/","NYSE",NA,"lab.Unmapped","2026-10-02T17:06:46Z","sec-exchange",TRUE
"ALB","ALBEMARLE CORP","NYSE",NA,"mat.Chemicals","2026-10-02T17:06:46Z","sec-exchange",FALSE
"GGG","GRACO INC","NYSE",NA,"lab.Unmapped","2026-10-02T17:06:46Z","sec-exchange",FALSE
"PEN","Penumbra Inc","NYSE",NA,"lab.Unmapped","2026-10-02T17:06:46Z","sec-exchange",FALSE
"CORT","CORCEPT THERAPEUTICS INC","NASDAQ",NA,"lab.Unmapped","2026-10-02T17:06:46Z","sec-exchange",FALSE
"AMH","American Homes 4 Rent","NYSE",NA,"lab.Unmapped","2026-10-02T17:06:46Z","sec-exchange",FALSE
"GEN","Gen Digital Inc.","NASDAQ",NA,"tech.Software","2026-10-02T17:06:46Z","sec-exchange",FALSE
"BWXT","BWX Technologies, Inc.","NYSE",NA,"lab.Unmapped","2026-10-02T17:06:46Z","sec-exchange",FALSE
"TOL","Toll Brothers, Inc.","NYSE",NA,"lab.Unmapped","2026-10-02T17:06:46Z","sec-exchange",FALSE
"PAC","Pacific Airport Group","NYSE",NA,"lab.Unmapped","2026-10-02T17:06:46Z","sec-exchange",FALSE
"PSLV","Sprott Physical Silver Trust","NYSE",NA,"lab.Unmapped","2026-10-02T17:06:46Z","sec-exchange",FALSE
"LII","LENNOX INTERNATIONAL INC","NYSE",NA,"ind.Construction","2026-10-02T17:06:46Z","sec-exchange",FALSE
"MAIR","Madison Air Solutions Corp","NYSE",NA,"lab.Unmapped","2026-10-02T17:06:46Z","sec-exchange",FALSE
"DOCU","DOCUSIGN, INC.","NASDAQ",NA,"lab.Unmapped","2026-10-02T17:06:46Z","sec-exchange",FALSE
"HAS","HASBRO, INC.","NASDAQ",NA,"cons.Sports_Leisure","2026-10-02T17:06:46Z","sec-exchange",FALSE
"SEIC","SEI INVESTMENTS CO","NASDAQ",NA,"lab.Unmapped","2026-10-02T17:06:46Z","sec-exchange",FALSE
"GNRC","GENERAC HOLDINGS INC.","NYSE",NA,"ind.Machinery","2026-10-02T17:06:46Z","sec-exchange",FALSE
"BWA","BORGWARNER INC","NYSE",NA,"lab.Unmapped","2026-10-02T17:06:46Z","sec-exchange",FALSE
"UDR","UDR, Inc.","NYSE",NA,"re.REIT","2026-10-02T17:06:46Z","sec-exchange",FALSE
"WSO","WATSCO INC","NYSE",NA,"lab.Unmapped","2026-10-02T17:06:46Z","sec-exchange",FALSE
"MOG-A","MOOG INC.","NYSE",NA,"lab.Unmapped","2026-10-02T17:06:46Z","sec-exchange",FALSE
"CNA","CNA FINANCIAL CORP","NYSE",NA,"lab.Unmapped","2026-10-02T17:06:46Z","sec-exchange",FALSE
"TWST","Twist Bioscience Corp","NASDAQ",NA,"lab.Unmapped","2026-10-02T17:06:46Z","sec-exchange",FALSE
"DTM","DT Midstream, Inc.","NYSE",NA,"lab.Unmapped","2026-10-02T17:06:46Z","sec-exchange",FALSE
"AIT","APPLIED INDUSTRIAL TECHNOLOGIES INC","NYSE",NA,"lab.Unmapped","2026-10-02T17:06:46Z","sec-exchange",FALSE
"NXT","Nextpower Inc.","NASDAQ",NA,"lab.Unmapped","2026-10-02T17:06:46Z","sec-exchange",FALSE
"TRU","TransUnion","NYSE",NA,"lab.Unmapped","2026-10-02T17:06:46Z","sec-exchange",FALSE
"JBS","JBS N.V.","NYSE",NA,"lab.Unmapped","2026-10-02T17:06:46Z","sec-exchange",TRUE
"FIVE","FIVE BELOW, INC","NASDAQ",NA,"lab.Unmapped","2026-10-02T17:06:46Z","sec-exchange",FALSE
"QXO","QXO, Inc.","NYSE",NA,"lab.Unmapped","2026-10-02T17:06:46Z","sec-exchange",FALSE
"EHC","Encompass Health Corp","NYSE",NA,"lab.Unmapped","2026-10-02T17:06:46Z","sec-exchange",FALSE
"NVMI","NOVA LTD.","NASDAQ",NA,"lab.Unmapped","2026-10-02T17:06:46Z","sec-exchange",FALSE
"HBM","Hudbay Minerals Inc.","NYSE",NA,"lab.Unmapped","2026-10-02T17:06:46Z","sec-exchange",FALSE
"CR","Crane Co","NYSE",NA,"lab.Unmapped","2026-10-02T17:06:46Z","sec-exchange",FALSE
"BF-B","BROWN FORMAN CORP","NYSE",NA,"fmcg.Food_Beverages","2026-10-02T17:06:46Z","sec-exchange",FALSE
"BAX","BAXTER INTERNATIONAL INC","NYSE",NA,"hc.Medtech","2026-10-02T17:06:46Z","sec-exchange",FALSE
"WTS","WATTS WATER TECHNOLOGIES INC","NYSE",NA,"lab.Unmapped","2026-10-02T17:06:46Z","sec-exchange",FALSE
"BJ","BJ's Wholesale Club Holdings, Inc.","NYSE",NA,"lab.Unmapped","2026-10-02T17:06:46Z","sec-exchange",FALSE
"SANM","SANMINA CORP","NASDAQ",NA,"lab.Unmapped","2026-10-02T17:06:46Z","sec-exchange",FALSE
"GME","GameStop Corp.","NYSE",NA,"lab.Unmapped","2026-10-02T17:06:46Z","sec-exchange",FALSE
"FPS","Forgent Power Solutions, Inc.","NYSE",NA,"lab.Unmapped","2026-10-02T17:06:46Z","sec-exchange",FALSE
"FMS","Fresenius Medical Care AG","NYSE",NA,"lab.Unmapped","2026-10-02T17:06:46Z","sec-exchange",TRUE
"UHAL","U-Haul Holding Co /NV/","NYSE",NA,"lab.Unmapped","2026-10-02T17:06:46Z","sec-exchange",TRUE
"GDDY","GoDaddy Inc.","NYSE",NA,"saas.SaaS_Cloud","2026-10-02T17:06:46Z","sec-exchange",FALSE
"MDGL","MADRIGAL PHARMACEUTICALS, INC.","NASDAQ",NA,"lab.Unmapped","2026-10-02T17:06:46Z","sec-exchange",FALSE
"ELS","EQUITY LIFESTYLE PROPERTIES INC","NYSE",NA,"lab.Unmapped","2026-10-02T17:06:46Z","sec-exchange",FALSE
"SAIL","SailPoint, Inc.","NASDAQ",NA,"lab.Unmapped","2026-10-02T17:06:46Z","sec-exchange",FALSE
"ARW","ARROW ELECTRONICS, INC.","NYSE",NA,"lab.Unmapped","2026-10-02T17:06:46Z","sec-exchange",FALSE
"TXG","10x Genomics, Inc.","NASDAQ",NA,"lab.Unmapped","2026-10-02T17:06:46Z","sec-exchange",FALSE
"IT","GARTNER INC","NYSE",NA,"tech.IT_Services","2026-10-02T17:06:46Z","sec-exchange",FALSE
"MANH","MANHATTAN ASSOCIATES INC","NASDAQ",NA,"lab.Unmapped","2026-10-02T17:06:46Z","sec-exchange",FALSE
"ERIE","ERIE INDEMNITY CO","NASDAQ",NA,"fn.Insurance","2026-10-02T17:06:46Z","sec-exchange",FALSE
"CCK","CROWN HOLDINGS, INC.","NYSE",NA,"lab.Unmapped","2026-10-02T17:06:46Z","sec-exchange",FALSE
"HUT","Hut 8 Corp.","NASDAQ",NA,"lab.Unmapped","2026-10-02T17:06:46Z","sec-exchange",FALSE
"HL","HECLA MINING CO/DE/","NYSE",NA,"lab.Unmapped","2026-10-02T17:06:46Z","sec-exchange",TRUE
"BMRN","BIOMARIN PHARMACEUTICAL INC","NASDAQ",NA,"lab.Unmapped","2026-10-02T17:06:46Z","sec-exchange",FALSE
"GWRE","Guidewire Software, Inc.","NYSE",NA,"lab.Unmapped","2026-10-02T17:06:46Z","sec-exchange",FALSE
"ALLY","Ally Financial Inc.","NYSE",NA,"lab.Unmapped","2026-10-02T17:06:46Z","sec-exchange",FALSE
"GLPI","Gaming & Leisure Properties, Inc.","NASDAQ",NA,"lab.Unmapped","2026-10-02T17:06:46Z","sec-exchange",FALSE
"AFG","AMERICAN FINANCIAL GROUP INC","NYSE",NA,"lab.Unmapped","2026-10-02T17:06:46Z","sec-exchange",FALSE
"TECH","BIO-TECHNE Corp","NASDAQ",NA,"hc.Medtech","2026-10-02T17:06:46Z","sec-exchange",FALSE
"CPT","CAMDEN PROPERTY TRUST","NYSE",NA,"re.REIT","2026-10-02T17:06:46Z","sec-exchange",FALSE
"AHR","American Healthcare REIT, Inc.","NYSE",NA,"lab.Unmapped","2026-10-02T17:06:46Z","sec-exchange",FALSE
"HMY","HARMONY GOLD MINING CO LTD","NYSE",NA,"lab.Unmapped","2026-10-02T17:06:46Z","sec-exchange",FALSE
"AEIS","ADVANCED ENERGY INDUSTRIES INC","NASDAQ",NA,"lab.Unmapped","2026-10-02T17:06:46Z","sec-exchange",FALSE
"PNW","PINNACLE WEST CAPITAL CORP","NYSE",NA,"en.Utilities","2026-10-02T17:06:46Z","sec-exchange",FALSE
"ELAN","Elanco Animal Health Inc","NYSE",NA,"lab.Unmapped","2026-10-02T17:06:46Z","sec-exchange",FALSE
"SNN","SMITH & NEPHEW PLC","NYSE",NA,"lab.Unmapped","2026-10-02T17:06:46Z","sec-exchange",TRUE
"MICC","Magnum Ice Cream Co N.V.","NYSE",NA,"lab.Unmapped","2026-10-02T17:06:46Z","sec-exchange",TRUE
"BXP","BXP, Inc.","NYSE",NA,"re.REIT","2026-10-02T17:06:46Z","sec-exchange",FALSE
"RMBS","RAMBUS INC","NASDAQ",NA,"lab.Unmapped","2026-10-02T17:06:46Z","sec-exchange",FALSE
"WTRG","Essential Utilities, Inc.","NYSE",NA,"lab.Unmapped","2026-10-02T17:06:46Z","sec-exchange",FALSE
"DVA","DAVITA INC.","NYSE",NA,"hc.Healthcare_Services","2026-10-02T17:06:46Z","sec-exchange",FALSE
"WSE","Wise Group plc","NASDAQ",NA,"lab.Unmapped","2026-10-02T17:06:46Z","sec-exchange",TRUE
"PSKY","Paramount Skydance Corp","NASDAQ",NA,"media.Entertainment","2026-10-02T17:06:46Z","sec-exchange",FALSE
"AGNC","AGNC Investment Corp.","NASDAQ",NA,"lab.Unmapped","2026-10-02T17:06:46Z","sec-exchange",FALSE
"BTSG","BrightSpring Health Services, Inc.","NASDAQ",NA,"lab.Unmapped","2026-10-02T17:06:46Z","sec-exchange",FALSE
"AA","Alcoa Corp","NYSE",NA,"lab.Unmapped","2026-10-02T17:06:46Z","sec-exchange",FALSE
"LI","Li Auto Inc.","NASDAQ",NA,"auto.EV_Startups","2026-10-02T17:06:46Z","sec-exchange",TRUE
"FRHC","Freedom Holding Corp.","NASDAQ",NA,"lab.Unmapped","2026-10-02T17:06:46Z","sec-exchange",FALSE
"FRO","Frontline plc","NYSE",NA,"lab.Unmapped","2026-10-02T17:06:46Z","sec-exchange",TRUE
"FHN","FIRST HORIZON CORP","NYSE",NA,"lab.Unmapped","2026-10-02T17:06:46Z","sec-exchange",FALSE
"RGEN","REPLIGEN CORP","NASDAQ",NA,"lab.Unmapped","2026-10-02T17:06:46Z","sec-exchange",FALSE
"FIG","Figma, Inc.","NYSE",NA,"lab.Unmapped","2026-10-02T17:06:46Z","sec-exchange",FALSE
"FROG","JFrog Ltd","NASDAQ",NA,"lab.Unmapped","2026-10-02T17:06:46Z","sec-exchange",FALSE
"EGP","EASTGROUP PROPERTIES INC","NYSE",NA,"lab.Unmapped","2026-10-02T17:06:46Z","sec-exchange",FALSE
"HRL","HORMEL FOODS CORP /DE/","NYSE",NA,"fmcg.Food_Beverages","2026-10-02T17:06:46Z","sec-exchange",TRUE
"LFUS","LITTELFUSE INC /DE","NASDAQ",NA,"lab.Unmapped","2026-10-02T17:06:46Z","sec-exchange",TRUE
"FNF","Fidelity National Financial, Inc.","NYSE",NA,"lab.Unmapped","2026-10-02T17:06:46Z","sec-exchange",FALSE
"CSGP","COSTAR GROUP, INC.","NASDAQ",NA,"re.REIT","2026-10-02T17:06:46Z","sec-exchange",FALSE
"PAYP","PayPay Corp","NASDAQ",NA,"lab.Unmapped","2026-10-02T17:06:46Z","sec-exchange",FALSE
"LULU","lululemon athletica inc.","NASDAQ",NA,"lxg.Luxury_Fashion","2026-10-02T17:06:46Z","sec-exchange",FALSE
"RDY","DR REDDYS LABORATORIES LTD","NYSE",NA,"lab.Unmapped","2026-10-02T17:06:46Z","sec-exchange",FALSE
"GSAT","Globalstar, Inc.","NASDAQ",NA,"lab.Unmapped","2026-10-02T17:06:46Z","sec-exchange",FALSE
"COO","COOPER COMPANIES, INC.","NASDAQ",NA,"hc.Medtech","2026-10-02T17:06:46Z","sec-exchange",FALSE
"FORM","FORMFACTOR INC","NASDAQ",NA,"lab.Unmapped","2026-10-02T17:06:46Z","sec-exchange",FALSE
"AES","AES CORP","NYSE",NA,"en.Utilities","2026-10-02T17:06:46Z","sec-exchange",FALSE
"IAG","IAMGOLD CORP","NYSE",NA,"lab.Unmapped","2026-10-02T17:06:46Z","sec-exchange",FALSE
"DDS","DILLARD'S, INC.","NYSE",NA,"lab.Unmapped","2026-10-02T17:06:46Z","sec-exchange",FALSE
"AUR","Aurora Innovation, Inc.","NASDAQ",NA,"lab.Unmapped","2026-10-02T17:06:46Z","sec-exchange",FALSE
"DECK","DECKERS OUTDOOR CORP","NYSE",NA,"lxg.Luxury_Fashion","2026-10-02T17:06:46Z","sec-exchange",FALSE
"SF","STIFEL FINANCIAL CORP","NYSE",NA,"lab.Unmapped","2026-10-02T17:06:46Z","sec-exchange",FALSE
"SUZ","Suzano S.A.","NYSE",NA,"lab.Unmapped","2026-10-02T17:06:46Z","sec-exchange",TRUE
"SCI","SERVICE CORP INTERNATIONAL","NYSE",NA,"lab.Unmapped","2026-10-02T17:06:46Z","sec-exchange",FALSE
"KNX","Knight-Swift Transportation Holdings Inc.","NYSE",NA,"lab.Unmapped","2026-10-02T17:06:46Z","sec-exchange",FALSE
"PINS","PINTEREST, INC.","NYSE",NA,"lab.Unmapped","2026-10-02T17:06:46Z","sec-exchange",FALSE
"RRX","REGAL REXNORD CORP","NYSE",NA,"lab.Unmapped","2026-10-02T17:06:46Z","sec-exchange",FALSE
"UHS","UNIVERSAL HEALTH SERVICES INC","NYSE",NA,"hc.Healthcare_Services","2026-10-02T17:06:46Z","sec-exchange",FALSE
"VIAV","VIAVI SOLUTIONS INC.","NASDAQ",NA,"lab.Unmapped","2026-10-02T17:06:46Z","sec-exchange",FALSE
"AR","ANTERO RESOURCES Corp","NYSE",NA,"lab.Unmapped","2026-10-02T17:06:46Z","sec-exchange",FALSE
"CART","Maplebear Inc.","NASDAQ",NA,"lab.Unmapped","2026-10-02T17:06:46Z","sec-exchange",FALSE
"XP","XP Inc.","NASDAQ",NA,"fn.Investment_Banking","2026-10-02T17:06:46Z","sec-exchange",TRUE
"TXRH","Texas Roadhouse, Inc.","NASDAQ",NA,"lab.Unmapped","2026-10-02T17:06:46Z","sec-exchange",FALSE
"AVTR","Avantor, Inc.","NYSE",NA,"lab.Unmapped","2026-10-02T17:06:46Z","sec-exchange",FALSE
"JKHY","JACK HENRY & ASSOCIATES INC","NASDAQ",NA,"fn.Fintech","2026-10-02T17:06:46Z","sec-exchange",FALSE
"ALGN","ALIGN TECHNOLOGY INC","NASDAQ",NA,"hc.Medtech","2026-10-02T17:06:46Z","sec-exchange",FALSE
"HII","HUNTINGTON INGALLS INDUSTRIES, INC.","NYSE",NA,"ind.Aerospace_Defense","2026-10-02T17:06:46Z","sec-exchange",FALSE
"QRVO","Qorvo, Inc.","NASDAQ",NA,"lab.Unmapped","2026-10-02T17:06:46Z","sec-exchange",FALSE
"BIO","BIO-RAD LABORATORIES, INC.","NYSE",NA,"lab.Unmapped","2026-10-02T17:06:46Z","sec-exchange",FALSE
"ENSG","ENSIGN GROUP, INC","NASDAQ",NA,"lab.Unmapped","2026-10-02T17:06:46Z","sec-exchange",FALSE
"EGO","ELDORADO GOLD CORP /FI","NYSE",NA,"lab.Unmapped","2026-10-02T17:06:46Z","sec-exchange",FALSE
"DCI","DONALDSON Co INC","NYSE",NA,"lab.Unmapped","2026-10-02T17:06:46Z","sec-exchange",FALSE
"GMED","GLOBUS MEDICAL INC","NYSE",NA,"lab.Unmapped","2026-10-02T17:06:46Z","sec-exchange",FALSE
"RTO","RENTOKIL INITIAL PLC /FI","NYSE",NA,"lab.Unmapped","2026-10-02T17:06:46Z","sec-exchange",TRUE
"TFII","TFI International Inc.","NYSE",NA,"lab.Unmapped","2026-10-02T17:06:46Z","sec-exchange",FALSE
"HUBS","HUBSPOT INC","NYSE",NA,"lab.Unmapped","2026-10-02T17:06:46Z","sec-exchange",FALSE
"UMBF","UMB FINANCIAL CORP","NASDAQ",NA,"lab.Unmapped","2026-10-02T17:06:46Z","sec-exchange",FALSE
"KRYS","Krystal Biotech, Inc.","NASDAQ",NA,"lab.Unmapped","2026-10-02T17:06:46Z","sec-exchange",FALSE
"BNT","Brookfield Wealth Solutions Ltd.","NYSE",NA,"lab.Unmapped","2026-10-02T17:06:46Z","sec-exchange",FALSE
"MSGS","Madison Square Garden Sports Corp.","NYSE",NA,"lab.Unmapped","2026-10-02T17:06:46Z","sec-exchange",FALSE
"NYT","NEW YORK TIMES CO","NYSE",NA,"lab.Unmapped","2026-10-02T17:06:46Z","sec-exchange",FALSE
"CHYM","Chime Financial, Inc.","NASDAQ",NA,"lab.Unmapped","2026-10-02T17:06:46Z","sec-exchange",FALSE
"BPOP","POPULAR, INC.","NASDAQ",NA,"lab.Unmapped","2026-10-02T17:06:46Z","sec-exchange",FALSE
"CGNX","COGNEX CORP","NASDAQ",NA,"lab.Unmapped","2026-10-02T17:06:46Z","sec-exchange",FALSE
"EVR","Evercore Inc.","NYSE",NA,"lab.Unmapped","2026-10-02T17:06:46Z","sec-exchange",FALSE
"ONON","On Holding AG","NYSE",NA,"lab.Unmapped","2026-10-02T17:06:46Z","sec-exchange",TRUE
"DPZ","DOMINOS PIZZA INC","NASDAQ",NA,"cons.Restaurants","2026-10-02T17:06:46Z","sec-exchange",FALSE
"CLX","CLOROX CO /DE/","NYSE",NA,"fmcg.Household_Personal","2026-10-02T17:06:46Z","sec-exchange",TRUE
"BRKR","BRUKER CORP","NASDAQ",NA,"lab.Unmapped","2026-10-02T17:06:46Z","sec-exchange",FALSE
"DKNG","DraftKings Inc.","NASDAQ",NA,"lab.Unmapped","2026-10-02T17:06:46Z","sec-exchange",FALSE
"PAYC","Paycom Software, Inc.","NYSE",NA,"lab.Unmapped","2026-10-02T17:06:46Z","sec-exchange",FALSE
"MOH","MOLINA HEALTHCARE, INC.","NYSE",NA,"lab.Unmapped","2026-10-02T17:06:46Z","sec-exchange",FALSE
"DRS","Leonardo DRS, Inc.","NASDAQ",NA,"lab.Unmapped","2026-10-02T17:06:46Z","sec-exchange",FALSE
"ENLT","Enlight Renewable Energy Ltd.","NASDAQ",NA,"lab.Unmapped","2026-10-02T17:06:46Z","sec-exchange",FALSE
"MOD","MODINE MANUFACTURING CO","NYSE",NA,"lab.Unmapped","2026-10-02T17:06:46Z","sec-exchange",FALSE
"RYAN","RYAN SPECIALTY HOLDINGS, INC.","NYSE",NA,"lab.Unmapped","2026-10-02T17:06:46Z","sec-exchange",FALSE
"WTFC","WINTRUST FINANCIAL CORP","NASDAQ",NA,"lab.Unmapped","2026-10-02T17:06:46Z","sec-exchange",FALSE
"SSB","SouthState Bank Corp","NYSE",NA,"lab.Unmapped","2026-10-02T17:06:46Z","sec-exchange",FALSE
"WMS","ADVANCED DRAINAGE SYSTEMS, INC.","NYSE",NA,"lab.Unmapped","2026-10-02T17:06:46Z","sec-exchange",FALSE
"AM","Antero Midstream Corp","NYSE",NA,"lab.Unmapped","2026-10-02T17:06:46Z","sec-exchange",FALSE
"CFR","CULLEN/FROST BANKERS, INC.","NYSE",NA,"lab.Unmapped","2026-10-02T17:06:46Z","sec-exchange",FALSE
"PSO","PEARSON PLC","NYSE",NA,"lab.Unmapped","2026-10-02T17:06:46Z","sec-exchange",TRUE
"AXSM","Axsome Therapeutics, Inc.","NASDAQ",NA,"lab.Unmapped","2026-10-02T17:06:46Z","sec-exchange",FALSE
"AMG","AFFILIATED MANAGERS GROUP, INC.","NYSE",NA,"lab.Unmapped","2026-10-02T17:06:46Z","sec-exchange",FALSE
"FRT","FEDERAL REALTY INVESTMENT TRUST","NYSE",NA,"re.REIT","2026-10-02T17:06:46Z","sec-exchange",FALSE
"VSAT","VIASAT INC","NASDAQ",NA,"lab.Unmapped","2026-10-02T17:06:46Z","sec-exchange",FALSE
"JEF","Jefferies Financial Group Inc.","NYSE",NA,"lab.Unmapped","2026-10-02T17:06:46Z","sec-exchange",FALSE
"DAR","DARLING INGREDIENTS INC.","NYSE",NA,"lab.Unmapped","2026-10-02T17:06:46Z","sec-exchange",FALSE
"ONB","OLD NATIONAL BANCORP /IN/","NASDAQ",NA,"lab.Unmapped","2026-10-02T17:06:46Z","sec-exchange",FALSE
"HSIC","HENRY SCHEIN INC","NASDAQ",NA,"hc.Healthcare_Services","2026-10-02T17:06:46Z","sec-exchange",FALSE
"SIMO","Silicon Motion Technology CORP","NASDAQ",NA,"lab.Unmapped","2026-10-02T17:06:46Z","sec-exchange",FALSE
"MUSA","Murphy USA Inc.","NYSE",NA,"lab.Unmapped","2026-10-02T17:06:46Z","sec-exchange",FALSE
"OC","Owens Corning","NYSE",NA,"lab.Unmapped","2026-10-02T17:06:46Z","sec-exchange",FALSE
"FLS","FLOWSERVE CORP","NYSE",NA,"lab.Unmapped","2026-10-02T17:06:46Z","sec-exchange",FALSE
"BSY","BENTLEY SYSTEMS INC","NASDAQ",NA,"lab.Unmapped","2026-10-02T17:06:46Z","sec-exchange",FALSE
"ARWR","ARROWHEAD PHARMACEUTICALS, INC.","NASDAQ",NA,"lab.Unmapped","2026-10-02T17:06:46Z","sec-exchange",FALSE
"ALSN","Allison Transmission Holdings Inc","NYSE",NA,"lab.Unmapped","2026-10-02T17:06:46Z","sec-exchange",FALSE
"GKOS","GLAUKOS Corp","NYSE",NA,"lab.Unmapped","2026-10-02T17:06:46Z","sec-exchange",FALSE
"IBRX","ImmunityBio, Inc.","NASDAQ",NA,"lab.Unmapped","2026-10-02T17:06:46Z","sec-exchange",FALSE
"OGE","OGE ENERGY CORP.","NYSE",NA,"lab.Unmapped","2026-10-02T17:06:46Z","sec-exchange",FALSE
"MTCH","Match Group, Inc.","NASDAQ",NA,"lab.Unmapped","2026-10-02T17:06:46Z","sec-exchange",FALSE
"FCFS","FirstCash Holdings, Inc.","NASDAQ",NA,"lab.Unmapped","2026-10-02T17:06:46Z","sec-exchange",FALSE
"JAN","Janus Living, Inc.","NYSE",NA,"lab.Unmapped","2026-10-02T17:06:46Z","sec-exchange",FALSE
"FDS","FACTSET RESEARCH SYSTEMS INC","NYSE",NA,"fn.Asset_Management","2026-10-02T17:06:46Z","sec-exchange",FALSE
"ESTC","Elastic N.V.","NYSE",NA,"lab.Unmapped","2026-10-02T17:06:46Z","sec-exchange",TRUE
"TTC","TORO CO","NYSE",NA,"lab.Unmapped","2026-10-02T17:06:46Z","sec-exchange",FALSE
"QGEN","QIAGEN N.V.","NYSE",NA,"lab.Unmapped","2026-10-02T17:06:46Z","sec-exchange",TRUE
"AYI","ACUITY INC. (DE)","NYSE",NA,"lab.Unmapped","2026-10-02T17:06:46Z","sec-exchange",FALSE
"GGB","GERDAU S.A.","NYSE",NA,"lab.Unmapped","2026-10-02T17:06:46Z","sec-exchange",TRUE
"KT","KT CORP","NYSE",NA,"tel.Telecom","2026-10-02T17:06:46Z","sec-exchange",TRUE
"PODD","INSULET CORP","NASDAQ",NA,"hc.Medtech","2026-10-02T17:06:46Z","sec-exchange",FALSE
"ORI","OLD REPUBLIC INTERNATIONAL CORP","NYSE",NA,"lab.Unmapped","2026-10-02T17:06:46Z","sec-exchange",FALSE
"ZION","ZIONS BANCORPORATION, NATIONAL ASSOCIATION /UT/","NASDAQ",NA,"lab.Unmapped","2026-10-02T17:06:46Z","sec-exchange",FALSE
"KYMR","Kymera Therapeutics, Inc.","NASDAQ",NA,"lab.Unmapped","2026-10-02T17:06:46Z","sec-exchange",FALSE
"PTGX","Protagonist Therapeutics, Inc","NASDAQ",NA,"lab.Unmapped","2026-10-02T17:06:46Z","sec-exchange",FALSE
"XPEV","XPENG INC.","NYSE",NA,"auto.EV_Startups","2026-10-02T17:06:46Z","sec-exchange",TRUE
"OSCR","Oscar Health, Inc.","NYSE",NA,"lab.Unmapped","2026-10-02T17:06:46Z","sec-exchange",FALSE
"VMI","VALMONT INDUSTRIES INC","NYSE",NA,"lab.Unmapped","2026-10-02T17:06:46Z","sec-exchange",FALSE
"CYTK","CYTOKINETICS INC","NASDAQ",NA,"lab.Unmapped","2026-10-02T17:06:46Z","sec-exchange",FALSE
"APTV","Aptiv PLC","NYSE",NA,"auto.Parts_Suppliers","2026-10-02T17:06:46Z","sec-exchange",TRUE
"ELPC","ENERGY CO OF PARANA","NYSE",NA,"lab.Unmapped","2026-10-02T17:06:46Z","sec-exchange",FALSE
"AAL","American Airlines Group Inc.","NASDAQ",NA,"lab.Unmapped","2026-10-02T17:06:46Z","sec-exchange",FALSE
"SNAP","Snap Inc","NYSE",NA,"lab.Unmapped","2026-10-02T17:06:46Z","sec-exchange",FALSE
"PBF","PBF Energy Inc.","NYSE",NA,"lab.Unmapped","2026-10-02T17:06:46Z","sec-exchange",FALSE
"SAIA","SAIA INC","NASDAQ",NA,"lab.Unmapped","2026-10-02T17:06:46Z","sec-exchange",FALSE
"JXN","Jackson Financial Inc.","NYSE",NA,"lab.Unmapped","2026-10-02T17:06:46Z","sec-exchange",FALSE
"LLYVA","Liberty Live Holdings, Inc.","NASDAQ",NA,"lab.Unmapped","2026-10-02T17:06:46Z","sec-exchange",FALSE
"SOLS","Solstice Advanced Materials Inc.","NASDAQ",NA,"lab.Unmapped","2026-10-02T17:06:46Z","sec-exchange",FALSE
"HLI","HOULIHAN LOKEY, INC.","NYSE",NA,"lab.Unmapped","2026-10-02T17:06:46Z","sec-exchange",FALSE
"LTH","Life Time Group Holdings, Inc.","NYSE",NA,"lab.Unmapped","2026-10-02T17:06:46Z","sec-exchange",FALSE
"SSL","SASOL LTD","NYSE",NA,"lab.Unmapped","2026-10-02T17:06:46Z","sec-exchange",FALSE
"LGN","Legence Corp.","NASDAQ",NA,"lab.Unmapped","2026-10-02T17:06:46Z","sec-exchange",FALSE
"CAI","Caris Life Sciences, Inc.","NASDAQ",NA,"lab.Unmapped","2026-10-02T17:06:46Z","sec-exchange",FALSE
"AG","FIRST MAJESTIC SILVER CORP","NYSE",NA,"lab.Unmapped","2026-10-02T17:06:46Z","sec-exchange",FALSE
"LINE","Lineage, Inc.","NASDAQ",NA,"lab.Unmapped","2026-10-02T17:06:46Z","sec-exchange",FALSE
"R","RYDER SYSTEM INC","NYSE",NA,"lab.Unmapped","2026-10-02T17:06:46Z","sec-exchange",FALSE
"CTRE","CareTrust REIT, Inc.","NYSE",NA,"lab.Unmapped","2026-10-02T17:06:46Z","sec-exchange",FALSE
"ESI","Element Solutions Inc","NYSE",NA,"lab.Unmapped","2026-10-02T17:06:46Z","sec-exchange",FALSE
"SIRI","SIRIUS XM HOLDINGS INC.","NASDAQ",NA,"lab.Unmapped","2026-10-02T17:06:46Z","sec-exchange",FALSE
"TTEK","TETRA TECH INC","NASDAQ",NA,"lab.Unmapped","2026-10-02T17:06:46Z","sec-exchange",FALSE
"AAOI","APPLIED OPTOELECTRONICS, INC.","NASDAQ",NA,"lab.Unmapped","2026-10-02T17:06:46Z","sec-exchange",FALSE
"RRC","RANGE RESOURCES CORP","NYSE",NA,"lab.Unmapped","2026-10-02T17:06:46Z","sec-exchange",FALSE
"YMM","Full Truck Alliance Co. Ltd.","NYSE",NA,"tr.Logistics_Shipping","2026-10-02T17:06:46Z","sec-exchange",TRUE
"NIO","NIO Inc.","NYSE",NA,"auto.EV_Startups","2026-10-02T17:06:46Z","sec-exchange",TRUE
"TGTX","TG THERAPEUTICS, INC.","NASDAQ",NA,"lab.Unmapped","2026-10-02T17:06:46Z","sec-exchange",FALSE
"KNTK","Kinetik Holdings Inc.","NYSE",NA,"lab.Unmapped","2026-10-02T17:06:46Z","sec-exchange",FALSE
"VOYA","Voya Financial, Inc.","NYSE",NA,"lab.Unmapped","2026-10-02T17:06:46Z","sec-exchange",FALSE
"ABVX","Abivax S.A.","NASDAQ",NA,"lab.Unmapped","2026-10-02T17:06:46Z","sec-exchange",TRUE
"SPXC","SPX Technologies, Inc.","NYSE",NA,"lab.Unmapped","2026-10-02T17:06:46Z","sec-exchange",FALSE
"REXR","Rexford Industrial Realty, Inc.","NYSE",NA,"lab.Unmapped","2026-10-02T17:06:46Z","sec-exchange",FALSE
"CUBE","CubeSmart","NYSE",NA,"lab.Unmapped","2026-10-02T17:06:46Z","sec-exchange",FALSE
"BRX","Brixmor Property Group Inc.","NYSE",NA,"lab.Unmapped","2026-10-02T17:06:46Z","sec-exchange",FALSE
"KMX","CARMAX INC","NYSE",NA,"lab.Unmapped","2026-10-02T17:06:46Z","sec-exchange",FALSE
"PRI","Primerica, Inc.","NYSE",NA,"lab.Unmapped","2026-10-02T17:06:46Z","sec-exchange",FALSE
"PCVX","Vaxcyte, Inc.","NASDAQ",NA,"lab.Unmapped","2026-10-02T17:06:46Z","sec-exchange",FALSE
"MHK","MOHAWK INDUSTRIES INC","NYSE",NA,"lab.Unmapped","2026-10-02T17:06:46Z","sec-exchange",FALSE
"EDU","New Oriental Education & Technology Group Inc.","NYSE",NA,"bus.Professional_Services","2026-10-02T17:06:46Z","sec-exchange",TRUE
"TIMB","TIM S.A.","NYSE",NA,"lab.Unmapped","2026-10-02T17:06:46Z","sec-exchange",TRUE
"PNR","PENTAIR plc","NYSE",NA,"ind.Machinery","2026-10-02T17:06:46Z","sec-exchange",TRUE
"MXL","MAXLINEAR, INC","NASDAQ",NA,"lab.Unmapped","2026-10-02T17:06:46Z","sec-exchange",FALSE
"IDCC","InterDigital, Inc.","NASDAQ",NA,"lab.Unmapped","2026-10-02T17:06:46Z","sec-exchange",FALSE
"ADC","AGREE REALTY CORP","NYSE",NA,"lab.Unmapped","2026-10-02T17:06:46Z","sec-exchange",FALSE
"RHP","Ryman Hospitality Properties, Inc.","NYSE",NA,"lab.Unmapped","2026-10-02T17:06:46Z","sec-exchange",FALSE
"BAH","Booz Allen Hamilton Holding Corp","NYSE",NA,"lab.Unmapped","2026-10-02T17:06:46Z","sec-exchange",FALSE
"EAT","BRINKER INTERNATIONAL, INC","NYSE",NA,"lab.Unmapped","2026-10-02T17:06:46Z","sec-exchange",FALSE
"FR","FIRST INDUSTRIAL REALTY TRUST INC","NYSE",NA,"lab.Unmapped","2026-10-02T17:06:46Z","sec-exchange",FALSE
"AVT","AVNET INC","NASDAQ",NA,"lab.Unmapped","2026-10-02T17:06:46Z","sec-exchange",FALSE
"ARE","ALEXANDRIA REAL ESTATE EQUITIES, INC.","NYSE",NA,"re.REIT","2026-10-02T17:06:46Z","sec-exchange",FALSE
"ALV","AUTOLIV INC","NYSE",NA,"lab.Unmapped","2026-10-02T17:06:46Z","sec-exchange",FALSE
"NEU","NEWMARKET CORP","NYSE",NA,"lab.Unmapped","2026-10-02T17:06:46Z","sec-exchange",FALSE
"AGCO","AGCO CORP /DE","NYSE",NA,"lab.Unmapped","2026-10-02T17:06:46Z","sec-exchange",TRUE
"WAL","WESTERN ALLIANCE BANCORPORATION","NYSE",NA,"lab.Unmapped","2026-10-02T17:06:46Z","sec-exchange",FALSE
"GAP","GAP INC","NYSE",NA,"lab.Unmapped","2026-10-02T17:06:46Z","sec-exchange",FALSE
"KTOS","KRATOS DEFENSE & SECURITY SOLUTIONS, INC.","NASDAQ",NA,"lab.Unmapped","2026-10-02T17:06:46Z","sec-exchange",FALSE
"RIOT","Riot Platforms, Inc.","NASDAQ",NA,"lab.Unmapped","2026-10-02T17:06:46Z","sec-exchange",FALSE
"BVN","BUENAVENTURA MINING CO INC","NYSE",NA,"lab.Unmapped","2026-10-02T17:06:46Z","sec-exchange",FALSE
"OSK","OSHKOSH CORP","NYSE",NA,"lab.Unmapped","2026-10-02T17:06:46Z","sec-exchange",FALSE
"TKR","TIMKEN CO","NYSE",NA,"lab.Unmapped","2026-10-02T17:06:46Z","sec-exchange",FALSE
"WLK","WESTLAKE CORP","NYSE",NA,"lab.Unmapped","2026-10-02T17:06:46Z","sec-exchange",FALSE
"COLB","COLUMBIA BANKING SYSTEM, INC.","NASDAQ",NA,"lab.Unmapped","2026-10-02T17:06:46Z","sec-exchange",FALSE
"MP","MP Materials Corp. / DE","NYSE",NA,"lab.Unmapped","2026-10-02T17:06:46Z","sec-exchange",FALSE
"DY","DYCOM INDUSTRIES INC","NYSE",NA,"lab.Unmapped","2026-10-02T17:06:46Z","sec-exchange",FALSE
"MGM","MGM Resorts International","NYSE",NA,"media.Gaming","2026-10-02T17:06:46Z","sec-exchange",FALSE
"WYNN","WYNN RESORTS LTD","NASDAQ",NA,"media.Gaming","2026-10-02T17:06:46Z","sec-exchange",FALSE
"PB","PROSPERITY BANCSHARES INC","NYSE",NA,"lab.Unmapped","2026-10-02T17:06:46Z","sec-exchange",FALSE
"S","SentinelOne, Inc.","NYSE",NA,"lab.Unmapped","2026-10-02T17:06:46Z","sec-exchange",FALSE
"LEA","LEAR CORP","NYSE",NA,"lab.Unmapped","2026-10-02T17:06:46Z","sec-exchange",FALSE
"CBSH","COMMERCE BANCSHARES INC /MO/","NASDAQ",NA,"lab.Unmapped","2026-10-02T17:06:46Z","sec-exchange",FALSE
"GIL","Gildan Activewear Inc.","NYSE",NA,"lab.Unmapped","2026-10-02T17:06:46Z","sec-exchange",FALSE
"PRAX","Praxis Precision Medicines, Inc.","NASDAQ",NA,"lab.Unmapped","2026-10-02T17:06:46Z","sec-exchange",FALSE
"AOS","SMITH A O CORP","NYSE",NA,"ind.Construction","2026-10-02T17:06:46Z","sec-exchange",FALSE
"SNEX","StoneX Group Inc.","NASDAQ",NA,"lab.Unmapped","2026-10-02T17:06:46Z","sec-exchange",FALSE
"SM","SM Energy Co","NYSE",NA,"lab.Unmapped","2026-10-02T17:06:46Z","sec-exchange",FALSE
"NNN","NNN REIT, INC.","NYSE",NA,"lab.Unmapped","2026-10-02T17:06:46Z","sec-exchange",FALSE
"BOKF","BOK FINANCIAL CORP","NASDAQ",NA,"lab.Unmapped","2026-10-02T17:06:46Z","sec-exchange",FALSE
"ATR","APTARGROUP, INC.","NYSE",NA,"lab.Unmapped","2026-10-02T17:06:46Z","sec-exchange",FALSE
"PCTY","Paylocity Holding Corp","NASDAQ",NA,"lab.Unmapped","2026-10-02T17:06:46Z","sec-exchange",FALSE
"HESM","Hess Midstream LP","NYSE",NA,"lab.Unmapped","2026-10-02T17:06:46Z","sec-exchange",FALSE
"LNC","LINCOLN NATIONAL CORP","NYSE",NA,"lab.Unmapped","2026-10-02T17:06:46Z","sec-exchange",FALSE
"ZWS","Zurn Elkay Water Solutions Corp","NYSE",NA,"lab.Unmapped","2026-10-02T17:06:46Z","sec-exchange",FALSE
"UGP","ULTRAPAR HOLDINGS INC","NYSE",NA,"lab.Unmapped","2026-10-02T17:06:46Z","sec-exchange",FALSE
"UGI","UGI CORP /PA/","NYSE",NA,"lab.Unmapped","2026-10-02T17:06:46Z","sec-exchange",FALSE
"GTLB","Gitlab Inc.","NASDAQ",NA,"lab.Unmapped","2026-10-02T17:06:46Z","sec-exchange",FALSE
"RAL","Ralliant Corp","NYSE",NA,"lab.Unmapped","2026-10-02T17:06:46Z","sec-exchange",FALSE
"CNM","Core & Main, Inc.","NYSE",NA,"lab.Unmapped","2026-10-02T17:06:46Z","sec-exchange",FALSE
"CAE","CAE INC","NASDAQ",NA,"lab.Unmapped","2026-10-02T17:06:46Z","sec-exchange",FALSE
"IONS","IONIS PHARMACEUTICALS INC","NASDAQ",NA,"lab.Unmapped","2026-10-02T17:06:46Z","sec-exchange",FALSE
"ACM","AECOM","NYSE",NA,"lab.Unmapped","2026-10-02T17:06:46Z","sec-exchange",FALSE
"WULF","TERAWULF INC.","NASDAQ",NA,"lab.Unmapped","2026-10-02T17:06:46Z","sec-exchange",FALSE
"HNGE","Hinge Health, Inc.","NYSE",NA,"lab.Unmapped","2026-10-02T17:06:46Z","sec-exchange",FALSE
"APLD","Applied Digital Corp.","NASDAQ",NA,"lab.Unmapped","2026-10-02T17:06:46Z","sec-exchange",FALSE
"LEVI","LEVI STRAUSS & CO","NYSE",NA,"lab.Unmapped","2026-10-02T17:06:46Z","sec-exchange",FALSE
"STN","STANTEC INC","NYSE",NA,"lab.Unmapped","2026-10-02T17:06:46Z","sec-exchange",FALSE
"THG","HANOVER INSURANCE GROUP, INC.","NYSE",NA,"lab.Unmapped","2026-10-02T17:06:46Z","sec-exchange",FALSE
"CBC","Central Bancompany, Inc.","NASDAQ",NA,"lab.Unmapped","2026-10-02T17:06:46Z","sec-exchange",FALSE
"EMN","EASTMAN CHEMICAL CO","NYSE",NA,"lab.Unmapped","2026-10-02T17:06:46Z","sec-exchange",FALSE
"IDA","IDACORP INC","NYSE",NA,"lab.Unmapped","2026-10-02T17:06:46Z","sec-exchange",FALSE
"SYRE","Spyre Therapeutics, Inc.","NASDAQ",NA,"lab.Unmapped","2026-10-02T17:06:46Z","sec-exchange",FALSE
"SFD","SMITHFIELD FOODS INC","NASDAQ",NA,"lab.Unmapped","2026-10-02T17:06:46Z","sec-exchange",FALSE
"PCOR","PROCORE TECHNOLOGIES, INC.","NYSE",NA,"lab.Unmapped","2026-10-02T17:06:46Z","sec-exchange",FALSE
"VFS","VinFast Auto Ltd.","NASDAQ",NA,"lab.Unmapped","2026-10-02T17:06:46Z","sec-exchange",FALSE
"SLAB","SILICON LABORATORIES INC.","NASDAQ",NA,"lab.Unmapped","2026-10-02T17:06:46Z","sec-exchange",FALSE
"CHWY","Chewy, Inc.","NYSE",NA,"lab.Unmapped","2026-10-02T17:06:46Z","sec-exchange",FALSE
"VIST","Vista Energy, S.A.B. de C.V.","NYSE",NA,"lab.Unmapped","2026-10-02T17:06:46Z","sec-exchange",TRUE
"SBSW","Sibanye Stillwater Ltd","NYSE",NA,"lab.Unmapped","2026-10-02T17:06:46Z","sec-exchange",FALSE
"CEF","Sprott Physical Gold & Silver Trust","NYSE",NA,"lab.Unmapped","2026-10-02T17:06:46Z","sec-exchange",FALSE
"KNSL","Kinsale Capital Group, Inc.","NYSE",NA,"lab.Unmapped","2026-10-02T17:06:46Z","sec-exchange",FALSE
"CHRD","Chord Energy Corp","NASDAQ",NA,"lab.Unmapped","2026-10-02T17:06:46Z","sec-exchange",FALSE
"NFG","NATIONAL FUEL GAS CO","NYSE",NA,"lab.Unmapped","2026-10-02T17:06:46Z","sec-exchange",FALSE
"AVAV","AeroVironment Inc","NASDAQ",NA,"lab.Unmapped","2026-10-02T17:06:46Z","sec-exchange",FALSE
"STAG","STAG Industrial, Inc.","NYSE",NA,"lab.Unmapped","2026-10-02T17:06:46Z","sec-exchange",FALSE
"TRNO","Terreno Realty Corp","NYSE",NA,"lab.Unmapped","2026-10-02T17:06:46Z","sec-exchange",FALSE
"ZETA","Zeta Global Holdings Corp.","NYSE",NA,"lab.Unmapped","2026-10-02T17:06:46Z","sec-exchange",FALSE
"CWEN","Clearway Energy, Inc.","NYSE",NA,"lab.Unmapped","2026-10-02T17:06:46Z","sec-exchange",FALSE
"ACA","Arcosa, Inc.","NYSE",NA,"lab.Unmapped","2026-10-02T17:06:46Z","sec-exchange",FALSE
"HQY","HEALTHEQUITY, INC.","NASDAQ",NA,"lab.Unmapped","2026-10-02T17:06:46Z","sec-exchange",FALSE
"SARO","StandardAero, Inc.","NYSE",NA,"lab.Unmapped","2026-10-02T17:06:46Z","sec-exchange",FALSE
"VSXY","Victoria's Secret & Co.","NYSE",NA,"lab.Unmapped","2026-10-02T17:06:46Z","sec-exchange",FALSE
"CAMT","CAMTEK LTD","NASDAQ",NA,"lab.Unmapped","2026-10-02T17:06:46Z","sec-exchange",FALSE
"MOS","MOSAIC CO","NYSE",NA,"mat.Chemicals","2026-10-02T17:06:46Z","sec-exchange",FALSE
"SSD","Simpson Manufacturing Co., Inc.","NYSE",NA,"lab.Unmapped","2026-10-02T17:06:46Z","sec-exchange",FALSE
"BTG","B2GOLD CORP","NYSE",NA,"lab.Unmapped","2026-10-02T17:06:46Z","sec-exchange",FALSE
"PLXS","PLEXUS CORP","NASDAQ",NA,"lab.Unmapped","2026-10-02T17:06:46Z","sec-exchange",FALSE
"MAAS","Maase Inc.","NASDAQ",NA,"lab.Unmapped","2026-10-02T17:06:46Z","sec-exchange",FALSE
"AMRX","Amneal Pharmaceuticals, Inc.","NASDAQ",NA,"lab.Unmapped","2026-10-02T17:06:46Z","sec-exchange",FALSE
"NTSK","Netskope Inc","NASDAQ",NA,"lab.Unmapped","2026-10-02T17:06:46Z","sec-exchange",FALSE
"FSS","FEDERAL SIGNAL CORP /DE/","NYSE",NA,"lab.Unmapped","2026-10-02T17:06:46Z","sec-exchange",TRUE
"AAON","AAON, INC.","NASDAQ",NA,"lab.Unmapped","2026-10-02T17:06:46Z","sec-exchange",FALSE
"PRMB","Primo Brands Corp","NYSE",NA,"lab.Unmapped","2026-10-02T17:06:46Z","sec-exchange",FALSE
"DBX","DROPBOX, INC.","NASDAQ",NA,"lab.Unmapped","2026-10-02T17:06:46Z","sec-exchange",FALSE
"AXTA","Axalta Coating Systems Ltd.","NYSE",NA,"lab.Unmapped","2026-10-02T17:06:46Z","sec-exchange",FALSE
"VLY","VALLEY NATIONAL BANCORP","NASDAQ",NA,"lab.Unmapped","2026-10-02T17:06:46Z","sec-exchange",FALSE
"CELH","Celsius Holdings, Inc.","NASDAQ",NA,"lab.Unmapped","2026-10-02T17:06:46Z","sec-exchange",FALSE
"MSA","MSA Safety Inc","NYSE",NA,"lab.Unmapped","2026-10-02T17:06:46Z","sec-exchange",FALSE
"KEX","KIRBY CORP","NYSE",NA,"lab.Unmapped","2026-10-02T17:06:46Z","sec-exchange",FALSE
"MORN","Morningstar, Inc.","NASDAQ",NA,"lab.Unmapped","2026-10-02T17:06:46Z","sec-exchange",FALSE
"CIFR","Cipher Digital Inc.","NASDAQ",NA,"lab.Unmapped","2026-10-02T17:06:46Z","sec-exchange",FALSE
"COMP","Compass, Inc.","NYSE",NA,"lab.Unmapped","2026-10-02T17:06:46Z","sec-exchange",FALSE
"SSRM","SSR MINING INC.","NASDAQ",NA,"lab.Unmapped","2026-10-02T17:06:46Z","sec-exchange",FALSE
"AWI","ARMSTRONG WORLD INDUSTRIES INC","NYSE",NA,"lab.Unmapped","2026-10-02T17:06:46Z","sec-exchange",FALSE
"SOBO","South Bow Corp","NYSE",NA,"lab.Unmapped","2026-10-02T17:06:46Z","sec-exchange",FALSE
"OKLO","Oklo Inc.","NYSE",NA,"lab.Unmapped","2026-10-02T17:06:46Z","sec-exchange",FALSE
"AXS","AXIS CAPITAL HOLDINGS LTD","NYSE",NA,"lab.Unmapped","2026-10-02T17:06:46Z","sec-exchange",FALSE
"SEI","Solaris Energy Infrastructure, Inc.","NYSE",NA,"lab.Unmapped","2026-10-02T17:06:46Z","sec-exchange",FALSE
"ESE","ESCO TECHNOLOGIES INC","NYSE",NA,"lab.Unmapped","2026-10-02T17:06:46Z","sec-exchange",FALSE
"POWL","POWELL INDUSTRIES INC","NASDAQ",NA,"lab.Unmapped","2026-10-02T17:06:46Z","sec-exchange",FALSE
"NCLH","Norwegian Cruise Line Holdings Ltd.","NYSE",NA,"hosp.Hotels_Travel","2026-10-02T17:06:46Z","sec-exchange",FALSE
"ALKS","Alkermes plc.","NASDAQ",NA,"lab.Unmapped","2026-10-02T17:06:46Z","sec-exchange",TRUE
"IMVT","Immunovant, Inc.","NASDAQ",NA,"lab.Unmapped","2026-10-02T17:06:46Z","sec-exchange",FALSE
"APPF","APPFOLIO INC","NASDAQ",NA,"lab.Unmapped","2026-10-02T17:06:46Z","sec-exchange",FALSE
"ALGM","ALLEGRO MICROSYSTEMS, INC.","NASDAQ",NA,"lab.Unmapped","2026-10-02T17:06:46Z","sec-exchange",FALSE
"MATX","Matson, Inc.","NYSE",NA,"lab.Unmapped","2026-10-02T17:06:46Z","sec-exchange",FALSE
"NOV","NOV Inc.","NYSE",NA,"lab.Unmapped","2026-10-02T17:06:46Z","sec-exchange",FALSE
"VCTR","Victory Capital Holdings, Inc.","NASDAQ",NA,"lab.Unmapped","2026-10-02T17:06:46Z","sec-exchange",FALSE
"BLTE","BELITE BIO, INC","NASDAQ",NA,"lab.Unmapped","2026-10-02T17:06:46Z","sec-exchange",FALSE
"GTES","Gates Industrial Corp Ltd.","NYSE",NA,"lab.Unmapped","2026-10-02T17:06:46Z","sec-exchange",FALSE
"IOVA","IOVANCE BIOTHERAPEUTICS, INC.","NASDAQ",NA,"lab.Unmapped","2026-10-02T17:06:46Z","sec-exchange",FALSE
"FLR","FLUOR CORP","NYSE",NA,"lab.Unmapped","2026-10-02T17:06:46Z","sec-exchange",FALSE
"VNO","VORNADO REALTY TRUST","NYSE",NA,"lab.Unmapped","2026-10-02T17:06:46Z","sec-exchange",FALSE
"DSGX","DESCARTES SYSTEMS GROUP INC","NASDAQ",NA,"lab.Unmapped","2026-10-02T17:06:46Z","sec-exchange",FALSE
"GLBE","Global-E Online Ltd.","NASDAQ",NA,"lab.Unmapped","2026-10-02T17:06:46Z","sec-exchange",FALSE
"PDI","PIMCO Dynamic Income Fund","NYSE",NA,"lab.Unmapped","2026-10-02T17:06:46Z","sec-exchange",FALSE
"CAG","CONAGRA BRANDS INC.","NYSE",NA,"lab.Unmapped","2026-10-02T17:06:46Z","sec-exchange",FALSE
"MAC","MACERICH CO","NYSE",NA,"lab.Unmapped","2026-10-02T17:06:46Z","sec-exchange",FALSE
"TAP","MOLSON COORS BEVERAGE CO","NYSE",NA,"fmcg.Food_Beverages","2026-10-02T17:06:46Z","sec-exchange",FALSE
"AUGO","Aura Minerals Inc.","NASDAQ",NA,"lab.Unmapped","2026-10-02T17:06:46Z","sec-exchange",FALSE
"NE","Noble Corp plc","NYSE",NA,"lab.Unmapped","2026-10-02T17:06:46Z","sec-exchange",TRUE
"CHE","CHEMED CORP","NYSE",NA,"lab.Unmapped","2026-10-02T17:06:46Z","sec-exchange",FALSE
"HIMS","Hims & Hers Health, Inc.","NYSE",NA,"lab.Unmapped","2026-10-02T17:06:46Z","sec-exchange",FALSE
"BROS","Dutch Bros Inc.","NYSE",NA,"lab.Unmapped","2026-10-02T17:06:46Z","sec-exchange",FALSE
"RYTM","RHYTHM PHARMACEUTICALS, INC.","NASDAQ",NA,"lab.Unmapped","2026-10-02T17:06:46Z","sec-exchange",FALSE
"DUOL","Duolingo, Inc.","NASDAQ",NA,"lab.Unmapped","2026-10-02T17:06:46Z","sec-exchange",FALSE
"FIGR","Figure Technology Solutions, Inc.","NASDAQ",NA,"lab.Unmapped","2026-10-02T17:06:46Z","sec-exchange",FALSE
"PPC","PILGRIMS PRIDE CORP","NASDAQ",NA,"lab.Unmapped","2026-10-02T17:06:46Z","sec-exchange",FALSE
"PACS","PACS Group, Inc.","NYSE",NA,"lab.Unmapped","2026-10-02T17:06:46Z","sec-exchange",FALSE
"ENS","EnerSys","NYSE",NA,"lab.Unmapped","2026-10-02T17:06:46Z","sec-exchange",FALSE
"TAL","TAL Education Group","NYSE",NA,"bus.Professional_Services","2026-10-02T17:06:46Z","sec-exchange",TRUE
"LNTH","Lantheus Holdings, Inc.","NASDAQ",NA,"lab.Unmapped","2026-10-02T17:06:46Z","sec-exchange",FALSE
"FAF","First American Financial Corp","NYSE",NA,"lab.Unmapped","2026-10-02T17:06:46Z","sec-exchange",FALSE
"URBN","URBAN OUTFITTERS INC","NASDAQ",NA,"lab.Unmapped","2026-10-02T17:06:46Z","sec-exchange",FALSE
"NPO","Enpro Inc.","NYSE",NA,"lab.Unmapped","2026-10-02T17:06:46Z","sec-exchange",FALSE
"LAD","LITHIA MOTORS INC","NYSE",NA,"lab.Unmapped","2026-10-02T17:06:46Z","sec-exchange",FALSE
"OMF","OneMain Holdings, Inc.","NYSE",NA,"lab.Unmapped","2026-10-02T17:06:46Z","sec-exchange",FALSE
"MBLY","Mobileye Global Inc.","NASDAQ",NA,"lab.Unmapped","2026-10-02T17:06:46Z","sec-exchange",FALSE
"OR","OR Royalties Inc.","NYSE",NA,"lab.Unmapped","2026-10-02T17:06:46Z","sec-exchange",FALSE
"TXNM","TXNM ENERGY INC","NYSE",NA,"lab.Unmapped","2026-10-02T17:06:46Z","sec-exchange",FALSE
"MGY","Magnolia Oil & Gas Corp","NYSE",NA,"lab.Unmapped","2026-10-02T17:06:46Z","sec-exchange",FALSE
"TFPM","Triple Flag Precious Metals Corp.","NYSE",NA,"lab.Unmapped","2026-10-02T17:06:46Z","sec-exchange",FALSE
"ETSY","ETSY INC","NYSE",NA,"lab.Unmapped","2026-10-02T17:06:46Z","sec-exchange",FALSE
"ACT","Enact Holdings, Inc.","NASDAQ",NA,"lab.Unmapped","2026-10-02T17:06:46Z","sec-exchange",FALSE
"TBBB","BBB FOODS INC","NYSE",NA,"lab.Unmapped","2026-10-02T17:06:46Z","sec-exchange",FALSE
"CLF","CLEVELAND-CLIFFS INC.","NYSE",NA,"lab.Unmapped","2026-10-02T17:06:46Z","sec-exchange",FALSE
"PATH","UiPath, Inc.","NYSE","Sector: Technology | Industry: Software - Infrastructure","saas.SaaS_Cloud","2026-10-02T17:06:46Z","sec-exchange",FALSE
"HXL","HEXCEL CORP /DE/","NYSE",NA,"lab.Unmapped","2026-10-02T17:06:46Z","sec-exchange",TRUE
"LQDA","Liquidia Corp","NASDAQ",NA,"lab.Unmapped","2026-10-02T17:06:46Z","sec-exchange",FALSE
"ZG","ZILLOW GROUP, INC.","NASDAQ",NA,"lab.Unmapped","2026-10-02T17:06:46Z","sec-exchange",FALSE
"GDS","GDS Holdings Ltd","NASDAQ",NA,"saas.SaaS_Cloud","2026-10-02T17:06:46Z","sec-exchange",TRUE
"UBSI","UNITED BANKSHARES INC/WV","NASDAQ",NA,"lab.Unmapped","2026-10-02T17:06:46Z","sec-exchange",FALSE
"QBTS","D-Wave Quantum Inc.","NASDAQ",NA,"lab.Unmapped","2026-10-02T17:06:46Z","sec-exchange",FALSE
"MTDR","Matador Resources Co","NYSE",NA,"lab.Unmapped","2026-10-02T17:06:46Z","sec-exchange",FALSE
"GATX","GATX CORP","NYSE",NA,"lab.Unmapped","2026-10-02T17:06:46Z","sec-exchange",FALSE
"LB","LandBridge Co LLC","NYSE",NA,"lab.Unmapped","2026-10-02T17:06:46Z","sec-exchange",FALSE
"GGAL","GRUPO FINANCIERO GALICIA SA","NASDAQ",NA,"lab.Unmapped","2026-10-02T17:06:46Z","sec-exchange",TRUE
"NICE","NICE Ltd.","NASDAQ",NA,"lab.Unmapped","2026-10-02T17:06:46Z","sec-exchange",FALSE
"BZ","Kanzhun Ltd","NASDAQ",NA,"saas.SaaS_Cloud","2026-10-02T17:06:46Z","sec-exchange",TRUE
"HR","Healthcare Realty Trust Inc","NYSE",NA,"lab.Unmapped","2026-10-02T17:06:46Z","sec-exchange",FALSE
"CGON","CG Oncology, Inc.","NASDAQ",NA,"lab.Unmapped","2026-10-02T17:06:46Z","sec-exchange",FALSE
"INGM","Ingram Micro Holding Corp","NYSE",NA,"lab.Unmapped","2026-10-02T17:06:46Z","sec-exchange",FALSE
"BLDR","Builders FirstSource, Inc.","NYSE",NA,"ind.Construction","2026-10-02T17:06:46Z","sec-exchange",FALSE
"PJT","PJT Partners Inc.","NYSE",NA,"lab.Unmapped","2026-10-02T17:06:46Z","sec-exchange",FALSE
"DPC","DPC Holdings PLC","NYSE",NA,"lab.Unmapped","2026-10-02T17:06:46Z","sec-exchange",TRUE
"OGC","OceanaGold Corp","NYSE",NA,"lab.Unmapped","2026-10-02T17:06:46Z","sec-exchange",FALSE
"CAVA","CAVA GROUP, INC.","NYSE",NA,"lab.Unmapped","2026-10-02T17:06:46Z","sec-exchange",FALSE
"LGND","LIGAND PHARMACEUTICALS INC","NASDAQ",NA,"lab.Unmapped","2026-10-02T17:06:46Z","sec-exchange",FALSE
"FNB","FNB CORP/PA/","NYSE",NA,"lab.Unmapped","2026-10-02T17:06:46Z","sec-exchange",FALSE
"TEX","TEREX CORP","NYSE",NA,"lab.Unmapped","2026-10-02T17:06:46Z","sec-exchange",FALSE
"BLCO","Bausch & Lomb Corp","NYSE",NA,"lab.Unmapped","2026-10-02T17:06:46Z","sec-exchange",FALSE
"BILI","Bilibili Inc.","NASDAQ",NA,"media.Entertainment","2026-10-02T17:06:46Z","sec-exchange",TRUE
"QLYS","QUALYS, INC.","NASDAQ",NA,"lab.Unmapped","2026-10-02T17:06:46Z","sec-exchange",FALSE
"M","Macy's, Inc.","NYSE",NA,"lab.Unmapped","2026-10-02T17:06:46Z","sec-exchange",FALSE
"GRAL","GRAIL, Inc.","NASDAQ",NA,"lab.Unmapped","2026-10-02T17:06:46Z","sec-exchange",FALSE
"INGR","Ingredion Inc","NYSE",NA,"lab.Unmapped","2026-10-02T17:06:46Z","sec-exchange",FALSE
"NXE","NexGen Energy Ltd.","NYSE",NA,"lab.Unmapped","2026-10-02T17:06:46Z","sec-exchange",FALSE
"IFS","Intercorp Financial Services Inc.","NYSE",NA,"lab.Unmapped","2026-10-02T17:06:46Z","sec-exchange",FALSE
"CVLT","COMMVAULT SYSTEMS INC","NASDAQ",NA,"lab.Unmapped","2026-10-02T17:06:46Z","sec-exchange",FALSE
"PAGP","PLAINS GP HOLDINGS LP","NASDAQ",NA,"lab.Unmapped","2026-10-02T17:06:46Z","sec-exchange",FALSE
"ST","Sensata Technologies Holding plc","NYSE",NA,"lab.Unmapped","2026-10-02T17:06:46Z","sec-exchange",TRUE
"RNG","RingCentral, Inc.","NYSE",NA,"lab.Unmapped","2026-10-02T17:06:46Z","sec-exchange",FALSE
"XMTR","Xometry, Inc.","NASDAQ",NA,"lab.Unmapped","2026-10-02T17:06:46Z","sec-exchange",FALSE
"CZR","Caesars Entertainment, Inc.","NASDAQ",NA,"lab.Unmapped","2026-10-02T17:06:46Z","sec-exchange",FALSE
"CRUS","CIRRUS LOGIC, INC.","NASDAQ",NA,"lab.Unmapped","2026-10-02T17:06:46Z","sec-exchange",FALSE
"JOBY","Joby Aviation, Inc.","NYSE",NA,"lab.Unmapped","2026-10-02T17:06:46Z","sec-exchange",FALSE
"CPB","CAMPBELL'S Co","NASDAQ",NA,"lab.Unmapped","2026-10-02T17:06:46Z","sec-exchange",FALSE
"ELF","e.l.f. Beauty, Inc.","NYSE",NA,"lab.Unmapped","2026-10-02T17:06:46Z","sec-exchange",FALSE
"TTAN","ServiceTitan, Inc.","NASDAQ",NA,"lab.Unmapped","2026-10-02T17:06:46Z","sec-exchange",FALSE
"ECG","Everus Construction Group, Inc.","NYSE",NA,"lab.Unmapped","2026-10-02T17:06:46Z","sec-exchange",FALSE
"DOX","AMDOCS LTD","NASDAQ",NA,"lab.Unmapped","2026-10-02T17:06:46Z","sec-exchange",FALSE
"SFM","Sprouts Farmers Market, Inc.","NASDAQ",NA,"lab.Unmapped","2026-10-02T17:06:46Z","sec-exchange",FALSE
"SWX","Southwest Gas Holdings, Inc.","NYSE",NA,"lab.Unmapped","2026-10-02T17:06:46Z","sec-exchange",FALSE
"PL","Planet Labs PBC","NYSE",NA,"lab.Unmapped","2026-10-02T17:06:46Z","sec-exchange",FALSE
"VIPS","Vipshop Holdings Ltd","NYSE",NA,"ecr.Ecommerce_Retail","2026-10-02T17:06:46Z","sec-exchange",TRUE
"POOL","POOL CORP","NASDAQ",NA,"lab.Unmapped","2026-10-02T17:06:46Z","sec-exchange",FALSE
"LW","Lamb Weston Holdings, Inc.","NYSE",NA,"lab.Unmapped","2026-10-02T17:06:46Z","sec-exchange",FALSE
"KNSA","Kiniksa Pharmaceuticals International, plc","NASDAQ",NA,"lab.Unmapped","2026-10-02T17:06:46Z","sec-exchange",TRUE
"WEX","WEX Inc.","NYSE",NA,"lab.Unmapped","2026-10-02T17:06:46Z","sec-exchange",FALSE
"ENIC","Enel Chile S.A.","NYSE",NA,"lab.Unmapped","2026-10-02T17:06:46Z","sec-exchange",TRUE
"LOAR","Loar Holdings Inc.","NYSE",NA,"lab.Unmapped","2026-10-02T17:06:46Z","sec-exchange",FALSE
"TTD","Trade Desk, Inc.","NASDAQ",NA,"media.Advertising","2026-10-02T17:06:46Z","sec-exchange",FALSE
"XE","X-Energy, Inc.","NASDAQ",NA,"lab.Unmapped","2026-10-02T17:06:46Z","sec-exchange",FALSE
"CIG","ENERGY CO OF MINAS GERAIS","NYSE",NA,"lab.Unmapped","2026-10-02T17:06:46Z","sec-exchange",FALSE
"SGHC","Super Group (SGHC) Ltd","NYSE",NA,"lab.Unmapped","2026-10-02T17:06:46Z","sec-exchange",FALSE
"CROX","Crocs, Inc.","NASDAQ",NA,"lab.Unmapped","2026-10-02T17:06:46Z","sec-exchange",FALSE
"LKQ","LKQ CORP","NASDAQ",NA,"lab.Unmapped","2026-10-02T17:06:46Z","sec-exchange",FALSE
"AVAL","Grupo Aval Acciones Y Valores S.A.","NYSE",NA,"lab.Unmapped","2026-10-02T17:06:46Z","sec-exchange",TRUE
"RIG","Transocean Ltd.","NYSE",NA,"lab.Unmapped","2026-10-02T17:06:46Z","sec-exchange",FALSE
"HLNE","Hamilton Lane INC","NASDAQ",NA,"lab.Unmapped","2026-10-02T17:06:46Z","sec-exchange",FALSE
"SRRK","Scholar Rock Holding Corp","NASDAQ",NA,"lab.Unmapped","2026-10-02T17:06:46Z","sec-exchange",FALSE
"STVN","Stevanato Group S.p.A.","NYSE",NA,"lab.Unmapped","2026-10-02T17:06:46Z","sec-exchange",TRUE
"WFRD","Weatherford International plc","NASDAQ",NA,"lab.Unmapped","2026-10-02T17:06:46Z","sec-exchange",TRUE
"MKTX","MARKETAXESS HOLDINGS INC","NASDAQ",NA,"lab.Unmapped","2026-10-02T17:06:46Z","sec-exchange",FALSE
"HWC","HANCOCK WHITNEY CORP","NASDAQ",NA,"lab.Unmapped","2026-10-02T17:06:46Z","sec-exchange",FALSE
"MTG","MGIC INVESTMENT CORP","NYSE",NA,"lab.Unmapped","2026-10-02T17:06:46Z","sec-exchange",FALSE
"JBTM","JBT MAREL Corp","NYSE",NA,"lab.Unmapped","2026-10-02T17:06:46Z","sec-exchange",FALSE
"BXSL","Blackstone Secured Lending Fund","NYSE",NA,"lab.Unmapped","2026-10-02T17:06:46Z","sec-exchange",FALSE
"LYFT","Lyft, Inc.","NASDAQ",NA,"lab.Unmapped","2026-10-02T17:06:46Z","sec-exchange",FALSE
"KOD","Kodiak Sciences Inc.","NASDAQ",NA,"lab.Unmapped","2026-10-02T17:06:46Z","sec-exchange",FALSE
"LUMN","Lumen Technologies, Inc.","NYSE",NA,"lab.Unmapped","2026-10-02T17:06:46Z","sec-exchange",FALSE
"GBCI","GLACIER BANCORP, INC.","NYSE",NA,"lab.Unmapped","2026-10-02T17:06:46Z","sec-exchange",FALSE
"MIRM","Mirum Pharmaceuticals, Inc.","NASDAQ",NA,"lab.Unmapped","2026-10-02T17:06:46Z","sec-exchange",FALSE
"HOMB","HOME BANCSHARES INC","NYSE",NA,"lab.Unmapped","2026-10-02T17:06:46Z","sec-exchange",FALSE
"EPRT","ESSENTIAL PROPERTIES REALTY TRUST, INC.","NYSE",NA,"lab.Unmapped","2026-10-02T17:06:46Z","sec-exchange",FALSE
"LSTR","LANDSTAR SYSTEM INC","NASDAQ",NA,"lab.Unmapped","2026-10-02T17:06:46Z","sec-exchange",FALSE
"VFC","V F CORP","NYSE",NA,"lab.Unmapped","2026-10-02T17:06:46Z","sec-exchange",FALSE
"BLLN","BillionToOne, Inc.","NASDAQ",NA,"lab.Unmapped","2026-10-02T17:06:46Z","sec-exchange",FALSE
"ANF","ABERCROMBIE & FITCH CO /DE/","NYSE",NA,"lab.Unmapped","2026-10-02T17:06:46Z","sec-exchange",TRUE
"ESNT","Essent Group Ltd.","NYSE",NA,"lab.Unmapped","2026-10-02T17:06:46Z","sec-exchange",TRUE
"MBGL","Mobility Global Inc.","NYSE",NA,"lab.Unmapped","2026-10-02T17:06:46Z","sec-exchange",FALSE
"YOU","Clear Secure, Inc.","NYSE",NA,"lab.Unmapped","2026-10-02T17:06:46Z","sec-exchange",FALSE
"FSV","FirstService Corp","NASDAQ",NA,"lab.Unmapped","2026-10-02T17:06:46Z","sec-exchange",FALSE
"ACI","Albertsons Companies, Inc.","NYSE",NA,"lab.Unmapped","2026-10-02T17:06:46Z","sec-exchange",FALSE
"TVTX","Travere Therapeutics, Inc.","NASDAQ",NA,"lab.Unmapped","2026-10-02T17:06:46Z","sec-exchange",FALSE
"ORA","ORMAT TECHNOLOGIES, INC.","NYSE",NA,"lab.Unmapped","2026-10-02T17:06:46Z","sec-exchange",FALSE
"MTRN","MATERION Corp","NYSE",NA,"lab.Unmapped","2026-10-02T17:06:46Z","sec-exchange",FALSE
"MMED","MiniMed Group, Inc.","NASDAQ",NA,"lab.Unmapped","2026-10-02T17:06:46Z","sec-exchange",FALSE
"STEP","StepStone Group Inc.","NASDAQ",NA,"lab.Unmapped","2026-10-02T17:06:46Z","sec-exchange",FALSE
"RYN","RAYONIER INC","NYSE",NA,"lab.Unmapped","2026-10-02T17:06:46Z","sec-exchange",FALSE
"WFG","WEST FRASER TIMBER CO., LTD","NYSE",NA,"lab.Unmapped","2026-10-02T17:06:46Z","sec-exchange",FALSE
"SNDR","Schneider National, Inc.","NYSE",NA,"lab.Unmapped","2026-10-02T17:06:46Z","sec-exchange",FALSE
"EPAM","EPAM Systems, Inc.","NYSE",NA,"lab.Unmapped","2026-10-02T17:06:46Z","sec-exchange",FALSE
"CACC","CREDIT ACCEPTANCE CORP","NASDAQ",NA,"lab.Unmapped","2026-10-02T17:06:46Z","sec-exchange",FALSE
"RDNT","RadNet, Inc.","NASDAQ",NA,"lab.Unmapped","2026-10-02T17:06:46Z","sec-exchange",FALSE
"COGT","Cogent Biosciences, Inc.","NASDAQ",NA,"lab.Unmapped","2026-10-02T17:06:46Z","sec-exchange",FALSE
"CMBT","CMB.TECH NV","NYSE",NA,"lab.Unmapped","2026-10-02T17:06:46Z","sec-exchange",TRUE
"SXT","SENSIENT TECHNOLOGIES CORP","NYSE",NA,"lab.Unmapped","2026-10-02T17:06:46Z","sec-exchange",FALSE
"BIRK","Birkenstock Holding plc","NYSE",NA,"lab.Unmapped","2026-10-02T17:06:46Z","sec-exchange",TRUE
"VAL","Valaris Ltd","NYSE",NA,"lab.Unmapped","2026-10-02T17:06:46Z","sec-exchange",FALSE
"INSW","International Seaways, Inc.","NYSE",NA,"lab.Unmapped","2026-10-02T17:06:46Z","sec-exchange",FALSE
"AUB","Atlantic Union Bankshares Corp","NYSE",NA,"lab.Unmapped","2026-10-02T17:06:46Z","sec-exchange",FALSE
"STWD","STARWOOD PROPERTY TRUST, INC.","NYSE",NA,"lab.Unmapped","2026-10-02T17:06:46Z","sec-exchange",FALSE
"WPP","WPP plc","NYSE",NA,"lab.Unmapped","2026-10-02T17:06:46Z","sec-exchange",TRUE
"BLSH","Bullish","NYSE",NA,"lab.Unmapped","2026-10-02T17:06:46Z","sec-exchange",FALSE
"CRSP","CRISPR Therapeutics AG","NASDAQ",NA,"lab.Unmapped","2026-10-02T17:06:46Z","sec-exchange",TRUE
"ASB","ASSOCIATED BANC-CORP","NYSE",NA,"lab.Unmapped","2026-10-02T17:06:46Z","sec-exchange",FALSE
"CPA","Copa Holdings, S.A.","NYSE",NA,"lab.Unmapped","2026-10-02T17:06:46Z","sec-exchange",TRUE
"ORKA","Oruka Therapeutics, Inc.","NASDAQ",NA,"lab.Unmapped","2026-10-02T17:06:46Z","sec-exchange",FALSE
"PI","IMPINJ INC","NASDAQ",NA,"lab.Unmapped","2026-10-02T17:06:46Z","sec-exchange",FALSE
"ABCB","Ameris Bancorp","NYSE",NA,"lab.Unmapped","2026-10-02T17:06:46Z","sec-exchange",FALSE
"G","Genpact LTD","NYSE",NA,"lab.Unmapped","2026-10-02T17:06:46Z","sec-exchange",FALSE
"PTCT","PTC THERAPEUTICS, INC.","NASDAQ",NA,"lab.Unmapped","2026-10-02T17:06:46Z","sec-exchange",FALSE
"DLB","Dolby Laboratories, Inc.","NYSE",NA,"lab.Unmapped","2026-10-02T17:06:46Z","sec-exchange",FALSE
"WH","WYNDHAM HOTELS & RESORTS, INC.","NYSE",NA,"lab.Unmapped","2026-10-02T17:06:46Z","sec-exchange",FALSE
"BETA","BETA Technologies, Inc.","NYSE",NA,"lab.Unmapped","2026-10-02T17:06:46Z","sec-exchange",FALSE
"RUSHA","RUSH ENTERPRISES INC \TX\","NASDAQ",NA,"lab.Unmapped","2026-10-02T17:06:46Z","sec-exchange",FALSE
"OTEX","OPEN TEXT CORP","NASDAQ",NA,"lab.Unmapped","2026-10-02T17:06:46Z","sec-exchange",FALSE
"BGC","BGC Group, Inc.","NASDAQ",NA,"lab.Unmapped","2026-10-02T17:06:46Z","sec-exchange",FALSE
"PEGA","PEGASYSTEMS INC","NASDAQ",NA,"lab.Unmapped","2026-10-02T17:06:46Z","sec-exchange",FALSE
"AGX","ARGAN INC","NYSE",NA,"lab.Unmapped","2026-10-02T17:06:46Z","sec-exchange",FALSE
"OBDC","Blue Owl Capital Corp","NYSE",NA,"lab.Unmapped","2026-10-02T17:06:46Z","sec-exchange",FALSE
"NAVN","Navan, Inc.","NASDAQ",NA,"lab.Unmapped","2026-10-02T17:06:46Z","sec-exchange",FALSE
"SAIC","Science Applications International Corp","NASDAQ",NA,"lab.Unmapped","2026-10-02T17:06:46Z","sec-exchange",FALSE
"NOVT","NOVANTA INC","NASDAQ",NA,"lab.Unmapped","2026-10-02T17:06:46Z","sec-exchange",FALSE
"EXP","EAGLE MATERIALS INC","NYSE",NA,"lab.Unmapped","2026-10-02T17:06:46Z","sec-exchange",FALSE
"CHDN","Churchill Downs Inc","NASDAQ",NA,"lab.Unmapped","2026-10-02T17:06:46Z","sec-exchange",FALSE
"VRNS","VARONIS SYSTEMS INC","NASDAQ",NA,"lab.Unmapped","2026-10-02T17:06:46Z","sec-exchange",FALSE
"BKH","BLACK HILLS CORP /SD/","NYSE",NA,"lab.Unmapped","2026-10-02T17:06:46Z","sec-exchange",FALSE
"RGTI","Rigetti Computing, Inc.","NASDAQ",NA,"lab.Unmapped","2026-10-02T17:06:46Z","sec-exchange",FALSE
"CORZ","Core Scientific, Inc./tx","NASDAQ",NA,"lab.Unmapped","2026-10-02T17:06:46Z","sec-exchange",FALSE
"PECO","Phillips Edison & Company, Inc.","NASDAQ",NA,"lab.Unmapped","2026-10-02T17:06:46Z","sec-exchange",FALSE
"BCPC","BALCHEM CORP","NASDAQ",NA,"lab.Unmapped","2026-10-02T17:06:46Z","sec-exchange",FALSE
"CAKE","CHEESECAKE FACTORY INC","NASDAQ",NA,"lab.Unmapped","2026-10-02T17:06:46Z","sec-exchange",FALSE
"SHC","Sotera Health Co","NASDAQ",NA,"lab.Unmapped","2026-10-02T17:06:46Z","sec-exchange",FALSE
"LAUR","LAUREATE EDUCATION, INC.","NASDAQ",NA,"lab.Unmapped","2026-10-02T17:06:46Z","sec-exchange",FALSE
"TFX","TELEFLEX INC","NYSE",NA,"lab.Unmapped","2026-10-02T17:06:46Z","sec-exchange",FALSE
"PSMT","PRICESMART INC","NASDAQ",NA,"lab.Unmapped","2026-10-02T17:06:46Z","sec-exchange",FALSE
"AROC","Archrock, Inc.","NYSE",NA,"lab.Unmapped","2026-10-02T17:06:46Z","sec-exchange",FALSE
"USAR","USA Rare Earth, Inc.","NASDAQ",NA,"lab.Unmapped","2026-10-02T17:06:46Z","sec-exchange",FALSE
"ROAD","Construction Partners, Inc.","NASDAQ",NA,"lab.Unmapped","2026-10-02T17:06:46Z","sec-exchange",FALSE
"ACMR","ACM Research, Inc.","NASDAQ",NA,"lab.Unmapped","2026-10-02T17:06:46Z","sec-exchange",FALSE
"MAIN","Main Street Capital CORP","NYSE",NA,"lab.Unmapped","2026-10-02T17:06:46Z","sec-exchange",FALSE
"EXLS","ExlService Holdings, Inc.","NASDAQ",NA,"lab.Unmapped","2026-10-02T17:06:46Z","sec-exchange",FALSE
"POR","PORTLAND GENERAL ELECTRIC CO /OR/","NYSE",NA,"lab.Unmapped","2026-10-02T17:06:46Z","sec-exchange",FALSE
"BBUC","Brookfield Business Corp","NYSE",NA,"lab.Unmapped","2026-10-02T17:06:46Z","sec-exchange",FALSE
"BEPC","Brookfield Renewable Corp","NYSE",NA,"lab.Unmapped","2026-10-02T17:06:46Z","sec-exchange",FALSE
"AN","AUTONATION, INC.","NYSE",NA,"lab.Unmapped","2026-10-02T17:06:46Z","sec-exchange",FALSE
"AXTI","AXT INC","NASDAQ",NA,"lab.Unmapped","2026-10-02T17:06:46Z","sec-exchange",FALSE
"RLI","RLI CORP","NYSE",NA,"lab.Unmapped","2026-10-02T17:06:46Z","sec-exchange",FALSE
"KGS","Kodiak Gas Services, Inc.","NYSE",NA,"lab.Unmapped","2026-10-02T17:06:46Z","sec-exchange",FALSE
"MMSI","MERIT MEDICAL SYSTEMS INC","NASDAQ",NA,"lab.Unmapped","2026-10-02T17:06:46Z","sec-exchange",FALSE
"HAFN","Hafnia Ltd","NYSE",NA,"lab.Unmapped","2026-10-02T17:06:46Z","sec-exchange",FALSE
"NIQ","NIQ Global Intelligence plc","NYSE",NA,"lab.Unmapped","2026-10-02T17:06:46Z","sec-exchange",TRUE
"DFTX","Definium Therapeutics, Inc.","NASDAQ",NA,"lab.Unmapped","2026-10-02T17:06:46Z","sec-exchange",FALSE
"IBP","Installed Building Products, Inc.","NYSE",NA,"lab.Unmapped","2026-10-02T17:06:46Z","sec-exchange",FALSE
"VEON","VEON Ltd.","NASDAQ",NA,"lab.Unmapped","2026-10-02T17:06:46Z","sec-exchange",FALSE
"NJR","NEW JERSEY RESOURCES CORP","NYSE",NA,"lab.Unmapped","2026-10-02T17:06:46Z","sec-exchange",FALSE
"MUR","MURPHY OIL CORP","NYSE",NA,"lab.Unmapped","2026-10-02T17:06:46Z","sec-exchange",FALSE
"OLLI","Ollie's Bargain Outlet Holdings, Inc.","NASDAQ",NA,"lab.Unmapped","2026-10-02T17:06:46Z","sec-exchange",FALSE
"CVI","CVR ENERGY INC","NYSE",NA,"lab.Unmapped","2026-10-02T17:06:46Z","sec-exchange",FALSE
"GVA","GRANITE CONSTRUCTION INC","NYSE",NA,"lab.Unmapped","2026-10-02T17:06:46Z","sec-exchange",FALSE
"GXO","GXO Logistics, Inc.","NYSE",NA,"lab.Unmapped","2026-10-02T17:06:46Z","sec-exchange",FALSE
"BB","BLACKBERRY Ltd","NYSE",NA,"lab.Unmapped","2026-10-02T17:06:46Z","sec-exchange",FALSE
"IRDM","Iridium Communications Inc.","NASDAQ",NA,"lab.Unmapped","2026-10-02T17:06:46Z","sec-exchange",FALSE
"CWST","CASELLA WASTE SYSTEMS INC","NASDAQ",NA,"lab.Unmapped","2026-10-02T17:06:46Z","sec-exchange",FALSE
"CRGY","Crescent Energy Co","NYSE",NA,"lab.Unmapped","2026-10-02T17:06:46Z","sec-exchange",FALSE
"RITM","Rithm Capital Corp.","NYSE",NA,"lab.Unmapped","2026-10-02T17:06:46Z","sec-exchange",FALSE
"KRG","KITE REALTY GROUP TRUST","NYSE",NA,"lab.Unmapped","2026-10-02T17:06:46Z","sec-exchange",FALSE
"OZK","Bank OZK","NASDAQ",NA,"lab.Unmapped","2026-10-02T17:06:46Z","sec-exchange",FALSE
"SBRA","Sabra Health Care REIT, Inc.","NASDAQ",NA,"lab.Unmapped","2026-10-02T17:06:46Z","sec-exchange",FALSE
"RRR","Red Rock Resorts, Inc.","NASDAQ",NA,"lab.Unmapped","2026-10-02T17:06:46Z","sec-exchange",FALSE
"ERAS","Erasca, Inc.","NASDAQ",NA,"lab.Unmapped","2026-10-02T17:06:46Z","sec-exchange",FALSE
"SIGI","SELECTIVE INSURANCE GROUP INC","NASDAQ",NA,"lab.Unmapped","2026-10-02T17:06:46Z","sec-exchange",FALSE
"OCTV","Octave Intelligence plc","NASDAQ",NA,"lab.Unmapped","2026-10-02T17:06:46Z","sec-exchange",TRUE
"FTDR","Frontdoor, Inc.","NASDAQ",NA,"lab.Unmapped","2026-10-02T17:06:46Z","sec-exchange",FALSE
"FND","Floor & Decor Holdings, Inc.","NYSE",NA,"lab.Unmapped","2026-10-02T17:06:46Z","sec-exchange",FALSE
"NXST","NEXSTAR MEDIA GROUP, INC.","NASDAQ",NA,"lab.Unmapped","2026-10-02T17:06:46Z","sec-exchange",FALSE
"MRCY","MERCURY SYSTEMS INC","NASDAQ",NA,"lab.Unmapped","2026-10-02T17:06:46Z","sec-exchange",FALSE
"VSH","VISHAY INTERTECHNOLOGY INC","NYSE",NA,"lab.Unmapped","2026-10-02T17:06:46Z","sec-exchange",FALSE
"GRFS","Grifols SA","NASDAQ",NA,"lab.Unmapped","2026-10-02T17:06:46Z","sec-exchange",TRUE
"HRB","H&R BLOCK INC","NYSE",NA,"lab.Unmapped","2026-10-02T17:06:46Z","sec-exchange",FALSE
"MTN","VAIL RESORTS INC","NYSE",NA,"lab.Unmapped","2026-10-02T17:06:46Z","sec-exchange",FALSE
"GLNG","GOLAR LNG LTD","NASDAQ",NA,"lab.Unmapped","2026-10-02T17:06:46Z","sec-exchange",FALSE
"FLG","FLAGSTAR BANK, NATIONAL ASSOCIATION","NYSE",NA,"lab.Unmapped","2026-10-02T17:06:46Z","sec-exchange",FALSE
"ACIW","ACI WORLDWIDE, INC.","NASDAQ",NA,"lab.Unmapped","2026-10-02T17:06:46Z","sec-exchange",FALSE
"AX","Axos Financial, Inc.","NYSE",NA,"lab.Unmapped","2026-10-02T17:06:46Z","sec-exchange",FALSE
"CE","Celanese Corp","NYSE",NA,"lab.Unmapped","2026-10-02T17:06:46Z","sec-exchange",FALSE
"KLIC","KULICKE & SOFFA INDUSTRIES INC","NASDAQ",NA,"lab.Unmapped","2026-10-02T17:06:46Z","sec-exchange",FALSE
"OUT","OUTFRONT Media Inc.","NYSE",NA,"lab.Unmapped","2026-10-02T17:06:46Z","sec-exchange",FALSE
"BYD","BOYD GAMING CORP","NYSE",NA,"lab.Unmapped","2026-10-02T17:06:46Z","sec-exchange",FALSE
"CNO","CNO Financial Group, Inc.","NYSE",NA,"lab.Unmapped","2026-10-02T17:06:46Z","sec-exchange",FALSE
"MWH","SOLV Energy, Inc.","NASDAQ",NA,"lab.Unmapped","2026-10-02T17:06:46Z","sec-exchange",FALSE
"MANE","Veradermics, Inc","NYSE",NA,"lab.Unmapped","2026-10-02T17:06:46Z","sec-exchange",FALSE
"SON","SONOCO PRODUCTS CO","NYSE",NA,"lab.Unmapped","2026-10-02T17:06:46Z","sec-exchange",FALSE
"MDA","MDA Space Ltd.","NYSE",NA,"lab.Unmapped","2026-10-02T17:06:46Z","sec-exchange",FALSE
"RSI","Rush Street Interactive, Inc.","NYSE",NA,"lab.Unmapped","2026-10-02T17:06:46Z","sec-exchange",FALSE
"SPHR","Sphere Entertainment Co.","NYSE",NA,"lab.Unmapped","2026-10-02T17:06:46Z","sec-exchange",FALSE
"GTX","Garrett Motion Inc.","NASDAQ",NA,"lab.Unmapped","2026-10-02T17:06:46Z","sec-exchange",FALSE
"IEP","ICAHN ENTERPRISES L.P.","NASDAQ",NA,"lab.Unmapped","2026-10-02T17:06:46Z","sec-exchange",FALSE
"GOLF","Acushnet Holdings Corp.","NYSE",NA,"lab.Unmapped","2026-10-02T17:06:46Z","sec-exchange",FALSE
"VSEC","VSE CORP","NASDAQ",NA,"lab.Unmapped","2026-10-02T17:06:46Z","sec-exchange",FALSE
"DNTH","Dianthus Therapeutics, Inc. /DE/","NASDAQ",NA,"lab.Unmapped","2026-10-02T17:06:46Z","sec-exchange",TRUE
"WTM","WHITE MOUNTAINS INSURANCE GROUP LTD","NYSE",NA,"lab.Unmapped","2026-10-02T17:06:46Z","sec-exchange",TRUE
"WAY","Waystar Holding Corp.","NASDAQ",NA,"lab.Unmapped","2026-10-02T17:06:46Z","sec-exchange",FALSE
"ABCL","AbCellera Biologics Inc.","NASDAQ",NA,"lab.Unmapped","2026-10-02T17:06:46Z","sec-exchange",FALSE
"GHC","Graham Holdings Co","NYSE",NA,"lab.Unmapped","2026-10-02T17:06:46Z","sec-exchange",FALSE
"MIDD","MIDDLEBY Corp","NASDAQ",NA,"lab.Unmapped","2026-10-02T17:06:46Z","sec-exchange",FALSE
"CSW","CSW INDUSTRIALS, INC.","NYSE",NA,"lab.Unmapped","2026-10-02T17:06:46Z","sec-exchange",FALSE
"CHH","CHOICE HOTELS INTERNATIONAL INC /DE","NYSE",NA,"lab.Unmapped","2026-10-02T17:06:46Z","sec-exchange",TRUE
"EBC","Eastern Bankshares, Inc.","NASDAQ",NA,"lab.Unmapped","2026-10-02T17:06:46Z","sec-exchange",FALSE
"HAE","HAEMONETICS CORP","NYSE",NA,"lab.Unmapped","2026-10-02T17:06:46Z","sec-exchange",FALSE
"DOCS","Doximity, Inc.","NYSE",NA,"lab.Unmapped","2026-10-02T17:06:46Z","sec-exchange",FALSE
"OMAB","Central North Airport Group","NASDAQ",NA,"lab.Unmapped","2026-10-02T17:06:46Z","sec-exchange",FALSE
"MARA","MARA Holdings, Inc.","NASDAQ",NA,"lab.Unmapped","2026-10-02T17:06:46Z","sec-exchange",FALSE
"KLAR","Klarna Group plc","NYSE",NA,"lab.Unmapped","2026-10-02T17:06:46Z","sec-exchange",TRUE
"SKY","Champion Homes, Inc.","NYSE",NA,"lab.Unmapped","2026-10-02T17:06:46Z","sec-exchange",FALSE
"CLMT","Calumet, Inc. /DE","NASDAQ",NA,"lab.Unmapped","2026-10-02T17:06:46Z","sec-exchange",TRUE
"OTF","Blue Owl Technology Finance Corp.","NYSE",NA,"lab.Unmapped","2026-10-02T17:06:46Z","sec-exchange",FALSE
"PIPR","PIPER SANDLER COMPANIES","NYSE",NA,"lab.Unmapped","2026-10-02T17:06:46Z","sec-exchange",FALSE
"VIRT","Virtu Financial, Inc.","NYSE",NA,"lab.Unmapped","2026-10-02T17:06:46Z","sec-exchange",FALSE
"HCC","WARRIOR MET COAL, INC.","NYSE",NA,"lab.Unmapped","2026-10-02T17:06:46Z","sec-exchange",FALSE
"GNTX","GENTEX CORP","NASDAQ",NA,"lab.Unmapped","2026-10-02T17:06:46Z","sec-exchange",FALSE
"HGTY","Hagerty, Inc.","NYSE",NA,"lab.Unmapped","2026-10-02T17:06:46Z","sec-exchange",FALSE
"REYN","Reynolds Consumer Products Inc.","NASDAQ",NA,"lab.Unmapped","2026-10-02T17:06:46Z","sec-exchange",FALSE
"MEOH","METHANEX CORP","NASDAQ",NA,"lab.Unmapped","2026-10-02T17:06:46Z","sec-exchange",FALSE
"CNX","CNX Resources Corp","NYSE",NA,"lab.Unmapped","2026-10-02T17:06:46Z","sec-exchange",FALSE
"CIGI","Colliers International Group Inc.","NASDAQ",NA,"lab.Unmapped","2026-10-02T17:06:46Z","sec-exchange",FALSE
"ADPT","Adaptive Biotechnologies Corp","NASDAQ",NA,"lab.Unmapped","2026-10-02T17:06:46Z","sec-exchange",FALSE
"LPX","LOUISIANA-PACIFIC CORP","NYSE",NA,"lab.Unmapped","2026-10-02T17:06:46Z","sec-exchange",FALSE
"GEF","GREIF, INC","NYSE",NA,"lab.Unmapped","2026-10-02T17:06:46Z","sec-exchange",FALSE
"UEC","URANIUM ENERGY CORP","NYSE",NA,"lab.Unmapped","2026-10-02T17:06:46Z","sec-exchange",FALSE
"UNF","UNIFIRST CORP","NYSE",NA,"lab.Unmapped","2026-10-02T17:06:46Z","sec-exchange",FALSE
"CUZ","COUSINS PROPERTIES INC","NYSE",NA,"lab.Unmapped","2026-10-02T17:06:46Z","sec-exchange",FALSE
"HASI","HA Sustainable Infrastructure Capital, Inc.","NYSE",NA,"lab.Unmapped","2026-10-02T17:06:46Z","sec-exchange",FALSE
"ATAT","Atour Lifestyle Holdings Ltd","NASDAQ",NA,"lab.Unmapped","2026-10-02T17:06:46Z","sec-exchange",FALSE
"TFSL","TFS Financial CORP","NASDAQ",NA,"lab.Unmapped","2026-10-02T17:06:46Z","sec-exchange",FALSE
"NSIT","INSIGHT ENTERPRISES INC","NASDAQ",NA,"lab.Unmapped","2026-10-02T17:06:46Z","sec-exchange",FALSE
"CHEF","Chefs' Warehouse, Inc.","NASDAQ",NA,"lab.Unmapped","2026-10-02T17:06:46Z","sec-exchange",FALSE
"KVYO","Klaviyo, Inc.","NYSE",NA,"lab.Unmapped","2026-10-02T17:06:46Z","sec-exchange",FALSE
"SR","SPIRE INC","NYSE",NA,"lab.Unmapped","2026-10-02T17:06:46Z","sec-exchange",FALSE
"FBIN","Fortune Brands Innovations, Inc.","NYSE",NA,"lab.Unmapped","2026-10-02T17:06:46Z","sec-exchange",FALSE
"FFIN","FIRST FINANCIAL BANKSHARES INC","NASDAQ",NA,"lab.Unmapped","2026-10-02T17:06:46Z","sec-exchange",FALSE
"EQPT","EquipmentShare.com Inc","NASDAQ",NA,"lab.Unmapped","2026-10-02T17:06:46Z","sec-exchange",FALSE
"CRC","California Resources Corp","NYSE",NA,"lab.Unmapped","2026-10-02T17:06:46Z","sec-exchange",FALSE
"OGS","ONE Gas, Inc.","NYSE",NA,"lab.Unmapped","2026-10-02T17:06:46Z","sec-exchange",FALSE
"RELY","Remitly Global, Inc.","NASDAQ",NA,"lab.Unmapped","2026-10-02T17:06:46Z","sec-exchange",FALSE
"VSNT","Versant Media Group, Inc.","NASDAQ",NA,"lab.Unmapped","2026-10-02T17:06:46Z","sec-exchange",FALSE
"CON","Concentra Group Holdings Parent, Inc.","NYSE",NA,"lab.Unmapped","2026-10-02T17:06:46Z","sec-exchange",FALSE
"LFST","LifeStance Health Group, Inc.","NASDAQ",NA,"lab.Unmapped","2026-10-02T17:06:46Z","sec-exchange",FALSE
"DIOD","DIODES INC /DEL/","NASDAQ",NA,"lab.Unmapped","2026-10-02T17:06:46Z","sec-exchange",FALSE
"ADT","ADT Inc.","NYSE",NA,"lab.Unmapped","2026-10-02T17:06:46Z","sec-exchange",FALSE
"ALK","ALASKA AIR GROUP, INC.","NYSE",NA,"lab.Unmapped","2026-10-02T17:06:46Z","sec-exchange",FALSE
"PRM","Perimeter Solutions, Inc.","NYSE",NA,"lab.Unmapped","2026-10-02T17:06:46Z","sec-exchange",FALSE
"NNI","NELNET INC","NYSE",NA,"lab.Unmapped","2026-10-02T17:06:46Z","sec-exchange",FALSE
"TREX","TREX CO INC","NYSE",NA,"lab.Unmapped","2026-10-02T17:06:46Z","sec-exchange",FALSE
"MYRG","MYR GROUP INC.","NASDAQ",NA,"lab.Unmapped","2026-10-02T17:06:46Z","sec-exchange",FALSE
"BOX","BOX INC","NYSE",NA,"lab.Unmapped","2026-10-02T17:06:46Z","sec-exchange",FALSE
"CNK","Cinemark Holdings, Inc.","NYSE",NA,"lab.Unmapped","2026-10-02T17:06:46Z","sec-exchange",FALSE
"SIM","GRUPO SIMEC, S.A.B. de C.V.","NYSE",NA,"lab.Unmapped","2026-10-02T17:06:46Z","sec-exchange",TRUE
"TKC","TURKCELL ILETISIM HIZMETLERI A S","NYSE",NA,"lab.Unmapped","2026-10-02T17:06:46Z","sec-exchange",FALSE
"TPC","TUTOR PERINI CORP","NYSE",NA,"lab.Unmapped","2026-10-02T17:06:46Z","sec-exchange",FALSE
"WHD","Cactus, Inc.","NYSE",NA,"lab.Unmapped","2026-10-02T17:06:46Z","sec-exchange",FALSE
"HHH","Howard Hughes Holdings Inc.","NYSE",NA,"lab.Unmapped","2026-10-02T17:06:46Z","sec-exchange",FALSE
"PSN","PARSONS CORP","NYSE",NA,"lab.Unmapped","2026-10-02T17:06:46Z","sec-exchange",FALSE
"MRP","Millrose Properties, Inc.","NYSE",NA,"lab.Unmapped","2026-10-02T17:06:46Z","sec-exchange",FALSE
"SFBS","ServisFirst Bancshares, Inc.","NYSE",NA,"lab.Unmapped","2026-10-02T17:06:46Z","sec-exchange",FALSE
"MMYT","MakeMyTrip Ltd","NASDAQ",NA,"lab.Unmapped","2026-10-02T17:06:46Z","sec-exchange",FALSE
"AMTM","Amentum Holdings, Inc.","NYSE",NA,"lab.Unmapped","2026-10-02T17:06:46Z","sec-exchange",FALSE
"OII","OCEANEERING INTERNATIONAL INC","NYSE",NA,"lab.Unmapped","2026-10-02T17:06:46Z","sec-exchange",FALSE
"ONDS","Ondas Inc.","NASDAQ",NA,"lab.Unmapped","2026-10-02T17:06:46Z","sec-exchange",FALSE
"EPR","EPR PROPERTIES","NYSE",NA,"lab.Unmapped","2026-10-02T17:06:46Z","sec-exchange",FALSE
"BIPC","Brookfield Infrastructure Corp","NYSE",NA,"lab.Unmapped","2026-10-02T17:06:46Z","sec-exchange",FALSE
"ALH","Alliance Laundry Holdings Inc.","NYSE",NA,"lab.Unmapped","2026-10-02T17:06:46Z","sec-exchange",FALSE
"KRMN","Karman Holdings Inc.","NYSE",NA,"lab.Unmapped","2026-10-02T17:06:46Z","sec-exchange",FALSE
"GFF","GRIFFON CORP","NYSE",NA,"lab.Unmapped","2026-10-02T17:06:46Z","sec-exchange",FALSE
"UFPI","UFP INDUSTRIES INC","NASDAQ",NA,"lab.Unmapped","2026-10-02T17:06:46Z","sec-exchange",FALSE
"KBR","KBR, INC.","NYSE",NA,"lab.Unmapped","2026-10-02T17:06:46Z","sec-exchange",FALSE
"FULT","FULTON FINANCIAL CORP","NASDAQ",NA,"lab.Unmapped","2026-10-02T17:06:46Z","sec-exchange",FALSE
"AIR","AAR CORP","NYSE",NA,"lab.Unmapped","2026-10-02T17:06:46Z","sec-exchange",FALSE
"BDC","BELDEN INC.","NYSE",NA,"lab.Unmapped","2026-10-02T17:06:46Z","sec-exchange",FALSE
"HTFL","Heartflow, Inc.","NASDAQ",NA,"lab.Unmapped","2026-10-02T17:06:46Z","sec-exchange",FALSE
"CGAU","Centerra Gold Inc.","NYSE",NA,"lab.Unmapped","2026-10-02T17:06:46Z","sec-exchange",FALSE
"ITGR","Integer Holdings Corp","NYSE",NA,"lab.Unmapped","2026-10-02T17:06:46Z","sec-exchange",FALSE
"INDV","Indivior Pharmaceuticals, Inc.","NASDAQ",NA,"lab.Unmapped","2026-10-02T17:06:46Z","sec-exchange",FALSE
"CNR","Core Natural Resources, Inc.","NYSE",NA,"lab.Unmapped","2026-10-02T17:06:46Z","sec-exchange",FALSE
"RDN","RADIAN GROUP INC","NYSE",NA,"lab.Unmapped","2026-10-02T17:06:46Z","sec-exchange",FALSE
"SLM","SLM Corp","NASDAQ",NA,"lab.Unmapped","2026-10-02T17:06:46Z","sec-exchange",FALSE
"ARX","Accelerant Holdings","NYSE",NA,"lab.Unmapped","2026-10-02T17:06:46Z","sec-exchange",FALSE
"FHI","FEDERATED HERMES, INC.","NYSE",NA,"lab.Unmapped","2026-10-02T17:06:46Z","sec-exchange",FALSE
"IBOC","INTERNATIONAL BANCSHARES CORP","NASDAQ",NA,"lab.Unmapped","2026-10-02T17:06:46Z","sec-exchange",FALSE
"XXI","Twenty One Capital, Inc.","NYSE",NA,"lab.Unmapped","2026-10-02T17:06:46Z","sec-exchange",FALSE
"MC","Moelis & Co","NYSE",NA,"lab.Unmapped","2026-10-02T17:06:46Z","sec-exchange",FALSE
"HRI","HERC HOLDINGS INC","NYSE",NA,"lab.Unmapped","2026-10-02T17:06:46Z","sec-exchange",FALSE
"FELE","FRANKLIN ELECTRIC CO INC","NASDAQ",NA,"lab.Unmapped","2026-10-02T17:06:46Z","sec-exchange",FALSE
"CVCO","CAVCO INDUSTRIES, INC.","NASDAQ",NA,"lab.Unmapped","2026-10-02T17:06:46Z","sec-exchange",FALSE
"CAAP","CORPORACION AMERICA AIRPORTS S.A.","NYSE",NA,"lab.Unmapped","2026-10-02T17:06:46Z","sec-exchange",TRUE
"EWTX","Edgewise Therapeutics, Inc.","NASDAQ",NA,"lab.Unmapped","2026-10-02T17:06:46Z","sec-exchange",FALSE
"BCO","BRINKS CO","NYSE",NA,"lab.Unmapped","2026-10-02T17:06:46Z","sec-exchange",FALSE
"ESAB","ESAB Corp","NYSE",NA,"lab.Unmapped","2026-10-02T17:06:46Z","sec-exchange",FALSE
"BC","BRUNSWICK CORP","NYSE",NA,"lab.Unmapped","2026-10-02T17:06:46Z","sec-exchange",FALSE
"BMA","Macro Bank Inc.","NYSE",NA,"lab.Unmapped","2026-10-02T17:06:46Z","sec-exchange",FALSE
"LIVN","LivaNova PLC","NASDAQ",NA,"lab.Unmapped","2026-10-02T17:06:46Z","sec-exchange",TRUE
"DK","Delek US Holdings, Inc.","NYSE",NA,"lab.Unmapped","2026-10-02T17:06:46Z","sec-exchange",FALSE
"OPLN","OPENLANE, Inc.","NYSE",NA,"lab.Unmapped","2026-10-02T17:06:46Z","sec-exchange",FALSE
"VNT","Vontier Corp","NYSE",NA,"lab.Unmapped","2026-10-02T17:06:46Z","sec-exchange",FALSE
"COLD","AMERICOLD REALTY TRUST","NYSE",NA,"lab.Unmapped","2026-10-02T17:06:46Z","sec-exchange",FALSE
"NWE","NorthWestern Energy Group, Inc.","NASDAQ",NA,"lab.Unmapped","2026-10-02T17:06:46Z","sec-exchange",FALSE
"STNG","Scorpio Tankers Inc.","NYSE",NA,"lab.Unmapped","2026-10-02T17:06:46Z","sec-exchange",FALSE
"ENVA","Enova International, Inc.","NYSE",NA,"lab.Unmapped","2026-10-02T17:06:46Z","sec-exchange",FALSE
"MTH","Meritage Homes CORP","NYSE",NA,"lab.Unmapped","2026-10-02T17:06:46Z","sec-exchange",FALSE
"SKT","TANGER INC.","NYSE",NA,"lab.Unmapped","2026-10-02T17:06:46Z","sec-exchange",FALSE
"CECO","CECO ENVIRONMENTAL CORP","NASDAQ",NA,"lab.Unmapped","2026-10-02T17:06:46Z","sec-exchange",FALSE
"ENPH","Enphase Energy, Inc.","NASDAQ",NA,"en.Renewables","2026-10-02T17:06:46Z","sec-exchange",FALSE
"AKO-A","ANDINA BOTTLING CO INC","NYSE",NA,"lab.Unmapped","2026-10-02T17:06:46Z","sec-exchange",FALSE
"PRIM","Primoris Services Corp","NYSE",NA,"lab.Unmapped","2026-10-02T17:06:46Z","sec-exchange",FALSE
"DAVE","Dave Inc./DE","NASDAQ",NA,"lab.Unmapped","2026-10-02T17:06:46Z","sec-exchange",TRUE
"CVSA","Covista Inc.","NYSE",NA,"lab.Unmapped","2026-10-02T17:06:46Z","sec-exchange",FALSE
"TCBI","TEXAS CAPITAL BANCSHARES INC/TX","NASDAQ",NA,"lab.Unmapped","2026-10-02T17:06:46Z","sec-exchange",FALSE
"TNGX","Tango Therapeutics, Inc.","NASDAQ",NA,"lab.Unmapped","2026-10-02T17:06:46Z","sec-exchange",FALSE
"ICUI","ICU MEDICAL INC/DE","NASDAQ",NA,"lab.Unmapped","2026-10-02T17:06:46Z","sec-exchange",TRUE
"DOO","BRP Inc.","NASDAQ",NA,"lab.Unmapped","2026-10-02T17:06:46Z","sec-exchange",FALSE
"PAM","Pampa Energy Inc.","NYSE",NA,"lab.Unmapped","2026-10-02T17:06:46Z","sec-exchange",FALSE
"AZZ","AZZ INC","NYSE",NA,"lab.Unmapped","2026-10-02T17:06:46Z","sec-exchange",FALSE
"TDW","TIDEWATER INC","NYSE",NA,"lab.Unmapped","2026-10-02T17:06:46Z","sec-exchange",FALSE
"DLO","dLocal Ltd","NASDAQ",NA,"lab.Unmapped","2026-10-02T17:06:46Z","sec-exchange",FALSE
"GEO","GEO GROUP INC","NYSE",NA,"lab.Unmapped","2026-10-02T17:06:46Z","sec-exchange",FALSE
"CBT","CABOT CORP","NYSE",NA,"lab.Unmapped","2026-10-02T17:06:46Z","sec-exchange",FALSE
"UCB","UNITED COMMUNITY BANKS INC","NYSE",NA,"lab.Unmapped","2026-10-02T17:06:46Z","sec-exchange",FALSE
"FRVO","Fervo Energy Co","NASDAQ",NA,"lab.Unmapped","2026-10-02T17:06:46Z","sec-exchange",FALSE
"PTEN","PATTERSON UTI ENERGY INC","NASDAQ",NA,"lab.Unmapped","2026-10-02T17:06:46Z","sec-exchange",FALSE
"FBP","FIRST BANCORP /PR/","NYSE",NA,"lab.Unmapped","2026-10-02T17:06:46Z","sec-exchange",FALSE
"JMKE","Jersey Mike's Subs Inc.","NYSE",NA,"lab.Unmapped","2026-10-02T17:06:46Z","sec-exchange",FALSE
"CATY","CATHAY GENERAL BANCORP","NASDAQ",NA,"lab.Unmapped","2026-10-02T17:06:46Z","sec-exchange",FALSE
"BNL","Broadstone Net Lease, Inc.","NYSE",NA,"lab.Unmapped","2026-10-02T17:06:46Z","sec-exchange",FALSE
"RLAY","Relay Therapeutics, Inc.","NASDAQ",NA,"lab.Unmapped","2026-10-02T17:06:46Z","sec-exchange",FALSE
"SIG","SIGNET JEWELERS LTD","NYSE",NA,"lab.Unmapped","2026-10-02T17:06:46Z","sec-exchange",FALSE
"BRC","BRADY CORP","NYSE",NA,"lab.Unmapped","2026-10-02T17:06:46Z","sec-exchange",FALSE
"TDS","TELEPHONE & DATA SYSTEMS INC /DE/","NYSE",NA,"lab.Unmapped","2026-10-02T17:06:46Z","sec-exchange",TRUE
"PBLS","Parabilis Medicines, Inc.","NASDAQ",NA,"lab.Unmapped","2026-10-02T17:06:46Z","sec-exchange",FALSE
"KRC","KILROY REALTY CORP","NYSE",NA,"lab.Unmapped","2026-10-02T17:06:46Z","sec-exchange",FALSE
"SYNA","SYNAPTICS Inc","NASDAQ",NA,"lab.Unmapped","2026-10-02T17:06:46Z","sec-exchange",FALSE
"CDP","COPT DEFENSE PROPERTIES","NYSE",NA,"lab.Unmapped","2026-10-02T17:06:46Z","sec-exchange",FALSE
"FSLY","Fastly, Inc.","NASDAQ",NA,"lab.Unmapped","2026-10-02T17:06:46Z","sec-exchange",FALSE
"JOYY","JOYY Inc.","NASDAQ",NA,"lab.Unmapped","2026-10-02T17:06:46Z","sec-exchange",FALSE
"VKTX","Viking Therapeutics, Inc.","NASDAQ",NA,"lab.Unmapped","2026-10-02T17:06:46Z","sec-exchange",FALSE
"ACHR","Archer Aviation Inc.","NYSE",NA,"lab.Unmapped","2026-10-02T17:06:46Z","sec-exchange",FALSE
"TNL","Travel & Leisure Co.","NYSE",NA,"lab.Unmapped","2026-10-02T17:06:46Z","sec-exchange",FALSE
"SITE","SiteOne Landscape Supply, Inc.","NYSE",NA,"lab.Unmapped","2026-10-02T17:06:46Z","sec-exchange",FALSE
"ACLS","AXCELIS TECHNOLOGIES INC","NASDAQ",NA,"lab.Unmapped","2026-10-02T17:06:46Z","sec-exchange",FALSE
"AYA","Aya Gold & Silver Inc.","NASDAQ",NA,"lab.Unmapped","2026-10-02T17:06:46Z","sec-exchange",FALSE
"KFY","KORN FERRY","NYSE",NA,"lab.Unmapped","2026-10-02T17:06:46Z","sec-exchange",FALSE
"PARR","PAR PACIFIC HOLDINGS, INC.","NYSE",NA,"lab.Unmapped","2026-10-02T17:06:46Z","sec-exchange",FALSE
"WSFS","WSFS FINANCIAL CORP","NASDAQ",NA,"lab.Unmapped","2026-10-02T17:06:46Z","sec-exchange",FALSE
"MDU","MDU RESOURCES GROUP INC","NYSE",NA,"lab.Unmapped","2026-10-02T17:06:46Z","sec-exchange",FALSE
"SEB","SEABOARD CORP /DE/","NYSE",NA,"lab.Unmapped","2026-10-02T17:06:46Z","sec-exchange",TRUE
"RUM","RUM Group Inc.","NASDAQ",NA,"lab.Unmapped","2026-10-02T17:06:46Z","sec-exchange",FALSE
"MSGE","Madison Square Garden Entertainment Corp.","NYSE",NA,"lab.Unmapped","2026-10-02T17:06:46Z","sec-exchange",FALSE
"CVBF","CVB FINANCIAL CORP","NASDAQ",NA,"lab.Unmapped","2026-10-02T17:06:46Z","sec-exchange",FALSE
"AQN","ALGONQUIN POWER & UTILITIES CORP.","NYSE",NA,"lab.Unmapped","2026-10-02T17:06:46Z","sec-exchange",FALSE
"CCC","CCC Intelligent Solutions Holdings Inc.","NASDAQ",NA,"lab.Unmapped","2026-10-02T17:06:46Z","sec-exchange",FALSE
"SKYW","SKYWEST INC","NASDAQ",NA,"lab.Unmapped","2026-10-02T17:06:46Z","sec-exchange",FALSE
"BFH","BREAD FINANCIAL HOLDINGS, INC.","NYSE",NA,"lab.Unmapped","2026-10-02T17:06:46Z","sec-exchange",FALSE
"TGS","GAS TRANSPORTER OF THE SOUTH INC","NYSE",NA,"lab.Unmapped","2026-10-02T17:06:46Z","sec-exchange",FALSE
"FLY","Firefly Aerospace Inc.","NASDAQ",NA,"lab.Unmapped","2026-10-02T17:06:46Z","sec-exchange",FALSE
"ERO","Ero Copper Corp.","NYSE",NA,"lab.Unmapped","2026-10-02T17:06:46Z","sec-exchange",FALSE
"TLX","Telix Pharmaceuticals Ltd","NASDAQ",NA,"lab.Unmapped","2026-10-02T17:06:46Z","sec-exchange",FALSE
"LOPE","Grand Canyon Education, Inc.","NASDAQ",NA,"lab.Unmapped","2026-10-02T17:06:46Z","sec-exchange",FALSE
"APLE","Apple Hospitality REIT, Inc.","NYSE",NA,"lab.Unmapped","2026-10-02T17:06:46Z","sec-exchange",FALSE
"CAR","AVIS BUDGET GROUP, INC.","NASDAQ",NA,"lab.Unmapped","2026-10-02T17:06:46Z","sec-exchange",FALSE
"BULL","Webull Corp","NASDAQ",NA,"lab.Unmapped","2026-10-02T17:06:46Z","sec-exchange",FALSE
"ITRI","ITRON, INC.","NASDAQ",NA,"lab.Unmapped","2026-10-02T17:06:46Z","sec-exchange",FALSE
"TENB","Tenable Holdings, Inc.","NASDAQ",NA,"lab.Unmapped","2026-10-02T17:06:46Z","sec-exchange",FALSE
"BATRA","Atlanta Braves Holdings, Inc.","NASDAQ",NA,"lab.Unmapped","2026-10-02T17:06:46Z","sec-exchange",FALSE
"SUNC","SunocoCorp LLC","NYSE",NA,"lab.Unmapped","2026-10-02T17:06:46Z","sec-exchange",FALSE
"CELC","Celcuity Inc.","NASDAQ",NA,"lab.Unmapped","2026-10-02T17:06:46Z","sec-exchange",FALSE
"NP","Neptune Insurance Holdings Inc.","NYSE",NA,"lab.Unmapped","2026-10-02T17:06:46Z","sec-exchange",FALSE
"MAT","MATTEL INC /DE/","NASDAQ",NA,"lab.Unmapped","2026-10-02T17:06:46Z","sec-exchange",TRUE
"VVV","VALVOLINE INC","NYSE",NA,"lab.Unmapped","2026-10-02T17:06:46Z","sec-exchange",FALSE
"ALM","Almonty Industries Inc.","NASDAQ",NA,"lab.Unmapped","2026-10-02T17:06:46Z","sec-exchange",FALSE
"SKE","Skeena Resources Ltd","NYSE",NA,"lab.Unmapped","2026-10-02T17:06:46Z","sec-exchange",FALSE
"PAY","Paymentus Holdings, Inc.","NYSE",NA,"lab.Unmapped","2026-10-02T17:06:46Z","sec-exchange",FALSE
"SLG","SL GREEN REALTY CORP","NYSE",NA,"lab.Unmapped","2026-10-02T17:06:46Z","sec-exchange",FALSE
"BWLP","BW LPG Ltd","NYSE",NA,"lab.Unmapped","2026-10-02T17:06:46Z","sec-exchange",FALSE
"CNS","COHEN & STEERS, INC.","NYSE",NA,"lab.Unmapped","2026-10-02T17:06:46Z","sec-exchange",FALSE
"AVNT","AVIENT CORP","NYSE",NA,"lab.Unmapped","2026-10-02T17:06:46Z","sec-exchange",FALSE
"RHI","ROBERT HALF INC.","NYSE",NA,"lab.Unmapped","2026-10-02T17:06:46Z","sec-exchange",FALSE
"JOE","ST JOE Co","NYSE",NA,"lab.Unmapped","2026-10-02T17:06:46Z","sec-exchange",FALSE
"CRVL","CORVEL CORP","NASDAQ",NA,"lab.Unmapped","2026-10-02T17:06:46Z","sec-exchange",FALSE
"AMLX","Amylyx Pharmaceuticals, Inc.","NASDAQ",NA,"lab.Unmapped","2026-10-02T17:06:46Z","sec-exchange",FALSE
"TAC","TRANSALTA CORP","NYSE",NA,"lab.Unmapped","2026-10-02T17:06:46Z","sec-exchange",FALSE
"VCYT","VERACYTE, INC.","NASDAQ",NA,"lab.Unmapped","2026-10-02T17:06:46Z","sec-exchange",FALSE
"NVST","Envista Holdings Corp","NYSE",NA,"lab.Unmapped","2026-10-02T17:06:46Z","sec-exchange",FALSE
"OTTR","Otter Tail Corp","NASDAQ",NA,"lab.Unmapped","2026-10-02T17:06:46Z","sec-exchange",FALSE
"SLGN","SILGAN HOLDINGS INC","NYSE",NA,"lab.Unmapped","2026-10-02T17:06:46Z","sec-exchange",FALSE
"DNP","DNP SELECT INCOME FUND INC","NYSE",NA,"lab.Unmapped","2026-10-02T17:06:46Z","sec-exchange",FALSE
"TRMD","TORM plc","NASDAQ",NA,"lab.Unmapped","2026-10-02T17:06:46Z","sec-exchange",TRUE
"INDB","INDEPENDENT BANK CORP","NASDAQ",NA,"lab.Unmapped","2026-10-02T17:06:46Z","sec-exchange",FALSE
"IPAR","INTERPARFUMS INC","NASDAQ",NA,"lab.Unmapped","2026-10-02T17:06:46Z","sec-exchange",FALSE
"BOOT","Boot Barn Holdings, Inc.","NYSE",NA,"lab.Unmapped","2026-10-02T17:06:46Z","sec-exchange",FALSE
"LEGN","Legend Biotech Corp","NASDAQ",NA,"hc.Biotech","2026-10-02T17:06:46Z","sec-exchange",TRUE
"ARIS","Aris Mining Corp","NYSE",NA,"lab.Unmapped","2026-10-02T17:06:46Z","sec-exchange",FALSE
"MGNI","MAGNITE, INC.","NASDAQ",NA,"lab.Unmapped","2026-10-02T17:06:46Z","sec-exchange",FALSE
"IRTC","iRhythm Holdings, Inc.","NASDAQ",NA,"lab.Unmapped","2026-10-02T17:06:46Z","sec-exchange",FALSE
"UCTT","Ultra Clean Holdings, Inc.","NASDAQ",NA,"lab.Unmapped","2026-10-02T17:06:46Z","sec-exchange",FALSE
"IOND","Ionic Digital Inc.","NASDAQ",NA,"lab.Unmapped","2026-10-02T17:06:46Z","sec-exchange",FALSE
"DORM","Dorman Products, Inc.","NASDAQ",NA,"lab.Unmapped","2026-10-02T17:06:46Z","sec-exchange",FALSE
"IDYA","IDEAYA Biosciences, Inc.","NASDAQ",NA,"lab.Unmapped","2026-10-02T17:06:46Z","sec-exchange",FALSE
"CRK","COMSTOCK RESOURCES INC","NYSE",NA,"lab.Unmapped","2026-10-02T17:06:46Z","sec-exchange",FALSE
"SEZL","Sezzle Inc.","NASDAQ",NA,"lab.Unmapped","2026-10-02T17:06:46Z","sec-exchange",FALSE
"WT","WisdomTree, Inc.","NYSE",NA,"lab.Unmapped","2026-10-02T17:06:46Z","sec-exchange",FALSE
"EE","Excelerate Energy, Inc.","NYSE",NA,"lab.Unmapped","2026-10-02T17:06:46Z","sec-exchange",FALSE
"HP","Helmerich & Payne, Inc.","NYSE",NA,"lab.Unmapped","2026-10-02T17:06:46Z","sec-exchange",FALSE
"THO","THOR INDUSTRIES INC","NYSE",NA,"lab.Unmapped","2026-10-02T17:06:46Z","sec-exchange",FALSE
"DHT","DHT Holdings, Inc.","NYSE",NA,"lab.Unmapped","2026-10-02T17:06:46Z","sec-exchange",FALSE
"WSBC","WESBANCO INC","NASDAQ",NA,"lab.Unmapped","2026-10-02T17:06:46Z","sec-exchange",FALSE
"XENE","Xenon Pharmaceuticals Inc.","NASDAQ",NA,"lab.Unmapped","2026-10-02T17:06:46Z","sec-exchange",FALSE
"FCN","FTI CONSULTING, INC","NYSE",NA,"lab.Unmapped","2026-10-02T17:06:46Z","sec-exchange",FALSE
"USAC","USA Compression Partners, LP","NYSE",NA,"lab.Unmapped","2026-10-02T17:06:46Z","sec-exchange",FALSE
"VAC","MARRIOTT VACATIONS WORLDWIDE Corp","NYSE",NA,"lab.Unmapped","2026-10-02T17:06:46Z","sec-exchange",FALSE
"BMI","BADGER METER INC","NYSE",NA,"lab.Unmapped","2026-10-02T17:06:46Z","sec-exchange",FALSE
"OGN","Organon & Co.","NYSE",NA,"lab.Unmapped","2026-10-02T17:06:46Z","sec-exchange",FALSE
"ATMU","Atmus Filtration Technologies Inc.","NYSE",NA,"lab.Unmapped","2026-10-02T17:06:46Z","sec-exchange",FALSE
"RNST","RENASANT CORP","NYSE",NA,"lab.Unmapped","2026-10-02T17:06:46Z","sec-exchange",FALSE
"LXP","LXP Industrial Trust","NYSE",NA,"lab.Unmapped","2026-10-02T17:06:46Z","sec-exchange",FALSE
"TARS","Tarsus Pharmaceuticals, Inc.","NASDAQ",NA,"lab.Unmapped","2026-10-02T17:06:46Z","sec-exchange",FALSE
"PLSE","PULSE BIOSCIENCES, INC.","NASDAQ",NA,"lab.Unmapped","2026-10-02T17:06:46Z","sec-exchange",FALSE
"MANU","Manchester United plc","NYSE",NA,"lab.Unmapped","2026-10-02T17:06:46Z","sec-exchange",TRUE
"WK","WORKIVA INC","NYSE",NA,"lab.Unmapped","2026-10-02T17:06:46Z","sec-exchange",FALSE
"CENX","CENTURY ALUMINUM CO","NASDAQ",NA,"lab.Unmapped","2026-10-02T17:06:46Z","sec-exchange",FALSE
"IRT","INDEPENDENCE REALTY TRUST, INC.","NYSE",NA,"lab.Unmapped","2026-10-02T17:06:46Z","sec-exchange",FALSE
"MIR","Mirion Technologies, Inc.","NYSE",NA,"lab.Unmapped","2026-10-02T17:06:46Z","sec-exchange",FALSE
"BANF","BANCFIRST CORP /OK/","NASDAQ",NA,"lab.Unmapped","2026-10-02T17:06:46Z","sec-exchange",FALSE
"BILL","BILL Holdings, Inc.","NYSE","Sector: Technology | Industry: Software - Application","saas.SaaS_Cloud","2026-10-02T17:06:46Z","sec-exchange",FALSE
"KTB","Kontoor Brands, Inc.","NYSE",NA,"lab.Unmapped","2026-10-02T17:06:46Z","sec-exchange",FALSE
"PVH","PVH CORP. /DE/","NYSE",NA,"lab.Unmapped","2026-10-02T17:06:46Z","sec-exchange",TRUE
"OLED","UNIVERSAL DISPLAY CORP \PA\","NASDAQ",NA,"lab.Unmapped","2026-10-02T17:06:46Z","sec-exchange",FALSE
"ACAD","ACADIA PHARMACEUTICALS INC","NASDAQ",NA,"lab.Unmapped","2026-10-02T17:06:46Z","sec-exchange",FALSE
"LAZ","Lazard, Inc.","NYSE",NA,"lab.Unmapped","2026-10-02T17:06:46Z","sec-exchange",FALSE
"NHC","NATIONAL HEALTHCARE CORP","NYSE",NA,"lab.Unmapped","2026-10-02T17:06:46Z","sec-exchange",FALSE
"WBI","WaterBridge Infrastructure LLC","NYSE",NA,"lab.Unmapped","2026-10-02T17:06:46Z","sec-exchange",FALSE
"CLSK","CLEANSPARK, INC.","NASDAQ",NA,"lab.Unmapped","2026-10-02T17:06:46Z","sec-exchange",FALSE
"GNW","GENWORTH FINANCIAL INC","NYSE",NA,"lab.Unmapped","2026-10-02T17:06:46Z","sec-exchange",FALSE
"LMND","Lemonade, Inc.","NYSE",NA,"lab.Unmapped","2026-10-02T17:06:46Z","sec-exchange",FALSE
"SRAD","Sportradar Group AG","NASDAQ",NA,"lab.Unmapped","2026-10-02T17:06:46Z","sec-exchange",TRUE
"ZIM","ZIM Integrated Shipping Services Ltd.","NYSE",NA,"lab.Unmapped","2026-10-02T17:06:46Z","sec-exchange",FALSE
"MHO","M/I HOMES, INC.","NYSE",NA,"lab.Unmapped","2026-10-02T17:06:46Z","sec-exchange",FALSE
"FIBK","FIRST INTERSTATE BANCSYSTEM INC","NASDAQ",NA,"lab.Unmapped","2026-10-02T17:06:46Z","sec-exchange",FALSE
"QTWO","Q2 Holdings, Inc.","NYSE",NA,"lab.Unmapped","2026-10-02T17:06:46Z","sec-exchange",FALSE
"NIC","NICOLET BANKSHARES INC","NYSE",NA,"lab.Unmapped","2026-10-02T17:06:46Z","sec-exchange",FALSE
"ELVN","Enliven Therapeutics, Inc.","NASDAQ",NA,"lab.Unmapped","2026-10-02T17:06:46Z","sec-exchange",FALSE
"OPCH","Option Care Health, Inc.","NASDAQ",NA,"lab.Unmapped","2026-10-02T17:06:46Z","sec-exchange",FALSE
"ZGN","Ermenegildo Zegna N.V.","NYSE",NA,"lab.Unmapped","2026-10-02T17:06:46Z","sec-exchange",TRUE
"SBLK","Star Bulk Carriers Corp.","NASDAQ",NA,"lab.Unmapped","2026-10-02T17:06:46Z","sec-exchange",FALSE
"GPGI","GPGI, Inc.","NYSE",NA,"lab.Unmapped","2026-10-02T17:06:46Z","sec-exchange",FALSE
"RXO","RXO, Inc.","NYSE",NA,"lab.Unmapped","2026-10-02T17:06:46Z","sec-exchange",FALSE
"SXI","STANDEX INTERNATIONAL CORP/DE/","NYSE",NA,"lab.Unmapped","2026-10-02T17:06:46Z","sec-exchange",TRUE
"WRBY","Warby Parker Inc.","NYSE",NA,"lab.Unmapped","2026-10-02T17:06:46Z","sec-exchange",FALSE
"ARQT","Arcutis Biotherapeutics, Inc.","NASDAQ",NA,"lab.Unmapped","2026-10-02T17:06:46Z","sec-exchange",FALSE
"TNK","TEEKAY TANKERS LTD.","NYSE",NA,"lab.Unmapped","2026-10-02T17:06:46Z","sec-exchange",FALSE
"PTRN","Pattern Group Inc.","NASDAQ",NA,"lab.Unmapped","2026-10-02T17:06:46Z","sec-exchange",FALSE
"HNI","HNI CORP","NYSE",NA,"lab.Unmapped","2026-10-02T17:06:46Z","sec-exchange",FALSE
"NATL","NCR Atleos Corp","NYSE",NA,"lab.Unmapped","2026-10-02T17:06:46Z","sec-exchange",FALSE
"EROC","ERock, Inc.","NYSE",NA,"lab.Unmapped","2026-10-02T17:06:46Z","sec-exchange",FALSE
"FSM","FORTUNA MINING CORP.","NYSE",NA,"lab.Unmapped","2026-10-02T17:06:46Z","sec-exchange",FALSE
"MIAX","MIAMI INTERNATIONAL HOLDINGS, INC.","NYSE",NA,"lab.Unmapped","2026-10-02T17:06:46Z","sec-exchange",FALSE
"MWA","Mueller Water Products, Inc.","NYSE",NA,"lab.Unmapped","2026-10-02T17:06:46Z","sec-exchange",FALSE
"CSTM","CONSTELLIUM SE","NYSE",NA,"lab.Unmapped","2026-10-02T17:06:46Z","sec-exchange",TRUE
"DNLI","Denali Therapeutics Inc.","NASDAQ",NA,"lab.Unmapped","2026-10-02T17:06:46Z","sec-exchange",FALSE
"FFBC","FIRST FINANCIAL BANCORP /OH/","NASDAQ",NA,"lab.Unmapped","2026-10-02T17:06:46Z","sec-exchange",FALSE
"PFSI","PennyMac Financial Services, Inc.","NYSE",NA,"lab.Unmapped","2026-10-02T17:06:46Z","sec-exchange",FALSE
"IPGP","IPG PHOTONICS CORP","NASDAQ",NA,"lab.Unmapped","2026-10-02T17:06:46Z","sec-exchange",FALSE
"POST","Post Holdings, Inc.","NYSE",NA,"lab.Unmapped","2026-10-02T17:06:46Z","sec-exchange",FALSE
"AB","ALLIANCEBERNSTEIN HOLDING L.P.","NYSE",NA,"lab.Unmapped","2026-10-02T17:06:46Z","sec-exchange",FALSE
"SHOO","STEVEN MADDEN, LTD.","NASDAQ",NA,"lab.Unmapped","2026-10-02T17:06:46Z","sec-exchange",FALSE
"LIF","Life360, Inc.","NASDAQ",NA,"lab.Unmapped","2026-10-02T17:06:46Z","sec-exchange",FALSE
"LION","Lionsgate Studios Corp.","NYSE",NA,"lab.Unmapped","2026-10-02T17:06:46Z","sec-exchange",FALSE
"MCHB","Mechanics Bancorp","NASDAQ",NA,"lab.Unmapped","2026-10-02T17:06:46Z","sec-exchange",FALSE
"CDNA","CareDx, Inc.","NASDAQ",NA,"lab.Unmapped","2026-10-02T17:06:46Z","sec-exchange",FALSE
"COCO","Vita Coco Company, Inc.","NASDAQ",NA,"lab.Unmapped","2026-10-02T17:06:46Z","sec-exchange",FALSE
"NHI","NATIONAL HEALTH INVESTORS INC","NYSE",NA,"lab.Unmapped","2026-10-02T17:06:46Z","sec-exchange",FALSE
"GBDC","GOLUB CAPITAL BDC, Inc.","NASDAQ",NA,"lab.Unmapped","2026-10-02T17:06:46Z","sec-exchange",FALSE
"HG","Hamilton Insurance Group, Ltd.","NYSE",NA,"lab.Unmapped","2026-10-02T17:06:46Z","sec-exchange",FALSE
"SFNC","SIMMONS FIRST NATIONAL CORP","NASDAQ",NA,"lab.Unmapped","2026-10-02T17:06:46Z","sec-exchange",FALSE
"CSQ","CALAMOS STRATEGIC TOTAL RETURN FUND","NASDAQ",NA,"lab.Unmapped","2026-10-02T17:06:46Z","sec-exchange",FALSE
"FRSH","Freshworks Inc.","NASDAQ",NA,"lab.Unmapped","2026-10-02T17:06:46Z","sec-exchange",FALSE
"PLMR","Palomar Holdings, Inc.","NASDAQ",NA,"lab.Unmapped","2026-10-02T17:06:46Z","sec-exchange",FALSE
"AEHR","AEHR TEST SYSTEMS","NASDAQ",NA,"lab.Unmapped","2026-10-02T17:06:46Z","sec-exchange",FALSE
"HIW","HIGHWOODS PROPERTIES, INC.","NYSE",NA,"lab.Unmapped","2026-10-02T17:06:46Z","sec-exchange",FALSE
"AAMI","Acadian Asset Management Inc.","NYSE",NA,"lab.Unmapped","2026-10-02T17:06:46Z","sec-exchange",FALSE
"PRK","PARK NATIONAL CORP /OH/","NYSE",NA,"lab.Unmapped","2026-10-02T17:06:46Z","sec-exchange",FALSE
"AWR","AMERICAN STATES WATER CO","NYSE",NA,"lab.Unmapped","2026-10-02T17:06:46Z","sec-exchange",FALSE
"RCUS","Arcus Biosciences, Inc.","NYSE",NA,"lab.Unmapped","2026-10-02T17:06:46Z","sec-exchange",FALSE
"SMR","NUSCALE POWER Corp","NYSE",NA,"lab.Unmapped","2026-10-02T17:06:46Z","sec-exchange",FALSE
"TGB","Trekor Metals Ltd","NYSE",NA,"lab.Unmapped","2026-10-02T17:06:46Z","sec-exchange",FALSE
"BBWI","Bath & Body Works, Inc.","NYSE",NA,"lab.Unmapped","2026-10-02T17:06:46Z","sec-exchange",FALSE
"CURB","Curbline Properties Corp.","NYSE",NA,"lab.Unmapped","2026-10-02T17:06:46Z","sec-exchange",FALSE
"ADX","ADAMS DIVERSIFIED EQUITY FUND, INC.","NYSE",NA,"lab.Unmapped","2026-10-02T17:06:46Z","sec-exchange",FALSE
"CXW","CoreCivic, Inc.","NYSE",NA,"lab.Unmapped","2026-10-02T17:06:46Z","sec-exchange",FALSE
"ATKR","Atkore Inc.","NYSE",NA,"lab.Unmapped","2026-10-02T17:06:46Z","sec-exchange",FALSE
"VGNT","Versigent PLC","NYSE",NA,"lab.Unmapped","2026-10-02T17:06:46Z","sec-exchange",TRUE
"LIFE","Ethos Technologies Inc.","NASDAQ",NA,"lab.Unmapped","2026-10-02T17:06:46Z","sec-exchange",FALSE
"CALM","CAL-MAINE FOODS INC","NASDAQ",NA,"lab.Unmapped","2026-10-02T17:06:46Z","sec-exchange",FALSE
"HTGC","Hercules Capital, Inc.","NYSE",NA,"lab.Unmapped","2026-10-02T17:06:46Z","sec-exchange",FALSE
"KN","Knowles Corp","NYSE",NA,"lab.Unmapped","2026-10-02T17:06:46Z","sec-exchange",FALSE
"LBTYA","Liberty Global Ltd.","NASDAQ",NA,"lab.Unmapped","2026-10-02T17:06:46Z","sec-exchange",FALSE
"USLM","UNITED STATES LIME & MINERALS INC","NASDAQ",NA,"lab.Unmapped","2026-10-02T17:06:46Z","sec-exchange",FALSE
"MNDY","monday.com Ltd.","NASDAQ",NA,"lab.Unmapped","2026-10-02T17:06:46Z","sec-exchange",FALSE
"KAI","KADANT INC","NYSE",NA,"lab.Unmapped","2026-10-02T17:06:46Z","sec-exchange",FALSE
"CBU","COMMUNITY FINANCIAL SYSTEM, INC.","NYSE",NA,"lab.Unmapped","2026-10-02T17:06:46Z","sec-exchange",FALSE
"INFQ","Infleqtion, Inc.","NYSE",NA,"lab.Unmapped","2026-10-02T17:06:46Z","sec-exchange",FALSE
"ARLP","ALLIANCE RESOURCE PARTNERS LP","NASDAQ",NA,"lab.Unmapped","2026-10-02T17:06:46Z","sec-exchange",FALSE
"VECO","VEECO INSTRUMENTS INC","NASDAQ",NA,"lab.Unmapped","2026-10-02T17:06:46Z","sec-exchange",FALSE
"ABG","ASBURY AUTOMOTIVE GROUP INC","NYSE",NA,"lab.Unmapped","2026-10-02T17:06:46Z","sec-exchange",FALSE
"PK","Park Hotels & Resorts Inc.","NYSE",NA,"lab.Unmapped","2026-10-02T17:06:46Z","sec-exchange",FALSE
"SBCF","SEACOAST BANKING CORP OF FLORIDA","NASDAQ",NA,"lab.Unmapped","2026-10-02T17:06:46Z","sec-exchange",FALSE
"ECO","Okeanis Eco Tankers Corp.","NYSE",NA,"lab.Unmapped","2026-10-02T17:06:46Z","sec-exchange",FALSE
"COHU","COHU INC","NASDAQ",NA,"lab.Unmapped","2026-10-02T17:06:46Z","sec-exchange",FALSE
"LRN","Stride, Inc.","NYSE",NA,"lab.Unmapped","2026-10-02T17:06:46Z","sec-exchange",FALSE
"WSC","WillScot Holdings Corp","NASDAQ",NA,"lab.Unmapped","2026-10-02T17:06:46Z","sec-exchange",FALSE
"NVTS","Navitas Semiconductor Corp","NASDAQ",NA,"lab.Unmapped","2026-10-02T17:06:46Z","sec-exchange",FALSE
"UTG","REAVES UTILITY INCOME FUND","NYSE",NA,"lab.Unmapped","2026-10-02T17:06:46Z","sec-exchange",FALSE
"BFAM","BRIGHT HORIZONS FAMILY SOLUTIONS INC.","NYSE",NA,"lab.Unmapped","2026-10-02T17:06:46Z","sec-exchange",FALSE
"SII","SPROTT INC.","NYSE",NA,"lab.Unmapped","2026-10-02T17:06:46Z","sec-exchange",FALSE
"BTE","BAYTEX ENERGY CORP.","NYSE",NA,"lab.Unmapped","2026-10-02T17:06:46Z","sec-exchange",FALSE
"ASH","ASHLAND INC.","NYSE",NA,"lab.Unmapped","2026-10-02T17:06:46Z","sec-exchange",FALSE
"YETI","YETI Holdings, Inc.","NYSE",NA,"lab.Unmapped","2026-10-02T17:06:46Z","sec-exchange",FALSE
"SA","SEABRIDGE GOLD INC","NYSE",NA,"lab.Unmapped","2026-10-02T17:06:46Z","sec-exchange",FALSE
"CPK","CHESAPEAKE UTILITIES CORP","NYSE",NA,"lab.Unmapped","2026-10-02T17:06:46Z","sec-exchange",FALSE
"PLNT","Planet Fitness, Inc.","NYSE",NA,"lab.Unmapped","2026-10-02T17:06:46Z","sec-exchange",FALSE
"BWIN","Baldwin Insurance Group, Inc.","NASDAQ",NA,"lab.Unmapped","2026-10-02T17:06:46Z","sec-exchange",FALSE
"DKL","Delek Logistics Partners, LP","NYSE",NA,"lab.Unmapped","2026-10-02T17:06:46Z","sec-exchange",FALSE
"FSK","FS KKR Capital Corp","NYSE",NA,"lab.Unmapped","2026-10-02T17:06:46Z","sec-exchange",FALSE
"OSIS","OSI SYSTEMS INC","NASDAQ",NA,"lab.Unmapped","2026-10-02T17:06:46Z","sec-exchange",FALSE
"EXPO","EXPONENT INC","NASDAQ",NA,"lab.Unmapped","2026-10-02T17:06:46Z","sec-exchange",FALSE
"IMAX","IMAX CORP","NYSE",NA,"lab.Unmapped","2026-10-02T17:06:46Z","sec-exchange",FALSE
"BSM","Black Stone Minerals, L.P.","NYSE",NA,"lab.Unmapped","2026-10-02T17:06:46Z","sec-exchange",FALSE
"NMRK","NEWMARK GROUP, INC.","NASDAQ",NA,"lab.Unmapped","2026-10-02T17:06:46Z","sec-exchange",FALSE
"BKU","BankUnited, Inc.","NYSE",NA,"lab.Unmapped","2026-10-02T17:06:46Z","sec-exchange",FALSE
"NMIH","NMI Holdings, Inc.","NASDAQ",NA,"lab.Unmapped","2026-10-02T17:06:46Z","sec-exchange",FALSE
"FA","FIRST ADVANTAGE CORP","NASDAQ",NA,"lab.Unmapped","2026-10-02T17:06:46Z","sec-exchange",FALSE
"AMBA","AMBARELLA INC","NASDAQ",NA,"lab.Unmapped","2026-10-02T17:06:46Z","sec-exchange",FALSE
"AGO","ASSURED GUARANTY LTD","NYSE",NA,"lab.Unmapped","2026-10-02T17:06:46Z","sec-exchange",FALSE
"DYN","Dyne Therapeutics, Inc.","NASDAQ",NA,"lab.Unmapped","2026-10-02T17:06:46Z","sec-exchange",FALSE
"FHB","FIRST HAWAIIAN, INC.","NASDAQ",NA,"lab.Unmapped","2026-10-02T17:06:46Z","sec-exchange",FALSE
"BHF","Brighthouse Financial, Inc.","NASDAQ",NA,"lab.Unmapped","2026-10-02T17:06:46Z","sec-exchange",FALSE
"LBRT","Liberty Energy Inc.","NYSE",NA,"lab.Unmapped","2026-10-02T17:06:46Z","sec-exchange",FALSE
"CBZ","CBIZ, Inc.","NYSE",NA,"lab.Unmapped","2026-10-02T17:06:46Z","sec-exchange",FALSE
"PII","Polaris Inc.","NYSE",NA,"lab.Unmapped","2026-10-02T17:06:46Z","sec-exchange",FALSE
"VTMX","Vesta Real Estate Corporation, S.A.B. de C.V.","NYSE",NA,"lab.Unmapped","2026-10-02T17:06:46Z","sec-exchange",TRUE
"BHE","BENCHMARK ELECTRONICS INC","NYSE",NA,"lab.Unmapped","2026-10-02T17:06:46Z","sec-exchange",FALSE
"DBRG","DigitalBridge Group, Inc.","NYSE",NA,"lab.Unmapped","2026-10-02T17:06:46Z","sec-exchange",FALSE
"LPL","LG Display Co., Ltd.","NYSE",NA,"tech.Optoelectronics","2026-10-02T17:06:46Z","sec-exchange",TRUE
"PPLI","People Inc","NASDAQ",NA,"lab.Unmapped","2026-10-02T17:06:46Z","sec-exchange",FALSE
"BTDR","Bitdeer Technologies Group","NASDAQ",NA,"lab.Unmapped","2026-10-02T17:06:46Z","sec-exchange",FALSE
"AEO","AMERICAN EAGLE OUTFITTERS INC","NYSE",NA,"lab.Unmapped","2026-10-02T17:06:46Z","sec-exchange",FALSE
"WIX","Wix.com Ltd.","NASDAQ",NA,"lab.Unmapped","2026-10-02T17:06:46Z","sec-exchange",FALSE
"COLM","COLUMBIA SPORTSWEAR CO","NASDAQ",NA,"lab.Unmapped","2026-10-02T17:06:46Z","sec-exchange",FALSE
"AAUC","Allied Gold Corp","NYSE",NA,"lab.Unmapped","2026-10-02T17:06:46Z","sec-exchange",FALSE
"BTU","PEABODY ENERGY CORP","NYSE",NA,"lab.Unmapped","2026-10-02T17:06:46Z","sec-exchange",FALSE
"KNF","Knife River Corp","NYSE",NA,"lab.Unmapped","2026-10-02T17:06:46Z","sec-exchange",FALSE
"ASO","Academy Sports & Outdoors, Inc.","NASDAQ",NA,"lab.Unmapped","2026-10-02T17:06:46Z","sec-exchange",FALSE
"KYIV","Kyivstar Group Ltd.","NASDAQ",NA,"lab.Unmapped","2026-10-02T17:06:46Z","sec-exchange",TRUE
"WOR","WORTHINGTON ENTERPRISES, INC.","NYSE",NA,"lab.Unmapped","2026-10-02T17:06:46Z","sec-exchange",FALSE
"SPSC","SPS COMMERCE INC","NASDAQ",NA,"lab.Unmapped","2026-10-02T17:06:46Z","sec-exchange",FALSE
"WING","Wingstop Inc.","NASDAQ",NA,"lab.Unmapped","2026-10-02T17:06:46Z","sec-exchange",FALSE
"ZLAB","Zai Lab Ltd","NASDAQ",NA,"lab.Unmapped","2026-10-02T17:06:46Z","sec-exchange",FALSE
"CLBK","Columbia Financial, Inc./MD/","NASDAQ",NA,"lab.Unmapped","2026-10-02T17:06:46Z","sec-exchange",FALSE
"AVA","AVISTA CORP","NYSE",NA,"lab.Unmapped","2026-10-02T17:06:46Z","sec-exchange",FALSE
"DAN","DANA Inc","NYSE",NA,"lab.Unmapped","2026-10-02T17:06:46Z","sec-exchange",FALSE
"OUST","Ouster, Inc.","NASDAQ",NA,"lab.Unmapped","2026-10-02T17:06:46Z","sec-exchange",FALSE
"DGII","DIGI INTERNATIONAL INC","NASDAQ",NA,"lab.Unmapped","2026-10-02T17:06:46Z","sec-exchange",FALSE
"TMDX","TransMedics Group, Inc.","NASDAQ",NA,"lab.Unmapped","2026-10-02T17:06:46Z","sec-exchange",FALSE
"AD","ARRAY DIGITAL INFRASTRUCTURE, INC.","NYSE",NA,"lab.Unmapped","2026-10-02T17:06:46Z","sec-exchange",FALSE
"FOUR","Shift4 Payments, Inc.","NYSE",NA,"lab.Unmapped","2026-10-02T17:06:46Z","sec-exchange",FALSE
"ATRC","AtriCure, Inc.","NASDAQ",NA,"lab.Unmapped","2026-10-02T17:06:46Z","sec-exchange",FALSE
"CHRN","ChronoScale Holdings Corp","NASDAQ",NA,"lab.Unmapped","2026-10-02T17:06:46Z","sec-exchange",FALSE
"UUUU","ENERGY FUELS INC","NYSE",NA,"lab.Unmapped","2026-10-02T17:06:46Z","sec-exchange",FALSE
"DXPE","DXP ENTERPRISES INC","NASDAQ",NA,"lab.Unmapped","2026-10-02T17:06:46Z","sec-exchange",FALSE
"GRBK","Green Brick Partners, Inc.","NYSE",NA,"lab.Unmapped","2026-10-02T17:06:46Z","sec-exchange",FALSE
"PFS","PROVIDENT FINANCIAL SERVICES INC","NYSE",NA,"lab.Unmapped","2026-10-02T17:06:46Z","sec-exchange",FALSE
"PENG","Penguin Solutions, Inc.","NASDAQ",NA,"lab.Unmapped","2026-10-02T17:06:46Z","sec-exchange",FALSE
"NEA","Nuveen AMT-Free Quality Municipal Income Fund","NYSE",NA,"lab.Unmapped","2026-10-02T17:06:46Z","sec-exchange",FALSE
"ATRO","ASTRONICS CORP","NASDAQ",NA,"lab.Unmapped","2026-10-02T17:06:46Z","sec-exchange",FALSE
"SPNT","SiriusPoint Ltd","NYSE",NA,"lab.Unmapped","2026-10-02T17:06:46Z","sec-exchange",FALSE
"KBH","KB HOME","NYSE",NA,"lab.Unmapped","2026-10-02T17:06:46Z","sec-exchange",FALSE
"NG","NOVAGOLD RESOURCES INC","NYSE",NA,"lab.Unmapped","2026-10-02T17:06:46Z","sec-exchange",FALSE
"ASST","Strive, Inc.","NASDAQ",NA,"lab.Unmapped","2026-10-02T17:06:46Z","sec-exchange",FALSE
"PGEN","PRECIGEN, INC.","NASDAQ",NA,"lab.Unmapped","2026-10-02T17:06:46Z","sec-exchange",FALSE
"SMG","SCOTTS MIRACLE-GRO CO","NYSE",NA,"lab.Unmapped","2026-10-02T17:06:46Z","sec-exchange",FALSE
"TNET","TRINET GROUP, INC.","NYSE",NA,"lab.Unmapped","2026-10-02T17:06:46Z","sec-exchange",FALSE
"ABM","ABM INDUSTRIES INC /DE/","NYSE",NA,"lab.Unmapped","2026-10-02T17:06:46Z","sec-exchange",TRUE
"POWI","POWER INTEGRATIONS INC","NASDAQ",NA,"lab.Unmapped","2026-10-02T17:06:46Z","sec-exchange",FALSE
"ARCB","ARCBEST CORP /TX/","NASDAQ",NA,"lab.Unmapped","2026-10-02T17:06:46Z","sec-exchange",FALSE
"GPI","GROUP 1 AUTOMOTIVE INC","NYSE",NA,"lab.Unmapped","2026-10-02T17:06:46Z","sec-exchange",FALSE
"PONY","Pony AI Inc.","NASDAQ",NA,"lab.Unmapped","2026-10-02T17:06:46Z","sec-exchange",FALSE
"BELFA","BEL FUSE INC /NJ","NASDAQ",NA,"lab.Unmapped","2026-10-02T17:06:46Z","sec-exchange",FALSE
"IHS","IHS Holding Ltd","NYSE",NA,"lab.Unmapped","2026-10-02T17:06:46Z","sec-exchange",FALSE
"AVPT","AvePoint, Inc.","NASDAQ",NA,"lab.Unmapped","2026-10-02T17:06:46Z","sec-exchange",FALSE
"NEOG","NEOGEN CORP","NASDAQ",NA,"lab.Unmapped","2026-10-02T17:06:46Z","sec-exchange",FALSE
"FG","F&G Annuities & Life, Inc.","NYSE",NA,"lab.Unmapped","2026-10-02T17:06:46Z","sec-exchange",FALSE
"DNOW","DNOW Inc.","NYSE",NA,"lab.Unmapped","2026-10-02T17:06:46Z","sec-exchange",FALSE
"NTCT","NETSCOUT SYSTEMS INC","NASDAQ",NA,"lab.Unmapped","2026-10-02T17:06:46Z","sec-exchange",FALSE
"TR","TOOTSIE ROLL INDUSTRIES INC","NYSE",NA,"lab.Unmapped","2026-10-02T17:06:46Z","sec-exchange",FALSE
"CWT","CALIFORNIA WATER SERVICE GROUP","NYSE",NA,"lab.Unmapped","2026-10-02T17:06:46Z","sec-exchange",FALSE
"LEU","CENTRUS ENERGY CORP","NYSE",NA,"lab.Unmapped","2026-10-02T17:06:46Z","sec-exchange",FALSE
"QS","QuantumScape Corp","NASDAQ",NA,"lab.Unmapped","2026-10-02T17:06:46Z","sec-exchange",FALSE
"MRVI","MARAVAI LIFESCIENCES HOLDINGS, INC.","NASDAQ",NA,"lab.Unmapped","2026-10-02T17:06:46Z","sec-exchange",FALSE
"DX","DYNEX CAPITAL INC","NYSE",NA,"lab.Unmapped","2026-10-02T17:06:46Z","sec-exchange",FALSE
"AKR","ACADIA REALTY TRUST","NYSE",NA,"lab.Unmapped","2026-10-02T17:06:46Z","sec-exchange",FALSE
"SDRL","SEADRILL Ltd","NYSE",NA,"lab.Unmapped","2026-10-02T17:06:46Z","sec-exchange",FALSE
"MBX","MBX Biosciences, Inc.","NASDAQ",NA,"lab.Unmapped","2026-10-02T17:06:46Z","sec-exchange",FALSE
"EXTR","EXTREME NETWORKS INC","NASDAQ",NA,"lab.Unmapped","2026-10-02T17:06:46Z","sec-exchange",FALSE
"NAMS","NewAmsterdam Pharma Co N.V.","NASDAQ",NA,"lab.Unmapped","2026-10-02T17:06:46Z","sec-exchange",TRUE
"HGV","Hilton Grand Vacations Inc.","NYSE",NA,"lab.Unmapped","2026-10-02T17:06:46Z","sec-exchange",FALSE
"EFXT","Enerflex Ltd.","NYSE",NA,"lab.Unmapped","2026-10-02T17:06:46Z","sec-exchange",FALSE
"WTTR","Select Water Solutions, Inc.","NYSE",NA,"lab.Unmapped","2026-10-02T17:06:46Z","sec-exchange",FALSE
"GRND","Grindr Inc.","NYSE",NA,"lab.Unmapped","2026-10-02T17:06:46Z","sec-exchange",FALSE
"CWK","Cushman & Wakefield Ltd.","NYSE",NA,"lab.Unmapped","2026-10-02T17:06:46Z","sec-exchange",FALSE
"REZI","RESIDEO TECHNOLOGIES, INC.","NYSE",NA,"lab.Unmapped","2026-10-02T17:06:46Z","sec-exchange",FALSE
"FIZZ","NATIONAL BEVERAGE CORP","NASDAQ",NA,"lab.Unmapped","2026-10-02T17:06:46Z","sec-exchange",FALSE
"FRMI","Fermi Inc.","NASDAQ",NA,"lab.Unmapped","2026-10-02T17:06:46Z","sec-exchange",FALSE
"CARG","CarGurus, Inc.","NASDAQ",NA,"lab.Unmapped","2026-10-02T17:06:46Z","sec-exchange",FALSE
"MGRC","MCGRATH RENTCORP","NASDAQ",NA,"lab.Unmapped","2026-10-02T17:06:46Z","sec-exchange",FALSE
"AVAH","Aveanna Healthcare Holdings, Inc.","NASDAQ",NA,"lab.Unmapped","2026-10-02T17:06:46Z","sec-exchange",FALSE
"BANC","BANC OF CALIFORNIA, INC.","NYSE",NA,"lab.Unmapped","2026-10-02T17:06:46Z","sec-exchange",FALSE
"MMS","MAXIMUS, INC.","NYSE",NA,"lab.Unmapped","2026-10-02T17:06:46Z","sec-exchange",FALSE
"KC","Kingsoft Cloud Holdings Ltd","NASDAQ",NA,"lab.Unmapped","2026-10-02T17:06:46Z","sec-exchange",FALSE
"UE","Urban Edge Properties","NYSE",NA,"lab.Unmapped","2026-10-02T17:06:46Z","sec-exchange",FALSE
"UNFI","UNITED NATURAL FOODS INC","NYSE",NA,"lab.Unmapped","2026-10-02T17:06:46Z","sec-exchange",FALSE
"ADEA","Adeia Inc.","NASDAQ",NA,"lab.Unmapped","2026-10-02T17:06:46Z","sec-exchange",FALSE
"AMC","AMC ENTERTAINMENT HOLDINGS, INC.","NYSE",NA,"lab.Unmapped","2026-10-02T17:06:46Z","sec-exchange",FALSE
"BOH","BANK OF HAWAII CORP","NYSE",NA,"lab.Unmapped","2026-10-02T17:06:46Z","sec-exchange",FALSE
"CLBT","Cellebrite DI Ltd.","NASDAQ",NA,"lab.Unmapped","2026-10-02T17:06:46Z","sec-exchange",FALSE
"FRPT","Freshpet, Inc.","NASDAQ",NA,"lab.Unmapped","2026-10-02T17:06:46Z","sec-exchange",FALSE
"EROK","EagleRock Land, LLC","NYSE",NA,"lab.Unmapped","2026-10-02T17:06:46Z","sec-exchange",FALSE
"CXT","Crane NXT, Co.","NYSE",NA,"lab.Unmapped","2026-10-02T17:06:46Z","sec-exchange",FALSE
"MZTI","MARZETTI CO","NASDAQ",NA,"lab.Unmapped","2026-10-02T17:06:46Z","sec-exchange",FALSE
"GPK","GRAPHIC PACKAGING HOLDING CO","NYSE",NA,"lab.Unmapped","2026-10-02T17:06:46Z","sec-exchange",FALSE
"RDW","Redwire Corp","NYSE",NA,"lab.Unmapped","2026-10-02T17:06:46Z","sec-exchange",FALSE
"WDFC","WD 40 CO","NASDAQ",NA,"lab.Unmapped","2026-10-02T17:06:46Z","sec-exchange",FALSE
"TALO","TALOS ENERGY INC.","NYSE",NA,"lab.Unmapped","2026-10-02T17:06:46Z","sec-exchange",FALSE
"KWR","QUAKER CHEMICAL CORP","NYSE",NA,"lab.Unmapped","2026-10-02T17:06:46Z","sec-exchange",FALSE
"MNSO","MINISO Group Holding Ltd","NYSE",NA,"lab.Unmapped","2026-10-02T17:06:46Z","sec-exchange",FALSE
"PPTA","PERPETUA RESOURCES CORP.","NASDAQ",NA,"lab.Unmapped","2026-10-02T17:06:46Z","sec-exchange",FALSE
"LFTO","Liftoff Mobile, Inc.","NASDAQ",NA,"lab.Unmapped","2026-10-02T17:06:46Z","sec-exchange",FALSE
"FUL","FULLER H B CO","NYSE",NA,"lab.Unmapped","2026-10-02T17:06:46Z","sec-exchange",FALSE
"AGYS","AGILYSYS INC","NASDAQ",NA,"lab.Unmapped","2026-10-02T17:06:46Z","sec-exchange",FALSE
"GPOR","GULFPORT ENERGY CORP","NYSE",NA,"lab.Unmapped","2026-10-02T17:06:46Z","sec-exchange",FALSE
"INTA","Intapp, Inc.","NASDAQ",NA,"lab.Unmapped","2026-10-02T17:06:46Z","sec-exchange",FALSE
"PLUG","PLUG POWER INC","NASDAQ",NA,"lab.Unmapped","2026-10-02T17:06:46Z","sec-exchange",FALSE
"NESR","National Energy Services Reunited Corp.","NASDAQ",NA,"lab.Unmapped","2026-10-02T17:06:46Z","sec-exchange",FALSE
"TDC","TERADATA CORP /DE/","NYSE",NA,"lab.Unmapped","2026-10-02T17:06:46Z","sec-exchange",TRUE
"CSQR","Csquare, Inc.","NYSE",NA,"lab.Unmapped","2026-10-02T17:06:46Z","sec-exchange",FALSE
"BCC","BOISE CASCADE Co","NYSE",NA,"lab.Unmapped","2026-10-02T17:06:46Z","sec-exchange",FALSE
"HWKN","HAWKINS INC","NASDAQ",NA,"lab.Unmapped","2026-10-02T17:06:46Z","sec-exchange",FALSE
"TRMK","TRUSTMARK CORP","NASDAQ",NA,"lab.Unmapped","2026-10-02T17:06:46Z","sec-exchange",FALSE
"NMM","Navios Maritime Partners L.P.","NYSE",NA,"lab.Unmapped","2026-10-02T17:06:46Z","sec-exchange",FALSE
"SLDE","Slide Insurance Holdings, Inc.","NASDAQ",NA,"lab.Unmapped","2026-10-02T17:06:46Z","sec-exchange",FALSE
"ALRM","Alarm.com Holdings, Inc.","NASDAQ",NA,"lab.Unmapped","2026-10-02T17:06:46Z","sec-exchange",FALSE
"HAYW","Hayward Holdings, Inc.","NYSE",NA,"lab.Unmapped","2026-10-02T17:06:46Z","sec-exchange",FALSE
"SOUN","SOUNDHOUND AI, INC.","NASDAQ",NA,"lab.Unmapped","2026-10-02T17:06:46Z","sec-exchange",FALSE
"MGEE","MGE ENERGY INC","NASDAQ",NA,"lab.Unmapped","2026-10-02T17:06:46Z","sec-exchange",FALSE
"NBTB","NBT BANCORP INC","NASDAQ",NA,"lab.Unmapped","2026-10-02T17:06:46Z","sec-exchange",FALSE
"MAN","ManpowerGroup Inc.","NYSE",NA,"lab.Unmapped","2026-10-02T17:06:46Z","sec-exchange",FALSE
"BKD","Brookdale Senior Living Inc.","NYSE",NA,"lab.Unmapped","2026-10-02T17:06:46Z","sec-exchange",FALSE
"AMBP","Ardagh Metal Packaging S.A.","NYSE",NA,"lab.Unmapped","2026-10-02T17:06:46Z","sec-exchange",TRUE
"FBK","FB Financial Corp","NYSE",NA,"lab.Unmapped","2026-10-02T17:06:46Z","sec-exchange",FALSE
"BRZE","Braze, Inc.","NASDAQ",NA,"lab.Unmapped","2026-10-02T17:06:46Z","sec-exchange",FALSE
"ACHC","Acadia Healthcare Company, Inc.","NASDAQ",NA,"lab.Unmapped","2026-10-02T17:06:46Z","sec-exchange",FALSE
"DCO","DUCOMMUN INC /DE/","NYSE",NA,"lab.Unmapped","2026-10-02T17:06:46Z","sec-exchange",TRUE
"HOG","HARLEY-DAVIDSON, INC.","NYSE",NA,"lab.Unmapped","2026-10-02T17:06:46Z","sec-exchange",FALSE
"GRDN","Guardian Pharmacy Services, Inc.","NYSE",NA,"lab.Unmapped","2026-10-02T17:06:46Z","sec-exchange",FALSE
"EXK","ENDEAVOUR SILVER CORP","NYSE",NA,"lab.Unmapped","2026-10-02T17:06:46Z","sec-exchange",FALSE
"FBNC","FIRST BANCORP /NC/","NASDAQ",NA,"lab.Unmapped","2026-10-02T17:06:46Z","sec-exchange",FALSE
"HTO","H2O AMERICA","NASDAQ",NA,"lab.Unmapped","2026-10-02T17:06:46Z","sec-exchange",FALSE
"APAM","Artisan Partners Asset Management Inc.","NYSE",NA,"lab.Unmapped","2026-10-02T17:06:46Z","sec-exchange",FALSE
"DRH","DiamondRock Hospitality Co","NASDAQ",NA,"lab.Unmapped","2026-10-02T17:06:46Z","sec-exchange",FALSE
"BBAR","Banco BBVA Argentina S.A.","NYSE",NA,"lab.Unmapped","2026-10-02T17:06:46Z","sec-exchange",TRUE
"HOS","HORNBECK OFFSHORE SERVICES, INC.","NYSE",NA,"lab.Unmapped","2026-10-02T17:06:46Z","sec-exchange",FALSE
"DJT","Trump Media & Technology Group Corp.","NASDAQ",NA,"lab.Unmapped","2026-10-02T17:06:46Z","sec-exchange",FALSE
"BEAM","Beam Therapeutics Inc.","NASDAQ",NA,"lab.Unmapped","2026-10-02T17:06:46Z","sec-exchange",FALSE
"SUPN","SUPERNUS PHARMACEUTICALS, INC.","NASDAQ",NA,"lab.Unmapped","2026-10-02T17:06:46Z","sec-exchange",FALSE
"IRON","Disc Medicine, Inc.","NASDAQ",NA,"lab.Unmapped","2026-10-02T17:06:46Z","sec-exchange",FALSE
"CALY","Callaway Golf Co","NYSE",NA,"lab.Unmapped","2026-10-02T17:06:46Z","sec-exchange",FALSE
"TTAM","Titan America SA","NYSE",NA,"lab.Unmapped","2026-10-02T17:06:46Z","sec-exchange",TRUE
"JPC","Nuveen Preferred & Income Opportunities Fund","NYSE",NA,"lab.Unmapped","2026-10-02T17:06:46Z","sec-exchange",FALSE
"CUBI","Customers Bancorp, Inc.","NYSE",NA,"lab.Unmapped","2026-10-02T17:06:46Z","sec-exchange",FALSE
"FRME","FIRST MERCHANTS CORP","NASDAQ",NA,"lab.Unmapped","2026-10-02T17:06:46Z","sec-exchange",FALSE
"SECZ","Securitize Corp.","NYSE",NA,"lab.Unmapped","2026-10-02T17:06:46Z","sec-exchange",FALSE
"APPN","APPIAN CORP","NASDAQ",NA,"lab.Unmapped","2026-10-02T17:06:46Z","sec-exchange",FALSE
"FIVN","Five9, Inc.","NASDAQ",NA,"lab.Unmapped","2026-10-02T17:06:46Z","sec-exchange",FALSE
"RNW","ReNew Energy Global plc","NASDAQ",NA,"lab.Unmapped","2026-10-02T17:06:46Z","sec-exchange",TRUE
"PRVA","Privia Health Group, Inc.","NASDAQ",NA,"lab.Unmapped","2026-10-02T17:06:46Z","sec-exchange",FALSE
"AXGN","Axogen, Inc.","NASDAQ",NA,"lab.Unmapped","2026-10-02T17:06:46Z","sec-exchange",FALSE
"HURN","Huron Consulting Group Inc.","NASDAQ",NA,"lab.Unmapped","2026-10-02T17:06:46Z","sec-exchange",FALSE
"ROG","ROGERS CORP","NYSE",NA,"lab.Unmapped","2026-10-02T17:06:46Z","sec-exchange",FALSE
"CLDX","Celldex Therapeutics, Inc.","NASDAQ",NA,"lab.Unmapped","2026-10-02T17:06:46Z","sec-exchange",FALSE
"HIMX","Himax Technologies, Inc.","NASDAQ",NA,"lab.Unmapped","2026-10-02T17:06:46Z","sec-exchange",FALSE
"SHAK","Shake Shack Inc.","NYSE",NA,"lab.Unmapped","2026-10-02T17:06:46Z","sec-exchange",FALSE
"BANR","BANNER CORP","NASDAQ",NA,"lab.Unmapped","2026-10-02T17:06:46Z","sec-exchange",FALSE
"KD","Kyndryl Holdings, Inc.","NYSE",NA,"lab.Unmapped","2026-10-02T17:06:46Z","sec-exchange",FALSE
"KALU","KAISER ALUMINUM CORP","NASDAQ",NA,"lab.Unmapped","2026-10-02T17:06:46Z","sec-exchange",FALSE
"GDV","GABELLI DIVIDEND & INCOME TRUST","NYSE",NA,"lab.Unmapped","2026-10-02T17:06:46Z","sec-exchange",FALSE
"NRIX","Nurix Therapeutics, Inc.","NASDAQ",NA,"lab.Unmapped","2026-10-02T17:06:46Z","sec-exchange",FALSE
"VIA","Via Transportation, Inc.","NYSE",NA,"lab.Unmapped","2026-10-02T17:06:46Z","sec-exchange",FALSE
"CENT","CENTRAL GARDEN & PET CO","NASDAQ",NA,"lab.Unmapped","2026-10-02T17:06:46Z","sec-exchange",FALSE
"HCM","HUTCHMED (China) Ltd","NASDAQ",NA,"lab.Unmapped","2026-10-02T17:06:46Z","sec-exchange",TRUE
"NGVT","Ingevity Corp","NYSE",NA,"lab.Unmapped","2026-10-02T17:06:46Z","sec-exchange",FALSE
"LCLN","Lincoln International, Inc.","NYSE",NA,"lab.Unmapped","2026-10-02T17:06:46Z","sec-exchange",FALSE
"ATHM","Autohome Inc.","NYSE",NA,"lab.Unmapped","2026-10-02T17:06:46Z","sec-exchange",FALSE
"IMNM","Immunome Inc.","NASDAQ",NA,"lab.Unmapped","2026-10-02T17:06:46Z","sec-exchange",FALSE
"BFLY","Butterfly Network, Inc.","NYSE",NA,"lab.Unmapped","2026-10-02T17:06:46Z","sec-exchange",FALSE
"MH","McGraw Hill, Inc.","NYSE",NA,"lab.Unmapped","2026-10-02T17:06:46Z","sec-exchange",FALSE
"BUSE","FIRST BUSEY CORP /NV/","NASDAQ",NA,"lab.Unmapped","2026-10-02T17:06:46Z","sec-exchange",TRUE
"PAYO","Payoneer Global Inc.","NASDAQ",NA,"lab.Unmapped","2026-10-02T17:06:46Z","sec-exchange",FALSE
"PAGS","PagSeguro Digital Ltd.","NYSE",NA,"lab.Unmapped","2026-10-02T17:06:46Z","sec-exchange",FALSE
"FCPT","Four Corners Property Trust, Inc.","NYSE",NA,"lab.Unmapped","2026-10-02T17:06:46Z","sec-exchange",FALSE
"WLY","JOHN WILEY & SONS, INC.","NYSE",NA,"lab.Unmapped","2026-10-02T17:06:46Z","sec-exchange",FALSE
"NEO","NEOGENOMICS INC","NASDAQ",NA,"lab.Unmapped","2026-10-02T17:06:46Z","sec-exchange",FALSE
"AAP","ADVANCE AUTO PARTS INC","NYSE",NA,"lab.Unmapped","2026-10-02T17:06:46Z","sec-exchange",FALSE
"PURR","Hyperliquid Strategies Inc","NASDAQ",NA,"lab.Unmapped","2026-10-02T17:06:46Z","sec-exchange",FALSE
"NOG","NORTHERN OIL & GAS, INC.","NYSE",NA,"lab.Unmapped","2026-10-02T17:06:46Z","sec-exchange",FALSE
"SYBT","Stock Yards Bancorp, Inc.","NASDAQ",NA,"lab.Unmapped","2026-10-02T17:06:46Z","sec-exchange",FALSE
"IOSP","INNOSPEC INC.","NASDAQ",NA,"lab.Unmapped","2026-10-02T17:06:46Z","sec-exchange",FALSE
"TRLV","Trulieve Cannabis Corp.","NYSE",NA,"lab.Unmapped","2026-10-02T17:06:46Z","sec-exchange",FALSE
"IVT","InvenTrust Properties Corp.","NYSE",NA,"lab.Unmapped","2026-10-02T17:06:46Z","sec-exchange",FALSE
"SVM","SILVERCORP METALS INC","NYSE",NA,"lab.Unmapped","2026-10-02T17:06:46Z","sec-exchange",FALSE
"EEFT","EURONET WORLDWIDE, INC.","NASDAQ",NA,"lab.Unmapped","2026-10-02T17:06:46Z","sec-exchange",FALSE
"KMT","KENNAMETAL INC","NYSE",NA,"lab.Unmapped","2026-10-02T17:06:46Z","sec-exchange",FALSE
"PTY","PIMCO CORPORATE & INCOME OPPORTUNITY FUND","NYSE",NA,"lab.Unmapped","2026-10-02T17:06:46Z","sec-exchange",FALSE
"GPCR","Structure Therapeutics Inc.","NASDAQ",NA,"lab.Unmapped","2026-10-02T17:06:46Z","sec-exchange",FALSE
"LUNR","Intuitive Machines, Inc.","NASDAQ",NA,"lab.Unmapped","2026-10-02T17:06:46Z","sec-exchange",FALSE
"OSW","ONESPAWORLD HOLDINGS Ltd","NASDAQ",NA,"lab.Unmapped","2026-10-02T17:06:46Z","sec-exchange",FALSE
"SKWD","Skyward Specialty Insurance Group, Inc.","NASDAQ",NA,"lab.Unmapped","2026-10-02T17:06:46Z","sec-exchange",FALSE
"COTY","COTY INC.","NYSE",NA,"lab.Unmapped","2026-10-02T17:06:46Z","sec-exchange",FALSE
"IMOS","CHIPMOS TECHNOLOGIES INC","NASDAQ",NA,"lab.Unmapped","2026-10-02T17:06:46Z","sec-exchange",FALSE
"NN","NEXTNAV INC.","NASDAQ",NA,"lab.Unmapped","2026-10-02T17:06:46Z","sec-exchange",FALSE
"PLUS","EPLUS INC","NASDAQ",NA,"lab.Unmapped","2026-10-02T17:06:46Z","sec-exchange",FALSE
"BKV","BKV Corp","NYSE",NA,"lab.Unmapped","2026-10-02T17:06:46Z","sec-exchange",FALSE
"TSAT","Telesat Corp","NASDAQ",NA,"lab.Unmapped","2026-10-02T17:06:46Z","sec-exchange",FALSE
"DNN","DENISON MINES CORP.","NYSE",NA,"lab.Unmapped","2026-10-02T17:06:46Z","sec-exchange",FALSE
"INOD","INNODATA INC","NASDAQ",NA,"lab.Unmapped","2026-10-02T17:06:46Z","sec-exchange",FALSE
"SLS","SELLAS Life Sciences Group, Inc.","NASDAQ",NA,"lab.Unmapped","2026-10-02T17:06:46Z","sec-exchange",FALSE
"VERA","Vera Therapeutics, Inc.","NASDAQ",NA,"lab.Unmapped","2026-10-02T17:06:46Z","sec-exchange",FALSE
"LPG","DORIAN LPG LTD.","NYSE",NA,"lab.Unmapped","2026-10-02T17:06:46Z","sec-exchange",FALSE
"RH","RH","NYSE",NA,"lab.Unmapped","2026-10-02T17:06:46Z","sec-exchange",FALSE
"BBT","Beacon Financial Corp","NYSE",NA,"lab.Unmapped","2026-10-02T17:06:46Z","sec-exchange",FALSE
"LTC","LTC PROPERTIES INC","NYSE",NA,"lab.Unmapped","2026-10-02T17:06:46Z","sec-exchange",FALSE
"FIGS","FIGS, Inc.","NYSE",NA,"lab.Unmapped","2026-10-02T17:06:46Z","sec-exchange",FALSE
"OPEN","Opendoor Technologies Inc.","NASDAQ",NA,"lab.Unmapped","2026-10-02T17:06:46Z","sec-exchange",FALSE
"VC","VISTEON CORP","NASDAQ",NA,"lab.Unmapped","2026-10-02T17:06:46Z","sec-exchange",FALSE
"WGS","GeneDx Holdings Corp.","NASDAQ",NA,"lab.Unmapped","2026-10-02T17:06:46Z","sec-exchange",FALSE
"AGM","FEDERAL AGRICULTURAL MORTGAGE CORP","NYSE",NA,"lab.Unmapped","2026-10-02T17:06:46Z","sec-exchange",FALSE
"HRMY","Harmony Biosciences Holdings, Inc.","NASDAQ",NA,"lab.Unmapped","2026-10-02T17:06:46Z","sec-exchange",FALSE
"NTB","Bank of N.T. Butterfield & Son Ltd","NYSE",NA,"lab.Unmapped","2026-10-02T17:06:46Z","sec-exchange",FALSE
"ALMR","Alamar Biosciences, Inc.","NASDAQ",NA,"lab.Unmapped","2026-10-02T17:06:46Z","sec-exchange",FALSE
"PRLB","Proto Labs Inc","NYSE",NA,"lab.Unmapped","2026-10-02T17:06:46Z","sec-exchange",FALSE
"UFPT","UFP TECHNOLOGIES INC","NASDAQ",NA,"lab.Unmapped","2026-10-02T17:06:46Z","sec-exchange",FALSE
"AERO","Grupo Aeromexico, S.A.B. de C.V.","NYSE",NA,"lab.Unmapped","2026-10-02T17:06:46Z","sec-exchange",TRUE
"KYN","Kayne Anderson Energy Infrastructure Fund, Inc.","NYSE",NA,"lab.Unmapped","2026-10-02T17:06:46Z","sec-exchange",FALSE
"RAMP","LiveRamp Holdings, Inc.","NYSE",NA,"lab.Unmapped","2026-10-02T17:06:46Z","sec-exchange",FALSE
"MBIN","Merchants Bancorp","NASDAQ",NA,"lab.Unmapped","2026-10-02T17:06:46Z","sec-exchange",FALSE
"CLOV","CLOVER HEALTH INVESTMENTS, CORP. /DE","NASDAQ",NA,"lab.Unmapped","2026-10-02T17:06:46Z","sec-exchange",TRUE
"VVX","V2X, Inc.","NYSE",NA,"lab.Unmapped","2026-10-02T17:06:46Z","sec-exchange",FALSE
"NAD","Nuveen Quality Municipal Income Fund","NYSE",NA,"lab.Unmapped","2026-10-02T17:06:46Z","sec-exchange",FALSE
"ADMA","ADMA BIOLOGICS, INC.","NASDAQ",NA,"lab.Unmapped","2026-10-02T17:06:46Z","sec-exchange",FALSE
"HLIO","HELIOS TECHNOLOGIES, INC.","NYSE",NA,"lab.Unmapped","2026-10-02T17:06:46Z","sec-exchange",FALSE
"CNXN","PC CONNECTION INC","NASDAQ",NA,"lab.Unmapped","2026-10-02T17:06:46Z","sec-exchange",FALSE
"INTR","Inter & Co, Inc.","NASDAQ",NA,"lab.Unmapped","2026-10-02T17:06:46Z","sec-exchange",FALSE
"SDGR","Schrodinger, Inc.","NASDAQ",NA,"lab.Unmapped","2026-10-02T17:06:46Z","sec-exchange",FALSE
"ANDE","Andersons, Inc.","NASDAQ",NA,"lab.Unmapped","2026-10-02T17:06:46Z","sec-exchange",FALSE
"UPST","Upstart Holdings, Inc.","NASDAQ",NA,"lab.Unmapped","2026-10-02T17:06:46Z","sec-exchange",FALSE
"LASR","NLIGHT, INC.","NASDAQ",NA,"lab.Unmapped","2026-10-02T17:06:46Z","sec-exchange",FALSE
"VRDN","Viridian Therapeutics, Inc.\DE","NASDAQ",NA,"lab.Unmapped","2026-10-02T17:06:46Z","sec-exchange",FALSE
"WAFD","WAFD INC","NASDAQ",NA,"lab.Unmapped","2026-10-02T17:06:46Z","sec-exchange",FALSE
"NWL","NEWELL BRANDS INC.","NASDAQ",NA,"lab.Unmapped","2026-10-02T17:06:46Z","sec-exchange",FALSE
"NVG","Nuveen AMT-Free Municipal Credit Income Fund","NYSE",NA,"lab.Unmapped","2026-10-02T17:06:46Z","sec-exchange",FALSE
"KEEL","Keel Infrastructure Corp.","NASDAQ",NA,"lab.Unmapped","2026-10-02T17:06:46Z","sec-exchange",FALSE
"PHIN","PHINIA INC.","NYSE",NA,"lab.Unmapped","2026-10-02T17:06:46Z","sec-exchange",FALSE
"PHVS","Pharvaris N.V.","NASDAQ",NA,"lab.Unmapped","2026-10-02T17:06:46Z","sec-exchange",TRUE
"ICHR","ICHOR HOLDINGS, LTD.","NASDAQ",NA,"lab.Unmapped","2026-10-02T17:06:46Z","sec-exchange",FALSE
"PBI","PITNEY BOWES INC /DE/","NYSE",NA,"lab.Unmapped","2026-10-02T17:06:46Z","sec-exchange",TRUE
"BKE","BUCKLE INC","NYSE",NA,"lab.Unmapped","2026-10-02T17:06:46Z","sec-exchange",FALSE
"PBH","Prestige Consumer Healthcare Inc.","NYSE",NA,"lab.Unmapped","2026-10-02T17:06:46Z","sec-exchange",FALSE
"PTON","PELOTON INTERACTIVE, INC.","NASDAQ",NA,"lab.Unmapped","2026-10-02T17:06:46Z","sec-exchange",FALSE
"MLYS","Mineralys Therapeutics, Inc.","NASDAQ",NA,"lab.Unmapped","2026-10-02T17:06:46Z","sec-exchange",FALSE
"PATK","PATRICK INDUSTRIES INC","NASDAQ",NA,"lab.Unmapped","2026-10-02T17:06:46Z","sec-exchange",FALSE
"SIND","Sinda Ltd.","NYSE",NA,"lab.Unmapped","2026-10-02T17:06:46Z","sec-exchange",FALSE
"BGSI","Boyd Group Services Inc.","NYSE",NA,"lab.Unmapped","2026-10-02T17:06:46Z","sec-exchange",FALSE
"NWBI","Northwest Bancshares, Inc.","NASDAQ",NA,"lab.Unmapped","2026-10-02T17:06:46Z","sec-exchange",FALSE
"AUPH","Aurinia Pharmaceuticals Inc.","NASDAQ",NA,"lab.Unmapped","2026-10-02T17:06:46Z","sec-exchange",FALSE
"HCI","HCI Group, Inc.","NYSE",NA,"lab.Unmapped","2026-10-02T17:06:46Z","sec-exchange",FALSE
"CHA","Chagee Holdings Ltd.","NASDAQ",NA,"lab.Unmapped","2026-10-02T17:06:46Z","sec-exchange",FALSE
"CDLR","Cadeler A/S","NYSE",NA,"lab.Unmapped","2026-10-02T17:06:46Z","sec-exchange",TRUE
"HTH","Hilltop Holdings Inc.","NYSE",NA,"lab.Unmapped","2026-10-02T17:06:46Z","sec-exchange",FALSE
"STNE","StoneCo Ltd.","NASDAQ",NA,"lab.Unmapped","2026-10-02T17:06:46Z","sec-exchange",FALSE
"EFSC","ENTERPRISE FINANCIAL SERVICES CORP","NASDAQ",NA,"lab.Unmapped","2026-10-02T17:06:46Z","sec-exchange",FALSE
"ALVO","Alvotech","NASDAQ",NA,"lab.Unmapped","2026-10-02T17:06:46Z","sec-exchange",FALSE
"TRN","TRINITY INDUSTRIES INC","NYSE",NA,"lab.Unmapped","2026-10-02T17:06:46Z","sec-exchange",FALSE
"SSMR","Sunshine Silver Mining & Refining Co","NYSE",NA,"lab.Unmapped","2026-10-02T17:06:46Z","sec-exchange",FALSE
"BHC","Bausch Health Companies Inc.","NYSE",NA,"lab.Unmapped","2026-10-02T17:06:46Z","sec-exchange",FALSE
"OFG","OFG BANCORP","NYSE",NA,"lab.Unmapped","2026-10-02T17:06:46Z","sec-exchange",FALSE
"TMC","TMC the metals Co Inc.","NASDAQ",NA,"lab.Unmapped","2026-10-02T17:06:46Z","sec-exchange",FALSE
"PLBL","Polibeli Group Ltd","NASDAQ",NA,"lab.Unmapped","2026-10-02T17:06:46Z","sec-exchange",TRUE
"SONO","Sonos Inc","NASDAQ",NA,"lab.Unmapped","2026-10-02T17:06:46Z","sec-exchange",FALSE
"DRD","DRDGOLD LTD","NYSE",NA,"lab.Unmapped","2026-10-02T17:06:46Z","sec-exchange",FALSE
"RVT","ROYCE SMALL-CAP TRUST, INC.","NYSE",NA,"lab.Unmapped","2026-10-02T17:06:46Z","sec-exchange",FALSE
"MPT","MEDICAL PROPERTIES TRUST INC","NYSE",NA,"lab.Unmapped","2026-10-02T17:06:46Z","sec-exchange",FALSE
"RXRX","RECURSION PHARMACEUTICALS, INC.","NASDAQ",NA,"lab.Unmapped","2026-10-02T17:06:46Z","sec-exchange",FALSE
"BCRX","BIOCRYST PHARMACEUTICALS INC","NASDAQ",NA,"lab.Unmapped","2026-10-02T17:06:46Z","sec-exchange",FALSE
"CTOS","Custom Truck One Source, Inc.","NYSE",NA,"lab.Unmapped","2026-10-02T17:06:46Z","sec-exchange",FALSE
"ALGT","Allegiant Travel CO","NASDAQ",NA,"lab.Unmapped","2026-10-02T17:06:46Z","sec-exchange",FALSE
"FLYW","Flywire Corp","NASDAQ",NA,"lab.Unmapped","2026-10-02T17:06:46Z","sec-exchange",FALSE
"PEB","Pebblebrook Hotel Trust","NYSE",NA,"lab.Unmapped","2026-10-02T17:06:46Z","sec-exchange",FALSE
"AADX","Applied Aerospace & Defense, Inc.","NYSE",NA,"lab.Unmapped","2026-10-02T17:06:46Z","sec-exchange",FALSE
"MD","Pediatrix Medical Group, Inc.","NYSE",NA,"lab.Unmapped","2026-10-02T17:06:46Z","sec-exchange",FALSE
"AMR","Alpha Metallurgical Resources, Inc.","NYSE",NA,"lab.Unmapped","2026-10-02T17:06:46Z","sec-exchange",FALSE
"CC","Chemours Co","NYSE",NA,"lab.Unmapped","2026-10-02T17:06:46Z","sec-exchange",FALSE
"SHO","Sunstone Hotel Investors, Inc.","NYSE",NA,"lab.Unmapped","2026-10-02T17:06:46Z","sec-exchange",FALSE
"EVT","Eaton Vance Tax-Advantaged Dividend Income Fund","NYSE",NA,"lab.Unmapped","2026-10-02T17:06:46Z","sec-exchange",FALSE
"VCEL","Vericel Corp","NASDAQ",NA,"lab.Unmapped","2026-10-02T17:06:46Z","sec-exchange",FALSE
"UNIT","Uniti Group Inc.","NASDAQ",NA,"lab.Unmapped","2026-10-02T17:06:46Z","sec-exchange",FALSE
"ADUS","Addus HomeCare Corp","NASDAQ",NA,"lab.Unmapped","2026-10-02T17:06:46Z","sec-exchange",FALSE
"CALX","CALIX, INC","NYSE",NA,"lab.Unmapped","2026-10-02T17:06:46Z","sec-exchange",FALSE
"KSS","KOHLS Corp","NYSE",NA,"lab.Unmapped","2026-10-02T17:06:46Z","sec-exchange",FALSE
"PRGO","PERRIGO Co plc","NYSE",NA,"lab.Unmapped","2026-10-02T17:06:46Z","sec-exchange",TRUE
"MCRI","MONARCH CASINO & RESORT INC","NASDAQ",NA,"lab.Unmapped","2026-10-02T17:06:46Z","sec-exchange",FALSE
"TRVI","Trevi Therapeutics, Inc.","NASDAQ",NA,"lab.Unmapped","2026-10-02T17:06:46Z","sec-exchange",FALSE
"DV","DoubleVerify Holdings, Inc.","NYSE",NA,"lab.Unmapped","2026-10-02T17:06:46Z","sec-exchange",FALSE
"SBET","Sharplink, Inc.","NASDAQ",NA,"lab.Unmapped","2026-10-02T17:06:46Z","sec-exchange",FALSE
"RLX","RLX Technology Inc.","NYSE",NA,"lab.Unmapped","2026-10-02T17:06:46Z","sec-exchange",FALSE
"DBD","DIEBOLD NIXDORF, Inc","NYSE",NA,"lab.Unmapped","2026-10-02T17:06:46Z","sec-exchange",FALSE
"PDFS","PDF SOLUTIONS INC","NASDAQ",NA,"lab.Unmapped","2026-10-02T17:06:46Z","sec-exchange",FALSE
"NZF","Nuveen Municipal Credit Income Fund","NYSE",NA,"lab.Unmapped","2026-10-02T17:06:46Z","sec-exchange",FALSE
"BXMT","BLACKSTONE MORTGAGE TRUST, INC.","NYSE",NA,"lab.Unmapped","2026-10-02T17:06:46Z","sec-exchange",FALSE
"INSP","Inspire Medical Systems, Inc.","NYSE",NA,"lab.Unmapped","2026-10-02T17:06:46Z","sec-exchange",FALSE
"NWCL","newcleo plc","NASDAQ",NA,"lab.Unmapped","2026-10-02T17:06:46Z","sec-exchange",TRUE
"STUB","StubHub Holdings, Inc.","NYSE",NA,"lab.Unmapped","2026-10-02T17:06:46Z","sec-exchange",FALSE
"FCF","FIRST COMMONWEALTH FINANCIAL CORP /PA/","NYSE",NA,"lab.Unmapped","2026-10-02T17:06:46Z","sec-exchange",FALSE
"MTX","MINERALS TECHNOLOGIES INC","NYSE",NA,"lab.Unmapped","2026-10-02T17:06:46Z","sec-exchange",FALSE
"LCII","LCI INDUSTRIES","NYSE",NA,"lab.Unmapped","2026-10-02T17:06:46Z","sec-exchange",FALSE
"UTZ","Utz Brands, Inc.","NYSE",NA,"lab.Unmapped","2026-10-02T17:06:46Z","sec-exchange",FALSE
"SRCE","1ST SOURCE CORP","NASDAQ",NA,"lab.Unmapped","2026-10-02T17:06:46Z","sec-exchange",FALSE
"CTRI","Centuri Holdings, Inc.","NYSE",NA,"lab.Unmapped","2026-10-02T17:06:46Z","sec-exchange",FALSE
"LIND","LINDBLAD EXPEDITIONS HOLDINGS, INC.","NASDAQ",NA,"lab.Unmapped","2026-10-02T17:06:46Z","sec-exchange",FALSE
"BSTZ","BlackRock Science & Technology Term Trust","NYSE",NA,"lab.Unmapped","2026-10-02T17:06:46Z","sec-exchange",FALSE
"WERN","WERNER ENTERPRISES INC","NASDAQ",NA,"lab.Unmapped","2026-10-02T17:06:46Z","sec-exchange",FALSE
"NKTR","NEKTAR THERAPEUTICS","NASDAQ",NA,"lab.Unmapped","2026-10-02T17:06:46Z","sec-exchange",FALSE
"ETOR","eToro Group Ltd.","NASDAQ",NA,"lab.Unmapped","2026-10-02T17:06:46Z","sec-exchange",TRUE
"PLPC","PREFORMED LINE PRODUCTS CO","NASDAQ",NA,"lab.Unmapped","2026-10-02T17:06:46Z","sec-exchange",FALSE
"TILE","INTERFACE INC","NASDAQ",NA,"lab.Unmapped","2026-10-02T17:06:46Z","sec-exchange",FALSE
"WHR","WHIRLPOOL CORP /DE/","NYSE",NA,"lab.Unmapped","2026-10-02T17:06:46Z","sec-exchange",TRUE
"BAND","Bandwidth Inc.","NASDAQ",NA,"lab.Unmapped","2026-10-02T17:06:46Z","sec-exchange",FALSE
"BHVN","Biohaven Ltd.","NYSE",NA,"lab.Unmapped","2026-10-02T17:06:46Z","sec-exchange",FALSE
"UWMC","UWM Holdings Corp","NYSE",NA,"lab.Unmapped","2026-10-02T17:06:46Z","sec-exchange",FALSE
"PVLA","PALVELLA THERAPEUTICS, INC.","NASDAQ",NA,"lab.Unmapped","2026-10-02T17:06:46Z","sec-exchange",FALSE
"ECPG","ENCORE CAPITAL GROUP INC","NASDAQ",NA,"lab.Unmapped","2026-10-02T17:06:46Z","sec-exchange",FALSE
"NUVB","Nuvation Bio Inc.","NYSE",NA,"lab.Unmapped","2026-10-02T17:06:46Z","sec-exchange",FALSE
"AGIO","AGIOS PHARMACEUTICALS, INC.","NASDAQ",NA,"lab.Unmapped","2026-10-02T17:06:46Z","sec-exchange",FALSE
"CLM","Cornerstone Strategic Investment Fund, Inc.","NYSE",NA,"lab.Unmapped","2026-10-02T17:06:46Z","sec-exchange",FALSE
"TBBK","Bancorp, Inc.","NASDAQ",NA,"lab.Unmapped","2026-10-02T17:06:46Z","sec-exchange",FALSE
"BRVE","Braveheart Bio, Inc.","NASDAQ",NA,"lab.Unmapped","2026-10-02T17:06:46Z","sec-exchange",FALSE
"STGW","Stagwell Inc","NASDAQ",NA,"lab.Unmapped","2026-10-02T17:06:46Z","sec-exchange",FALSE
"NWN","Northwest Natural Holding Co","NYSE",NA,"lab.Unmapped","2026-10-02T17:06:46Z","sec-exchange",FALSE
"URGN","UroGen Pharma Ltd.","NASDAQ",NA,"lab.Unmapped","2026-10-02T17:06:46Z","sec-exchange",FALSE
"BVC","BitVentures Ltd","NASDAQ",NA,"lab.Unmapped","2026-10-02T17:06:46Z","sec-exchange",FALSE
"SRPT","Sarepta Therapeutics, Inc.","NASDAQ",NA,"lab.Unmapped","2026-10-02T17:06:46Z","sec-exchange",FALSE
"ARR","Armour Residential REIT, Inc.","NYSE",NA,"lab.Unmapped","2026-10-02T17:06:46Z","sec-exchange",FALSE
"GENB","Generate Biomedicines, Inc.","NASDAQ",NA,"lab.Unmapped","2026-10-02T17:06:46Z","sec-exchange",FALSE
"PLGO","Pelagos Insurance Capital Ltd","NYSE",NA,"lab.Unmapped","2026-10-02T17:06:46Z","sec-exchange",FALSE
"GRC","GORMAN RUPP CO","NYSE",NA,"lab.Unmapped","2026-10-02T17:06:46Z","sec-exchange",FALSE
"FLOC","Flowco Holdings Inc.","NYSE",NA,"lab.Unmapped","2026-10-02T17:06:46Z","sec-exchange",FALSE
"ZYME","Zymeworks Inc.","NASDAQ",NA,"lab.Unmapped","2026-10-02T17:06:46Z","sec-exchange",FALSE
"SHAZ","SharonAI Holdings Inc.","NASDAQ",NA,"lab.Unmapped","2026-10-02T17:06:46Z","sec-exchange",FALSE
"PENN","PENN Entertainment, Inc.","NASDAQ",NA,"lab.Unmapped","2026-10-02T17:06:46Z","sec-exchange",FALSE
"CHCO","CITY HOLDING CO","NASDAQ",NA,"lab.Unmapped","2026-10-02T17:06:46Z","sec-exchange",FALSE
"DRVN","Driven Brands Holdings Inc.","NASDAQ",NA,"lab.Unmapped","2026-10-02T17:06:46Z","sec-exchange",FALSE
"IQMX","IQM Quantum Computers Oyj","NASDAQ",NA,"lab.Unmapped","2026-10-02T17:06:46Z","sec-exchange",FALSE
"LKFT","Lakefront Biotherapeutics NV","NASDAQ",NA,"lab.Unmapped","2026-10-02T17:06:46Z","sec-exchange",TRUE
"GNL","Global Net Lease, Inc.","NYSE",NA,"lab.Unmapped","2026-10-02T17:06:46Z","sec-exchange",FALSE
"QUBT","Quantum Computing Inc.","NASDAQ",NA,"lab.Unmapped","2026-10-02T17:06:46Z","sec-exchange",FALSE
"DHC","DIVERSIFIED HEALTHCARE TRUST","NASDAQ",NA,"lab.Unmapped","2026-10-02T17:06:46Z","sec-exchange",FALSE
"DEI","Douglas Emmett Inc","NYSE",NA,"lab.Unmapped","2026-10-02T17:06:46Z","sec-exchange",FALSE
"ALG","ALAMO GROUP INC","NYSE",NA,"lab.Unmapped","2026-10-02T17:06:46Z","sec-exchange",FALSE
"STDN","Standard Nuclear, Inc.","NYSE",NA,"lab.Unmapped","2026-10-02T17:06:46Z","sec-exchange",FALSE
"MESO","MESOBLAST LTD","NASDAQ",NA,"lab.Unmapped","2026-10-02T17:06:46Z","sec-exchange",FALSE
"SEDG","SOLAREDGE TECHNOLOGIES, INC.","NASDAQ",NA,"lab.Unmapped","2026-10-02T17:06:46Z","sec-exchange",FALSE
"INVX","Innovex International, Inc.","NYSE",NA,"lab.Unmapped","2026-10-02T17:06:46Z","sec-exchange",FALSE
"SAH","SONIC AUTOMOTIVE INC","NYSE",NA,"lab.Unmapped","2026-10-02T17:06:46Z","sec-exchange",FALSE
"ZD","ZIFF DAVIS, INC.","NASDAQ",NA,"lab.Unmapped","2026-10-02T17:06:46Z","sec-exchange",FALSE
"VOYG","Voyager Technologies, Inc./TX","NYSE",NA,"lab.Unmapped","2026-10-02T17:06:46Z","sec-exchange",FALSE
"BLFS","BIOLIFE SOLUTIONS INC","NASDAQ",NA,"lab.Unmapped","2026-10-02T17:06:46Z","sec-exchange",FALSE
"TH","Target Hospitality Corp.","NASDAQ",NA,"lab.Unmapped","2026-10-02T17:06:46Z","sec-exchange",FALSE
"ALNT","ALLIENT INC","NASDAQ",NA,"lab.Unmapped","2026-10-02T17:06:46Z","sec-exchange",FALSE
"GOF","GUGGENHEIM STRATEGIC OPPORTUNITIES FUND","NYSE",NA,"lab.Unmapped","2026-10-02T17:06:46Z","sec-exchange",FALSE
"NMZ","NUVEEN MUNICIPAL HIGH INCOME OPPORTUNITY FUND","NYSE",NA,"lab.Unmapped","2026-10-02T17:06:46Z","sec-exchange",FALSE
"CMPR","CIMPRESS plc","NASDAQ",NA,"lab.Unmapped","2026-10-02T17:06:46Z","sec-exchange",TRUE
"NCNO","nCino, Inc.","NASDAQ",NA,"lab.Unmapped","2026-10-02T17:06:46Z","sec-exchange",FALSE
"PGNY","Progyny, Inc.","NASDAQ",NA,"lab.Unmapped","2026-10-02T17:06:46Z","sec-exchange",FALSE
"BLKB","BLACKBAUD INC","NASDAQ",NA,"lab.Unmapped","2026-10-02T17:06:46Z","sec-exchange",FALSE
"SGRY","Surgery Partners, Inc.","NASDAQ",NA,"lab.Unmapped","2026-10-02T17:06:46Z","sec-exchange",FALSE
"PRDO","PERDOCEO EDUCATION Corp","NASDAQ",NA,"lab.Unmapped","2026-10-02T17:06:46Z","sec-exchange",FALSE
"LMAT","LEMAITRE VASCULAR INC","NASDAQ",NA,"lab.Unmapped","2026-10-02T17:06:46Z","sec-exchange",FALSE
"TOP","TOP Financial Group Ltd","NASDAQ",NA,"lab.Unmapped","2026-10-02T17:06:46Z","sec-exchange",TRUE
"ESTA","ESTABLISHMENT LABS HOLDINGS INC.","NASDAQ",NA,"lab.Unmapped","2026-10-02T17:06:46Z","sec-exchange",FALSE
"SPB","Spectrum Brands Holdings, Inc.","NYSE",NA,"lab.Unmapped","2026-10-02T17:06:46Z","sec-exchange",FALSE
"FTRE","Fortrea Holdings Inc.","NASDAQ",NA,"lab.Unmapped","2026-10-02T17:06:46Z","sec-exchange",FALSE
"XNCR","Xencor Inc","NASDAQ",NA,"lab.Unmapped","2026-10-02T17:06:46Z","sec-exchange",FALSE
"KARO","Karooooo Ltd.","NASDAQ",NA,"lab.Unmapped","2026-10-02T17:06:46Z","sec-exchange",FALSE
"PRCH","Porch Group, Inc.","NASDAQ",NA,"lab.Unmapped","2026-10-02T17:06:46Z","sec-exchange",FALSE
"EZPW","EZCORP INC","NASDAQ",NA,"lab.Unmapped","2026-10-02T17:06:46Z","sec-exchange",FALSE
"WU","Western Union CO","NYSE",NA,"lab.Unmapped","2026-10-02T17:06:46Z","sec-exchange",FALSE
"NVCR","NovoCure Ltd","NASDAQ",NA,"lab.Unmapped","2026-10-02T17:06:46Z","sec-exchange",FALSE
"TIC","TIC Solutions, Inc.","NYSE",NA,"lab.Unmapped","2026-10-02T17:06:46Z","sec-exchange",FALSE
"MFP","Midera Food Processing, Inc.","NASDAQ",NA,"lab.Unmapped","2026-10-02T17:06:46Z","sec-exchange",FALSE
"ATEN","A10 Networks, Inc.","NYSE",NA,"lab.Unmapped","2026-10-02T17:06:46Z","sec-exchange",FALSE
"HUBG","Hub Group, Inc.","NASDAQ",NA,"lab.Unmapped","2026-10-02T17:06:46Z","sec-exchange",FALSE
"ASAN","Asana, Inc.","NYSE",NA,"lab.Unmapped","2026-10-02T17:06:46Z","sec-exchange",FALSE
"KRP","Kimbell Royalty Partners, LP","NYSE",NA,"lab.Unmapped","2026-10-02T17:06:46Z","sec-exchange",FALSE
"RUN","Sunrun Inc.","NASDAQ",NA,"lab.Unmapped","2026-10-02T17:06:46Z","sec-exchange",FALSE
"NTST","NETSTREIT Corp.","NYSE",NA,"lab.Unmapped","2026-10-02T17:06:46Z","sec-exchange",FALSE
"UAA","Under Armour, Inc.","NYSE",NA,"lab.Unmapped","2026-10-02T17:06:46Z","sec-exchange",FALSE
"TY","TRI-CONTINENTAL Corp","NYSE",NA,"lab.Unmapped","2026-10-02T17:06:46Z","sec-exchange",FALSE
"GABC","GERMAN AMERICAN BANCORP, INC.","NASDAQ",NA,"lab.Unmapped","2026-10-02T17:06:46Z","sec-exchange",FALSE
"EMAT","Evolution Metals & Technologies Corp.","NASDAQ",NA,"lab.Unmapped","2026-10-02T17:06:46Z","sec-exchange",FALSE
"HMN","HORACE MANN EDUCATORS CORP /DE/","NYSE",NA,"lab.Unmapped","2026-10-02T17:06:46Z","sec-exchange",TRUE
"WKC","WORLD KINECT CORP","NYSE",NA,"lab.Unmapped","2026-10-02T17:06:46Z","sec-exchange",FALSE
"PLAB","PHOTRONICS INC","NASDAQ",NA,"lab.Unmapped","2026-10-02T17:06:46Z","sec-exchange",FALSE
"BOBS","Bob's Discount Furniture, Inc.","NYSE",NA,"lab.Unmapped","2026-10-02T17:06:46Z","sec-exchange",FALSE
"SEPN","Septerna, Inc.","NASDAQ",NA,"lab.Unmapped","2026-10-02T17:06:46Z","sec-exchange",FALSE
"SFL","SFL Corp Ltd.","NYSE",NA,"lab.Unmapped","2026-10-02T17:06:46Z","sec-exchange",FALSE
"ATS","ATS Corp /ATS","NYSE",NA,"lab.Unmapped","2026-10-02T17:06:46Z","sec-exchange",FALSE
"LIME","Neutron Holdings, Inc.","NASDAQ",NA,"lab.Unmapped","2026-10-02T17:06:46Z","sec-exchange",FALSE
"RBCAA","REPUBLIC BANCORP INC /KY/","NASDAQ",NA,"lab.Unmapped","2026-10-02T17:06:46Z","sec-exchange",FALSE
"EPAC","ENERPAC TOOL GROUP CORP","NYSE",NA,"lab.Unmapped","2026-10-02T17:06:46Z","sec-exchange",FALSE
"XPRO","Expro Ltd","NYSE",NA,"lab.Unmapped","2026-10-02T17:06:46Z","sec-exchange",FALSE
"WS","Worthington Steel, Inc.","NYSE",NA,"lab.Unmapped","2026-10-02T17:06:46Z","sec-exchange",FALSE
"BRSL","Brightstar Lottery PLC","NYSE",NA,"lab.Unmapped","2026-10-02T17:06:46Z","sec-exchange",TRUE
"GAB","GABELLI EQUITY TRUST INC","NYSE",NA,"lab.Unmapped","2026-10-02T17:06:46Z","sec-exchange",FALSE
"CMPS","COMPASS Pathways plc","NASDAQ",NA,"lab.Unmapped","2026-10-02T17:06:46Z","sec-exchange",TRUE
"XHR","Xenia Hotels & Resorts, Inc.","NYSE",NA,"lab.Unmapped","2026-10-02T17:06:46Z","sec-exchange",FALSE
"VIR","Vir Biotechnology, Inc.","NASDAQ",NA,"lab.Unmapped","2026-10-02T17:06:46Z","sec-exchange",FALSE
"CEPU","CENTRAL PUERTO S.A.","NYSE",NA,"lab.Unmapped","2026-10-02T17:06:46Z","sec-exchange",TRUE
"HYMC","HYCROFT MINING HOLDING CORP","NASDAQ",NA,"lab.Unmapped","2026-10-02T17:06:46Z","sec-exchange",FALSE
"SNDA","SONIDA SENIOR LIVING, INC.","NYSE",NA,"lab.Unmapped","2026-10-02T17:06:46Z","sec-exchange",FALSE
"GCT","GigaCloud Technology Inc","NASDAQ",NA,"lab.Unmapped","2026-10-02T17:06:46Z","sec-exchange",FALSE
"VERX","Vertex, Inc.","NASDAQ",NA,"lab.Unmapped","2026-10-02T17:06:46Z","sec-exchange",FALSE
"SMA","SmartStop Self Storage REIT, Inc.","NYSE",NA,"lab.Unmapped","2026-10-02T17:06:46Z","sec-exchange",FALSE
"BLBD","Blue Bird Corp","NASDAQ",NA,"lab.Unmapped","2026-10-02T17:06:46Z","sec-exchange",FALSE
"XRAY","DENTSPLY SIRONA Inc.","NASDAQ",NA,"lab.Unmapped","2026-10-02T17:06:46Z","sec-exchange",FALSE
"CMRE","Costamare Inc.","NYSE",NA,"lab.Unmapped","2026-10-02T17:06:46Z","sec-exchange",FALSE
"BXDC","Blackstone Digital Infrastructure Trust Inc.","NYSE",NA,"lab.Unmapped","2026-10-02T17:06:46Z","sec-exchange",FALSE
"PICS","PicS N.V.","NASDAQ",NA,"lab.Unmapped","2026-10-02T17:06:46Z","sec-exchange",TRUE
"NSP","INSPERITY, INC.","NYSE",NA,"lab.Unmapped","2026-10-02T17:06:46Z","sec-exchange",FALSE
"NVAX","NOVAVAX INC","NASDAQ",NA,"lab.Unmapped","2026-10-02T17:06:46Z","sec-exchange",FALSE
"ACVA","ACV Auctions Inc.","NYSE",NA,"lab.Unmapped","2026-10-02T17:06:46Z","sec-exchange",FALSE
"VSTS","Vestis Corp","NYSE",NA,"lab.Unmapped","2026-10-02T17:06:46Z","sec-exchange",FALSE
"MQ","Marqeta, Inc.","NASDAQ",NA,"lab.Unmapped","2026-10-02T17:06:46Z","sec-exchange",FALSE
"AMPL","Amplitude, Inc.","NASDAQ",NA,"lab.Unmapped","2026-10-02T17:06:46Z","sec-exchange",FALSE
"OLN","OLIN Corp","NYSE",NA,"lab.Unmapped","2026-10-02T17:06:46Z","sec-exchange",FALSE
"FORTY","FORMULA SYSTEMS (1985) LTD","NASDAQ",NA,"lab.Unmapped","2026-10-02T17:06:46Z","sec-exchange",FALSE
"GTY","GETTY REALTY CORP /MD/","NYSE",NA,"lab.Unmapped","2026-10-02T17:06:46Z","sec-exchange",FALSE
"ETG","Eaton Vance Tax-Advantaged Global Dividend Income Fund","NYSE",NA,"lab.Unmapped","2026-10-02T17:06:46Z","sec-exchange",FALSE
"XERS","Xeris Biopharma Holdings, Inc.","NASDAQ",NA,"lab.Unmapped","2026-10-02T17:06:46Z","sec-exchange",FALSE
"DAO","Youdao, Inc.","NYSE",NA,"lab.Unmapped","2026-10-02T17:06:46Z","sec-exchange",FALSE
"MLCO","Melco Resorts & Entertainment LTD","NASDAQ",NA,"lab.Unmapped","2026-10-02T17:06:46Z","sec-exchange",FALSE
"ZBIO","Zenas BioPharma, Inc.","NASDAQ",NA,"lab.Unmapped","2026-10-02T17:06:46Z","sec-exchange",FALSE
"NBHC","National Bank Holdings Corp","NYSE",NA,"lab.Unmapped","2026-10-02T17:06:46Z","sec-exchange",FALSE
"DCOM","Dime Commercial Bancshares, Inc. /NY/","NYSE",NA,"lab.Unmapped","2026-10-02T17:06:46Z","sec-exchange",FALSE
"TSLX","Sixth Street Specialty Lending, Inc.","NYSE",NA,"lab.Unmapped","2026-10-02T17:06:46Z","sec-exchange",FALSE
"OCUL","OCULAR THERAPEUTIX, INC","NASDAQ",NA,"lab.Unmapped","2026-10-02T17:06:46Z","sec-exchange",FALSE
"PSNL","Personalis, Inc.","NASDAQ",NA,"lab.Unmapped","2026-10-02T17:06:46Z","sec-exchange",FALSE
"ASTH","Astrana Health, Inc.","NASDAQ",NA,"lab.Unmapped","2026-10-02T17:06:46Z","sec-exchange",FALSE
"ETV","Eaton Vance Tax-Managed Buy-Write Opportunities Fund","NYSE",NA,"lab.Unmapped","2026-10-02T17:06:46Z","sec-exchange",FALSE
"CCS","Century Communities, Inc.","NYSE",NA,"lab.Unmapped","2026-10-02T17:06:46Z","sec-exchange",FALSE
"QURE","uniQure N.V.","NASDAQ",NA,"lab.Unmapped","2026-10-02T17:06:46Z","sec-exchange",TRUE
"WRD","WeRide Inc.","NASDAQ",NA,"lab.Unmapped","2026-10-02T17:06:46Z","sec-exchange",FALSE
"VET","VERMILION ENERGY INC.","NYSE",NA,"lab.Unmapped","2026-10-02T17:06:46Z","sec-exchange",FALSE
"HOPE","HOPE BANCORP INC","NASDAQ",NA,"lab.Unmapped","2026-10-02T17:06:46Z","sec-exchange",FALSE
"STC","STEWART INFORMATION SERVICES CORP","NYSE",NA,"lab.Unmapped","2026-10-02T17:06:46Z","sec-exchange",FALSE
"STBA","S&T BANCORP INC","NASDAQ",NA,"lab.Unmapped","2026-10-02T17:06:46Z","sec-exchange",FALSE
"HAPN","Happen, Inc.","NASDAQ",NA,"lab.Unmapped","2026-10-02T17:06:46Z","sec-exchange",FALSE
"AIN","ALBANY INTERNATIONAL CORP /DE/","NYSE",NA,"lab.Unmapped","2026-10-02T17:06:46Z","sec-exchange",TRUE
"KMTS","KESTRA MEDICAL TECHNOLOGIES, LTD.","NASDAQ",NA,"lab.Unmapped","2026-10-02T17:06:46Z","sec-exchange",FALSE
"FSUN","FIRSTSUN CAPITAL BANCORP","NASDAQ",NA,"lab.Unmapped","2026-10-02T17:06:46Z","sec-exchange",FALSE
"PDO","PIMCO Dynamic Income Opportunities Fund","NYSE",NA,"lab.Unmapped","2026-10-02T17:06:46Z","sec-exchange",FALSE
"ABSI","Absci Corp","NASDAQ",NA,"lab.Unmapped","2026-10-02T17:06:46Z","sec-exchange",FALSE
"GHRS","GH Research PLC","NASDAQ",NA,"lab.Unmapped","2026-10-02T17:06:46Z","sec-exchange",TRUE
"CTS","CTS CORP","NYSE",NA,"lab.Unmapped","2026-10-02T17:06:46Z","sec-exchange",FALSE
"MNR","MACH NATURAL RESOURCES LP","NYSE",NA,"lab.Unmapped","2026-10-02T17:06:46Z","sec-exchange",FALSE
"STEW","SRH Total Return Fund, Inc.","NYSE",NA,"lab.Unmapped","2026-10-02T17:06:46Z","sec-exchange",FALSE
"LOB","Live Oak Bancshares, Inc.","NYSE",NA,"lab.Unmapped","2026-10-02T17:06:46Z","sec-exchange",FALSE
"RLJ","RLJ Lodging Trust","NYSE",NA,"lab.Unmapped","2026-10-02T17:06:46Z","sec-exchange",FALSE
"NUV","NUVEEN MUNICIPAL VALUE FUND INC","NYSE",NA,"lab.Unmapped","2026-10-02T17:06:46Z","sec-exchange",FALSE
"NAT","NORDIC AMERICAN TANKERS Ltd","NYSE",NA,"lab.Unmapped","2026-10-02T17:06:46Z","sec-exchange",FALSE
"ETON","Eton Pharmaceuticals, Inc.","NASDAQ",NA,"lab.Unmapped","2026-10-02T17:06:46Z","sec-exchange",FALSE
"GEL","GENESIS ENERGY LP","NYSE",NA,"lab.Unmapped","2026-10-02T17:06:46Z","sec-exchange",FALSE
"STRA","Strategic Education, Inc.","NASDAQ",NA,"lab.Unmapped","2026-10-02T17:06:46Z","sec-exchange",FALSE
"ANIP","ANI PHARMACEUTICALS INC","NASDAQ",NA,"lab.Unmapped","2026-10-02T17:06:46Z","sec-exchange",FALSE
"BDJ","BlackRock Enhanced Equity Dividend Trust","NYSE",NA,"lab.Unmapped","2026-10-02T17:06:46Z","sec-exchange",FALSE
"NYAX","Nayax Ltd.","NASDAQ",NA,"lab.Unmapped","2026-10-02T17:06:46Z","sec-exchange",FALSE
"IE","Ivanhoe Electric Inc.","NYSE",NA,"lab.Unmapped","2026-10-02T17:06:46Z","sec-exchange",FALSE
"SAM","BOSTON BEER CO INC","NYSE",NA,"lab.Unmapped","2026-10-02T17:06:46Z","sec-exchange",FALSE
"FLNG","Flex LNG Ltd.","NYSE",NA,"lab.Unmapped","2026-10-02T17:06:46Z","sec-exchange",FALSE
"BY","BYLINE BANCORP, INC.","NYSE",NA,"lab.Unmapped","2026-10-02T17:06:46Z","sec-exchange",FALSE
"MGRT","Mega Fortune Co Ltd","NASDAQ",NA,"lab.Unmapped","2026-10-02T17:06:46Z","sec-exchange",FALSE
"NTLA","Intellia Therapeutics, Inc.","NASDAQ",NA,"lab.Unmapped","2026-10-02T17:06:46Z","sec-exchange",FALSE
"NEXT","NextDecade Corp","NASDAQ",NA,"lab.Unmapped","2026-10-02T17:06:46Z","sec-exchange",FALSE
"BFC","Bank First Corp","NASDAQ",NA,"lab.Unmapped","2026-10-02T17:06:46Z","sec-exchange",FALSE
"FRNM","Freenome, Inc.","NASDAQ",NA,"lab.Unmapped","2026-10-02T17:06:46Z","sec-exchange",FALSE
"CPRI","Capri Holdings Ltd","NYSE",NA,"lab.Unmapped","2026-10-02T17:06:46Z","sec-exchange",FALSE
"AI","C3.ai, Inc.","NYSE",NA,"lab.Unmapped","2026-10-02T17:06:46Z","sec-exchange",FALSE
"STOK","Stoke Therapeutics, Inc.","NASDAQ",NA,"lab.Unmapped","2026-10-02T17:06:46Z","sec-exchange",FALSE
"GENI","Genius Sports Ltd","NYSE",NA,"lab.Unmapped","2026-10-02T17:06:46Z","sec-exchange",FALSE
"TCBK","TRICO BANCSHARES /","NASDAQ",NA,"lab.Unmapped","2026-10-02T17:06:46Z","sec-exchange",FALSE
"DXC","DXC Technology Co","NYSE",NA,"lab.Unmapped","2026-10-02T17:06:46Z","sec-exchange",FALSE
"LILA","Liberty Latin America Ltd.","NASDAQ",NA,"lab.Unmapped","2026-10-02T17:06:46Z","sec-exchange",FALSE
"AAT","American Assets Trust, Inc.","NYSE",NA,"lab.Unmapped","2026-10-02T17:06:46Z","sec-exchange",FALSE
"CBL","CBL & ASSOCIATES PROPERTIES INC","NYSE",NA,"lab.Unmapped","2026-10-02T17:06:46Z","sec-exchange",FALSE
"NEXA","Nexa Resources S.A.","NYSE",NA,"lab.Unmapped","2026-10-02T17:06:46Z","sec-exchange",TRUE
"VNET","VNET Group, Inc.","NASDAQ",NA,"lab.Unmapped","2026-10-02T17:06:46Z","sec-exchange",FALSE
"ALHC","Alignment Healthcare, Inc.","NASDAQ",NA,"lab.Unmapped","2026-10-02T17:06:46Z","sec-exchange",FALSE
"SNDX","Syndax Pharmaceuticals Inc","NASDAQ",NA,"lab.Unmapped","2026-10-02T17:06:46Z","sec-exchange",FALSE
"OBK","Origin Bancorp, Inc.","NYSE",NA,"lab.Unmapped","2026-10-02T17:06:46Z","sec-exchange",FALSE
"JBLU","JETBLUE AIRWAYS CORP","NASDAQ",NA,"lab.Unmapped","2026-10-02T17:06:46Z","sec-exchange",FALSE
"DSGR","Distribution Solutions Group, Inc.","NASDAQ",NA,"lab.Unmapped","2026-10-02T17:06:46Z","sec-exchange",FALSE
"QCRH","QCR HOLDINGS INC","NASDAQ",NA,"lab.Unmapped","2026-10-02T17:06:46Z","sec-exchange",FALSE
"TSHA","Taysha Gene Therapies, Inc.","NASDAQ",NA,"lab.Unmapped","2026-10-02T17:06:46Z","sec-exchange",FALSE
"NBTX","Nanobiotix S.A.","NASDAQ",NA,"lab.Unmapped","2026-10-02T17:06:46Z","sec-exchange",TRUE
"PAX","Patria Investments Ltd","NASDAQ",NA,"lab.Unmapped","2026-10-02T17:06:46Z","sec-exchange",FALSE
"EVTC","EVERTEC, Inc.","NYSE",NA,"lab.Unmapped","2026-10-02T17:06:46Z","sec-exchange",FALSE
"IMKTA","INGLES MARKETS INC","NASDAQ",NA,"lab.Unmapped","2026-10-02T17:06:46Z","sec-exchange",FALSE
"OCFC","OCEANFIRST FINANCIAL CORP","NASDAQ",NA,"lab.Unmapped","2026-10-02T17:06:46Z","sec-exchange",FALSE
"GIC","GLOBAL INDUSTRIAL Co","NYSE",NA,"lab.Unmapped","2026-10-02T17:06:46Z","sec-exchange",FALSE
"KRSA","Korsana Biosciences, Inc.","NASDAQ",NA,"lab.Unmapped","2026-10-02T17:06:46Z","sec-exchange",FALSE
"PRGS","PROGRESS SOFTWARE CORP /MA","NASDAQ",NA,"lab.Unmapped","2026-10-02T17:06:46Z","sec-exchange",FALSE
"LCID","Lucid Group, Inc.","NASDAQ","Sector: Consumer Cyclical | Industry: Auto Manufacturers","auto.Vehicle_Manufacturing","2026-10-02T17:06:46Z","sec-exchange",FALSE
"EFC","Ellington Financial Inc.","NYSE",NA,"lab.Unmapped","2026-10-02T17:06:46Z","sec-exchange",FALSE
"TRIN","Trinity Capital Inc.","NYSE",NA,"lab.Unmapped","2026-10-02T17:06:46Z","sec-exchange",FALSE
"WLTH","WEALTHFRONT CORP","NASDAQ",NA,"lab.Unmapped","2026-10-02T17:06:46Z","sec-exchange",FALSE
"ATEC","Alphatec Holdings, Inc.","NASDAQ",NA,"lab.Unmapped","2026-10-02T17:06:46Z","sec-exchange",FALSE
"PWP","Perella Weinberg Partners","NASDAQ",NA,"lab.Unmapped","2026-10-02T17:06:46Z","sec-exchange",FALSE
"GSHD","Goosehead Insurance, Inc.","NASDAQ",NA,"lab.Unmapped","2026-10-02T17:06:46Z","sec-exchange",FALSE
"HE","HAWAIIAN ELECTRIC INDUSTRIES INC","NYSE",NA,"lab.Unmapped","2026-10-02T17:06:46Z","sec-exchange",FALSE
"WB","WEIBO Corp","NASDAQ",NA,"lab.Unmapped","2026-10-02T17:06:46Z","sec-exchange",FALSE
"IMCR","Immunocore Holdings plc","NASDAQ",NA,"lab.Unmapped","2026-10-02T17:06:46Z","sec-exchange",TRUE
"RAPP","Rapport Therapeutics, Inc.","NASDAQ",NA,"lab.Unmapped","2026-10-02T17:06:46Z","sec-exchange",FALSE
"GLP","GLOBAL PARTNERS LP","NYSE",NA,"lab.Unmapped","2026-10-02T17:06:46Z","sec-exchange",FALSE
"COAG","Hemab Therapeutics Holdings, Inc.","NASDAQ",NA,"lab.Unmapped","2026-10-02T17:06:46Z","sec-exchange",FALSE
"AMBQ","Ambiq Micro, Inc.","NYSE",NA,"lab.Unmapped","2026-10-02T17:06:46Z","sec-exchange",FALSE
"SBH","Sally Beauty Holdings, Inc.","NYSE",NA,"lab.Unmapped","2026-10-02T17:06:46Z","sec-exchange",FALSE
"WWW","WOLVERINE WORLD WIDE INC /DE/","NYSE",NA,"lab.Unmapped","2026-10-02T17:06:46Z","sec-exchange",TRUE
"CNXC","Concentrix Corp","NASDAQ",NA,"lab.Unmapped","2026-10-02T17:06:46Z","sec-exchange",FALSE
"UROY","Uranium Royalty Corp.","NASDAQ",NA,"lab.Unmapped","2026-10-02T17:06:46Z","sec-exchange",FALSE
"KOS","Kosmos Energy Ltd.","NYSE",NA,"lab.Unmapped","2026-10-02T17:06:46Z","sec-exchange",FALSE
"OPRA","Opera Ltd","NASDAQ",NA,"lab.Unmapped","2026-10-02T17:06:46Z","sec-exchange",FALSE
"OMCL","OMNICELL, INC.","NASDAQ",NA,"lab.Unmapped","2026-10-02T17:06:46Z","sec-exchange",FALSE
"ATEX","Anterix Inc.","NASDAQ",NA,"lab.Unmapped","2026-10-02T17:06:46Z","sec-exchange",FALSE
"TGLS","Tecnoglass Holdings Inc.","NYSE",NA,"lab.Unmapped","2026-10-02T17:06:46Z","sec-exchange",FALSE
"INBX","Inhibrx Biosciences, Inc.","NASDAQ",NA,"lab.Unmapped","2026-10-02T17:06:46Z","sec-exchange",FALSE
"FLNC","Fluence Energy, Inc.","NASDAQ",NA,"lab.Unmapped","2026-10-02T17:06:46Z","sec-exchange",FALSE
"USAS","Americas Gold & Silver Corp","NYSE",NA,"lab.Unmapped","2026-10-02T17:06:46Z","sec-exchange",FALSE
"HYT","BLACKROCK CORPORATE HIGH YIELD FUND, INC.","NYSE",NA,"lab.Unmapped","2026-10-02T17:06:46Z","sec-exchange",FALSE
"GAM","GENERAL AMERICAN INVESTORS CO INC","NYSE",NA,"lab.Unmapped","2026-10-02T17:06:46Z","sec-exchange",FALSE
"SAFT","SAFETY INSURANCE GROUP INC","NASDAQ",NA,"lab.Unmapped","2026-10-02T17:06:46Z","sec-exchange",FALSE
"BL","BLACKLINE, INC.","NASDAQ",NA,"lab.Unmapped","2026-10-02T17:06:46Z","sec-exchange",FALSE
"CNOB","ConnectOne Bancorp, Inc.","NASDAQ",NA,"lab.Unmapped","2026-10-02T17:06:46Z","sec-exchange",FALSE
"INVA","Innoviva, Inc.","NASDAQ",NA,"lab.Unmapped","2026-10-02T17:06:46Z","sec-exchange",FALSE
"ELE","Elemental Royalty Corp","NASDAQ",NA,"lab.Unmapped","2026-10-02T17:06:46Z","sec-exchange",FALSE
"RVLV","Revolve Group, Inc.","NYSE",NA,"lab.Unmapped","2026-10-02T17:06:46Z","sec-exchange",FALSE
"TYRA","Tyra Biosciences, Inc.","NASDAQ",NA,"lab.Unmapped","2026-10-02T17:06:46Z","sec-exchange",FALSE
"PBT","PERMIAN BASIN ROYALTY TRUST","NYSE",NA,"lab.Unmapped","2026-10-02T17:06:46Z","sec-exchange",FALSE
"MAZE","Maze Therapeutics, Inc.","NASDAQ",NA,"lab.Unmapped","2026-10-02T17:06:46Z","sec-exchange",FALSE
"HAWK","HawkEye 360, Inc.","NYSE",NA,"lab.Unmapped","2026-10-02T17:06:46Z","sec-exchange",FALSE
"IIPR","INNOVATIVE INDUSTRIAL PROPERTIES INC","NYSE",NA,"lab.Unmapped","2026-10-02T17:06:46Z","sec-exchange",FALSE
"AZTA","Azenta, Inc.","NASDAQ",NA,"lab.Unmapped","2026-10-02T17:06:46Z","sec-exchange",FALSE
"ARCO","Arcos Dorados Holdings Inc.","NYSE",NA,"lab.Unmapped","2026-10-02T17:06:46Z","sec-exchange",FALSE
"ENR","ENERGIZER HOLDINGS, INC.","NYSE",NA,"lab.Unmapped","2026-10-02T17:06:46Z","sec-exchange",FALSE
"FOIL","Londian Wason New Energy Tech Inc.","NYSE",NA,"lab.Unmapped","2026-10-02T17:06:46Z","sec-exchange",FALSE
"AGBK","AGI Inc","NYSE",NA,"lab.Unmapped","2026-10-02T17:06:46Z","sec-exchange",FALSE
"CASH","PATHWARD FINANCIAL, INC.","NASDAQ",NA,"lab.Unmapped","2026-10-02T17:06:46Z","sec-exchange",FALSE
"KMPR","KEMPER Corp","NYSE",NA,"lab.Unmapped","2026-10-02T17:06:46Z","sec-exchange",FALSE
"ANAB","ANAPTYSBIO, INC","NASDAQ",NA,"lab.Unmapped","2026-10-02T17:06:46Z","sec-exchange",FALSE
"WOLF","WOLFSPEED, INC.","NYSE",NA,"lab.Unmapped","2026-10-02T17:06:46Z","sec-exchange",FALSE
"ICFI","ICF International, Inc.","NASDAQ",NA,"lab.Unmapped","2026-10-02T17:06:46Z","sec-exchange",FALSE
"RQI","COHEN & STEERS QUALITY INCOME REALTY FUND INC","NYSE",NA,"lab.Unmapped","2026-10-02T17:06:46Z","sec-exchange",FALSE
"CSWC","CAPITAL SOUTHWEST CORP","NASDAQ",NA,"lab.Unmapped","2026-10-02T17:06:46Z","sec-exchange",FALSE
"QQQX","Nuveen NASDAQ 100 Dynamic Overwrite Fund","NASDAQ",NA,"lab.Unmapped","2026-10-02T17:06:46Z","sec-exchange",FALSE
"RARE","Ultragenyx Pharmaceutical Inc.","NASDAQ",NA,"lab.Unmapped","2026-10-02T17:06:46Z","sec-exchange",FALSE
"AVBP","ArriVent BioPharma, Inc.","NASDAQ",NA,"lab.Unmapped","2026-10-02T17:06:46Z","sec-exchange",FALSE
"CRSR","Corsair Gaming, Inc.","NASDAQ",NA,"lab.Unmapped","2026-10-02T17:06:46Z","sec-exchange",FALSE
"WBTN","WEBTOON Entertainment Inc.","NASDAQ",NA,"lab.Unmapped","2026-10-02T17:06:46Z","sec-exchange",FALSE
"HUN","Huntsman CORP","NYSE",NA,"lab.Unmapped","2026-10-02T17:06:46Z","sec-exchange",FALSE
"AESI","Atlas Energy Solutions Inc.","NYSE",NA,"lab.Unmapped","2026-10-02T17:06:46Z","sec-exchange",FALSE
"NOMD","Nomad Foods Ltd","NYSE",NA,"lab.Unmapped","2026-10-02T17:06:46Z","sec-exchange",FALSE
"ARDT","Ardent Health, Inc.","NYSE",NA,"lab.Unmapped","2026-10-02T17:06:46Z","sec-exchange",FALSE
"XNDU","Xanadu Quantum Technologies Ltd","NASDAQ",NA,"lab.Unmapped","2026-10-02T17:06:46Z","sec-exchange",FALSE
"GLOB","Globant S.A.","NYSE",NA,"lab.Unmapped","2026-10-02T17:06:46Z","sec-exchange",TRUE
"PRKS","United Parks & Resorts Inc.","NYSE",NA,"lab.Unmapped","2026-10-02T17:06:46Z","sec-exchange",FALSE
"PGY","Pagaya Technologies Ltd.","NASDAQ",NA,"lab.Unmapped","2026-10-02T17:06:46Z","sec-exchange",FALSE
"LYNX","Lyntris Inc.","NYSE",NA,"lab.Unmapped","2026-10-02T17:06:46Z","sec-exchange",FALSE
"GT","GOODYEAR TIRE & RUBBER CO /OH/","NASDAQ",NA,"lab.Unmapped","2026-10-02T17:06:46Z","sec-exchange",FALSE
"ADIG","ADI GLOBAL DISTRIBUTION INC.","NYSE",NA,"lab.Unmapped","2026-10-02T17:06:46Z","sec-exchange",FALSE
"PAHC","PHIBRO ANIMAL HEALTH CORP","NASDAQ",NA,"lab.Unmapped","2026-10-02T17:06:46Z","sec-exchange",FALSE
"TFIN","Triumph Financial, Inc.","NYSE",NA,"lab.Unmapped","2026-10-02T17:06:46Z","sec-exchange",FALSE
"SVV","Savers Value Village, Inc.","NYSE",NA,"lab.Unmapped","2026-10-02T17:06:46Z","sec-exchange",FALSE
"JJSF","J&J SNACK FOODS CORP","NASDAQ",NA,"lab.Unmapped","2026-10-02T17:06:46Z","sec-exchange",FALSE
"DMC","DEL MONTE CORP","NYSE",NA,"lab.Unmapped","2026-10-02T17:06:46Z","sec-exchange",FALSE
"CERT","Certara, Inc.","NASDAQ",NA,"lab.Unmapped","2026-10-02T17:06:46Z","sec-exchange",FALSE
"LKFN","LAKELAND FINANCIAL CORP","NASDAQ",NA,"lab.Unmapped","2026-10-02T17:06:46Z","sec-exchange",FALSE
"KLRA","Kailera Therapeutics, Inc.","NASDAQ",NA,"lab.Unmapped","2026-10-02T17:06:46Z","sec-exchange",FALSE
"ALKT","ALKAMI TECHNOLOGY, INC.","NASDAQ",NA,"lab.Unmapped","2026-10-02T17:06:46Z","sec-exchange",FALSE
"AGRO","Adecoagro S.A.","NYSE",NA,"lab.Unmapped","2026-10-02T17:06:46Z","sec-exchange",TRUE
"IAUX","i-80 Gold Corp.","NYSE",NA,"lab.Unmapped","2026-10-02T17:06:46Z","sec-exchange",FALSE
"NUTX","Nutex Health Inc.","NASDAQ",NA,"lab.Unmapped","2026-10-02T17:06:46Z","sec-exchange",FALSE
"AAPG","ASCENTAGE PHARMA GROUP INTERNATIONAL","NASDAQ",NA,"lab.Unmapped","2026-10-02T17:06:46Z","sec-exchange",FALSE
"BCAT","BlackRock Capital Allocation Term Trust","NYSE",NA,"lab.Unmapped","2026-10-02T17:06:46Z","sec-exchange",FALSE
"ESQ","Esquire Financial Holdings, Inc.","NASDAQ",NA,"lab.Unmapped","2026-10-02T17:06:46Z","sec-exchange",FALSE
"HCSG","HEALTHCARE SERVICES GROUP INC","NASDAQ",NA,"lab.Unmapped","2026-10-02T17:06:46Z","sec-exchange",FALSE
"FMC","FMC CORP","NYSE",NA,"lab.Unmapped","2026-10-02T17:06:46Z","sec-exchange",FALSE
"SCL","STEPAN CO","NYSE",NA,"lab.Unmapped","2026-10-02T17:06:46Z","sec-exchange",FALSE
"TEN","TSAKOS ENERGY NAVIGATION LTD","NYSE",NA,"lab.Unmapped","2026-10-02T17:06:46Z","sec-exchange",FALSE
"EVCM","EverCommerce Inc.","NASDAQ",NA,"lab.Unmapped","2026-10-02T17:06:46Z","sec-exchange",FALSE
"NVGS","Navigator Holdings Ltd.","NYSE",NA,"lab.Unmapped","2026-10-02T17:06:46Z","sec-exchange",FALSE
"AMSC","AMERICAN SUPERCONDUCTOR CORP /DE/","NASDAQ",NA,"lab.Unmapped","2026-10-02T17:06:46Z","sec-exchange",TRUE
"MBC","MasterBrand, Inc.","NYSE",NA,"lab.Unmapped","2026-10-02T17:06:46Z","sec-exchange",FALSE
"REX","REX AMERICAN RESOURCES Corp","NYSE",NA,"lab.Unmapped","2026-10-02T17:06:46Z","sec-exchange",FALSE
"NFJ","Virtus Dividend, Interest & Premium Strategy Fund","NYSE",NA,"lab.Unmapped","2026-10-02T17:06:46Z","sec-exchange",FALSE
"TRS","TRIMAS CORP","NASDAQ",NA,"lab.Unmapped","2026-10-02T17:06:46Z","sec-exchange",FALSE
"PNTG","Pennant Group, Inc.","NASDAQ",NA,"lab.Unmapped","2026-10-02T17:06:46Z","sec-exchange",FALSE
"ULCC","Frontier Group Holdings, Inc.","NASDAQ",NA,"lab.Unmapped","2026-10-02T17:06:46Z","sec-exchange",FALSE
"OMER","OMEROS CORP","NASDAQ",NA,"lab.Unmapped","2026-10-02T17:06:46Z","sec-exchange",FALSE
"NMAX","Newsmax Inc.","NYSE",NA,"lab.Unmapped","2026-10-02T17:06:46Z","sec-exchange",FALSE
"DMLP","DORCHESTER MINERALS, L.P.","NASDAQ",NA,"lab.Unmapped","2026-10-02T17:06:46Z","sec-exchange",FALSE
"APPS","Digital Turbine, Inc.","NASDAQ",NA,"lab.Unmapped","2026-10-02T17:06:46Z","sec-exchange",FALSE
"TMP","TOMPKINS FINANCIAL CORP","NYSE",NA,"lab.Unmapped","2026-10-02T17:06:46Z","sec-exchange",FALSE
"AMAL","Amalgamated Financial Corp.","NASDAQ",NA,"lab.Unmapped","2026-10-02T17:06:46Z","sec-exchange",FALSE
"PEBO","PEOPLES BANCORP INC","NASDAQ",NA,"lab.Unmapped","2026-10-02T17:06:46Z","sec-exchange",FALSE
"DRTS","Alpha Tau Medical Ltd.","NASDAQ",NA,"lab.Unmapped","2026-10-02T17:06:46Z","sec-exchange",FALSE
"CNMD","CONMED Corp","NYSE",NA,"lab.Unmapped","2026-10-02T17:06:46Z","sec-exchange",FALSE
"AMPX","Amprius Technologies, Inc.","NYSE",NA,"lab.Unmapped","2026-10-02T17:06:46Z","sec-exchange",FALSE
"ECAT","BlackRock ESG Capital Allocation Term Trust","NYSE",NA,"lab.Unmapped","2026-10-02T17:06:46Z","sec-exchange",FALSE
"BHRB","Burke & Herbert Financial Services Corp.","NASDAQ",NA,"lab.Unmapped","2026-10-02T17:06:46Z","sec-exchange",FALSE
"ORIC","Oric Pharmaceuticals, Inc.","NASDAQ",NA,"lab.Unmapped","2026-10-02T17:06:46Z","sec-exchange",FALSE
"VISN","Vistance Networks, Inc.","NASDAQ",NA,"lab.Unmapped","2026-10-02T17:06:46Z","sec-exchange",FALSE
"BTT","BlackRock Municipal 2030 Target Term Trust","NYSE",NA,"lab.Unmapped","2026-10-02T17:06:46Z","sec-exchange",FALSE
"KARD","Kardigan, Inc.","NASDAQ",NA,"lab.Unmapped","2026-10-02T17:06:46Z","sec-exchange",FALSE
"PRSU","Pursuit Attractions & Hospitality, Inc.","NYSE",NA,"lab.Unmapped","2026-10-02T17:06:46Z","sec-exchange",FALSE
"HLMN","Hillman Solutions Corp.","NASDAQ",NA,"lab.Unmapped","2026-10-02T17:06:46Z","sec-exchange",FALSE
"FCEL","FUELCELL ENERGY INC","NASDAQ",NA,"lab.Unmapped","2026-10-02T17:06:46Z","sec-exchange",FALSE
"MLKN","MILLERKNOLL, INC.","NASDAQ",NA,"lab.Unmapped","2026-10-02T17:06:46Z","sec-exchange",FALSE
"VZLA","Vizsla Silver Corp.","NYSE",NA,"lab.Unmapped","2026-10-02T17:06:46Z","sec-exchange",FALSE
"PIII","P3 Health Partners Inc.","NASDAQ",NA,"lab.Unmapped","2026-10-02T17:06:46Z","sec-exchange",FALSE
"SID","NATIONAL STEEL CO","NYSE",NA,"lab.Unmapped","2026-10-02T17:06:46Z","sec-exchange",FALSE
"SLVM","Sylvamo Corp","NYSE",NA,"lab.Unmapped","2026-10-02T17:06:46Z","sec-exchange",FALSE
"LUXE","LuxExperience B.V.","NYSE",NA,"lab.Unmapped","2026-10-02T17:06:46Z","sec-exchange",FALSE
"GFR","Greenfire Resources Ltd.","NYSE",NA,"lab.Unmapped","2026-10-02T17:06:46Z","sec-exchange",FALSE
"UFCS","UNITED FIRE GROUP INC","NASDAQ",NA,"lab.Unmapped","2026-10-02T17:06:46Z","sec-exchange",FALSE
"CTBI","COMMUNITY TRUST BANCORP INC /KY/","NASDAQ",NA,"lab.Unmapped","2026-10-02T17:06:46Z","sec-exchange",FALSE
"LQDT","LIQUIDITY SERVICES INC","NASDAQ",NA,"lab.Unmapped","2026-10-02T17:06:46Z","sec-exchange",FALSE
"WABC","WESTAMERICA BANCORPORATION","NASDAQ",NA,"lab.Unmapped","2026-10-02T17:06:46Z","sec-exchange",FALSE
"AMN","AMN HEALTHCARE SERVICES INC","NYSE",NA,"lab.Unmapped","2026-10-02T17:06:46Z","sec-exchange",FALSE
"ARLO","Arlo Technologies, Inc.","NYSE",NA,"lab.Unmapped","2026-10-02T17:06:46Z","sec-exchange",FALSE
"ARHS","Arhaus, Inc.","NASDAQ",NA,"lab.Unmapped","2026-10-02T17:06:46Z","sec-exchange",FALSE
"EFOR","Everforth Inc","NYSE",NA,"lab.Unmapped","2026-10-02T17:06:46Z","sec-exchange",FALSE
"CRCT","Cricut, Inc.","NASDAQ",NA,"lab.Unmapped","2026-10-02T17:06:46Z","sec-exchange",FALSE
"POET","POET TECHNOLOGIES INC.","NASDAQ",NA,"lab.Unmapped","2026-10-02T17:06:46Z","sec-exchange",FALSE
"FOR","Forestar Group Inc.","NYSE",NA,"lab.Unmapped","2026-10-02T17:06:46Z","sec-exchange",FALSE
"ADNT","Adient plc","NYSE",NA,"lab.Unmapped","2026-10-02T17:06:46Z","sec-exchange",TRUE
"BRUN","Boost Run Inc.","NASDAQ",NA,"lab.Unmapped","2026-10-02T17:06:46Z","sec-exchange",FALSE
"ATLC","Atlanticus Holdings Corp","NASDAQ",NA,"lab.Unmapped","2026-10-02T17:06:46Z","sec-exchange",FALSE
"UMH","UMH PROPERTIES, INC.","NYSE",NA,"lab.Unmapped","2026-10-02T17:06:46Z","sec-exchange",FALSE
"PSQL","Pasqal Holding SA","NASDAQ",NA,"lab.Unmapped","2026-10-02T17:06:46Z","sec-exchange",TRUE
"COUR","Coursera, Inc.","NYSE",NA,"lab.Unmapped","2026-10-02T17:06:46Z","sec-exchange",FALSE
"SHLS","Shoals Technologies Group, Inc.","NASDAQ",NA,"lab.Unmapped","2026-10-02T17:06:46Z","sec-exchange",FALSE
"IMTX","Immatics N.V.","NASDAQ",NA,"lab.Unmapped","2026-10-02T17:06:46Z","sec-exchange",TRUE
"QMCO","QUANTUM CORP /DE/","NASDAQ",NA,"lab.Unmapped","2026-10-02T17:06:46Z","sec-exchange",TRUE
"HLF","HERBALIFE LTD.","NYSE",NA,"lab.Unmapped","2026-10-02T17:06:46Z","sec-exchange",FALSE
"FMBH","FIRST MID BANCSHARES, INC.","NASDAQ",NA,"lab.Unmapped","2026-10-02T17:06:46Z","sec-exchange",FALSE
"AGL","agilon health, inc.","NYSE",NA,"lab.Unmapped","2026-10-02T17:06:46Z","sec-exchange",FALSE
"TRAX","First Tracks Biotherapeutics, Inc.","NASDAQ",NA,"lab.Unmapped","2026-10-02T17:06:46Z","sec-exchange",FALSE
"BXBL","BOXABL Inc.","NASDAQ",NA,"lab.Unmapped","2026-10-02T17:06:46Z","sec-exchange",FALSE
"EYE","National Vision Holdings, Inc.","NASDAQ",NA,"lab.Unmapped","2026-10-02T17:06:46Z","sec-exchange",FALSE
"HBT","HBT Financial, Inc.","NASDAQ",NA,"lab.Unmapped","2026-10-02T17:06:46Z","sec-exchange",FALSE
"XZO","Exzeo Group, Inc.","NYSE",NA,"lab.Unmapped","2026-10-02T17:06:46Z","sec-exchange",FALSE
"CCEC","Capital Clean Energy Carriers Corp.","NASDAQ",NA,"lab.Unmapped","2026-10-02T17:06:46Z","sec-exchange",FALSE
"IART","INTEGRA LIFESCIENCES HOLDINGS CORP","NASDAQ",NA,"lab.Unmapped","2026-10-02T17:06:46Z","sec-exchange",FALSE
"GBX","GREENBRIER COMPANIES INC","NYSE",NA,"lab.Unmapped","2026-10-02T17:06:46Z","sec-exchange",FALSE
"USPH","U S PHYSICAL THERAPY INC /NV","NYSE",NA,"lab.Unmapped","2026-10-02T17:06:46Z","sec-exchange",TRUE
"RDVT","Red Violet, Inc.","NASDAQ",NA,"lab.Unmapped","2026-10-02T17:06:46Z","sec-exchange",FALSE
"BBAI","BigBear.ai Holdings, Inc.","NYSE",NA,"lab.Unmapped","2026-10-02T17:06:46Z","sec-exchange",FALSE
"EPC","EDGEWELL PERSONAL CARE Co","NYSE",NA,"lab.Unmapped","2026-10-02T17:06:46Z","sec-exchange",FALSE
"OPY","OPPENHEIMER HOLDINGS INC","NYSE",NA,"lab.Unmapped","2026-10-02T17:06:46Z","sec-exchange",FALSE
"ALX","ALEXANDERS INC","NYSE",NA,"lab.Unmapped","2026-10-02T17:06:46Z","sec-exchange",FALSE
"NSSC","NAPCO SECURITY TECHNOLOGIES, INC","NASDAQ",NA,"lab.Unmapped","2026-10-02T17:06:46Z","sec-exchange",FALSE
"DMRA","Damora Therapeutics, Inc.","NASDAQ",NA,"lab.Unmapped","2026-10-02T17:06:46Z","sec-exchange",FALSE
"PFBC","Preferred Bank","NASDAQ",NA,"lab.Unmapped","2026-10-02T17:06:46Z","sec-exchange",FALSE
"APC","ARKO Petroleum Corp.","NASDAQ",NA,"lab.Unmapped","2026-10-02T17:06:46Z","sec-exchange",FALSE
"LSPD","Lightspeed Commerce Inc.","NYSE",NA,"lab.Unmapped","2026-10-02T17:06:46Z","sec-exchange",FALSE
"BJRI","BJs RESTAURANTS INC","NASDAQ",NA,"lab.Unmapped","2026-10-02T17:06:46Z","sec-exchange",FALSE
"PRG","PROG Holdings, Inc.","NYSE",NA,"lab.Unmapped","2026-10-02T17:06:46Z","sec-exchange",FALSE
"OSBC","OLD SECOND BANCORP INC","NASDAQ",NA,"lab.Unmapped","2026-10-02T17:06:46Z","sec-exchange",FALSE
"REPL","Replimune Group, Inc.","NASDAQ",NA,"lab.Unmapped","2026-10-02T17:06:46Z","sec-exchange",FALSE
"DCH","Dauch Corp","NYSE",NA,"lab.Unmapped","2026-10-02T17:06:46Z","sec-exchange",FALSE
"TV","GRUPO TELEVISA, S.A.B.","NYSE",NA,"lab.Unmapped","2026-10-02T17:06:46Z","sec-exchange",TRUE
"WD","Walker & Dunlop, Inc.","NYSE",NA,"lab.Unmapped","2026-10-02T17:06:46Z","sec-exchange",FALSE
"ASIC","Ategrity Specialty Insurance Co Holdings","NYSE",NA,"lab.Unmapped","2026-10-02T17:06:46Z","sec-exchange",FALSE
"RES","RPC INC","NYSE",NA,"lab.Unmapped","2026-10-02T17:06:46Z","sec-exchange",FALSE
"BCAX","Bicara Therapeutics Inc.","NASDAQ",NA,"lab.Unmapped","2026-10-02T17:06:46Z","sec-exchange",FALSE
"CRON","Cronos Group Inc.","NASDAQ",NA,"lab.Unmapped","2026-10-02T17:06:46Z","sec-exchange",FALSE
"TK","TEEKAY CORP LTD","NYSE",NA,"lab.Unmapped","2026-10-02T17:06:46Z","sec-exchange",FALSE
"WEN","Wendy's Co","NASDAQ",NA,"lab.Unmapped","2026-10-02T17:06:46Z","sec-exchange",FALSE
"AZUL","AZUL SA","NYSE",NA,"lab.Unmapped","2026-10-02T17:06:46Z","sec-exchange",TRUE
"GOLD","Gold.com, Inc.","NYSE",NA,"lab.Unmapped","2026-10-02T17:06:46Z","sec-exchange",FALSE
"ESRT","Empire State Realty Trust, Inc.","NYSE",NA,"lab.Unmapped","2026-10-02T17:06:46Z","sec-exchange",FALSE
"RYZ","Ryerson Holding Corp","NYSE",NA,"lab.Unmapped","2026-10-02T17:06:46Z","sec-exchange",FALSE
"RMIX","Suncrete, Inc.","NASDAQ",NA,"lab.Unmapped","2026-10-02T17:06:46Z","sec-exchange",FALSE
"YSS","York Space Systems Inc.","NYSE",NA,"lab.Unmapped","2026-10-02T17:06:46Z","sec-exchange",FALSE
"SENEA","Seneca Foods Corp","NASDAQ",NA,"lab.Unmapped","2026-10-02T17:06:46Z","sec-exchange",FALSE
"RDWR","RADWARE LTD","NASDAQ",NA,"lab.Unmapped","2026-10-02T17:06:46Z","sec-exchange",FALSE
"NBXG","Neuberger Next Generation Connectivity Fund Inc.","NYSE",NA,"lab.Unmapped","2026-10-02T17:06:46Z","sec-exchange",FALSE
"VTOL","Bristow Group Inc.","NYSE",NA,"lab.Unmapped","2026-10-02T17:06:46Z","sec-exchange",FALSE
"UMAC","Unusual Machines, Inc.","NYSE",NA,"lab.Unmapped","2026-10-02T17:06:46Z","sec-exchange",FALSE
"XPEL","XPEL, Inc.","NASDAQ",NA,"lab.Unmapped","2026-10-02T17:06:46Z","sec-exchange",FALSE
"DOLE","Dole plc","NYSE",NA,"lab.Unmapped","2026-10-02T17:06:46Z","sec-exchange",TRUE
"INNV","InnovAge Holding Corp.","NASDAQ",NA,"lab.Unmapped","2026-10-02T17:06:46Z","sec-exchange",FALSE
"BORR","Borr Drilling Ltd","NYSE",NA,"lab.Unmapped","2026-10-02T17:06:46Z","sec-exchange",FALSE
"OPK","OPKO HEALTH, INC.","NASDAQ",NA,"lab.Unmapped","2026-10-02T17:06:46Z","sec-exchange",FALSE
"TPB","Turning Point Brands, Inc.","NYSE",NA,"lab.Unmapped","2026-10-02T17:06:46Z","sec-exchange",FALSE
"AVLN","Avalyn Pharma Inc.","NASDAQ",NA,"lab.Unmapped","2026-10-02T17:06:46Z","sec-exchange",FALSE
"FLO","FLOWERS FOODS INC","NYSE",NA,"lab.Unmapped","2026-10-02T17:06:46Z","sec-exchange",FALSE
"LTGO","Latigo Biotherapeutics, Inc.","NASDAQ",NA,"lab.Unmapped","2026-10-02T17:06:46Z","sec-exchange",FALSE
"LBRX","LB PHARMACEUTICALS INC","NASDAQ",NA,"lab.Unmapped","2026-10-02T17:06:46Z","sec-exchange",FALSE
"CCO","Clear Channel Outdoor Holdings, Inc.","NYSE",NA,"lab.Unmapped","2026-10-02T17:06:46Z","sec-exchange",FALSE
"MSDL","Morgan Stanley Direct Lending Fund","NYSE",NA,"lab.Unmapped","2026-10-02T17:06:46Z","sec-exchange",FALSE
"IRS","IRSA INVESTMENTS & REPRESENTATIONS INC","NYSE",NA,"lab.Unmapped","2026-10-02T17:06:46Z","sec-exchange",FALSE
"LZB","LA-Z-BOY INC","NYSE",NA,"lab.Unmapped","2026-10-02T17:06:46Z","sec-exchange",FALSE
"ROCK","GIBRALTAR INDUSTRIES, INC.","NASDAQ",NA,"lab.Unmapped","2026-10-02T17:06:46Z","sec-exchange",FALSE
"OIG","Orion180 Insurance Group Inc.","NASDAQ",NA,"lab.Unmapped","2026-10-02T17:06:46Z","sec-exchange",FALSE
"NEWP","NEW PACIFIC METALS CORP","NYSE",NA,"lab.Unmapped","2026-10-02T17:06:46Z","sec-exchange",FALSE
"AIIR","AIR Global PLC","NASDAQ",NA,"lab.Unmapped","2026-10-02T17:06:46Z","sec-exchange",TRUE
"NHP","National Healthcare Properties, Inc.","NASDAQ",NA,"lab.Unmapped","2026-10-02T17:06:46Z","sec-exchange",FALSE
"NBR","NABORS INDUSTRIES LTD","NYSE",NA,"lab.Unmapped","2026-10-02T17:06:46Z","sec-exchange",FALSE
"SLSR","Solaris Resources Inc.","NYSE",NA,"lab.Unmapped","2026-10-02T17:06:46Z","sec-exchange",FALSE
"HROW","HARROW, INC.","NASDAQ",NA,"lab.Unmapped","2026-10-02T17:06:46Z","sec-exchange",FALSE
"UVE","UNIVERSAL INSURANCE HOLDINGS, INC.","NYSE",NA,"lab.Unmapped","2026-10-02T17:06:46Z","sec-exchange",FALSE
"CBRL","CRACKER BARREL OLD COUNTRY STORE, INC","NASDAQ",NA,"lab.Unmapped","2026-10-02T17:06:46Z","sec-exchange",FALSE
"MYE","MYERS INDUSTRIES INC","NYSE",NA,"lab.Unmapped","2026-10-02T17:06:46Z","sec-exchange",FALSE
"GIII","G III APPAREL GROUP LTD /DE/","NASDAQ",NA,"lab.Unmapped","2026-10-02T17:06:46Z","sec-exchange",TRUE
"SCSC","SCANSOURCE, INC.","NASDAQ",NA,"lab.Unmapped","2026-10-02T17:06:46Z","sec-exchange",FALSE
"OMDA","Omada Health, Inc.","NASDAQ",NA,"lab.Unmapped","2026-10-02T17:06:46Z","sec-exchange",FALSE
"CNL","Collective Mining Ltd.","NASDAQ",NA,"lab.Unmapped","2026-10-02T17:06:46Z","sec-exchange",FALSE
"WLDN","Willdan Group, Inc.","NASDAQ",NA,"lab.Unmapped","2026-10-02T17:06:46Z","sec-exchange",FALSE
"HZO","MARINEMAX INC","NYSE",NA,"lab.Unmapped","2026-10-02T17:06:46Z","sec-exchange",FALSE
"TNC","TENNANT CO","NYSE",NA,"lab.Unmapped","2026-10-02T17:06:46Z","sec-exchange",FALSE
"PD","PagerDuty, Inc.","NYSE",NA,"lab.Unmapped","2026-10-02T17:06:46Z","sec-exchange",FALSE
"LNN","LINDSAY CORP","NYSE",NA,"lab.Unmapped","2026-10-02T17:06:46Z","sec-exchange",FALSE
"TBN","Tamboran Resources Corp","NYSE",NA,"lab.Unmapped","2026-10-02T17:06:46Z","sec-exchange",FALSE
"HLIT","HARMONIC INC.","NASDAQ",NA,"lab.Unmapped","2026-10-02T17:06:46Z","sec-exchange",FALSE
"CRI","CARTERS INC","NYSE",NA,"lab.Unmapped","2026-10-02T17:06:46Z","sec-exchange",FALSE
"DFIN","Donnelley Financial Solutions, Inc.","NYSE",NA,"lab.Unmapped","2026-10-02T17:06:46Z","sec-exchange",FALSE
"AMPH","Amphastar Pharmaceuticals, Inc.","NASDAQ",NA,"lab.Unmapped","2026-10-02T17:06:46Z","sec-exchange",FALSE
"AVO","Mission Produce, Inc.","NASDAQ",NA,"lab.Unmapped","2026-10-02T17:06:46Z","sec-exchange",FALSE
"DSL","DoubleLine Income Solutions Fund","NYSE",NA,"lab.Unmapped","2026-10-02T17:06:46Z","sec-exchange",FALSE
"LADR","Ladder Capital Corp","NYSE",NA,"lab.Unmapped","2026-10-02T17:06:46Z","sec-exchange",FALSE
"AMTB","Amerant Bancorp Inc.","NYSE",NA,"lab.Unmapped","2026-10-02T17:06:46Z","sec-exchange",FALSE
"HFWA","HERITAGE FINANCIAL CORP /WA/","NASDAQ",NA,"lab.Unmapped","2026-10-02T17:06:46Z","sec-exchange",FALSE
"TNDM","TANDEM DIABETES CARE INC","NASDAQ",NA,"lab.Unmapped","2026-10-02T17:06:46Z","sec-exchange",FALSE
"FUN","Six Flags Entertainment Corporation/NEW","NYSE",NA,"lab.Unmapped","2026-10-02T17:06:46Z","sec-exchange",FALSE
"AIP","Arteris, Inc.","NASDAQ",NA,"lab.Unmapped","2026-10-02T17:06:46Z","sec-exchange",FALSE
"PSEC","PROSPECT CAPITAL CORP","NASDAQ",NA,"lab.Unmapped","2026-10-02T17:06:46Z","sec-exchange",FALSE
"UVSP","UNIVEST FINANCIAL Corp","NASDAQ",NA,"lab.Unmapped","2026-10-02T17:06:46Z","sec-exchange",FALSE
"GNK","GENCO SHIPPING & TRADING LTD","NYSE",NA,"lab.Unmapped","2026-10-02T17:06:46Z","sec-exchange",FALSE
"ORC","Orchid Island Capital, Inc.","NYSE",NA,"lab.Unmapped","2026-10-02T17:06:46Z","sec-exchange",FALSE
"EOS","Eaton Vance Enhanced Equity Income Fund II","NYSE",NA,"lab.Unmapped","2026-10-02T17:06:46Z","sec-exchange",FALSE
"DEA","Easterly Government Properties, Inc.","NYSE",NA,"lab.Unmapped","2026-10-02T17:06:46Z","sec-exchange",FALSE
"AMRC","Ameresco, Inc.","NYSE",NA,"lab.Unmapped","2026-10-02T17:06:46Z","sec-exchange",FALSE
"STAA","STAAR SURGICAL CO","NASDAQ",NA,"lab.Unmapped","2026-10-02T17:06:46Z","sec-exchange",FALSE
"PDM","Piedmont Realty Trust, Inc.","NYSE",NA,"lab.Unmapped","2026-10-02T17:06:46Z","sec-exchange",FALSE
"EOSE","Eos Energy Enterprises, Inc.","NASDAQ",NA,"lab.Unmapped","2026-10-02T17:06:46Z","sec-exchange",FALSE
"TE","T1 Energy Inc.","NYSE",NA,"lab.Unmapped","2026-10-02T17:06:46Z","sec-exchange",FALSE
"BRAI","Braiin Ltd","NASDAQ",NA,"lab.Unmapped","2026-10-02T17:06:46Z","sec-exchange",FALSE
"BOW","Bowhead Specialty Holdings Inc.","NYSE",NA,"lab.Unmapped","2026-10-02T17:06:46Z","sec-exchange",FALSE
"CXM","Sprinklr, Inc.","NYSE",NA,"lab.Unmapped","2026-10-02T17:06:46Z","sec-exchange",FALSE
"LGIH","LGI Homes, Inc.","NASDAQ",NA,"lab.Unmapped","2026-10-02T17:06:46Z","sec-exchange",FALSE
"GDRX","GoodRx Holdings, Inc.","NASDAQ",NA,"lab.Unmapped","2026-10-02T17:06:46Z","sec-exchange",FALSE
"AORT","ARTIVION, INC.","NYSE",NA,"lab.Unmapped","2026-10-02T17:06:46Z","sec-exchange",FALSE
"IRMD","IRADIMED CORP","NASDAQ",NA,"lab.Unmapped","2026-10-02T17:06:46Z","sec-exchange",FALSE
"SPH","SUBURBAN PROPANE PARTNERS LP","NYSE",NA,"lab.Unmapped","2026-10-02T17:06:46Z","sec-exchange",FALSE
"CDRE","Cadre Holdings, Inc.","NYSE",NA,"lab.Unmapped","2026-10-02T17:06:46Z","sec-exchange",FALSE
"WINA","WINMARK CORP","NASDAQ",NA,"lab.Unmapped","2026-10-02T17:06:46Z","sec-exchange",FALSE
"ESBA","Empire State Realty OP, L.P.","NYSE",NA,"lab.Unmapped","2026-10-02T17:06:46Z","sec-exchange",FALSE
"PUMP","ProPetro Holding Corp.","NYSE",NA,"lab.Unmapped","2026-10-02T17:06:46Z","sec-exchange",FALSE
"SGML","Sigma Lithium Corp","NASDAQ",NA,"lab.Unmapped","2026-10-02T17:06:46Z","sec-exchange",FALSE
"AKTS","Aktis Oncology, Inc.","NASDAQ",NA,"lab.Unmapped","2026-10-02T17:06:46Z","sec-exchange",FALSE
"CRML","Critical Metals Corp.","NASDAQ",NA,"lab.Unmapped","2026-10-02T17:06:46Z","sec-exchange",FALSE
"HBNB","Hotel101 Global Holdings Corp.","NASDAQ",NA,"lab.Unmapped","2026-10-02T17:06:46Z","sec-exchange",FALSE
"JCAP","Jefferson Capital, Inc. / DE","NASDAQ",NA,"lab.Unmapped","2026-10-02T17:06:46Z","sec-exchange",FALSE
"VOR","Vor Biopharma Inc.","NASDAQ",NA,"lab.Unmapped","2026-10-02T17:06:46Z","sec-exchange",FALSE
"MMI","Marcus & Millichap, Inc.","NYSE",NA,"lab.Unmapped","2026-10-02T17:06:46Z","sec-exchange",FALSE
"PSIX","POWER SOLUTIONS INTERNATIONAL, INC.","NASDAQ",NA,"lab.Unmapped","2026-10-02T17:06:46Z","sec-exchange",FALSE
"MCB","Metropolitan Bank Holding Corp.","NYSE",NA,"lab.Unmapped","2026-10-02T17:06:46Z","sec-exchange",FALSE
"BH-A","Biglari Holdings Inc.","NYSE",NA,"lab.Unmapped","2026-10-02T17:06:46Z","sec-exchange",FALSE
"WLFC","WILLIS LEASE FINANCE CORP","NASDAQ",NA,"lab.Unmapped","2026-10-02T17:06:46Z","sec-exchange",FALSE
"ECVT","Ecovyst Inc.","NYSE",NA,"lab.Unmapped","2026-10-02T17:06:46Z","sec-exchange",FALSE
"LU","Lufax Holding Ltd","NYSE",NA,"lab.Unmapped","2026-10-02T17:06:46Z","sec-exchange",FALSE
"MNKD","MANNKIND CORP","NASDAQ",NA,"lab.Unmapped","2026-10-02T17:06:46Z","sec-exchange",FALSE
"HSLV","Highlander Silver Corp.","NYSE",NA,"lab.Unmapped","2026-10-02T17:06:46Z","sec-exchange",FALSE
"MUX","McEwen Inc.","NYSE",NA,"lab.Unmapped","2026-10-02T17:06:46Z","sec-exchange",FALSE
"ODTX","Odyssey Therapeutics, Inc.","NASDAQ",NA,"lab.Unmapped","2026-10-02T17:06:46Z","sec-exchange",FALSE
"AOD","abrdn Total Dynamic Dividend Fund","NYSE",NA,"lab.Unmapped","2026-10-02T17:06:46Z","sec-exchange",FALSE
"ANRO","Alto Neuroscience, Inc.","NYSE",NA,"lab.Unmapped","2026-10-02T17:06:46Z","sec-exchange",FALSE
"REAL","TheRealReal, Inc.","NASDAQ",NA,"lab.Unmapped","2026-10-02T17:06:46Z","sec-exchange",FALSE
"GO","Grocery Outlet Holding Corp.","NASDAQ",NA,"lab.Unmapped","2026-10-02T17:06:46Z","sec-exchange",FALSE
"VCX","Fundrise Innovation Fund, LLC","NYSE",NA,"lab.Unmapped","2026-10-02T17:06:46Z","sec-exchange",FALSE
"GSBD","Goldman Sachs BDC, Inc.","NYSE",NA,"lab.Unmapped","2026-10-02T17:06:46Z","sec-exchange",FALSE
"AVEX","AEVEX Corp.","NYSE",NA,"lab.Unmapped","2026-10-02T17:06:46Z","sec-exchange",FALSE
"ABTC","American Bitcoin Corp.","NASDAQ",NA,"lab.Unmapped","2026-10-02T17:06:46Z","sec-exchange",FALSE
"DLX","DELUXE CORP","NYSE",NA,"lab.Unmapped","2026-10-02T17:06:46Z","sec-exchange",FALSE
"PSNY","Polestar Automotive Holding UK PLC","NASDAQ",NA,"lab.Unmapped","2026-10-02T17:06:46Z","sec-exchange",TRUE
"MGTX","MeiraGTx Holdings plc","NASDAQ",NA,"lab.Unmapped","2026-10-02T17:06:46Z","sec-exchange",TRUE
"ENOV","Enovis CORP","NYSE",NA,"lab.Unmapped","2026-10-02T17:06:46Z","sec-exchange",FALSE
"MRTN","MARTEN TRANSPORT LTD","NASDAQ",NA,"lab.Unmapped","2026-10-02T17:06:46Z","sec-exchange",FALSE
"LOMA","Loma Negra Compania Industrial Argentina Sociedad Anonima","NYSE",NA,"lab.Unmapped","2026-10-02T17:06:46Z","sec-exchange",FALSE
"OCSL","Oaktree Specialty Lending Corp","NASDAQ",NA,"lab.Unmapped","2026-10-02T17:06:46Z","sec-exchange",FALSE
"CSTL","CASTLE BIOSCIENCES INC","NASDAQ",NA,"lab.Unmapped","2026-10-02T17:06:46Z","sec-exchange",FALSE
"GTM","ZoomInfo Technologies Inc.","NASDAQ",NA,"lab.Unmapped","2026-10-02T17:06:46Z","sec-exchange",FALSE
"BMEZ","BlackRock Health Sciences Term Trust","NYSE",NA,"lab.Unmapped","2026-10-02T17:06:46Z","sec-exchange",FALSE
"CLVT","CLARIVATE PLC","NYSE",NA,"lab.Unmapped","2026-10-02T17:06:46Z","sec-exchange",TRUE
"KRT","Karat Packaging Inc.","NASDAQ",NA,"lab.Unmapped","2026-10-02T17:06:46Z","sec-exchange",FALSE
"NPK","NATIONAL PRESTO INDUSTRIES INC","NYSE",NA,"lab.Unmapped","2026-10-02T17:06:46Z","sec-exchange",FALSE
"CII","BlackRock Enhanced Large Cap Core Fund, Inc.","NYSE",NA,"lab.Unmapped","2026-10-02T17:06:46Z","sec-exchange",FALSE
"BBNX","Beta Bionics, Inc.","NASDAQ",NA,"lab.Unmapped","2026-10-02T17:06:46Z","sec-exchange",FALSE
"SLBT","SL Science Holding Ltd","NASDAQ",NA,"lab.Unmapped","2026-10-02T17:06:46Z","sec-exchange",FALSE
"SVRA","Savara Inc","NASDAQ",NA,"lab.Unmapped","2026-10-02T17:06:46Z","sec-exchange",FALSE
"TDOC","Teladoc Health, Inc.","NYSE",NA,"lab.Unmapped","2026-10-02T17:06:46Z","sec-exchange",FALSE
"BTX","BlackRock Technology & Private Equity Term Trust","NYSE",NA,"lab.Unmapped","2026-10-02T17:06:46Z","sec-exchange",FALSE
"CPAC","CEMENTOS PACASMAYO SAA","NYSE",NA,"lab.Unmapped","2026-10-02T17:06:46Z","sec-exchange",FALSE
"FSCO","FS Credit Opportunities Corp.","NYSE",NA,"lab.Unmapped","2026-10-02T17:06:46Z","sec-exchange",FALSE
"SG","Sweetgreen, Inc.","NYSE",NA,"lab.Unmapped","2026-10-02T17:06:46Z","sec-exchange",FALSE
"IGIC","International General Insurance Holdings Ltd.","NASDAQ",NA,"lab.Unmapped","2026-10-02T17:06:46Z","sec-exchange",FALSE
"FSBC","FIVE STAR BANCORP","NASDAQ",NA,"lab.Unmapped","2026-10-02T17:06:46Z","sec-exchange",FALSE
"CRF","CORNERSTONE TOTAL RETURN FUND INC","NYSE",NA,"lab.Unmapped","2026-10-02T17:06:46Z","sec-exchange",FALSE
"BFS","SAUL CENTERS, INC.","NYSE",NA,"lab.Unmapped","2026-10-02T17:06:46Z","sec-exchange",FALSE
"UVV","UNIVERSAL CORP /VA/","NYSE",NA,"lab.Unmapped","2026-10-02T17:06:46Z","sec-exchange",FALSE
"AFYA","Afya Ltd","NASDAQ",NA,"lab.Unmapped","2026-10-02T17:06:46Z","sec-exchange",FALSE
"THRM","Gentherm Inc","NASDAQ",NA,"lab.Unmapped","2026-10-02T17:06:46Z","sec-exchange",FALSE
"CFFN","Capitol Federal Financial, Inc.","NASDAQ",NA,"lab.Unmapped","2026-10-02T17:06:46Z","sec-exchange",FALSE
"TUYA","Tuya Inc.","NYSE",NA,"lab.Unmapped","2026-10-02T17:06:46Z","sec-exchange",FALSE
"CRAI","CRA INTERNATIONAL, INC.","NASDAQ",NA,"lab.Unmapped","2026-10-02T17:06:46Z","sec-exchange",FALSE
"GPRE","Green Plains Inc.","NASDAQ",NA,"lab.Unmapped","2026-10-02T17:06:46Z","sec-exchange",FALSE
"JANX","Janux Therapeutics, Inc.","NASDAQ",NA,"lab.Unmapped","2026-10-02T17:06:46Z","sec-exchange",FALSE
"ETW","Eaton Vance Tax-Managed Global Buy-Write Opportunities Fund","NYSE",NA,"lab.Unmapped","2026-10-02T17:06:46Z","sec-exchange",FALSE
"PRCT","PROCEPT BioRobotics Corp","NASDAQ",NA,"lab.Unmapped","2026-10-02T17:06:46Z","sec-exchange",FALSE
"FTK","FLOTEK INDUSTRIES INC/CN/","NYSE",NA,"lab.Unmapped","2026-10-02T17:06:46Z","sec-exchange",FALSE
"SPTX","Seaport Therapeutics, Inc.","NASDAQ",NA,"lab.Unmapped","2026-10-02T17:06:46Z","sec-exchange",FALSE
"ASA","ASA Gold & Precious Metals Ltd","NYSE",NA,"lab.Unmapped","2026-10-02T17:06:46Z","sec-exchange",FALSE
"TRUP","TRUPANION, INC.","NASDAQ",NA,"lab.Unmapped","2026-10-02T17:06:46Z","sec-exchange",FALSE
"SBR","SABINE ROYALTY TRUST","NYSE",NA,"lab.Unmapped","2026-10-02T17:06:46Z","sec-exchange",FALSE
"UTI","UNIVERSAL TECHNICAL INSTITUTE INC","NYSE",NA,"lab.Unmapped","2026-10-02T17:06:46Z","sec-exchange",FALSE
"GHM","GRAHAM CORP","NYSE",NA,"lab.Unmapped","2026-10-02T17:06:46Z","sec-exchange",FALSE
"MBWM","MERCANTILE BANK CORP","NASDAQ",NA,"lab.Unmapped","2026-10-02T17:06:46Z","sec-exchange",FALSE
"PCRX","Pacira BioSciences, Inc.","NASDAQ",NA,"lab.Unmapped","2026-10-02T17:06:46Z","sec-exchange",FALSE
"UPWK","UPWORK, INC","NASDAQ",NA,"lab.Unmapped","2026-10-02T17:06:46Z","sec-exchange",FALSE
"RSKD","RISKIFIED LTD.","NYSE",NA,"lab.Unmapped","2026-10-02T17:06:46Z","sec-exchange",FALSE
"ANDG","Andersen Group Inc.","NYSE",NA,"lab.Unmapped","2026-10-02T17:06:46Z","sec-exchange",FALSE
"ITRN","Ituran Location & Control Ltd.","NASDAQ",NA,"lab.Unmapped","2026-10-02T17:06:46Z","sec-exchange",FALSE
"GLUE","Monte Rosa Therapeutics, Inc.","NASDAQ",NA,"lab.Unmapped","2026-10-02T17:06:46Z","sec-exchange",FALSE
"ANL","Adlai Nortye Group Ltd.","NASDAQ",NA,"lab.Unmapped","2026-10-02T17:06:46Z","sec-exchange",TRUE
"RXT","Rackspace Technology, Inc.","NASDAQ",NA,"lab.Unmapped","2026-10-02T17:06:46Z","sec-exchange",FALSE
"MSEX","MIDDLESEX WATER CO","NASDAQ",NA,"lab.Unmapped","2026-10-02T17:06:46Z","sec-exchange",FALSE
"CRVS","Corvus Pharmaceuticals, Inc.","NASDAQ",NA,"lab.Unmapped","2026-10-02T17:06:46Z","sec-exchange",FALSE
"DFH","Dream Finders Homes, Inc.","NYSE",NA,"lab.Unmapped","2026-10-02T17:06:46Z","sec-exchange",FALSE
"NXRT","NexPoint Residential Trust, Inc.","NYSE",NA,"lab.Unmapped","2026-10-02T17:06:46Z","sec-exchange",FALSE
"PDS","PRECISION DRILLING Corp","NYSE",NA,"lab.Unmapped","2026-10-02T17:06:46Z","sec-exchange",FALSE
"APMD","Apnimed, Inc.","NASDAQ",NA,"lab.Unmapped","2026-10-02T17:06:46Z","sec-exchange",FALSE
"MCBS","MetroCity Bankshares, Inc.","NASDAQ",NA,"lab.Unmapped","2026-10-02T17:06:46Z","sec-exchange",FALSE
"NWPX","NWPX Infrastructure, Inc.","NASDAQ",NA,"lab.Unmapped","2026-10-02T17:06:46Z","sec-exchange",FALSE
"CCNE","CNB FINANCIAL CORP/PA","NASDAQ",NA,"lab.Unmapped","2026-10-02T17:06:46Z","sec-exchange",FALSE
"BFST","Business First Bancshares, Inc.","NASDAQ",NA,"lab.Unmapped","2026-10-02T17:06:46Z","sec-exchange",FALSE
"VMET","Versamet Royalties Corp","NASDAQ",NA,"lab.Unmapped","2026-10-02T17:06:46Z","sec-exchange",FALSE
"YELP","YELP INC","NYSE",NA,"lab.Unmapped","2026-10-02T17:06:46Z","sec-exchange",FALSE
"RCAT","Red Cat Holdings, Inc.","NASDAQ",NA,"lab.Unmapped","2026-10-02T17:06:46Z","sec-exchange",FALSE
"HRTG","Heritage Insurance Holdings, Inc.","NYSE",NA,"lab.Unmapped","2026-10-02T17:06:46Z","sec-exchange",FALSE
"MLTX","MoonLake Immunotherapeutics","NASDAQ",NA,"lab.Unmapped","2026-10-02T17:06:46Z","sec-exchange",FALSE
"ITG","ITG, Inc./DE/","NASDAQ",NA,"lab.Unmapped","2026-10-02T17:06:46Z","sec-exchange",TRUE
"EQBK","EQUITY BANCSHARES INC","NYSE",NA,"lab.Unmapped","2026-10-02T17:06:46Z","sec-exchange",FALSE
"XIFR","XPLR Infrastructure, LP","NYSE",NA,"lab.Unmapped","2026-10-02T17:06:46Z","sec-exchange",FALSE
"LMRI","Lumexa Imaging Holdings, Inc.","NASDAQ",NA,"lab.Unmapped","2026-10-02T17:06:46Z","sec-exchange",FALSE
"HPK","HighPeak Energy, Inc.","NASDAQ",NA,"lab.Unmapped","2026-10-02T17:06:46Z","sec-exchange",FALSE
"CSR","CENTERSPACE","NYSE",NA,"lab.Unmapped","2026-10-02T17:06:46Z","sec-exchange",FALSE
"NBBK","NB Bancorp, Inc.","NASDAQ",NA,"lab.Unmapped","2026-10-02T17:06:46Z","sec-exchange",FALSE
"TRIP","TripAdvisor, Inc.","NASDAQ",NA,"lab.Unmapped","2026-10-02T17:06:46Z","sec-exchange",FALSE
"CEVA","CEVA INC","NASDAQ",NA,"lab.Unmapped","2026-10-02T17:06:46Z","sec-exchange",FALSE
"NPKI","NPK International Inc.","NYSE",NA,"lab.Unmapped","2026-10-02T17:06:46Z","sec-exchange",FALSE
"HBNC","HORIZON BANCORP INC /IN/","NASDAQ",NA,"lab.Unmapped","2026-10-02T17:06:46Z","sec-exchange",FALSE
"AEVA","Aeva Technologies, Inc.","NASDAQ",NA,"lab.Unmapped","2026-10-02T17:06:46Z","sec-exchange",FALSE
"KURA","Kura Oncology, Inc.","NASDAQ",NA,"lab.Unmapped","2026-10-02T17:06:46Z","sec-exchange",FALSE
"SIFY","SIFY TECHNOLOGIES LTD","NASDAQ",NA,"lab.Unmapped","2026-10-02T17:06:46Z","sec-exchange",FALSE
"ABUS","Arbutus Biopharma Corp","NASDAQ",NA,"lab.Unmapped","2026-10-02T17:06:46Z","sec-exchange",FALSE
"TYG","TORTOISE ENERGY INFRASTRUCTURE CORP","NYSE",NA,"lab.Unmapped","2026-10-02T17:06:46Z","sec-exchange",FALSE
"IQ","iQIYI, Inc.","NASDAQ",NA,"media.Entertainment","2026-10-02T17:06:46Z","sec-exchange",TRUE
"LAC","LITHIUM AMERICAS CORP.","NYSE",NA,"lab.Unmapped","2026-10-02T17:06:46Z","sec-exchange",FALSE
"PTA","Cohen & Steers Tax-Advantaged Preferred Securities & Income Fund","NYSE",NA,"lab.Unmapped","2026-10-02T17:06:46Z","sec-exchange",FALSE
"FEIM","FREQUENCY ELECTRONICS INC","NASDAQ",NA,"lab.Unmapped","2026-10-02T17:06:46Z","sec-exchange",FALSE
"ASM","AVINO SILVER & GOLD MINES LTD","NYSE",NA,"lab.Unmapped","2026-10-02T17:06:46Z","sec-exchange",FALSE
"BVS","Bioventus Inc.","NASDAQ",NA,"lab.Unmapped","2026-10-02T17:06:46Z","sec-exchange",FALSE
"VPG","Vishay Precision Group, Inc.","NYSE",NA,"lab.Unmapped","2026-10-02T17:06:46Z","sec-exchange",FALSE
"RHLD","Resolute Holdings Management, Inc.","NYSE",NA,"lab.Unmapped","2026-10-02T17:06:46Z","sec-exchange",FALSE
"SB","SAFE BULKERS, INC.","NYSE",NA,"lab.Unmapped","2026-10-02T17:06:46Z","sec-exchange",FALSE
"CBLL","Ceribell, Inc.","NASDAQ",NA,"lab.Unmapped","2026-10-02T17:06:46Z","sec-exchange",FALSE
"CAC","CAMDEN NATIONAL CORP","NASDAQ",NA,"lab.Unmapped","2026-10-02T17:06:46Z","sec-exchange",FALSE
"ASTE","ASTEC INDUSTRIES INC","NASDAQ",NA,"lab.Unmapped","2026-10-02T17:06:46Z","sec-exchange",FALSE
"LZ","LEGALZOOM.COM, INC.","NASDAQ",NA,"lab.Unmapped","2026-10-02T17:06:46Z","sec-exchange",FALSE
"CGEM","Cullinan Therapeutics, Inc.","NASDAQ",NA,"lab.Unmapped","2026-10-02T17:06:46Z","sec-exchange",FALSE
"HELP","CYBIN INC.","NASDAQ",NA,"lab.Unmapped","2026-10-02T17:06:46Z","sec-exchange",FALSE
"NXDR","Nextdoor Holdings, Inc.","NYSE",NA,"lab.Unmapped","2026-10-02T17:06:46Z","sec-exchange",FALSE
"ALMS","ALUMIS INC.","NASDAQ",NA,"lab.Unmapped","2026-10-02T17:06:46Z","sec-exchange",FALSE
"IBTA","Ibotta, Inc.","NYSE",NA,"lab.Unmapped","2026-10-02T17:06:46Z","sec-exchange",FALSE
"DXYZ","Destiny Tech100 Inc.","NYSE",NA,"lab.Unmapped","2026-10-02T17:06:46Z","sec-exchange",FALSE
"KODK","EASTMAN KODAK CO","NYSE",NA,"lab.Unmapped","2026-10-02T17:06:46Z","sec-exchange",FALSE
"STK","Columbia Seligman Premium Technology Growth Fund, Inc.","NYSE",NA,"lab.Unmapped","2026-10-02T17:06:46Z","sec-exchange",FALSE
"CHY","CALAMOS CONVERTIBLE & HIGH INCOME FUND","NASDAQ",NA,"lab.Unmapped","2026-10-02T17:06:46Z","sec-exchange",FALSE
"BV","BrightView Holdings, Inc.","NYSE",NA,"lab.Unmapped","2026-10-02T17:06:46Z","sec-exchange",FALSE
"CMP","COMPASS MINERALS INTERNATIONAL INC","NYSE",NA,"lab.Unmapped","2026-10-02T17:06:46Z","sec-exchange",FALSE
"UTL","UNITIL CORP","NYSE",NA,"lab.Unmapped","2026-10-02T17:06:46Z","sec-exchange",FALSE
"TRST","TRUSTCO BANK CORP N Y","NASDAQ",NA,"lab.Unmapped","2026-10-02T17:06:46Z","sec-exchange",FALSE
"KFRC","KFORCE INC","NYSE",NA,"lab.Unmapped","2026-10-02T17:06:46Z","sec-exchange",FALSE
"XTND","Xtend AI Robotics, Inc.","NYSE",NA,"lab.Unmapped","2026-10-02T17:06:46Z","sec-exchange",FALSE
"PSTL","Postal Realty Trust, Inc.","NYSE",NA,"lab.Unmapped","2026-10-02T17:06:46Z","sec-exchange",FALSE
"CHI","CALAMOS CONVERTIBLE OPPORTUNITIES & INCOME FUND","NASDAQ",NA,"lab.Unmapped","2026-10-02T17:06:46Z","sec-exchange",FALSE
"CPF","CENTRAL PACIFIC FINANCIAL CORP","NYSE",NA,"lab.Unmapped","2026-10-02T17:06:46Z","sec-exchange",FALSE
"TBLA","Taboola.com Ltd.","NASDAQ",NA,"lab.Unmapped","2026-10-02T17:06:46Z","sec-exchange",FALSE
"HAFC","HANMI FINANCIAL CORP","NASDAQ",NA,"lab.Unmapped","2026-10-02T17:06:46Z","sec-exchange",FALSE
"DEC","Diversified Energy Co","NYSE",NA,"lab.Unmapped","2026-10-02T17:06:46Z","sec-exchange",FALSE
"SBGI","Sinclair, Inc.","NASDAQ",NA,"lab.Unmapped","2026-10-02T17:06:46Z","sec-exchange",FALSE
"TDAY","USA TODAY Co., Inc.","NYSE",NA,"lab.Unmapped","2026-10-02T17:06:46Z","sec-exchange",FALSE
"RIGL","RIGEL PHARMACEUTICALS INC","NASDAQ",NA,"lab.Unmapped","2026-10-02T17:06:46Z","sec-exchange",FALSE
"FET","FORUM ENERGY TECHNOLOGIES, INC.","NYSE",NA,"lab.Unmapped","2026-10-02T17:06:46Z","sec-exchange",FALSE
"GLIBA","Liberty Capital Corp/NV","NASDAQ",NA,"lab.Unmapped","2026-10-02T17:06:46Z","sec-exchange",TRUE
"VYX","NCR Voyix Corp","NYSE",NA,"lab.Unmapped","2026-10-02T17:06:46Z","sec-exchange",FALSE
"PLOW","DOUGLAS DYNAMICS, INC","NYSE",NA,"lab.Unmapped","2026-10-02T17:06:46Z","sec-exchange",FALSE
"PXED","Phoenix Education Partners, Inc.","NYSE",NA,"lab.Unmapped","2026-10-02T17:06:46Z","sec-exchange",FALSE
"DJCO","DAILY JOURNAL CORP","NASDAQ",NA,"lab.Unmapped","2026-10-02T17:06:46Z","sec-exchange",FALSE
"UPBD","UPBOUND GROUP, INC.","NASDAQ",NA,"lab.Unmapped","2026-10-02T17:06:46Z","sec-exchange",FALSE
"BBDC","Barings BDC, Inc.","NYSE",NA,"lab.Unmapped","2026-10-02T17:06:46Z","sec-exchange",FALSE
"BCX","BlackRock Resources & Commodities Strategy Trust","NYSE",NA,"lab.Unmapped","2026-10-02T17:06:46Z","sec-exchange",FALSE
"SBSI","SOUTHSIDE BANCSHARES INC","NYSE",NA,"lab.Unmapped","2026-10-02T17:06:46Z","sec-exchange",FALSE
"JBIO","Jade Biosciences, Inc.","NASDAQ",NA,"lab.Unmapped","2026-10-02T17:06:46Z","sec-exchange",FALSE
"MUC","BLACKROCK MUNIHOLDINGS CALIFORNIA QUALITY FUND, INC.","NYSE",NA,"lab.Unmapped","2026-10-02T17:06:46Z","sec-exchange",FALSE
"OBX","Obsidian Therapeutics, Inc.","NASDAQ",NA,"lab.Unmapped","2026-10-02T17:06:46Z","sec-exchange",FALSE
"BKSY","BlackSky Technology Inc.","NYSE",NA,"lab.Unmapped","2026-10-02T17:06:46Z","sec-exchange",FALSE
"PDX","PIMCO Dynamic Income Strategy Fund","NYSE",NA,"lab.Unmapped","2026-10-02T17:06:46Z","sec-exchange",FALSE
"JMIA","Jumia Technologies AG","NYSE",NA,"lab.Unmapped","2026-10-02T17:06:46Z","sec-exchange",TRUE
"LAR","Lithium Argentina AG","NYSE",NA,"lab.Unmapped","2026-10-02T17:06:46Z","sec-exchange",TRUE
"MPB","MID PENN BANCORP INC","NASDAQ",NA,"lab.Unmapped","2026-10-02T17:06:46Z","sec-exchange",FALSE
"HTLD","HEARTLAND EXPRESS INC","NASDAQ",NA,"lab.Unmapped","2026-10-02T17:06:46Z","sec-exchange",FALSE
"KRO","KRONOS WORLDWIDE INC","NYSE",NA,"lab.Unmapped","2026-10-02T17:06:46Z","sec-exchange",FALSE
"RNP","COHEN & STEERS REIT & PREFERRED & INCOME FUND INC","NYSE",NA,"lab.Unmapped","2026-10-02T17:06:46Z","sec-exchange",FALSE
"PCT","PureCycle Technologies, Inc.","NASDAQ",NA,"lab.Unmapped","2026-10-02T17:06:46Z","sec-exchange",FALSE
"FMNB","FARMERS NATIONAL BANC CORP /OH/","NASDAQ",NA,"lab.Unmapped","2026-10-02T17:06:46Z","sec-exchange",FALSE
"HEPS","D-MARKET Electronic Services & Trading","NASDAQ",NA,"lab.Unmapped","2026-10-02T17:06:46Z","sec-exchange",FALSE
"MTA","Metalla Royalty & Streaming Ltd.","NYSE",NA,"lab.Unmapped","2026-10-02T17:06:46Z","sec-exchange",FALSE
"HSTM","HEALTHSTREAM INC","NASDAQ",NA,"lab.Unmapped","2026-10-02T17:06:46Z","sec-exchange",FALSE
"BZH","BEAZER HOMES USA INC","NYSE",NA,"lab.Unmapped","2026-10-02T17:06:46Z","sec-exchange",FALSE
"BBN","BlackRock Taxable Municipal Bond Trust","NYSE",NA,"lab.Unmapped","2026-10-02T17:06:46Z","sec-exchange",FALSE
"FCBC","FIRST COMMUNITY BANKSHARES INC /VA/","NASDAQ",NA,"lab.Unmapped","2026-10-02T17:06:46Z","sec-exchange",FALSE
"SANA","Sana Biotechnology, Inc.","NASDAQ",NA,"lab.Unmapped","2026-10-02T17:06:46Z","sec-exchange",FALSE
"BRBR","BELLRING BRANDS, INC.","NYSE",NA,"lab.Unmapped","2026-10-02T17:06:46Z","sec-exchange",FALSE
"THFF","FIRST FINANCIAL CORP /IN/","NASDAQ",NA,"lab.Unmapped","2026-10-02T17:06:46Z","sec-exchange",FALSE
"ACEL","Accel Entertainment, Inc.","NYSE",NA,"lab.Unmapped","2026-10-02T17:06:46Z","sec-exchange",FALSE
"KOPN","KOPIN CORP","NASDAQ",NA,"lab.Unmapped","2026-10-02T17:06:46Z","sec-exchange",FALSE
"OXLC","Oxford Lane Capital Corp.","NASDAQ",NA,"lab.Unmapped","2026-10-02T17:06:46Z","sec-exchange",FALSE
"ANGX","Angel Studios, Inc.","NYSE",NA,"lab.Unmapped","2026-10-02T17:06:46Z","sec-exchange",FALSE
"FSSL","FS Specialty Lending Fund","NYSE",NA,"lab.Unmapped","2026-10-02T17:06:46Z","sec-exchange",FALSE
"NX","Quanex Building Products CORP","NYSE",NA,"lab.Unmapped","2026-10-02T17:06:46Z","sec-exchange",FALSE
"MCS","MARCUS CORP","NYSE",NA,"lab.Unmapped","2026-10-02T17:06:46Z","sec-exchange",FALSE
"OI","O-I Glass, Inc. /DE/","NYSE",NA,"lab.Unmapped","2026-10-02T17:06:46Z","sec-exchange",TRUE
"SATL","Satellogic Inc.","NASDAQ",NA,"lab.Unmapped","2026-10-02T17:06:46Z","sec-exchange",FALSE
"CYRX","Cryoport, Inc.","NASDAQ",NA,"lab.Unmapped","2026-10-02T17:06:46Z","sec-exchange",FALSE
"REPX","Riley Exploration Permian, Inc.","NYSE",NA,"lab.Unmapped","2026-10-02T17:06:46Z","sec-exchange",FALSE
"KOP","Koppers Holdings Inc.","NYSE",NA,"lab.Unmapped","2026-10-02T17:06:46Z","sec-exchange",FALSE
"ARDX","ARDELYX, INC.","NASDAQ",NA,"lab.Unmapped","2026-10-02T17:06:46Z","sec-exchange",FALSE
"BW","Babcock & Wilcox Enterprises, Inc.","NYSE",NA,"lab.Unmapped","2026-10-02T17:06:46Z","sec-exchange",FALSE
"AIO","Virtus Artificial Intelligence & Technology Opportunities Fund","NYSE",NA,"lab.Unmapped","2026-10-02T17:06:46Z","sec-exchange",FALSE
"KBDC","Kayne Anderson BDC, Inc.","NYSE",NA,"lab.Unmapped","2026-10-02T17:06:46Z","sec-exchange",FALSE
"BUR","Burford Capital Ltd","NYSE",NA,"lab.Unmapped","2026-10-02T17:06:46Z","sec-exchange",FALSE
"VRTS","VIRTUS INVESTMENT PARTNERS, INC.","NYSE",NA,"lab.Unmapped","2026-10-02T17:06:46Z","sec-exchange",FALSE
"FRBT","Forbright, Inc.","NASDAQ",NA,"lab.Unmapped","2026-10-02T17:06:46Z","sec-exchange",FALSE
"SABR","Sabre Corp","NASDAQ",NA,"lab.Unmapped","2026-10-02T17:06:46Z","sec-exchange",FALSE
"TTI","TETRA TECHNOLOGIES INC","NYSE",NA,"lab.Unmapped","2026-10-02T17:06:46Z","sec-exchange",FALSE
"EIG","Employers Holdings, Inc.","NYSE",NA,"lab.Unmapped","2026-10-02T17:06:46Z","sec-exchange",FALSE
"NNE","Nano Nuclear Energy Inc.","NASDAQ",NA,"lab.Unmapped","2026-10-02T17:06:46Z","sec-exchange",FALSE
"PUBM","PubMatic, Inc.","NASDAQ",NA,"lab.Unmapped","2026-10-02T17:06:46Z","sec-exchange",FALSE
"BTGO","BITGO HOLDINGS, INC.","NYSE",NA,"lab.Unmapped","2026-10-02T17:06:46Z","sec-exchange",FALSE
"RZLV","REZOLVE AI PLC","NASDAQ",NA,"lab.Unmapped","2026-10-02T17:06:46Z","sec-exchange",TRUE
"RJET","REPUBLIC AIRWAYS HOLDINGS INC.","NASDAQ",NA,"lab.Unmapped","2026-10-02T17:06:46Z","sec-exchange",FALSE
"CIM","CHIMERA INVESTMENT CORP","NYSE",NA,"lab.Unmapped","2026-10-02T17:06:46Z","sec-exchange",FALSE
"EGBN","EAGLE BANCORP INC","NASDAQ",NA,"lab.Unmapped","2026-10-02T17:06:46Z","sec-exchange",FALSE
"NAVI","NAVIENT CORP","NASDAQ",NA,"lab.Unmapped","2026-10-02T17:06:46Z","sec-exchange",FALSE
"SAFE","Safehold Inc.","NYSE",NA,"lab.Unmapped","2026-10-02T17:06:46Z","sec-exchange",FALSE
"SGP","SpyGlass Pharma, Inc.","NASDAQ",NA,"lab.Unmapped","2026-10-02T17:06:46Z","sec-exchange",FALSE
"OGG","Osisko Gold Group Inc.","NYSE",NA,"lab.Unmapped","2026-10-02T17:06:46Z","sec-exchange",FALSE
"SIBN","SI-BONE, Inc.","NASDAQ",NA,"lab.Unmapped","2026-10-02T17:06:46Z","sec-exchange",FALSE
"EVLV","Evolv Technologies Holdings, Inc.","NASDAQ",NA,"lab.Unmapped","2026-10-02T17:06:46Z","sec-exchange",FALSE
"SMPL","Simply Good Foods Co","NASDAQ",NA,"lab.Unmapped","2026-10-02T17:06:46Z","sec-exchange",FALSE
"SMBK","SMARTFINANCIAL INC.","NYSE",NA,"lab.Unmapped","2026-10-02T17:06:46Z","sec-exchange",FALSE
"RERE","ATRenew Inc.","NYSE",NA,"lab.Unmapped","2026-10-02T17:06:46Z","sec-exchange",FALSE
"GSBC","GREAT SOUTHERN BANCORP, INC.","NASDAQ",NA,"lab.Unmapped","2026-10-02T17:06:46Z","sec-exchange",FALSE
"HIVE","HIVE Digital Technologies Ltd.","NASDAQ",NA,"lab.Unmapped","2026-10-02T17:06:46Z","sec-exchange",FALSE
"SMP","STANDARD MOTOR PRODUCTS, INC.","NYSE",NA,"lab.Unmapped","2026-10-02T17:06:46Z","sec-exchange",FALSE
"AEBI","Aebi Schmidt Holding AG","NASDAQ",NA,"lab.Unmapped","2026-10-02T17:06:46Z","sec-exchange",TRUE
"AWF","ALLIANCEBERNSTEIN GLOBAL HIGH INCOME FUND INC","NYSE",NA,"lab.Unmapped","2026-10-02T17:06:46Z","sec-exchange",FALSE
"DC","Dakota Gold Corp.","NYSE",NA,"lab.Unmapped","2026-10-02T17:06:46Z","sec-exchange",FALSE
"SCZM","Santacruz Silver Mining Ltd.","NASDAQ",NA,"lab.Unmapped","2026-10-02T17:06:46Z","sec-exchange",FALSE
"DAKT","DAKTRONICS INC /SD/","NASDAQ",NA,"lab.Unmapped","2026-10-02T17:06:46Z","sec-exchange",FALSE
"NUAI","New ERA Energy & Digital, Inc.","NASDAQ",NA,"lab.Unmapped","2026-10-02T17:06:46Z","sec-exchange",FALSE
"CODI","Compass Diversified Holdings","NYSE",NA,"lab.Unmapped","2026-10-02T17:06:46Z","sec-exchange",FALSE
"CADL","Candel Therapeutics, Inc.","NASDAQ",NA,"lab.Unmapped","2026-10-02T17:06:46Z","sec-exchange",FALSE
"CCBG","CAPITAL CITY BANK GROUP INC","NASDAQ",NA,"lab.Unmapped","2026-10-02T17:06:46Z","sec-exchange",FALSE
"AOSL","ALPHA & OMEGA SEMICONDUCTOR Ltd","NASDAQ",NA,"lab.Unmapped","2026-10-02T17:06:46Z","sec-exchange",FALSE
"MAKO","Mako Mining Corp.","NASDAQ",NA,"lab.Unmapped","2026-10-02T17:06:46Z","sec-exchange",FALSE
"LXRX","LEXICON PHARMACEUTICALS, INC.","NASDAQ",NA,"lab.Unmapped","2026-10-02T17:06:46Z","sec-exchange",FALSE
"CRESY","CRESUD INC","NASDAQ",NA,"lab.Unmapped","2026-10-02T17:06:46Z","sec-exchange",FALSE
"ATTO","Attovia Therapeutics, Inc.","NASDAQ",NA,"lab.Unmapped","2026-10-02T17:06:46Z","sec-exchange",FALSE
"CVLG","COVENANT LOGISTICS GROUP, INC.","NYSE",NA,"lab.Unmapped","2026-10-02T17:06:46Z","sec-exchange",FALSE
"PLTK","Playtika Holding Corp.","NASDAQ",NA,"lab.Unmapped","2026-10-02T17:06:46Z","sec-exchange",FALSE
"SVC","Service Properties Trust","NASDAQ",NA,"lab.Unmapped","2026-10-02T17:06:46Z","sec-exchange",FALSE
"YALA","Yalla Group Ltd","NYSE",NA,"lab.Unmapped","2026-10-02T17:06:46Z","sec-exchange",TRUE
"BLZE","Backblaze, Inc.","NASDAQ",NA,"lab.Unmapped","2026-10-02T17:06:46Z","sec-exchange",FALSE
"QFIN","Qfin Holdings, Inc.","NASDAQ",NA,"lab.Unmapped","2026-10-02T17:06:46Z","sec-exchange",FALSE
"QNST","QUINSTREET, INC","NASDAQ",NA,"lab.Unmapped","2026-10-02T17:06:46Z","sec-exchange",FALSE
"TIGR","UP Fintech Holding Ltd","NASDAQ",NA,"fn.Fintech","2026-10-02T17:06:46Z","sec-exchange",TRUE
"HSHP","Himalaya Shipping Ltd.","NYSE",NA,"lab.Unmapped","2026-10-02T17:06:46Z","sec-exchange",FALSE
"INMD","InMode Ltd.","NASDAQ",NA,"lab.Unmapped","2026-10-02T17:06:46Z","sec-exchange",FALSE
"CAPL","CrossAmerica Partners LP","NYSE",NA,"lab.Unmapped","2026-10-02T17:06:46Z","sec-exchange",FALSE
"TRNS","TRANSCAT INC","NASDAQ",NA,"lab.Unmapped","2026-10-02T17:06:46Z","sec-exchange",FALSE
"AVTX","Avalo Therapeutics, Inc.","NASDAQ",NA,"lab.Unmapped","2026-10-02T17:06:46Z","sec-exchange",FALSE
"NAK","NORTHERN DYNASTY MINERALS LTD","NYSE",NA,"lab.Unmapped","2026-10-02T17:06:46Z","sec-exchange",FALSE
"EOI","Eaton Vance Enhanced Equity Income Fund","NYSE",NA,"lab.Unmapped","2026-10-02T17:06:46Z","sec-exchange",FALSE
"ODD","Oddity Tech Ltd","NASDAQ",NA,"lab.Unmapped","2026-10-02T17:06:46Z","sec-exchange",FALSE
"RPC","Ridgepost Capital, Inc.","NYSE",NA,"lab.Unmapped","2026-10-02T17:06:46Z","sec-exchange",FALSE
"DSP","Viant Technology Inc.","NASDAQ",NA,"lab.Unmapped","2026-10-02T17:06:46Z","sec-exchange",FALSE
"PCN","PIMCO CORPORATE & INCOME STRATEGY FUND","NYSE",NA,"lab.Unmapped","2026-10-02T17:06:46Z","sec-exchange",FALSE
"SKYH","Sky Harbour Group Corp","NYSE",NA,"lab.Unmapped","2026-10-02T17:06:46Z","sec-exchange",FALSE
"ASGI","abrdn Global Infrastructure Income Fund","NYSE",NA,"lab.Unmapped","2026-10-02T17:06:46Z","sec-exchange",FALSE
"MFA","MFA FINANCIAL, INC.","NYSE",NA,"lab.Unmapped","2026-10-02T17:06:46Z","sec-exchange",FALSE
"HIPO","Hippo Holdings Inc.","NYSE",NA,"lab.Unmapped","2026-10-02T17:06:46Z","sec-exchange",FALSE
"GRPN","Groupon, Inc.","NASDAQ",NA,"lab.Unmapped","2026-10-02T17:06:46Z","sec-exchange",FALSE
"DNA","Ginkgo Bioworks Holdings, Inc.","NYSE",NA,"lab.Unmapped","2026-10-02T17:06:46Z","sec-exchange",FALSE
"MTW","MANITOWOC CO INC","NYSE",NA,"lab.Unmapped","2026-10-02T17:06:46Z","sec-exchange",FALSE
"ADSE","Ads-Tec Energy Public Ltd Co","NASDAQ",NA,"lab.Unmapped","2026-10-02T17:06:46Z","sec-exchange",FALSE
"ORRF","ORRSTOWN FINANCIAL SERVICES INC","NASDAQ",NA,"lab.Unmapped","2026-10-02T17:06:46Z","sec-exchange",FALSE
"LWLG","Lightwave Logic, Inc.","NASDAQ",NA,"lab.Unmapped","2026-10-02T17:06:46Z","sec-exchange",FALSE
"ANNX","Annexon, Inc.","NASDAQ",NA,"lab.Unmapped","2026-10-02T17:06:46Z","sec-exchange",FALSE
"IMC","IMC Rare Earths Ltd","NYSE",NA,"lab.Unmapped","2026-10-02T17:06:46Z","sec-exchange",FALSE
"ARI","Apollo Commercial Real Estate Finance, Inc.","NYSE",NA,"lab.Unmapped","2026-10-02T17:06:46Z","sec-exchange",FALSE
"IVA","Inventiva S.A.","NASDAQ",NA,"lab.Unmapped","2026-10-02T17:06:46Z","sec-exchange",TRUE
"WRLD","WORLD ACCEPTANCE CORP","NASDAQ",NA,"lab.Unmapped","2026-10-02T17:06:46Z","sec-exchange",FALSE
"WEST","Westrock Coffee Co","NASDAQ",NA,"lab.Unmapped","2026-10-02T17:06:46Z","sec-exchange",FALSE
"SXC","SunCoke Energy, Inc.","NYSE",NA,"lab.Unmapped","2026-10-02T17:06:46Z","sec-exchange",FALSE
"NRK","NUVEEN NEW YORK AMT-FREE QUALITY MUNICIPAL INCOME FUND","NYSE",NA,"lab.Unmapped","2026-10-02T17:06:46Z","sec-exchange",FALSE
"FDMT","4D Molecular Therapeutics, Inc.","NASDAQ",NA,"lab.Unmapped","2026-10-02T17:06:46Z","sec-exchange",FALSE
"GYRE","GYRE THERAPEUTICS, INC.","NASDAQ",NA,"lab.Unmapped","2026-10-02T17:06:46Z","sec-exchange",FALSE
"ALRS","ALERUS FINANCIAL CORP","NASDAQ",NA,"lab.Unmapped","2026-10-02T17:06:46Z","sec-exchange",FALSE
"ABR","ARBOR REALTY TRUST INC","NYSE",NA,"lab.Unmapped","2026-10-02T17:06:46Z","sec-exchange",FALSE
"GERN","GERON CORP","NASDAQ",NA,"lab.Unmapped","2026-10-02T17:06:46Z","sec-exchange",FALSE
"ACHV","ACHIEVE LIFE SCIENCES, INC.","NASDAQ",NA,"lab.Unmapped","2026-10-02T17:06:46Z","sec-exchange",FALSE
"JBSS","SANFILIPPO JOHN B & SON INC","NASDAQ",NA,"lab.Unmapped","2026-10-02T17:06:46Z","sec-exchange",FALSE
"GCMG","GCM Grosvenor Inc.","NASDAQ",NA,"lab.Unmapped","2026-10-02T17:06:46Z","sec-exchange",FALSE
"VREX","Varex Imaging Corp","NASDAQ",NA,"lab.Unmapped","2026-10-02T17:06:46Z","sec-exchange",FALSE
"SPFI","SOUTH PLAINS FINANCIAL, INC.","NASDAQ",NA,"lab.Unmapped","2026-10-02T17:06:46Z","sec-exchange",FALSE
"ACRS","Aclaris Therapeutics, Inc.","NASDAQ",NA,"lab.Unmapped","2026-10-02T17:06:46Z","sec-exchange",FALSE
"HTD","JOHN HANCOCK TAX-ADVANTAGED DIVIDEND INCOME FUND","NYSE",NA,"lab.Unmapped","2026-10-02T17:06:46Z","sec-exchange",FALSE
"MTUS","Metallus Inc.","NYSE",NA,"lab.Unmapped","2026-10-02T17:06:46Z","sec-exchange",FALSE
"ELVR","Elevra Lithium Ltd","NASDAQ",NA,"lab.Unmapped","2026-10-02T17:06:46Z","sec-exchange",FALSE
"CSIQ","Canadian Solar Inc.","NASDAQ",NA,"lab.Unmapped","2026-10-02T17:06:46Z","sec-exchange",FALSE
"SMBC","SOUTHERN MISSOURI BANCORP, INC.","NASDAQ",NA,"lab.Unmapped","2026-10-02T17:06:46Z","sec-exchange",FALSE
"ACDC","ProFrac Holding Corp.","NASDAQ",NA,"lab.Unmapped","2026-10-02T17:06:46Z","sec-exchange",FALSE
"TXO","TXO Partners, L.P.","NYSE",NA,"lab.Unmapped","2026-10-02T17:06:46Z","sec-exchange",FALSE
"ABX","Abacus Global Management, Inc.","NYSE",NA,"lab.Unmapped","2026-10-02T17:06:46Z","sec-exchange",FALSE
"LYTS","LSI INDUSTRIES INC","NASDAQ",NA,"lab.Unmapped","2026-10-02T17:06:46Z","sec-exchange",FALSE
"JBGS","JBG SMITH Properties","NYSE",NA,"lab.Unmapped","2026-10-02T17:06:46Z","sec-exchange",FALSE
"DSGN","Design Therapeutics, Inc.","NASDAQ",NA,"lab.Unmapped","2026-10-02T17:06:46Z","sec-exchange",FALSE
"FDUS","FIDUS INVESTMENT Corp","NASDAQ",NA,"lab.Unmapped","2026-10-02T17:06:46Z","sec-exchange",FALSE
"RPD","Rapid7, Inc.","NASDAQ",NA,"lab.Unmapped","2026-10-02T17:06:46Z","sec-exchange",FALSE
"FISI","FINANCIAL INSTITUTIONS INC","NASDAQ",NA,"lab.Unmapped","2026-10-02T17:06:46Z","sec-exchange",FALSE
"CTO","CTO Realty Growth, Inc.","NYSE",NA,"lab.Unmapped","2026-10-02T17:06:46Z","sec-exchange",FALSE
"DQ","DAQO NEW ENERGY CORP.","NYSE",NA,"lab.Unmapped","2026-10-02T17:06:46Z","sec-exchange",FALSE
"FOXF","FOX FACTORY HOLDING CORP","NASDAQ",NA,"lab.Unmapped","2026-10-02T17:06:46Z","sec-exchange",FALSE
"PGC","PEAPACK GLADSTONE FINANCIAL CORP","NASDAQ",NA,"lab.Unmapped","2026-10-02T17:06:46Z","sec-exchange",FALSE
"GILT","GILAT SATELLITE NETWORKS LTD","NASDAQ",NA,"lab.Unmapped","2026-10-02T17:06:46Z","sec-exchange",FALSE
"MNTN","MNTN, Inc.","NYSE",NA,"lab.Unmapped","2026-10-02T17:06:46Z","sec-exchange",FALSE
"HQ","Horizon Quantum Holdings Ltd.","NASDAQ",NA,"lab.Unmapped","2026-10-02T17:06:46Z","sec-exchange",FALSE
"VLRS","Controladora Vuela Compania de Aviacion, S.A.B. de C.V.","NYSE",NA,"lab.Unmapped","2026-10-02T17:06:46Z","sec-exchange",TRUE
"PEO","ADAMS NATURAL RESOURCES FUND, INC.","NYSE",NA,"lab.Unmapped","2026-10-02T17:06:46Z","sec-exchange",FALSE
"NABL","N-able, Inc.","NYSE",NA,"lab.Unmapped","2026-10-02T17:06:46Z","sec-exchange",FALSE
"PHK","PIMCO HIGH INCOME FUND","NYSE",NA,"lab.Unmapped","2026-10-02T17:06:46Z","sec-exchange",FALSE
"SLDB","Solid Biosciences Inc.","NASDAQ",NA,"lab.Unmapped","2026-10-02T17:06:46Z","sec-exchange",FALSE
"THQ","abrdn Healthcare Opportunities Fund","NYSE",NA,"lab.Unmapped","2026-10-02T17:06:46Z","sec-exchange",FALSE
"WLKP","Westlake Chemical Partners LP","NYSE",NA,"lab.Unmapped","2026-10-02T17:06:46Z","sec-exchange",FALSE
"APEI","AMERICAN PUBLIC EDUCATION INC","NASDAQ",NA,"lab.Unmapped","2026-10-02T17:06:46Z","sec-exchange",FALSE
"AHCO","AdaptHealth Corp.","NASDAQ",NA,"lab.Unmapped","2026-10-02T17:06:46Z","sec-exchange",FALSE
"ASC","Ardmore Shipping Corp","NYSE",NA,"lab.Unmapped","2026-10-02T17:06:46Z","sec-exchange",FALSE
"MITK","MITEK SYSTEMS INC","NASDAQ",NA,"lab.Unmapped","2026-10-02T17:06:46Z","sec-exchange",FALSE
"SSYS","STRATASYS LTD.","NASDAQ",NA,"lab.Unmapped","2026-10-02T17:06:46Z","sec-exchange",FALSE
"CGBD","Carlyle Secured Lending, Inc.","NASDAQ",NA,"lab.Unmapped","2026-10-02T17:06:46Z","sec-exchange",FALSE
"BUUU","BUUU Group Ltd","NASDAQ",NA,"lab.Unmapped","2026-10-02T17:06:46Z","sec-exchange",TRUE
"WGO","WINNEBAGO INDUSTRIES INC","NYSE",NA,"lab.Unmapped","2026-10-02T17:06:46Z","sec-exchange",FALSE
"CRTO","Criteo S.A.","NASDAQ",NA,"lab.Unmapped","2026-10-02T17:06:46Z","sec-exchange",TRUE
"RVI","Robinhood Ventures Fund I","NYSE",NA,"lab.Unmapped","2026-10-02T17:06:46Z","sec-exchange",FALSE
"GOOS","Canada Goose Holdings Inc.","NYSE",NA,"lab.Unmapped","2026-10-02T17:06:46Z","sec-exchange",FALSE
"HTB","HomeTrust Bancshares, Inc.","NYSE",NA,"lab.Unmapped","2026-10-02T17:06:46Z","sec-exchange",FALSE
"TASK","TaskUs, Inc.","NASDAQ",NA,"lab.Unmapped","2026-10-02T17:06:46Z","sec-exchange",FALSE
"APOG","APOGEE ENTERPRISES, INC.","NASDAQ",NA,"lab.Unmapped","2026-10-02T17:06:46Z","sec-exchange",FALSE
"IMMX","Immix Biopharma, Inc.","NASDAQ",NA,"lab.Unmapped","2026-10-02T17:06:46Z","sec-exchange",FALSE
"SHBI","SHORE BANCSHARES INC","NASDAQ",NA,"lab.Unmapped","2026-10-02T17:06:46Z","sec-exchange",FALSE
"OLMA","Olema Pharmaceuticals, Inc.","NASDAQ",NA,"lab.Unmapped","2026-10-02T17:06:46Z","sec-exchange",FALSE
"MOV","MOVADO GROUP INC","NYSE",NA,"lab.Unmapped","2026-10-02T17:06:46Z","sec-exchange",FALSE
"REF","Reformation Inc.","NYSE",NA,"lab.Unmapped","2026-10-02T17:06:46Z","sec-exchange",FALSE
"CTKB","Cytek Biosciences, Inc.","NASDAQ",NA,"lab.Unmapped","2026-10-02T17:06:46Z","sec-exchange",FALSE
"LUCK","Lucky Strike Entertainment Corp","NYSE",NA,"lab.Unmapped","2026-10-02T17:06:46Z","sec-exchange",FALSE
"BWMN","Bowman Consulting Group Ltd.","NASDAQ",NA,"lab.Unmapped","2026-10-02T17:06:46Z","sec-exchange",TRUE
"BLDP","Ballard Power Systems Inc.","NASDAQ",NA,"lab.Unmapped","2026-10-02T17:06:46Z","sec-exchange",FALSE
"AVR","Anteris Technologies Global Corp.","NASDAQ",NA,"lab.Unmapped","2026-10-02T17:06:46Z","sec-exchange",FALSE
"BBSI","BARRETT BUSINESS SERVICES INC","NASDAQ",NA,"lab.Unmapped","2026-10-02T17:06:46Z","sec-exchange",FALSE
"MLAB","MESA LABORATORIES INC /CO/","NASDAQ",NA,"lab.Unmapped","2026-10-02T17:06:46Z","sec-exchange",FALSE
"QDEL","QuidelOrtho Corp","NASDAQ",NA,"lab.Unmapped","2026-10-02T17:06:46Z","sec-exchange",FALSE
"STRW","Strawberry Fields REIT, Inc.","NYSE",NA,"lab.Unmapped","2026-10-02T17:06:46Z","sec-exchange",FALSE
"ETRA","Electra Therapeutics, Inc.","NASDAQ",NA,"lab.Unmapped","2026-10-02T17:06:46Z","sec-exchange",FALSE
"VSTM","Verastem, Inc.","NASDAQ",NA,"lab.Unmapped","2026-10-02T17:06:46Z","sec-exchange",FALSE
"MFIC","MidCap Financial Investment Corp","NASDAQ",NA,"lab.Unmapped","2026-10-02T17:06:46Z","sec-exchange",FALSE
"FTH","Faeth Therapeutics, Inc.","NASDAQ",NA,"lab.Unmapped","2026-10-02T17:06:46Z","sec-exchange",FALSE
"BCSF","Bain Capital Specialty Finance, Inc.","NYSE",NA,"lab.Unmapped","2026-10-02T17:06:46Z","sec-exchange",FALSE
"WYFI","WhiteFiber, Inc.","NASDAQ",NA,"lab.Unmapped","2026-10-02T17:06:46Z","sec-exchange",FALSE
"IBCP","INDEPENDENT BANK CORP /MI/","NASDAQ",NA,"lab.Unmapped","2026-10-02T17:06:46Z","sec-exchange",FALSE
"NRGV","Energy Vault Holdings, Inc.","NYSE",NA,"lab.Unmapped","2026-10-02T17:06:46Z","sec-exchange",FALSE
"DBVT","DBV Technologies S.A.","NASDAQ",NA,"lab.Unmapped","2026-10-02T17:06:46Z","sec-exchange",TRUE
"PAYS","Paysign, Inc.","NASDAQ",NA,"lab.Unmapped","2026-10-02T17:06:46Z","sec-exchange",FALSE
"FINV","FinVolution Group","NYSE",NA,"lab.Unmapped","2026-10-02T17:06:46Z","sec-exchange",FALSE
"RMT","ROYCE MICRO-CAP TRUST, INC.","NYSE",NA,"lab.Unmapped","2026-10-02T17:06:46Z","sec-exchange",FALSE
"SWIM","Latham Group, Inc.","NASDAQ",NA,"lab.Unmapped","2026-10-02T17:06:46Z","sec-exchange",FALSE
"PHAR","Pharming Group N.V.","NASDAQ",NA,"lab.Unmapped","2026-10-02T17:06:46Z","sec-exchange",TRUE
"WASH","WASHINGTON TRUST BANCORP INC","NASDAQ",NA,"lab.Unmapped","2026-10-02T17:06:46Z","sec-exchange",FALSE
"HYLN","Hyliion Holdings Corp.","NYSE",NA,"lab.Unmapped","2026-10-02T17:06:46Z","sec-exchange",FALSE
"FFC","Flaherty & Crumrine PREFERRED & INCOME SECURITIES FUND INC","NYSE",NA,"lab.Unmapped","2026-10-02T17:06:46Z","sec-exchange",FALSE
"BTO","JOHN HANCOCK FINANCIAL OPPORTUNITIES FUND","NYSE",NA,"lab.Unmapped","2026-10-02T17:06:46Z","sec-exchange",FALSE
"ROOT","Root, Inc.","NASDAQ",NA,"lab.Unmapped","2026-10-02T17:06:46Z","sec-exchange",FALSE
"VBNK","VersaBank","NASDAQ",NA,"lab.Unmapped","2026-10-02T17:06:46Z","sec-exchange",FALSE
"CWBC","Community West Bancshares","NASDAQ",NA,"lab.Unmapped","2026-10-02T17:06:46Z","sec-exchange",FALSE
"WVE","Wave Life Sciences, Inc.","NASDAQ",NA,"lab.Unmapped","2026-10-02T17:06:46Z","sec-exchange",FALSE
"TCBX","Third Coast Bancshares, Inc.","NYSE",NA,"lab.Unmapped","2026-10-02T17:06:46Z","sec-exchange",FALSE
"KRNT","Kornit Digital Ltd.","NASDAQ",NA,"lab.Unmapped","2026-10-02T17:06:46Z","sec-exchange",FALSE
"BALY","Bally's Corp","NYSE",NA,"lab.Unmapped","2026-10-02T17:06:46Z","sec-exchange",FALSE
"MQY","BLACKROCK MUNIYIELD QUALITY FUND, INC.","NYSE",NA,"lab.Unmapped","2026-10-02T17:06:46Z","sec-exchange",FALSE
"ADAM","ADAMAS TRUST, INC.","NASDAQ",NA,"lab.Unmapped","2026-10-02T17:06:46Z","sec-exchange",FALSE
"GDOT","GREEN DOT CORP","NYSE",NA,"lab.Unmapped","2026-10-02T17:06:46Z","sec-exchange",FALSE
"SOPH","SOPHiA GENETICS SA","NASDAQ",NA,"lab.Unmapped","2026-10-02T17:06:46Z","sec-exchange",TRUE
"GROY","Gold Royalty Corp.","NYSE",NA,"lab.Unmapped","2026-10-02T17:06:46Z","sec-exchange",FALSE
"PRAA","PRA GROUP INC","NASDAQ",NA,"lab.Unmapped","2026-10-02T17:06:46Z","sec-exchange",FALSE
"LPTH","LIGHTPATH TECHNOLOGIES INC","NASDAQ",NA,"lab.Unmapped","2026-10-02T17:06:46Z","sec-exchange",FALSE
"MOMO","Hello Group Inc.","NASDAQ",NA,"lab.Unmapped","2026-10-02T17:06:46Z","sec-exchange",FALSE
"VTS","Vitesse Energy, Inc.","NYSE",NA,"lab.Unmapped","2026-10-02T17:06:46Z","sec-exchange",FALSE
"MEGI","NYLI CBRE Global Infrastructure Megatrends Term Fund","NYSE",NA,"lab.Unmapped","2026-10-02T17:06:46Z","sec-exchange",FALSE
"NGVC","Natural Grocers by Vitamin Cottage, Inc.","NYSE",NA,"lab.Unmapped","2026-10-02T17:06:46Z","sec-exchange",FALSE
"BLMN","Bloomin' Brands, Inc.","NASDAQ",NA,"lab.Unmapped","2026-10-02T17:06:46Z","sec-exchange",FALSE
"FPH","Five Point Holdings, LLC","NYSE",NA,"lab.Unmapped","2026-10-02T17:06:46Z","sec-exchange",FALSE
"NIE","Virtus Equity & Convertible Income Fund","NYSE",NA,"lab.Unmapped","2026-10-02T17:06:46Z","sec-exchange",FALSE
"LXU","LSB INDUSTRIES, INC.","NYSE",NA,"lab.Unmapped","2026-10-02T17:06:46Z","sec-exchange",FALSE
"OABI","OmniAb, Inc.","NASDAQ",NA,"lab.Unmapped","2026-10-02T17:06:46Z","sec-exchange",FALSE
"INDI","indie Semiconductor, Inc.","NASDAQ",NA,"lab.Unmapped","2026-10-02T17:06:46Z","sec-exchange",FALSE
"PFLT","PennantPark Floating Rate Capital Ltd.","NYSE",NA,"lab.Unmapped","2026-10-02T17:06:46Z","sec-exchange",FALSE
"CARE","Carter Bankshares, Inc.","NASDAQ",NA,"lab.Unmapped","2026-10-02T17:06:46Z","sec-exchange",FALSE
"AROW","ARROW FINANCIAL CORP","NASDAQ",NA,"lab.Unmapped","2026-10-02T17:06:46Z","sec-exchange",FALSE
"HDL","SUPER HI INTERNATIONAL HOLDING LTD.","NASDAQ",NA,"lab.Unmapped","2026-10-02T17:06:46Z","sec-exchange",FALSE
"BCAL","California BanCorp \ CA","NASDAQ",NA,"lab.Unmapped","2026-10-02T17:06:46Z","sec-exchange",FALSE
"LEGH","Legacy Housing Corp","NASDAQ",NA,"lab.Unmapped","2026-10-02T17:06:46Z","sec-exchange",FALSE
"CCXI","Churchill Capital Corp XI","NASDAQ",NA,"lab.Unmapped","2026-10-02T17:06:46Z","sec-exchange",FALSE
"BLSM","BlossomHill Therapeutics, Inc.","NASDAQ",NA,"lab.Unmapped","2026-10-02T17:06:46Z","sec-exchange",FALSE
"EVEX","Eve Holding, Inc.","NYSE",NA,"lab.Unmapped","2026-10-02T17:06:46Z","sec-exchange",FALSE
"GPRK","GeoPark Ltd","NYSE",NA,"lab.Unmapped","2026-10-02T17:06:46Z","sec-exchange",FALSE
"GEMI","Gemini Space Station, Inc.","NASDAQ",NA,"lab.Unmapped","2026-10-02T17:06:46Z","sec-exchange",FALSE
"COLL","COLLEGIUM PHARMACEUTICAL, INC","NASDAQ",NA,"lab.Unmapped","2026-10-02T17:06:46Z","sec-exchange",FALSE
"PFIS","PEOPLES FINANCIAL SERVICES CORP.","NASDAQ",NA,"lab.Unmapped","2026-10-02T17:06:46Z","sec-exchange",FALSE
"CASS","CASS INFORMATION SYSTEMS INC","NASDAQ",NA,"lab.Unmapped","2026-10-02T17:06:46Z","sec-exchange",FALSE
"OBE","OBSIDIAN ENERGY LTD.","NYSE",NA,"lab.Unmapped","2026-10-02T17:06:46Z","sec-exchange",FALSE
"IRWD","IRONWOOD PHARMACEUTICALS INC","NASDAQ",NA,"lab.Unmapped","2026-10-02T17:06:46Z","sec-exchange",FALSE
"VLGEA","VILLAGE SUPER MARKET INC","NASDAQ",NA,"lab.Unmapped","2026-10-02T17:06:46Z","sec-exchange",FALSE
"ZVRA","ZEVRA THERAPEUTICS, INC.","NASDAQ",NA,"lab.Unmapped","2026-10-02T17:06:46Z","sec-exchange",FALSE
"IVR","Invesco Mortgage Capital Inc.","NYSE",NA,"lab.Unmapped","2026-10-02T17:06:46Z","sec-exchange",FALSE
"PKOH","PARK OHIO HOLDINGS CORP","NASDAQ",NA,"lab.Unmapped","2026-10-02T17:06:46Z","sec-exchange",FALSE
"SMWB","SIMILARWEB LTD.","NYSE",NA,"lab.Unmapped","2026-10-02T17:06:46Z","sec-exchange",FALSE
"MG","Mistras Group, Inc.","NYSE",NA,"lab.Unmapped","2026-10-02T17:06:46Z","sec-exchange",FALSE
"CNNE","Cannae Holdings, Inc.","NYSE",NA,"lab.Unmapped","2026-10-02T17:06:46Z","sec-exchange",FALSE
"LINC","LINCOLN EDUCATIONAL SERVICES CORP","NASDAQ",NA,"lab.Unmapped","2026-10-02T17:06:46Z","sec-exchange",FALSE
"RGR","STURM RUGER & CO INC","NYSE",NA,"lab.Unmapped","2026-10-02T17:06:46Z","sec-exchange",FALSE
"SLN","Silence Therapeutics plc","NASDAQ",NA,"lab.Unmapped","2026-10-02T17:06:46Z","sec-exchange",TRUE
"MDXG","MIMEDX GROUP, INC.","NASDAQ",NA,"lab.Unmapped","2026-10-02T17:06:46Z","sec-exchange",FALSE
"PZZA","PAPA JOHNS INTERNATIONAL INC","NASDAQ",NA,"lab.Unmapped","2026-10-02T17:06:46Z","sec-exchange",FALSE
"MSBI","Midland States Bancorp, Inc.","NASDAQ",NA,"lab.Unmapped","2026-10-02T17:06:46Z","sec-exchange",FALSE
"NVCT","Nuvectis Pharma, Inc.","NASDAQ",NA,"lab.Unmapped","2026-10-02T17:06:46Z","sec-exchange",FALSE
"HOV","HOVNANIAN ENTERPRISES INC","NYSE",NA,"lab.Unmapped","2026-10-02T17:06:46Z","sec-exchange",FALSE
"FAC","Factorial Energy Inc.","NASDAQ",NA,"lab.Unmapped","2026-10-02T17:06:46Z","sec-exchange",FALSE
"IPX","IPERIONX Ltd","NASDAQ",NA,"lab.Unmapped","2026-10-02T17:06:46Z","sec-exchange",FALSE
"EVC","ENTRAVISION COMMUNICATIONS CORP","NYSE",NA,"lab.Unmapped","2026-10-02T17:06:46Z","sec-exchange",FALSE
"DGICA","DONEGAL GROUP INC","NASDAQ",NA,"lab.Unmapped","2026-10-02T17:06:46Z","sec-exchange",FALSE
"CLYM","Climb Bio, Inc.","NASDAQ",NA,"lab.Unmapped","2026-10-02T17:06:46Z","sec-exchange",FALSE
"PROK","PROKIDNEY CORP.","NASDAQ",NA,"lab.Unmapped","2026-10-02T17:06:46Z","sec-exchange",FALSE
"EVER","EverQuote, Inc.","NASDAQ",NA,"lab.Unmapped","2026-10-02T17:06:46Z","sec-exchange",FALSE
"HNRG","HALLADOR ENERGY CO","NASDAQ",NA,"lab.Unmapped","2026-10-02T17:06:46Z","sec-exchange",FALSE
"STTK","Shattuck Labs, Inc.","NASDAQ",NA,"lab.Unmapped","2026-10-02T17:06:46Z","sec-exchange",FALSE
"BUI","BlackRock Utilities, Infrastructure & Power Opportunities Trust","NYSE",NA,"lab.Unmapped","2026-10-02T17:06:46Z","sec-exchange",FALSE
"OFRM","Once Upon a Farm, PBC","NYSE",NA,"lab.Unmapped","2026-10-02T17:06:46Z","sec-exchange",FALSE
"BWMX","BETTERWARE DE MEXICO, S.A.P.I. DE C.V","NYSE",NA,"lab.Unmapped","2026-10-02T17:06:46Z","sec-exchange",TRUE
"NMFC","New Mountain Finance Corp","NASDAQ",NA,"lab.Unmapped","2026-10-02T17:06:46Z","sec-exchange",FALSE
"SOC","Sable Offshore Corp.","NYSE",NA,"lab.Unmapped","2026-10-02T17:06:46Z","sec-exchange",FALSE
"STLN","Starling Oncology, Inc.","NASDAQ",NA,"lab.Unmapped","2026-10-02T17:06:46Z","sec-exchange",FALSE
"CSHR","CoinShares PLC","NASDAQ",NA,"lab.Unmapped","2026-10-02T17:06:46Z","sec-exchange",TRUE
"WOOF","Petco Health & Wellness Company, Inc.","NASDAQ",NA,"lab.Unmapped","2026-10-02T17:06:46Z","sec-exchange",FALSE
"KE","Kimball Electronics, Inc.","NASDAQ",NA,"lab.Unmapped","2026-10-02T17:06:46Z","sec-exchange",FALSE
"CLDT","Chatham Lodging Trust","NYSE",NA,"lab.Unmapped","2026-10-02T17:06:46Z","sec-exchange",FALSE
"OSPN","OneSpan Inc.","NASDAQ",NA,"lab.Unmapped","2026-10-02T17:06:46Z","sec-exchange",FALSE
"SUPV","Grupo Supervielle S.A.","NYSE",NA,"lab.Unmapped","2026-10-02T17:06:46Z","sec-exchange",TRUE
"RRBI","RED RIVER BANCSHARES INC","NASDAQ",NA,"lab.Unmapped","2026-10-02T17:06:46Z","sec-exchange",FALSE
"CD","Chaince Digital Holdings Inc.","NASDAQ",NA,"lab.Unmapped","2026-10-02T17:06:46Z","sec-exchange",FALSE
"BHB","BAR HARBOR BANKSHARES","NYSE",NA,"lab.Unmapped","2026-10-02T17:06:46Z","sec-exchange",FALSE
"HELE","HELEN OF TROY LTD","NASDAQ",NA,"lab.Unmapped","2026-10-02T17:06:46Z","sec-exchange",FALSE
"DMII","Drugs Made In America Acquisition II Corp.","NASDAQ",NA,"lab.Unmapped","2026-10-02T17:06:46Z","sec-exchange",FALSE
"TRON","Tron Inc.","NASDAQ",NA,"lab.Unmapped","2026-10-02T17:06:46Z","sec-exchange",FALSE
"DDI","DoubleDown Interactive Co., Ltd.","NASDAQ",NA,"lab.Unmapped","2026-10-02T17:06:46Z","sec-exchange",FALSE
"TBLD","Thornburg Income Builder Opportunities Trust","NASDAQ",NA,"lab.Unmapped","2026-10-02T17:06:46Z","sec-exchange",FALSE
"MATV","Mativ Holdings, Inc.","NYSE",NA,"lab.Unmapped","2026-10-02T17:06:46Z","sec-exchange",FALSE
"SCHL","SCHOLASTIC CORP","NASDAQ",NA,"lab.Unmapped","2026-10-02T17:06:46Z","sec-exchange",FALSE
"NFGC","New Found Gold Corp.","NYSE",NA,"lab.Unmapped","2026-10-02T17:06:46Z","sec-exchange",FALSE
"BOT","RoboStrategy, Inc.","NASDAQ",NA,"lab.Unmapped","2026-10-02T17:06:46Z","sec-exchange",FALSE
"PRTH","Priority Technology Holdings, Inc.","NASDAQ",NA,"lab.Unmapped","2026-10-02T17:06:46Z","sec-exchange",FALSE
"TROX","Tronox Holdings plc","NYSE",NA,"lab.Unmapped","2026-10-02T17:06:46Z","sec-exchange",TRUE
"RA","Brookfield Real Assets Income Fund Inc.","NYSE",NA,"lab.Unmapped","2026-10-02T17:06:46Z","sec-exchange",FALSE
"PKE","PARK AEROSPACE CORP","NYSE",NA,"lab.Unmapped","2026-10-02T17:06:46Z","sec-exchange",FALSE
"TIPT","TIPTREE INC.","NASDAQ",NA,"lab.Unmapped","2026-10-02T17:06:46Z","sec-exchange",FALSE
"AURA","Aura Biosciences, Inc.","NASDAQ",NA,"lab.Unmapped","2026-10-02T17:06:46Z","sec-exchange",FALSE
"CCD","Calamos Dynamic Convertible & Income Fund","NASDAQ",NA,"lab.Unmapped","2026-10-02T17:06:46Z","sec-exchange",FALSE
"SLRC","SLR Investment Corp.","NASDAQ",NA,"lab.Unmapped","2026-10-02T17:06:46Z","sec-exchange",FALSE
"GLAS","Glass House Brands Inc.","NYSE",NA,"lab.Unmapped","2026-10-02T17:06:46Z","sec-exchange",FALSE
"INN","Summit Hotel Properties, Inc.","NYSE",NA,"lab.Unmapped","2026-10-02T17:06:46Z","sec-exchange",FALSE
"BIT","BlackRock Multi-Sector Income Trust","NYSE",NA,"lab.Unmapped","2026-10-02T17:06:46Z","sec-exchange",FALSE
"FWRG","First Watch Restaurant Group, Inc.","NASDAQ",NA,"lab.Unmapped","2026-10-02T17:06:46Z","sec-exchange",FALSE
"DLY","DoubleLine Yield Opportunities Fund","NYSE",NA,"lab.Unmapped","2026-10-02T17:06:46Z","sec-exchange",FALSE
"WCCB","West Coast Community Bancorp","NASDAQ",NA,"lab.Unmapped","2026-10-02T17:06:46Z","sec-exchange",FALSE
"ACNB","ACNB CORP","NASDAQ",NA,"lab.Unmapped","2026-10-02T17:06:46Z","sec-exchange",FALSE
"HPP","Hudson Pacific Properties, Inc.","NYSE",NA,"lab.Unmapped","2026-10-02T17:06:46Z","sec-exchange",FALSE
"AHG","Akso Health Group","NASDAQ",NA,"lab.Unmapped","2026-10-02T17:06:46Z","sec-exchange",FALSE
"YEXT","Yext, Inc.","NYSE",NA,"lab.Unmapped","2026-10-02T17:06:46Z","sec-exchange",FALSE
"ANGO","ANGIODYNAMICS INC","NASDAQ",NA,"lab.Unmapped","2026-10-02T17:06:46Z","sec-exchange",FALSE
"MUA","BLACKROCK MUNIASSETS FUND, INC.","NYSE",NA,"lab.Unmapped","2026-10-02T17:06:46Z","sec-exchange",FALSE
"CCSI","Consensus Cloud Solutions, Inc.","NASDAQ",NA,"lab.Unmapped","2026-10-02T17:06:46Z","sec-exchange",FALSE
"UAMY","UNITED STATES ANTIMONY CORP","NYSE",NA,"lab.Unmapped","2026-10-02T17:06:46Z","sec-exchange",FALSE
"SWBI","SMITH & WESSON BRANDS, INC.","NASDAQ",NA,"lab.Unmapped","2026-10-02T17:06:46Z","sec-exchange",FALSE
"SHEN","SHENANDOAH TELECOMMUNICATIONS CO/VA/","NASDAQ",NA,"lab.Unmapped","2026-10-02T17:06:46Z","sec-exchange",FALSE
"CGNT","Cognyte Software Ltd.","NASDAQ",NA,"lab.Unmapped","2026-10-02T17:06:46Z","sec-exchange",FALSE
"PAXS","PIMCO Access Income Fund","NYSE",NA,"lab.Unmapped","2026-10-02T17:06:46Z","sec-exchange",FALSE
"RSVR","Reservoir Media, Inc.","NASDAQ",NA,"lab.Unmapped","2026-10-02T17:06:46Z","sec-exchange",FALSE
"GDYN","GRID DYNAMICS HOLDINGS, INC.","NASDAQ",NA,"lab.Unmapped","2026-10-02T17:06:46Z","sec-exchange",FALSE
"YSWY","Yesway, Inc.","NASDAQ",NA,"lab.Unmapped","2026-10-02T17:06:46Z","sec-exchange",FALSE
"PFN","PIMCO Income Strategy Fund II","NYSE",NA,"lab.Unmapped","2026-10-02T17:06:46Z","sec-exchange",FALSE
"PHR","Phreesia, Inc.","NYSE",NA,"lab.Unmapped","2026-10-02T17:06:46Z","sec-exchange",FALSE
"CRMD","CorMedix Inc.","NASDAQ",NA,"lab.Unmapped","2026-10-02T17:06:46Z","sec-exchange",FALSE
"NRDY","Nerdy Inc.","NYSE",NA,"lab.Unmapped","2026-10-02T17:06:46Z","sec-exchange",FALSE
"GOOD","GLADSTONE COMMERCIAL CORP","NASDAQ",NA,"lab.Unmapped","2026-10-02T17:06:46Z","sec-exchange",FALSE
"ARRY","Array Technologies, Inc.","NASDAQ",NA,"lab.Unmapped","2026-10-02T17:06:46Z","sec-exchange",FALSE
"CTMX","CytomX Therapeutics, Inc.","NASDAQ",NA,"lab.Unmapped","2026-10-02T17:06:46Z","sec-exchange",FALSE
"HTZ","HERTZ GLOBAL HOLDINGS, INC","NASDAQ",NA,"lab.Unmapped","2026-10-02T17:06:46Z","sec-exchange",FALSE
"WDI","Western Asset Diversified Income Fund (WDI)","NYSE",NA,"lab.Unmapped","2026-10-02T17:06:46Z","sec-exchange",FALSE
"VINP","Vinci Compass Investments Ltd.","NASDAQ",NA,"lab.Unmapped","2026-10-02T17:06:46Z","sec-exchange",FALSE
"MLR","MILLER INDUSTRIES INC /TN/","NYSE",NA,"lab.Unmapped","2026-10-02T17:06:46Z","sec-exchange",FALSE
"FWDI","Forward Industries, Inc.","NASDAQ",NA,"lab.Unmapped","2026-10-02T17:06:46Z","sec-exchange",FALSE
"FLGT","Fulgent Genetics, Inc.","NASDAQ",NA,"lab.Unmapped","2026-10-02T17:06:46Z","sec-exchange",FALSE
"MAMA","Mama's Creations, Inc.","NASDAQ",NA,"lab.Unmapped","2026-10-02T17:06:46Z","sec-exchange",FALSE
"ENVX","Enovix Corp","NASDAQ",NA,"lab.Unmapped","2026-10-02T17:06:46Z","sec-exchange",FALSE
"ISOU","IsoEnergy Ltd.","NYSE",NA,"lab.Unmapped","2026-10-02T17:06:46Z","sec-exchange",FALSE
"CLMB","Climb Global Solutions, Inc.","NASDAQ",NA,"lab.Unmapped","2026-10-02T17:06:46Z","sec-exchange",FALSE
"CCB","COASTAL FINANCIAL CORP","NASDAQ",NA,"lab.Unmapped","2026-10-02T17:06:46Z","sec-exchange",FALSE
"EVAC","EQV Ventures Acquisition Corp. II","NYSE",NA,"lab.Unmapped","2026-10-02T17:06:46Z","sec-exchange",FALSE
"BTBT","Bit Digital, Inc","NASDAQ",NA,"lab.Unmapped","2026-10-02T17:06:46Z","sec-exchange",FALSE
"PHAT","Phathom Pharmaceuticals, Inc.","NASDAQ",NA,"lab.Unmapped","2026-10-02T17:06:46Z","sec-exchange",FALSE
"GFUZ","General Fusion Group Ltd.","NASDAQ",NA,"lab.Unmapped","2026-10-02T17:06:46Z","sec-exchange",TRUE
"MATW","MATTHEWS INTERNATIONAL CORP","NASDAQ",NA,"lab.Unmapped","2026-10-02T17:06:46Z","sec-exchange",FALSE
"BCSS","Bain Capital GSS Investment Corp.","NYSE",NA,"lab.Unmapped","2026-10-02T17:06:46Z","sec-exchange",FALSE
"CXII","Churchill Capital Corp XII","NASDAQ",NA,"lab.Unmapped","2026-10-02T17:06:46Z","sec-exchange",FALSE
"AGNT","AGNT, Inc.","NASDAQ",NA,"lab.Unmapped","2026-10-02T17:06:46Z","sec-exchange",FALSE
"VEL","Velocity Financial, Inc.","NYSE",NA,"lab.Unmapped","2026-10-02T17:06:46Z","sec-exchange",FALSE
"NTGR","NETGEAR, INC.","NASDAQ",NA,"lab.Unmapped","2026-10-02T17:06:46Z","sec-exchange",FALSE
"WHK","WhiteHawk Minerals Corp.","NYSE",NA,"lab.Unmapped","2026-10-02T17:06:46Z","sec-exchange",FALSE
"VTEX","VTEX","NYSE",NA,"lab.Unmapped","2026-10-02T17:06:46Z","sec-exchange",FALSE
"IGR","CBRE GLOBAL REAL ESTATE INCOME FUND","NYSE",NA,"lab.Unmapped","2026-10-02T17:06:46Z","sec-exchange",FALSE
"NKX","NUVEEN CALIFORNIA AMT-FREE QUALITY MUNICIPAL INCOME FUND","NYSE",NA,"lab.Unmapped","2026-10-02T17:06:46Z","sec-exchange",FALSE
"EGY","VAALCO ENERGY INC /DE/","NYSE",NA,"lab.Unmapped","2026-10-02T17:06:46Z","sec-exchange",TRUE
"WEAV","Weave Communications, Inc.","NYSE",NA,"lab.Unmapped","2026-10-02T17:06:46Z","sec-exchange",FALSE
"CRD-A","CRAWFORD & CO","NYSE",NA,"lab.Unmapped","2026-10-02T17:06:46Z","sec-exchange",FALSE
"TWN","TAIWAN FUND INC","NYSE",NA,"lab.Unmapped","2026-10-02T17:06:46Z","sec-exchange",TRUE
"KIDS","ORTHOPEDIATRICS CORP","NASDAQ",NA,"lab.Unmapped","2026-10-02T17:06:46Z","sec-exchange",FALSE
"DDD","3D SYSTEMS CORP","NYSE",NA,"lab.Unmapped","2026-10-02T17:06:46Z","sec-exchange",FALSE
"CEPF","Cantor Equity Partners IV, Inc.","NASDAQ",NA,"lab.Unmapped","2026-10-02T17:06:46Z","sec-exchange",FALSE
"ELMT","Elmet Group Co.","NASDAQ",NA,"lab.Unmapped","2026-10-02T17:06:46Z","sec-exchange",FALSE
"OIO","OIO Group","NASDAQ",NA,"lab.Unmapped","2026-10-02T17:06:46Z","sec-exchange",FALSE
"OOMA","OOMA INC","NYSE",NA,"lab.Unmapped","2026-10-02T17:06:46Z","sec-exchange",FALSE
"TMS","Teamshares Inc","NASDAQ",NA,"lab.Unmapped","2026-10-02T17:06:46Z","sec-exchange",FALSE
"SGMT","Sagimet Biosciences Inc.","NASDAQ",NA,"lab.Unmapped","2026-10-02T17:06:46Z","sec-exchange",FALSE
"AQST","Aquestive Therapeutics, Inc.","NASDAQ",NA,"lab.Unmapped","2026-10-02T17:06:46Z","sec-exchange",FALSE
"BXC","BlueLinx Holdings Inc.","NYSE",NA,"lab.Unmapped","2026-10-02T17:06:46Z","sec-exchange",FALSE
"VALN","Valneva SE","NASDAQ",NA,"lab.Unmapped","2026-10-02T17:06:46Z","sec-exchange",TRUE
"DSU","BLACKROCK DEBT STRATEGIES FUND, INC.","NYSE",NA,"lab.Unmapped","2026-10-02T17:06:46Z","sec-exchange",FALSE
"CBNK","Capital Bancorp Inc","NASDAQ",NA,"lab.Unmapped","2026-10-02T17:06:46Z","sec-exchange",FALSE
"IBEX","IBEX Ltd","NASDAQ",NA,"lab.Unmapped","2026-10-02T17:06:46Z","sec-exchange",FALSE
"GOTU","Gaotu Techedu Inc.","NYSE",NA,"lab.Unmapped","2026-10-02T17:06:46Z","sec-exchange",FALSE
"FBIZ","FIRST BUSINESS FINANCIAL SERVICES, INC.","NASDAQ",NA,"lab.Unmapped","2026-10-02T17:06:46Z","sec-exchange",FALSE
"ALT","Altimmune, Inc.","NASDAQ",NA,"lab.Unmapped","2026-10-02T17:06:46Z","sec-exchange",FALSE
"LMB","Limbach Holdings, Inc.","NASDAQ",NA,"lab.Unmapped","2026-10-02T17:06:46Z","sec-exchange",FALSE
"EVO","Evotec SE","NASDAQ",NA,"lab.Unmapped","2026-10-02T17:06:46Z","sec-exchange",TRUE
"AHRT","AH Realty Trust, Inc.","NYSE",NA,"lab.Unmapped","2026-10-02T17:06:46Z","sec-exchange",FALSE
"KRNY","Kearny Financial Corp.","NASDAQ",NA,"lab.Unmapped","2026-10-02T17:06:46Z","sec-exchange",FALSE
"HY","HYSTER-YALE, INC.","NYSE",NA,"lab.Unmapped","2026-10-02T17:06:46Z","sec-exchange",FALSE
"PACB","PACIFIC BIOSCIENCES OF CALIFORNIA, INC.","NASDAQ",NA,"lab.Unmapped","2026-10-02T17:06:46Z","sec-exchange",FALSE
"NCDL","Nuveen Churchill Direct Lending Corp.","NYSE",NA,"lab.Unmapped","2026-10-02T17:06:46Z","sec-exchange",FALSE
"MPLT","MapLight Therapeutics, Inc.","NASDAQ",NA,"lab.Unmapped","2026-10-02T17:06:46Z","sec-exchange",FALSE
"GCBC","GREENE COUNTY BANCORP INC","NASDAQ",NA,"lab.Unmapped","2026-10-02T17:06:46Z","sec-exchange",FALSE
"NGNE","Neurogene Inc.","NASDAQ",NA,"lab.Unmapped","2026-10-02T17:06:46Z","sec-exchange",FALSE
"DCBO","Docebo Inc.","NASDAQ",NA,"lab.Unmapped","2026-10-02T17:06:46Z","sec-exchange",FALSE
"BAK","BRASKEM SA","NYSE",NA,"lab.Unmapped","2026-10-02T17:06:46Z","sec-exchange",TRUE
"NML","Neuberger Energy Infrastructure & Income Fund Inc.","NYSE",NA,"lab.Unmapped","2026-10-02T17:06:46Z","sec-exchange",FALSE
"CTGO","Contango Silver & Gold Inc.","NYSE",NA,"lab.Unmapped","2026-10-02T17:06:46Z","sec-exchange",FALSE
"JBI","Janus International Group, Inc.","NYSE",NA,"lab.Unmapped","2026-10-02T17:06:46Z","sec-exchange",FALSE
"GRNT","Granite Ridge Resources, Inc.","NYSE",NA,"lab.Unmapped","2026-10-02T17:06:46Z","sec-exchange",FALSE
"BWB","Bridgewater Bancshares Inc","NASDAQ",NA,"lab.Unmapped","2026-10-02T17:06:46Z","sec-exchange",FALSE
"SSII","SS Innovations International, Inc.","NASDAQ",NA,"lab.Unmapped","2026-10-02T17:06:46Z","sec-exchange",FALSE
"KELYA","KELLY SERVICES INC","NASDAQ",NA,"lab.Unmapped","2026-10-02T17:06:46Z","sec-exchange",FALSE
"LOT","Lotus Technology Inc.","NASDAQ",NA,"lab.Unmapped","2026-10-02T17:06:46Z","sec-exchange",FALSE
"ADTN","ADTRAN Holdings, Inc.","NASDAQ",NA,"lab.Unmapped","2026-10-02T17:06:46Z","sec-exchange",FALSE
"ALLO","Allogene Therapeutics, Inc.","NASDAQ",NA,"lab.Unmapped","2026-10-02T17:06:46Z","sec-exchange",FALSE
"CDNL","Cardinal Infrastructure Group Inc.","NASDAQ",NA,"lab.Unmapped","2026-10-02T17:06:46Z","sec-exchange",FALSE
"SFST","SOUTHERN FIRST BANCSHARES INC","NASDAQ",NA,"lab.Unmapped","2026-10-02T17:06:46Z","sec-exchange",FALSE
"HNST","Honest Company, Inc.","NASDAQ",NA,"lab.Unmapped","2026-10-02T17:06:46Z","sec-exchange",FALSE
"IIIN","INSTEEL INDUSTRIES INC","NYSE",NA,"lab.Unmapped","2026-10-02T17:06:46Z","sec-exchange",FALSE
"ACP","abrdn Income Credit Strategies Fund","NYSE",NA,"lab.Unmapped","2026-10-02T17:06:46Z","sec-exchange",FALSE
"XMAX","XMax Inc.","NASDAQ",NA,"lab.Unmapped","2026-10-02T17:06:46Z","sec-exchange",FALSE
"SPT","Sprout Social, Inc.","NASDAQ",NA,"lab.Unmapped","2026-10-02T17:06:46Z","sec-exchange",FALSE
"ALOY","REALLOYS INC.","NASDAQ",NA,"lab.Unmapped","2026-10-02T17:06:46Z","sec-exchange",FALSE
"PRME","Prime Medicine, Inc.","NASDAQ",NA,"lab.Unmapped","2026-10-02T17:06:46Z","sec-exchange",FALSE
"TLRY","Tilray Brands, Inc.","NASDAQ",NA,"lab.Unmapped","2026-10-02T17:06:46Z","sec-exchange",FALSE
"PAR","PAR TECHNOLOGY CORP","NYSE",NA,"lab.Unmapped","2026-10-02T17:06:46Z","sec-exchange",FALSE
"YB","Yuanbao Inc.","NASDAQ",NA,"lab.Unmapped","2026-10-02T17:06:46Z","sec-exchange",FALSE
"DBCA","D. Boral Acquisition I Corp.","NASDAQ",NA,"lab.Unmapped","2026-10-02T17:06:46Z","sec-exchange",FALSE
"TMQ","Trilogy Metals Inc.","NYSE",NA,"lab.Unmapped","2026-10-02T17:06:46Z","sec-exchange",FALSE
"EPRX","EUPRAXIA PHARMACEUTICALS INC.","NASDAQ",NA,"lab.Unmapped","2026-10-02T17:06:46Z","sec-exchange",FALSE
"CARS","Cars.com Inc.","NYSE",NA,"lab.Unmapped","2026-10-02T17:06:46Z","sec-exchange",FALSE
"TITN","Titan Machinery Inc.","NASDAQ",NA,"lab.Unmapped","2026-10-02T17:06:46Z","sec-exchange",FALSE
"AEXA","American Exceptionalism Acquisition Corp. A","NYSE",NA,"lab.Unmapped","2026-10-02T17:06:46Z","sec-exchange",FALSE
"NVRI","Enviri Corp","NYSE",NA,"lab.Unmapped","2026-10-02T17:06:46Z","sec-exchange",FALSE
"SPPP","SPROTT PHYSICAL PLATINUM & PALLADIUM TRUST","NYSE",NA,"lab.Unmapped","2026-10-02T17:06:46Z","sec-exchange",FALSE
"UNTY","UNITY BANCORP INC /NJ/","NASDAQ",NA,"lab.Unmapped","2026-10-02T17:06:46Z","sec-exchange",FALSE
"CIVB","CIVISTA BANCSHARES, INC.","NASDAQ",NA,"lab.Unmapped","2026-10-02T17:06:46Z","sec-exchange",FALSE
"FBRT","Franklin BSP Realty Trust, Inc.","NYSE",NA,"lab.Unmapped","2026-10-02T17:06:46Z","sec-exchange",FALSE
"ENRD","Einride AB","NASDAQ",NA,"lab.Unmapped","2026-10-02T17:06:46Z","sec-exchange",FALSE
"ETJ","Eaton Vance Risk-Managed Diversified Equity Income Fund","NYSE",NA,"lab.Unmapped","2026-10-02T17:06:46Z","sec-exchange",FALSE
"DCTH","DELCATH SYSTEMS, INC.","NASDAQ",NA,"lab.Unmapped","2026-10-02T17:06:46Z","sec-exchange",FALSE
"RYAM","RAYONIER ADVANCED MATERIALS INC.","NYSE",NA,"lab.Unmapped","2026-10-02T17:06:46Z","sec-exchange",FALSE
"MSIF","MSC INCOME FUND, INC.","NYSE",NA,"lab.Unmapped","2026-10-02T17:06:46Z","sec-exchange",FALSE
"NRDS","NERDWALLET, INC.","NASDAQ",NA,"lab.Unmapped","2026-10-02T17:06:46Z","sec-exchange",FALSE
"ITIC","INVESTORS TITLE CO","NASDAQ",NA,"lab.Unmapped","2026-10-02T17:06:46Z","sec-exchange",FALSE
"CBIO","CRESCENT BIOPHARMA, INC.","NASDAQ",NA,"lab.Unmapped","2026-10-02T17:06:46Z","sec-exchange",FALSE
"BWAY","Brainsway Ltd.","NASDAQ",NA,"lab.Unmapped","2026-10-02T17:06:46Z","sec-exchange",FALSE
"NRIM","NORTHRIM BANCORP INC","NASDAQ",NA,"lab.Unmapped","2026-10-02T17:06:46Z","sec-exchange",FALSE
"GHXI","Gores Holdings XI, Inc.","NASDAQ",NA,"lab.Unmapped","2026-10-02T17:06:46Z","sec-exchange",FALSE
"NOAH","NOAH HOLDINGS LTD","NYSE",NA,"lab.Unmapped","2026-10-02T17:06:46Z","sec-exchange",FALSE
"CMDB","Costamare Bulkers Holdings Ltd","NYSE",NA,"lab.Unmapped","2026-10-02T17:06:46Z","sec-exchange",FALSE
"MNPR","Monopar Therapeutics","NASDAQ",NA,"lab.Unmapped","2026-10-02T17:06:46Z","sec-exchange",FALSE
"METC","Ramaco Resources, Inc.","NASDAQ",NA,"lab.Unmapped","2026-10-02T17:06:46Z","sec-exchange",FALSE
"FAX","ABRDN ASIA-PACIFIC INCOME FUND, INC.","NYSE",NA,"lab.Unmapped","2026-10-02T17:06:46Z","sec-exchange",FALSE
"BMM","Blue Moon Metals Inc.","NASDAQ",NA,"lab.Unmapped","2026-10-02T17:06:46Z","sec-exchange",FALSE
"ITRG","Integra Resources Corp.","NYSE",NA,"lab.Unmapped","2026-10-02T17:06:46Z","sec-exchange",FALSE
"GMRS","GMR Solutions Inc.","NYSE",NA,"lab.Unmapped","2026-10-02T17:06:46Z","sec-exchange",FALSE
"ETD","ETHAN ALLEN INTERIORS INC","NYSE",NA,"lab.Unmapped","2026-10-02T17:06:46Z","sec-exchange",FALSE
"SENS","Senseonics Holdings, Inc.","NASDAQ",NA,"lab.Unmapped","2026-10-02T17:06:46Z","sec-exchange",FALSE
"EOLS","Evolus, Inc.","NASDAQ",NA,"lab.Unmapped","2026-10-02T17:06:46Z","sec-exchange",FALSE
"UHT","UNIVERSAL HEALTH REALTY INCOME TRUST","NYSE",NA,"lab.Unmapped","2026-10-02T17:06:46Z","sec-exchange",FALSE
"NVEC","NVE CORP /NEW/","NASDAQ",NA,"lab.Unmapped","2026-10-02T17:06:46Z","sec-exchange",FALSE
"YDES","YD Bio Ltd","NASDAQ",NA,"lab.Unmapped","2026-10-02T17:06:46Z","sec-exchange",FALSE
"ROMA","Roma Green Finance Ltd","NASDAQ",NA,"lab.Unmapped","2026-10-02T17:06:46Z","sec-exchange",FALSE
"HUYA","HUYA Inc.","NYSE",NA,"lab.Unmapped","2026-10-02T17:06:46Z","sec-exchange",FALSE
"BSVN","Bank7 Corp.","NASDAQ",NA,"lab.Unmapped","2026-10-02T17:06:46Z","sec-exchange",FALSE
"HKD","AMTD Digital Inc.","NYSE",NA,"lab.Unmapped","2026-10-02T17:06:46Z","sec-exchange",FALSE
"PANL","Pangaea Logistics Solutions Ltd.","NASDAQ",NA,"lab.Unmapped","2026-10-02T17:06:46Z","sec-exchange",FALSE
"GUT","GABELLI UTILITY TRUST","NYSE",NA,"lab.Unmapped","2026-10-02T17:06:46Z","sec-exchange",FALSE
"WTI","W&T OFFSHORE INC","NYSE",NA,"lab.Unmapped","2026-10-02T17:06:46Z","sec-exchange",FALSE
"THW","abrdn World Healthcare Fund","NYSE",NA,"lab.Unmapped","2026-10-02T17:06:46Z","sec-exchange",FALSE
"HBCP","HOME BANCORP, INC.","NASDAQ",NA,"lab.Unmapped","2026-10-02T17:06:46Z","sec-exchange",FALSE
"FVR","FrontView REIT, Inc.","NYSE",NA,"lab.Unmapped","2026-10-02T17:06:46Z","sec-exchange",FALSE
"AUXX","Gold X2 Mining Inc.","NYSE",NA,"lab.Unmapped","2026-10-02T17:06:46Z","sec-exchange",FALSE
"AGMB","AgomAb Therapeutics NV","NASDAQ",NA,"lab.Unmapped","2026-10-02T17:06:46Z","sec-exchange",TRUE
"SLDP","Solid Power, Inc.","NASDAQ",NA,"lab.Unmapped","2026-10-02T17:06:46Z","sec-exchange",FALSE
"IMSR","Terrestrial Energy Inc. /DE/","NASDAQ",NA,"lab.Unmapped","2026-10-02T17:06:46Z","sec-exchange",TRUE
"BWFG","Bankwell Financial Group, Inc.","NASDAQ",NA,"lab.Unmapped","2026-10-02T17:06:46Z","sec-exchange",FALSE
"SGHT","Sight Sciences, Inc.","NASDAQ",NA,"lab.Unmapped","2026-10-02T17:06:46Z","sec-exchange",FALSE
"HBB","Hamilton Beach Brands Holding Co","NYSE",NA,"lab.Unmapped","2026-10-02T17:06:46Z","sec-exchange",FALSE
"LAES","SEALSQ Corp","NASDAQ",NA,"lab.Unmapped","2026-10-02T17:06:46Z","sec-exchange",FALSE
"MEI","METHODE ELECTRONICS INC","NYSE",NA,"lab.Unmapped","2026-10-02T17:06:46Z","sec-exchange",FALSE
"XRN","Chiron Real Estate Inc.","NYSE",NA,"lab.Unmapped","2026-10-02T17:06:46Z","sec-exchange",FALSE
"WNC","WABASH NATIONAL Corp","NYSE",NA,"lab.Unmapped","2026-10-02T17:06:46Z","sec-exchange",FALSE
"NDMO","Nuveen Dynamic Municipal Opportunities Fund","NYSE",NA,"lab.Unmapped","2026-10-02T17:06:46Z","sec-exchange",FALSE
"GAU","Galiano Gold Inc.","NYSE",NA,"lab.Unmapped","2026-10-02T17:06:46Z","sec-exchange",FALSE
"OPFI","OppFi Inc.","NYSE",NA,"lab.Unmapped","2026-10-02T17:06:46Z","sec-exchange",FALSE
"JKS","JinkoSolar Holding Co., Ltd.","NYSE",NA,"lab.Unmapped","2026-10-02T17:06:46Z","sec-exchange",FALSE
"BGY","BlackRock Enhanced International Dividend Trust","NYSE",NA,"lab.Unmapped","2026-10-02T17:06:46Z","sec-exchange",FALSE
"NPB","NORTHPOINTE BANCSHARES INC","NYSE",NA,"lab.Unmapped","2026-10-02T17:06:46Z","sec-exchange",FALSE
"MTC","MMTEC, INC.","NASDAQ",NA,"lab.Unmapped","2026-10-02T17:06:46Z","sec-exchange",FALSE
"GCGR","General Catalyst Global Resilience Merger Corp.","NASDAQ",NA,"lab.Unmapped","2026-10-02T17:06:46Z","sec-exchange",FALSE
"FWRD","FORWARD AIR CORP","NASDAQ",NA,"lab.Unmapped","2026-10-02T17:06:46Z","sec-exchange",FALSE
"OCS","Oculis Holding AG","NASDAQ",NA,"lab.Unmapped","2026-10-02T17:06:46Z","sec-exchange",TRUE
"MTLS","MATERIALISE NV","NASDAQ",NA,"lab.Unmapped","2026-10-02T17:06:46Z","sec-exchange",TRUE
"NB","NIOCORP DEVELOPMENTS LTD","NASDAQ",NA,"lab.Unmapped","2026-10-02T17:06:46Z","sec-exchange",FALSE
"BSRR","SIERRA BANCORP","NASDAQ",NA,"lab.Unmapped","2026-10-02T17:06:46Z","sec-exchange",FALSE
"DNUT","Krispy Kreme, Inc.","NASDAQ",NA,"lab.Unmapped","2026-10-02T17:06:46Z","sec-exchange",FALSE
"TCMD","TACTILE SYSTEMS TECHNOLOGY INC","NASDAQ",NA,"lab.Unmapped","2026-10-02T17:06:46Z","sec-exchange",FALSE
"PBYI","PUMA BIOTECHNOLOGY, INC.","NASDAQ",NA,"lab.Unmapped","2026-10-02T17:06:46Z","sec-exchange",FALSE
"ORBS","Eightco Holdings Inc.","NASDAQ",NA,"lab.Unmapped","2026-10-02T17:06:46Z","sec-exchange",FALSE
"BRSP","BrightSpire Capital, Inc.","NYSE",NA,"lab.Unmapped","2026-10-02T17:06:46Z","sec-exchange",FALSE
"MCTA","Charming Medical Ltd","NASDAQ",NA,"lab.Unmapped","2026-10-02T17:06:46Z","sec-exchange",FALSE
"ONT","Onterris, Inc.","NYSE",NA,"lab.Unmapped","2026-10-02T17:06:46Z","sec-exchange",FALSE
"CAPR","CAPRICOR THERAPEUTICS, INC.","NASDAQ",NA,"lab.Unmapped","2026-10-02T17:06:46Z","sec-exchange",FALSE
"SBC","SBC Medical Group Holdings Inc","NASDAQ",NA,"lab.Unmapped","2026-10-02T17:06:46Z","sec-exchange",FALSE
"NEXN","Nexxen International Ltd.","NASDAQ",NA,"lab.Unmapped","2026-10-02T17:06:46Z","sec-exchange",FALSE
"NWAX","New America Acquisition I Corp.","NYSE",NA,"lab.Unmapped","2026-10-02T17:06:46Z","sec-exchange",FALSE
"OBT","Orange County Bancorp, Inc. /DE/","NASDAQ",NA,"lab.Unmapped","2026-10-02T17:06:46Z","sec-exchange",TRUE
"WRN","Western Copper & Gold Corp","NYSE",NA,"lab.Unmapped","2026-10-02T17:06:46Z","sec-exchange",FALSE
"KMDA","KAMADA LTD","NASDAQ",NA,"lab.Unmapped","2026-10-02T17:06:46Z","sec-exchange",FALSE
"NMCO","Nuveen Municipal Credit Opportunities Fund","NYSE",NA,"lab.Unmapped","2026-10-02T17:06:46Z","sec-exchange",FALSE
"YORW","YORK WATER CO","NASDAQ",NA,"lab.Unmapped","2026-10-02T17:06:46Z","sec-exchange",FALSE
"AAC","Ares Acquisition Corp III","NYSE",NA,"lab.Unmapped","2026-10-02T17:06:46Z","sec-exchange",FALSE
"MEVO","M Evo Global Acquisition Corp II","NASDAQ",NA,"lab.Unmapped","2026-10-02T17:06:46Z","sec-exchange",FALSE
"MAX","MediaAlpha, Inc.","NYSE",NA,"lab.Unmapped","2026-10-02T17:06:46Z","sec-exchange",FALSE
"RGNX","REGENXBIO Inc.","NASDAQ",NA,"lab.Unmapped","2026-10-02T17:06:46Z","sec-exchange",FALSE
"SD","SANDRIDGE ENERGY INC","NYSE",NA,"lab.Unmapped","2026-10-02T17:06:46Z","sec-exchange",FALSE
"ETO","Eaton Vance Tax-Advantaged Global Dividend Opportunities Fund","NYSE",NA,"lab.Unmapped","2026-10-02T17:06:46Z","sec-exchange",FALSE
"DRUG","BRIGHT MINDS BIOSCIENCES INC.","NASDAQ",NA,"lab.Unmapped","2026-10-02T17:06:46Z","sec-exchange",FALSE
"CERS","CERUS CORP","NASDAQ",NA,"lab.Unmapped","2026-10-02T17:06:46Z","sec-exchange",FALSE
"ESEA","EUROSEAS LTD.","NASDAQ",NA,"lab.Unmapped","2026-10-02T17:06:46Z","sec-exchange",FALSE
"CSV","CARRIAGE SERVICES INC","NYSE",NA,"lab.Unmapped","2026-10-02T17:06:46Z","sec-exchange",FALSE
"SWRD","Stewards, Inc.","NASDAQ",NA,"lab.Unmapped","2026-10-02T17:06:46Z","sec-exchange",FALSE
"KRSP","Rice Acquisition Corp 3","NYSE",NA,"lab.Unmapped","2026-10-02T17:06:46Z","sec-exchange",FALSE
"COFS","CHOICEONE FINANCIAL SERVICES INC","NASDAQ",NA,"lab.Unmapped","2026-10-02T17:06:46Z","sec-exchange",FALSE
"AUTL","Autolus Therapeutics plc","NASDAQ",NA,"lab.Unmapped","2026-10-02T17:06:46Z","sec-exchange",TRUE
"IGD","Voya GLOBAL EQUITY DIVIDEND & PREMIUM OPPORTUNITY FUND","NYSE",NA,"lab.Unmapped","2026-10-02T17:06:46Z","sec-exchange",FALSE
"CTNM","Contineum Therapeutics, Inc.","NASDAQ",NA,"lab.Unmapped","2026-10-02T17:06:46Z","sec-exchange",FALSE
"PBAM","Private Bancorp of America, Inc.","NASDAQ",NA,"lab.Unmapped","2026-10-02T17:06:46Z","sec-exchange",FALSE
"TKNO","Alpha Teknova, Inc.","NASDAQ",NA,"lab.Unmapped","2026-10-02T17:06:46Z","sec-exchange",FALSE
"WTBA","WEST BANCORPORATION INC","NASDAQ",NA,"lab.Unmapped","2026-10-02T17:06:46Z","sec-exchange",FALSE
"BDN","BRANDYWINE REALTY TRUST","NYSE",NA,"lab.Unmapped","2026-10-02T17:06:46Z","sec-exchange",FALSE
"AII","American Integrity Insurance Group, Inc.","NYSE",NA,"lab.Unmapped","2026-10-02T17:06:46Z","sec-exchange",FALSE
"FPI","Farmland Partners Inc.","NYSE",NA,"lab.Unmapped","2026-10-02T17:06:46Z","sec-exchange",FALSE
"MCFT","MasterCraft Boat Holdings, Inc.","NASDAQ",NA,"lab.Unmapped","2026-10-02T17:06:46Z","sec-exchange",FALSE
"TRTX","TPG RE Finance Trust, Inc.","NYSE",NA,"lab.Unmapped","2026-10-02T17:06:46Z","sec-exchange",FALSE
"IIM","Invesco Value Municipal Income Trust","NYSE",NA,"lab.Unmapped","2026-10-02T17:06:46Z","sec-exchange",FALSE
"OVID","Ovid Therapeutics Inc.","NASDAQ",NA,"lab.Unmapped","2026-10-02T17:06:46Z","sec-exchange",FALSE
"OWLS","OBOOK HOLDINGS INC.","NASDAQ",NA,"lab.Unmapped","2026-10-02T17:06:46Z","sec-exchange",FALSE
"MASS","908 Devices Inc.","NASDAQ",NA,"lab.Unmapped","2026-10-02T17:06:46Z","sec-exchange",FALSE
"RWT","REDWOOD TRUST INC","NYSE",NA,"lab.Unmapped","2026-10-02T17:06:46Z","sec-exchange",FALSE
"BBCP","Concrete Pumping Holdings, Inc.","NASDAQ",NA,"lab.Unmapped","2026-10-02T17:06:46Z","sec-exchange",FALSE
"OLP","ONE LIBERTY PROPERTIES INC","NYSE",NA,"lab.Unmapped","2026-10-02T17:06:46Z","sec-exchange",FALSE
"IIIV","i3 Verticals, Inc.","NASDAQ",NA,"lab.Unmapped","2026-10-02T17:06:46Z","sec-exchange",FALSE
"PDLB","Ponce Financial Group, Inc.","NASDAQ",NA,"lab.Unmapped","2026-10-02T17:06:46Z","sec-exchange",FALSE
"OIS","OIL STATES INTERNATIONAL, INC","NYSE",NA,"lab.Unmapped","2026-10-02T17:06:46Z","sec-exchange",FALSE
"ILPT","Industrial Logistics Properties Trust","NASDAQ",NA,"lab.Unmapped","2026-10-02T17:06:46Z","sec-exchange",FALSE
"KRUS","KURA SUSHI USA, INC.","NASDAQ",NA,"lab.Unmapped","2026-10-02T17:06:46Z","sec-exchange",FALSE
"GLRE","GREENLIGHT CAPITAL RE, LTD.","NASDAQ",NA,"lab.Unmapped","2026-10-02T17:06:46Z","sec-exchange",FALSE
"GIW","GigCapital8 Corp.","NASDAQ",NA,"lab.Unmapped","2026-10-02T17:06:46Z","sec-exchange",FALSE
"PWRL","Powerlaw Corp.","NASDAQ",NA,"lab.Unmapped","2026-10-02T17:06:46Z","sec-exchange",FALSE
"ARVN","ARVINAS, INC.","NASDAQ",NA,"lab.Unmapped","2026-10-02T17:06:46Z","sec-exchange",FALSE
"BRTM","B&R Technology Merger Corp.","NASDAQ",NA,"lab.Unmapped","2026-10-02T17:06:46Z","sec-exchange",FALSE
"FMAO","FARMERS & MERCHANTS BANCORP INC","NASDAQ",NA,"lab.Unmapped","2026-10-02T17:06:46Z","sec-exchange",FALSE
"NPCE","NeuroPace Inc","NASDAQ",NA,"lab.Unmapped","2026-10-02T17:06:46Z","sec-exchange",FALSE
"AMCX","AMC Global Media Inc.","NASDAQ",NA,"lab.Unmapped","2026-10-02T17:06:46Z","sec-exchange",FALSE
"ASMB","ASSEMBLY BIOSCIENCES, INC.","NASDAQ",NA,"lab.Unmapped","2026-10-02T17:06:46Z","sec-exchange",FALSE
"MMU","WESTERN ASSET MANAGED MUNICIPALS FUND INC.","NYSE",NA,"lab.Unmapped","2026-10-02T17:06:46Z","sec-exchange",FALSE
"CIX","COMPX INTERNATIONAL INC","NYSE",NA,"lab.Unmapped","2026-10-02T17:06:46Z","sec-exchange",FALSE
"NMAI","Nuveen Multi-Asset Income Fund","NYSE",NA,"lab.Unmapped","2026-10-02T17:06:46Z","sec-exchange",FALSE
"DDL","Dingdong (Cayman) Ltd","NYSE",NA,"lab.Unmapped","2026-10-02T17:06:46Z","sec-exchange",FALSE
"CRAN","Crane Harbor Acquisition Corp. II","NASDAQ",NA,"lab.Unmapped","2026-10-02T17:06:46Z","sec-exchange",FALSE
"QUAD","Quad/Graphics, Inc.","NYSE",NA,"lab.Unmapped","2026-10-02T17:06:46Z","sec-exchange",FALSE
"MFI","mF International Ltd","NASDAQ",NA,"lab.Unmapped","2026-10-02T17:06:46Z","sec-exchange",FALSE
"GTEN","Gores Holdings X, Inc. / CI","NASDAQ",NA,"lab.Unmapped","2026-10-02T17:06:46Z","sec-exchange",FALSE
"ALTI","AlTi Global, Inc.","NASDAQ",NA,"lab.Unmapped","2026-10-02T17:06:46Z","sec-exchange",FALSE
"ECC","Eagle Point Credit Co","NYSE",NA,"lab.Unmapped","2026-10-02T17:06:46Z","sec-exchange",FALSE
"GRVY","GRAVITY Co., Ltd.","NASDAQ",NA,"lab.Unmapped","2026-10-02T17:06:46Z","sec-exchange",FALSE
"CMCO","COLUMBUS MCKINNON CORP","NASDAQ",NA,"lab.Unmapped","2026-10-02T17:06:46Z","sec-exchange",FALSE
"DPG","Duff & Phelps Utility & Infrastructure Fund Inc.","NYSE",NA,"lab.Unmapped","2026-10-02T17:06:46Z","sec-exchange",FALSE
"TATT","TAT TECHNOLOGIES LTD","NASDAQ",NA,"lab.Unmapped","2026-10-02T17:06:46Z","sec-exchange",FALSE
"LXFR","LUXFER HOLDINGS PLC","NYSE",NA,"lab.Unmapped","2026-10-02T17:06:46Z","sec-exchange",TRUE
"APXT","Apex Treasury Corp","NASDAQ",NA,"lab.Unmapped","2026-10-02T17:06:46Z","sec-exchange",FALSE
"GTN","GRAY MEDIA, INC","NYSE",NA,"lab.Unmapped","2026-10-02T17:06:46Z","sec-exchange",FALSE
"ENTX","Entera Bio Ltd.","NASDAQ",NA,"lab.Unmapped","2026-10-02T17:06:46Z","sec-exchange",FALSE
"ARKO","ARKO Corp.","NASDAQ",NA,"lab.Unmapped","2026-10-02T17:06:46Z","sec-exchange",FALSE
"VRRM","VERRA MOBILITY Corp","NASDAQ",NA,"lab.Unmapped","2026-10-02T17:06:46Z","sec-exchange",FALSE
"JOUT","JOHNSON OUTDOORS INC","NASDAQ",NA,"lab.Unmapped","2026-10-02T17:06:46Z","sec-exchange",FALSE
"ULH","UNIVERSAL LOGISTICS HOLDINGS, INC.","NASDAQ",NA,"lab.Unmapped","2026-10-02T17:06:46Z","sec-exchange",FALSE
"SPCE","Virgin Galactic Holdings, Inc","NYSE",NA,"lab.Unmapped","2026-10-02T17:06:46Z","sec-exchange",FALSE
"WEYS","WEYCO GROUP INC","NASDAQ",NA,"lab.Unmapped","2026-10-02T17:06:46Z","sec-exchange",FALSE
"IFN","ABERDEEN INDIA FUND, INC.","NYSE",NA,"lab.Unmapped","2026-10-02T17:06:46Z","sec-exchange",TRUE
"VGM","Invesco Trust for Investment Grade Municipals","NYSE",NA,"lab.Unmapped","2026-10-02T17:06:46Z","sec-exchange",FALSE
"MBUU","MALIBU BOATS, INC.","NASDAQ",NA,"lab.Unmapped","2026-10-02T17:06:46Z","sec-exchange",FALSE
"NRC","NRC HEALTH","NASDAQ",NA,"lab.Unmapped","2026-10-02T17:06:46Z","sec-exchange",FALSE
"MRAM","EVERSPIN TECHNOLOGIES INC.","NASDAQ",NA,"lab.Unmapped","2026-10-02T17:06:46Z","sec-exchange",FALSE
"GUG","Guggenheim Active Allocation Fund","NYSE",NA,"lab.Unmapped","2026-10-02T17:06:46Z","sec-exchange",FALSE
"CMCL","Caledonia Mining Corp Plc","NYSE",NA,"lab.Unmapped","2026-10-02T17:06:46Z","sec-exchange",TRUE
"CZNC","CITIZENS & NORTHERN CORP","NASDAQ",NA,"lab.Unmapped","2026-10-02T17:06:46Z","sec-exchange",FALSE
"AGEN","AGENUS INC","NASDAQ",NA,"lab.Unmapped","2026-10-02T17:06:46Z","sec-exchange",FALSE
"SRTA","Strata Critical Medical, Inc.","NASDAQ",NA,"lab.Unmapped","2026-10-02T17:06:46Z","sec-exchange",FALSE
"IDR","Idaho Strategic Resources, Inc.","NYSE",NA,"lab.Unmapped","2026-10-02T17:06:46Z","sec-exchange",FALSE
"BLW","BLACKROCK Ltd DURATION INCOME TRUST","NYSE",NA,"lab.Unmapped","2026-10-02T17:06:46Z","sec-exchange",FALSE
"CLB","Core Laboratories Inc. /DE/","NYSE",NA,"lab.Unmapped","2026-10-02T17:06:46Z","sec-exchange",TRUE
"TECX","Tectonic Therapeutic, Inc.","NASDAQ",NA,"lab.Unmapped","2026-10-02T17:06:46Z","sec-exchange",FALSE
"ETB","Eaton Vance Tax-Managed Buy-Write Income Fund","NYSE",NA,"lab.Unmapped","2026-10-02T17:06:46Z","sec-exchange",FALSE
"EIM","Eaton Vance Municipal Bond Fund","NYSE",NA,"lab.Unmapped","2026-10-02T17:06:46Z","sec-exchange",FALSE
"PRTA","PROTHENA CORP PUBLIC LTD CO","NASDAQ",NA,"lab.Unmapped","2026-10-02T17:06:46Z","sec-exchange",FALSE
"TWI","TITAN INTERNATIONAL INC","NYSE",NA,"lab.Unmapped","2026-10-02T17:06:46Z","sec-exchange",FALSE
"WCT","Wellchange Holdings Co Ltd","NASDAQ",NA,"lab.Unmapped","2026-10-02T17:06:46Z","sec-exchange",FALSE
"DMAC","DiaMedica Therapeutics Inc.","NASDAQ",NA,"lab.Unmapped","2026-10-02T17:06:46Z","sec-exchange",FALSE
"URG","UR-ENERGY INC","NYSE",NA,"lab.Unmapped","2026-10-02T17:06:46Z","sec-exchange",FALSE
"CWCO","Consolidated Water Co. Ltd.","NASDAQ",NA,"lab.Unmapped","2026-10-02T17:06:46Z","sec-exchange",FALSE
"GHY","PGIM Global High Yield Fund, Inc.","NYSE",NA,"lab.Unmapped","2026-10-02T17:06:46Z","sec-exchange",FALSE
"CDRO","Codere Online Luxembourg, S.A.","NASDAQ",NA,"lab.Unmapped","2026-10-02T17:06:46Z","sec-exchange",TRUE
"SLI","STANDARD LITHIUM LTD.","NYSE",NA,"lab.Unmapped","2026-10-02T17:06:46Z","sec-exchange",FALSE
"IEAG","Infinite Eagle Acquisition Corp.","NASDAQ",NA,"lab.Unmapped","2026-10-02T17:06:46Z","sec-exchange",FALSE
"KBON","Karbon Capital Partners Corp.","NASDAQ",NA,"lab.Unmapped","2026-10-02T17:06:46Z","sec-exchange",FALSE
"VHI","VALHI INC /DE/","NYSE",NA,"lab.Unmapped","2026-10-02T17:06:46Z","sec-exchange",TRUE
"LOCO","El Pollo Loco Holdings, Inc.","NASDAQ",NA,"lab.Unmapped","2026-10-02T17:06:46Z","sec-exchange",FALSE
"BMRC","Bank of Marin Bancorp","NASDAQ",NA,"lab.Unmapped","2026-10-02T17:06:46Z","sec-exchange",FALSE
"TRC","TEJON RANCH CO","NYSE",NA,"lab.Unmapped","2026-10-02T17:06:46Z","sec-exchange",FALSE
"MBVI","M3-Brigade Acquisition VI Corp.","NASDAQ",NA,"lab.Unmapped","2026-10-02T17:06:46Z","sec-exchange",FALSE
"VVR","Invesco Senior Income Trust","NYSE",NA,"lab.Unmapped","2026-10-02T17:06:46Z","sec-exchange",FALSE
"AMSF","AMERISAFE INC","NASDAQ",NA,"lab.Unmapped","2026-10-02T17:06:46Z","sec-exchange",FALSE
"RBB","RBB Bancorp","NASDAQ",NA,"lab.Unmapped","2026-10-02T17:06:46Z","sec-exchange",FALSE
"SCTX","Scribe Therapeutics, Inc.","NASDAQ",NA,"lab.Unmapped","2026-10-02T17:06:46Z","sec-exchange",FALSE
"VCV","Invesco California Value Municipal Income Trust","NYSE",NA,"lab.Unmapped","2026-10-02T17:06:46Z","sec-exchange",FALSE
"ASTL","Algoma Steel Group Inc.","NASDAQ",NA,"lab.Unmapped","2026-10-02T17:06:46Z","sec-exchange",FALSE
"SPIR","Spire Global, Inc.","NYSE",NA,"lab.Unmapped","2026-10-02T17:06:46Z","sec-exchange",FALSE
"GLAD","GLADSTONE CAPITAL CORP","NASDAQ",NA,"lab.Unmapped","2026-10-02T17:06:46Z","sec-exchange",FALSE
"SPRY","ARS Pharmaceuticals, Inc.","NASDAQ",NA,"lab.Unmapped","2026-10-02T17:06:46Z","sec-exchange",FALSE
"IACO","Idea Acquisition Corp.","NASDAQ",NA,"lab.Unmapped","2026-10-02T17:06:46Z","sec-exchange",FALSE
"IPI","Intrepid Potash, Inc.","NYSE",NA,"lab.Unmapped","2026-10-02T17:06:46Z","sec-exchange",FALSE
"ACIC","AMERICAN COASTAL INSURANCE Corp","NASDAQ",NA,"lab.Unmapped","2026-10-02T17:06:46Z","sec-exchange",FALSE
"MESH","Meshflow Acquisition Corp","NASDAQ",NA,"lab.Unmapped","2026-10-02T17:06:46Z","sec-exchange",FALSE
"MNRO","MONRO, INC.","NASDAQ",NA,"lab.Unmapped","2026-10-02T17:06:46Z","sec-exchange",FALSE
"DGXX","Digi Power X Inc.","NASDAQ",NA,"lab.Unmapped","2026-10-02T17:06:46Z","sec-exchange",FALSE
"ZKH","ZKH Group Ltd","NYSE",NA,"lab.Unmapped","2026-10-02T17:06:46Z","sec-exchange",TRUE
"TLNC","Talon Capital Corp.","NASDAQ",NA,"lab.Unmapped","2026-10-02T17:06:46Z","sec-exchange",FALSE
"BGR","BlackRock Energy & Resources Trust","NYSE",NA,"lab.Unmapped","2026-10-02T17:06:46Z","sec-exchange",FALSE
"KRAQ","KRAKacquisition Corp","NASDAQ",NA,"lab.Unmapped","2026-10-02T17:06:46Z","sec-exchange",FALSE
"GORO","Goldgroup Mining Inc.","NYSE",NA,"lab.Unmapped","2026-10-02T17:06:46Z","sec-exchange",FALSE
"CBK","Commercial Bancgroup, Inc.","NASDAQ",NA,"lab.Unmapped","2026-10-02T17:06:46Z","sec-exchange",FALSE
"EIKN","Eikon Therapeutics, Inc.","NASDAQ",NA,"lab.Unmapped","2026-10-02T17:06:46Z","sec-exchange",FALSE
"PBFS","Pioneer Bancorp, Inc./MD","NASDAQ",NA,"lab.Unmapped","2026-10-02T17:06:46Z","sec-exchange",FALSE
"ATNI","ATN International, Inc.","NASDAQ",NA,"lab.Unmapped","2026-10-02T17:06:46Z","sec-exchange",FALSE
"HVT","HAVERTY FURNITURE COMPANIES INC","NYSE",NA,"lab.Unmapped","2026-10-02T17:06:46Z","sec-exchange",FALSE
"ASIX","AdvanSix Inc.","NYSE",NA,"lab.Unmapped","2026-10-02T17:06:46Z","sec-exchange",FALSE
"ASPN","ASPEN AEROGELS INC","NYSE",NA,"lab.Unmapped","2026-10-02T17:06:46Z","sec-exchange",FALSE
"ADUR","ADURO CLEAN TECHNOLOGIES INC.","NASDAQ",NA,"lab.Unmapped","2026-10-02T17:06:46Z","sec-exchange",FALSE
"CAL","CALERES INC","NYSE",NA,"lab.Unmapped","2026-10-02T17:06:46Z","sec-exchange",FALSE
"CBAN","COLONY BANKCORP INC","NYSE",NA,"lab.Unmapped","2026-10-02T17:06:46Z","sec-exchange",FALSE
"PLBC","PLUMAS BANCORP","NASDAQ",NA,"lab.Unmapped","2026-10-02T17:06:46Z","sec-exchange",FALSE
"GNE","Genie Energy Ltd.","NYSE",NA,"lab.Unmapped","2026-10-02T17:06:46Z","sec-exchange",FALSE
"KYTX","Kyverna Therapeutics, Inc.","NASDAQ",NA,"lab.Unmapped","2026-10-02T17:06:46Z","sec-exchange",FALSE
"ECX","ECARX Holdings Inc.","NASDAQ",NA,"lab.Unmapped","2026-10-02T17:06:46Z","sec-exchange",FALSE
"KDK","Kodiak AI, Inc.","NASDAQ",NA,"lab.Unmapped","2026-10-02T17:06:46Z","sec-exchange",FALSE
"XIII","Churchill Capital Corp XIII","NASDAQ",NA,"lab.Unmapped","2026-10-02T17:06:46Z","sec-exchange",FALSE
"EVGO","EVgo Inc.","NASDAQ",NA,"lab.Unmapped","2026-10-02T17:06:46Z","sec-exchange",FALSE
"CTRN","Citi Trends Inc","NASDAQ",NA,"lab.Unmapped","2026-10-02T17:06:46Z","sec-exchange",FALSE
"PTOR","Praetorian Acquisition Corp.","NASDAQ",NA,"lab.Unmapped","2026-10-02T17:06:46Z","sec-exchange",FALSE
"ACTG","ACACIA RESEARCH CORP","NASDAQ",NA,"lab.Unmapped","2026-10-02T17:06:46Z","sec-exchange",FALSE
"KIO","KKR Income Opportunities Fund","NYSE",NA,"lab.Unmapped","2026-10-02T17:06:46Z","sec-exchange",FALSE
"MEC","Mayville Engineering Company, Inc.","NYSE",NA,"lab.Unmapped","2026-10-02T17:06:46Z","sec-exchange",FALSE
"ARQQ","Arqit Quantum Inc.","NASDAQ",NA,"lab.Unmapped","2026-10-02T17:06:46Z","sec-exchange",FALSE
"CLFD","Clearfield, Inc.","NASDAQ",NA,"lab.Unmapped","2026-10-02T17:06:46Z","sec-exchange",FALSE
"KFII","K&F GROWTH ACQUISITION CORP. II","NASDAQ",NA,"lab.Unmapped","2026-10-02T17:06:46Z","sec-exchange",FALSE
"SGU","STAR GROUP, L.P.","NYSE",NA,"lab.Unmapped","2026-10-02T17:06:46Z","sec-exchange",FALSE
"CGC","Canopy Growth Corp","NASDAQ",NA,"lab.Unmapped","2026-10-02T17:06:46Z","sec-exchange",FALSE
"MAGN","Magnera Corp","NYSE",NA,"lab.Unmapped","2026-10-02T17:06:46Z","sec-exchange",FALSE
"BTQ","BTQ Technologies Corp.","NASDAQ",NA,"lab.Unmapped","2026-10-02T17:06:46Z","sec-exchange",FALSE
"ALLT","Allot Ltd.","NASDAQ",NA,"lab.Unmapped","2026-10-02T17:06:46Z","sec-exchange",FALSE
"NATH","NATHANS FAMOUS, INC.","NASDAQ",NA,"lab.Unmapped","2026-10-02T17:06:46Z","sec-exchange",FALSE
"AVIR","Atea Pharmaceuticals, Inc.","NASDAQ",NA,"lab.Unmapped","2026-10-02T17:06:46Z","sec-exchange",FALSE
"MNTK","Montauk Renewables, Inc.","NASDAQ",NA,"lab.Unmapped","2026-10-02T17:06:46Z","sec-exchange",FALSE
"NPFD","Nuveen Variable Rate Preferred & Income Fund","NYSE",NA,"lab.Unmapped","2026-10-02T17:06:46Z","sec-exchange",FALSE
"SMC","Summit Midstream Corp","NYSE",NA,"lab.Unmapped","2026-10-02T17:06:46Z","sec-exchange",FALSE
"XRPN","Armada Acquisition Corp. II","NASDAQ",NA,"lab.Unmapped","2026-10-02T17:06:46Z","sec-exchange",FALSE
"CHCT","Community Healthcare Trust Inc","NYSE",NA,"lab.Unmapped","2026-10-02T17:06:46Z","sec-exchange",FALSE
"MYGN","MYRIAD GENETICS INC","NASDAQ",NA,"lab.Unmapped","2026-10-02T17:06:46Z","sec-exchange",FALSE
"LAND","GLADSTONE LAND Corp","NASDAQ",NA,"lab.Unmapped","2026-10-02T17:06:46Z","sec-exchange",FALSE
"ASPI","ASP Isotopes Inc.","NASDAQ",NA,"lab.Unmapped","2026-10-02T17:06:46Z","sec-exchange",FALSE
"XRX","Xerox Holdings Corp","NASDAQ",NA,"lab.Unmapped","2026-10-02T17:06:46Z","sec-exchange",FALSE
"BCCQ","Bleichroeder Acquisition Corp. III","NASDAQ",NA,"lab.Unmapped","2026-10-02T17:06:46Z","sec-exchange",FALSE
"CYH","COMMUNITY HEALTH SYSTEMS INC","NYSE",NA,"lab.Unmapped","2026-10-02T17:06:46Z","sec-exchange",FALSE
"TTRX","Turn Therapeutics Inc.","NASDAQ",NA,"lab.Unmapped","2026-10-02T17:06:46Z","sec-exchange",FALSE
"RLGT","RADIANT LOGISTICS, INC","NYSE",NA,"lab.Unmapped","2026-10-02T17:06:46Z","sec-exchange",FALSE
"USCB","USCB FINANCIAL HOLDINGS, INC.","NASDAQ",NA,"lab.Unmapped","2026-10-02T17:06:46Z","sec-exchange",FALSE
"GLOO","Gloo Holdings, Inc.","NASDAQ",NA,"lab.Unmapped","2026-10-02T17:06:46Z","sec-exchange",FALSE
"NGS","NATURAL GAS SERVICES GROUP INC","NYSE",NA,"lab.Unmapped","2026-10-02T17:06:46Z","sec-exchange",FALSE
"CLBR","Colombier Acquisition Corp. III","NYSE",NA,"lab.Unmapped","2026-10-02T17:06:46Z","sec-exchange",FALSE
"FBYD","Falcon's Beyond Global, Inc.","NASDAQ",NA,"lab.Unmapped","2026-10-02T17:06:46Z","sec-exchange",FALSE
"CRAQ","Cal Redwood Acquisition Corp.","NASDAQ",NA,"lab.Unmapped","2026-10-02T17:06:46Z","sec-exchange",FALSE
"IRD","Opus Genetics, Inc.","NASDAQ",NA,"lab.Unmapped","2026-10-02T17:06:46Z","sec-exchange",FALSE
"TRX","TRX GOLD Corp","NYSE",NA,"lab.Unmapped","2026-10-02T17:06:46Z","sec-exchange",FALSE
"NPAC","New Providence Acquisition Corp. III/Cayman","NASDAQ",NA,"lab.Unmapped","2026-10-02T17:06:46Z","sec-exchange",FALSE
"FRPH","FRP HOLDINGS, INC.","NASDAQ",NA,"lab.Unmapped","2026-10-02T17:06:46Z","sec-exchange",FALSE
"OSPR","Osprey Acquisition Corp. III","NASDAQ",NA,"lab.Unmapped","2026-10-02T17:06:46Z","sec-exchange",FALSE
"RLMD","RELMADA THERAPEUTICS, INC.","NASDAQ",NA,"lab.Unmapped","2026-10-02T17:06:46Z","sec-exchange",FALSE
"PHOE","Phoenix Asia Holdings Ltd","NASDAQ",NA,"lab.Unmapped","2026-10-02T17:06:46Z","sec-exchange",FALSE
"AVBC","Avidia Bancorp, Inc.","NYSE",NA,"lab.Unmapped","2026-10-02T17:06:46Z","sec-exchange",FALSE
"GALT","GALECTIN THERAPEUTICS INC","NASDAQ",NA,"lab.Unmapped","2026-10-02T17:06:46Z","sec-exchange",FALSE
"SERV","Serve Robotics Inc. /DE/","NASDAQ",NA,"lab.Unmapped","2026-10-02T17:06:46Z","sec-exchange",TRUE
"EDIT","Editas Medicine, Inc.","NASDAQ",NA,"lab.Unmapped","2026-10-02T17:06:46Z","sec-exchange",FALSE
"RTAC","Renatus Tactical Acquisition Corp I","NASDAQ",NA,"lab.Unmapped","2026-10-02T17:06:46Z","sec-exchange",FALSE
"ISTR","Investar Holding Corp","NASDAQ",NA,"lab.Unmapped","2026-10-02T17:06:46Z","sec-exchange",FALSE
"RZLT","Rezolute, Inc.","NASDAQ",NA,"lab.Unmapped","2026-10-02T17:06:46Z","sec-exchange",FALSE
"NXG","NXG NextGen Infrastructure Income Fund","NYSE",NA,"lab.Unmapped","2026-10-02T17:06:46Z","sec-exchange",FALSE
"FINS","Angel Oak Financial Strategies Income Term Trust","NYSE",NA,"lab.Unmapped","2026-10-02T17:06:46Z","sec-exchange",FALSE
"SOHU","Sohu.com Ltd","NASDAQ",NA,"lab.Unmapped","2026-10-02T17:06:46Z","sec-exchange",FALSE
"BOC","BOSTON OMAHA Corp","NYSE",NA,"lab.Unmapped","2026-10-02T17:06:46Z","sec-exchange",FALSE
"EVH","Evolent Health, Inc.","NYSE",NA,"lab.Unmapped","2026-10-02T17:06:46Z","sec-exchange",FALSE
"BNED","Barnes & Noble Education, Inc.","NYSE",NA,"lab.Unmapped","2026-10-02T17:06:46Z","sec-exchange",FALSE
"PCAP","ProCap Acquisition Corp","NASDAQ",NA,"lab.Unmapped","2026-10-02T17:06:46Z","sec-exchange",FALSE
"CCCC","C4 Therapeutics, Inc.","NASDAQ",NA,"lab.Unmapped","2026-10-02T17:06:46Z","sec-exchange",FALSE
"PCB","PCB BANCORP","NASDAQ",NA,"lab.Unmapped","2026-10-02T17:06:46Z","sec-exchange",FALSE
"BMBL","Bumble Inc.","NASDAQ",NA,"lab.Unmapped","2026-10-02T17:06:46Z","sec-exchange",FALSE
"FSTR","FOSTER L B CO","NASDAQ",NA,"lab.Unmapped","2026-10-02T17:06:46Z","sec-exchange",FALSE
"TACO","Berto Acquisition Corp.","NASDAQ",NA,"lab.Unmapped","2026-10-02T17:06:46Z","sec-exchange",FALSE
"ZKP","Lafayette Digital Acquisition Corp. I","NASDAQ",NA,"lab.Unmapped","2026-10-02T17:06:46Z","sec-exchange",FALSE
"SAAQ","Space Asset Acquisition Corp.","NASDAQ",NA,"lab.Unmapped","2026-10-02T17:06:46Z","sec-exchange",FALSE
"KPLT","Katapult Holdings, Inc.","NASDAQ",NA,"lab.Unmapped","2026-10-02T17:06:46Z","sec-exchange",FALSE
"RDAG","Republic Digital Acquisition Co","NASDAQ",NA,"lab.Unmapped","2026-10-02T17:06:46Z","sec-exchange",FALSE
"GUAC","Berto Acquisition Corp. II","NASDAQ",NA,"lab.Unmapped","2026-10-02T17:06:46Z","sec-exchange",FALSE
"ACCO","ACCO BRANDS Corp","NYSE",NA,"lab.Unmapped","2026-10-02T17:06:46Z","sec-exchange",FALSE
"FCBM","First Carolina Financial Services, Inc.","NYSE",NA,"lab.Unmapped","2026-10-02T17:06:46Z","sec-exchange",FALSE
"WENN","WEN Acquisition Corp","NASDAQ",NA,"lab.Unmapped","2026-10-02T17:06:46Z","sec-exchange",FALSE
"PKBK","PARKE BANCORP, INC.","NASDAQ",NA,"lab.Unmapped","2026-10-02T17:06:46Z","sec-exchange",FALSE
"TRVG","trivago N.V.","NASDAQ",NA,"lab.Unmapped","2026-10-02T17:06:46Z","sec-exchange",TRUE
"MTAL","Metals Acquisition Corp. II","NYSE",NA,"lab.Unmapped","2026-10-02T17:06:46Z","sec-exchange",FALSE
"ISD","PGIM High Yield Bond Fund, Inc.","NYSE",NA,"lab.Unmapped","2026-10-02T17:06:46Z","sec-exchange",FALSE
"CHMG","CHEMUNG FINANCIAL CORP","NASDAQ",NA,"lab.Unmapped","2026-10-02T17:06:46Z","sec-exchange",FALSE
"OFIX","Orthofix Medical Inc.","NASDAQ",NA,"lab.Unmapped","2026-10-02T17:06:46Z","sec-exchange",FALSE
"AEF","abrdn Emerging Markets ex-China Fund, Inc.","NYSE",NA,"lab.Unmapped","2026-10-02T17:06:46Z","sec-exchange",TRUE
"ARCT","Arcturus Therapeutics Holdings Inc.","NASDAQ",NA,"lab.Unmapped","2026-10-02T17:06:46Z","sec-exchange",FALSE
"VITL","Vital Farms, Inc.","NASDAQ",NA,"lab.Unmapped","2026-10-02T17:06:46Z","sec-exchange",FALSE
"SI","SHOULDER INNOVATIONS, INC.","NYSE",NA,"lab.Unmapped","2026-10-02T17:06:46Z","sec-exchange",FALSE
"JRI","Nuveen Real Asset Income & Growth Fund","NYSE",NA,"lab.Unmapped","2026-10-02T17:06:46Z","sec-exchange",FALSE
"OPTU","Optimum Communications, Inc.","NYSE",NA,"lab.Unmapped","2026-10-02T17:06:46Z","sec-exchange",FALSE
"RMNI","Rimini Street, Inc.","NASDAQ",NA,"lab.Unmapped","2026-10-02T17:06:46Z","sec-exchange",FALSE
"PRE","Prenetics Global Ltd","NASDAQ",NA,"lab.Unmapped","2026-10-02T17:06:46Z","sec-exchange",FALSE
"NMG","Nouveau Monde Graphite Inc.","NYSE",NA,"lab.Unmapped","2026-10-02T17:06:46Z","sec-exchange",FALSE
"DFP","Flaherty & Crumrine Dynamic Preferred & Income Fund Inc","NYSE",NA,"lab.Unmapped","2026-10-02T17:06:46Z","sec-exchange",FALSE
"CARL","CARLSMED, INC.","NASDAQ",NA,"lab.Unmapped","2026-10-02T17:06:46Z","sec-exchange",FALSE
"MVBF","MVB FINANCIAL CORP","NASDAQ",NA,"lab.Unmapped","2026-10-02T17:06:46Z","sec-exchange",FALSE
"ZURA","Zura Bio Ltd","NASDAQ",NA,"lab.Unmapped","2026-10-02T17:06:46Z","sec-exchange",FALSE
"CCCT","Columbus Circle Capital Corp III","NASDAQ",NA,"lab.Unmapped","2026-10-02T17:06:46Z","sec-exchange",FALSE
"GRRR","Gorilla Technology Group Inc.","NASDAQ",NA,"lab.Unmapped","2026-10-02T17:06:46Z","sec-exchange",FALSE
"TWIN","TWIN DISC INC","NASDAQ",NA,"lab.Unmapped","2026-10-02T17:06:46Z","sec-exchange",FALSE
"TCI","TRANSCONTINENTAL REALTY INVESTORS INC","NYSE",NA,"lab.Unmapped","2026-10-02T17:06:46Z","sec-exchange",FALSE
"CZFS","CITIZENS FINANCIAL SERVICES INC","NASDAQ",NA,"lab.Unmapped","2026-10-02T17:06:46Z","sec-exchange",FALSE
"HPS","JOHN HANCOCK PREFERRED INCOME FUND III","NYSE",NA,"lab.Unmapped","2026-10-02T17:06:46Z","sec-exchange",FALSE
"FNLC","First Bancorp, Inc /ME/","NASDAQ",NA,"lab.Unmapped","2026-10-02T17:06:46Z","sec-exchange",FALSE
"FRST","Primis Financial Corp.","NASDAQ",NA,"lab.Unmapped","2026-10-02T17:06:46Z","sec-exchange",FALSE
"YICC","Yorkville International Capital Corp.","NASDAQ",NA,"lab.Unmapped","2026-10-02T17:06:46Z","sec-exchange",FALSE
"KEYY","Keystone Acquisition Corp.","NASDAQ",NA,"lab.Unmapped","2026-10-02T17:06:46Z","sec-exchange",FALSE
"STRZ","STARZ ENTERTAINMENT CORP /CN/","NASDAQ",NA,"lab.Unmapped","2026-10-02T17:06:46Z","sec-exchange",FALSE
"CINT","CI&T Inc","NYSE",NA,"lab.Unmapped","2026-10-02T17:06:46Z","sec-exchange",FALSE
"VFF","Village Farms International, Inc.","NASDAQ",NA,"lab.Unmapped","2026-10-02T17:06:46Z","sec-exchange",FALSE
"INDP","Indaptus Therapeutics, Inc.","NASDAQ",NA,"lab.Unmapped","2026-10-02T17:06:46Z","sec-exchange",FALSE
"OPRT","Oportun Financial Corp","NASDAQ",NA,"lab.Unmapped","2026-10-02T17:06:46Z","sec-exchange",FALSE
"CCOI","COGENT COMMUNICATIONS HOLDINGS, INC.","NASDAQ",NA,"lab.Unmapped","2026-10-02T17:06:46Z","sec-exchange",FALSE
"FENC","FENNEC PHARMACEUTICALS INC.","NASDAQ",NA,"lab.Unmapped","2026-10-02T17:06:46Z","sec-exchange",FALSE
"ADV","Advantage Solutions Inc.","NASDAQ",NA,"lab.Unmapped","2026-10-02T17:06:46Z","sec-exchange",FALSE
"QNC","Quantum eMotion Corp","NYSE",NA,"lab.Unmapped","2026-10-02T17:06:46Z","sec-exchange",FALSE
"SDHY","PGIM Short Duration High Yield Opportunities Fund","NYSE",NA,"lab.Unmapped","2026-10-02T17:06:46Z","sec-exchange",FALSE
"PACK","Ranpak Holdings Corp.","NYSE",NA,"lab.Unmapped","2026-10-02T17:06:46Z","sec-exchange",FALSE
"HACQ","HCM IV Acquisition Corp.","NASDAQ",NA,"lab.Unmapped","2026-10-02T17:06:46Z","sec-exchange",FALSE
"MZYX","MOZAYYX Acquisition Corp.","NYSE",NA,"lab.Unmapped","2026-10-02T17:06:46Z","sec-exchange",FALSE
"ALOV","Aldabra 4 Liquidity Opportunity Vehicle, Inc.","NASDAQ",NA,"lab.Unmapped","2026-10-02T17:06:46Z","sec-exchange",FALSE
"SRZN","Surrozen, Inc./DE","NASDAQ",NA,"lab.Unmapped","2026-10-02T17:06:46Z","sec-exchange",TRUE
"HTT","High Templar Tech Ltd","NYSE",NA,"lab.Unmapped","2026-10-02T17:06:46Z","sec-exchange",FALSE
"SLP","Simulations Plus, Inc.","NASDAQ",NA,"lab.Unmapped","2026-10-02T17:06:46Z","sec-exchange",FALSE
"GCO","GENESCO INC","NYSE",NA,"lab.Unmapped","2026-10-02T17:06:46Z","sec-exchange",FALSE
"AUNA","AUNA S.A.","NYSE",NA,"lab.Unmapped","2026-10-02T17:06:46Z","sec-exchange",TRUE
"CPS","Cooper-Standard Holdings Inc.","NYSE",NA,"lab.Unmapped","2026-10-02T17:06:46Z","sec-exchange",FALSE
"HFRO","HIGHLAND OPPORTUNITIES & INCOME FUND","NYSE",NA,"lab.Unmapped","2026-10-02T17:06:46Z","sec-exchange",FALSE
"MOVE","Corvex, Inc.","NASDAQ",NA,"lab.Unmapped","2026-10-02T17:06:46Z","sec-exchange",FALSE
"EVN","Eaton Vance Municipal Income Trust","NYSE",NA,"lab.Unmapped","2026-10-02T17:06:46Z","sec-exchange",FALSE
"OXM","OXFORD INDUSTRIES INC","NYSE",NA,"lab.Unmapped","2026-10-02T17:06:46Z","sec-exchange",FALSE
"ENTA","ENANTA PHARMACEUTICALS INC","NASDAQ",NA,"lab.Unmapped","2026-10-02T17:06:46Z","sec-exchange",FALSE
"CLPT","ClearPoint Neuro, Inc.","NASDAQ",NA,"lab.Unmapped","2026-10-02T17:06:46Z","sec-exchange",FALSE
"FVAV","Fortress Value Acquisition Corp. V","NASDAQ",NA,"lab.Unmapped","2026-10-02T17:06:46Z","sec-exchange",FALSE
"RCEL","AVITA Medical, Inc.","NASDAQ",NA,"lab.Unmapped","2026-10-02T17:06:46Z","sec-exchange",FALSE
"BKKT","Bakkt, Inc.","NYSE",NA,"lab.Unmapped","2026-10-02T17:06:46Z","sec-exchange",FALSE
"FDMM","Freedom Metals Acquisition Corp.","NASDAQ",NA,"lab.Unmapped","2026-10-02T17:06:46Z","sec-exchange",FALSE
"OCGN","Ocugen, Inc.","NASDAQ",NA,"lab.Unmapped","2026-10-02T17:06:46Z","sec-exchange",FALSE
"SUJA","SUJA LIFE, INC.","NASDAQ",NA,"lab.Unmapped","2026-10-02T17:06:46Z","sec-exchange",FALSE
"FCRS","FutureCrest Acquisition Corp.","NYSE",NA,"lab.Unmapped","2026-10-02T17:06:46Z","sec-exchange",FALSE
"SDHI","Siddhi Acquisition Corp (Cayman Islands)","NASDAQ",NA,"lab.Unmapped","2026-10-02T17:06:46Z","sec-exchange",FALSE
"GSRV","GSR V Acquisition Corp.","NASDAQ",NA,"lab.Unmapped","2026-10-02T17:06:46Z","sec-exchange",FALSE
"CTEV","Claritev Corp","NYSE",NA,"lab.Unmapped","2026-10-02T17:06:46Z","sec-exchange",FALSE
"NKLR","Terra Innovatum Global N.V.","NASDAQ",NA,"lab.Unmapped","2026-10-02T17:06:46Z","sec-exchange",TRUE
"OIM","OneIM Acquisition Corp.","NASDAQ",NA,"lab.Unmapped","2026-10-02T17:06:46Z","sec-exchange",FALSE
"WDH","Waterdrop Inc.","NYSE",NA,"lab.Unmapped","2026-10-02T17:06:46Z","sec-exchange",FALSE
"NREF","NexPoint Real Estate Finance, Inc.","NYSE",NA,"lab.Unmapped","2026-10-02T17:06:46Z","sec-exchange",FALSE
"MCI","BARINGS CORPORATE INVESTORS","NYSE",NA,"lab.Unmapped","2026-10-02T17:06:46Z","sec-exchange",FALSE
"KREF","KKR Real Estate Finance Trust Inc.","NYSE",NA,"lab.Unmapped","2026-10-02T17:06:46Z","sec-exchange",FALSE
"FOSL","Fossil Group, Inc.","NASDAQ",NA,"lab.Unmapped","2026-10-02T17:06:46Z","sec-exchange",FALSE
"GIX","GigCapital9 Corp.","NASDAQ",NA,"lab.Unmapped","2026-10-02T17:06:46Z","sec-exchange",FALSE
"VALU","VALUE LINE INC","NASDAQ",NA,"lab.Unmapped","2026-10-02T17:06:46Z","sec-exchange",FALSE
"AIOT","Powerfleet, Inc.","NASDAQ",NA,"lab.Unmapped","2026-10-02T17:06:46Z","sec-exchange",FALSE
"ALUB","Alussa Energy Acquisition Corp. II","NYSE",NA,"lab.Unmapped","2026-10-02T17:06:46Z","sec-exchange",FALSE
"NECB","NorthEast Community Bancorp, Inc./MD/","NASDAQ",NA,"lab.Unmapped","2026-10-02T17:06:46Z","sec-exchange",FALSE
"TACH","Titan Acquisition Corp.","NASDAQ",NA,"lab.Unmapped","2026-10-02T17:06:46Z","sec-exchange",FALSE
"NWFL","NORWOOD FINANCIAL CORP","NASDAQ",NA,"lab.Unmapped","2026-10-02T17:06:46Z","sec-exchange",FALSE
"OTGA","OTG Acquisition Corp. I","NASDAQ",NA,"lab.Unmapped","2026-10-02T17:06:46Z","sec-exchange",FALSE
"KNOP","KNOT Offshore Partners LP","NYSE",NA,"lab.Unmapped","2026-10-02T17:06:46Z","sec-exchange",FALSE
"JILL","J.Jill, Inc.","NYSE",NA,"lab.Unmapped","2026-10-02T17:06:46Z","sec-exchange",FALSE
"OTLY","Oatly Group AB","NASDAQ",NA,"lab.Unmapped","2026-10-02T17:06:46Z","sec-exchange",FALSE
"OBIO","Orchestra BioMed Holdings, Inc.","NASDAQ",NA,"lab.Unmapped","2026-10-02T17:06:46Z","sec-exchange",FALSE
"CV","CapsoVision, Inc","NASDAQ",NA,"lab.Unmapped","2026-10-02T17:06:46Z","sec-exchange",FALSE
"KCHV","Kochav Defense Acquisition Corp.","NASDAQ",NA,"lab.Unmapped","2026-10-02T17:06:46Z","sec-exchange",FALSE
"CCII","Cohen Circle Acquisition Corp. II","NASDAQ",NA,"lab.Unmapped","2026-10-02T17:06:46Z","sec-exchange",FALSE
"REAX","Real REMAX Group Inc.","NASDAQ",NA,"lab.Unmapped","2026-10-02T17:06:46Z","sec-exchange",FALSE
"WSBF","Waterstone Financial, Inc.","NASDAQ",NA,"lab.Unmapped","2026-10-02T17:06:46Z","sec-exchange",FALSE
"SHIP","Seanergy Maritime Holdings Corp.","NASDAQ",NA,"lab.Unmapped","2026-10-02T17:06:46Z","sec-exchange",FALSE
"ACAA","Averin Capital Acquisition Corp.","NASDAQ",NA,"lab.Unmapped","2026-10-02T17:06:46Z","sec-exchange",FALSE
"SHOE","SHOE STATION GROUP INC","NASDAQ",NA,"lab.Unmapped","2026-10-02T17:06:46Z","sec-exchange",FALSE
"FLXS","FLEXSTEEL INDUSTRIES INC","NASDAQ",NA,"lab.Unmapped","2026-10-02T17:06:46Z","sec-exchange",FALSE
"PAII","Pyrophyte Acquisition Corp. II","NYSE",NA,"lab.Unmapped","2026-10-02T17:06:46Z","sec-exchange",FALSE
"LSAK","LESAKA TECHNOLOGIES INC","NASDAQ",NA,"lab.Unmapped","2026-10-02T17:06:46Z","sec-exchange",FALSE
"ARCI","Archimedes Tech SPAC Partners III Co.","NASDAQ",NA,"lab.Unmapped","2026-10-02T17:06:46Z","sec-exchange",FALSE
"SOUL","Soulpower Acquisition Corp.","NYSE",NA,"lab.Unmapped","2026-10-02T17:06:46Z","sec-exchange",FALSE
"EBS","Emergent BioSolutions Inc.","NYSE",NA,"lab.Unmapped","2026-10-02T17:06:46Z","sec-exchange",FALSE
"AMAC","AMR Resources Acquisition Corp.","NASDAQ",NA,"lab.Unmapped","2026-10-02T17:06:46Z","sec-exchange",FALSE
"CURR","Currenc Group Inc.","NASDAQ",NA,"lab.Unmapped","2026-10-02T17:06:46Z","sec-exchange",FALSE
"PERI","Perion Network Ltd.","NASDAQ",NA,"lab.Unmapped","2026-10-02T17:06:46Z","sec-exchange",FALSE
"RR","RICHTECH ROBOTICS INC.","NASDAQ",NA,"lab.Unmapped","2026-10-02T17:06:46Z","sec-exchange",FALSE
"HCIC","Hennessy Capital Investment Corp. VIII","NASDAQ",NA,"lab.Unmapped","2026-10-02T17:06:46Z","sec-exchange",FALSE
"EAD","ALLSPRING INCOME OPPORTUNITIES FUND","NYSE",NA,"lab.Unmapped","2026-10-02T17:06:46Z","sec-exchange",FALSE
"GBLI","Global Indemnity Group, LLC","NASDAQ",NA,"lab.Unmapped","2026-10-02T17:06:46Z","sec-exchange",FALSE
"DIN","Dine Brands Global, Inc.","NYSE",NA,"lab.Unmapped","2026-10-02T17:06:46Z","sec-exchange",FALSE
"BDCI","BTC Development Corp.","NASDAQ",NA,"lab.Unmapped","2026-10-02T17:06:46Z","sec-exchange",FALSE
"OYSE","Oyster Enterprises II Acquisition Corp","NASDAQ",NA,"lab.Unmapped","2026-10-02T17:06:46Z","sec-exchange",FALSE
"OPI","OFFICE PROPERTIES INCOME TRUST","NASDAQ",NA,"lab.Unmapped","2026-10-02T17:06:46Z","sec-exchange",FALSE
"BLZR","Trailblazer Acquisition Corp.","NASDAQ",NA,"lab.Unmapped","2026-10-02T17:06:46Z","sec-exchange",FALSE
"RNGR","Ranger Energy Services, Inc.","NYSE",NA,"lab.Unmapped","2026-10-02T17:06:46Z","sec-exchange",FALSE
"API","Agora, Inc.","NASDAQ",NA,"lab.Unmapped","2026-10-02T17:06:46Z","sec-exchange",FALSE
"AXIN","Axiom Intelligence Acquisition Corp 1","NASDAQ",NA,"lab.Unmapped","2026-10-02T17:06:46Z","sec-exchange",FALSE
"SBXE","SilverBox Corp V","NYSE",NA,"lab.Unmapped","2026-10-02T17:06:46Z","sec-exchange",FALSE
"VOXR","VOX ROYALTY CORP.","NASDAQ",NA,"lab.Unmapped","2026-10-02T17:06:46Z","sec-exchange",FALSE
"CYPH","CYPHERPUNK TECHNOLOGIES INC.","NASDAQ",NA,"lab.Unmapped","2026-10-02T17:06:46Z","sec-exchange",FALSE
"CION","CION Investment Corp","NYSE",NA,"lab.Unmapped","2026-10-02T17:06:46Z","sec-exchange",FALSE
"CLNE","Clean Energy Fuels Corp.","NASDAQ",NA,"lab.Unmapped","2026-10-02T17:06:46Z","sec-exchange",FALSE
"CCAP","Crescent Capital BDC, Inc.","NASDAQ",NA,"lab.Unmapped","2026-10-02T17:06:46Z","sec-exchange",FALSE
"GMTL","Guardian Metal Resources PLC","NYSE",NA,"lab.Unmapped","2026-10-02T17:06:46Z","sec-exchange",TRUE
"USDE","StableCoinX Inc.","NASDAQ",NA,"lab.Unmapped","2026-10-02T17:06:46Z","sec-exchange",FALSE
"VELO","Velo3D, Inc.","NASDAQ",NA,"lab.Unmapped","2026-10-02T17:06:46Z","sec-exchange",FALSE
"IMXI","International Money Express, Inc.","NASDAQ",NA,"lab.Unmapped","2026-10-02T17:06:46Z","sec-exchange",FALSE
"TSBK","TIMBERLAND BANCORP INC","NASDAQ",NA,"lab.Unmapped","2026-10-02T17:06:46Z","sec-exchange",FALSE
"VMD","VIEMED HEALTHCARE, INC.","NASDAQ",NA,"lab.Unmapped","2026-10-02T17:06:46Z","sec-exchange",FALSE
"SORN","Soren Acquisition Corp.","NASDAQ",NA,"lab.Unmapped","2026-10-02T17:06:46Z","sec-exchange",FALSE
"JONE","Jones Ventures INTL Acquisition1 Corp","NASDAQ",NA,"lab.Unmapped","2026-10-02T17:06:46Z","sec-exchange",FALSE
"HCMA","HCM III ACQUISITION CORP.","NASDAQ",NA,"lab.Unmapped","2026-10-02T17:06:46Z","sec-exchange",FALSE
"FSBW","FS Bancorp, Inc.","NASDAQ",NA,"lab.Unmapped","2026-10-02T17:06:46Z","sec-exchange",FALSE
"DSX","DIANA SHIPPING INC.","NYSE",NA,"lab.Unmapped","2026-10-02T17:06:46Z","sec-exchange",FALSE
"DSAC","Daedalus Special Acquisition Corp.","NASDAQ",NA,"lab.Unmapped","2026-10-02T17:06:46Z","sec-exchange",FALSE
"ERII","Energy Recovery, Inc.","NASDAQ",NA,"lab.Unmapped","2026-10-02T17:06:46Z","sec-exchange",FALSE
"CRNC","Cerence Inc.","NASDAQ",NA,"lab.Unmapped","2026-10-02T17:06:46Z","sec-exchange",FALSE
"ARTV","Artiva Biotherapeutics, Inc.","NASDAQ",NA,"lab.Unmapped","2026-10-02T17:06:46Z","sec-exchange",FALSE
"BNTC","Benitec Biopharma Inc.","NASDAQ",NA,"lab.Unmapped","2026-10-02T17:06:46Z","sec-exchange",FALSE
"SVIA","Silvia, Inc.","NASDAQ",NA,"lab.Unmapped","2026-10-02T17:06:46Z","sec-exchange",FALSE
"LZM","Lifezone Metals Ltd","NYSE",NA,"lab.Unmapped","2026-10-02T17:06:46Z","sec-exchange",FALSE
"AVBH","Avidbank Holdings, Inc.","NASDAQ",NA,"lab.Unmapped","2026-10-02T17:06:46Z","sec-exchange",FALSE
"GBAB","Guggenheim Taxable Municipal Bond & Investment Grade Debt Trust","NYSE",NA,"lab.Unmapped","2026-10-02T17:06:46Z","sec-exchange",FALSE
"FOF","Cohen & Steers Closed-End Opportunity Fund, Inc.","NYSE",NA,"lab.Unmapped","2026-10-02T17:06:46Z","sec-exchange",FALSE
"PFL","PIMCO INCOME STRATEGY FUND","NYSE",NA,"lab.Unmapped","2026-10-02T17:06:46Z","sec-exchange",FALSE
"BRBS","BLUE RIDGE BANKSHARES, INC.","NYSE",NA,"lab.Unmapped","2026-10-02T17:06:46Z","sec-exchange",FALSE
"AACI","Armada Acquisition Corp. III","NASDAQ",NA,"lab.Unmapped","2026-10-02T17:06:46Z","sec-exchange",FALSE
"GTE","GRAN TIERRA ENERGY INC.","NYSE",NA,"lab.Unmapped","2026-10-02T17:06:46Z","sec-exchange",FALSE
"ARTNA","ARTESIAN RESOURCES CORP","NASDAQ",NA,"lab.Unmapped","2026-10-02T17:06:46Z","sec-exchange",FALSE
"TCPC","BlackRock TCP Capital Corp.","NASDAQ",NA,"lab.Unmapped","2026-10-02T17:06:46Z","sec-exchange",FALSE
"VOGX","Vogenx, Inc.","NASDAQ",NA,"lab.Unmapped","2026-10-02T17:06:46Z","sec-exchange",FALSE
"TREE","LendingTree, Inc.","NASDAQ",NA,"lab.Unmapped","2026-10-02T17:06:46Z","sec-exchange",FALSE
"LVWR","LiveWire Group, Inc.","NYSE",NA,"lab.Unmapped","2026-10-02T17:06:46Z","sec-exchange",FALSE
"SFIX","Stitch Fix, Inc.","NASDAQ",NA,"lab.Unmapped","2026-10-02T17:06:46Z","sec-exchange",FALSE
"CABA","Cabaletta Bio, Inc.","NASDAQ",NA,"lab.Unmapped","2026-10-02T17:06:46Z","sec-exchange",FALSE
"CGCF","Cartesian Growth Corp IV","NASDAQ",NA,"lab.Unmapped","2026-10-02T17:06:46Z","sec-exchange",FALSE
"CAII","Collective Acquisition Corp. II","NASDAQ",NA,"lab.Unmapped","2026-10-02T17:06:46Z","sec-exchange",FALSE
"LTRX","LANTRONIX INC","NASDAQ",NA,"lab.Unmapped","2026-10-02T17:06:46Z","sec-exchange",FALSE
"IPFX","Inflection Point Acquisition Corp. VI","NASDAQ",NA,"lab.Unmapped","2026-10-02T17:06:46Z","sec-exchange",FALSE
"LEO","BNY MELLON STRATEGIC MUNICIPALS, INC.","NYSE",NA,"lab.Unmapped","2026-10-02T17:06:46Z","sec-exchange",FALSE
"ORN","Orion Group Holdings Inc","NYSE",NA,"lab.Unmapped","2026-10-02T17:06:46Z","sec-exchange",FALSE
"RCKY","ROCKY BRANDS, INC.","NASDAQ",NA,"lab.Unmapped","2026-10-02T17:06:46Z","sec-exchange",FALSE
"SCD","LMP CAPITAL & INCOME FUND INC.","NYSE",NA,"lab.Unmapped","2026-10-02T17:06:46Z","sec-exchange",FALSE
"IA","INNOVATIVE SOLUTIONS & SUPPORT INC","NASDAQ",NA,"lab.Unmapped","2026-10-02T17:06:46Z","sec-exchange",FALSE
"REI","RING ENERGY, INC.","NYSE",NA,"lab.Unmapped","2026-10-02T17:06:46Z","sec-exchange",FALSE
"SNDL","SNDL Inc.","NASDAQ",NA,"lab.Unmapped","2026-10-02T17:06:46Z","sec-exchange",FALSE
"BCML","BayCom Corp","NASDAQ",NA,"lab.Unmapped","2026-10-02T17:06:46Z","sec-exchange",FALSE
"BEAG","Bold Eagle Acquisition Corp.","NASDAQ",NA,"lab.Unmapped","2026-10-02T17:06:46Z","sec-exchange",FALSE
"BLUW","Blue Water Acquisition Corp. III","NASDAQ",NA,"lab.Unmapped","2026-10-02T17:06:46Z","sec-exchange",FALSE
"GASS","StealthGas Inc.","NASDAQ",NA,"lab.Unmapped","2026-10-02T17:06:46Z","sec-exchange",FALSE
"CVEO","Civeo Corp","NYSE",NA,"lab.Unmapped","2026-10-02T17:06:46Z","sec-exchange",FALSE
"ALIT","Alight, Inc. / Delaware","NYSE",NA,"lab.Unmapped","2026-10-02T17:06:46Z","sec-exchange",FALSE
"NNDM","Nano Dimension Ltd.","NASDAQ",NA,"lab.Unmapped","2026-10-02T17:06:46Z","sec-exchange",FALSE
"EH","EHang Holdings Ltd","NASDAQ",NA,"lab.Unmapped","2026-10-02T17:06:46Z","sec-exchange",FALSE
"MYN","BLACKROCK MUNIYIELD NEW YORK QUALITY FUND, INC.","NYSE",NA,"lab.Unmapped","2026-10-02T17:06:46Z","sec-exchange",FALSE
"EMF","TEMPLETON EMERGING MARKETS FUND","NYSE",NA,"lab.Unmapped","2026-10-02T17:06:46Z","sec-exchange",FALSE
"FIP","FTAI Infrastructure Inc.","NASDAQ",NA,"lab.Unmapped","2026-10-02T17:06:46Z","sec-exchange",FALSE
"RREV","RRE Ventures Acquisition Corp.","NASDAQ",NA,"lab.Unmapped","2026-10-02T17:06:46Z","sec-exchange",FALSE
"PINE","Alpine Income Property Trust, Inc.","NYSE",NA,"lab.Unmapped","2026-10-02T17:06:46Z","sec-exchange",FALSE
"IHRT","iHeartMedia, Inc.","NASDAQ",NA,"lab.Unmapped","2026-10-02T17:06:46Z","sec-exchange",FALSE
"CEPV","Cantor Equity Partners V, Inc.","NASDAQ",NA,"lab.Unmapped","2026-10-02T17:06:46Z","sec-exchange",FALSE
"BIOA","BioAge Labs, Inc.","NASDAQ",NA,"lab.Unmapped","2026-10-02T17:06:46Z","sec-exchange",FALSE
"FERA","Fifth Era Acquisition Corp I","NASDAQ",NA,"lab.Unmapped","2026-10-02T17:06:46Z","sec-exchange",FALSE
"SPXX","Nuveen S&P 500 Dynamic Overwrite Fund","NYSE",NA,"lab.Unmapped","2026-10-02T17:06:46Z","sec-exchange",FALSE
"GEVO","Gevo, Inc.","NASDAQ",NA,"lab.Unmapped","2026-10-02T17:06:46Z","sec-exchange",FALSE
"MPTI","M-tron Industries, Inc.","NYSE",NA,"lab.Unmapped","2026-10-02T17:06:46Z","sec-exchange",FALSE
"DRDB","Roman DBDR Acquisition Corp. II","NASDAQ",NA,"lab.Unmapped","2026-10-02T17:06:46Z","sec-exchange",FALSE
"SZZL","Sizzle Acquisition Corp. II","NASDAQ",NA,"lab.Unmapped","2026-10-02T17:06:46Z","sec-exchange",FALSE
"CWH","Camping World Holdings, Inc.","NYSE",NA,"lab.Unmapped","2026-10-02T17:06:46Z","sec-exchange",FALSE
"PACH","Pioneer Acquisition I Corp","NASDAQ",NA,"lab.Unmapped","2026-10-02T17:06:46Z","sec-exchange",FALSE
"OEC","Orion S.A.","NYSE",NA,"lab.Unmapped","2026-10-02T17:06:46Z","sec-exchange",TRUE
"OBA","Oxley Bridge Acquisition Ltd","NASDAQ",NA,"lab.Unmapped","2026-10-02T17:06:46Z","sec-exchange",FALSE
"MIY","BLACKROCK MUNIYIELD MICHIGAN QUALITY FUND, INC.","NYSE",NA,"lab.Unmapped","2026-10-02T17:06:46Z","sec-exchange",FALSE
"RPAY","Repay Holdings Corp","NASDAQ",NA,"lab.Unmapped","2026-10-02T17:06:46Z","sec-exchange",FALSE
"PESI","PERMA FIX ENVIRONMENTAL SERVICES INC","NASDAQ",NA,"lab.Unmapped","2026-10-02T17:06:46Z","sec-exchange",FALSE
"LRMR","Larimar Therapeutics, Inc.","NASDAQ",NA,"lab.Unmapped","2026-10-02T17:06:46Z","sec-exchange",FALSE
"VKI","Invesco Advantage Municipal Income Trust II","NYSE",NA,"lab.Unmapped","2026-10-02T17:06:46Z","sec-exchange",FALSE
"AWP","abrdn Global Premier Properties Fund","NYSE",NA,"lab.Unmapped","2026-10-02T17:06:46Z","sec-exchange",FALSE
"EVOX","Evolution Global Acquisition Corp","NASDAQ",NA,"lab.Unmapped","2026-10-02T17:06:46Z","sec-exchange",FALSE
"KOYN","CSLM Digital Asset Acquisition Corp III, Ltd","NASDAQ",NA,"lab.Unmapped","2026-10-02T17:06:46Z","sec-exchange",FALSE
"ALDF","Aldel Financial II Inc.","NASDAQ",NA,"lab.Unmapped","2026-10-02T17:06:46Z","sec-exchange",FALSE
"JMSB","John Marshall Bancorp, Inc.","NASDAQ",NA,"lab.Unmapped","2026-10-02T17:06:46Z","sec-exchange",FALSE
"NOA","North American Construction Group Ltd.","NYSE",NA,"lab.Unmapped","2026-10-02T17:06:46Z","sec-exchange",TRUE
"AGCC","Agencia Comercial Spirits Ltd.","NASDAQ",NA,"lab.Unmapped","2026-10-02T17:06:46Z","sec-exchange",FALSE
"SMTI","Sanara MedTech Inc.","NASDAQ",NA,"lab.Unmapped","2026-10-02T17:06:46Z","sec-exchange",FALSE
"NEWT","NewtekOne, Inc.","NASDAQ",NA,"lab.Unmapped","2026-10-02T17:06:46Z","sec-exchange",FALSE
"PMTR","Perimeter Acquisition Corp. I","NASDAQ",NA,"lab.Unmapped","2026-10-02T17:06:46Z","sec-exchange",FALSE
"EMBC","Embecta Corp.","NASDAQ",NA,"lab.Unmapped","2026-10-02T17:06:46Z","sec-exchange",FALSE
"ASG","LIBERTY ALL STAR GROWTH FUND INC.","NYSE",NA,"lab.Unmapped","2026-10-02T17:06:46Z","sec-exchange",FALSE
"IACQ","Irenic Acquisition Corp.","NASDAQ",NA,"lab.Unmapped","2026-10-02T17:06:46Z","sec-exchange",FALSE
"FTW","PRESIDIO PRODUCTION Co","NYSE",NA,"lab.Unmapped","2026-10-02T17:06:46Z","sec-exchange",FALSE
"NAN","NUVEEN NEW YORK QUALITY MUNICIPAL INCOME FUND","NYSE",NA,"lab.Unmapped","2026-10-02T17:06:46Z","sec-exchange",FALSE
"AIV","APARTMENT INVESTMENT & MANAGEMENT CO","NYSE",NA,"lab.Unmapped","2026-10-02T17:06:46Z","sec-exchange",FALSE
"LWAY","Lifeway Foods, Inc.","NASDAQ",NA,"lab.Unmapped","2026-10-02T17:06:46Z","sec-exchange",FALSE
"ELA","Envela Corp","NYSE",NA,"lab.Unmapped","2026-10-02T17:06:46Z","sec-exchange",FALSE
"JGH","Nuveen Global High Income Fund","NYSE",NA,"lab.Unmapped","2026-10-02T17:06:46Z","sec-exchange",FALSE
"MLP","MAUI LAND & PINEAPPLE CO INC","NYSE",NA,"lab.Unmapped","2026-10-02T17:06:46Z","sec-exchange",FALSE
"EGHT","8X8 INC /DE/","NASDAQ",NA,"lab.Unmapped","2026-10-02T17:06:46Z","sec-exchange",TRUE
"JACS","Jackson Acquisition Co II","NYSE",NA,"lab.Unmapped","2026-10-02T17:06:46Z","sec-exchange",FALSE
"CAES","Cantor Equity Partners VII, Inc.","NASDAQ",NA,"lab.Unmapped","2026-10-02T17:06:46Z","sec-exchange",FALSE
"NNBR","NN INC","NASDAQ",NA,"lab.Unmapped","2026-10-02T17:06:46Z","sec-exchange",FALSE
"PNRG","PRIMEENERGY RESOURCES CORP","NASDAQ",NA,"lab.Unmapped","2026-10-02T17:06:46Z","sec-exchange",FALSE
"RNGT","Range Capital Acquisition Corp II","NASDAQ",NA,"lab.Unmapped","2026-10-02T17:06:46Z","sec-exchange",FALSE
"FDBC","FIDELITY D & D BANCORP INC","NASDAQ",NA,"lab.Unmapped","2026-10-02T17:06:46Z","sec-exchange",FALSE
"DBI","Designer Brands Inc.","NYSE",NA,"lab.Unmapped","2026-10-02T17:06:46Z","sec-exchange",FALSE
"HIX","WESTERN ASSET HIGH INCOME FUND II INC.","NYSE",NA,"lab.Unmapped","2026-10-02T17:06:46Z","sec-exchange",FALSE
"BBOT","BridgeBio Oncology Therapeutics, Inc.","NASDAQ",NA,"lab.Unmapped","2026-10-02T17:06:46Z","sec-exchange",FALSE
"TVA","Texas Ventures Acquisition III Corp","NASDAQ",NA,"lab.Unmapped","2026-10-02T17:06:46Z","sec-exchange",FALSE
"CFFI","C & F FINANCIAL CORP","NASDAQ",NA,"lab.Unmapped","2026-10-02T17:06:46Z","sec-exchange",FALSE
"ELVA","Electrovaya Inc.","NASDAQ",NA,"lab.Unmapped","2026-10-02T17:06:46Z","sec-exchange",FALSE
"RBBN","Ribbon Communications Inc.","NASDAQ",NA,"lab.Unmapped","2026-10-02T17:06:46Z","sec-exchange",FALSE
"SAC","Safeguard Acquisition Corp.","NYSE",NA,"lab.Unmapped","2026-10-02T17:06:46Z","sec-exchange",FALSE
"ATII","Archimedes Tech SPAC Partners II Co.","NASDAQ",NA,"lab.Unmapped","2026-10-02T17:06:46Z","sec-exchange",FALSE
"BON","Bon Natural Life Ltd","NASDAQ",NA,"lab.Unmapped","2026-10-02T17:06:46Z","sec-exchange",FALSE
"AEAQ","Activate Energy Acquisition Corp.","NASDAQ",NA,"lab.Unmapped","2026-10-02T17:06:46Z","sec-exchange",FALSE
"IPXG","Inflection Point Acquisition Corp. VII","NASDAQ",NA,"lab.Unmapped","2026-10-02T17:06:46Z","sec-exchange",FALSE
"FVCB","FVCBankcorp, Inc.","NASDAQ",NA,"lab.Unmapped","2026-10-02T17:06:46Z","sec-exchange",FALSE
"BBW","BUILD-A-BEAR WORKSHOP INC","NYSE",NA,"lab.Unmapped","2026-10-02T17:06:46Z","sec-exchange",FALSE
"PPHC","Public Policy Holding Company, Inc.","NASDAQ",NA,"lab.Unmapped","2026-10-02T17:06:46Z","sec-exchange",FALSE
"BGT","BLACKROCK FLOATING RATE INCOME TRUST","NYSE",NA,"lab.Unmapped","2026-10-02T17:06:46Z","sec-exchange",FALSE
"AACO","Abony Acquisition Corp. I","NASDAQ",NA,"lab.Unmapped","2026-10-02T17:06:46Z","sec-exchange",FALSE
"RMR","RMR GROUP INC.","NASDAQ",NA,"lab.Unmapped","2026-10-02T17:06:46Z","sec-exchange",FALSE
"COSO","CoastalSouth Bancshares, Inc.","NYSE",NA,"lab.Unmapped","2026-10-02T17:06:46Z","sec-exchange",FALSE
"LEGO","Legato Merger Corp. IV","NYSE",NA,"lab.Unmapped","2026-10-02T17:06:46Z","sec-exchange",FALSE
"ILLU","Illumination Acquisition Corp. I","NASDAQ",NA,"lab.Unmapped","2026-10-02T17:06:46Z","sec-exchange",FALSE
"LWAC","LightWave Acquisition Corp.","NASDAQ",NA,"lab.Unmapped","2026-10-02T17:06:46Z","sec-exchange",FALSE
"KTF","DWS MUNICIPAL INCOME TRUST","NYSE",NA,"lab.Unmapped","2026-10-02T17:06:46Z","sec-exchange",FALSE
"CLW","Clearwater Paper Corp","NYSE",NA,"lab.Unmapped","2026-10-02T17:06:46Z","sec-exchange",FALSE
"CAQ","Cambridge Acquisition Corp.","NASDAQ",NA,"lab.Unmapped","2026-10-02T17:06:46Z","sec-exchange",FALSE
"LPBB","Launch Two Acquisition Corp.","NASDAQ",NA,"lab.Unmapped","2026-10-02T17:06:46Z","sec-exchange",FALSE
"PRLD","Prelude Therapeutics Inc","NASDAQ",NA,"lab.Unmapped","2026-10-02T17:06:46Z","sec-exchange",FALSE
"RAC","Rithm Acquisition Corp.","NYSE",NA,"lab.Unmapped","2026-10-02T17:06:46Z","sec-exchange",FALSE
"ABAT","AMERICAN BATTERY TECHNOLOGY Co","NASDAQ",NA,"lab.Unmapped","2026-10-02T17:06:46Z","sec-exchange",FALSE
"HRZN","Horizon Technology Finance Corp","NASDAQ",NA,"lab.Unmapped","2026-10-02T17:06:46Z","sec-exchange",FALSE
"FISN","DEEP FISSION, INC.","NASDAQ",NA,"lab.Unmapped","2026-10-02T17:06:46Z","sec-exchange",FALSE
"CBNA","CHAIN BRIDGE BANCORP INC","NYSE",NA,"lab.Unmapped","2026-10-02T17:06:46Z","sec-exchange",FALSE
"SVIV","Spring Valley Acquisition Corp. IV","NASDAQ",NA,"lab.Unmapped","2026-10-02T17:06:46Z","sec-exchange",FALSE
"BRW","Saba Capital Income & Opportunities Fund","NYSE",NA,"lab.Unmapped","2026-10-02T17:06:46Z","sec-exchange",FALSE
"GTERA","Globa Terra Acquisition Corp","NASDAQ",NA,"lab.Unmapped","2026-10-02T17:06:46Z","sec-exchange",FALSE
"BKT","BLACKROCK INCOME TRUST, INC.","NYSE",NA,"lab.Unmapped","2026-10-02T17:06:46Z","sec-exchange",FALSE
"ITHA","ITHAX Acquisition Corp III","NASDAQ",NA,"lab.Unmapped","2026-10-02T17:06:46Z","sec-exchange",FALSE
"VHCP","Vine Hill Capital Investment Corp. II","NASDAQ",NA,"lab.Unmapped","2026-10-02T17:06:46Z","sec-exchange",FALSE
"BDSX","BIODESIX INC","NASDAQ",NA,"lab.Unmapped","2026-10-02T17:06:46Z","sec-exchange",FALSE
"XNET","Xunlei Ltd","NASDAQ",NA,"lab.Unmapped","2026-10-02T17:06:46Z","sec-exchange",FALSE
"TWFG","TWFG, Inc.","NASDAQ",NA,"lab.Unmapped","2026-10-02T17:06:46Z","sec-exchange",FALSE
"TMTS","Spartacus Acquisition Corp. II","NASDAQ",NA,"lab.Unmapped","2026-10-02T17:06:46Z","sec-exchange",FALSE
"CDZI","CADIZ INC","NASDAQ",NA,"lab.Unmapped","2026-10-02T17:06:46Z","sec-exchange",FALSE
"BIXI","Bitcoin Infrastructure Acquisition Corp Ltd","NASDAQ",NA,"lab.Unmapped","2026-10-02T17:06:46Z","sec-exchange",FALSE
"PSBD","Palmer Square Capital BDC Inc.","NYSE",NA,"lab.Unmapped","2026-10-02T17:06:46Z","sec-exchange",FALSE
"NODK","NI Holdings, Inc.","NASDAQ",NA,"lab.Unmapped","2026-10-02T17:06:46Z","sec-exchange",FALSE
"FVRR","Fiverr International Ltd.","NYSE",NA,"lab.Unmapped","2026-10-02T17:06:46Z","sec-exchange",FALSE
"PSFE","Paysafe Ltd","NYSE",NA,"lab.Unmapped","2026-10-02T17:06:46Z","sec-exchange",FALSE
"EVMN","Evommune, Inc.","NYSE",NA,"lab.Unmapped","2026-10-02T17:06:46Z","sec-exchange",FALSE
"OPAL","OPAL Fuels Inc.","NASDAQ",NA,"lab.Unmapped","2026-10-02T17:06:46Z","sec-exchange",FALSE
"VNDA","Vanda Pharmaceuticals Inc.","NASDAQ",NA,"lab.Unmapped","2026-10-02T17:06:46Z","sec-exchange",FALSE
"EFR","Eaton Vance Senior Floating-Rate Trust","NYSE",NA,"lab.Unmapped","2026-10-02T17:06:46Z","sec-exchange",FALSE
"FCCO","FIRST COMMUNITY CORP /SC/","NASDAQ",NA,"lab.Unmapped","2026-10-02T17:06:46Z","sec-exchange",FALSE
"ZH","Zhihu Inc.","NYSE",NA,"lab.Unmapped","2026-10-02T17:06:46Z","sec-exchange",FALSE
"GOGO","Gogo Inc.","NASDAQ",NA,"lab.Unmapped","2026-10-02T17:06:46Z","sec-exchange",FALSE
"LE","LANDS' END, INC.","NASDAQ",NA,"lab.Unmapped","2026-10-02T17:06:46Z","sec-exchange",FALSE
"MOBI","Mobia Medical, Inc.","NASDAQ",NA,"lab.Unmapped","2026-10-02T17:06:46Z","sec-exchange",FALSE
"EFTY","ETOILES CAPITAL GROUP CO., LTD","NASDAQ",NA,"lab.Unmapped","2026-10-02T17:06:46Z","sec-exchange",FALSE
"ELLO","Ellomay Capital Ltd.","NYSE",NA,"lab.Unmapped","2026-10-02T17:06:46Z","sec-exchange",FALSE
"HVMC","Highview Merger Corp.","NASDAQ",NA,"lab.Unmapped","2026-10-02T17:06:46Z","sec-exchange",FALSE
"SILC","SILICOM LTD.","NASDAQ",NA,"lab.Unmapped","2026-10-02T17:06:46Z","sec-exchange",FALSE
"QLEP","Quantum Leap Acquisition Corp","NYSE",NA,"lab.Unmapped","2026-10-02T17:06:46Z","sec-exchange",FALSE
"JENA","JENA ACQUISITION Corp II","NYSE",NA,"lab.Unmapped","2026-10-02T17:06:46Z","sec-exchange",FALSE
"SHMD","SCHMID Group N.V.","NASDAQ",NA,"lab.Unmapped","2026-10-02T17:06:46Z","sec-exchange",TRUE
"GSRF","GSR IV Acquisition Corp.","NASDAQ",NA,"lab.Unmapped","2026-10-02T17:06:46Z","sec-exchange",FALSE
"TLS","TELOS CORP","NASDAQ",NA,"lab.Unmapped","2026-10-02T17:06:46Z","sec-exchange",FALSE
"HLLY","Holley Inc.","NYSE",NA,"lab.Unmapped","2026-10-02T17:06:46Z","sec-exchange",FALSE
"SUPX","SuperX AI Technology Ltd","NASDAQ",NA,"lab.Unmapped","2026-10-02T17:06:46Z","sec-exchange",FALSE
"FNKO","Funko, Inc.","NASDAQ",NA,"lab.Unmapped","2026-10-02T17:06:46Z","sec-exchange",FALSE
"IPSC","Century Therapeutics, Inc.","NASDAQ",NA,"lab.Unmapped","2026-10-02T17:06:46Z","sec-exchange",FALSE
"ZTR","Virtus Total Return Fund Inc.","NYSE",NA,"lab.Unmapped","2026-10-02T17:06:46Z","sec-exchange",FALSE
"SEG","Seaport Entertainment Group Inc.","NYSE",NA,"lab.Unmapped","2026-10-02T17:06:46Z","sec-exchange",FALSE
"TMCI","TREACE MEDICAL CONCEPTS, INC.","NASDAQ",NA,"lab.Unmapped","2026-10-02T17:06:46Z","sec-exchange",FALSE
"PHOS","First Phosphate Corp.","NASDAQ",NA,"lab.Unmapped","2026-10-02T17:06:46Z","sec-exchange",FALSE
"AFRI","Forafric Global PLC","NASDAQ",NA,"lab.Unmapped","2026-10-02T17:06:46Z","sec-exchange",TRUE
"SVAQ","Silicon Valley Acquisition Corp.","NASDAQ",NA,"lab.Unmapped","2026-10-02T17:06:46Z","sec-exchange",FALSE
"GPAC","General Purpose Acquisition Corp.","NASDAQ",NA,"lab.Unmapped","2026-10-02T17:06:46Z","sec-exchange",FALSE
"HCAC","Hall Chadwick Acquisition Corp","NASDAQ",NA,"lab.Unmapped","2026-10-02T17:06:46Z","sec-exchange",FALSE
"MXF","MEXICO FUND INC","NYSE",NA,"lab.Unmapped","2026-10-02T17:06:46Z","sec-exchange",TRUE
"ABEO","ABEONA THERAPEUTICS INC.","NASDAQ",NA,"lab.Unmapped","2026-10-02T17:06:46Z","sec-exchange",FALSE
"MYFW","First Western Financial Inc","NASDAQ",NA,"lab.Unmapped","2026-10-02T17:06:46Z","sec-exchange",FALSE
"IRHO","Iron Horse Acquisition II Corp.","NASDAQ",NA,"lab.Unmapped","2026-10-02T17:06:46Z","sec-exchange",FALSE
"SABS","SAB Biotherapeutics, Inc.","NASDAQ",NA,"lab.Unmapped","2026-10-02T17:06:46Z","sec-exchange",FALSE
"AACP","Apogee Acquisition Corp","NASDAQ",NA,"lab.Unmapped","2026-10-02T17:06:46Z","sec-exchange",FALSE
"BRBI","BRBI BR Partners S.A.","NASDAQ",NA,"lab.Unmapped","2026-10-02T17:06:46Z","sec-exchange",TRUE
"BPRN","Princeton Bancorp, Inc.","NASDAQ",NA,"lab.Unmapped","2026-10-02T17:06:46Z","sec-exchange",FALSE
"BACC","Blue Acquisition Corp/Cayman","NASDAQ",NA,"lab.Unmapped","2026-10-02T17:06:46Z","sec-exchange",FALSE
"MTNE","CH4 Natural Solutions Corp","NYSE",NA,"lab.Unmapped","2026-10-02T17:06:46Z","sec-exchange",FALSE
"CATX","Perspective Therapeutics, Inc.","NYSE",NA,"lab.Unmapped","2026-10-02T17:06:46Z","sec-exchange",FALSE
"ACGC","ACP Holdings Acquisition Corp.","NASDAQ",NA,"lab.Unmapped","2026-10-02T17:06:46Z","sec-exchange",FALSE
"AIRJ","AirJoule Technologies Corp.","NASDAQ",NA,"lab.Unmapped","2026-10-02T17:06:46Z","sec-exchange",FALSE
"XFLT","XAI Floating Rate & Alternative Income Trust","NYSE",NA,"lab.Unmapped","2026-10-02T17:06:46Z","sec-exchange",FALSE
"XFOR","X4 Pharmaceuticals, Inc","NASDAQ",NA,"lab.Unmapped","2026-10-02T17:06:46Z","sec-exchange",FALSE
"TJGC","TJGC GROUP Ltd","NASDAQ",NA,"lab.Unmapped","2026-10-02T17:06:46Z","sec-exchange",TRUE
"ADAC","American Drive Acquisition Co","NASDAQ",NA,"lab.Unmapped","2026-10-02T17:06:46Z","sec-exchange",FALSE
"TDUP","ThredUp Inc.","NASDAQ",NA,"lab.Unmapped","2026-10-02T17:06:46Z","sec-exchange",FALSE
"CUVL","Clinuvel Pharmaceuticals Ltd","NASDAQ",NA,"lab.Unmapped","2026-10-02T17:06:46Z","sec-exchange",FALSE
"TEI","TEMPLETON EMERGING MARKETS INCOME FUND","NYSE",NA,"lab.Unmapped","2026-10-02T17:06:46Z","sec-exchange",FALSE
"FGII","FG Imperii Acquisition Corp.","NASDAQ",NA,"lab.Unmapped","2026-10-02T17:06:46Z","sec-exchange",FALSE
"SLNH","Soluna Holdings, Inc","NASDAQ",NA,"lab.Unmapped","2026-10-02T17:06:46Z","sec-exchange",FALSE
"NXH","NEIGHBORHOOD INTELLIGENCE, INC.","NASDAQ",NA,"lab.Unmapped","2026-10-02T17:06:46Z","sec-exchange",FALSE
"LPCV","Launchpad Cadenza Acquisition Corp I","NASDAQ",NA,"lab.Unmapped","2026-10-02T17:06:46Z","sec-exchange",FALSE
"RCMT","RCM TECHNOLOGIES, INC.","NASDAQ",NA,"lab.Unmapped","2026-10-02T17:06:46Z","sec-exchange",FALSE
"KPET","KPET Ultra Paceline Corp","NYSE",NA,"lab.Unmapped","2026-10-02T17:06:46Z","sec-exchange",FALSE
"RFAI","RF Acquisition Corp II","NASDAQ",NA,"lab.Unmapped","2026-10-02T17:06:46Z","sec-exchange",FALSE
"EYPT","EyePoint, Inc.","NASDAQ",NA,"lab.Unmapped","2026-10-02T17:06:46Z","sec-exchange",FALSE
"ASYS","AMTECH SYSTEMS INC","NASDAQ",NA,"lab.Unmapped","2026-10-02T17:06:46Z","sec-exchange",FALSE
"ISBA","ISABELLA BANK CORP","NASDAQ",NA,"lab.Unmapped","2026-10-02T17:06:46Z","sec-exchange",FALSE
"ALCO","ALICO, INC.","NASDAQ",NA,"lab.Unmapped","2026-10-02T17:06:46Z","sec-exchange",FALSE
"HPF","JOHN HANCOCK PREFERRED INCOME FUND II","NYSE",NA,"lab.Unmapped","2026-10-02T17:06:46Z","sec-exchange",FALSE
"JAKK","JAKKS PACIFIC INC","NASDAQ",NA,"lab.Unmapped","2026-10-02T17:06:46Z","sec-exchange",FALSE
"UCFI","CN Healthy Food Tech Group Corp.","NASDAQ",NA,"lab.Unmapped","2026-10-02T17:06:46Z","sec-exchange",FALSE
"FUND","SPROTT FOCUS TRUST INC.","NASDAQ",NA,"lab.Unmapped","2026-10-02T17:06:46Z","sec-exchange",FALSE
"RIV","RIVERNORTH OPPORTUNITIES FUND, INC.","NYSE",NA,"lab.Unmapped","2026-10-02T17:06:46Z","sec-exchange",FALSE
"QTTB","Q32 Bio Inc.","NASDAQ",NA,"lab.Unmapped","2026-10-02T17:06:46Z","sec-exchange",FALSE
"SHOT","RMG ML Sports Holdings","NASDAQ",NA,"lab.Unmapped","2026-10-02T17:06:46Z","sec-exchange",FALSE
"OVLY","Oak Valley Bancorp","NASDAQ",NA,"lab.Unmapped","2026-10-02T17:06:46Z","sec-exchange",FALSE
"CUB","Lionheart Holdings","NASDAQ",NA,"lab.Unmapped","2026-10-02T17:06:46Z","sec-exchange",FALSE
"DSC","DSC Holdings Ltd.","NASDAQ",NA,"lab.Unmapped","2026-10-02T17:06:46Z","sec-exchange",FALSE
"UPB","Upstream Bio, Inc.","NASDAQ",NA,"lab.Unmapped","2026-10-02T17:06:46Z","sec-exchange",FALSE
"PMTS","CPI Card Group Inc.","NASDAQ",NA,"lab.Unmapped","2026-10-02T17:06:46Z","sec-exchange",FALSE
"QNBC","QNB CORP.","NASDAQ",NA,"lab.Unmapped","2026-10-02T17:06:46Z","sec-exchange",FALSE
"RCKT","ROCKET PHARMACEUTICALS, INC.","NASDAQ",NA,"lab.Unmapped","2026-10-02T17:06:46Z","sec-exchange",FALSE
"DUOT","DUOS TECHNOLOGIES GROUP, INC.","NASDAQ",NA,"lab.Unmapped","2026-10-02T17:06:46Z","sec-exchange",FALSE
"IKT","Inhibikase Therapeutics, Inc.","NASDAQ",NA,"lab.Unmapped","2026-10-02T17:06:46Z","sec-exchange",FALSE
"MGPI","MGP INGREDIENTS INC","NASDAQ",NA,"lab.Unmapped","2026-10-02T17:06:46Z","sec-exchange",FALSE
"HLXC","Helix Acquisition Corp. III","NASDAQ",NA,"lab.Unmapped","2026-10-02T17:06:46Z","sec-exchange",FALSE
"ATLQ","JAB Acquisition Corp I","NASDAQ",NA,"lab.Unmapped","2026-10-02T17:06:46Z","sec-exchange",FALSE
"FNRN","FIRST NORTHERN COMMUNITY BANCORP","NASDAQ",NA,"lab.Unmapped","2026-10-02T17:06:46Z","sec-exchange",FALSE
"FULC","Fulcrum Therapeutics, Inc.","NASDAQ",NA,"lab.Unmapped","2026-10-02T17:06:46Z","sec-exchange",FALSE
"TVAI","Thayer Ventures Acquisition Corp II","NASDAQ",NA,"lab.Unmapped","2026-10-02T17:06:46Z","sec-exchange",FALSE
"SAMO","Samos Energy Acquisition Corp","NYSE",NA,"lab.Unmapped","2026-10-02T17:06:46Z","sec-exchange",FALSE
"WLCO","Wilco 63 Corp","NASDAQ",NA,"lab.Unmapped","2026-10-02T17:06:46Z","sec-exchange",FALSE
"RWAY","Runway Growth Finance Corp.","NASDAQ",NA,"lab.Unmapped","2026-10-02T17:06:46Z","sec-exchange",FALSE
"XCBE","X3 Acquisition Corp. Ltd.","NASDAQ",NA,"lab.Unmapped","2026-10-02T17:06:46Z","sec-exchange",FALSE
"SVCO","Silvaco Group, Inc.","NASDAQ",NA,"lab.Unmapped","2026-10-02T17:06:46Z","sec-exchange",FALSE
"NC","NACCO INDUSTRIES INC","NYSE",NA,"lab.Unmapped","2026-10-02T17:06:46Z","sec-exchange",FALSE
"RFI","COHEN & STEERS TOTAL RETURN REALTY FUND INC","NYSE",NA,"lab.Unmapped","2026-10-02T17:06:46Z","sec-exchange",FALSE
"TBI","TrueBlue, Inc.","NYSE",NA,"lab.Unmapped","2026-10-02T17:06:46Z","sec-exchange",FALSE
"BKTI","BK Technologies Corp","NYSE",NA,"lab.Unmapped","2026-10-02T17:06:46Z","sec-exchange",FALSE
"FRD","FRIEDMAN INDUSTRIES INC","NASDAQ",NA,"lab.Unmapped","2026-10-02T17:06:46Z","sec-exchange",FALSE
"LAB","STANDARD BIOTOOLS INC.","NASDAQ",NA,"lab.Unmapped","2026-10-02T17:06:46Z","sec-exchange",FALSE
"RM","Regional Management Corp.","NYSE",NA,"lab.Unmapped","2026-10-02T17:06:46Z","sec-exchange",FALSE
"ALTO","Alto Ingredients, Inc.","NASDAQ",NA,"lab.Unmapped","2026-10-02T17:06:46Z","sec-exchange",FALSE
"TSSI","TSS, Inc.","NASDAQ",NA,"lab.Unmapped","2026-10-02T17:06:46Z","sec-exchange",FALSE
"FUNC","FIRST UNITED CORP/MD/","NASDAQ",NA,"lab.Unmapped","2026-10-02T17:06:46Z","sec-exchange",FALSE
"NXDT","NEXPOINT DIVERSIFIED REAL ESTATE TRUST","NYSE",NA,"lab.Unmapped","2026-10-02T17:06:46Z","sec-exchange",FALSE
"HWBK","HAWTHORN BANCSHARES, INC.","NASDAQ",NA,"lab.Unmapped","2026-10-02T17:06:46Z","sec-exchange",FALSE
"FRAF","FRANKLIN FINANCIAL SERVICES CORP /PA/","NASDAQ",NA,"lab.Unmapped","2026-10-02T17:06:46Z","sec-exchange",FALSE
"ATLO","AMES NATIONAL CORP","NASDAQ",NA,"lab.Unmapped","2026-10-02T17:06:46Z","sec-exchange",FALSE
"ISNR","Snow Rothschild Acquisition Corp.","NASDAQ",NA,"lab.Unmapped","2026-10-02T17:06:46Z","sec-exchange",FALSE
"AMRN","AMARIN CORP PLC\UK","NASDAQ",NA,"lab.Unmapped","2026-10-02T17:06:46Z","sec-exchange",TRUE
"FATE","FATE THERAPEUTICS INC","NASDAQ",NA,"lab.Unmapped","2026-10-02T17:06:46Z","sec-exchange",FALSE
"RFMZ","RiverNorth Flexible Municipal Income Fund II, Inc.","NYSE",NA,"lab.Unmapped","2026-10-02T17:06:46Z","sec-exchange",FALSE
"WNEB","Western New England Bancorp, Inc.","NASDAQ",NA,"lab.Unmapped","2026-10-02T17:06:46Z","sec-exchange",FALSE
"ZIP","ZIPRECRUITER, INC.","NYSE",NA,"lab.Unmapped","2026-10-02T17:06:46Z","sec-exchange",FALSE
"OPTX","SYNTEC OPTICS HOLDINGS, INC.","NASDAQ",NA,"lab.Unmapped","2026-10-02T17:06:46Z","sec-exchange",FALSE
"IFRX","InflaRx N.V.","NASDAQ",NA,"lab.Unmapped","2026-10-02T17:06:46Z","sec-exchange",TRUE
"REFI","Chicago Atlantic Real Estate Finance, Inc.","NASDAQ",NA,"lab.Unmapped","2026-10-02T17:06:46Z","sec-exchange",FALSE
"KF","KOREA FUND INC","NYSE",NA,"lab.Unmapped","2026-10-02T17:06:46Z","sec-exchange",TRUE
"MTAK","Market Technology Acquisition Corp","NASDAQ",NA,"lab.Unmapped","2026-10-02T17:06:46Z","sec-exchange",FALSE
"XSLL","Xsolla SPAC 1","NASDAQ",NA,"lab.Unmapped","2026-10-02T17:06:46Z","sec-exchange",FALSE
"MFIN","MEDALLION FINANCIAL CORP","NASDAQ",NA,"lab.Unmapped","2026-10-02T17:06:46Z","sec-exchange",FALSE
"NHIV","NewHold Investment Corp IV","NASDAQ",NA,"lab.Unmapped","2026-10-02T17:06:46Z","sec-exchange",FALSE
"FUBO","FuboTV Inc.","NYSE",NA,"lab.Unmapped","2026-10-02T17:06:46Z","sec-exchange",FALSE
"GPRO","GoPro, Inc.","NASDAQ",NA,"lab.Unmapped","2026-10-02T17:06:46Z","sec-exchange",FALSE
"CEPO","Cantor Equity Partners I, Inc.","NASDAQ",NA,"lab.Unmapped","2026-10-02T17:06:46Z","sec-exchange",FALSE
"EOD","ALLSPRING GLOBAL DIVIDEND OPPORTUNITY FUND","NYSE",NA,"lab.Unmapped","2026-10-02T17:06:46Z","sec-exchange",FALSE
"ARDC","Ares Dynamic Credit Allocation Fund, Inc.","NYSE",NA,"lab.Unmapped","2026-10-02T17:06:46Z","sec-exchange",FALSE
"SY","So-Young International Inc.","NASDAQ",NA,"lab.Unmapped","2026-10-02T17:06:46Z","sec-exchange",FALSE
"MUZE","Muzero Acquisition Corp","NASDAQ",NA,"lab.Unmapped","2026-10-02T17:06:46Z","sec-exchange",FALSE
"SAR","SARATOGA INVESTMENT CORP.","NYSE",NA,"lab.Unmapped","2026-10-02T17:06:46Z","sec-exchange",FALSE
"NEGG","Newegg Commerce, Inc.","NASDAQ",NA,"lab.Unmapped","2026-10-02T17:06:46Z","sec-exchange",FALSE
"GBFH","GBank Financial Holdings Inc.","NASDAQ",NA,"lab.Unmapped","2026-10-02T17:06:46Z","sec-exchange",FALSE
"UXIN","Uxin Ltd","NASDAQ",NA,"lab.Unmapped","2026-10-02T17:06:46Z","sec-exchange",FALSE
"GLSI","Greenwich LifeSciences, Inc.","NASDAQ",NA,"lab.Unmapped","2026-10-02T17:06:46Z","sec-exchange",FALSE
"OIA","Invesco Municipal Income Opportunities Trust","NYSE",NA,"lab.Unmapped","2026-10-02T17:06:46Z","sec-exchange",FALSE
"LDI","loanDepot, Inc.","NYSE",NA,"lab.Unmapped","2026-10-02T17:06:46Z","sec-exchange",FALSE
"TSI","TCW STRATEGIC INCOME FUND INC","NYSE",NA,"lab.Unmapped","2026-10-02T17:06:46Z","sec-exchange",FALSE
"DNMX","Dynamix Corp III","NASDAQ",NA,"lab.Unmapped","2026-10-02T17:06:46Z","sec-exchange",FALSE
"TTGT","TechTarget, Inc.","NASDAQ",NA,"lab.Unmapped","2026-10-02T17:06:46Z","sec-exchange",FALSE
"FXNC","FIRST NATIONAL CORP /VA/","NASDAQ",NA,"lab.Unmapped","2026-10-02T17:06:46Z","sec-exchange",FALSE
"NKSH","NATIONAL BANKSHARES INC","NASDAQ",NA,"lab.Unmapped","2026-10-02T17:06:46Z","sec-exchange",FALSE
"USNA","USANA HEALTH SCIENCES INC","NYSE",NA,"lab.Unmapped","2026-10-02T17:06:46Z","sec-exchange",FALSE
"STRO","SUTRO BIOPHARMA, INC.","NASDAQ",NA,"lab.Unmapped","2026-10-02T17:06:46Z","sec-exchange",FALSE
"XPER","Xperi Inc.","NYSE",NA,"lab.Unmapped","2026-10-02T17:06:46Z","sec-exchange",FALSE
"MTRX","MATRIX SERVICE CO","NASDAQ",NA,"lab.Unmapped","2026-10-02T17:06:46Z","sec-exchange",FALSE
"CNCK","Coincheck Group N.V.","NASDAQ",NA,"lab.Unmapped","2026-10-02T17:06:46Z","sec-exchange",TRUE
"HQI","HireQuest, Inc.","NASDAQ",NA,"lab.Unmapped","2026-10-02T17:06:46Z","sec-exchange",FALSE
"XTER","Karman Line Acquisition Corp.","NASDAQ",NA,"lab.Unmapped","2026-10-02T17:06:46Z","sec-exchange",FALSE
"POWW","Outdoor Holding Co","NASDAQ",NA,"lab.Unmapped","2026-10-02T17:06:46Z","sec-exchange",FALSE
"CAN","Canaan Inc.","NASDAQ",NA,"lab.Unmapped","2026-10-02T17:06:46Z","sec-exchange",FALSE
"AIBZ","Bitzero Holdings Inc.","NASDAQ",NA,"lab.Unmapped","2026-10-02T17:06:46Z","sec-exchange",FALSE
"VCRE","Vicore Pharma Holding AB","NASDAQ",NA,"lab.Unmapped","2026-10-02T17:06:46Z","sec-exchange",FALSE
"ANIK","Anika Therapeutics, Inc.","NASDAQ",NA,"lab.Unmapped","2026-10-02T17:06:46Z","sec-exchange",FALSE
"KWY","KINGSWAY Corp","NYSE",NA,"lab.Unmapped","2026-10-02T17:06:46Z","sec-exchange",FALSE
"LCNB","LCNB CORP","NASDAQ",NA,"lab.Unmapped","2026-10-02T17:06:46Z","sec-exchange",FALSE
"LXEO","Lexeo Therapeutics, Inc.","NASDAQ",NA,"lab.Unmapped","2026-10-02T17:06:46Z","sec-exchange",FALSE
"NNNN","Anbio Biotechnology","NASDAQ",NA,"lab.Unmapped","2026-10-02T17:06:46Z","sec-exchange",FALSE
"NCZ","Virtus Convertible & Income Fund II","NYSE",NA,"lab.Unmapped","2026-10-02T17:06:46Z","sec-exchange",FALSE
"OACC","Oaktree Acquisition Corp. III Life Sciences","NASDAQ",NA,"lab.Unmapped","2026-10-02T17:06:46Z","sec-exchange",FALSE
"IMRX","Immuneering Corp","NASDAQ",NA,"lab.Unmapped","2026-10-02T17:06:46Z","sec-exchange",FALSE
"OSUR","ORASURE TECHNOLOGIES INC","NASDAQ",NA,"lab.Unmapped","2026-10-02T17:06:46Z","sec-exchange",FALSE
"III","Information Services Group Inc.","NASDAQ",NA,"lab.Unmapped","2026-10-02T17:06:46Z","sec-exchange",FALSE
"STRT","STRATTEC SECURITY CORP","NASDAQ",NA,"lab.Unmapped","2026-10-02T17:06:46Z","sec-exchange",FALSE
"PCYO","PURE CYCLE CORP","NASDAQ",NA,"lab.Unmapped","2026-10-02T17:06:46Z","sec-exchange",FALSE
"TMCR","Metals Royalty Co Inc.","NASDAQ",NA,"lab.Unmapped","2026-10-02T17:06:46Z","sec-exchange",FALSE
"BCBP","BCB BANCORP INC","NASDAQ",NA,"lab.Unmapped","2026-10-02T17:06:46Z","sec-exchange",FALSE
"DMAA","Drugs Made In America Acquisition Corp.","NASDAQ",NA,"lab.Unmapped","2026-10-02T17:06:46Z","sec-exchange",FALSE
"ESCA","ESCALADE INC","NASDAQ",NA,"lab.Unmapped","2026-10-02T17:06:46Z","sec-exchange",FALSE
"NPCT","Nuveen Core Plus Impact Fund","NYSE",NA,"lab.Unmapped","2026-10-02T17:06:46Z","sec-exchange",FALSE
"VABK","Virginia National Bankshares Corp","NASDAQ",NA,"lab.Unmapped","2026-10-02T17:06:46Z","sec-exchange",FALSE
"LAW","CS Disco, Inc.","NYSE",NA,"lab.Unmapped","2026-10-02T17:06:46Z","sec-exchange",FALSE
"NTWO","Newbury Street II Acquisition Corp","NASDAQ",NA,"lab.Unmapped","2026-10-02T17:06:46Z","sec-exchange",FALSE
"TII","Titan Mining Corp","NYSE",NA,"lab.Unmapped","2026-10-02T17:06:46Z","sec-exchange",FALSE
"FACT","FACT II Acquisition Corp.","NASDAQ",NA,"lab.Unmapped","2026-10-02T17:06:46Z","sec-exchange",FALSE
"TLSI","TriSalus Life Sciences, Inc.","NASDAQ",NA,"lab.Unmapped","2026-10-02T17:06:46Z","sec-exchange",FALSE
"WLII","Willow Lane Acquisition Corp. II","NASDAQ",NA,"lab.Unmapped","2026-10-02T17:06:46Z","sec-exchange",FALSE
"SWMR","Swarmer, Inc","NASDAQ",NA,"lab.Unmapped","2026-10-02T17:06:46Z","sec-exchange",FALSE
"EVI","EVI INDUSTRIES, INC.","NYSE",NA,"lab.Unmapped","2026-10-02T17:06:46Z","sec-exchange",FALSE
"TRGS","TRG Latin America Acquisitions Corp.","NASDAQ",NA,"lab.Unmapped","2026-10-02T17:06:46Z","sec-exchange",FALSE
"JACK","JACK IN THE BOX INC","NASDAQ",NA,"lab.Unmapped","2026-10-02T17:06:46Z","sec-exchange",FALSE
"ONEN","ONE Nuclear Energy Inc.","NASDAQ",NA,"lab.Unmapped","2026-10-02T17:06:46Z","sec-exchange",FALSE
"THEO","BOA Acquisition Corp. II","NASDAQ",NA,"lab.Unmapped","2026-10-02T17:06:46Z","sec-exchange",FALSE
"SBMT","SILVER BOW MINING CORP.","NYSE",NA,"lab.Unmapped","2026-10-02T17:06:46Z","sec-exchange",FALSE
"CMRC","Commerce.com, Inc.","NASDAQ",NA,"lab.Unmapped","2026-10-02T17:06:46Z","sec-exchange",FALSE
"PTLO","Portillo's Inc.","NASDAQ",NA,"lab.Unmapped","2026-10-02T17:06:46Z","sec-exchange",FALSE
"PPIH","Perma-Pipe International Holdings, Inc.","NASDAQ",NA,"lab.Unmapped","2026-10-02T17:06:46Z","sec-exchange",FALSE
"VNME","Vendome Acquisition Corp I","NASDAQ",NA,"lab.Unmapped","2026-10-02T17:06:46Z","sec-exchange",FALSE
"KINS","KINGSTONE COMPANIES, INC.","NASDAQ",NA,"lab.Unmapped","2026-10-02T17:06:46Z","sec-exchange",FALSE
"ACIU","AC Immune SA","NASDAQ",NA,"lab.Unmapped","2026-10-02T17:06:46Z","sec-exchange",TRUE
"BCYC","BICYCLE THERAPEUTICS PLC","NASDAQ",NA,"lab.Unmapped","2026-10-02T17:06:46Z","sec-exchange",TRUE
"SRV","NXG Cushing Midstream Energy Fund","NYSE",NA,"lab.Unmapped","2026-10-02T17:06:46Z","sec-exchange",FALSE
"INFU","InfuSystem Holdings, Inc","NYSE",NA,"lab.Unmapped","2026-10-02T17:06:46Z","sec-exchange",FALSE
"RELL","RICHARDSON ELECTRONICS, LTD.","NASDAQ",NA,"lab.Unmapped","2026-10-02T17:06:46Z","sec-exchange",FALSE
"OFLX","Omega Flex, Inc.","NASDAQ",NA,"lab.Unmapped","2026-10-02T17:06:46Z","sec-exchange",FALSE
"ACB","AURORA CANNABIS INC","NASDAQ",NA,"lab.Unmapped","2026-10-02T17:06:46Z","sec-exchange",FALSE
"AUDC","AUDIOCODES LTD","NASDAQ",NA,"lab.Unmapped","2026-10-02T17:06:46Z","sec-exchange",FALSE
"PDYN","Palladyne AI Corp.","NASDAQ",NA,"lab.Unmapped","2026-10-02T17:06:46Z","sec-exchange",FALSE
"CHPT","ChargePoint Holdings, Inc.","NYSE",NA,"lab.Unmapped","2026-10-02T17:06:46Z","sec-exchange",FALSE
"SCII","SC II Acquisition Corp.","NASDAQ",NA,"lab.Unmapped","2026-10-02T17:06:46Z","sec-exchange",FALSE
"BRT","BRT Apartments Corp.","NYSE",NA,"lab.Unmapped","2026-10-02T17:06:46Z","sec-exchange",FALSE
"IPVV","InterPrivate Investment Partners V, Inc.","NASDAQ",NA,"lab.Unmapped","2026-10-02T17:06:46Z","sec-exchange",FALSE
"ACV","Virtus Diversified Income & Convertible Fund","NYSE",NA,"lab.Unmapped","2026-10-02T17:06:46Z","sec-exchange",FALSE
"ASLE","AerSale Corp","NASDAQ",NA,"lab.Unmapped","2026-10-02T17:06:46Z","sec-exchange",FALSE
"HITI","High Tide Inc.","NASDAQ",NA,"lab.Unmapped","2026-10-02T17:06:46Z","sec-exchange",FALSE
"AVNW","AVIAT NETWORKS, INC.","NASDAQ",NA,"lab.Unmapped","2026-10-02T17:06:46Z","sec-exchange",FALSE
"GENC","GENCOR INDUSTRIES INC","NYSE",NA,"lab.Unmapped","2026-10-02T17:06:46Z","sec-exchange",FALSE
"DSM","BNY MELLON STRATEGIC MUNICIPAL BOND FUND, INC.","NYSE",NA,"lab.Unmapped","2026-10-02T17:06:46Z","sec-exchange",FALSE
"MVST","Microvast Holdings, Inc.","NASDAQ",NA,"lab.Unmapped","2026-10-02T17:06:46Z","sec-exchange",FALSE
"OHAC","Oceanhawk Acquisition Corp.","NASDAQ",NA,"lab.Unmapped","2026-10-02T17:06:46Z","sec-exchange",FALSE
"IONR","ioneer Ltd","NASDAQ",NA,"lab.Unmapped","2026-10-02T17:06:46Z","sec-exchange",FALSE
"VLOS","Velos Acquisition I Corp.","NASDAQ",NA,"lab.Unmapped","2026-10-02T17:06:46Z","sec-exchange",FALSE
"PALI","PALISADE BIO, INC.","NASDAQ",NA,"lab.Unmapped","2026-10-02T17:06:46Z","sec-exchange",FALSE
"QADR","QDRO Acquisition Corp.","NASDAQ",NA,"lab.Unmapped","2026-10-02T17:06:46Z","sec-exchange",FALSE
"LFCR","LIFECORE BIOMEDICAL, INC. \DE\","NASDAQ",NA,"lab.Unmapped","2026-10-02T17:06:46Z","sec-exchange",FALSE
"MKLY","McKinley Acquisition Corp","NASDAQ",NA,"lab.Unmapped","2026-10-02T17:06:46Z","sec-exchange",FALSE
"PAMT","PAMT CORP","NASDAQ",NA,"lab.Unmapped","2026-10-02T17:06:46Z","sec-exchange",FALSE
"SLE","Super League Enterprise, Inc.","NASDAQ",NA,"lab.Unmapped","2026-10-02T17:06:46Z","sec-exchange",FALSE
"AZ","A2Z CUST2MATE SOLUTIONS CORP.","NASDAQ",NA,"lab.Unmapped","2026-10-02T17:06:46Z","sec-exchange",FALSE
"PNAQ","Pinnacle Acquisition Corp","NYSE",NA,"lab.Unmapped","2026-10-02T17:06:46Z","sec-exchange",FALSE
"BGIN","BGIN BLOCKCHAIN Ltd","NASDAQ",NA,"lab.Unmapped","2026-10-02T17:06:46Z","sec-exchange",FALSE
"BGS","B&G Foods, Inc.","NYSE",NA,"lab.Unmapped","2026-10-02T17:06:46Z","sec-exchange",FALSE
"AKBA","Akebia Therapeutics, Inc.","NASDAQ",NA,"lab.Unmapped","2026-10-02T17:06:46Z","sec-exchange",FALSE
"IVVD","Invivyd, Inc.","NASDAQ",NA,"lab.Unmapped","2026-10-02T17:06:46Z","sec-exchange",FALSE
"BLND","Blend Labs, Inc.","NYSE",NA,"lab.Unmapped","2026-10-02T17:06:46Z","sec-exchange",FALSE
"EFSI","EAGLE FINANCIAL SERVICES INC","NASDAQ",NA,"lab.Unmapped","2026-10-02T17:06:46Z","sec-exchange",FALSE
"ONIT","ONITY GROUP INC.","NYSE",NA,"lab.Unmapped","2026-10-02T17:06:46Z","sec-exchange",FALSE
"CAMP","Camp4 Therapeutics Corp","NASDAQ",NA,"lab.Unmapped","2026-10-02T17:06:46Z","sec-exchange",FALSE
"CNDT","CONDUENT Inc","NASDAQ",NA,"lab.Unmapped","2026-10-02T17:06:46Z","sec-exchange",FALSE
"HCKT","HACKETT GROUP, INC.","NASDAQ",NA,"lab.Unmapped","2026-10-02T17:06:46Z","sec-exchange",FALSE
"ZNTL","Zentalis Pharmaceuticals, Inc.","NASDAQ",NA,"lab.Unmapped","2026-10-02T17:06:46Z","sec-exchange",FALSE
"TRDA","Entrada Therapeutics, Inc.","NASDAQ",NA,"lab.Unmapped","2026-10-02T17:06:46Z","sec-exchange",FALSE
"CPZ","Calamos Long/Short Equity & Dynamic Income Trust","NASDAQ",NA,"lab.Unmapped","2026-10-02T17:06:46Z","sec-exchange",FALSE
"SIGA","SIGA TECHNOLOGIES INC","NASDAQ",NA,"lab.Unmapped","2026-10-02T17:06:46Z","sec-exchange",FALSE
"USAU","U.S. GOLD CORP.","NASDAQ",NA,"lab.Unmapped","2026-10-02T17:06:46Z","sec-exchange",FALSE
"MCGA","Yorkville Acquisition Corp.","NASDAQ",NA,"lab.Unmapped","2026-10-02T17:06:46Z","sec-exchange",FALSE
"TG","TREDEGAR CORP","NYSE",NA,"lab.Unmapped","2026-10-02T17:06:46Z","sec-exchange",FALSE
"SSAC","SPACSphere Acquisition Corp.","NASDAQ",NA,"lab.Unmapped","2026-10-02T17:06:46Z","sec-exchange",FALSE
"ALMU","Aeluma, Inc.","NASDAQ",NA,"lab.Unmapped","2026-10-02T17:06:46Z","sec-exchange",FALSE
"BNC","CEA Industries Inc.","NASDAQ",NA,"lab.Unmapped","2026-10-02T17:06:46Z","sec-exchange",FALSE
"SOCA","Solarius Capital Acquisition Corp.","NASDAQ",NA,"lab.Unmapped","2026-10-02T17:06:46Z","sec-exchange",FALSE
"MGNX","MACROGENICS INC","NASDAQ",NA,"lab.Unmapped","2026-10-02T17:06:46Z","sec-exchange",FALSE
"SSP","E.W. SCRIPPS Co","NASDAQ",NA,"lab.Unmapped","2026-10-02T17:06:46Z","sec-exchange",FALSE
"IGAC","Invest Green Acquisition Corp","NASDAQ",NA,"lab.Unmapped","2026-10-02T17:06:46Z","sec-exchange",FALSE
"ACU","ACME UNITED CORP","NYSE",NA,"lab.Unmapped","2026-10-02T17:06:46Z","sec-exchange",FALSE
"RDNW","RideNow Group, Inc.","NASDAQ",NA,"lab.Unmapped","2026-10-02T17:06:46Z","sec-exchange",FALSE
"RMM","RiverNorth Managed Duration Municipal Income Fund, Inc.","NYSE",NA,"lab.Unmapped","2026-10-02T17:06:46Z","sec-exchange",FALSE
"PYXS","Pyxis Oncology, Inc.","NASDAQ",NA,"lab.Unmapped","2026-10-02T17:06:46Z","sec-exchange",FALSE
"TDF","TEMPLETON DRAGON FUND INC","NYSE",NA,"lab.Unmapped","2026-10-02T17:06:46Z","sec-exchange",FALSE
"FXHO","UTime Ltd","NASDAQ",NA,"lab.Unmapped","2026-10-02T17:06:46Z","sec-exchange",FALSE
"FBLA","FB Bancorp, Inc. /MD/","NASDAQ",NA,"lab.Unmapped","2026-10-02T17:06:46Z","sec-exchange",FALSE
"DAAQ","Digital Asset Acquisition Corp.","NASDAQ",NA,"lab.Unmapped","2026-10-02T17:06:46Z","sec-exchange",FALSE
"IMMR","IMMERSION CORP","NASDAQ",NA,"lab.Unmapped","2026-10-02T17:06:46Z","sec-exchange",FALSE
"DYNC","Dynamix Corp","NASDAQ",NA,"lab.Unmapped","2026-10-02T17:06:46Z","sec-exchange",FALSE
"RMBI","Richmond Mutual Bancorporation, Inc.","NASDAQ",NA,"lab.Unmapped","2026-10-02T17:06:46Z","sec-exchange",FALSE
"LCTX","Lineage Cell Therapeutics, Inc.","NYSE",NA,"lab.Unmapped","2026-10-02T17:06:46Z","sec-exchange",FALSE
"MACI","Melar Acquisition Corp. I/Cayman","NASDAQ",NA,"lab.Unmapped","2026-10-02T17:06:46Z","sec-exchange",FALSE
"ERC","ALLSPRING MULTI-SECTOR INCOME FUND","NYSE",NA,"lab.Unmapped","2026-10-02T17:06:46Z","sec-exchange",FALSE
"AIAI","AIAI Holdings Corp","NASDAQ",NA,"lab.Unmapped","2026-10-02T17:06:46Z","sec-exchange",FALSE
"TDWD","Tailwind 2.0 Acquisition Corp.","NASDAQ",NA,"lab.Unmapped","2026-10-02T17:06:46Z","sec-exchange",FALSE
"UTMD","UTAH MEDICAL PRODUCTS INC","NASDAQ",NA,"lab.Unmapped","2026-10-02T17:06:46Z","sec-exchange",FALSE
"MAGH","Magnitude International Ltd","NASDAQ",NA,"lab.Unmapped","2026-10-02T17:06:46Z","sec-exchange",FALSE
"RCS","PIMCO STRATEGIC INCOME FUND, INC.","NYSE",NA,"lab.Unmapped","2026-10-02T17:06:46Z","sec-exchange",FALSE
"PMM","FRANKLIN MANAGED MUNICIPAL INCOME TRUST","NYSE",NA,"lab.Unmapped","2026-10-02T17:06:46Z","sec-exchange",FALSE
"TWLV","Twelve Seas Investment Co III/Cayman","NASDAQ",NA,"lab.Unmapped","2026-10-02T17:06:46Z","sec-exchange",FALSE
"SLGL","Sol-Gel Technologies Ltd.","NASDAQ",NA,"lab.Unmapped","2026-10-02T17:06:46Z","sec-exchange",FALSE
"CAF","Morgan Stanley China A Share Fund, Inc.","NYSE",NA,"lab.Unmapped","2026-10-02T17:06:46Z","sec-exchange",TRUE
"YSG","Yatsen Holding Ltd","NYSE",NA,"lab.Unmapped","2026-10-02T17:06:46Z","sec-exchange",FALSE
"ANGI","Angi Inc.","NASDAQ",NA,"lab.Unmapped","2026-10-02T17:06:46Z","sec-exchange",FALSE
"CURV","Torrid Holdings Inc.","NYSE",NA,"lab.Unmapped","2026-10-02T17:06:46Z","sec-exchange",FALSE
"MMT","ABERDEEN MULTI-MARKET INCOME FUND","NYSE",NA,"lab.Unmapped","2026-10-02T17:06:46Z","sec-exchange",FALSE
"NAGE","Niagen Bioscience, Inc.","NASDAQ",NA,"lab.Unmapped","2026-10-02T17:06:46Z","sec-exchange",FALSE
"LATA","Galata Acquisition Corp. II","NASDAQ",NA,"lab.Unmapped","2026-10-02T17:06:46Z","sec-exchange",FALSE
"AENT","ALLIANCE ENTERTAINMENT HOLDING CORP","NASDAQ",NA,"lab.Unmapped","2026-10-02T17:06:46Z","sec-exchange",FALSE
"COPL","Copley Acquisition Corp","NYSE",NA,"lab.Unmapped","2026-10-02T17:06:46Z","sec-exchange",FALSE
"LYEL","Lyell Immunopharma, Inc.","NASDAQ",NA,"lab.Unmapped","2026-10-02T17:06:46Z","sec-exchange",FALSE
"SUMA","SUMA Acquisition Corp","NASDAQ",NA,"lab.Unmapped","2026-10-02T17:06:46Z","sec-exchange",FALSE
"DYOR","Insight Digital Partners II","NASDAQ",NA,"lab.Unmapped","2026-10-02T17:06:46Z","sec-exchange",FALSE
"BLRK","Bluerock Acquisition Corp.","NASDAQ",NA,"lab.Unmapped","2026-10-02T17:06:46Z","sec-exchange",FALSE
"RLTY","Cohen & Steers Real Estate Opportunities & Income Fund","NYSE",NA,"lab.Unmapped","2026-10-02T17:06:46Z","sec-exchange",FALSE
"PRQR","ProQR Therapeutics N.V.","NASDAQ",NA,"lab.Unmapped","2026-10-02T17:06:46Z","sec-exchange",TRUE
"INR","INFINITY NATURAL RESOURCES, INC.","NYSE",NA,"lab.Unmapped","2026-10-02T17:06:46Z","sec-exchange",FALSE
"IRAB","Iris Acquisition Corp II","NYSE",NA,"lab.Unmapped","2026-10-02T17:06:46Z","sec-exchange",FALSE
"SVCC","Stellar V Capital Corp. (Cayman Islands)","NASDAQ",NA,"lab.Unmapped","2026-10-02T17:06:46Z","sec-exchange",FALSE
"KLC","KinderCare Learning Companies, Inc.","NYSE",NA,"lab.Unmapped","2026-10-02T17:06:46Z","sec-exchange",FALSE
"BIII","Black Spade Acquisition III Co","NYSE",NA,"lab.Unmapped","2026-10-02T17:06:46Z","sec-exchange",FALSE
"DPRO","Draganfly Inc.","NASDAQ",NA,"lab.Unmapped","2026-10-02T17:06:46Z","sec-exchange",FALSE
"ELMD","Electromed, Inc.","NYSE",NA,"lab.Unmapped","2026-10-02T17:06:46Z","sec-exchange",FALSE
"VUZI","Vuzix Corp","NASDAQ",NA,"lab.Unmapped","2026-10-02T17:06:46Z","sec-exchange",FALSE
"SION","Sionna Therapeutics, Inc.","NASDAQ",NA,"lab.Unmapped","2026-10-02T17:06:46Z","sec-exchange",FALSE
"CMTV","COMMUNITY BANCORP /VT","NASDAQ",NA,"lab.Unmapped","2026-10-02T17:06:46Z","sec-exchange",FALSE
"LTGR","Long Table Growth Corp.","NASDAQ",NA,"lab.Unmapped","2026-10-02T17:06:46Z","sec-exchange",FALSE
"PEBK","PEOPLES BANCORP OF NORTH CAROLINA INC","NASDAQ",NA,"lab.Unmapped","2026-10-02T17:06:46Z","sec-exchange",FALSE
"GWRS","Global Water Resources, Inc.","NASDAQ",NA,"lab.Unmapped","2026-10-02T17:06:46Z","sec-exchange",FALSE
"CRAC","Crown Reserve Acquisition Corp. I","NASDAQ",NA,"lab.Unmapped","2026-10-02T17:06:46Z","sec-exchange",FALSE
"NUW","Nuveen AMT-Free Municipal Value Fund","NYSE",NA,"lab.Unmapped","2026-10-02T17:06:46Z","sec-exchange",FALSE
"INBK","First Internet Bancorp","NASDAQ",NA,"lab.Unmapped","2026-10-02T17:06:46Z","sec-exchange",FALSE
"TBCH","Turtle Beach Corp","NASDAQ",NA,"lab.Unmapped","2026-10-02T17:06:46Z","sec-exchange",FALSE
"PLAY","Dave & Buster's Entertainment, Inc.","NASDAQ",NA,"lab.Unmapped","2026-10-02T17:06:46Z","sec-exchange",FALSE
"FUFU","Bitfufu Inc.","NASDAQ",NA,"lab.Unmapped","2026-10-02T17:06:46Z","sec-exchange",FALSE
"EU","enCore Energy Corp.","NASDAQ",NA,"lab.Unmapped","2026-10-02T17:06:46Z","sec-exchange",FALSE
"FOA","Finance of America Companies Inc.","NYSE",NA,"lab.Unmapped","2026-10-02T17:06:46Z","sec-exchange",FALSE
"IMPP","Imperial Petroleum Inc./Marshall Islands","NASDAQ",NA,"lab.Unmapped","2026-10-02T17:06:46Z","sec-exchange",FALSE
"NUS","NU SKIN ENTERPRISES, INC.","NYSE",NA,"lab.Unmapped","2026-10-02T17:06:46Z","sec-exchange",FALSE
"RAIL","FreightCar America, Inc.","NASDAQ",NA,"lab.Unmapped","2026-10-02T17:06:46Z","sec-exchange",FALSE
"SNFCA","SECURITY NATIONAL FINANCIAL CORP","NASDAQ",NA,"lab.Unmapped","2026-10-02T17:06:46Z","sec-exchange",FALSE
"SMHI","SEACOR Marine Holdings Inc.","NYSE",NA,"lab.Unmapped","2026-10-02T17:06:46Z","sec-exchange",FALSE
"MRCO","Mercator Acquisition Corp.","NASDAQ",NA,"lab.Unmapped","2026-10-02T17:06:46Z","sec-exchange",FALSE
"OPBK","OP Bancorp","NASDAQ",NA,"lab.Unmapped","2026-10-02T17:06:46Z","sec-exchange",FALSE
"EAF","GRAFTECH INTERNATIONAL LTD","NYSE",NA,"lab.Unmapped","2026-10-02T17:06:46Z","sec-exchange",FALSE
"SMRT","SmartRent, Inc.","NYSE",NA,"lab.Unmapped","2026-10-02T17:06:46Z","sec-exchange",FALSE
"ACRE","Ares Commercial Real Estate Corp","NYSE",NA,"lab.Unmapped","2026-10-02T17:06:46Z","sec-exchange",FALSE
"RGCO","RGC RESOURCES INC","NASDAQ",NA,"lab.Unmapped","2026-10-02T17:06:46Z","sec-exchange",FALSE
"AMWL","American Well Corp","NYSE",NA,"lab.Unmapped","2026-10-02T17:06:46Z","sec-exchange",FALSE
"LOVE","Lovesac Co","NASDAQ",NA,"lab.Unmapped","2026-10-02T17:06:46Z","sec-exchange",FALSE
"PONO","Pono Capital Four, Inc.","NASDAQ",NA,"lab.Unmapped","2026-10-02T17:06:46Z","sec-exchange",FALSE
"MRBK","Meridian Corp","NASDAQ",NA,"lab.Unmapped","2026-10-02T17:06:46Z","sec-exchange",FALSE
"KROS","Keros Therapeutics, Inc.","NASDAQ",NA,"lab.Unmapped","2026-10-02T17:06:46Z","sec-exchange",FALSE
"ZSQR","Z Squared Inc.","NASDAQ",NA,"lab.Unmapped","2026-10-02T17:06:46Z","sec-exchange",FALSE
"NATR","NATURES SUNSHINE PRODUCTS INC","NASDAQ",NA,"lab.Unmapped","2026-10-02T17:06:46Z","sec-exchange",FALSE
"PDEX","PRO DEX INC","NASDAQ",NA,"lab.Unmapped","2026-10-02T17:06:46Z","sec-exchange",FALSE
"KGEI","Kolibri Global Energy Inc.","NASDAQ",NA,"lab.Unmapped","2026-10-02T17:06:46Z","sec-exchange",FALSE
"ONCH","1RT Acquisition Corp.","NASDAQ",NA,"lab.Unmapped","2026-10-02T17:06:46Z","sec-exchange",FALSE
"FF","FutureFuel Corp.","NYSE",NA,"lab.Unmapped","2026-10-02T17:06:46Z","sec-exchange",FALSE
"RNAC","Cartesian Therapeutics, Inc.","NASDAQ",NA,"lab.Unmapped","2026-10-02T17:06:46Z","sec-exchange",FALSE
"LTBR","LIGHTBRIDGE Corp","NASDAQ",NA,"lab.Unmapped","2026-10-02T17:06:46Z","sec-exchange",FALSE
"LMNR","Limoneira CO","NASDAQ",NA,"lab.Unmapped","2026-10-02T17:06:46Z","sec-exchange",FALSE
"CFBK","CF BANKSHARES INC.","NASDAQ",NA,"lab.Unmapped","2026-10-02T17:06:46Z","sec-exchange",FALSE
"MBI","MBIA INC","NYSE",NA,"lab.Unmapped","2026-10-02T17:06:46Z","sec-exchange",FALSE
"DGAC","DISCIPLINED GROWTH ACQUISITION Corp","NYSE",NA,"lab.Unmapped","2026-10-02T17:06:46Z","sec-exchange",FALSE
"FORR","FORRESTER RESEARCH, INC.","NASDAQ",NA,"lab.Unmapped","2026-10-02T17:06:46Z","sec-exchange",FALSE
"LIEN","Chicago Atlantic BDC, Inc.","NASDAQ",NA,"lab.Unmapped","2026-10-02T17:06:46Z","sec-exchange",FALSE
"LGI","LAZARD GLOBAL TOTAL RETURN & INCOME FUND INC","NYSE",NA,"lab.Unmapped","2026-10-02T17:06:46Z","sec-exchange",FALSE
"CGEN","COMPUGEN LTD","NASDAQ",NA,"lab.Unmapped","2026-10-02T17:06:46Z","sec-exchange",FALSE
"PMA","PMA Graphene Technology Group Inc.","NASDAQ",NA,"lab.Unmapped","2026-10-02T17:06:46Z","sec-exchange",FALSE
"ASUR","ASURE SOFTWARE INC","NASDAQ",NA,"lab.Unmapped","2026-10-02T17:06:46Z","sec-exchange",FALSE
"PLX","Protalix BioTherapeutics, Inc.","NYSE",NA,"lab.Unmapped","2026-10-02T17:06:46Z","sec-exchange",FALSE
"AVXL","ANAVEX LIFE SCIENCES CORP.","NASDAQ",NA,"lab.Unmapped","2026-10-02T17:06:46Z","sec-exchange",FALSE
"EIC","Eagle Point Income Co","NYSE",NA,"lab.Unmapped","2026-10-02T17:06:46Z","sec-exchange",FALSE
"FOCL","EDAP TMS SA","NASDAQ",NA,"lab.Unmapped","2026-10-02T17:06:46Z","sec-exchange",TRUE
"PTAC","Patriot Acquisition Corp./CI","NASDAQ",NA,"lab.Unmapped","2026-10-02T17:06:46Z","sec-exchange",FALSE
"TONX","TON Strategy Co","NASDAQ",NA,"lab.Unmapped","2026-10-02T17:06:46Z","sec-exchange",FALSE
"SPOK","Spok Holdings, Inc","NASDAQ",NA,"lab.Unmapped","2026-10-02T17:06:46Z","sec-exchange",FALSE
"OSS","ONE STOP SYSTEMS, INC.","NASDAQ",NA,"lab.Unmapped","2026-10-02T17:06:46Z","sec-exchange",FALSE
"PNNT","PENNANTPARK INVESTMENT CORP","NYSE",NA,"lab.Unmapped","2026-10-02T17:06:46Z","sec-exchange",FALSE
"HDSN","HUDSON TECHNOLOGIES INC /NY","NASDAQ",NA,"lab.Unmapped","2026-10-02T17:06:46Z","sec-exchange",FALSE
"SCM","Stellus Capital Investment Corp","NYSE",NA,"lab.Unmapped","2026-10-02T17:06:46Z","sec-exchange",FALSE
"PSF","Cohen & Steers Select Preferred & Income Fund, Inc.","NYSE",NA,"lab.Unmapped","2026-10-02T17:06:46Z","sec-exchange",FALSE
"GSHR","Gesher Acquisition Corp. II","NASDAQ",NA,"lab.Unmapped","2026-10-02T17:06:46Z","sec-exchange",FALSE
"MAMK","MaxsMaking Inc.","NASDAQ",NA,"lab.Unmapped","2026-10-02T17:06:46Z","sec-exchange",FALSE
"AIRO","AIRO Group Holdings, Inc.","NASDAQ",NA,"lab.Unmapped","2026-10-02T17:06:46Z","sec-exchange",FALSE
"DHX","DHI GROUP, INC.","NYSE",NA,"lab.Unmapped","2026-10-02T17:06:46Z","sec-exchange",FALSE
"HMH","HMH Holding Inc","NASDAQ",NA,"lab.Unmapped","2026-10-02T17:06:46Z","sec-exchange",FALSE
"SABA","Saba Capital Income & Opportunities Fund II","NYSE",NA,"lab.Unmapped","2026-10-02T17:06:46Z","sec-exchange",FALSE
"EXOD","Exodus Movement, Inc.","NYSE",NA,"lab.Unmapped","2026-10-02T17:06:46Z","sec-exchange",FALSE
"CCAQ","COLLECTIVE ACQUISITION CORP.","NASDAQ",NA,"lab.Unmapped","2026-10-02T17:06:46Z","sec-exchange",FALSE
"EGHA","EGH Acquisition Corp.","NASDAQ",NA,"lab.Unmapped","2026-10-02T17:06:46Z","sec-exchange",FALSE
"NCMI","National CineMedia, Inc.","NASDAQ",NA,"lab.Unmapped","2026-10-02T17:06:46Z","sec-exchange",FALSE
"AOUT","American Outdoor Brands, Inc.","NASDAQ",NA,"lab.Unmapped","2026-10-02T17:06:46Z","sec-exchange",FALSE
"SND","Smart Sand, Inc.","NASDAQ",NA,"lab.Unmapped","2026-10-02T17:06:46Z","sec-exchange",FALSE
"AESP","Aeon Acquisition I Corp.","NASDAQ",NA,"lab.Unmapped","2026-10-02T17:06:46Z","sec-exchange",FALSE
"XPOF","Xponential Fitness, Inc.","NYSE",NA,"lab.Unmapped","2026-10-02T17:06:46Z","sec-exchange",FALSE
"PROF","Profound Medical Corp.","NASDAQ",NA,"lab.Unmapped","2026-10-02T17:06:46Z","sec-exchange",FALSE
"USBC","USBC, Inc.","NYSE",NA,"lab.Unmapped","2026-10-02T17:06:46Z","sec-exchange",FALSE
"ADAG","Adagene Inc.","NASDAQ",NA,"lab.Unmapped","2026-10-02T17:06:46Z","sec-exchange",FALSE
"IDAC","Iron Dome Acquisition I Corp.","NASDAQ",NA,"lab.Unmapped","2026-10-02T17:06:46Z","sec-exchange",FALSE
"HAVA","Harvard Ave Acquisition Corp","NASDAQ",NA,"lab.Unmapped","2026-10-02T17:06:46Z","sec-exchange",FALSE
"ZUMZ","Zumiez Inc","NASDAQ",NA,"lab.Unmapped","2026-10-02T17:06:46Z","sec-exchange",FALSE
"QMLS","QumulusAI, Inc.","NASDAQ",NA,"lab.Unmapped","2026-10-02T17:06:46Z","sec-exchange",FALSE
"RICK","RCI HOSPITALITY HOLDINGS, INC.","NASDAQ",NA,"lab.Unmapped","2026-10-02T17:06:46Z","sec-exchange",FALSE
"WHWK","Whitehawk Therapeutics, Inc.","NASDAQ",NA,"lab.Unmapped","2026-10-02T17:06:46Z","sec-exchange",FALSE
"CTAA","Clearthink 1 Acquisition Corp.","NASDAQ",NA,"lab.Unmapped","2026-10-02T17:06:46Z","sec-exchange",FALSE
"FIRY","Firy Inc.","NYSE",NA,"lab.Unmapped","2026-10-02T17:06:46Z","sec-exchange",FALSE
"PALO","PALOMA ACQUISITION CORP I","NASDAQ",NA,"lab.Unmapped","2026-10-02T17:06:46Z","sec-exchange",FALSE
"QSI","Quantum-Si Inc","NASDAQ",NA,"lab.Unmapped","2026-10-02T17:06:46Z","sec-exchange",FALSE
"TDAC","Translational Development Acquisition Corp.","NASDAQ",NA,"lab.Unmapped","2026-10-02T17:06:46Z","sec-exchange",FALSE
"NVA","Nova Minerals Corp","NYSE",NA,"lab.Unmapped","2026-10-02T17:06:46Z","sec-exchange",FALSE
"GSIT","GSI TECHNOLOGY INC","NASDAQ",NA,"lab.Unmapped","2026-10-02T17:06:46Z","sec-exchange",FALSE
"ALEC","Alector, Inc.","NASDAQ",NA,"lab.Unmapped","2026-10-02T17:06:46Z","sec-exchange",FALSE
"FHTX","Foghorn Therapeutics Inc.","NASDAQ",NA,"lab.Unmapped","2026-10-02T17:06:46Z","sec-exchange",FALSE
"OVBC","OHIO VALLEY BANC CORP","NASDAQ",NA,"lab.Unmapped","2026-10-02T17:06:46Z","sec-exchange",FALSE
"CATL","Catalyst Acquisition Corp.","NASDAQ",NA,"lab.Unmapped","2026-10-02T17:06:46Z","sec-exchange",FALSE
"QUIK","QUICKLOGIC Corp","NASDAQ",NA,"lab.Unmapped","2026-10-02T17:06:46Z","sec-exchange",FALSE
"RC","Ready Capital Corp","NYSE",NA,"lab.Unmapped","2026-10-02T17:06:46Z","sec-exchange",FALSE
"REA","Rare Earths Americas, Inc.","NYSE",NA,"lab.Unmapped","2026-10-02T17:06:46Z","sec-exchange",FALSE
"TVIV","Texas Ventures Acquisition IV Corp","NASDAQ",NA,"lab.Unmapped","2026-10-02T17:06:46Z","sec-exchange",FALSE
"YARW","Yarrow Bioscience, Inc.","NASDAQ",NA,"lab.Unmapped","2026-10-02T17:06:46Z","sec-exchange",FALSE
"ESOA","Energy Services of America CORP","NASDAQ",NA,"lab.Unmapped","2026-10-02T17:06:46Z","sec-exchange",FALSE
"NGEN","NERVGEN PHARMA CORP.","NASDAQ",NA,"lab.Unmapped","2026-10-02T17:06:46Z","sec-exchange",FALSE
"GLND","Greenland Energy Co","NASDAQ",NA,"lab.Unmapped","2026-10-02T17:06:46Z","sec-exchange",FALSE
"TROO","Troops, Inc. /Cayman Islands/","NASDAQ",NA,"lab.Unmapped","2026-10-02T17:06:46Z","sec-exchange",FALSE
"GLDG","GoldMining Inc.","NYSE",NA,"lab.Unmapped","2026-10-02T17:06:46Z","sec-exchange",FALSE
"TAYD","TAYLOR DEVICES, INC.","NASDAQ",NA,"lab.Unmapped","2026-10-02T17:06:46Z","sec-exchange",FALSE
"ELDN","Eledon Pharmaceuticals, Inc.","NASDAQ",NA,"lab.Unmapped","2026-10-02T17:06:46Z","sec-exchange",FALSE
"RILY","BRC Group Holdings, Inc.","NASDAQ",NA,"lab.Unmapped","2026-10-02T17:06:46Z","sec-exchange",FALSE
"XGN","EXAGEN INC.","NASDAQ",NA,"lab.Unmapped","2026-10-02T17:06:46Z","sec-exchange",FALSE
"CRDL","Cardiol Therapeutics Inc.","NASDAQ",NA,"lab.Unmapped","2026-10-02T17:06:46Z","sec-exchange",FALSE
"FCAP","FIRST CAPITAL INC","NASDAQ",NA,"lab.Unmapped","2026-10-02T17:06:46Z","sec-exchange",FALSE
"CZWI","Citizens Community Bancorp Inc.","NASDAQ",NA,"lab.Unmapped","2026-10-02T17:06:46Z","sec-exchange",FALSE
"IIF","MORGAN STANLEY INDIA INVESTMENT FUND, INC.","NYSE",NA,"lab.Unmapped","2026-10-02T17:06:46Z","sec-exchange",TRUE
"NSLR","Neostellar Capital Corp.","NASDAQ",NA,"lab.Unmapped","2026-10-02T17:06:46Z","sec-exchange",FALSE
"CHCI","Comstock Holding Companies, Inc.","NASDAQ",NA,"lab.Unmapped","2026-10-02T17:06:46Z","sec-exchange",FALSE
"CMPX","Compass Therapeutics, Inc.","NASDAQ",NA,"lab.Unmapped","2026-10-02T17:06:46Z","sec-exchange",FALSE
"EXFY","Expensify, Inc.","NASDAQ",NA,"lab.Unmapped","2026-10-02T17:06:46Z","sec-exchange",FALSE
"KTWO","K2 Capital Acquisition Corp","NASDAQ",NA,"lab.Unmapped","2026-10-02T17:06:46Z","sec-exchange",FALSE
"CMT","CORE MOLDING TECHNOLOGIES INC","NYSE",NA,"lab.Unmapped","2026-10-02T17:06:46Z","sec-exchange",FALSE
"TPVG","TriplePoint Venture Growth BDC Corp.","NYSE",NA,"lab.Unmapped","2026-10-02T17:06:46Z","sec-exchange",FALSE
"SGC","SUPERIOR GROUP OF COMPANIES, INC.","NASDAQ",NA,"lab.Unmapped","2026-10-02T17:06:46Z","sec-exchange",FALSE
"BEBE","TGE Value Creative Solutions Corp","NYSE",NA,"lab.Unmapped","2026-10-02T17:06:46Z","sec-exchange",FALSE
"MFM","ABERDEEN MUNICIPAL INCOME FUND","NYSE",NA,"lab.Unmapped","2026-10-02T17:06:46Z","sec-exchange",FALSE
"MPAA","MOTORCAR PARTS OF AMERICA INC","NASDAQ",NA,"lab.Unmapped","2026-10-02T17:06:46Z","sec-exchange",FALSE
"FIGX","FIGX Capital Acquisition Corp.","NASDAQ",NA,"lab.Unmapped","2026-10-02T17:06:46Z","sec-exchange",FALSE
"RBKB","Rhinebeck Bancorp, Inc.","NASDAQ",NA,"lab.Unmapped","2026-10-02T17:06:46Z","sec-exchange",FALSE
"ETSS","Energy Transition Special Opportunities","NYSE",NA,"lab.Unmapped","2026-10-02T17:06:46Z","sec-exchange",FALSE
"APMC","AmperCap Acquisition Co","NASDAQ",NA,"lab.Unmapped","2026-10-02T17:06:46Z","sec-exchange",FALSE
"BNR","Burning Rock Biotech Ltd","NASDAQ",NA,"lab.Unmapped","2026-10-02T17:06:46Z","sec-exchange",FALSE
"AIIA","AI Infrastructure Acquisition Corp.","NYSE",NA,"lab.Unmapped","2026-10-02T17:06:46Z","sec-exchange",FALSE
"LFAC","Leapfrog Acquisition Corp","NASDAQ",NA,"lab.Unmapped","2026-10-02T17:06:46Z","sec-exchange",FALSE
"GGT","GABELLI MULTIMEDIA TRUST INC.","NYSE",NA,"lab.Unmapped","2026-10-02T17:06:46Z","sec-exchange",FALSE
"VLN","Valens Semiconductor Ltd.","NYSE",NA,"lab.Unmapped","2026-10-02T17:06:46Z","sec-exchange",FALSE
"KLTR","KALTURA INC","NASDAQ",NA,"lab.Unmapped","2026-10-02T17:06:46Z","sec-exchange",FALSE
"MIAC","Meridian3 Industrials Acquisition Corp","NASDAQ",NA,"lab.Unmapped","2026-10-02T17:06:46Z","sec-exchange",FALSE
"LCUT","LIFETIME BRANDS, INC","NASDAQ",NA,"lab.Unmapped","2026-10-02T17:06:46Z","sec-exchange",FALSE
"SES","SES AI Corp","NYSE",NA,"lab.Unmapped","2026-10-02T17:06:46Z","sec-exchange",FALSE
"GDEV","GDEV Inc.","NASDAQ",NA,"lab.Unmapped","2026-10-02T17:06:46Z","sec-exchange",FALSE
"ENHA","Enhanced Group Inc.","NYSE",NA,"lab.Unmapped","2026-10-02T17:06:46Z","sec-exchange",FALSE
"ORMP","ORAMED PHARMACEUTICALS INC.","NASDAQ",NA,"lab.Unmapped","2026-10-02T17:06:46Z","sec-exchange",FALSE
"GCTS","GCT Semiconductor Holding, Inc.","NYSE",NA,"lab.Unmapped","2026-10-02T17:06:46Z","sec-exchange",FALSE
"RXST","RxSight, Inc.","NASDAQ",NA,"lab.Unmapped","2026-10-02T17:06:46Z","sec-exchange",FALSE
"CPSS","CONSUMER PORTFOLIO SERVICES, INC.","NASDAQ",NA,"lab.Unmapped","2026-10-02T17:06:46Z","sec-exchange",FALSE
"CXDO","Crexendo, Inc.","NASDAQ",NA,"lab.Unmapped","2026-10-02T17:06:46Z","sec-exchange",FALSE
"FJDI","ARC Group Securities Acquisition I","NASDAQ",NA,"lab.Unmapped","2026-10-02T17:06:46Z","sec-exchange",FALSE
"PERF","Perfect Corp.","NYSE",NA,"lab.Unmapped","2026-10-02T17:06:46Z","sec-exchange",FALSE
"ALTG","ALTA EQUIPMENT GROUP INC.","NYSE",NA,"lab.Unmapped","2026-10-02T17:06:46Z","sec-exchange",FALSE
"AREC","American Resources Corp","NASDAQ",NA,"lab.Unmapped","2026-10-02T17:06:46Z","sec-exchange",FALSE
"BANX","ArrowMark Financial Corp.","NASDAQ",NA,"lab.Unmapped","2026-10-02T17:06:46Z","sec-exchange",FALSE
"TARA","Protara Therapeutics, Inc.","NASDAQ",NA,"lab.Unmapped","2026-10-02T17:06:46Z","sec-exchange",FALSE
"BETR","Better Home & Finance Holding Co","NASDAQ",NA,"lab.Unmapped","2026-10-02T17:06:46Z","sec-exchange",FALSE
"LARK","LANDMARK BANCORP INC","NASDAQ",NA,"lab.Unmapped","2026-10-02T17:06:46Z","sec-exchange",FALSE
"XYF","X Financial","NYSE",NA,"lab.Unmapped","2026-10-02T17:06:46Z","sec-exchange",FALSE
"CNTN","Canton Strategic Holdings, Inc.","NASDAQ",NA,"lab.Unmapped","2026-10-02T17:06:46Z","sec-exchange",FALSE
"ANTX","AN2 Therapeutics, Inc.","NASDAQ",NA,"lab.Unmapped","2026-10-02T17:06:46Z","sec-exchange",FALSE
"BID","Tribeca Strategic Acquisition Corp.","NASDAQ",NA,"lab.Unmapped","2026-10-02T17:06:46Z","sec-exchange",FALSE
"SRI","STONERIDGE INC","NYSE",NA,"lab.Unmapped","2026-10-02T17:06:46Z","sec-exchange",FALSE
"MITT","TPG Mortgage Investment Trust, Inc.","NYSE",NA,"lab.Unmapped","2026-10-02T17:06:46Z","sec-exchange",FALSE
"ACOG","Alpha Cognition Inc.","NASDAQ",NA,"lab.Unmapped","2026-10-02T17:06:46Z","sec-exchange",FALSE
"ETX","Eaton Vance Municipal Income 2028 Term Trust","NYSE",NA,"lab.Unmapped","2026-10-02T17:06:46Z","sec-exchange",FALSE
"NKTX","Nkarta, Inc.","NASDAQ",NA,"lab.Unmapped","2026-10-02T17:06:46Z","sec-exchange",FALSE
"SIDU","Sidus Space Inc.","NASDAQ",NA,"lab.Unmapped","2026-10-02T17:06:46Z","sec-exchange",FALSE
"ESP","ESPEY MFG & ELECTRONICS CORP","NYSE",NA,"lab.Unmapped","2026-10-02T17:06:46Z","sec-exchange",FALSE
"DEFT","Defi Technologies, Inc.","NASDAQ",NA,"lab.Unmapped","2026-10-02T17:06:46Z","sec-exchange",FALSE
"OMSE","OMS Energy Technologies Inc.","NASDAQ",NA,"lab.Unmapped","2026-10-02T17:06:46Z","sec-exchange",FALSE
"CBFV","CB Financial Services, Inc.","NASDAQ",NA,"lab.Unmapped","2026-10-02T17:06:46Z","sec-exchange",FALSE
"ALXO","ALX ONCOLOGY HOLDINGS INC","NASDAQ",NA,"lab.Unmapped","2026-10-02T17:06:46Z","sec-exchange",FALSE
"VACI","Viking Acquisition Corp I","NYSE",NA,"lab.Unmapped","2026-10-02T17:06:46Z","sec-exchange",FALSE
"MSLE","Satellos Bioscience Inc.","NASDAQ",NA,"lab.Unmapped","2026-10-02T17:06:46Z","sec-exchange",FALSE
"AOMR","Angel Oak Mortgage REIT, Inc.","NYSE",NA,"lab.Unmapped","2026-10-02T17:06:46Z","sec-exchange",FALSE
"HLP","Hongli Group Inc.","NASDAQ",NA,"lab.Unmapped","2026-10-02T17:06:46Z","sec-exchange",FALSE
"VRXA","Veraxa Biotech AG - Post de-SPAC","NASDAQ",NA,"lab.Unmapped","2026-10-02T17:06:46Z","sec-exchange",TRUE
"NAUT","Nautilus Biotechnology, Inc.","NASDAQ",NA,"lab.Unmapped","2026-10-02T17:06:46Z","sec-exchange",FALSE
"ECBK","ECB Bancorp, Inc. /MD/","NASDAQ",NA,"lab.Unmapped","2026-10-02T17:06:46Z","sec-exchange",FALSE
"NUCL","Eagle Nuclear Energy Corp.","NASDAQ",NA,"lab.Unmapped","2026-10-02T17:06:46Z","sec-exchange",FALSE
"SBFG","SB FINANCIAL GROUP, INC.","NASDAQ",NA,"lab.Unmapped","2026-10-02T17:06:46Z","sec-exchange",FALSE
"CRNT","CERAGON NETWORKS LTD","NASDAQ",NA,"lab.Unmapped","2026-10-02T17:06:46Z","sec-exchange",FALSE
"IDE","Voya Infrastructure, Industrials & Materials Fund","NYSE",NA,"lab.Unmapped","2026-10-02T17:06:46Z","sec-exchange",FALSE
"DERM","Journey Medical Corp","NASDAQ",NA,"lab.Unmapped","2026-10-02T17:06:46Z","sec-exchange",FALSE
"AP","AMPCO PITTSBURGH CORP","NYSE",NA,"lab.Unmapped","2026-10-02T17:06:46Z","sec-exchange",FALSE
"IPHA","Innate Pharma SA","NASDAQ",NA,"lab.Unmapped","2026-10-02T17:06:46Z","sec-exchange",TRUE
"CIA","CITIZENS, INC.","NYSE",NA,"lab.Unmapped","2026-10-02T17:06:46Z","sec-exchange",FALSE
"CMTG","Claros Mortgage Trust, Inc.","NYSE",NA,"lab.Unmapped","2026-10-02T17:06:46Z","sec-exchange",FALSE
"BAFN","BayFirst Financial Corp.","NASDAQ",NA,"lab.Unmapped","2026-10-02T17:06:46Z","sec-exchange",FALSE
"FNWD","Finward Bancorp","NASDAQ",NA,"lab.Unmapped","2026-10-02T17:06:46Z","sec-exchange",FALSE
"STIM","Neuronetics, Inc.","NASDAQ",NA,"lab.Unmapped","2026-10-02T17:06:46Z","sec-exchange",FALSE
"WHG","WESTWOOD HOLDINGS GROUP INC","NYSE",NA,"lab.Unmapped","2026-10-02T17:06:46Z","sec-exchange",FALSE
"OSG","OCTAVE SPECIALTY GROUP INC","NYSE",NA,"lab.Unmapped","2026-10-02T17:06:46Z","sec-exchange",FALSE
"TORO","TORO CORP.","NASDAQ",NA,"lab.Unmapped","2026-10-02T17:06:46Z","sec-exchange",FALSE
"DFDV","DeFi Development Corp.","NASDAQ",NA,"lab.Unmapped","2026-10-02T17:06:46Z","sec-exchange",FALSE
"CHRS","Coherus Oncology, Inc.","NASDAQ",NA,"lab.Unmapped","2026-10-02T17:06:46Z","sec-exchange",FALSE
"TOYO","TOYO Co., Ltd","NASDAQ",NA,"lab.Unmapped","2026-10-02T17:06:46Z","sec-exchange",FALSE
"MINE","MAYFAIR GOLD CORP.","NYSE",NA,"lab.Unmapped","2026-10-02T17:06:46Z","sec-exchange",FALSE
"HNVR","Hanover Bancorp, Inc. /MD","NASDAQ",NA,"lab.Unmapped","2026-10-02T17:06:46Z","sec-exchange",FALSE
"ARCL","ARC Group Acquisition I Corp.","NASDAQ",NA,"lab.Unmapped","2026-10-02T17:06:46Z","sec-exchange",FALSE
"BZUN","Baozun Inc.","NASDAQ",NA,"lab.Unmapped","2026-10-02T17:06:46Z","sec-exchange",FALSE
"MDWD","MediWound Ltd.","NASDAQ",NA,"lab.Unmapped","2026-10-02T17:06:46Z","sec-exchange",FALSE
"BVFL","BV Financial, Inc.","NASDAQ",NA,"lab.Unmapped","2026-10-02T17:06:46Z","sec-exchange",FALSE
"CUE","Cue Biopharma, Inc.","NASDAQ",NA,"lab.Unmapped","2026-10-02T17:06:46Z","sec-exchange",FALSE
"PAAC","Proem Acquisition Corp. I","NASDAQ",NA,"lab.Unmapped","2026-10-02T17:06:46Z","sec-exchange",FALSE
"AMBR","Amber International Holding Ltd","NASDAQ",NA,"lab.Unmapped","2026-10-02T17:06:46Z","sec-exchange",FALSE
"NPV","NUVEEN VIRGINIA QUALITY MUNICIPAL INCOME FUND","NYSE",NA,"lab.Unmapped","2026-10-02T17:06:46Z","sec-exchange",FALSE
"GPAT","GP-Act III Acquisition Corp.","NASDAQ",NA,"lab.Unmapped","2026-10-02T17:06:46Z","sec-exchange",FALSE
"CHEC","Chenghe Acquisition III Co.","NASDAQ",NA,"lab.Unmapped","2026-10-02T17:06:46Z","sec-exchange",FALSE
"MRLN","Merlin, Inc.","NASDAQ",NA,"lab.Unmapped","2026-10-02T17:06:46Z","sec-exchange",FALSE
"BWIV","Blue Water Acquisition Corp. IV","NYSE",NA,"lab.Unmapped","2026-10-02T17:06:46Z","sec-exchange",FALSE
"WIA","WESTERN ASSET INFLATION-LINKED INCOME FUND","NYSE",NA,"lab.Unmapped","2026-10-02T17:06:46Z","sec-exchange",FALSE
"ORGO","Organogenesis Holdings Inc.","NASDAQ",NA,"lab.Unmapped","2026-10-02T17:06:46Z","sec-exchange",FALSE
"MNSB","MainStreet Bancshares, Inc.","NASDAQ",NA,"lab.Unmapped","2026-10-02T17:06:46Z","sec-exchange",FALSE
"RVII","Robinhood Ventures Fund II","NYSE",NA,"lab.Unmapped","2026-10-02T17:06:46Z","sec-exchange",FALSE
"MRT","Marti Technologies, Inc.","NYSE",NA,"lab.Unmapped","2026-10-02T17:06:46Z","sec-exchange",FALSE
"MSC","STUDIO CITY INTERNATIONAL HOLDINGS Ltd","NYSE",NA,"lab.Unmapped","2026-10-02T17:06:46Z","sec-exchange",FALSE
"HSDT","Solana Co","NASDAQ",NA,"lab.Unmapped","2026-10-02T17:06:46Z","sec-exchange",FALSE
"FTHA","Forefront Tech Holdings Acquisition Corp","NASDAQ",NA,"lab.Unmapped","2026-10-02T17:06:46Z","sec-exchange",FALSE
"NAKA","Nakamoto Inc.","NASDAQ",NA,"lab.Unmapped","2026-10-02T17:06:46Z","sec-exchange",FALSE
"LODE","Comstock Inc.","NYSE",NA,"lab.Unmapped","2026-10-02T17:06:46Z","sec-exchange",FALSE
"EPSN","Epsilon Energy Ltd.","NASDAQ",NA,"lab.Unmapped","2026-10-02T17:06:46Z","sec-exchange",FALSE
"NEN","NEW ENGLAND REALTY ASSOCIATES LIMITED PARTNERSHIP","NYSE",NA,"lab.Unmapped","2026-10-02T17:06:46Z","sec-exchange",FALSE
"CURI","CuriosityStream Inc.","NASDAQ",NA,"lab.Unmapped","2026-10-02T17:06:46Z","sec-exchange",FALSE
"AMPY","Amplify Energy Corp.","NYSE",NA,"lab.Unmapped","2026-10-02T17:06:46Z","sec-exchange",FALSE
"OPP","RiverNorth/DoubleLine Strategic Opportunity Fund, Inc.","NYSE",NA,"lab.Unmapped","2026-10-02T17:06:46Z","sec-exchange",FALSE
"DMB","BNY Mellon Municipal Bond Infrastructure Fund, Inc.","NYSE",NA,"lab.Unmapped","2026-10-02T17:06:46Z","sec-exchange",FALSE
"ABOS","Acumen Pharmaceuticals, Inc.","NASDAQ",NA,"lab.Unmapped","2026-10-02T17:06:46Z","sec-exchange",FALSE
"GF","NEW GERMANY FUND INC","NYSE",NA,"lab.Unmapped","2026-10-02T17:06:46Z","sec-exchange",FALSE
"JELD","JELD-WEN Holding, Inc.","NYSE",NA,"lab.Unmapped","2026-10-02T17:06:46Z","sec-exchange",FALSE
"SPMC","Sound Point Meridian Capital, Inc.","NYSE",NA,"lab.Unmapped","2026-10-02T17:06:46Z","sec-exchange",FALSE
"LAWR","Robot Consulting Co., Ltd.","NASDAQ",NA,"lab.Unmapped","2026-10-02T17:06:46Z","sec-exchange",FALSE
"SDEV","Stablecoin Development Corp","NYSE",NA,"lab.Unmapped","2026-10-02T17:06:46Z","sec-exchange",FALSE
"TAVI","Tavia Acquisition Corp.","NASDAQ",NA,"lab.Unmapped","2026-10-02T17:06:46Z","sec-exchange",FALSE
"QTRX","Quanterix Corp","NASDAQ",NA,"lab.Unmapped","2026-10-02T17:06:46Z","sec-exchange",FALSE
"DTIL","PRECISION BIOSCIENCES INC","NASDAQ",NA,"lab.Unmapped","2026-10-02T17:06:46Z","sec-exchange",FALSE
"PED","PEDEVCO CORP","NYSE",NA,"lab.Unmapped","2026-10-02T17:06:46Z","sec-exchange",FALSE
"RDCM","RADCOM LTD","NASDAQ",NA,"lab.Unmapped","2026-10-02T17:06:46Z","sec-exchange",FALSE
"OZ","Belpointe PREP, LLC","NYSE",NA,"lab.Unmapped","2026-10-02T17:06:46Z","sec-exchange",FALSE
"HTLM","HomesToLife Ltd","NASDAQ",NA,"lab.Unmapped","2026-10-02T17:06:46Z","sec-exchange",FALSE
"EBMT","Eagle Bancorp Montana, Inc.","NASDAQ",NA,"lab.Unmapped","2026-10-02T17:06:46Z","sec-exchange",FALSE
"FLWS","1 800 FLOWERS COM INC","NASDAQ",NA,"lab.Unmapped","2026-10-02T17:06:46Z","sec-exchange",FALSE
"PEPG","PepGen Inc.","NASDAQ",NA,"lab.Unmapped","2026-10-02T17:06:46Z","sec-exchange",FALSE
"MPV","BARINGS PARTICIPATION INVESTORS","NYSE",NA,"lab.Unmapped","2026-10-02T17:06:46Z","sec-exchange",FALSE
"EDRY","EuroDry Ltd.","NASDAQ",NA,"lab.Unmapped","2026-10-02T17:06:46Z","sec-exchange",FALSE
"WW","WW INTERNATIONAL, INC.","NASDAQ",NA,"lab.Unmapped","2026-10-02T17:06:46Z","sec-exchange",FALSE
"NMP","NMP Acquisition Corp.","NASDAQ",NA,"lab.Unmapped","2026-10-02T17:06:46Z","sec-exchange",FALSE
"TNXP","Tonix Pharmaceuticals Holding Corp.","NASDAQ",NA,"lab.Unmapped","2026-10-02T17:06:46Z","sec-exchange",FALSE
"UIS","UNISYS CORP","NYSE",NA,"lab.Unmapped","2026-10-02T17:06:46Z","sec-exchange",FALSE
"NRO","NEUBERGER REAL ESTATE SECURITIES INCOME FUND INC","NYSE",NA,"lab.Unmapped","2026-10-02T17:06:46Z","sec-exchange",FALSE
"SANG","Sangoma Technologies Corp","NASDAQ",NA,"lab.Unmapped","2026-10-02T17:06:46Z","sec-exchange",FALSE
"ONEW","OneWater Marine Inc.","NASDAQ",NA,"lab.Unmapped","2026-10-02T17:06:46Z","sec-exchange",FALSE
"PLG","PLATINUM GROUP METALS LTD","NYSE",NA,"lab.Unmapped","2026-10-02T17:06:46Z","sec-exchange",FALSE
"ATOM","Atomera Inc","NASDAQ",NA,"lab.Unmapped","2026-10-02T17:06:46Z","sec-exchange",FALSE
"EHI","WESTERN ASSET GLOBAL HIGH INCOME FUND INC.","NYSE",NA,"lab.Unmapped","2026-10-02T17:06:46Z","sec-exchange",FALSE
"SITC","SITE Centers Corp.","NYSE",NA,"lab.Unmapped","2026-10-02T17:06:46Z","sec-exchange",FALSE
"FLC","FLAHERTY & CRUMRINE TOTAL RETURN FUND INC","NYSE",NA,"lab.Unmapped","2026-10-02T17:06:46Z","sec-exchange",FALSE
"SEVN","Seven Hills Realty Trust","NASDAQ",NA,"lab.Unmapped","2026-10-02T17:06:46Z","sec-exchange",FALSE
"VBF","Invesco Bond Fund","NYSE",NA,"lab.Unmapped","2026-10-02T17:06:46Z","sec-exchange",FALSE
"DHF","BNY MELLON HIGH YIELD STRATEGIES FUND","NYSE",NA,"lab.Unmapped","2026-10-02T17:06:46Z","sec-exchange",FALSE
"VYGR","Voyager Therapeutics, Inc.","NASDAQ",NA,"lab.Unmapped","2026-10-02T17:06:46Z","sec-exchange",FALSE
"EMIS","Emmis Acquisition Corp.","NASDAQ",NA,"lab.Unmapped","2026-10-02T17:06:46Z","sec-exchange",FALSE
"SAGU","Shreya Acquisition Group","NYSE",NA,"lab.Unmapped","2026-10-02T17:06:46Z","sec-exchange",FALSE
"ECF","ELLSWORTH GROWTH & INCOME FUND LTD","NYSE",NA,"lab.Unmapped","2026-10-02T17:06:46Z","sec-exchange",FALSE
"EDF","Virtus Stone Harbor Emerging Markets Income Fund","NYSE",NA,"lab.Unmapped","2026-10-02T17:06:46Z","sec-exchange",FALSE
"QRED","QuasarEdge Acquisition Corp","NYSE",NA,"lab.Unmapped","2026-10-02T17:06:46Z","sec-exchange",FALSE
"EARN","Ellington Credit Co","NYSE",NA,"lab.Unmapped","2026-10-02T17:06:46Z","sec-exchange",FALSE
"LKSP","Lake Superior Acquisition Corp","NASDAQ",NA,"lab.Unmapped","2026-10-02T17:06:46Z","sec-exchange",FALSE
"AIIO","ROBO.AI INC.","NASDAQ",NA,"lab.Unmapped","2026-10-02T17:06:46Z","sec-exchange",FALSE
"WENC","West Enclave Merger Corp.","NYSE",NA,"lab.Unmapped","2026-10-02T17:06:46Z","sec-exchange",FALSE
"LAFA","LaFayette Acquisition Corp.","NASDAQ",NA,"lab.Unmapped","2026-10-02T17:06:46Z","sec-exchange",FALSE
"GLED","GalaxyEdge Acquisition Corp","NYSE",NA,"lab.Unmapped","2026-10-02T17:06:46Z","sec-exchange",FALSE
"BRCB","Black Rock Coffee Bar, Inc.","NASDAQ",NA,"lab.Unmapped","2026-10-02T17:06:46Z","sec-exchange",FALSE
"NERV","Minerva Neurosciences, Inc.","NASDAQ",NA,"lab.Unmapped","2026-10-02T17:06:46Z","sec-exchange",FALSE
"SPEG","Silver Pegasus Acquisition Corp.","NASDAQ",NA,"lab.Unmapped","2026-10-02T17:06:46Z","sec-exchange",FALSE
"ACR","ACRES Commercial Realty Corp.","NYSE",NA,"lab.Unmapped","2026-10-02T17:06:46Z","sec-exchange",FALSE
"FMAC","Future Money Acquisition Corp","NASDAQ",NA,"lab.Unmapped","2026-10-02T17:06:46Z","sec-exchange",FALSE
"NBP","NovaBridge Biosciences","NASDAQ",NA,"lab.Unmapped","2026-10-02T17:06:46Z","sec-exchange",FALSE
"ADCT","ADC Therapeutics SA","NYSE",NA,"lab.Unmapped","2026-10-02T17:06:46Z","sec-exchange",TRUE
"WPAC","White Pearl Acquisition Corp.","NYSE",NA,"lab.Unmapped","2026-10-02T17:06:46Z","sec-exchange",FALSE
"JRVR","James River Group Holdings, Inc.","NASDAQ",NA,"lab.Unmapped","2026-10-02T17:06:46Z","sec-exchange",FALSE
"OPRX","OptimizeRx Corp","NASDAQ",NA,"lab.Unmapped","2026-10-02T17:06:46Z","sec-exchange",FALSE
"HUCK","Huckleberry.ai, Inc.","NASDAQ",NA,"lab.Unmapped","2026-10-02T17:06:46Z","sec-exchange",FALSE
"OCAC","Ocean Capital Acquisition Corp","NYSE",NA,"lab.Unmapped","2026-10-02T17:06:46Z","sec-exchange",FALSE
"FINW","Finwise Bancorp","NASDAQ",NA,"lab.Unmapped","2026-10-02T17:06:46Z","sec-exchange",FALSE
"LUCD","Lucid Diagnostics Inc.","NASDAQ",NA,"lab.Unmapped","2026-10-02T17:06:46Z","sec-exchange",FALSE
"HGLB","HIGHLAND GLOBAL ALLOCATION FUND","NYSE",NA,"lab.Unmapped","2026-10-02T17:06:46Z","sec-exchange",FALSE
"BSET","BASSETT FURNITURE INDUSTRIES INC","NASDAQ",NA,"lab.Unmapped","2026-10-02T17:06:46Z","sec-exchange",FALSE
"TONT","Graf Global Corp.","NYSE",NA,"lab.Unmapped","2026-10-02T17:06:46Z","sec-exchange",FALSE
"OWLT","Owlet, Inc.","NYSE",NA,"lab.Unmapped","2026-10-02T17:06:46Z","sec-exchange",FALSE
"OTLK","Outlook Therapeutics, Inc.","NASDAQ",NA,"lab.Unmapped","2026-10-02T17:06:46Z","sec-exchange",FALSE
"SKYX","SKYX Platforms Corp.","NASDAQ",NA,"lab.Unmapped","2026-10-02T17:06:46Z","sec-exchange",FALSE
"MRDN","Meridian Holdings Inc./NV","NASDAQ",NA,"lab.Unmapped","2026-10-02T17:06:46Z","sec-exchange",TRUE
"TCGX","TCGX Acquisition Corp.","NASDAQ",NA,"lab.Unmapped","2026-10-02T17:06:46Z","sec-exchange",FALSE
"INAC","Indigo Acquisition Corp.","NASDAQ",NA,"lab.Unmapped","2026-10-02T17:06:46Z","sec-exchange",FALSE
"ELME","Elme Communities","NYSE",NA,"lab.Unmapped","2026-10-02T17:06:46Z","sec-exchange",FALSE
"OGI","ORGANIGRAM GLOBAL INC.","NASDAQ",NA,"lab.Unmapped","2026-10-02T17:06:46Z","sec-exchange",FALSE
"MENS","Jyong Biotech Ltd.","NASDAQ",NA,"lab.Unmapped","2026-10-02T17:06:46Z","sec-exchange",FALSE
"STEX","Streamex Corp.","NASDAQ",NA,"lab.Unmapped","2026-10-02T17:06:46Z","sec-exchange",FALSE
"LEE","LEE ENTERPRISES, Inc","NASDAQ",NA,"lab.Unmapped","2026-10-02T17:06:46Z","sec-exchange",FALSE
"CEPL","Capstone Energy Plus, Inc.","NASDAQ",NA,"lab.Unmapped","2026-10-02T17:06:46Z","sec-exchange",FALSE
"WHF","WhiteHorse Finance, Inc.","NASDAQ",NA,"lab.Unmapped","2026-10-02T17:06:46Z","sec-exchange",FALSE
"YCY","AA Mission Acquisition Corp. II","NYSE",NA,"lab.Unmapped","2026-10-02T17:06:46Z","sec-exchange",FALSE
"DLTH","DULUTH HOLDINGS INC.","NASDAQ",NA,"lab.Unmapped","2026-10-02T17:06:46Z","sec-exchange",FALSE
"NEOV","NeoVolta Inc.","NASDAQ",NA,"lab.Unmapped","2026-10-02T17:06:46Z","sec-exchange",FALSE
"CDXS","CODEXIS, INC.","NASDAQ",NA,"lab.Unmapped","2026-10-02T17:06:46Z","sec-exchange",FALSE
"HUMA","Humacyte, Inc.","NASDAQ",NA,"lab.Unmapped","2026-10-02T17:06:46Z","sec-exchange",FALSE
"CEPS","Cantor Equity Partners VI, Inc.","NASDAQ",NA,"lab.Unmapped","2026-10-02T17:06:46Z","sec-exchange",FALSE
"NIU","Niu Technologies","NASDAQ",NA,"lab.Unmapped","2026-10-02T17:06:46Z","sec-exchange",FALSE
"MOLN","MOLECULAR PARTNERS AG","NASDAQ",NA,"lab.Unmapped","2026-10-02T17:06:46Z","sec-exchange",TRUE
"NLOP","Net Lease Office Properties","NYSE",NA,"lab.Unmapped","2026-10-02T17:06:46Z","sec-exchange",FALSE
"APUR","Aperture AC","NASDAQ",NA,"lab.Unmapped","2026-10-02T17:06:46Z","sec-exchange",FALSE
"POLE","Andretti Acquisition Corp. II","NASDAQ",NA,"lab.Unmapped","2026-10-02T17:06:46Z","sec-exchange",FALSE
"ALPX","Alpex Acquisition Corp","NASDAQ",NA,"lab.Unmapped","2026-10-02T17:06:46Z","sec-exchange",FALSE
"TRAD","APEX Tech Acquisition Inc.","NYSE",NA,"lab.Unmapped","2026-10-02T17:06:46Z","sec-exchange",FALSE
"LANV","Lanvin Group Holdings Ltd","NYSE",NA,"lab.Unmapped","2026-10-02T17:06:46Z","sec-exchange",FALSE
"EGAN","EGAIN Corp","NASDAQ",NA,"lab.Unmapped","2026-10-02T17:06:46Z","sec-exchange",FALSE
"CLLS","Cellectis S.A.","NASDAQ",NA,"lab.Unmapped","2026-10-02T17:06:46Z","sec-exchange",TRUE
"RRGB","RED ROBIN GOURMET BURGERS INC","NASDAQ",NA,"lab.Unmapped","2026-10-02T17:06:46Z","sec-exchange",FALSE
"DVLT","Datavault AI Inc.","NASDAQ",NA,"lab.Unmapped","2026-10-02T17:06:46Z","sec-exchange",FALSE
"AGPU","Axe Compute Inc.","NASDAQ",NA,"lab.Unmapped","2026-10-02T17:06:46Z","sec-exchange",FALSE
"TRAK","ReposiTrak, Inc.","NYSE",NA,"lab.Unmapped","2026-10-02T17:06:46Z","sec-exchange",FALSE
"NCO","Southern Cross Acquisition I Corp.","NASDAQ",NA,"lab.Unmapped","2026-10-02T17:06:46Z","sec-exchange",FALSE
"MYX","Maywood Acquisition Corp. 2","NASDAQ",NA,"lab.Unmapped","2026-10-02T17:06:46Z","sec-exchange",FALSE
"SSTK","Shutterstock, Inc.","NYSE",NA,"lab.Unmapped","2026-10-02T17:06:46Z","sec-exchange",FALSE
"PNI","PIMCO NEW YORK MUNICIPAL INCOME FUND II","NYSE",NA,"lab.Unmapped","2026-10-02T17:06:46Z","sec-exchange",FALSE
"SAFX","XCF Global, Inc.","NASDAQ",NA,"lab.Unmapped","2026-10-02T17:06:46Z","sec-exchange",FALSE
"INTT","INTEST CORP","NYSE",NA,"lab.Unmapped","2026-10-02T17:06:46Z","sec-exchange",FALSE
"NYXH","Nyxoah SA","NASDAQ",NA,"lab.Unmapped","2026-10-02T17:06:46Z","sec-exchange",TRUE
"OCLT","OceanLight Acquisition Corp","NASDAQ",NA,"lab.Unmapped","2026-10-02T17:06:46Z","sec-exchange",FALSE
"PIM","FRANKLIN MASTER INTERMEDIATE INCOME TRUST","NYSE",NA,"lab.Unmapped","2026-10-02T17:06:46Z","sec-exchange",FALSE
"CAAS","China Automotive Systems, Inc.","NASDAQ",NA,"lab.Unmapped","2026-10-02T17:06:46Z","sec-exchange",TRUE
"GNT","GAMCO Natural Resources, Gold & Income Trust","NYSE",NA,"lab.Unmapped","2026-10-02T17:06:46Z","sec-exchange",FALSE
"XFLH","XFLH Capital Corp","NYSE",NA,"lab.Unmapped","2026-10-02T17:06:46Z","sec-exchange",FALSE
"RNA","Atrium Therapeutics, Inc.","NASDAQ",NA,"lab.Unmapped","2026-10-02T17:06:46Z","sec-exchange",FALSE
"ZJYL","Jin Medical International Ltd.","NASDAQ",NA,"lab.Unmapped","2026-10-02T17:06:46Z","sec-exchange",FALSE
"BYND","BEYOND MEAT, INC.","NASDAQ",NA,"lab.Unmapped","2026-10-02T17:06:46Z","sec-exchange",FALSE
"KRRO","Korro Bio, Inc.","NASDAQ",NA,"lab.Unmapped","2026-10-02T17:06:46Z","sec-exchange",FALSE
"TLYS","TILLY'S, INC.","NYSE",NA,"lab.Unmapped","2026-10-02T17:06:46Z","sec-exchange",FALSE
"LSBK","Lake Shore Bancorp, Inc. /MD/","NASDAQ",NA,"lab.Unmapped","2026-10-02T17:06:46Z","sec-exchange",FALSE
"EML","EASTERN CO","NASDAQ",NA,"lab.Unmapped","2026-10-02T17:06:46Z","sec-exchange",FALSE
"NSAI","NorthStrive Acquisition Corp I.","NASDAQ",NA,"lab.Unmapped","2026-10-02T17:06:46Z","sec-exchange",FALSE
"HURC","HURCO COMPANIES INC","NASDAQ",NA,"lab.Unmapped","2026-10-02T17:06:46Z","sec-exchange",FALSE
"ONL","Orion Properties Inc.","NYSE",NA,"lab.Unmapped","2026-10-02T17:06:46Z","sec-exchange",FALSE
"TLAC","Three Lions Acquisition Corp.","NASDAQ",NA,"lab.Unmapped","2026-10-02T17:06:46Z","sec-exchange",FALSE
"INGN","Inogen Inc","NASDAQ",NA,"lab.Unmapped","2026-10-02T17:06:46Z","sec-exchange",FALSE
"MX","MAGNACHIP SEMICONDUCTOR Corp","NYSE",NA,"lab.Unmapped","2026-10-02T17:06:46Z","sec-exchange",FALSE
"BHAV","BHAV Acquisition Corp","NASDAQ",NA,"lab.Unmapped","2026-10-02T17:06:46Z","sec-exchange",FALSE
"MSD","MORGAN STANLEY EMERGING MARKETS DEBT FUND INC","NYSE",NA,"lab.Unmapped","2026-10-02T17:06:46Z","sec-exchange",FALSE
"EPM","EVOLUTION PETROLEUM CORP","NYSE",NA,"lab.Unmapped","2026-10-02T17:06:46Z","sec-exchange",FALSE
"GRX","Gabelli Healthcare & WellnessRx Trust","NYSE",NA,"lab.Unmapped","2026-10-02T17:06:46Z","sec-exchange",FALSE
"SPE","SPECIAL OPPORTUNITIES FUND, INC.","NYSE",NA,"lab.Unmapped","2026-10-02T17:06:46Z","sec-exchange",FALSE
"HUHU","HUHUTECH International Group Inc.","NASDAQ",NA,"lab.Unmapped","2026-10-02T17:06:46Z","sec-exchange",FALSE
"RFAM","RF Acquisition Corp III","NASDAQ",NA,"lab.Unmapped","2026-10-02T17:06:46Z","sec-exchange",FALSE
"GRO","Brazil Potash Corp.","NYSE",NA,"lab.Unmapped","2026-10-02T17:06:46Z","sec-exchange",TRUE
"OCC","OPTICAL CABLE CORP","NASDAQ",NA,"lab.Unmapped","2026-10-02T17:06:46Z","sec-exchange",FALSE
"SRBK","SR Bancorp, Inc.","NASDAQ",NA,"lab.Unmapped","2026-10-02T17:06:46Z","sec-exchange",FALSE
"SRFM","SURF AIR MOBILITY INC.","NYSE",NA,"lab.Unmapped","2026-10-02T17:06:46Z","sec-exchange",FALSE
"UAC","United Acquisition Corp. I","NYSE",NA,"lab.Unmapped","2026-10-02T17:06:46Z","sec-exchange",FALSE
"LFMD","LifeMD, Inc.","NASDAQ",NA,"lab.Unmapped","2026-10-02T17:06:46Z","sec-exchange",FALSE
"DOYU","DouYu International Holdings Ltd","NASDAQ",NA,"lab.Unmapped","2026-10-02T17:06:46Z","sec-exchange",FALSE
"WYHG","Wing Yip Food Holdings Group Ltd","NASDAQ",NA,"lab.Unmapped","2026-10-02T17:06:46Z","sec-exchange",TRUE
"DLNG","Dynagas LNG Partners LP","NYSE",NA,"lab.Unmapped","2026-10-02T17:06:46Z","sec-exchange",FALSE
"SCPQ","Social Commerce Partners Corp","NASDAQ",NA,"lab.Unmapped","2026-10-02T17:06:46Z","sec-exchange",FALSE
"KRMD","KORU Medical Systems, Inc.","NASDAQ",NA,"lab.Unmapped","2026-10-02T17:06:46Z","sec-exchange",FALSE
"OXSQ","Oxford Square Capital Corp.","NASDAQ",NA,"lab.Unmapped","2026-10-02T17:06:46Z","sec-exchange",FALSE
"HOFT","HOOKER FURNISHINGS Corp","NASDAQ",NA,"lab.Unmapped","2026-10-02T17:06:46Z","sec-exchange",FALSE
"FGBI","First Guaranty Bancshares, Inc.","NASDAQ",NA,"lab.Unmapped","2026-10-02T17:06:46Z","sec-exchange",FALSE
"RTB","RTB Digital, Inc.","NASDAQ",NA,"lab.Unmapped","2026-10-02T17:06:46Z","sec-exchange",FALSE
"CLPR","Clipper Realty Inc.","NYSE",NA,"lab.Unmapped","2026-10-02T17:06:46Z","sec-exchange",FALSE
"TUSK","MAMMOTH ENERGY SERVICES, INC.","NASDAQ",NA,"lab.Unmapped","2026-10-02T17:06:46Z","sec-exchange",FALSE
"BRLT","Brilliant Earth Group, Inc.","NASDAQ",NA,"lab.Unmapped","2026-10-02T17:06:46Z","sec-exchange",FALSE
"GHI","Greystone Housing Impact Investors LP","NYSE",NA,"lab.Unmapped","2026-10-02T17:06:46Z","sec-exchange",FALSE
"DOUG","Douglas Elliman Inc.","NYSE",NA,"lab.Unmapped","2026-10-02T17:06:46Z","sec-exchange",FALSE
"SPRB","SPRUCE BIOSCIENCES, INC.","NASDAQ",NA,"lab.Unmapped","2026-10-02T17:06:46Z","sec-exchange",FALSE
"PFD","FLAHERTY & CRUMRINE PREFERRED & INCOME FUND INC","NYSE",NA,"lab.Unmapped","2026-10-02T17:06:46Z","sec-exchange",FALSE
"PLUN","Plutonian Acquisition Corp. II","NYSE",NA,"lab.Unmapped","2026-10-02T17:06:46Z","sec-exchange",FALSE
"TNYA","Tenaya Therapeutics, Inc.","NASDAQ",NA,"lab.Unmapped","2026-10-02T17:06:46Z","sec-exchange",FALSE
"BMN","BlackRock 2037 Municipal Target Term Trust","NYSE",NA,"lab.Unmapped","2026-10-02T17:06:46Z","sec-exchange",FALSE
"ENGS","Energys Group Ltd","NASDAQ",NA,"lab.Unmapped","2026-10-02T17:06:46Z","sec-exchange",TRUE
"DIBS","1stdibs.com, Inc.","NASDAQ",NA,"lab.Unmapped","2026-10-02T17:06:46Z","sec-exchange",FALSE
"MHF","WESTERN ASSET MUNICIPAL HIGH INCOME FUND INC.","NYSE",NA,"lab.Unmapped","2026-10-02T17:06:46Z","sec-exchange",FALSE
"ZJK","ZJK Industrial Co., Ltd.","NASDAQ",NA,"lab.Unmapped","2026-10-02T17:06:46Z","sec-exchange",FALSE
"CTW","CTW","NASDAQ",NA,"lab.Unmapped","2026-10-02T17:06:46Z","sec-exchange",FALSE
"NPWR","Net Power Inc.","NYSE",NA,"lab.Unmapped","2026-10-02T17:06:46Z","sec-exchange",FALSE
"HEQ","John Hancock Diversified Income Fund","NYSE",NA,"lab.Unmapped","2026-10-02T17:06:46Z","sec-exchange",FALSE
"ARMP","Armata Pharmaceuticals, Inc.","NYSE",NA,"lab.Unmapped","2026-10-02T17:06:46Z","sec-exchange",FALSE
"CRBU","Caribou Biosciences, Inc.","NASDAQ",NA,"lab.Unmapped","2026-10-02T17:06:46Z","sec-exchange",FALSE
"BGX","Blackstone Long-Short Credit Income Fund","NYSE",NA,"lab.Unmapped","2026-10-02T17:06:46Z","sec-exchange",FALSE
"XLAB","Exascale Labs Holdings Inc.","NASDAQ",NA,"lab.Unmapped","2026-10-02T17:06:46Z","sec-exchange",FALSE
"VTN","Invesco Trust for Investment Grade New York Municipals","NYSE",NA,"lab.Unmapped","2026-10-02T17:06:46Z","sec-exchange",FALSE
"CLAR","Clarus Corp","NASDAQ",NA,"lab.Unmapped","2026-10-02T17:06:46Z","sec-exchange",FALSE
"AIRS","Airsculpt Technologies, Inc.","NASDAQ",NA,"lab.Unmapped","2026-10-02T17:06:46Z","sec-exchange",FALSE
"KVHI","KVH INDUSTRIES INC \DE\","NASDAQ",NA,"lab.Unmapped","2026-10-02T17:06:46Z","sec-exchange",FALSE
"SHIM","Shimmick Corp","NASDAQ",NA,"lab.Unmapped","2026-10-02T17:06:46Z","sec-exchange",FALSE
"CRBP","Corbus Pharmaceuticals Holdings, Inc.","NASDAQ",NA,"lab.Unmapped","2026-10-02T17:06:46Z","sec-exchange",FALSE
"MED","MEDIFAST INC","NYSE",NA,"lab.Unmapped","2026-10-02T17:06:46Z","sec-exchange",FALSE
"VERI","Veritone, Inc.","NASDAQ",NA,"lab.Unmapped","2026-10-02T17:06:46Z","sec-exchange",FALSE
"AMTX","AEMETIS, INC","NASDAQ",NA,"lab.Unmapped","2026-10-02T17:06:46Z","sec-exchange",FALSE
"HURA","TuHURA Biosciences, Inc./NV","NASDAQ",NA,"lab.Unmapped","2026-10-02T17:06:46Z","sec-exchange",TRUE
"BRCC","BRC Inc.","NYSE",NA,"lab.Unmapped","2026-10-02T17:06:46Z","sec-exchange",FALSE
"ENGN","enGene Therapeutics Inc.","NASDAQ",NA,"lab.Unmapped","2026-10-02T17:06:46Z","sec-exchange",FALSE
"ACNT","ASCENT INDUSTRIES CO.","NASDAQ",NA,"lab.Unmapped","2026-10-02T17:06:46Z","sec-exchange",FALSE
"VNCE","VINCE HOLDING CORP.","NASDAQ",NA,"lab.Unmapped","2026-10-02T17:06:46Z","sec-exchange",FALSE
"FLYX","FLYEXCLUSIVE INC.","NYSE",NA,"lab.Unmapped","2026-10-02T17:06:46Z","sec-exchange",FALSE
"RGP","RESOURCES CONNECTION, INC.","NASDAQ",NA,"lab.Unmapped","2026-10-02T17:06:46Z","sec-exchange",FALSE
"HCAT","Health Catalyst, Inc.","NASDAQ",NA,"lab.Unmapped","2026-10-02T17:06:46Z","sec-exchange",FALSE
"BCV","BANCROFT FUND LTD","NYSE",NA,"lab.Unmapped","2026-10-02T17:06:46Z","sec-exchange",FALSE
"ZENA","ZenaTech, Inc.","NASDAQ",NA,"lab.Unmapped","2026-10-02T17:06:46Z","sec-exchange",FALSE
"TISI","TEAM INC","NYSE",NA,"lab.Unmapped","2026-10-02T17:06:46Z","sec-exchange",FALSE
"VECA","Vernal Capital Acquisition Corp.","NYSE",NA,"lab.Unmapped","2026-10-02T17:06:46Z","sec-exchange",FALSE
"RYDE","Ryde Group Ltd","NYSE",NA,"lab.Unmapped","2026-10-02T17:06:46Z","sec-exchange",TRUE
"FWAC","Futurewave Acquisition Corp","NASDAQ",NA,"lab.Unmapped","2026-10-02T17:06:46Z","sec-exchange",FALSE
"FXAC","FortuneX Acquisition Corp","NASDAQ",NA,"lab.Unmapped","2026-10-02T17:06:46Z","sec-exchange",FALSE
"EWAV","East West Ave Acquisition Corp.","NASDAQ",NA,"lab.Unmapped","2026-10-02T17:06:46Z","sec-exchange",FALSE
"COOK","Traeger, Inc.","NYSE",NA,"lab.Unmapped","2026-10-02T17:06:46Z","sec-exchange",FALSE
"NRXP","NRX Pharmaceuticals, Inc.","NASDAQ",NA,"lab.Unmapped","2026-10-02T17:06:46Z","sec-exchange",FALSE
"NMRA","Neumora Therapeutics, Inc.","NASDAQ",NA,"lab.Unmapped","2026-10-02T17:06:46Z","sec-exchange",FALSE
"SUIG","SUI Group Holdings Ltd.","NASDAQ",NA,"lab.Unmapped","2026-10-02T17:06:46Z","sec-exchange",FALSE
"CGO","CALAMOS GLOBAL TOTAL RETURN FUND","NASDAQ",NA,"lab.Unmapped","2026-10-02T17:06:46Z","sec-exchange",FALSE
"HYI","Western Asset High Yield Opportunity Fund Inc.","NYSE",NA,"lab.Unmapped","2026-10-02T17:06:46Z","sec-exchange",FALSE
"SMID","SMITH MIDLAND CORP","NASDAQ",NA,"lab.Unmapped","2026-10-02T17:06:46Z","sec-exchange",FALSE
"UNCY","Unicycive Therapeutics, Inc.","NASDAQ",NA,"lab.Unmapped","2026-10-02T17:06:46Z","sec-exchange",FALSE
"UFI","UNIFI INC","NYSE",NA,"lab.Unmapped","2026-10-02T17:06:46Z","sec-exchange",FALSE
"UP","Wheels Up Experience Inc.","NYSE",NA,"lab.Unmapped","2026-10-02T17:06:46Z","sec-exchange",FALSE
"MGYR","Magyar Bancorp, Inc.","NASDAQ",NA,"lab.Unmapped","2026-10-02T17:06:46Z","sec-exchange",FALSE
"MPA","BLACKROCK MUNIYIELD PENNSYLVANIA QUALITY FUND","NYSE",NA,"lab.Unmapped","2026-10-02T17:06:46Z","sec-exchange",FALSE
"WALD","Waldencast plc","NASDAQ",NA,"lab.Unmapped","2026-10-02T17:06:46Z","sec-exchange",TRUE
"BMHL","Bluemount Holdings Ltd","NASDAQ",NA,"lab.Unmapped","2026-10-02T17:06:46Z","sec-exchange",FALSE
"STXS","Stereotaxis, Inc.","NYSE",NA,"lab.Unmapped","2026-10-02T17:06:46Z","sec-exchange",FALSE
"OESX","ORION ENERGY SYSTEMS, INC.","NASDAQ",NA,"lab.Unmapped","2026-10-02T17:06:46Z","sec-exchange",FALSE
"IMUX","IMMUNIC, INC.","NASDAQ",NA,"lab.Unmapped","2026-10-02T17:06:46Z","sec-exchange",FALSE
"MXCT","MAXCYTE, INC.","NASDAQ",NA,"lab.Unmapped","2026-10-02T17:06:46Z","sec-exchange",FALSE
"FEAM","5E Advanced Materials, Inc.","NASDAQ",NA,"lab.Unmapped","2026-10-02T17:06:46Z","sec-exchange",FALSE
"LENZ","LENZ Therapeutics, Inc.","NASDAQ",NA,"lab.Unmapped","2026-10-02T17:06:46Z","sec-exchange",FALSE
"HYNE","Hoyne Bancorp, Inc.","NASDAQ",NA,"lab.Unmapped","2026-10-02T17:06:46Z","sec-exchange",FALSE
"PLBY","Playboy, Inc.","NASDAQ",NA,"lab.Unmapped","2026-10-02T17:06:46Z","sec-exchange",FALSE
"BOTJ","BANK OF THE JAMES FINANCIAL GROUP INC","NASDAQ",NA,"lab.Unmapped","2026-10-02T17:06:46Z","sec-exchange",FALSE
"CODA","Coda Octopus Group, Inc.","NASDAQ",NA,"lab.Unmapped","2026-10-02T17:06:46Z","sec-exchange",FALSE
"VRA","Vera Bradley, Inc.","NASDAQ",NA,"lab.Unmapped","2026-10-02T17:06:46Z","sec-exchange",FALSE
"TLSA","Tiziana Life Sciences Ltd","NASDAQ",NA,"lab.Unmapped","2026-10-02T17:06:46Z","sec-exchange",FALSE
"LGCY","Legacy Education Inc.","NYSE",NA,"lab.Unmapped","2026-10-02T17:06:46Z","sec-exchange",FALSE
"CBUS","Cibus, Inc.","NASDAQ",NA,"lab.Unmapped","2026-10-02T17:06:46Z","sec-exchange",FALSE
"BHR","Braemar Hotels & Resorts Inc.","NYSE",NA,"lab.Unmapped","2026-10-02T17:06:46Z","sec-exchange",FALSE
"JHS","JOHN HANCOCK INCOME SECURITIES TRUST","NYSE",NA,"lab.Unmapped","2026-10-02T17:06:46Z","sec-exchange",FALSE
"LX","LexinFintech Holdings Ltd.","NASDAQ",NA,"lab.Unmapped","2026-10-02T17:06:46Z","sec-exchange",FALSE
"SVRN","OceanPal Inc.","NASDAQ",NA,"lab.Unmapped","2026-10-02T17:06:46Z","sec-exchange",FALSE
"AXR","AMREP CORP.","NYSE",NA,"lab.Unmapped","2026-10-02T17:06:46Z","sec-exchange",FALSE
"VTVT","vTv Therapeutics Inc.","NASDAQ",NA,"lab.Unmapped","2026-10-02T17:06:46Z","sec-exchange",FALSE
"AKA","A.K.A. BRANDS HOLDING CORP.","NYSE",NA,"lab.Unmapped","2026-10-02T17:06:46Z","sec-exchange",FALSE
"PNBK","PATRIOT NATIONAL BANCORP INC","NASDAQ",NA,"lab.Unmapped","2026-10-02T17:06:46Z","sec-exchange",FALSE
"CVGI","Commercial Vehicle Group, Inc.","NASDAQ",NA,"lab.Unmapped","2026-10-02T17:06:46Z","sec-exchange",FALSE
"CHAR","Charlton Aria Acquisition Corp","NASDAQ",NA,"lab.Unmapped","2026-10-02T17:06:46Z","sec-exchange",FALSE
"PLCI","Pelican Acquisition II Corp","NASDAQ",NA,"lab.Unmapped","2026-10-02T17:06:46Z","sec-exchange",FALSE
"IAF","ABRDN AUSTRALIA EQUITY FUND, INC.","NYSE",NA,"lab.Unmapped","2026-10-02T17:06:46Z","sec-exchange",FALSE
"PGAC","PANTAGES CAPITAL ACQUISITION Corp","NASDAQ",NA,"lab.Unmapped","2026-10-02T17:06:46Z","sec-exchange",FALSE
"VIVO","VivoPower PLC","NASDAQ",NA,"lab.Unmapped","2026-10-02T17:06:46Z","sec-exchange",TRUE
"RVSB","RIVERVIEW BANCORP INC","NASDAQ",NA,"lab.Unmapped","2026-10-02T17:06:46Z","sec-exchange",FALSE
"FLX","BingEx Ltd","NASDAQ",NA,"lab.Unmapped","2026-10-02T17:06:46Z","sec-exchange",FALSE
"HCHL","Happy City Holdings Ltd","NASDAQ",NA,"lab.Unmapped","2026-10-02T17:06:46Z","sec-exchange",FALSE
"SFBC","Sound Financial Bancorp, Inc.","NASDAQ",NA,"lab.Unmapped","2026-10-02T17:06:46Z","sec-exchange",FALSE
"BRKH","Burtech Acquisition Corp II","NASDAQ",NA,"lab.Unmapped","2026-10-02T17:06:46Z","sec-exchange",FALSE
"QUMS","Quantumsphere Acquisition Corp","NASDAQ",NA,"lab.Unmapped","2026-10-02T17:06:46Z","sec-exchange",FALSE
"AARD","Aardvark Therapeutics, Inc.","NASDAQ",NA,"lab.Unmapped","2026-10-02T17:06:46Z","sec-exchange",FALSE
"BOOM","DMC Global Inc.","NASDAQ",NA,"lab.Unmapped","2026-10-02T17:06:46Z","sec-exchange",FALSE
"COYA","Coya Therapeutics, Inc.","NASDAQ",NA,"lab.Unmapped","2026-10-02T17:06:46Z","sec-exchange",FALSE
"EGG","ENIGMATIG LTD","NYSE",NA,"lab.Unmapped","2026-10-02T17:06:46Z","sec-exchange",FALSE
"RDZN","Roadzen Inc.","NASDAQ",NA,"lab.Unmapped","2026-10-02T17:06:46Z","sec-exchange",FALSE
"SEER","Seer, Inc.","NASDAQ",NA,"lab.Unmapped","2026-10-02T17:06:46Z","sec-exchange",FALSE
"ZKIN","ZK International Group Co., Ltd.","NASDAQ",NA,"lab.Unmapped","2026-10-02T17:06:46Z","sec-exchange",FALSE
"INO","INOVIO PHARMACEUTICALS, INC.","NASDAQ",NA,"lab.Unmapped","2026-10-02T17:06:46Z","sec-exchange",FALSE
"BSBK","Bogota Financial Corp.","NASDAQ",NA,"lab.Unmapped","2026-10-02T17:06:46Z","sec-exchange",FALSE
"KULR","KULR Technology Group, Inc.","NYSE",NA,"lab.Unmapped","2026-10-02T17:06:46Z","sec-exchange",FALSE
"BEEP","Mobile Infrastructure Corp","NASDAQ",NA,"lab.Unmapped","2026-10-02T17:06:46Z","sec-exchange",FALSE
"WSBK","Winchester Bancorp, Inc./MD/","NASDAQ",NA,"lab.Unmapped","2026-10-02T17:06:46Z","sec-exchange",FALSE
"PLMK","Plum Acquisition Corp, IV","NASDAQ",NA,"lab.Unmapped","2026-10-02T17:06:46Z","sec-exchange",FALSE
"UNB","UNION BANKSHARES INC","NASDAQ",NA,"lab.Unmapped","2026-10-02T17:06:46Z","sec-exchange",FALSE
"HOVR","New Horizon Aircraft Ltd.","NASDAQ",NA,"lab.Unmapped","2026-10-02T17:06:46Z","sec-exchange",FALSE
"PROV","PROVIDENT FINANCIAL HOLDINGS INC","NASDAQ",NA,"lab.Unmapped","2026-10-02T17:06:46Z","sec-exchange",FALSE
"CPIX","CUMBERLAND PHARMACEUTICALS INC","NASDAQ",NA,"lab.Unmapped","2026-10-02T17:06:46Z","sec-exchange",FALSE
"NINE","Nine Energy Service, Inc.","NYSE",NA,"lab.Unmapped","2026-10-02T17:06:46Z","sec-exchange",FALSE
"INVZ","Innoviz Technologies Ltd.","NASDAQ",NA,"lab.Unmapped","2026-10-02T17:06:46Z","sec-exchange",FALSE
"WTF","Waton Financial Ltd","NASDAQ",NA,"lab.Unmapped","2026-10-02T17:06:46Z","sec-exchange",FALSE
"RANI","Rani Therapeutics Holdings, Inc.","NASDAQ",NA,"lab.Unmapped","2026-10-02T17:06:46Z","sec-exchange",FALSE
"VANI","Vivani Medical, Inc.","NASDAQ",NA,"lab.Unmapped","2026-10-02T17:06:46Z","sec-exchange",FALSE
"BYFC","BROADWAY FINANCIAL CORP DE","NASDAQ",NA,"lab.Unmapped","2026-10-02T17:06:46Z","sec-exchange",FALSE
"GNLX","GENELUX Corp","NASDAQ",NA,"lab.Unmapped","2026-10-02T17:06:46Z","sec-exchange",FALSE
"RNAQ","Rainier Acquisition Corp","NASDAQ",NA,"lab.Unmapped","2026-10-02T17:06:46Z","sec-exchange",FALSE
"OPHC","OptimumBank Holdings, Inc.","NYSE",NA,"lab.Unmapped","2026-10-02T17:06:46Z","sec-exchange",FALSE
"QUCY","Quantum Cyber N.V.","NASDAQ",NA,"lab.Unmapped","2026-10-02T17:06:46Z","sec-exchange",TRUE
"MWC","Micware Co., Ltd.","NASDAQ",NA,"lab.Unmapped","2026-10-02T17:06:46Z","sec-exchange",FALSE
"KZIA","KAZIA THERAPEUTICS LTD","NASDAQ",NA,"lab.Unmapped","2026-10-02T17:06:46Z","sec-exchange",FALSE
"DMRC","Digimarc Corp","NASDAQ",NA,"lab.Unmapped","2026-10-02T17:06:46Z","sec-exchange",FALSE
"JYNT","JOINT Corp","NASDAQ",NA,"lab.Unmapped","2026-10-02T17:06:46Z","sec-exchange",FALSE
"MCN","XAI Madison Equity Premium Income Fund","NYSE",NA,"lab.Unmapped","2026-10-02T17:06:46Z","sec-exchange",FALSE
"ULBI","ULTRALIFE CORP","NASDAQ",NA,"lab.Unmapped","2026-10-02T17:06:46Z","sec-exchange",FALSE
"RACD","Research Alliance Corp IV","NASDAQ",NA,"lab.Unmapped","2026-10-02T17:06:46Z","sec-exchange",FALSE
"CTOR","CITIUS ONCOLOGY, INC.","NASDAQ",NA,"lab.Unmapped","2026-10-02T17:06:46Z","sec-exchange",FALSE
"RMMZ","RiverNorth Managed Duration Municipal Income Fund II, Inc.","NYSE",NA,"lab.Unmapped","2026-10-02T17:06:46Z","sec-exchange",FALSE
"DMO","Western Asset Mortgage Opportunity Fund Inc.","NYSE",NA,"lab.Unmapped","2026-10-02T17:06:46Z","sec-exchange",FALSE
"PAI","Western Asset Investment Grade Income Fund Inc.","NYSE",NA,"lab.Unmapped","2026-10-02T17:06:46Z","sec-exchange",FALSE
"SSTI","SOUNDTHINKING, INC.","NASDAQ",NA,"lab.Unmapped","2026-10-02T17:06:46Z","sec-exchange",FALSE
"EVTL","Vertical Aerospace Ltd.","NYSE",NA,"lab.Unmapped","2026-10-02T17:06:46Z","sec-exchange",FALSE
"QSEA","Quartzsea Acquisition Corp","NASDAQ",NA,"lab.Unmapped","2026-10-02T17:06:46Z","sec-exchange",FALSE
"RFL","Rafael Holdings, Inc.","NYSE",NA,"lab.Unmapped","2026-10-02T17:06:46Z","sec-exchange",FALSE
"PBHC","Pathfinder Bancorp, Inc.","NASDAQ",NA,"lab.Unmapped","2026-10-02T17:06:46Z","sec-exchange",FALSE
"PZG","Paramount Gold Nevada Corp.","NYSE",NA,"lab.Unmapped","2026-10-02T17:06:46Z","sec-exchange",FALSE
"PYPD","PolyPid Ltd.","NASDAQ",NA,"lab.Unmapped","2026-10-02T17:06:46Z","sec-exchange",FALSE
"BDTX","Black Diamond Therapeutics, Inc.","NASDAQ",NA,"lab.Unmapped","2026-10-02T17:06:46Z","sec-exchange",FALSE
"IMDX","Insight Molecular Diagnostics Inc.","NASDAQ",NA,"lab.Unmapped","2026-10-02T17:06:46Z","sec-exchange",FALSE
"TCX","TUCOWS INC /PA/","NASDAQ",NA,"lab.Unmapped","2026-10-02T17:06:46Z","sec-exchange",FALSE
"NIM","NUVEEN SELECT MATURITIES MUNICIPAL FUND","NYSE",NA,"lab.Unmapped","2026-10-02T17:06:46Z","sec-exchange",FALSE
"OKUR","OnKure Therapeutics, Inc.","NASDAQ",NA,"lab.Unmapped","2026-10-02T17:06:46Z","sec-exchange",FALSE
"ANNA","AleAnna, Inc.","NASDAQ",NA,"lab.Unmapped","2026-10-02T17:06:46Z","sec-exchange",FALSE
"CBAT","CBAK Energy Technology Ltd","NASDAQ",NA,"lab.Unmapped","2026-10-02T17:06:46Z","sec-exchange",FALSE
"NICM","NICOLA MINING INC.","NASDAQ",NA,"lab.Unmapped","2026-10-02T17:06:46Z","sec-exchange",FALSE
"GLU","GABELLI GLOBAL UTILITY & INCOME TRUST","NYSE",NA,"lab.Unmapped","2026-10-02T17:06:46Z","sec-exchange",FALSE
"XHG","XChange TEC.INC","NASDAQ",NA,"lab.Unmapped","2026-10-02T17:06:46Z","sec-exchange",FALSE
"APYX","Apyx Medical Corp","NASDAQ",NA,"lab.Unmapped","2026-10-02T17:06:46Z","sec-exchange",FALSE
"ZSTK","ZeroStack Corp.","NASDAQ",NA,"lab.Unmapped","2026-10-02T17:06:46Z","sec-exchange",FALSE
"CNXU","Conexeu Sciences Inc.","NASDAQ",NA,"lab.Unmapped","2026-10-02T17:06:46Z","sec-exchange",FALSE
"CHPG","ChampionsGate Acquisition Corp","NASDAQ",NA,"lab.Unmapped","2026-10-02T17:06:46Z","sec-exchange",FALSE
"EQ","Equillium, Inc.","NASDAQ",NA,"lab.Unmapped","2026-10-02T17:06:46Z","sec-exchange",FALSE
"TP","Ticketplus Ltd.","NYSE",NA,"lab.Unmapped","2026-10-02T17:06:46Z","sec-exchange",FALSE
"FJET","Starfighters Space, Inc.","NYSE",NA,"lab.Unmapped","2026-10-02T17:06:46Z","sec-exchange",FALSE
"MIST","Milestone Pharmaceuticals Inc.","NASDAQ",NA,"lab.Unmapped","2026-10-02T17:06:46Z","sec-exchange",FALSE
"AMAN","Amanat Acquisition Corp.","NASDAQ",NA,"lab.Unmapped","2026-10-02T17:06:46Z","sec-exchange",FALSE
"STHO","Star Holdings","NASDAQ",NA,"lab.Unmapped","2026-10-02T17:06:46Z","sec-exchange",FALSE
"VIRC","VIRCO MFG CORPORATION","NASDAQ",NA,"lab.Unmapped","2026-10-02T17:06:46Z","sec-exchange",FALSE
"LAKE","LAKELAND INDUSTRIES INC","NASDAQ",NA,"lab.Unmapped","2026-10-02T17:06:46Z","sec-exchange",FALSE
"CHMI","Cherry Hill Mortgage Investment Corp","NYSE",NA,"lab.Unmapped","2026-10-02T17:06:46Z","sec-exchange",FALSE
"PUSA","Aureus Greenway Holdings Inc","NASDAQ",NA,"lab.Unmapped","2026-10-02T17:06:46Z","sec-exchange",FALSE
"FURY","FURY GOLD MINES LTD","NYSE",NA,"lab.Unmapped","2026-10-02T17:06:46Z","sec-exchange",FALSE
"BGM","BGM Group Ltd.","NASDAQ",NA,"lab.Unmapped","2026-10-02T17:06:46Z","sec-exchange",TRUE
"GHG","GreenTree Hospitality Group Ltd.","NYSE",NA,"lab.Unmapped","2026-10-02T17:06:46Z","sec-exchange",TRUE
"PAL","Proficient Auto Logistics, Inc","NASDAQ",NA,"lab.Unmapped","2026-10-02T17:06:46Z","sec-exchange",FALSE
"VATE","INNOVATE Corp.","NYSE",NA,"lab.Unmapped","2026-10-02T17:06:46Z","sec-exchange",FALSE
"PLYX","Polaryx Therapeutics, Inc.","NASDAQ",NA,"lab.Unmapped","2026-10-02T17:06:46Z","sec-exchange",FALSE
"ECOR","electroCore, Inc.","NASDAQ",NA,"lab.Unmapped","2026-10-02T17:06:46Z","sec-exchange",FALSE
"NTRB","NutriBand Inc.","NASDAQ",NA,"lab.Unmapped","2026-10-02T17:06:46Z","sec-exchange",FALSE
"SPKL","Spark I Acquisition Corp","NASDAQ",NA,"lab.Unmapped","2026-10-02T17:06:46Z","sec-exchange",FALSE
"KEQU","KEWAUNEE SCIENTIFIC CORP /DE/","NASDAQ",NA,"lab.Unmapped","2026-10-02T17:06:46Z","sec-exchange",TRUE
"FLNT","Fluent, Inc.","NASDAQ",NA,"lab.Unmapped","2026-10-02T17:06:46Z","sec-exchange",FALSE
"CSTE","Caesarstone Ltd.","NASDAQ",NA,"lab.Unmapped","2026-10-02T17:06:46Z","sec-exchange",FALSE
"RACC","Research Alliance Corp III","NASDAQ",NA,"lab.Unmapped","2026-10-02T17:06:46Z","sec-exchange",FALSE
"DH","Definitive Healthcare Corp.","NASDAQ",NA,"lab.Unmapped","2026-10-02T17:06:46Z","sec-exchange",FALSE
"ABLV","Able View Global Inc.","NASDAQ",NA,"lab.Unmapped","2026-10-02T17:06:46Z","sec-exchange",FALSE
"HMR","Heidmar Maritime Holdings Corp.","NASDAQ",NA,"lab.Unmapped","2026-10-02T17:06:46Z","sec-exchange",FALSE
"BUDA","BUDA JUICE, INC.","NYSE",NA,"lab.Unmapped","2026-10-02T17:06:46Z","sec-exchange",FALSE
"NRXS","Neuraxis, INC","NYSE",NA,"lab.Unmapped","2026-10-02T17:06:46Z","sec-exchange",FALSE
"PARK","Park Dental Partners, Inc.","NASDAQ",NA,"lab.Unmapped","2026-10-02T17:06:46Z","sec-exchange",FALSE
"ANIX","Anixa Biosciences Inc","NASDAQ",NA,"lab.Unmapped","2026-10-02T17:06:46Z","sec-exchange",FALSE
"SBI","WESTERN ASSET INTERMEDIATE MUNI FUND INC.","NYSE",NA,"lab.Unmapped","2026-10-02T17:06:46Z","sec-exchange",FALSE
"PCF","HIGH INCOME SECURITIES FUND","NYSE",NA,"lab.Unmapped","2026-10-02T17:06:46Z","sec-exchange",FALSE
"NTHI","NEONC TECHNOLOGIES HOLDINGS, INC.","NASDAQ",NA,"lab.Unmapped","2026-10-02T17:06:46Z","sec-exchange",FALSE
"UPXI","UPEXI, INC.","NASDAQ",NA,"lab.Unmapped","2026-10-02T17:06:46Z","sec-exchange",FALSE
"BWEN","BROADWIND, INC.","NASDAQ",NA,"lab.Unmapped","2026-10-02T17:06:46Z","sec-exchange",FALSE
"AMPG","AmpliTech Group, Inc.","NASDAQ",NA,"lab.Unmapped","2026-10-02T17:06:46Z","sec-exchange",FALSE
"PMN","ProMIS Neurosciences Inc.","NASDAQ",NA,"lab.Unmapped","2026-10-02T17:06:46Z","sec-exchange",FALSE
"JTTT","JATT III Acquisition Corp","NASDAQ",NA,"lab.Unmapped","2026-10-02T17:06:46Z","sec-exchange",FALSE
"IGI","Western Asset Investment Grade Opportunity Trust Inc.","NYSE",NA,"lab.Unmapped","2026-10-02T17:06:46Z","sec-exchange",FALSE
"CANG","Cango Inc.","NYSE",NA,"lab.Unmapped","2026-10-02T17:06:46Z","sec-exchange",FALSE
"VIOT","Viomi Technology Co., Ltd","NASDAQ",NA,"lab.Unmapped","2026-10-02T17:06:46Z","sec-exchange",FALSE
"TGEN","TECOGEN INC.","NYSE",NA,"lab.Unmapped","2026-10-02T17:06:46Z","sec-exchange",FALSE
"USGO","U.S. GoldMining Inc.","NASDAQ",NA,"lab.Unmapped","2026-10-02T17:06:46Z","sec-exchange",FALSE
"PGP","PIMCO Global StocksPLUS & Income Fund","NYSE",NA,"lab.Unmapped","2026-10-02T17:06:46Z","sec-exchange",FALSE
"CIGL","Concorde International Group Ltd.","NASDAQ",NA,"lab.Unmapped","2026-10-02T17:06:46Z","sec-exchange",TRUE
"SUNS","Sunrise Realty Trust, Inc.","NASDAQ",NA,"lab.Unmapped","2026-10-02T17:06:46Z","sec-exchange",FALSE
"IAE","Voya Asia Pacific High Dividend Equity Income Fund","NYSE",NA,"lab.Unmapped","2026-10-02T17:06:46Z","sec-exchange",FALSE
"FNWB","First Northwest Bancorp","NASDAQ",NA,"lab.Unmapped","2026-10-02T17:06:46Z","sec-exchange",FALSE
"BZFD","BuzzFeed, Inc.","NASDAQ",NA,"lab.Unmapped","2026-10-02T17:06:46Z","sec-exchange",FALSE
"LCCC","Lakeshore Acquisition III Corp.","NASDAQ",NA,"lab.Unmapped","2026-10-02T17:06:46Z","sec-exchange",FALSE
"RGT","ROYCE GLOBAL TRUST, INC.","NYSE",NA,"lab.Unmapped","2026-10-02T17:06:46Z","sec-exchange",FALSE
"SLNG","Stabilis Solutions, Inc.","NASDAQ",NA,"lab.Unmapped","2026-10-02T17:06:46Z","sec-exchange",FALSE
"GCL","GCL Global Holdings Ltd","NASDAQ",NA,"lab.Unmapped","2026-10-02T17:06:46Z","sec-exchange",FALSE
"LINK","INTERLINK ELECTRONICS INC","NASDAQ",NA,"lab.Unmapped","2026-10-02T17:06:46Z","sec-exchange",FALSE
"GRWG","GrowGeneration Corp.","NASDAQ",NA,"lab.Unmapped","2026-10-02T17:06:46Z","sec-exchange",FALSE
"MNOV","MEDICINOVA INC","NASDAQ",NA,"lab.Unmapped","2026-10-02T17:06:46Z","sec-exchange",FALSE
"AUBN","AUBURN NATIONAL BANCORPORATION, INC","NASDAQ",NA,"lab.Unmapped","2026-10-02T17:06:46Z","sec-exchange",FALSE
"RLYB","Rallybio Corp","NASDAQ",NA,"lab.Unmapped","2026-10-02T17:06:46Z","sec-exchange",FALSE
"EMPD","Empery Digital Inc.","NASDAQ",NA,"lab.Unmapped","2026-10-02T17:06:46Z","sec-exchange",FALSE
"BMEA","Biomea Fusion, Inc.","NASDAQ",NA,"lab.Unmapped","2026-10-02T17:06:46Z","sec-exchange",FALSE
"BHM","Bluerock Homes Trust, Inc.","NYSE",NA,"lab.Unmapped","2026-10-02T17:06:46Z","sec-exchange",FALSE
"LPA","Logistic Properties of the Americas","NYSE",NA,"lab.Unmapped","2026-10-02T17:06:46Z","sec-exchange",FALSE
"HDRN","Hadron Energy, Inc.","NASDAQ",NA,"lab.Unmapped","2026-10-02T17:06:46Z","sec-exchange",FALSE
"FDSB","Fifth District Bancorp, Inc.","NASDAQ",NA,"lab.Unmapped","2026-10-02T17:06:46Z","sec-exchange",FALSE
"SPAI","Safe Pro Group Inc.","NASDAQ",NA,"lab.Unmapped","2026-10-02T17:06:46Z","sec-exchange",FALSE
"CRDF","Cardiff Oncology, Inc.","NASDAQ",NA,"lab.Unmapped","2026-10-02T17:06:46Z","sec-exchange",FALSE
"INSE","Inspired Entertainment, Inc.","NASDAQ",NA,"lab.Unmapped","2026-10-02T17:06:46Z","sec-exchange",FALSE
"CGTX","COGNITION THERAPEUTICS INC","NASDAQ",NA,"lab.Unmapped","2026-10-02T17:06:46Z","sec-exchange",FALSE
"FUSB","FIRST US BANCSHARES, INC.","NASDAQ",NA,"lab.Unmapped","2026-10-02T17:06:46Z","sec-exchange",FALSE
"ICCC","IMMUCELL CORP /DE/","NASDAQ",NA,"lab.Unmapped","2026-10-02T17:06:46Z","sec-exchange",TRUE
"MDIA","Mediaco Holding Inc.","NASDAQ",NA,"lab.Unmapped","2026-10-02T17:06:46Z","sec-exchange",FALSE
"HERE","Here Group Ltd","NASDAQ",NA,"lab.Unmapped","2026-10-02T17:06:46Z","sec-exchange",TRUE
"MMTX","Miluna Acquisition Corp","NASDAQ",NA,"lab.Unmapped","2026-10-02T17:06:46Z","sec-exchange",FALSE
"EP","EMPIRE PETROLEUM CORP","NYSE",NA,"lab.Unmapped","2026-10-02T17:06:46Z","sec-exchange",FALSE
"ORIQ","Origin Investment Corp I","NASDAQ",NA,"lab.Unmapped","2026-10-02T17:06:46Z","sec-exchange",FALSE
"LUD","Luda Technology Group Ltd","NYSE",NA,"lab.Unmapped","2026-10-02T17:06:46Z","sec-exchange",TRUE
"ACRV","Acrivon Therapeutics, Inc.","NASDAQ",NA,"lab.Unmapped","2026-10-02T17:06:46Z","sec-exchange",FALSE
"GDL","GDL FUND","NYSE",NA,"lab.Unmapped","2026-10-02T17:06:46Z","sec-exchange",FALSE
"CCLD","CareCloud, Inc.","NASDAQ",NA,"lab.Unmapped","2026-10-02T17:06:46Z","sec-exchange",FALSE
"SIEB","SIEBERT FINANCIAL CORP","NASDAQ",NA,"lab.Unmapped","2026-10-02T17:06:46Z","sec-exchange",FALSE
"DWSN","DAWSON GEOPHYSICAL CO","NASDAQ",NA,"lab.Unmapped","2026-10-02T17:06:46Z","sec-exchange",FALSE
"ATGL","Alpha Technology Group Ltd","NASDAQ",NA,"lab.Unmapped","2026-10-02T17:06:46Z","sec-exchange",TRUE
"JLS","Nuveen Mortgage & Income Fund/MA/","NYSE",NA,"lab.Unmapped","2026-10-02T17:06:46Z","sec-exchange",FALSE
"EVF","Eaton Vance Senior Income Trust","NYSE",NA,"lab.Unmapped","2026-10-02T17:06:46Z","sec-exchange",FALSE
"AUC","ATIF Holdings Ltd","NASDAQ",NA,"lab.Unmapped","2026-10-02T17:06:46Z","sec-exchange",FALSE
"ZVIA","Zevia PBC","NYSE",NA,"lab.Unmapped","2026-10-02T17:06:46Z","sec-exchange",FALSE
"HFFG","HF Foods Group Inc.","NASDAQ",NA,"lab.Unmapped","2026-10-02T17:06:46Z","sec-exchange",FALSE
"MMLP","MARTIN MIDSTREAM PARTNERS L.P.","NASDAQ",NA,"lab.Unmapped","2026-10-02T17:06:46Z","sec-exchange",FALSE
"JATT","JATT II Acquisition Corp.","NASDAQ",NA,"lab.Unmapped","2026-10-02T17:06:46Z","sec-exchange",FALSE
"ALIS","Calisa Acquisition Corp","NASDAQ",NA,"lab.Unmapped","2026-10-02T17:06:46Z","sec-exchange",FALSE
"DAVA","Endava plc","NYSE",NA,"lab.Unmapped","2026-10-02T17:06:46Z","sec-exchange",TRUE
"MCAH","Mountain Crest Acquisition 6 Corp.","NASDAQ",NA,"lab.Unmapped","2026-10-02T17:06:46Z","sec-exchange",FALSE
"SDHC","Smith Douglas Homes Corp.","NYSE",NA,"lab.Unmapped","2026-10-02T17:06:46Z","sec-exchange",FALSE
"TSQ","Townsquare Media, Inc.","NYSE",NA,"lab.Unmapped","2026-10-02T17:06:46Z","sec-exchange",FALSE
"VENU","Venu Holding Corp","NYSE",NA,"lab.Unmapped","2026-10-02T17:06:46Z","sec-exchange",FALSE
"LSE","Leishen Energy Holding Co., Ltd.","NASDAQ",NA,"lab.Unmapped","2026-10-02T17:06:46Z","sec-exchange",FALSE
"PFX","PhenixFIN Corp","NASDAQ",NA,"lab.Unmapped","2026-10-02T17:06:46Z","sec-exchange",FALSE
"RFIL","R F INDUSTRIES LTD","NASDAQ",NA,"lab.Unmapped","2026-10-02T17:06:46Z","sec-exchange",FALSE
"MHH","Mastech Digital, Inc.","NYSE",NA,"lab.Unmapped","2026-10-02T17:06:46Z","sec-exchange",FALSE
"HYPR","Hyperfine, Inc.","NASDAQ",NA,"lab.Unmapped","2026-10-02T17:06:46Z","sec-exchange",FALSE
"FTLF","FITLIFE BRANDS, INC.","NASDAQ",NA,"lab.Unmapped","2026-10-02T17:06:46Z","sec-exchange",FALSE
"LGL","LGL GROUP INC","NYSE",NA,"lab.Unmapped","2026-10-02T17:06:46Z","sec-exchange",FALSE
"GOW","GOWell Energy Technology","NASDAQ",NA,"lab.Unmapped","2026-10-02T17:06:46Z","sec-exchange",FALSE
"JLHL","Julong Holding Ltd","NASDAQ",NA,"lab.Unmapped","2026-10-02T17:06:46Z","sec-exchange",FALSE
"MGLD","Marygold Companies, Inc.","NYSE",NA,"lab.Unmapped","2026-10-02T17:06:46Z","sec-exchange",FALSE
"ONCY","ONCOLYTICS BIOTECH INC","NASDAQ",NA,"lab.Unmapped","2026-10-02T17:06:46Z","sec-exchange",FALSE
"RMI","RiverNorth Opportunistic Municipal Income Fund, Inc.","NYSE",NA,"lab.Unmapped","2026-10-02T17:06:46Z","sec-exchange",FALSE
"JXG","JX Luxventure Group Inc.","NASDAQ",NA,"lab.Unmapped","2026-10-02T17:06:46Z","sec-exchange",FALSE
"TRBG","Turbogen Ltd.","NASDAQ",NA,"lab.Unmapped","2026-10-02T17:06:46Z","sec-exchange",FALSE
"UBCP","UNITED BANCORP INC /OH/","NASDAQ",NA,"lab.Unmapped","2026-10-02T17:06:46Z","sec-exchange",FALSE
"PECE","Peace Acquisition Corp.","NASDAQ",NA,"lab.Unmapped","2026-10-02T17:06:46Z","sec-exchange",FALSE
"LNSR","LENSAR, Inc.","NASDAQ",NA,"lab.Unmapped","2026-10-02T17:06:46Z","sec-exchange",FALSE
"UYSC","UY Scuti Acquisition Corp.","NASDAQ",NA,"lab.Unmapped","2026-10-02T17:06:46Z","sec-exchange",FALSE
"ETS","Elite Express Holding Inc.","NASDAQ",NA,"lab.Unmapped","2026-10-02T17:06:46Z","sec-exchange",FALSE
"AEYE","AUDIOEYE INC","NASDAQ",NA,"lab.Unmapped","2026-10-02T17:06:46Z","sec-exchange",FALSE
"LUNG","Pulmonx Corp","NASDAQ",NA,"lab.Unmapped","2026-10-02T17:06:46Z","sec-exchange",FALSE
"BCIC","BCP Investment Corp","NASDAQ",NA,"lab.Unmapped","2026-10-02T17:06:46Z","sec-exchange",FALSE
"GCV","GABELLI CONVERTIBLE & INCOME SECURITIES FUND INC","NYSE",NA,"lab.Unmapped","2026-10-02T17:06:46Z","sec-exchange",FALSE
"GRML","Greenland Mines Ltd","NASDAQ",NA,"lab.Unmapped","2026-10-02T17:06:46Z","sec-exchange",FALSE
"MBOT","Microbot Medical Inc.","NASDAQ",NA,"lab.Unmapped","2026-10-02T17:06:46Z","sec-exchange",FALSE
"BSAA","BEST SPAC I Acquisition Corp.","NASDAQ",NA,"lab.Unmapped","2026-10-02T17:06:46Z","sec-exchange",FALSE
"RPT","Rithm Property Trust Inc.","NYSE",NA,"lab.Unmapped","2026-10-02T17:06:46Z","sec-exchange",FALSE
"WRAP","WRAP TECHNOLOGIES, INC.","NASDAQ",NA,"lab.Unmapped","2026-10-02T17:06:46Z","sec-exchange",FALSE
"SKIN","SkinHealth Systems Inc.","NASDAQ",NA,"lab.Unmapped","2026-10-02T17:06:46Z","sec-exchange",FALSE
"APAC","StoneBridge Acquisition II Corp","NASDAQ",NA,"lab.Unmapped","2026-10-02T17:06:46Z","sec-exchange",FALSE
"PTHS","Pelthos Therapeutics Inc.","NYSE",NA,"lab.Unmapped","2026-10-02T17:06:46Z","sec-exchange",FALSE
"NIPG","NIP Group Inc.","NASDAQ",NA,"lab.Unmapped","2026-10-02T17:06:46Z","sec-exchange",FALSE
"ATRA","Atara Biotherapeutics, Inc.","NASDAQ",NA,"lab.Unmapped","2026-10-02T17:06:46Z","sec-exchange",FALSE
"SAMG","Silvercrest Asset Management Group Inc.","NASDAQ",NA,"lab.Unmapped","2026-10-02T17:06:46Z","sec-exchange",FALSE
"CMCM","Cheetah Mobile Inc.","NYSE",NA,"lab.Unmapped","2026-10-02T17:06:46Z","sec-exchange",FALSE
"MNTS","Momentus Inc.","NASDAQ",NA,"lab.Unmapped","2026-10-02T17:06:46Z","sec-exchange",FALSE
"KNDI","Kandi Technologies Group, Inc.","NASDAQ",NA,"lab.Unmapped","2026-10-02T17:06:46Z","sec-exchange",FALSE
"CPHC","Canterbury Park Holding Corp","NASDAQ",NA,"lab.Unmapped","2026-10-02T17:06:46Z","sec-exchange",FALSE
"ARQ","Arq, Inc.","NASDAQ",NA,"lab.Unmapped","2026-10-02T17:06:46Z","sec-exchange",FALSE
"BTCS","BTCS Inc.","NASDAQ",NA,"lab.Unmapped","2026-10-02T17:06:46Z","sec-exchange",FALSE
"DTI","Drilling Tools International Corp","NASDAQ",NA,"lab.Unmapped","2026-10-02T17:06:46Z","sec-exchange",FALSE
"SKYA","SkyAI, Inc.","NASDAQ",NA,"lab.Unmapped","2026-10-02T17:06:46Z","sec-exchange",FALSE
"SERA","SERA PROGNOSTICS, INC.","NASDAQ",NA,"lab.Unmapped","2026-10-02T17:06:46Z","sec-exchange",FALSE
"ALDX","Aldeyra Therapeutics, Inc.","NASDAQ",NA,"lab.Unmapped","2026-10-02T17:06:46Z","sec-exchange",FALSE
"FSEA","First Seacoast Bancorp, Inc.","NASDAQ",NA,"lab.Unmapped","2026-10-02T17:06:46Z","sec-exchange",FALSE
"SWVL","Swvl Holdings Corp","NASDAQ",NA,"lab.Unmapped","2026-10-02T17:06:46Z","sec-exchange",FALSE
"TELO","Telomir Pharmaceuticals, Inc.","NASDAQ",NA,"lab.Unmapped","2026-10-02T17:06:46Z","sec-exchange",FALSE
"BLNK","Blink Charging Co.","NASDAQ",NA,"lab.Unmapped","2026-10-02T17:06:46Z","sec-exchange",FALSE
"NDLS","NOODLES & Co","NASDAQ",NA,"lab.Unmapped","2026-10-02T17:06:46Z","sec-exchange",FALSE
"WSTN","Westin Acquisition Corp","NASDAQ",NA,"lab.Unmapped","2026-10-02T17:06:46Z","sec-exchange",FALSE
"GIBO","GIBO HOLDINGS Ltd","NASDAQ",NA,"lab.Unmapped","2026-10-02T17:06:46Z","sec-exchange",FALSE
"SEV","Aptera Motors Corp","NASDAQ",NA,"lab.Unmapped","2026-10-02T17:06:46Z","sec-exchange",FALSE
"AFCG","Advanced Flower Capital Inc.","NASDAQ",NA,"lab.Unmapped","2026-10-02T17:06:46Z","sec-exchange",FALSE
"MAYS","MAYS J W INC","NASDAQ",NA,"lab.Unmapped","2026-10-02T17:06:46Z","sec-exchange",FALSE
"LFVN","Lifevantage Corp","NASDAQ",NA,"lab.Unmapped","2026-10-02T17:06:46Z","sec-exchange",FALSE
"ASRV","AMERISERV FINANCIAL INC /PA/","NASDAQ",NA,"lab.Unmapped","2026-10-02T17:06:46Z","sec-exchange",FALSE
"SSEA","STARRY SEA ACQUISITION CORP","NASDAQ",NA,"lab.Unmapped","2026-10-02T17:06:46Z","sec-exchange",FALSE
"HNNA","HENNESSY ADVISORS INC","NASDAQ",NA,"lab.Unmapped","2026-10-02T17:06:46Z","sec-exchange",FALSE
"YDDL","One & one Green Technologies. INC","NASDAQ",NA,"lab.Unmapped","2026-10-02T17:06:46Z","sec-exchange",FALSE
"DTF","DTF TAX-FREE INCOME 2028 TERM FUND INC","NYSE",NA,"lab.Unmapped","2026-10-02T17:06:46Z","sec-exchange",FALSE
"BYRN","Byrna Technologies Inc.","NASDAQ",NA,"lab.Unmapped","2026-10-02T17:06:46Z","sec-exchange",FALSE
"CSPI","CSP INC /MA/","NASDAQ",NA,"lab.Unmapped","2026-10-02T17:06:46Z","sec-exchange",FALSE
"GUTS","FRACTYL HEALTH, INC.","NASDAQ",NA,"lab.Unmapped","2026-10-02T17:06:46Z","sec-exchange",FALSE
"INCR","Intercure Ltd.","NASDAQ",NA,"lab.Unmapped","2026-10-02T17:06:46Z","sec-exchange",FALSE
"AZI","Autozi Internet Technology (Global) Ltd.","NASDAQ",NA,"lab.Unmapped","2026-10-02T17:06:46Z","sec-exchange",FALSE
"SRL","Scully Royalty Ltd.","NYSE",NA,"lab.Unmapped","2026-10-02T17:06:46Z","sec-exchange",FALSE
"ROC","Rank One Computing Corp","NASDAQ",NA,"lab.Unmapped","2026-10-02T17:06:46Z","sec-exchange",FALSE
"SMJF","SMJ International Holdings Inc.","NYSE",NA,"lab.Unmapped","2026-10-02T17:06:46Z","sec-exchange",FALSE
"WTG","Wintergreen Acquisition Corp.","NASDAQ",NA,"lab.Unmapped","2026-10-02T17:06:46Z","sec-exchange",FALSE
"RFM","RiverNorth Flexible Municipal Income Fund, Inc.","NYSE",NA,"lab.Unmapped","2026-10-02T17:06:46Z","sec-exchange",FALSE
"KBSX","FST Corp.","NASDAQ",NA,"lab.Unmapped","2026-10-02T17:06:46Z","sec-exchange",FALSE
"LNZA","LanzaTech Global, Inc.","NASDAQ",NA,"lab.Unmapped","2026-10-02T17:06:46Z","sec-exchange",FALSE
"CPBI","Central Plains Bancshares, Inc.","NASDAQ",NA,"lab.Unmapped","2026-10-02T17:06:46Z","sec-exchange",FALSE
"SOTK","SONO TEK CORP","NASDAQ",NA,"lab.Unmapped","2026-10-02T17:06:46Z","sec-exchange",FALSE
"CHGG","CHEGG, INC","NYSE",NA,"lab.Unmapped","2026-10-02T17:06:46Z","sec-exchange",FALSE
"AMCI","AMC Robotics Corp","NASDAQ",NA,"lab.Unmapped","2026-10-02T17:06:46Z","sec-exchange",FALSE
"AIRT","AIR T INC","NASDAQ",NA,"lab.Unmapped","2026-10-02T17:06:46Z","sec-exchange",FALSE
"TDTH","Trident Digital Tech Holdings Ltd","NASDAQ",NA,"lab.Unmapped","2026-10-02T17:06:46Z","sec-exchange",FALSE
"FMN","Federated Hermes Premier Municipal Income Fund","NYSE",NA,"lab.Unmapped","2026-10-02T17:06:46Z","sec-exchange",FALSE
"SLQT","SelectQuote, Inc.","NYSE",NA,"lab.Unmapped","2026-10-02T17:06:46Z","sec-exchange",FALSE
"ARBE","Arbe Robotics Ltd.","NASDAQ",NA,"lab.Unmapped","2026-10-02T17:06:46Z","sec-exchange",FALSE
"VRCA","Verrica Pharmaceuticals Inc.","NASDAQ",NA,"lab.Unmapped","2026-10-02T17:06:46Z","sec-exchange",FALSE
"ISPR","Ispire Technology Inc.","NASDAQ",NA,"lab.Unmapped","2026-10-02T17:06:46Z","sec-exchange",FALSE
"PMVP","PMV Pharmaceuticals, Inc.","NASDAQ",NA,"lab.Unmapped","2026-10-02T17:06:46Z","sec-exchange",FALSE
"NBRG","Newbridge Acquisition Ltd","NASDAQ",NA,"lab.Unmapped","2026-10-02T17:06:46Z","sec-exchange",FALSE
"FATN","Fatpipe Inc/UT","NASDAQ",NA,"lab.Unmapped","2026-10-02T17:06:46Z","sec-exchange",FALSE
"VGI","Virtus Global Multi-Sector Income Fund","NYSE",NA,"lab.Unmapped","2026-10-02T17:06:46Z","sec-exchange",FALSE
"HFBL","Home Federal Bancorp, Inc. of Louisiana","NASDAQ",NA,"lab.Unmapped","2026-10-02T17:06:46Z","sec-exchange",FALSE
"CITR","CitroTech Inc.","NYSE",NA,"lab.Unmapped","2026-10-02T17:06:46Z","sec-exchange",FALSE
"OSTX","OS Therapies Inc","NYSE",NA,"lab.Unmapped","2026-10-02T17:06:46Z","sec-exchange",FALSE
"GLBS","GLOBUS MARITIME LTD","NASDAQ",NA,"lab.Unmapped","2026-10-02T17:06:46Z","sec-exchange",FALSE
"BPAC","Blueport Acquisition Ltd","NASDAQ",NA,"lab.Unmapped","2026-10-02T17:06:46Z","sec-exchange",FALSE
"IBIO","iBio, Inc.","NASDAQ",NA,"lab.Unmapped","2026-10-02T17:06:46Z","sec-exchange",FALSE
"SWZ","Total Return Securities Fund","NYSE",NA,"lab.Unmapped","2026-10-02T17:06:46Z","sec-exchange",FALSE
"BARK","Bark, Inc.","NYSE",NA,"lab.Unmapped","2026-10-02T17:06:46Z","sec-exchange",FALSE
"NSTS","NSTS Bancorp, Inc.","NASDAQ",NA,"lab.Unmapped","2026-10-02T17:06:46Z","sec-exchange",FALSE
"NTIC","NORTHERN TECHNOLOGIES INTERNATIONAL CORP","NASDAQ",NA,"lab.Unmapped","2026-10-02T17:06:46Z","sec-exchange",FALSE
"NRT","NORTH EUROPEAN OIL ROYALTY TRUST","NYSE",NA,"lab.Unmapped","2026-10-02T17:06:46Z","sec-exchange",FALSE
"IOR","INCOME OPPORTUNITY REALTY INVESTORS INC /TX/","NYSE",NA,"lab.Unmapped","2026-10-02T17:06:46Z","sec-exchange",FALSE
"WYY","WIDEPOINT CORP","NYSE",NA,"lab.Unmapped","2026-10-02T17:06:46Z","sec-exchange",FALSE
"FSI","FLEXIBLE SOLUTIONS INTERNATIONAL INC","NYSE",NA,"lab.Unmapped","2026-10-02T17:06:46Z","sec-exchange",FALSE
"ATLX","Atlas Lithium Corp","NASDAQ",NA,"lab.Unmapped","2026-10-02T17:06:46Z","sec-exchange",FALSE
"JRSH","Jerash Holdings (US), Inc.","NASDAQ",NA,"lab.Unmapped","2026-10-02T17:06:46Z","sec-exchange",FALSE
"AVAT","Avalanche Treasury Corp","NASDAQ",NA,"lab.Unmapped","2026-10-02T17:06:46Z","sec-exchange",FALSE
"GANX","Gain Therapeutics, Inc.","NASDAQ",NA,"lab.Unmapped","2026-10-02T17:06:46Z","sec-exchange",FALSE
"BSIN","BIG SKY INDUSTRIAL INC.","NASDAQ",NA,"lab.Unmapped","2026-10-02T17:06:46Z","sec-exchange",FALSE
"FVN","Future Vision II Acquisition Corp.","NASDAQ",NA,"lab.Unmapped","2026-10-02T17:06:46Z","sec-exchange",FALSE
"JFIN","Jiayin Group Inc.","NASDAQ",NA,"lab.Unmapped","2026-10-02T17:06:46Z","sec-exchange",FALSE
"OPXS","Optex Systems Holdings Inc","NASDAQ",NA,"lab.Unmapped","2026-10-02T17:06:46Z","sec-exchange",FALSE
"USIO","Usio, Inc.","NASDAQ",NA,"lab.Unmapped","2026-10-02T17:06:46Z","sec-exchange",FALSE
"GECC","Great Elm Capital Corp.","NASDAQ",NA,"lab.Unmapped","2026-10-02T17:06:46Z","sec-exchange",FALSE
"FBIO","Fortress Biotech, Inc.","NASDAQ",NA,"lab.Unmapped","2026-10-02T17:06:46Z","sec-exchange",FALSE
"MAIA","MAIA Biotechnology, Inc.","NYSE",NA,"lab.Unmapped","2026-10-02T17:06:46Z","sec-exchange",FALSE
"RANG","Range Capital Acquisition Corp.","NASDAQ",NA,"lab.Unmapped","2026-10-02T17:06:46Z","sec-exchange",FALSE
"CRT","CROSS TIMBERS ROYALTY TRUST","NYSE",NA,"lab.Unmapped","2026-10-02T17:06:46Z","sec-exchange",FALSE
"WATT","Energous Corp","NASDAQ",NA,"lab.Unmapped","2026-10-02T17:06:46Z","sec-exchange",FALSE
"RSSS","Research Solutions, Inc.","NASDAQ",NA,"lab.Unmapped","2026-10-02T17:06:46Z","sec-exchange",FALSE
"GOAI","Eva Live Inc","NASDAQ",NA,"lab.Unmapped","2026-10-02T17:06:46Z","sec-exchange",FALSE
"CLST","Catalyst Bancorp, Inc.","NASDAQ",NA,"lab.Unmapped","2026-10-02T17:06:46Z","sec-exchange",FALSE
"GLV","Clough Global Dividend & Income Fund","NYSE",NA,"lab.Unmapped","2026-10-02T17:06:46Z","sec-exchange",FALSE
"EEA","EUROPEAN EQUITY FUND, INC / MD","NYSE",NA,"lab.Unmapped","2026-10-02T17:06:46Z","sec-exchange",FALSE
"WSHP","WeShop Holdings Ltd","NASDAQ",NA,"lab.Unmapped","2026-10-02T17:06:46Z","sec-exchange",FALSE
"WKEY","Wisekey International Holding S.A.","NASDAQ",NA,"lab.Unmapped","2026-10-02T17:06:46Z","sec-exchange",TRUE
"CPSH","CPS TECHNOLOGIES CORP/DE/","NASDAQ",NA,"lab.Unmapped","2026-10-02T17:06:46Z","sec-exchange",TRUE
"PSIG","PS International Group Ltd.","NASDAQ",NA,"lab.Unmapped","2026-10-02T17:06:46Z","sec-exchange",TRUE
"CING","Cingulate Inc.","NASDAQ",NA,"lab.Unmapped","2026-10-02T17:06:46Z","sec-exchange",FALSE
"SCOR","COMSCORE, INC.","NASDAQ",NA,"lab.Unmapped","2026-10-02T17:06:46Z","sec-exchange",FALSE
"GOSS","Gossamer Bio, Inc.","NASDAQ",NA,"lab.Unmapped","2026-10-02T17:06:46Z","sec-exchange",FALSE
"RGS","REGIS CORP","NASDAQ",NA,"lab.Unmapped","2026-10-02T17:06:46Z","sec-exchange",FALSE
"OKYO","OKYO Pharma Ltd","NASDAQ",NA,"lab.Unmapped","2026-10-02T17:06:46Z","sec-exchange",FALSE
"TENX","TENAX THERAPEUTICS, INC.","NASDAQ",NA,"lab.Unmapped","2026-10-02T17:06:46Z","sec-exchange",FALSE
"CEV","Eaton Vance California Municipal Income Trust","NYSE",NA,"lab.Unmapped","2026-10-02T17:06:46Z","sec-exchange",FALSE
"THRY","Thryv Holdings, Inc.","NASDAQ",NA,"lab.Unmapped","2026-10-02T17:06:46Z","sec-exchange",FALSE
"COE","51Talk Online Education Group","NYSE",NA,"lab.Unmapped","2026-10-02T17:06:46Z","sec-exchange",FALSE
"APLM","Apollomics Inc.","NASDAQ",NA,"lab.Unmapped","2026-10-02T17:06:46Z","sec-exchange",FALSE
"RNXT","RenovoRx, Inc.","NASDAQ",NA,"lab.Unmapped","2026-10-02T17:06:46Z","sec-exchange",FALSE
"SPRO","Spero Therapeutics, Inc.","NASDAQ",NA,"lab.Unmapped","2026-10-02T17:06:46Z","sec-exchange",FALSE
"BSEM","BioStem Technologies, Inc.","NASDAQ",NA,"lab.Unmapped","2026-10-02T17:06:46Z","sec-exchange",FALSE
"AEC","ANFIELD ENERGY INC.","NASDAQ",NA,"lab.Unmapped","2026-10-02T17:06:46Z","sec-exchange",FALSE
"HOUR","Hour Loop, Inc","NASDAQ",NA,"lab.Unmapped","2026-10-02T17:06:46Z","sec-exchange",FALSE
"CSBR","CHAMPIONS ONCOLOGY, INC.","NASDAQ",NA,"lab.Unmapped","2026-10-02T17:06:46Z","sec-exchange",FALSE
"NEXM","NexMetals Mining Corp.","NASDAQ",NA,"lab.Unmapped","2026-10-02T17:06:46Z","sec-exchange",FALSE
"CVRX","CVRx, Inc.","NASDAQ",NA,"lab.Unmapped","2026-10-02T17:06:46Z","sec-exchange",FALSE
"CYCU","Cycurion, Inc.","NASDAQ",NA,"lab.Unmapped","2026-10-02T17:06:46Z","sec-exchange",FALSE
"BZAI","Blaize Holdings, Inc.","NASDAQ",NA,"lab.Unmapped","2026-10-02T17:06:46Z","sec-exchange",FALSE
"STKE","SOL Strategies Inc.","NASDAQ",NA,"lab.Unmapped","2026-10-02T17:06:46Z","sec-exchange",FALSE
"KLRS","Kalaris Therapeutics, Inc.","NASDAQ",NA,"lab.Unmapped","2026-10-02T17:06:46Z","sec-exchange",FALSE
"MB","MASTERBEEF GROUP","NASDAQ",NA,"lab.Unmapped","2026-10-02T17:06:46Z","sec-exchange",FALSE
"TRT","TRIO-TECH INTERNATIONAL","NASDAQ",NA,"lab.Unmapped","2026-10-02T17:06:46Z","sec-exchange",FALSE
"DTCX","Datacentrex, Inc.","NASDAQ",NA,"lab.Unmapped","2026-10-02T17:06:46Z","sec-exchange",FALSE
"ASPS","ALTISOURCE PORTFOLIO SOLUTIONS S.A.","NASDAQ",NA,"lab.Unmapped","2026-10-02T17:06:46Z","sec-exchange",TRUE
"UEIC","UNIVERSAL ELECTRONICS INC","NASDAQ",NA,"lab.Unmapped","2026-10-02T17:06:46Z","sec-exchange",FALSE
"INTG","INTERGROUP CORP","NASDAQ",NA,"lab.Unmapped","2026-10-02T17:06:46Z","sec-exchange",FALSE
"GDHG","GOLDEN HEAVEN GROUP HOLDINGS LTD.","NASDAQ",NA,"lab.Unmapped","2026-10-02T17:06:46Z","sec-exchange",FALSE
"DMA","Destra Multi-Alternative Fund","NYSE",NA,"lab.Unmapped","2026-10-02T17:06:46Z","sec-exchange",FALSE
"AIFC","AI Financial Corp","NASDAQ",NA,"lab.Unmapped","2026-10-02T17:06:46Z","sec-exchange",FALSE
"CVU","CPI AEROSTRUCTURES INC","NYSE",NA,"lab.Unmapped","2026-10-02T17:06:46Z","sec-exchange",FALSE
"RNTX","Rein Therapeutics, Inc.","NASDAQ",NA,"lab.Unmapped","2026-10-02T17:06:46Z","sec-exchange",FALSE
"PLRX","PLIANT THERAPEUTICS, INC.","NASDAQ",NA,"lab.Unmapped","2026-10-02T17:06:46Z","sec-exchange",FALSE
"WBX","Wallbox N.V.","NYSE",NA,"lab.Unmapped","2026-10-02T17:06:46Z","sec-exchange",TRUE
"AMTD","AMTD IDEA GROUP","NYSE",NA,"lab.Unmapped","2026-10-02T17:06:46Z","sec-exchange",FALSE
"DXR","DAXOR CORP","NASDAQ",NA,"lab.Unmapped","2026-10-02T17:06:46Z","sec-exchange",FALSE
"OCCI","OFS Credit Company, Inc.","NASDAQ",NA,"lab.Unmapped","2026-10-02T17:06:46Z","sec-exchange",FALSE
"NTWK","NETSOL TECHNOLOGIES INC","NASDAQ",NA,"lab.Unmapped","2026-10-02T17:06:46Z","sec-exchange",FALSE
"WWR","WESTWATER RESOURCES, INC.","NYSE",NA,"lab.Unmapped","2026-10-02T17:06:46Z","sec-exchange",FALSE
"NVX","NOVONIX Ltd","NASDAQ",NA,"lab.Unmapped","2026-10-02T17:06:46Z","sec-exchange",FALSE
"AIRG","AIRGAIN INC","NASDAQ",NA,"lab.Unmapped","2026-10-02T17:06:46Z","sec-exchange",FALSE
"GNSS","Genasys Inc.","NASDAQ",NA,"lab.Unmapped","2026-10-02T17:06:46Z","sec-exchange",FALSE
"PXS","Pyxis Tankers Inc.","NASDAQ",NA,"lab.Unmapped","2026-10-02T17:06:46Z","sec-exchange",FALSE
"XBIT","XBiotech Inc.","NASDAQ",NA,"lab.Unmapped","2026-10-02T17:06:46Z","sec-exchange",FALSE
"PAAI","Paradium.AI, Inc.","NYSE",NA,"lab.Unmapped","2026-10-02T17:06:46Z","sec-exchange",FALSE
"YIBO","Planet Image International Ltd","NASDAQ",NA,"lab.Unmapped","2026-10-02T17:06:46Z","sec-exchange",FALSE
"PRTS","CarParts.com, Inc.","NASDAQ",NA,"lab.Unmapped","2026-10-02T17:06:46Z","sec-exchange",FALSE
"ALPS","Alps Group Inc","NASDAQ",NA,"lab.Unmapped","2026-10-02T17:06:46Z","sec-exchange",FALSE
"BOF","BranchOut Food Inc.","NASDAQ",NA,"lab.Unmapped","2026-10-02T17:06:46Z","sec-exchange",FALSE
"IPWR","Ideal Power Inc.","NASDAQ",NA,"lab.Unmapped","2026-10-02T17:06:46Z","sec-exchange",FALSE
"DRIO","DarioHealth Corp.","NASDAQ",NA,"lab.Unmapped","2026-10-02T17:06:46Z","sec-exchange",FALSE
"ATHE","ALTERITY THERAPEUTICS LTD","NASDAQ",NA,"lab.Unmapped","2026-10-02T17:06:46Z","sec-exchange",FALSE
"CABO","Cable One, Inc.","NYSE",NA,"lab.Unmapped","2026-10-02T17:06:46Z","sec-exchange",FALSE
"GGR","Gogoro Inc.","NASDAQ",NA,"lab.Unmapped","2026-10-02T17:06:46Z","sec-exchange",FALSE
"FRMM","FORUM MARKETS Inc","NASDAQ",NA,"lab.Unmapped","2026-10-02T17:06:46Z","sec-exchange",FALSE
"GEG","Great Elm Group, Inc.","NASDAQ",NA,"lab.Unmapped","2026-10-02T17:06:46Z","sec-exchange",FALSE
"HYFT","MindWalk Holdings Corp.","NASDAQ",NA,"lab.Unmapped","2026-10-02T17:06:46Z","sec-exchange",FALSE
"INKT","MiNK Therapeutics, Inc.","NASDAQ",NA,"lab.Unmapped","2026-10-02T17:06:46Z","sec-exchange",FALSE
"ZONE","Zone Frontier Inc.","NYSE",NA,"lab.Unmapped","2026-10-02T17:06:46Z","sec-exchange",FALSE
"AIFU","AIFU Inc.","NASDAQ",NA,"lab.Unmapped","2026-10-02T17:06:46Z","sec-exchange",FALSE
"ACET","Adicet Bio, Inc.","NASDAQ",NA,"lab.Unmapped","2026-10-02T17:06:46Z","sec-exchange",FALSE
"AISP","Airship AI Holdings, Inc.","NASDAQ",NA,"lab.Unmapped","2026-10-02T17:06:46Z","sec-exchange",FALSE
"PCLA","PicoCELA Inc.","NASDAQ",NA,"lab.Unmapped","2026-10-02T17:06:46Z","sec-exchange",FALSE
"TYGO","TIGO ENERGY, INC.","NASDAQ",NA,"lab.Unmapped","2026-10-02T17:06:46Z","sec-exchange",FALSE
"CNTB","Connect Biopharma Holdings Ltd","NASDAQ",NA,"lab.Unmapped","2026-10-02T17:06:46Z","sec-exchange",FALSE
"WNW","Meiwu Technology Co Ltd","NASDAQ",NA,"lab.Unmapped","2026-10-02T17:06:46Z","sec-exchange",FALSE
"SPWR","SunPower Inc.","NASDAQ",NA,"lab.Unmapped","2026-10-02T17:06:46Z","sec-exchange",FALSE
"GEOS","GEOSPACE TECHNOLOGIES CORP","NASDAQ",NA,"lab.Unmapped","2026-10-02T17:06:46Z","sec-exchange",FALSE
"YTRA","Yatra Online, Inc.","NASDAQ",NA,"lab.Unmapped","2026-10-02T17:06:46Z","sec-exchange",FALSE
"INSG","INSEEGO CORP.","NASDAQ",NA,"lab.Unmapped","2026-10-02T17:06:46Z","sec-exchange",FALSE
"PODC","PodcastOne, Inc.","NASDAQ",NA,"lab.Unmapped","2026-10-02T17:06:46Z","sec-exchange",FALSE
"PEW","GrabAGun Digital Holdings Inc.","NYSE",NA,"lab.Unmapped","2026-10-02T17:06:46Z","sec-exchange",FALSE
"SGLD","Scorpio Gold Corp","NASDAQ",NA,"lab.Unmapped","2026-10-02T17:06:46Z","sec-exchange",FALSE
"ZOOZ","ZOOZ Strategy Ltd.","NASDAQ",NA,"lab.Unmapped","2026-10-02T17:06:46Z","sec-exchange",FALSE
"MYO","MYOMO, INC.","NYSE",NA,"lab.Unmapped","2026-10-02T17:06:46Z","sec-exchange",FALSE
"TTEC","TTEC Holdings, Inc.","NASDAQ",NA,"lab.Unmapped","2026-10-02T17:06:46Z","sec-exchange",FALSE
"BATL","BATTALION OIL CORP","NYSE",NA,"lab.Unmapped","2026-10-02T17:06:46Z","sec-exchange",FALSE
"NMS","Nuveen Minnesota Quality Municipal Income Fund","NYSE",NA,"lab.Unmapped","2026-10-02T17:06:46Z","sec-exchange",FALSE
"PCM","PCM FUND, INC.","NYSE",NA,"lab.Unmapped","2026-10-02T17:06:46Z","sec-exchange",FALSE
"PDCC","Pearl Diver Credit Co Inc.","NYSE",NA,"lab.Unmapped","2026-10-02T17:06:46Z","sec-exchange",FALSE
"HYPD","HYPERION DEFI, INC.","NASDAQ",NA,"lab.Unmapped","2026-10-02T17:06:46Z","sec-exchange",FALSE
"TLPH","TALPHERA, INC.","NASDAQ",NA,"lab.Unmapped","2026-10-02T17:06:46Z","sec-exchange",FALSE
"KXIN","Kaixin Holdings","NASDAQ",NA,"lab.Unmapped","2026-10-02T17:06:46Z","sec-exchange",FALSE
"ZYBT","Zhengye Biotechnology Holding Ltd","NASDAQ",NA,"lab.Unmapped","2026-10-02T17:06:46Z","sec-exchange",FALSE
"SLSN","SOLESENCE, INC.","NASDAQ",NA,"lab.Unmapped","2026-10-02T17:06:46Z","sec-exchange",FALSE
"NPT","Texxon Holding Ltd","NASDAQ",NA,"lab.Unmapped","2026-10-02T17:06:46Z","sec-exchange",FALSE
"UAVS","AgEagle Aerial Systems Inc.","NYSE",NA,"lab.Unmapped","2026-10-02T17:06:46Z","sec-exchange",FALSE
"QXL","QUANTUM X LABS INC.","NASDAQ",NA,"lab.Unmapped","2026-10-02T17:06:46Z","sec-exchange",FALSE
"CLNN","Clene Inc.","NASDAQ",NA,"lab.Unmapped","2026-10-02T17:06:46Z","sec-exchange",FALSE
"PGZ","Principal Real Estate Income Fund","NYSE",NA,"lab.Unmapped","2026-10-02T17:06:46Z","sec-exchange",FALSE
"CAPN","Cayson Acquisition Corp","NASDAQ",NA,"lab.Unmapped","2026-10-02T17:06:46Z","sec-exchange",FALSE
"PVL","Permianville Royalty Trust","NYSE",NA,"lab.Unmapped","2026-10-02T17:06:46Z","sec-exchange",FALSE
"DOMH","Dominari Holdings Inc.","NASDAQ",NA,"lab.Unmapped","2026-10-02T17:06:46Z","sec-exchange",FALSE
"MBAI","MBody AI Ltd.","NASDAQ",NA,"lab.Unmapped","2026-10-02T17:06:46Z","sec-exchange",FALSE
"ROLR","High Roller Technologies, Inc.","NYSE",NA,"lab.Unmapped","2026-10-02T17:06:46Z","sec-exchange",FALSE
"HRTX","HERON THERAPEUTICS, INC. /DE/","NASDAQ",NA,"lab.Unmapped","2026-10-02T17:06:46Z","sec-exchange",TRUE
"NMAD","NOMAD POWER SOLUTIONS, INC.","NASDAQ",NA,"lab.Unmapped","2026-10-02T17:06:46Z","sec-exchange",FALSE
"XLO","Xilio Therapeutics, Inc.","NASDAQ",NA,"lab.Unmapped","2026-10-02T17:06:46Z","sec-exchange",FALSE
"JZXN","Jiuzi Holdings, Inc.","NASDAQ",NA,"lab.Unmapped","2026-10-02T17:06:46Z","sec-exchange",FALSE
"MREO","Mereo BioPharma Group plc","NASDAQ",NA,"lab.Unmapped","2026-10-02T17:06:46Z","sec-exchange",TRUE
"BOLD","Boundless Bio, Inc.","NASDAQ",NA,"lab.Unmapped","2026-10-02T17:06:46Z","sec-exchange",FALSE
"CTM","Castellum, Inc.","NYSE",NA,"lab.Unmapped","2026-10-02T17:06:46Z","sec-exchange",FALSE
"BIYA","Baiya International Group Inc.","NASDAQ",NA,"lab.Unmapped","2026-10-02T17:06:46Z","sec-exchange",FALSE
"MOB","Mobilicom Ltd","NASDAQ",NA,"lab.Unmapped","2026-10-02T17:06:46Z","sec-exchange",FALSE
"IH","iHuman Inc.","NYSE",NA,"lab.Unmapped","2026-10-02T17:06:46Z","sec-exchange",FALSE
"MCHX","MARCHEX INC","NASDAQ",NA,"lab.Unmapped","2026-10-02T17:06:46Z","sec-exchange",FALSE
"LITB","LightInTheBox Holding Co., Ltd.","NYSE",NA,"lab.Unmapped","2026-10-02T17:06:46Z","sec-exchange",FALSE
"ZEPP","Zepp Health Corp","NYSE",NA,"lab.Unmapped","2026-10-02T17:06:46Z","sec-exchange",FALSE
"SPCB","SuperCom Ltd","NASDAQ",NA,"lab.Unmapped","2026-10-02T17:06:46Z","sec-exchange",FALSE
"FLL","FULL HOUSE RESORTS INC","NASDAQ",NA,"lab.Unmapped","2026-10-02T17:06:46Z","sec-exchange",FALSE
"ANTA","Antalpha Platform Holding Co","NASDAQ",NA,"lab.Unmapped","2026-10-02T17:06:46Z","sec-exchange",FALSE
"INVE","INVE Technologies, Inc.","NASDAQ",NA,"lab.Unmapped","2026-10-02T17:06:46Z","sec-exchange",FALSE
"STI","Solidion Technology Inc.","NASDAQ",NA,"lab.Unmapped","2026-10-02T17:06:46Z","sec-exchange",FALSE
"EXOZ","EXOZYMES INC.","NASDAQ",NA,"lab.Unmapped","2026-10-02T17:06:46Z","sec-exchange",FALSE
"IBAC","IB Acquisition Corp.","NASDAQ",NA,"lab.Unmapped","2026-10-02T17:06:46Z","sec-exchange",FALSE
"ANVS","Annovis Bio, Inc.","NYSE",NA,"lab.Unmapped","2026-10-02T17:06:46Z","sec-exchange",FALSE
"TELA","TELA Bio, Inc.","NASDAQ",NA,"lab.Unmapped","2026-10-02T17:06:46Z","sec-exchange",FALSE
"NCEW","New Century Logistics (BVI) Ltd","NASDAQ",NA,"lab.Unmapped","2026-10-02T17:06:46Z","sec-exchange",FALSE
"GENK","GEN Restaurant Group, Inc.","NASDAQ",NA,"lab.Unmapped","2026-10-02T17:06:46Z","sec-exchange",FALSE
"OM","Outset Medical, Inc.","NASDAQ",NA,"lab.Unmapped","2026-10-02T17:06:46Z","sec-exchange",FALSE
"MXE","MEXICO EQUITY & INCOME FUND INC","NYSE",NA,"lab.Unmapped","2026-10-02T17:06:46Z","sec-exchange",TRUE
"SELF","Global Self Storage, Inc.","NASDAQ",NA,"lab.Unmapped","2026-10-02T17:06:46Z","sec-exchange",FALSE
"CAST","FreeCast, Inc.","NASDAQ",NA,"lab.Unmapped","2026-10-02T17:06:46Z","sec-exchange",FALSE
"RENT","Rent the Runway, Inc.","NASDAQ",NA,"lab.Unmapped","2026-10-02T17:06:46Z","sec-exchange",FALSE
"ICG","Intchains Group Ltd","NASDAQ",NA,"lab.Unmapped","2026-10-02T17:06:46Z","sec-exchange",TRUE
"MKTW","MARKETWISE, INC.","NASDAQ",NA,"lab.Unmapped","2026-10-02T17:06:46Z","sec-exchange",FALSE
"NAMM","Namib Minerals","NASDAQ",NA,"lab.Unmapped","2026-10-02T17:06:46Z","sec-exchange",FALSE
"TZOO","TRAVELZOO","NASDAQ",NA,"lab.Unmapped","2026-10-02T17:06:46Z","sec-exchange",FALSE
"NAAS","NaaS Technology Inc.","NASDAQ",NA,"lab.Unmapped","2026-10-02T17:06:46Z","sec-exchange",FALSE
"LIDR","AEye, Inc.","NASDAQ",NA,"lab.Unmapped","2026-10-02T17:06:46Z","sec-exchange",FALSE
"MYPS","PLAYSTUDIOS, Inc.","NASDAQ",NA,"lab.Unmapped","2026-10-02T17:06:46Z","sec-exchange",FALSE
"XPL","SOLITARIO RESOURCES CORP.","NYSE",NA,"lab.Unmapped","2026-10-02T17:06:46Z","sec-exchange",FALSE
"COPR","Idaho Copper Corp","NYSE",NA,"lab.Unmapped","2026-10-02T17:06:46Z","sec-exchange",FALSE
"ELBM","Electra Battery Materials Corp","NASDAQ",NA,"lab.Unmapped","2026-10-02T17:06:46Z","sec-exchange",FALSE
"APWC","ASIA PACIFIC WIRE & CABLE CORP LTD","NASDAQ",NA,"lab.Unmapped","2026-10-02T17:06:46Z","sec-exchange",FALSE
"ELTK","ELTEK LTD","NASDAQ",NA,"lab.Unmapped","2026-10-02T17:06:46Z","sec-exchange",FALSE
"GRSD","GRANDSTAND Ltd","NASDAQ",NA,"lab.Unmapped","2026-10-02T17:06:46Z","sec-exchange",FALSE
"INMB","Inmune Bio, Inc.","NASDAQ",NA,"lab.Unmapped","2026-10-02T17:06:46Z","sec-exchange",FALSE
"LFS","LEIFRAS Co., Ltd.","NASDAQ",NA,"lab.Unmapped","2026-10-02T17:06:46Z","sec-exchange",FALSE
"TOUR","Tuniu Corp","NASDAQ",NA,"lab.Unmapped","2026-10-02T17:06:46Z","sec-exchange",FALSE
"SAIH","SAIHEAT Ltd","NASDAQ",NA,"lab.Unmapped","2026-10-02T17:06:46Z","sec-exchange",FALSE
"RPID","RAPID MICRO BIOSYSTEMS, INC.","NASDAQ",NA,"lab.Unmapped","2026-10-02T17:06:46Z","sec-exchange",FALSE
"PDSB","PDS Biotechnology Corp","NASDAQ",NA,"lab.Unmapped","2026-10-02T17:06:46Z","sec-exchange",FALSE
"BGSF","BGSF, INC.","NYSE",NA,"lab.Unmapped","2026-10-02T17:06:46Z","sec-exchange",FALSE
"STKS","ONE Group Hospitality, Inc.","NASDAQ",NA,"lab.Unmapped","2026-10-02T17:06:46Z","sec-exchange",FALSE
"HIT","Health In Tech, Inc.","NASDAQ",NA,"lab.Unmapped","2026-10-02T17:06:46Z","sec-exchange",FALSE
"COCH","Envoy Medical, Inc.","NASDAQ",NA,"lab.Unmapped","2026-10-02T17:06:46Z","sec-exchange",FALSE
"AVD","AMERICAN VANGUARD CORP","NYSE",NA,"lab.Unmapped","2026-10-02T17:06:46Z","sec-exchange",FALSE
"KAZR","Skyline Builders Group Holding Ltd","NASDAQ",NA,"lab.Unmapped","2026-10-02T17:06:46Z","sec-exchange",FALSE
"SKIL","Skillsoft Corp.","NYSE",NA,"lab.Unmapped","2026-10-02T17:06:46Z","sec-exchange",FALSE
"MKDW","MKDWELL Tech Inc.","NASDAQ",NA,"lab.Unmapped","2026-10-02T17:06:46Z","sec-exchange",FALSE
"LGO","Largo Inc.","NASDAQ",NA,"lab.Unmapped","2026-10-02T17:06:46Z","sec-exchange",FALSE
"WFCF","Where Food Comes From, Inc.","NASDAQ",NA,"lab.Unmapped","2026-10-02T17:06:46Z","sec-exchange",FALSE
"TPCS","TECHPRECISION CORP","NASDAQ",NA,"lab.Unmapped","2026-10-02T17:06:46Z","sec-exchange",FALSE
"FBDT","First Breach, Inc.","NASDAQ",NA,"lab.Unmapped","2026-10-02T17:06:46Z","sec-exchange",FALSE
"REKR","Rekor Systems, Inc.","NASDAQ",NA,"lab.Unmapped","2026-10-02T17:06:46Z","sec-exchange",FALSE
"STFS","Star Fashion Culture Holdings Ltd","NASDAQ",NA,"lab.Unmapped","2026-10-02T17:06:46Z","sec-exchange",FALSE
"SGA","SAGA COMMUNICATIONS INC","NASDAQ",NA,"lab.Unmapped","2026-10-02T17:06:46Z","sec-exchange",FALSE
"AGIG","ABUNDIA GLOBAL IMPACT GROUP, INC.","NYSE",NA,"lab.Unmapped","2026-10-02T17:06:46Z","sec-exchange",FALSE
"SCWO","374Water Inc.","NASDAQ",NA,"lab.Unmapped","2026-10-02T17:06:46Z","sec-exchange",FALSE
"APT","ALPHA PRO TECH LTD","NYSE",NA,"lab.Unmapped","2026-10-02T17:06:46Z","sec-exchange",FALSE
"IMA","ImageneBio, Inc.","NASDAQ",NA,"lab.Unmapped","2026-10-02T17:06:46Z","sec-exchange",FALSE
"NXB","NextBoat Inc.","NYSE",NA,"lab.Unmapped","2026-10-02T17:06:46Z","sec-exchange",FALSE
"BRID","BRIDGFORD FOODS CORP","NASDAQ",NA,"lab.Unmapped","2026-10-02T17:06:46Z","sec-exchange",FALSE
"JMM","Nuveen Multi-Market Income Fund","NYSE",NA,"lab.Unmapped","2026-10-02T17:06:46Z","sec-exchange",FALSE
"NNOX","Nano-X Imaging Ltd.","NASDAQ",NA,"lab.Unmapped","2026-10-02T17:06:46Z","sec-exchange",FALSE
"SER","Serina Therapeutics, Inc.","NYSE",NA,"lab.Unmapped","2026-10-02T17:06:46Z","sec-exchange",FALSE
"CCIF","Carlyle Credit Income Fund","NYSE",NA,"lab.Unmapped","2026-10-02T17:06:46Z","sec-exchange",FALSE
"NCTY","The9 LTD","NASDAQ",NA,"lab.Unmapped","2026-10-02T17:06:46Z","sec-exchange",FALSE
"SLMT","Brera Holdings PLC","NASDAQ",NA,"lab.Unmapped","2026-10-02T17:06:46Z","sec-exchange",TRUE
"DLHC","DLH Holdings Corp.","NASDAQ",NA,"lab.Unmapped","2026-10-02T17:06:46Z","sec-exchange",FALSE
"VHUB","VenHub Global, Inc.","NASDAQ",NA,"lab.Unmapped","2026-10-02T17:06:46Z","sec-exchange",FALSE
"BKHA","Black Hawk Acquisition Corp","NASDAQ",NA,"lab.Unmapped","2026-10-02T17:06:46Z","sec-exchange",FALSE
"MDAI","Spectral AI, Inc.","NASDAQ",NA,"lab.Unmapped","2026-10-02T17:06:46Z","sec-exchange",FALSE
"ELOX","Eloxx Pharmaceuticals, Inc.","NASDAQ",NA,"lab.Unmapped","2026-10-02T17:06:46Z","sec-exchange",FALSE
"FTEK","FUEL TECH, INC.","NASDAQ",NA,"lab.Unmapped","2026-10-02T17:06:46Z","sec-exchange",FALSE
"LASE","Laser Photonics Corp","NASDAQ",NA,"lab.Unmapped","2026-10-02T17:06:46Z","sec-exchange",FALSE
"SORA","AsiaStrategy","NASDAQ",NA,"lab.Unmapped","2026-10-02T17:06:46Z","sec-exchange",FALSE
"XTNT","Xtant Medical Holdings, Inc.","NYSE",NA,"lab.Unmapped","2026-10-02T17:06:46Z","sec-exchange",FALSE
"MATH","Metalpha Technology Holding Ltd","NASDAQ",NA,"lab.Unmapped","2026-10-02T17:06:46Z","sec-exchange",FALSE
"ACFN","ACORN ENERGY, INC.","NASDAQ",NA,"lab.Unmapped","2026-10-02T17:06:46Z","sec-exchange",FALSE
"INV","Innventure, Inc.","NASDAQ",NA,"lab.Unmapped","2026-10-02T17:06:46Z","sec-exchange",FALSE
"FNUC","Frontier Nuclear & Minerals Inc.","NASDAQ",NA,"lab.Unmapped","2026-10-02T17:06:46Z","sec-exchange",FALSE
"SRTS","Sensus Healthcare, Inc.","NASDAQ",NA,"lab.Unmapped","2026-10-02T17:06:46Z","sec-exchange",FALSE
"VRM","Vroom, Inc.","NASDAQ",NA,"lab.Unmapped","2026-10-02T17:06:46Z","sec-exchange",FALSE
"CRGO","Freightos Ltd","NASDAQ",NA,"lab.Unmapped","2026-10-02T17:06:46Z","sec-exchange",FALSE
"TCBS","Texas Community Bancshares, Inc.","NASDAQ",NA,"lab.Unmapped","2026-10-02T17:06:46Z","sec-exchange",FALSE
"SOGP","Sound Group Inc.","NASDAQ",NA,"lab.Unmapped","2026-10-02T17:06:46Z","sec-exchange",FALSE
"RSF","RiverNorth Capital & Income Fund, Inc.","NYSE",NA,"lab.Unmapped","2026-10-02T17:06:46Z","sec-exchange",FALSE
"MDXH","MDxHealth SA","NASDAQ",NA,"lab.Unmapped","2026-10-02T17:06:46Z","sec-exchange",TRUE
"TEAD","Teads Holding Co.","NASDAQ",NA,"lab.Unmapped","2026-10-02T17:06:46Z","sec-exchange",FALSE
"ODYS","Odysight.ai Inc.","NASDAQ",NA,"lab.Unmapped","2026-10-02T17:06:46Z","sec-exchange",FALSE
"AVX","AVAX ONE TECHNOLOGY LTD.","NASDAQ",NA,"lab.Unmapped","2026-10-02T17:06:46Z","sec-exchange",FALSE
"VGAS","Verde Clean Fuels, Inc.","NASDAQ",NA,"lab.Unmapped","2026-10-02T17:06:46Z","sec-exchange",FALSE
"ELTX","Elicio Therapeutics, Inc.","NASDAQ",NA,"lab.Unmapped","2026-10-02T17:06:46Z","sec-exchange",FALSE
"CULP","CULP INC","NASDAQ",NA,"lab.Unmapped","2026-10-02T17:06:46Z","sec-exchange",FALSE
"EUDA","EUDA Health Holdings Ltd","NASDAQ",NA,"lab.Unmapped","2026-10-02T17:06:46Z","sec-exchange",FALSE
"SFWL","SHENGFENG DEVELOPMENT Ltd","NASDAQ",NA,"lab.Unmapped","2026-10-02T17:06:46Z","sec-exchange",FALSE
"COLA","Columbus Acquisition Corp/Cayman Islands","NASDAQ",NA,"lab.Unmapped","2026-10-02T17:06:46Z","sec-exchange",FALSE
"CIRC","CIRCLE8 GROUP INC","NASDAQ",NA,"lab.Unmapped","2026-10-02T17:06:46Z","sec-exchange",FALSE
"CATO","CATO CORP","NYSE",NA,"lab.Unmapped","2026-10-02T17:06:46Z","sec-exchange",FALSE
"WATR","Air Water Ventures Ltd","NASDAQ",NA,"lab.Unmapped","2026-10-02T17:06:46Z","sec-exchange",FALSE
"DSWL","DESWELL INDUSTRIES INC","NASDAQ",NA,"lab.Unmapped","2026-10-02T17:06:46Z","sec-exchange",FALSE
"YHNA","YHN Acquisition I Ltd","NASDAQ",NA,"lab.Unmapped","2026-10-02T17:06:46Z","sec-exchange",FALSE
"TIL","Instil Bio, Inc.","NASDAQ",NA,"lab.Unmapped","2026-10-02T17:06:46Z","sec-exchange",FALSE
"OFS","OFS Capital Corp","NASDAQ",NA,"lab.Unmapped","2026-10-02T17:06:46Z","sec-exchange",FALSE
"TACT","TRANSACT TECHNOLOGIES INC","NASDAQ",NA,"lab.Unmapped","2026-10-02T17:06:46Z","sec-exchange",FALSE
"SCYX","SCYNEXIS INC","NASDAQ",NA,"lab.Unmapped","2026-10-02T17:06:46Z","sec-exchange",FALSE
"KFFB","Kentucky First Federal Bancorp","NASDAQ",NA,"lab.Unmapped","2026-10-02T17:06:46Z","sec-exchange",FALSE
"PLCE","Childrens Place, Inc.","NASDAQ",NA,"lab.Unmapped","2026-10-02T17:06:46Z","sec-exchange",FALSE
"CNVS","Cineverse Corp.","NASDAQ",NA,"lab.Unmapped","2026-10-02T17:06:46Z","sec-exchange",FALSE
"IDN","Intellicheck, Inc.","NASDAQ",NA,"lab.Unmapped","2026-10-02T17:06:46Z","sec-exchange",FALSE
"DWTX","Dogwood Therapeutics, Inc.","NASDAQ",NA,"lab.Unmapped","2026-10-02T17:06:46Z","sec-exchange",FALSE
"SNSC","SunScout Holding Ltd","NYSE",NA,"lab.Unmapped","2026-10-02T17:06:46Z","sec-exchange",FALSE
"IBO","IMPACT BIOMEDICAL INC.","NYSE",NA,"lab.Unmapped","2026-10-02T17:06:46Z","sec-exchange",FALSE
"SDA","SunCar Technology Group Inc.","NASDAQ",NA,"lab.Unmapped","2026-10-02T17:06:46Z","sec-exchange",FALSE
"PROP","Prairie Operating Co.","NASDAQ",NA,"lab.Unmapped","2026-10-02T17:06:46Z","sec-exchange",FALSE
"ACH","ACCENDRA HEALTH INC/VA/","NYSE",NA,"lab.Unmapped","2026-10-02T17:06:46Z","sec-exchange",FALSE
"TC","Token Cat Ltd","NASDAQ",NA,"lab.Unmapped","2026-10-02T17:06:46Z","sec-exchange",FALSE
"RDI","READING INTERNATIONAL INC","NASDAQ",NA,"lab.Unmapped","2026-10-02T17:06:46Z","sec-exchange",FALSE
"RYM","RYTHM, Inc.","NASDAQ",NA,"lab.Unmapped","2026-10-02T17:06:46Z","sec-exchange",FALSE
"POCI","PRECISION OPTICS CORPORATION, INC.","NASDAQ",NA,"lab.Unmapped","2026-10-02T17:06:46Z","sec-exchange",FALSE
"PTLE","PTL Ltd","NASDAQ",NA,"lab.Unmapped","2026-10-02T17:06:46Z","sec-exchange",FALSE
"HGBL","Heritage Global Inc.","NASDAQ",NA,"lab.Unmapped","2026-10-02T17:06:46Z","sec-exchange",FALSE
"XBP","XBP Global Holdings, Inc.","NASDAQ",NA,"lab.Unmapped","2026-10-02T17:06:46Z","sec-exchange",FALSE
"GROV","Grove Collaborative Holdings, Inc.","NYSE",NA,"lab.Unmapped","2026-10-02T17:06:46Z","sec-exchange",FALSE
"QTEX","QTREX Quantum Ltd.","NASDAQ",NA,"lab.Unmapped","2026-10-02T17:06:46Z","sec-exchange",FALSE
"HAIN","HAIN CELESTIAL GROUP INC","NASDAQ",NA,"lab.Unmapped","2026-10-02T17:06:46Z","sec-exchange",FALSE
"MBBC","Marathon Bancorp, Inc. /MD/","NASDAQ",NA,"lab.Unmapped","2026-10-02T17:06:46Z","sec-exchange",FALSE
"ELWT","Elauwit Connection, Inc.","NASDAQ",NA,"lab.Unmapped","2026-10-02T17:06:46Z","sec-exchange",FALSE
"GRCE","Grace Therapeutics, Inc.","NASDAQ",NA,"lab.Unmapped","2026-10-02T17:06:46Z","sec-exchange",FALSE
"STEM","STEM, INC.","NYSE",NA,"lab.Unmapped","2026-10-02T17:06:46Z","sec-exchange",FALSE
"BNAI","Brand Engagement Network Inc.","NASDAQ",NA,"lab.Unmapped","2026-10-02T17:06:46Z","sec-exchange",FALSE
"MVIS","MICROVISION, INC.","NASDAQ",NA,"lab.Unmapped","2026-10-02T17:06:46Z","sec-exchange",FALSE
"SPWH","SPORTSMAN'S WAREHOUSE HOLDINGS, INC.","NASDAQ",NA,"lab.Unmapped","2026-10-02T17:06:46Z","sec-exchange",FALSE
"AIOS","AIOS Tech Inc.","NASDAQ",NA,"lab.Unmapped","2026-10-02T17:06:46Z","sec-exchange",FALSE
"QETA","Quetta Acquisition Corp","NASDAQ",NA,"lab.Unmapped","2026-10-02T17:06:46Z","sec-exchange",FALSE
"IZEA","IZEA Worldwide, Inc.","NASDAQ",NA,"lab.Unmapped","2026-10-02T17:06:46Z","sec-exchange",FALSE
"HOWL","Werewolf Therapeutics, Inc.","NASDAQ",NA,"lab.Unmapped","2026-10-02T17:06:46Z","sec-exchange",FALSE
"SOWG","Sow Good Inc.","NASDAQ",NA,"lab.Unmapped","2026-10-02T17:06:46Z","sec-exchange",FALSE
"SACH","Sachem Capital Corp.","NYSE",NA,"lab.Unmapped","2026-10-02T17:06:46Z","sec-exchange",FALSE
"TVGN","Tevogen Inc.","NASDAQ",NA,"lab.Unmapped","2026-10-02T17:06:46Z","sec-exchange",FALSE
"FLNA","FILANA THERAPEUTICS, INC.","NASDAQ",NA,"lab.Unmapped","2026-10-02T17:06:46Z","sec-exchange",FALSE
"LITS","Lite Strategy, Inc.","NASDAQ",NA,"lab.Unmapped","2026-10-02T17:06:46Z","sec-exchange",FALSE
"LOAN","MANHATTAN BRIDGE CAPITAL, INC","NASDAQ",NA,"lab.Unmapped","2026-10-02T17:06:46Z","sec-exchange",FALSE
"VHC","VirnetX Holding Corp","NASDAQ",NA,"lab.Unmapped","2026-10-02T17:06:46Z","sec-exchange",FALSE
"VERU","VERU INC.","NASDAQ",NA,"lab.Unmapped","2026-10-02T17:06:46Z","sec-exchange",FALSE
"MGX","Metagenomi Therapeutics, Inc.","NASDAQ",NA,"lab.Unmapped","2026-10-02T17:06:46Z","sec-exchange",FALSE
"SEAT","Vivid Seats Inc.","NASDAQ",NA,"lab.Unmapped","2026-10-02T17:06:46Z","sec-exchange",FALSE
"CRVO","CervoMed Inc.","NASDAQ",NA,"lab.Unmapped","2026-10-02T17:06:46Z","sec-exchange",FALSE
"CELU","Celularity Inc","NASDAQ",NA,"lab.Unmapped","2026-10-02T17:06:46Z","sec-exchange",FALSE
"GPMT","Granite Point Mortgage Trust Inc.","NYSE",NA,"lab.Unmapped","2026-10-02T17:06:46Z","sec-exchange",FALSE
"MAMO","Massimo Group","NASDAQ",NA,"lab.Unmapped","2026-10-02T17:06:46Z","sec-exchange",FALSE
"RIBB","Ribbon Acquisition Corp.","NASDAQ",NA,"lab.Unmapped","2026-10-02T17:06:46Z","sec-exchange",FALSE
"DTSQ","DT Cloud Star Acquisition Corp","NASDAQ",NA,"lab.Unmapped","2026-10-02T17:06:46Z","sec-exchange",FALSE
"COSM","Cosmos Health Inc.","NASDAQ",NA,"lab.Unmapped","2026-10-02T17:06:46Z","sec-exchange",FALSE
"NSRX","Nasus Pharma Ltd","NYSE",NA,"lab.Unmapped","2026-10-02T17:06:46Z","sec-exchange",FALSE
"PRPO","Precipio, Inc.","NASDAQ",NA,"lab.Unmapped","2026-10-02T17:06:46Z","sec-exchange",FALSE
"BTMD","biote Corp.","NASDAQ",NA,"lab.Unmapped","2026-10-02T17:06:46Z","sec-exchange",FALSE
"AXIL","Axil Brands, Inc.","NYSE",NA,"lab.Unmapped","2026-10-02T17:06:46Z","sec-exchange",FALSE
"SQNS","SEQUANS COMMUNICATIONS","NYSE",NA,"lab.Unmapped","2026-10-02T17:06:46Z","sec-exchange",FALSE
"PXLW","PIXELWORKS, INC","NASDAQ",NA,"lab.Unmapped","2026-10-02T17:06:46Z","sec-exchange",FALSE
"NEPH","NEPHROS INC","NASDAQ",NA,"lab.Unmapped","2026-10-02T17:06:46Z","sec-exchange",FALSE
"KG","Kestrel Group Ltd","NASDAQ",NA,"lab.Unmapped","2026-10-02T17:06:46Z","sec-exchange",TRUE
"AERT","Aeries Technology, Inc.","NASDAQ",NA,"lab.Unmapped","2026-10-02T17:06:46Z","sec-exchange",FALSE
"CMTL","COMTECH TELECOMMUNICATIONS CORP /DE/","NASDAQ",NA,"lab.Unmapped","2026-10-02T17:06:46Z","sec-exchange",TRUE
"PN","PN Smart Energy Ltd","NASDAQ",NA,"lab.Unmapped","2026-10-02T17:06:46Z","sec-exchange",FALSE
"INDO","Indonesia Energy Corp Ltd","NYSE",NA,"lab.Unmapped","2026-10-02T17:06:46Z","sec-exchange",FALSE
"IXHL","Incannex Healthcare Inc.","NASDAQ",NA,"lab.Unmapped","2026-10-02T17:06:46Z","sec-exchange",FALSE
"ATHR","Aether Holdings, Inc.","NASDAQ",NA,"lab.Unmapped","2026-10-02T17:06:46Z","sec-exchange",FALSE
"AURE","Aurelion Inc.","NASDAQ",NA,"lab.Unmapped","2026-10-02T17:06:46Z","sec-exchange",FALSE
"AHMA","AMBITIONS ENTERPRISE MANAGEMENT CO. L.L.C","NASDAQ",NA,"lab.Unmapped","2026-10-02T17:06:46Z","sec-exchange",FALSE
"YSXT","YSX Tech Co., Ltd","NASDAQ",NA,"lab.Unmapped","2026-10-02T17:06:46Z","sec-exchange",FALSE
"PHUN","Phunware, Inc.","NASDAQ",NA,"lab.Unmapped","2026-10-02T17:06:46Z","sec-exchange",FALSE
"VTIX","Virtuix Holdings Inc.","NASDAQ",NA,"lab.Unmapped","2026-10-02T17:06:46Z","sec-exchange",FALSE
"NWGL","CL Workshop Group Ltd","NASDAQ",NA,"lab.Unmapped","2026-10-02T17:06:46Z","sec-exchange",TRUE
"TGE","Generation Essentials Group","NYSE",NA,"lab.Unmapped","2026-10-02T17:06:46Z","sec-exchange",FALSE
"XOS","Xos, Inc.","NASDAQ",NA,"lab.Unmapped","2026-10-02T17:06:46Z","sec-exchange",FALSE
"ZDGE","Zedge, Inc.","NYSE",NA,"lab.Unmapped","2026-10-02T17:06:46Z","sec-exchange",FALSE
"GAME","GameSquare Holdings, Inc.","NASDAQ",NA,"lab.Unmapped","2026-10-02T17:06:46Z","sec-exchange",FALSE
"SNWV","SANUWAVE Health, Inc.","NASDAQ",NA,"lab.Unmapped","2026-10-02T17:06:46Z","sec-exchange",FALSE
"BRAG","Bragg Gaming Group Inc.","NASDAQ",NA,"lab.Unmapped","2026-10-02T17:06:46Z","sec-exchange",FALSE
"FSHP","Flag Ship Acquisition Corp","NASDAQ",NA,"lab.Unmapped","2026-10-02T17:06:46Z","sec-exchange",FALSE
"NOEM","CO2 Energy Transition Corp.","NASDAQ",NA,"lab.Unmapped","2026-10-02T17:06:46Z","sec-exchange",FALSE
"LSF","Laird Superfood, Inc.","NYSE",NA,"lab.Unmapped","2026-10-02T17:06:46Z","sec-exchange",FALSE
"OMEX","ODYSSEY MARINE EXPLORATION INC","NASDAQ",NA,"lab.Unmapped","2026-10-02T17:06:46Z","sec-exchange",FALSE
"TREO","Tactical Resources Corp.","NASDAQ",NA,"lab.Unmapped","2026-10-02T17:06:46Z","sec-exchange",FALSE
"SYPR","SYPRIS SOLUTIONS INC","NASDAQ",NA,"lab.Unmapped","2026-10-02T17:06:46Z","sec-exchange",FALSE
"GMHS","Gamehaus Holdings Inc.","NASDAQ",NA,"lab.Unmapped","2026-10-02T17:06:46Z","sec-exchange",FALSE
"MIND","MIND TECHNOLOGY, INC","NASDAQ",NA,"lab.Unmapped","2026-10-02T17:06:46Z","sec-exchange",FALSE
"BCHT","Birchtech Corp.","NYSE",NA,"lab.Unmapped","2026-10-02T17:06:46Z","sec-exchange",FALSE
"GRF","EAGLE CAPITAL GROWTH FUND, INC.","NYSE",NA,"lab.Unmapped","2026-10-02T17:06:46Z","sec-exchange",FALSE
"RMCO","Royalty Management Holding Corp","NASDAQ",NA,"lab.Unmapped","2026-10-02T17:06:46Z","sec-exchange",FALSE
"AFJK","Aimei Health Technology Co., Ltd.","NASDAQ",NA,"lab.Unmapped","2026-10-02T17:06:46Z","sec-exchange",FALSE
"BAER","Bridger Aerospace Group Holdings, Inc.","NASDAQ",NA,"lab.Unmapped","2026-10-02T17:06:46Z","sec-exchange",FALSE
"MLCI","Mount Logan Capital Inc.","NASDAQ",NA,"lab.Unmapped","2026-10-02T17:06:46Z","sec-exchange",FALSE
"DCGO","DocGo Inc.","NASDAQ",NA,"lab.Unmapped","2026-10-02T17:06:46Z","sec-exchange",FALSE
"MLSS","MILESTONE SCIENTIFIC INC.","NYSE",NA,"lab.Unmapped","2026-10-02T17:06:46Z","sec-exchange",FALSE
"KOSS","KOSS CORP","NASDAQ",NA,"lab.Unmapped","2026-10-02T17:06:46Z","sec-exchange",FALSE
"WAVE","Eco Wave Power Global AB (publ)","NASDAQ",NA,"lab.Unmapped","2026-10-02T17:06:46Z","sec-exchange",FALSE
"PAVM","PAVmed Inc.","NASDAQ",NA,"lab.Unmapped","2026-10-02T17:06:46Z","sec-exchange",FALSE
"SNT","Senstar Technologies Corp","NASDAQ",NA,"lab.Unmapped","2026-10-02T17:06:46Z","sec-exchange",FALSE
"WPRT","WESTPORT FUEL SYSTEMS INC.","NASDAQ",NA,"lab.Unmapped","2026-10-02T17:06:46Z","sec-exchange",FALSE
"HOLO","MicroCloud Hologram Inc.","NASDAQ",NA,"lab.Unmapped","2026-10-02T17:06:46Z","sec-exchange",FALSE
"STG","Sunlands Technology Group","NYSE",NA,"lab.Unmapped","2026-10-02T17:06:46Z","sec-exchange",FALSE
"TOON","Kartoon Studios, Inc.","NYSE",NA,"lab.Unmapped","2026-10-02T17:06:46Z","sec-exchange",FALSE
"THCH","TH International Ltd","NASDAQ",NA,"lab.Unmapped","2026-10-02T17:06:46Z","sec-exchange",FALSE
"FSP","FRANKLIN STREET PROPERTIES CORP /MA/","NYSE",NA,"lab.Unmapped","2026-10-02T17:06:46Z","sec-exchange",FALSE
"QTI","QT IMAGING HOLDINGS, INC.","NASDAQ",NA,"lab.Unmapped","2026-10-02T17:06:46Z","sec-exchange",FALSE
"PPSI","PIONEER POWER SOLUTIONS, INC.","NASDAQ",NA,"lab.Unmapped","2026-10-02T17:06:46Z","sec-exchange",FALSE
"SLND","Southland Holdings, Inc.","NYSE",NA,"lab.Unmapped","2026-10-02T17:06:46Z","sec-exchange",FALSE
"MIRA","MIRA PHARMACEUTICALS, INC.","NASDAQ",NA,"lab.Unmapped","2026-10-02T17:06:46Z","sec-exchange",FALSE
"DGNX","Diginex Ltd","NASDAQ",NA,"lab.Unmapped","2026-10-02T17:06:46Z","sec-exchange",FALSE
"STRR","Star Equity Holdings, Inc.","NASDAQ",NA,"lab.Unmapped","2026-10-02T17:06:46Z","sec-exchange",FALSE
"NTIP","NETWORK-1 TECHNOLOGIES, INC.","NYSE",NA,"lab.Unmapped","2026-10-02T17:06:46Z","sec-exchange",FALSE
"ATNM","Actinium Pharmaceuticals, Inc.","NYSE",NA,"lab.Unmapped","2026-10-02T17:06:46Z","sec-exchange",FALSE
"ACCL","Acco Group Holdings Ltd","NASDAQ",NA,"lab.Unmapped","2026-10-02T17:06:46Z","sec-exchange",FALSE
"ZBAO","Zhibao Technology Inc.","NASDAQ",NA,"lab.Unmapped","2026-10-02T17:06:46Z","sec-exchange",FALSE
"HBIO","HARVARD BIOSCIENCE INC","NASDAQ",NA,"lab.Unmapped","2026-10-02T17:06:46Z","sec-exchange",FALSE
"GROW","U S GLOBAL INVESTORS INC","NASDAQ",NA,"lab.Unmapped","2026-10-02T17:06:46Z","sec-exchange",FALSE
"BCTX","BriaCell Therapeutics Corp.","NASDAQ",NA,"lab.Unmapped","2026-10-02T17:06:46Z","sec-exchange",FALSE
"GAIA","GAIA, INC","NASDAQ",NA,"lab.Unmapped","2026-10-02T17:06:46Z","sec-exchange",FALSE
"ELUT","ELUTIA INC.","NASDAQ",NA,"lab.Unmapped","2026-10-02T17:06:46Z","sec-exchange",FALSE
"AACG","ATA Creativity Global","NASDAQ",NA,"lab.Unmapped","2026-10-02T17:06:46Z","sec-exchange",FALSE
"JG","Aurora Mobile Ltd","NASDAQ",NA,"lab.Unmapped","2026-10-02T17:06:46Z","sec-exchange",FALSE
"PLUT","Plutus Financial Group Ltd","NASDAQ",NA,"lab.Unmapped","2026-10-02T17:06:46Z","sec-exchange",TRUE
"RMTI","ROCKWELL MEDICAL, INC.","NASDAQ",NA,"lab.Unmapped","2026-10-02T17:06:46Z","sec-exchange",FALSE
"MCRB","Seres Therapeutics, Inc.","NASDAQ",NA,"lab.Unmapped","2026-10-02T17:06:46Z","sec-exchange",FALSE
"YQ","17 Education & Technology Group Inc.","NASDAQ",NA,"lab.Unmapped","2026-10-02T17:06:46Z","sec-exchange",FALSE
"RYOJ","rYojbaba Co., Ltd.","NASDAQ",NA,"lab.Unmapped","2026-10-02T17:06:46Z","sec-exchange",FALSE
"BRIA","BrilliA Inc","NYSE",NA,"lab.Unmapped","2026-10-02T17:06:46Z","sec-exchange",FALSE
"BODI","Beachbody Company, Inc.","NASDAQ",NA,"lab.Unmapped","2026-10-02T17:06:46Z","sec-exchange",FALSE
"YOUL","Youlife Group Inc.","NASDAQ",NA,"lab.Unmapped","2026-10-02T17:06:46Z","sec-exchange",FALSE
"SPRU","SPRUCE POWER HOLDING CORP","NYSE",NA,"lab.Unmapped","2026-10-02T17:06:46Z","sec-exchange",FALSE
"ALGS","Aligos Therapeutics, Inc.","NASDAQ",NA,"lab.Unmapped","2026-10-02T17:06:46Z","sec-exchange",FALSE
"MLGO","MicroAlgo Inc.","NASDAQ",NA,"lab.Unmapped","2026-10-02T17:06:46Z","sec-exchange",FALSE
"ANGH","Anghami Inc","NASDAQ",NA,"lab.Unmapped","2026-10-02T17:06:46Z","sec-exchange",FALSE
"GNTA","Genenta Science S.p.A.","NASDAQ",NA,"lab.Unmapped","2026-10-02T17:06:46Z","sec-exchange",TRUE
"GETY","Getty Images Holdings, Inc.","NYSE",NA,"lab.Unmapped","2026-10-02T17:06:46Z","sec-exchange",FALSE
"ONMD","OneMedNet Corp","NASDAQ",NA,"lab.Unmapped","2026-10-02T17:06:46Z","sec-exchange",FALSE
"IMMP","IMMUTEP Ltd","NASDAQ",NA,"lab.Unmapped","2026-10-02T17:06:46Z","sec-exchange",FALSE
"HHS","HARTE HANKS INC","NASDAQ",NA,"lab.Unmapped","2026-10-02T17:06:46Z","sec-exchange",FALSE
"EDSA","Edesa Biotech, Inc.","NASDAQ",NA,"lab.Unmapped","2026-10-02T17:06:46Z","sec-exchange",FALSE
"ARAY","ACCURAY INC","NASDAQ",NA,"lab.Unmapped","2026-10-02T17:06:46Z","sec-exchange",FALSE
"FTCI","FTC Solar, Inc.","NASDAQ",NA,"lab.Unmapped","2026-10-02T17:06:46Z","sec-exchange",FALSE
"BHST","BIOHARVEST SCIENCES INC.","NASDAQ",NA,"lab.Unmapped","2026-10-02T17:06:46Z","sec-exchange",FALSE
"FGC","FG Nexus Inc.","NASDAQ",NA,"lab.Unmapped","2026-10-02T17:06:46Z","sec-exchange",FALSE
"NFE","New Fortress Energy Inc.","NASDAQ",NA,"lab.Unmapped","2026-10-02T17:06:46Z","sec-exchange",FALSE
"NNVC","NANOVIRICIDES, INC.","NYSE",NA,"lab.Unmapped","2026-10-02T17:06:46Z","sec-exchange",FALSE
"CREX","CREATIVE REALITIES, INC.","NASDAQ",NA,"lab.Unmapped","2026-10-02T17:06:46Z","sec-exchange",FALSE
"BOSC","BOS BETTER ONLINE SOLUTIONS LTD","NASDAQ",NA,"lab.Unmapped","2026-10-02T17:06:46Z","sec-exchange",FALSE
"JFU","9F Inc.","NASDAQ",NA,"lab.Unmapped","2026-10-02T17:06:46Z","sec-exchange",FALSE
"RAVE","RAVE RESTAURANT GROUP, INC.","NASDAQ",NA,"lab.Unmapped","2026-10-02T17:06:46Z","sec-exchange",FALSE
"CNF","CNFinance Holdings Ltd.","NYSE",NA,"lab.Unmapped","2026-10-02T17:06:46Z","sec-exchange",FALSE
"UG","UNITED GUARDIAN INC","NASDAQ",NA,"lab.Unmapped","2026-10-02T17:06:46Z","sec-exchange",FALSE
"VIDA","VIDA Global Inc.","NYSE",NA,"lab.Unmapped","2026-10-02T17:06:46Z","sec-exchange",FALSE
"RYET","Ruanyun Edai Technology Inc.","NASDAQ",NA,"lab.Unmapped","2026-10-02T17:06:46Z","sec-exchange",FALSE
"TAOX","TAO Synergies Inc.","NASDAQ",NA,"lab.Unmapped","2026-10-02T17:06:46Z","sec-exchange",FALSE
"CCEL","CRYO CELL INTERNATIONAL INC","NYSE",NA,"lab.Unmapped","2026-10-02T17:06:46Z","sec-exchange",FALSE
"LVLU","Lulu's Fashion Lounge Holdings, Inc.","NASDAQ",NA,"lab.Unmapped","2026-10-02T17:06:46Z","sec-exchange",FALSE
"PFAI","Pinnacle Food Group Ltd","NASDAQ",NA,"lab.Unmapped","2026-10-02T17:06:46Z","sec-exchange",TRUE
"NOMA","Nomadar Corp.","NASDAQ",NA,"lab.Unmapped","2026-10-02T17:06:46Z","sec-exchange",FALSE
"ARBK","Argo Blockchain Plc","NASDAQ",NA,"lab.Unmapped","2026-10-02T17:06:46Z","sec-exchange",TRUE
"SRXH","SRX Global Inc.","NYSE",NA,"lab.Unmapped","2026-10-02T17:06:46Z","sec-exchange",FALSE
"KLXE","KLX Energy Services Holdings, Inc.","NASDAQ",NA,"lab.Unmapped","2026-10-02T17:06:46Z","sec-exchange",FALSE
"LVO","LiveOne, Inc.","NASDAQ",NA,"lab.Unmapped","2026-10-02T17:06:46Z","sec-exchange",FALSE
"XTIA","XTI Aerospace, Inc.","NASDAQ",NA,"lab.Unmapped","2026-10-02T17:06:46Z","sec-exchange",FALSE
"MNY","MoneyHero Ltd","NASDAQ",NA,"lab.Unmapped","2026-10-02T17:06:46Z","sec-exchange",FALSE
"WKHS","Workhorse Group Inc.","NASDAQ",NA,"lab.Unmapped","2026-10-02T17:06:46Z","sec-exchange",FALSE
"NSYS","NORTECH SYSTEMS INC","NASDAQ",NA,"lab.Unmapped","2026-10-02T17:06:46Z","sec-exchange",FALSE
"RDAC","Rising Dragon Acquisition Corp.","NASDAQ",NA,"lab.Unmapped","2026-10-02T17:06:46Z","sec-exchange",FALSE
"AEI","Alset Inc.","NASDAQ",NA,"lab.Unmapped","2026-10-02T17:06:46Z","sec-exchange",FALSE
"HERZ","Herzfeld Credit Income Fund, Inc","NASDAQ",NA,"lab.Unmapped","2026-10-02T17:06:46Z","sec-exchange",FALSE
"FTFT","Future FinTech Group Inc.","NASDAQ",NA,"lab.Unmapped","2026-10-02T17:06:46Z","sec-exchange",FALSE
"VTSI","VirTra, Inc","NASDAQ",NA,"lab.Unmapped","2026-10-02T17:06:46Z","sec-exchange",FALSE
"MF","MindForge Inc.","NASDAQ",NA,"lab.Unmapped","2026-10-02T17:06:46Z","sec-exchange",FALSE
"DAIO","DATA I/O CORP","NASDAQ",NA,"lab.Unmapped","2026-10-02T17:06:46Z","sec-exchange",FALSE
"COHN","Cohen & Co Inc.","NYSE",NA,"lab.Unmapped","2026-10-02T17:06:46Z","sec-exchange",FALSE
"CVM","CEL SCI CORP","NYSE",NA,"lab.Unmapped","2026-10-02T17:06:46Z","sec-exchange",FALSE
"SCLX","Scilex Holding Co","NASDAQ",NA,"lab.Unmapped","2026-10-02T17:06:46Z","sec-exchange",FALSE
"YI","111, Inc.","NASDAQ",NA,"lab.Unmapped","2026-10-02T17:06:46Z","sec-exchange",FALSE
"QNCX","Quince Therapeutics, Inc.","NASDAQ",NA,"lab.Unmapped","2026-10-02T17:06:46Z","sec-exchange",FALSE
"EHLD","Euroholdings Ltd.","NASDAQ",NA,"lab.Unmapped","2026-10-02T17:06:46Z","sec-exchange",FALSE
"PETS","PETMED EXPRESS INC","NASDAQ",NA,"lab.Unmapped","2026-10-02T17:06:46Z","sec-exchange",FALSE
"LONA","LeonaBio, Inc.","NASDAQ",NA,"lab.Unmapped","2026-10-02T17:06:46Z","sec-exchange",FALSE
"ANPA","Rich Sparkle Holdings Ltd","NASDAQ",NA,"lab.Unmapped","2026-10-02T17:06:46Z","sec-exchange",FALSE
"CLPS","CLPS Inc","NASDAQ",NA,"lab.Unmapped","2026-10-02T17:06:46Z","sec-exchange",FALSE
"ZEO","Zeo Energy Corp.","NASDAQ",NA,"lab.Unmapped","2026-10-02T17:06:46Z","sec-exchange",FALSE
"VAI","Valor Energy Inc","NASDAQ",NA,"lab.Unmapped","2026-10-02T17:06:46Z","sec-exchange",FALSE
"DRK","DarkHorse Technologies Inc.","NASDAQ",NA,"lab.Unmapped","2026-10-02T17:06:46Z","sec-exchange",FALSE
"NSPR","InspireMD, Inc.","NASDAQ",NA,"lab.Unmapped","2026-10-02T17:06:46Z","sec-exchange",FALSE
"ATYR","aTYR PHARMA INC","NASDAQ",NA,"lab.Unmapped","2026-10-02T17:06:46Z","sec-exchange",FALSE
"FIEE","FiEE, Inc.","NASDAQ",NA,"lab.Unmapped","2026-10-02T17:06:46Z","sec-exchange",FALSE
"BGDE","Big Digital Energy, Inc.","NASDAQ",NA,"lab.Unmapped","2026-10-02T17:06:46Z","sec-exchange",FALSE
"VIP","Vulcan Infrastructure & Power Inc.","NASDAQ",NA,"lab.Unmapped","2026-10-02T17:06:46Z","sec-exchange",FALSE
"CNTY","CENTURY CASINOS INC /CO/","NASDAQ",NA,"lab.Unmapped","2026-10-02T17:06:46Z","sec-exchange",FALSE
"WXM","WF International Ltd.","NASDAQ",NA,"lab.Unmapped","2026-10-02T17:06:46Z","sec-exchange",FALSE
"EVAX","Evaxion A/S","NASDAQ",NA,"lab.Unmapped","2026-10-02T17:06:46Z","sec-exchange",TRUE
"LFT","Lument Finance Trust, Inc.","NYSE",NA,"lab.Unmapped","2026-10-02T17:06:46Z","sec-exchange",FALSE
"FLD","Fold Holdings, Inc.","NASDAQ",NA,"lab.Unmapped","2026-10-02T17:06:46Z","sec-exchange",FALSE
"CNTX","Context Therapeutics Inc.","NASDAQ",NA,"lab.Unmapped","2026-10-02T17:06:46Z","sec-exchange",FALSE
"RAND","RAND CAPITAL CORP","NASDAQ",NA,"lab.Unmapped","2026-10-02T17:06:46Z","sec-exchange",FALSE
"CVV","CVD EQUIPMENT CORP","NASDAQ",NA,"lab.Unmapped","2026-10-02T17:06:46Z","sec-exchange",FALSE
"KPTI","Karyopharm Therapeutics Inc.","NASDAQ",NA,"lab.Unmapped","2026-10-02T17:06:46Z","sec-exchange",FALSE
"IGC","IGC Pharma, Inc.","NYSE",NA,"lab.Unmapped","2026-10-02T17:06:46Z","sec-exchange",FALSE
"ATCH","AtlasClear Holdings, Inc.","NYSE",NA,"lab.Unmapped","2026-10-02T17:06:46Z","sec-exchange",FALSE
"QRHC","Quest Resource Holding Corp","NASDAQ",NA,"lab.Unmapped","2026-10-02T17:06:46Z","sec-exchange",FALSE
"FKWL","FRANKLIN WIRELESS CORP","NASDAQ",NA,"lab.Unmapped","2026-10-02T17:06:46Z","sec-exchange",FALSE
"CPHI","CHINA PHARMA HOLDINGS, INC.","NYSE",NA,"lab.Unmapped","2026-10-02T17:06:46Z","sec-exchange",TRUE
"BLNE","Beeline Holdings, Inc.","NASDAQ",NA,"lab.Unmapped","2026-10-02T17:06:46Z","sec-exchange",FALSE
"BRLS","Borealis Foods Inc.","NASDAQ",NA,"lab.Unmapped","2026-10-02T17:06:46Z","sec-exchange",FALSE
"GNS","Genius Group Ltd","NYSE",NA,"lab.Unmapped","2026-10-02T17:06:46Z","sec-exchange",TRUE
"RNAZ","Transcode Therapeutics, Inc.","NASDAQ",NA,"lab.Unmapped","2026-10-02T17:06:46Z","sec-exchange",FALSE
"EONR","EON Resources Inc.","NYSE",NA,"lab.Unmapped","2026-10-02T17:06:46Z","sec-exchange",FALSE
"MCRP","Micropolis AI Robotics","NYSE",NA,"lab.Unmapped","2026-10-02T17:06:46Z","sec-exchange",FALSE
"BIRD","Smartbird, Inc.","NASDAQ",NA,"lab.Unmapped","2026-10-02T17:06:46Z","sec-exchange",FALSE
"SJ","Scienjoy Holding Corp","NASDAQ",NA,"lab.Unmapped","2026-10-02T17:06:46Z","sec-exchange",FALSE
"ABVC","ABVC BIOPHARMA, INC.","NASDAQ",NA,"lab.Unmapped","2026-10-02T17:06:46Z","sec-exchange",FALSE
"BLIV","BeLive Holdings","NASDAQ",NA,"lab.Unmapped","2026-10-02T17:06:46Z","sec-exchange",FALSE
"BYSI","BeyondSpring Inc.","NASDAQ",NA,"lab.Unmapped","2026-10-02T17:06:46Z","sec-exchange",FALSE
"NTRP","NextTrip, Inc.","NASDAQ",NA,"lab.Unmapped","2026-10-02T17:06:46Z","sec-exchange",FALSE
"KYNB","KYNTRA BIO, INC.","NASDAQ",NA,"lab.Unmapped","2026-10-02T17:06:46Z","sec-exchange",FALSE
"CRWS","CROWN CRAFTS INC","NASDAQ",NA,"lab.Unmapped","2026-10-02T17:06:46Z","sec-exchange",FALSE
"JAGU","Jaguar Uranium Corp.","NYSE",NA,"lab.Unmapped","2026-10-02T17:06:46Z","sec-exchange",FALSE
"MDBH","MDB Capital Holdings, LLC","NASDAQ",NA,"lab.Unmapped","2026-10-02T17:06:46Z","sec-exchange",FALSE
"PDC","Perpetuals.com Ltd","NASDAQ",NA,"lab.Unmapped","2026-10-02T17:06:46Z","sec-exchange",FALSE
"OPTH","Optimi Health Corp.","NASDAQ",NA,"lab.Unmapped","2026-10-02T17:06:46Z","sec-exchange",FALSE
"AAME","ATLANTIC AMERICAN CORP","NASDAQ",NA,"lab.Unmapped","2026-10-02T17:06:46Z","sec-exchange",FALSE
"BBGI","BEASLEY BROADCAST GROUP INC","NASDAQ",NA,"lab.Unmapped","2026-10-02T17:06:46Z","sec-exchange",FALSE
"AIFA","All In FutureTech Alliance, Inc.","NASDAQ",NA,"lab.Unmapped","2026-10-02T17:06:46Z","sec-exchange",FALSE
"AIFF","FIREFLY NEUROSCIENCE, INC.","NASDAQ",NA,"lab.Unmapped","2026-10-02T17:06:46Z","sec-exchange",FALSE
"CLIR","ClearSign Technologies Corp","NASDAQ",NA,"lab.Unmapped","2026-10-02T17:06:46Z","sec-exchange",FALSE
"JOB","GEE Group Inc.","NYSE",NA,"lab.Unmapped","2026-10-02T17:06:46Z","sec-exchange",FALSE
"BEEM","Beam Global","NASDAQ",NA,"lab.Unmapped","2026-10-02T17:06:46Z","sec-exchange",FALSE
"PLRZ","Polyrizon Ltd.","NASDAQ",NA,"lab.Unmapped","2026-10-02T17:06:46Z","sec-exchange",FALSE
"ASPC","ASPAC III Acquisition Corp.","NASDAQ",NA,"lab.Unmapped","2026-10-02T17:06:46Z","sec-exchange",FALSE
"MRNO","Murano Global Investments Plc","NASDAQ",NA,"lab.Unmapped","2026-10-02T17:06:46Z","sec-exchange",TRUE
"EURK","Eureka Acquisition Corp","NASDAQ",NA,"lab.Unmapped","2026-10-02T17:06:46Z","sec-exchange",FALSE
"JDZG","JIADE Ltd","NASDAQ",NA,"lab.Unmapped","2026-10-02T17:06:46Z","sec-exchange",FALSE
"AWRE","AWARE INC /MA/","NASDAQ",NA,"lab.Unmapped","2026-10-02T17:06:46Z","sec-exchange",FALSE
"DXLG","DESTINATION XL GROUP, INC.","NASDAQ",NA,"lab.Unmapped","2026-10-02T17:06:46Z","sec-exchange",FALSE
"PAPL","Pineapple Financial Inc.","NYSE",NA,"lab.Unmapped","2026-10-02T17:06:46Z","sec-exchange",FALSE
"TNMG","TNL Mediagene","NASDAQ",NA,"lab.Unmapped","2026-10-02T17:06:46Z","sec-exchange",FALSE
"MDRR","Medalist Diversified, Inc.","NASDAQ",NA,"lab.Unmapped","2026-10-02T17:06:46Z","sec-exchange",FALSE
"PRHI","Presurance Holdings, Inc.","NASDAQ",NA,"lab.Unmapped","2026-10-02T17:06:46Z","sec-exchange",FALSE
"QNTM","Quantum Biopharma Ltd.","NASDAQ",NA,"lab.Unmapped","2026-10-02T17:06:46Z","sec-exchange",FALSE
"ZTG","Zenta Group Co Ltd","NASDAQ",NA,"lab.Unmapped","2026-10-02T17:06:46Z","sec-exchange",FALSE
"DUO","Fangdd Network Group Ltd.","NASDAQ",NA,"lab.Unmapped","2026-10-02T17:06:46Z","sec-exchange",TRUE
"NXPL","NextPlat Corp","NASDAQ",NA,"lab.Unmapped","2026-10-02T17:06:46Z","sec-exchange",FALSE
"BDMD","Baird Medical Investment Holdings Ltd","NASDAQ",NA,"lab.Unmapped","2026-10-02T17:06:46Z","sec-exchange",FALSE
"LOCL","Local Bounti Corporation/DE","NYSE",NA,"lab.Unmapped","2026-10-02T17:06:46Z","sec-exchange",TRUE
"USEA","United Maritime Corp","NASDAQ",NA,"lab.Unmapped","2026-10-02T17:06:46Z","sec-exchange",FALSE
"INLX","INTELLINETICS, INC.","NYSE",NA,"lab.Unmapped","2026-10-02T17:06:46Z","sec-exchange",FALSE
"AXG","Solowin Holdings, Ltd.","NASDAQ",NA,"lab.Unmapped","2026-10-02T17:06:46Z","sec-exchange",FALSE
"SST","System1, Inc.","NYSE",NA,"lab.Unmapped","2026-10-02T17:06:46Z","sec-exchange",FALSE
"PRT","PermRock Royalty Trust","NYSE",NA,"lab.Unmapped","2026-10-02T17:06:46Z","sec-exchange",FALSE
"AYTU","AYTU BIOPHARMA, INC","NASDAQ",NA,"lab.Unmapped","2026-10-02T17:06:46Z","sec-exchange",FALSE
"KMRK","K-TECH SOLUTIONS CO LTD","NASDAQ",NA,"lab.Unmapped","2026-10-02T17:06:46Z","sec-exchange",FALSE
"TXMD","TherapeuticsMD, Inc.","NASDAQ",NA,"lab.Unmapped","2026-10-02T17:06:46Z","sec-exchange",FALSE
"REFR","RESEARCH FRONTIERS INC","NASDAQ",NA,"lab.Unmapped","2026-10-02T17:06:46Z","sec-exchange",FALSE
"IPM","INTELLIGENT PROTECTION MANAGEMENT CORP.","NASDAQ",NA,"lab.Unmapped","2026-10-02T17:06:46Z","sec-exchange",FALSE
"LIVE","LIVE VENTURES Inc","NASDAQ",NA,"lab.Unmapped","2026-10-02T17:06:46Z","sec-exchange",FALSE
"GRDX","GridAI Technologies Corp.","NASDAQ",NA,"lab.Unmapped","2026-10-02T17:06:46Z","sec-exchange",FALSE
"KTCC","KEY TRONIC CORP","NASDAQ",NA,"lab.Unmapped","2026-10-02T17:06:46Z","sec-exchange",FALSE
"EHTH","eHealth, Inc.","NASDAQ",NA,"lab.Unmapped","2026-10-02T17:06:46Z","sec-exchange",FALSE
"UPC","Universe Pharmaceuticals INC","NASDAQ",NA,"lab.Unmapped","2026-10-02T17:06:46Z","sec-exchange",FALSE
"NXTC","NextCure, Inc.","NASDAQ",NA,"lab.Unmapped","2026-10-02T17:06:46Z","sec-exchange",FALSE
"HKIT","Biddance AI Systems, Inc.","NASDAQ",NA,"lab.Unmapped","2026-10-02T17:06:46Z","sec-exchange",FALSE
"GPUS","Hyperscale Data, Inc.","NYSE",NA,"lab.Unmapped","2026-10-02T17:06:46Z","sec-exchange",FALSE
"RADX","Radiopharm Theranostics Ltd","NASDAQ",NA,"lab.Unmapped","2026-10-02T17:06:46Z","sec-exchange",FALSE
"GTEC","Greenland Technologies Holding Corp.","NASDAQ",NA,"lab.Unmapped","2026-10-02T17:06:46Z","sec-exchange",FALSE
"FEDU","Four Seasons Education (Cayman) Inc.","NYSE",NA,"lab.Unmapped","2026-10-02T17:06:46Z","sec-exchange",FALSE
"JVA","COFFEE HOLDING CO INC","NASDAQ",NA,"lab.Unmapped","2026-10-02T17:06:46Z","sec-exchange",FALSE
"ORIO","Orion Digital Corp.","NASDAQ",NA,"lab.Unmapped","2026-10-02T17:06:46Z","sec-exchange",FALSE
"UTSI","UTSTARCOM HOLDINGS CORP.","NASDAQ",NA,"lab.Unmapped","2026-10-02T17:06:46Z","sec-exchange",FALSE
"BENF","Beneficient","NASDAQ",NA,"lab.Unmapped","2026-10-02T17:06:46Z","sec-exchange",FALSE
"TCRX","TScan Therapeutics, Inc.","NASDAQ",NA,"lab.Unmapped","2026-10-02T17:06:46Z","sec-exchange",FALSE
"GRAN","Grande Group Ltd/HK","NASDAQ",NA,"lab.Unmapped","2026-10-02T17:06:46Z","sec-exchange",TRUE
"SKYQ","Sky Quarry Inc.","NASDAQ",NA,"lab.Unmapped","2026-10-02T17:06:46Z","sec-exchange",FALSE
"BIOX","Bioceres Crop Solutions Corp.","NASDAQ",NA,"lab.Unmapped","2026-10-02T17:06:46Z","sec-exchange",FALSE
"JSPR","Jasper Therapeutics, Inc.","NASDAQ",NA,"lab.Unmapped","2026-10-02T17:06:46Z","sec-exchange",FALSE
"COCP","Cocrystal Pharma, Inc.","NASDAQ",NA,"lab.Unmapped","2026-10-02T17:06:46Z","sec-exchange",FALSE
"PSHG","Performance Shipping Inc.","NASDAQ",NA,"lab.Unmapped","2026-10-02T17:06:46Z","sec-exchange",FALSE
"MERC","MERCER INTERNATIONAL INC.","NASDAQ",NA,"lab.Unmapped","2026-10-02T17:06:46Z","sec-exchange",FALSE
"CKX","CKX LANDS, INC.","NYSE",NA,"lab.Unmapped","2026-10-02T17:06:46Z","sec-exchange",FALSE
"VNTG","Vantage Corp (Singapore)","NYSE",NA,"lab.Unmapped","2026-10-02T17:06:46Z","sec-exchange",FALSE
"AIXC","FF EAI Robotics Ecosystem Inc.","NASDAQ",NA,"lab.Unmapped","2026-10-02T17:06:46Z","sec-exchange",FALSE
"GIFT","GIFTIFY, INC.","NASDAQ",NA,"lab.Unmapped","2026-10-02T17:06:46Z","sec-exchange",FALSE
"RECT","Rectitude Holdings Ltd.","NASDAQ",NA,"lab.Unmapped","2026-10-02T17:06:46Z","sec-exchange",FALSE
"SNAL","Snail, Inc.","NASDAQ",NA,"lab.Unmapped","2026-10-02T17:06:46Z","sec-exchange",FALSE
"AKTX","Akari Therapeutics Plc","NASDAQ",NA,"lab.Unmapped","2026-10-02T17:06:46Z","sec-exchange",TRUE
"TLF","TANDY LEATHER FACTORY INC","NASDAQ",NA,"lab.Unmapped","2026-10-02T17:06:46Z","sec-exchange",FALSE
"SOAR","Volato Group, Inc.","NYSE",NA,"lab.Unmapped","2026-10-02T17:06:46Z","sec-exchange",FALSE
"WFF","WF Holding Ltd","NASDAQ",NA,"lab.Unmapped","2026-10-02T17:06:46Z","sec-exchange",FALSE
"LOOP","Loop Industries, Inc.","NASDAQ",NA,"lab.Unmapped","2026-10-02T17:06:46Z","sec-exchange",FALSE
"STAK","STAK Inc.","NASDAQ",NA,"lab.Unmapped","2026-10-02T17:06:46Z","sec-exchange",FALSE
"BNGO","Bionano Genomics, Inc.","NASDAQ",NA,"lab.Unmapped","2026-10-02T17:06:46Z","sec-exchange",FALSE
"MSGM","Motorsport Games Inc.","NASDAQ",NA,"lab.Unmapped","2026-10-02T17:06:46Z","sec-exchange",FALSE
"RVP","RETRACTABLE TECHNOLOGIES INC","NYSE",NA,"lab.Unmapped","2026-10-02T17:06:46Z","sec-exchange",FALSE
"AZIO","AZIO AI HOLDINGS, INC.","NASDAQ",NA,"lab.Unmapped","2026-10-02T17:06:46Z","sec-exchange",FALSE
"ATOS","ATOSSA THERAPEUTICS, INC.","NASDAQ",NA,"lab.Unmapped","2026-10-02T17:06:46Z","sec-exchange",FALSE
"MNDO","MIND CTI LTD","NASDAQ",NA,"lab.Unmapped","2026-10-02T17:06:46Z","sec-exchange",FALSE
"LIQT","LIQTECH INTERNATIONAL INC","NASDAQ",NA,"lab.Unmapped","2026-10-02T17:06:46Z","sec-exchange",FALSE
"HSCS","HeartSciences Inc.","NASDAQ",NA,"lab.Unmapped","2026-10-02T17:06:46Z","sec-exchange",FALSE
"MWYN","Marwynn Holdings, Inc.","NASDAQ",NA,"lab.Unmapped","2026-10-02T17:06:46Z","sec-exchange",FALSE
"CCG","Cheche Group Inc.","NASDAQ",NA,"lab.Unmapped","2026-10-02T17:06:46Z","sec-exchange",FALSE
"SPPL","SIMPPLE LTD.","NASDAQ",NA,"lab.Unmapped","2026-10-02T17:06:46Z","sec-exchange",FALSE
"TRSG","Tungray Technologies Inc","NASDAQ",NA,"lab.Unmapped","2026-10-02T17:06:46Z","sec-exchange",FALSE
"ESLA","Estrella Immunopharma, Inc.","NASDAQ",NA,"lab.Unmapped","2026-10-02T17:06:46Z","sec-exchange",FALSE
"TGHL","GrowHub Ltd","NASDAQ",NA,"lab.Unmapped","2026-10-02T17:06:46Z","sec-exchange",FALSE
"CHOW","ChowChow Cloud International Holdings Ltd","NYSE",NA,"lab.Unmapped","2026-10-02T17:06:46Z","sec-exchange",FALSE
"PMEC","Primech Holdings Ltd","NASDAQ",NA,"lab.Unmapped","2026-10-02T17:06:46Z","sec-exchange",FALSE
"CTRM","Castor Maritime Inc.","NASDAQ",NA,"lab.Unmapped","2026-10-02T17:06:46Z","sec-exchange",FALSE
"CFND","C1 Fund Inc.","NYSE",NA,"lab.Unmapped","2026-10-02T17:06:46Z","sec-exchange",FALSE
"BCG","Binah Capital Group, Inc.","NASDAQ",NA,"lab.Unmapped","2026-10-02T17:06:46Z","sec-exchange",FALSE
"LFWD","Lifeward Ltd.","NASDAQ",NA,"lab.Unmapped","2026-10-02T17:06:46Z","sec-exchange",FALSE
"BMR","Beamr Imaging Ltd.","NASDAQ",NA,"lab.Unmapped","2026-10-02T17:06:46Z","sec-exchange",FALSE
"NYC","American Strategic Investment Co.","NYSE",NA,"lab.Unmapped","2026-10-02T17:06:46Z","sec-exchange",FALSE
"NEUP","Neuphoria Therapeutics Inc.","NASDAQ",NA,"lab.Unmapped","2026-10-02T17:06:46Z","sec-exchange",FALSE
"MPU","Mega Matrix Inc","NYSE",NA,"lab.Unmapped","2026-10-02T17:06:46Z","sec-exchange",FALSE
"HTCO","High-Trend International Group","NASDAQ",NA,"lab.Unmapped","2026-10-02T17:06:46Z","sec-exchange",FALSE
"KSCP","Knightscope, Inc.","NASDAQ",NA,"lab.Unmapped","2026-10-02T17:06:46Z","sec-exchange",FALSE
"ESYN","HWH International Inc.","NASDAQ",NA,"lab.Unmapped","2026-10-02T17:06:46Z","sec-exchange",FALSE
"QNME","Quanome Technologies, Inc.","NASDAQ",NA,"lab.Unmapped","2026-10-02T17:06:46Z","sec-exchange",FALSE
"BTCT","BTC Digital Ltd.","NASDAQ",NA,"lab.Unmapped","2026-10-02T17:06:46Z","sec-exchange",FALSE
"LEDS","SemiLEDs Corp","NASDAQ",NA,"lab.Unmapped","2026-10-02T17:06:46Z","sec-exchange",FALSE
"UONE","URBAN ONE, INC.","NASDAQ",NA,"lab.Unmapped","2026-10-02T17:06:46Z","sec-exchange",FALSE
"DYAI","DYADIC INTERNATIONAL INC","NASDAQ",NA,"lab.Unmapped","2026-10-02T17:06:46Z","sec-exchange",FALSE
"PSQH","PSQ Holdings, Inc.","NYSE",NA,"lab.Unmapped","2026-10-02T17:06:46Z","sec-exchange",FALSE
"SHPH","Shuttle Pharmaceuticals Holdings, Inc.","NASDAQ",NA,"lab.Unmapped","2026-10-02T17:06:46Z","sec-exchange",FALSE
"YAAS","Youxin Technology Ltd","NASDAQ",NA,"lab.Unmapped","2026-10-02T17:06:46Z","sec-exchange",FALSE
"IDAI","T Stamp Inc","NASDAQ",NA,"lab.Unmapped","2026-10-02T17:06:46Z","sec-exchange",FALSE
"MRKR","Marker Therapeutics, Inc.","NASDAQ",NA,"lab.Unmapped","2026-10-02T17:06:46Z","sec-exchange",FALSE
"DUKR","DUKE Robotics Corp.","NASDAQ",NA,"lab.Unmapped","2026-10-02T17:06:46Z","sec-exchange",FALSE
"SKK","SKK Holdings Ltd","NASDAQ",NA,"lab.Unmapped","2026-10-02T17:06:46Z","sec-exchange",FALSE
"RKTO","Rocket One Inc.","NASDAQ",NA,"lab.Unmapped","2026-10-02T17:06:46Z","sec-exchange",FALSE
"CDLX","Cardlytics, Inc.","NASDAQ",NA,"lab.Unmapped","2026-10-02T17:06:46Z","sec-exchange",FALSE
"ACCS","ACCESS Newswire Inc.","NYSE",NA,"lab.Unmapped","2026-10-02T17:06:46Z","sec-exchange",FALSE
"FOXX","Foxx Development Holdings Inc.","NASDAQ",NA,"lab.Unmapped","2026-10-02T17:06:46Z","sec-exchange",FALSE
"PRZO","ParaZero Technologies Ltd.","NASDAQ",NA,"lab.Unmapped","2026-10-02T17:06:46Z","sec-exchange",FALSE
"CCHH","CCH Holdings Ltd","NASDAQ",NA,"lab.Unmapped","2026-10-02T17:06:46Z","sec-exchange",FALSE
"INTZ","INTRUSION INC","NASDAQ",NA,"lab.Unmapped","2026-10-02T17:06:46Z","sec-exchange",FALSE
"FEMY","FEMASYS INC","NASDAQ",NA,"lab.Unmapped","2026-10-02T17:06:46Z","sec-exchange",FALSE
"LPCN","Lipocine Inc.","NASDAQ",NA,"lab.Unmapped","2026-10-02T17:06:46Z","sec-exchange",FALSE
"TVRD","Tvardi Therapeutics, Inc.","NASDAQ",NA,"lab.Unmapped","2026-10-02T17:06:46Z","sec-exchange",FALSE
"EXYN","Exyn Technologies, Inc.","NASDAQ",NA,"lab.Unmapped","2026-10-02T17:06:46Z","sec-exchange",FALSE
"CLRB","Cellectar Biosciences, Inc.","NASDAQ",NA,"lab.Unmapped","2026-10-02T17:06:46Z","sec-exchange",FALSE
"EFOI","ENERGY FOCUS, INC/DE","NASDAQ",NA,"lab.Unmapped","2026-10-02T17:06:46Z","sec-exchange",TRUE
"DSY","Big Tree Cloud Holdings Ltd","NASDAQ",NA,"lab.Unmapped","2026-10-02T17:06:46Z","sec-exchange",FALSE
"JL","J-Long Group Ltd","NASDAQ",NA,"lab.Unmapped","2026-10-02T17:06:46Z","sec-exchange",TRUE
"ACTU","ACTUATE THERAPEUTICS, INC.","NASDAQ",NA,"lab.Unmapped","2026-10-02T17:06:46Z","sec-exchange",FALSE
"EDTK","Skillful Craftsman Education Technology Ltd","NASDAQ",NA,"lab.Unmapped","2026-10-02T17:06:46Z","sec-exchange",FALSE
"LHAI","Linkhome Holdings Inc.","NASDAQ",NA,"lab.Unmapped","2026-10-02T17:06:46Z","sec-exchange",FALSE
"FOFO","Hang Feng Technology Innovation Co., Ltd.","NASDAQ",NA,"lab.Unmapped","2026-10-02T17:06:46Z","sec-exchange",FALSE
"FENG","Phoenix New Media Ltd","NYSE",NA,"lab.Unmapped","2026-10-02T17:06:46Z","sec-exchange",FALSE
"EPSM","Epsium Enterprise Ltd","NASDAQ",NA,"lab.Unmapped","2026-10-02T17:06:46Z","sec-exchange",FALSE
"LICN","Lichen International Ltd","NASDAQ",NA,"lab.Unmapped","2026-10-02T17:06:46Z","sec-exchange",FALSE
"LGPS","LOGPROSTYLE INC.","NYSE",NA,"lab.Unmapped","2026-10-02T17:06:46Z","sec-exchange",FALSE
"TLIH","Ten-League International Holdings Ltd","NASDAQ",NA,"lab.Unmapped","2026-10-02T17:06:46Z","sec-exchange",FALSE
"FTHM","Fathom Holdings Inc.","NASDAQ",NA,"lab.Unmapped","2026-10-02T17:06:46Z","sec-exchange",FALSE
"GRNQ","Greenpro Capital Corp.","NASDAQ",NA,"lab.Unmapped","2026-10-02T17:06:46Z","sec-exchange",FALSE
"PTN","PALATIN TECHNOLOGIES INC","NASDAQ",NA,"lab.Unmapped","2026-10-02T17:06:46Z","sec-exchange",FALSE
"JF","J & Friends Holdings Ltd","NASDAQ",NA,"lab.Unmapped","2026-10-02T17:06:46Z","sec-exchange",FALSE
"KTTA","Pasithea Therapeutics Corp.","NASDAQ",NA,"lab.Unmapped","2026-10-02T17:06:46Z","sec-exchange",FALSE
"AHT","ASHFORD HOSPITALITY TRUST INC","NYSE",NA,"lab.Unmapped","2026-10-02T17:06:46Z","sec-exchange",FALSE
"ARTW","ARTS WAY MANUFACTURING CO INC","NASDAQ",NA,"lab.Unmapped","2026-10-02T17:06:46Z","sec-exchange",FALSE
"YXT","YXT.COM GROUP HOLDING Ltd","NASDAQ",NA,"lab.Unmapped","2026-10-02T17:06:46Z","sec-exchange",FALSE
"BFRI","Biofrontera Inc.","NASDAQ",NA,"lab.Unmapped","2026-10-02T17:06:46Z","sec-exchange",FALSE
"ICU","SeaStar Medical Holding Corp","NASDAQ",NA,"lab.Unmapped","2026-10-02T17:06:46Z","sec-exchange",FALSE
"BESS","Bimergen Energy Corp","NYSE",NA,"lab.Unmapped","2026-10-02T17:06:46Z","sec-exchange",FALSE
"NCEL","NewcelX Ltd.","NASDAQ",NA,"lab.Unmapped","2026-10-02T17:06:46Z","sec-exchange",FALSE
"ONEG","OneConstruction Group Ltd","NASDAQ",NA,"lab.Unmapped","2026-10-02T17:06:46Z","sec-exchange",TRUE
"ARKR","ARK RESTAURANTS CORP","NASDAQ",NA,"lab.Unmapped","2026-10-02T17:06:46Z","sec-exchange",FALSE
"LSTA","LISATA THERAPEUTICS, INC.","NASDAQ",NA,"lab.Unmapped","2026-10-02T17:06:46Z","sec-exchange",FALSE
"SCAG","Scage Future","NASDAQ",NA,"lab.Unmapped","2026-10-02T17:06:46Z","sec-exchange",FALSE
"FABC","Fabric.AI, Inc.","NASDAQ",NA,"lab.Unmapped","2026-10-02T17:06:46Z","sec-exchange",FALSE
"MODD","Modular Medical, Inc.","NASDAQ",NA,"lab.Unmapped","2026-10-02T17:06:46Z","sec-exchange",FALSE
"MGIH","Millennium Group International Holdings Ltd","NASDAQ",NA,"lab.Unmapped","2026-10-02T17:06:46Z","sec-exchange",FALSE
"ATCX","ATLAS CRITICAL MINERALS Corp","NASDAQ",NA,"lab.Unmapped","2026-10-02T17:06:46Z","sec-exchange",FALSE
"OPAD","Offerpad Solutions Inc.","NASDAQ",NA,"lab.Unmapped","2026-10-02T17:06:46Z","sec-exchange",FALSE
"DOGZ","Dogness (International) Corp","NASDAQ",NA,"lab.Unmapped","2026-10-02T17:06:46Z","sec-exchange",FALSE
"DARE","Dare Bioscience, Inc.","NASDAQ",NA,"lab.Unmapped","2026-10-02T17:06:46Z","sec-exchange",FALSE
"CJMB","CALLAN JMB INC.","NASDAQ",NA,"lab.Unmapped","2026-10-02T17:06:46Z","sec-exchange",FALSE
"GSIW","Garden Stage Ltd","NASDAQ",NA,"lab.Unmapped","2026-10-02T17:06:46Z","sec-exchange",FALSE
"TMDE","TMD Energy Ltd","NYSE",NA,"lab.Unmapped","2026-10-02T17:06:46Z","sec-exchange",FALSE
"ALLR","Allarity Therapeutics, Inc.","NASDAQ",NA,"lab.Unmapped","2026-10-02T17:06:46Z","sec-exchange",FALSE
"BCDA","BioCardia, Inc.","NASDAQ",NA,"lab.Unmapped","2026-10-02T17:06:46Z","sec-exchange",FALSE
"NEON","Neonode Inc.","NASDAQ",NA,"lab.Unmapped","2026-10-02T17:06:46Z","sec-exchange",FALSE
"GTIM","Good Times Restaurants Inc.","NASDAQ",NA,"lab.Unmapped","2026-10-02T17:06:46Z","sec-exchange",FALSE
"BNKK","BONK, INC.","NASDAQ",NA,"lab.Unmapped","2026-10-02T17:06:46Z","sec-exchange",FALSE
"FUSE","Fusemachines Inc.","NASDAQ",NA,"lab.Unmapped","2026-10-02T17:06:46Z","sec-exchange",FALSE
"ATTT","Raytech Holding Ltd","NASDAQ",NA,"lab.Unmapped","2026-10-02T17:06:46Z","sec-exchange",FALSE
"MOGU","MOGU Inc.","NYSE",NA,"lab.Unmapped","2026-10-02T17:06:46Z","sec-exchange",FALSE
"IHT","INNSUITES HOSPITALITY TRUST","NYSE",NA,"lab.Unmapped","2026-10-02T17:06:46Z","sec-exchange",FALSE
"PASW","Ping An Biomedical Co., Ltd.","NASDAQ",NA,"lab.Unmapped","2026-10-02T17:06:46Z","sec-exchange",FALSE
"CTXR","Citius Pharmaceuticals, Inc.","NASDAQ",NA,"lab.Unmapped","2026-10-02T17:06:46Z","sec-exchange",FALSE
"GIGM","GIGAMEDIA Ltd","NASDAQ",NA,"lab.Unmapped","2026-10-02T17:06:46Z","sec-exchange",FALSE
"UFG","Uni-Fuels Holdings Ltd","NASDAQ",NA,"lab.Unmapped","2026-10-02T17:06:46Z","sec-exchange",FALSE
"SDOT","Sadot Group Inc.","NASDAQ",NA,"lab.Unmapped","2026-10-02T17:06:46Z","sec-exchange",FALSE
"LRE","LEAD REAL ESTATE CO., LTD","NASDAQ",NA,"lab.Unmapped","2026-10-02T17:06:46Z","sec-exchange",FALSE
"SUNE","SUNation Energy, Inc.","NASDAQ",NA,"lab.Unmapped","2026-10-02T17:06:46Z","sec-exchange",FALSE
"MOBX","MOBIX LABS, INC","NASDAQ",NA,"lab.Unmapped","2026-10-02T17:06:46Z","sec-exchange",FALSE
"HTOO","Fusion Fuel Green PLC","NASDAQ",NA,"lab.Unmapped","2026-10-02T17:06:46Z","sec-exchange",TRUE
"SMSI","SMITH MICRO SOFTWARE, INC.","NASDAQ",NA,"lab.Unmapped","2026-10-02T17:06:46Z","sec-exchange",FALSE
"HODO","House of Doge Inc.","NASDAQ",NA,"lab.Unmapped","2026-10-02T17:06:46Z","sec-exchange",FALSE
"PASG","Passage BIO, Inc.","NASDAQ",NA,"lab.Unmapped","2026-10-02T17:06:46Z","sec-exchange",FALSE
"ASTC","ASTROTECH Corp","NASDAQ",NA,"lab.Unmapped","2026-10-02T17:06:46Z","sec-exchange",FALSE
"FGI","FGI Industries Ltd.","NASDAQ",NA,"lab.Unmapped","2026-10-02T17:06:46Z","sec-exchange",FALSE
"CCM","Concord Medical Services Holdings Ltd","NYSE",NA,"lab.Unmapped","2026-10-02T17:06:46Z","sec-exchange",FALSE
"MTEX","MANNATECH INC","NASDAQ",NA,"lab.Unmapped","2026-10-02T17:06:46Z","sec-exchange",FALSE
"MYND","Mynd.ai, Inc.","NYSE",NA,"lab.Unmapped","2026-10-02T17:06:46Z","sec-exchange",FALSE
"HIND","Vyome Holdings, Inc","NASDAQ",NA,"lab.Unmapped","2026-10-02T17:06:46Z","sec-exchange",FALSE
"NXXT","NEXTNRG, INC.","NASDAQ",NA,"lab.Unmapped","2026-10-02T17:06:46Z","sec-exchange",FALSE
"CUPR","Cuprina Holdings (Cayman) LTD","NASDAQ",NA,"lab.Unmapped","2026-10-02T17:06:46Z","sec-exchange",FALSE
"CNSY","CERENOME, INC.","NASDAQ",NA,"lab.Unmapped","2026-10-02T17:06:46Z","sec-exchange",FALSE
"LTRN","Lantern Pharma Inc.","NASDAQ",NA,"lab.Unmapped","2026-10-02T17:06:46Z","sec-exchange",FALSE
"EQS","EQUUS TOTAL RETURN, INC.","NYSE",NA,"lab.Unmapped","2026-10-02T17:06:46Z","sec-exchange",FALSE
"PBK","POWERBANK Corp","NASDAQ",NA,"lab.Unmapped","2026-10-02T17:06:46Z","sec-exchange",FALSE
"TULP","BLOOMIA HOLDINGS, INC.","NASDAQ",NA,"lab.Unmapped","2026-10-02T17:06:46Z","sec-exchange",FALSE
"ZDAI","DirectBooking Technology Co., Ltd.","NASDAQ",NA,"lab.Unmapped","2026-10-02T17:06:46Z","sec-exchange",FALSE
"RCT","RedCloud Holdings plc","NASDAQ",NA,"lab.Unmapped","2026-10-02T17:06:46Z","sec-exchange",TRUE
"COOT","Australian Oilseeds Holdings Ltd","NASDAQ",NA,"lab.Unmapped","2026-10-02T17:06:46Z","sec-exchange",FALSE
"DLPN","Dolphin Entertainment, Inc.","NASDAQ",NA,"lab.Unmapped","2026-10-02T17:06:46Z","sec-exchange",FALSE
"TURB","Turbo Energy, S.A.","NASDAQ",NA,"lab.Unmapped","2026-10-02T17:06:46Z","sec-exchange",TRUE
"SAGT","SAGTEC GLOBAL Ltd","NASDAQ",NA,"lab.Unmapped","2026-10-02T17:06:46Z","sec-exchange",FALSE
"TPST","Tempest Therapeutics, Inc.","NASDAQ",NA,"lab.Unmapped","2026-10-02T17:06:46Z","sec-exchange",FALSE
"SINT","Sintx Technologies, Inc.","NASDAQ",NA,"lab.Unmapped","2026-10-02T17:06:46Z","sec-exchange",FALSE
"WETH","Wetouch Technology Inc.","NASDAQ",NA,"lab.Unmapped","2026-10-02T17:06:46Z","sec-exchange",FALSE
"BRFH","BARFRESH FOOD GROUP INC.","NASDAQ",NA,"lab.Unmapped","2026-10-02T17:06:46Z","sec-exchange",FALSE
"BRN","BARNWELL INDUSTRIES INC","NYSE",NA,"lab.Unmapped","2026-10-02T17:06:46Z","sec-exchange",FALSE
"WIMI","WiMi Hologram Cloud Inc.","NASDAQ",NA,"lab.Unmapped","2026-10-02T17:06:46Z","sec-exchange",FALSE
"PLSM","Pulsenmore Ltd.","NASDAQ",NA,"lab.Unmapped","2026-10-02T17:06:46Z","sec-exchange",FALSE
"PETZ","TDH Holdings, Inc.","NASDAQ",NA,"lab.Unmapped","2026-10-02T17:06:46Z","sec-exchange",FALSE
"EBON","Ebang International Holdings Inc.","NASDAQ",NA,"lab.Unmapped","2026-10-02T17:06:46Z","sec-exchange",FALSE
"AUST","Austin Gold Corp.","NYSE",NA,"lab.Unmapped","2026-10-02T17:06:46Z","sec-exchange",FALSE
"HUIZ","Huize Holding Ltd","NASDAQ",NA,"lab.Unmapped","2026-10-02T17:06:46Z","sec-exchange",FALSE
"NUR","Nuran Wireless Inc.","NASDAQ",NA,"lab.Unmapped","2026-10-02T17:06:46Z","sec-exchange",FALSE
"MIMI","Mint Inc Ltd","NASDAQ",NA,"lab.Unmapped","2026-10-02T17:06:46Z","sec-exchange",FALSE
"RGNT","REGENTIS BIOMATERIALS LTD.","NYSE",NA,"lab.Unmapped","2026-10-02T17:06:46Z","sec-exchange",FALSE
"VTGN","Vistagen Therapeutics, Inc.","NASDAQ",NA,"lab.Unmapped","2026-10-02T17:06:46Z","sec-exchange",FALSE
"ALAR","Alarum Technologies Ltd.","NASDAQ",NA,"lab.Unmapped","2026-10-02T17:06:46Z","sec-exchange",FALSE
"CTSO","Cytosorbents Corp","NASDAQ",NA,"lab.Unmapped","2026-10-02T17:06:46Z","sec-exchange",FALSE
"XCH","XCHG Ltd","NASDAQ",NA,"lab.Unmapped","2026-10-02T17:06:46Z","sec-exchange",FALSE
"DFLI","Dragonfly Energy Holdings Corp.","NASDAQ",NA,"lab.Unmapped","2026-10-02T17:06:46Z","sec-exchange",FALSE
"BIVI","BIOVIE INC.","NASDAQ",NA,"lab.Unmapped","2026-10-02T17:06:46Z","sec-exchange",FALSE
"AEON","AEON Biopharma, Inc.","NYSE",NA,"lab.Unmapped","2026-10-02T17:06:46Z","sec-exchange",FALSE
"RPGL","Republic Power Group Ltd","NASDAQ",NA,"lab.Unmapped","2026-10-02T17:06:46Z","sec-exchange",TRUE
"CABR","Caring Brands, Inc.","NASDAQ",NA,"lab.Unmapped","2026-10-02T17:06:46Z","sec-exchange",FALSE
"REBN","Reborn Coffee, Inc.","NASDAQ",NA,"lab.Unmapped","2026-10-02T17:06:46Z","sec-exchange",FALSE
"AIRI","AIR INDUSTRIES GROUP","NYSE",NA,"lab.Unmapped","2026-10-02T17:06:46Z","sec-exchange",FALSE
"INAB","IN8BIO, INC.","NASDAQ",NA,"lab.Unmapped","2026-10-02T17:06:46Z","sec-exchange",FALSE
"CLRO","CLEARONE INC","NASDAQ",NA,"lab.Unmapped","2026-10-02T17:06:46Z","sec-exchange",FALSE
"FRTT","Fort Technology Inc","NASDAQ",NA,"lab.Unmapped","2026-10-02T17:06:46Z","sec-exchange",FALSE
"OPTT","Ocean Power Technologies, Inc.","NYSE",NA,"lab.Unmapped","2026-10-02T17:06:46Z","sec-exchange",FALSE
"SLGB","Smart Logistics Global Ltd","NASDAQ",NA,"lab.Unmapped","2026-10-02T17:06:46Z","sec-exchange",FALSE
"ICMB","Investcorp Credit Management BDC, Inc.","NASDAQ",NA,"lab.Unmapped","2026-10-02T17:06:46Z","sec-exchange",FALSE
"ADIL","ADIAL PHARMACEUTICALS, INC.","NASDAQ",NA,"lab.Unmapped","2026-10-02T17:06:46Z","sec-exchange",FALSE
"GTBP","GT Biopharma, Inc.","NASDAQ",NA,"lab.Unmapped","2026-10-02T17:06:46Z","sec-exchange",FALSE
"BTLN","Brightline Interactive, Inc./NV","NASDAQ",NA,"lab.Unmapped","2026-10-02T17:06:46Z","sec-exchange",TRUE
"PLUR","Pluri Inc.","NASDAQ",NA,"lab.Unmapped","2026-10-02T17:06:46Z","sec-exchange",FALSE
"UCL","uCloudlink Group Inc.","NASDAQ",NA,"lab.Unmapped","2026-10-02T17:06:46Z","sec-exchange",FALSE
"DETX","LIBERTY DEFENSE HOLDINGS, LTD.","NASDAQ",NA,"lab.Unmapped","2026-10-02T17:06:46Z","sec-exchange",FALSE
"PHIO","Phio Pharmaceuticals Corp.","NASDAQ",NA,"lab.Unmapped","2026-10-02T17:06:46Z","sec-exchange",FALSE
"MEDS","DataMeds AI, Inc.","NASDAQ",NA,"lab.Unmapped","2026-10-02T17:06:46Z","sec-exchange",FALSE
"OXBR","OXBRIDGE RE HOLDINGS Ltd","NASDAQ",NA,"lab.Unmapped","2026-10-02T17:06:46Z","sec-exchange",FALSE
"BLRX","BioLineRx Ltd.","NASDAQ",NA,"lab.Unmapped","2026-10-02T17:06:46Z","sec-exchange",FALSE
"GIXI","Gix Internet Ltd.","NASDAQ",NA,"lab.Unmapped","2026-10-02T17:06:46Z","sec-exchange",FALSE
"CETY","Clean Energy Technologies, Inc.","NASDAQ",NA,"lab.Unmapped","2026-10-02T17:06:46Z","sec-exchange",FALSE
"ASBP","Aspire-Lakewood Holdings, Inc.","NASDAQ",NA,"lab.Unmapped","2026-10-02T17:06:46Z","sec-exchange",FALSE
"CMMB","Chemomab Therapeutics Ltd.","NASDAQ",NA,"lab.Unmapped","2026-10-02T17:06:46Z","sec-exchange",FALSE
"HPAI","Helport AI Ltd","NASDAQ",NA,"lab.Unmapped","2026-10-02T17:06:46Z","sec-exchange",FALSE
"BFRG","BullFrog AI Holdings, Inc.","NASDAQ",NA,"lab.Unmapped","2026-10-02T17:06:46Z","sec-exchange",FALSE
"DDC","DDC Enterprise Ltd","NYSE",NA,"lab.Unmapped","2026-10-02T17:06:46Z","sec-exchange",FALSE
"FMST","Foremost Clean Energy Ltd.","NASDAQ",NA,"lab.Unmapped","2026-10-02T17:06:46Z","sec-exchange",FALSE
"KPRX","KIORA PHARMACEUTICALS INC","NASDAQ",NA,"lab.Unmapped","2026-10-02T17:06:46Z","sec-exchange",FALSE
"YFOR","YYForce Inc.","NASDAQ",NA,"lab.Unmapped","2026-10-02T17:06:46Z","sec-exchange",FALSE
"ATER","Aterian, Inc.","NASDAQ",NA,"lab.Unmapped","2026-10-02T17:06:46Z","sec-exchange",FALSE
"CALC","CalciMedica, Inc.","NASDAQ",NA,"lab.Unmapped","2026-10-02T17:06:46Z","sec-exchange",FALSE
"SEED","Origin Agritech LTD","NASDAQ",NA,"lab.Unmapped","2026-10-02T17:06:46Z","sec-exchange",FALSE
"MDCX","Medicus Pharma Ltd.","NASDAQ",NA,"lab.Unmapped","2026-10-02T17:06:46Z","sec-exchange",FALSE
"CYN","Cyngn Inc.","NASDAQ",NA,"lab.Unmapped","2026-10-02T17:06:46Z","sec-exchange",FALSE
"IRIX","IRIDEX CORP","NASDAQ",NA,"lab.Unmapped","2026-10-02T17:06:46Z","sec-exchange",FALSE
"EDUC","EDUCATIONAL DEVELOPMENT CORP","NASDAQ",NA,"lab.Unmapped","2026-10-02T17:06:46Z","sec-exchange",FALSE
"ARAI","Arrive AI Inc.","NASDAQ",NA,"lab.Unmapped","2026-10-02T17:06:46Z","sec-exchange",FALSE
"BTBD","BT Brands, Inc.","NASDAQ",NA,"lab.Unmapped","2026-10-02T17:06:46Z","sec-exchange",FALSE
"CENN","Cenntro Inc.","NASDAQ",NA,"lab.Unmapped","2026-10-02T17:06:46Z","sec-exchange",FALSE
"INTS","INTENSITY THERAPEUTICS, INC.","NASDAQ",NA,"lab.Unmapped","2026-10-02T17:06:46Z","sec-exchange",FALSE
"BTOC","Armlogi Holding Corp.","NASDAQ",NA,"lab.Unmapped","2026-10-02T17:06:46Z","sec-exchange",FALSE
"TOMZ","TOMI Environmental Solutions, Inc.","NASDAQ",NA,"lab.Unmapped","2026-10-02T17:06:46Z","sec-exchange",FALSE
"MTVA","MetaVia Inc.","NASDAQ",NA,"lab.Unmapped","2026-10-02T17:06:46Z","sec-exchange",FALSE
"NVNI","Nvni Group Ltd","NASDAQ",NA,"lab.Unmapped","2026-10-02T17:06:46Z","sec-exchange",TRUE
"MBRX","Moleculin Biotech, Inc.","NASDAQ",NA,"lab.Unmapped","2026-10-02T17:06:46Z","sec-exchange",FALSE
"SCNX","Scienture Holdings, Inc.","NASDAQ",NA,"lab.Unmapped","2026-10-02T17:06:46Z","sec-exchange",FALSE
"VRME","VerifyMe, Inc.","NASDAQ",NA,"lab.Unmapped","2026-10-02T17:06:46Z","sec-exchange",FALSE
"NMTC","NEUROONE MEDICAL TECHNOLOGIES Corp","NASDAQ",NA,"lab.Unmapped","2026-10-02T17:06:46Z","sec-exchange",FALSE
"ADVB","Advanced Biomed Inc.","NASDAQ",NA,"lab.Unmapped","2026-10-02T17:06:46Z","sec-exchange",FALSE
"IQST","iQSTEL Inc","NASDAQ",NA,"lab.Unmapped","2026-10-02T17:06:46Z","sec-exchange",FALSE
"SMXT","SolarMax Technology, Inc.","NASDAQ",NA,"lab.Unmapped","2026-10-02T17:06:46Z","sec-exchange",FALSE
"VWAV","VisionWave Holdings, Inc.","NASDAQ",NA,"lab.Unmapped","2026-10-02T17:06:46Z","sec-exchange",FALSE
"BMRA","BIOMERICA INC","NASDAQ",NA,"lab.Unmapped","2026-10-02T17:06:46Z","sec-exchange",FALSE
"MMA","MIXED MARTIAL ARTS GROUP LTD","NYSE",NA,"lab.Unmapped","2026-10-02T17:06:46Z","sec-exchange",TRUE
"PMI","Picard Medical, Inc.","NYSE",NA,"lab.Unmapped","2026-10-02T17:06:46Z","sec-exchange",FALSE
"FNGR","FingerMotion, Inc.","NASDAQ",NA,"lab.Unmapped","2026-10-02T17:06:46Z","sec-exchange",FALSE
"GYRO","Gyrodyne, LLC","NASDAQ",NA,"lab.Unmapped","2026-10-02T17:06:46Z","sec-exchange",FALSE
"HUDI","Huadi International Group Co., Ltd.","NASDAQ",NA,"lab.Unmapped","2026-10-02T17:06:46Z","sec-exchange",FALSE
"PRPL","Purple Innovation, Inc.","NASDAQ",NA,"lab.Unmapped","2026-10-02T17:06:46Z","sec-exchange",FALSE
"QH","QUHUO Ltd","NASDAQ",NA,"lab.Unmapped","2026-10-02T17:06:46Z","sec-exchange",FALSE
"GFAI","Guardforce AI Co., Ltd.","NASDAQ",NA,"lab.Unmapped","2026-10-02T17:06:46Z","sec-exchange",FALSE
"JCTC","JEWETT CAMERON TRADING CO LTD","NASDAQ",NA,"lab.Unmapped","2026-10-02T17:06:46Z","sec-exchange",FALSE
"CLWT","EURO TECH HOLDINGS CO LTD","NASDAQ",NA,"lab.Unmapped","2026-10-02T17:06:46Z","sec-exchange",FALSE
"BLIN","Bridgeline Digital, Inc.","NASDAQ",NA,"lab.Unmapped","2026-10-02T17:06:46Z","sec-exchange",FALSE
"GLE","Global Engine Group Holding Ltd","NASDAQ",NA,"lab.Unmapped","2026-10-02T17:06:46Z","sec-exchange",FALSE
"QNRX","Quoin Pharmaceuticals Ltd.","NASDAQ",NA,"lab.Unmapped","2026-10-02T17:06:46Z","sec-exchange",FALSE
"MSAI","MultiSensor AI Holdings, Inc.","NASDAQ",NA,"lab.Unmapped","2026-10-02T17:06:46Z","sec-exchange",FALSE
"PLAG","Planet Green Holdings Corp.","NYSE",NA,"lab.Unmapped","2026-10-02T17:06:46Z","sec-exchange",FALSE
"BIOT","INSTINCT BIO TECHNICAL CO HOLDINGS INC.","NASDAQ",NA,"lab.Unmapped","2026-10-02T17:06:46Z","sec-exchange",FALSE
"OST","Ostin Technology Group Co., Ltd.","NASDAQ",NA,"lab.Unmapped","2026-10-02T17:06:46Z","sec-exchange",FALSE
"GYGY","Game Your Game Inc.","NASDAQ",NA,"lab.Unmapped","2026-10-02T17:06:46Z","sec-exchange",FALSE
"LZMH","LZ Technology Holdings Ltd","NASDAQ",NA,"lab.Unmapped","2026-10-02T17:06:46Z","sec-exchange",FALSE
"JBDI","JBDI Holdings Ltd","NASDAQ",NA,"lab.Unmapped","2026-10-02T17:06:46Z","sec-exchange",FALSE
"AWX","AVALON HOLDINGS CORP","NYSE",NA,"lab.Unmapped","2026-10-02T17:06:46Z","sec-exchange",FALSE
"AEHL","Antelope Enterprise Holdings Ltd","NASDAQ",NA,"lab.Unmapped","2026-10-02T17:06:46Z","sec-exchange",FALSE
"NCPL","Netcapital Inc.","NASDAQ",NA,"lab.Unmapped","2026-10-02T17:06:46Z","sec-exchange",FALSE
"NAII","NATURAL ALTERNATIVES INTERNATIONAL INC","NASDAQ",NA,"lab.Unmapped","2026-10-02T17:06:46Z","sec-exchange",FALSE
"KALA","KALA BIO, Inc.","NASDAQ",NA,"lab.Unmapped","2026-10-02T17:06:46Z","sec-exchange",FALSE
"HCTI","Healthcare Triangle, Inc.","NASDAQ",NA,"lab.Unmapped","2026-10-02T17:06:46Z","sec-exchange",FALSE
"TOVX","Theriva Biologics, Inc.","NYSE",NA,"lab.Unmapped","2026-10-02T17:06:46Z","sec-exchange",FALSE
"IOTR","iOThree Ltd","NASDAQ",NA,"lab.Unmapped","2026-10-02T17:06:46Z","sec-exchange",FALSE
"BANL","CBL International Ltd","NASDAQ",NA,"lab.Unmapped","2026-10-02T17:06:46Z","sec-exchange",FALSE
"FLUX","Flux Power Holdings, Inc.","NASDAQ",NA,"lab.Unmapped","2026-10-02T17:06:46Z","sec-exchange",FALSE
"AIMD","Ainos, Inc.","NASDAQ",NA,"lab.Unmapped","2026-10-02T17:06:46Z","sec-exchange",FALSE
"CVR","CHICAGO RIVET & MACHINE CO","NYSE",NA,"lab.Unmapped","2026-10-02T17:06:46Z","sec-exchange",FALSE
"CLIK","Click Holdings Ltd.","NASDAQ",NA,"lab.Unmapped","2026-10-02T17:06:46Z","sec-exchange",FALSE
"INEO","INNEOVA Holdings Ltd","NASDAQ",NA,"lab.Unmapped","2026-10-02T17:06:46Z","sec-exchange",FALSE
"AMS","AMERICAN SHARED HOSPITAL SERVICES","NYSE",NA,"lab.Unmapped","2026-10-02T17:06:46Z","sec-exchange",FALSE
"FBLG","FibroBiologics, Inc.","NASDAQ",NA,"lab.Unmapped","2026-10-02T17:06:46Z","sec-exchange",FALSE
"KNRX","KNOREX LTD.","NYSE",NA,"lab.Unmapped","2026-10-02T17:06:46Z","sec-exchange",FALSE
"GDTC","CytoMed Therapeutics Ltd","NASDAQ",NA,"lab.Unmapped","2026-10-02T17:06:46Z","sec-exchange",FALSE
"APRE","Aprea Therapeutics, Inc.","NASDAQ",NA,"lab.Unmapped","2026-10-02T17:06:46Z","sec-exchange",FALSE
"MGRX","MANGOCEUTICALS, INC.","NASDAQ",NA,"lab.Unmapped","2026-10-02T17:06:46Z","sec-exchange",FALSE
"TANH","TANTECH HOLDINGS LTD","NASDAQ",NA,"lab.Unmapped","2026-10-02T17:06:46Z","sec-exchange",FALSE
"NAMI","Jinxin Technology Holding Co","NASDAQ",NA,"lab.Unmapped","2026-10-02T17:06:46Z","sec-exchange",FALSE
"SNTI","Senti Biosciences Holdings, Inc.","NASDAQ",NA,"lab.Unmapped","2026-10-02T17:06:46Z","sec-exchange",FALSE
"IMRN","Immuron Ltd","NASDAQ",NA,"lab.Unmapped","2026-10-02T17:06:46Z","sec-exchange",FALSE
"UPLD","Upland Software, Inc.","NASDAQ",NA,"lab.Unmapped","2026-10-02T17:06:46Z","sec-exchange",FALSE
"MYSE","Myseum.AI, Inc.","NASDAQ",NA,"lab.Unmapped","2026-10-02T17:06:46Z","sec-exchange",FALSE
"SFHG","SAMFINE CREATION HOLDINGS GROUP Ltd","NASDAQ",NA,"lab.Unmapped","2026-10-02T17:06:46Z","sec-exchange",TRUE
"TRAW","Traws Pharma, Inc.","NASDAQ",NA,"lab.Unmapped","2026-10-02T17:06:46Z","sec-exchange",FALSE
"CISO","CISO Global, Inc.","NASDAQ",NA,"lab.Unmapped","2026-10-02T17:06:46Z","sec-exchange",FALSE
"INUV","Inuvo, Inc.","NYSE",NA,"lab.Unmapped","2026-10-02T17:06:46Z","sec-exchange",FALSE
"NIXX","Nixxy, Inc.","NASDAQ",NA,"lab.Unmapped","2026-10-02T17:06:46Z","sec-exchange",FALSE
"RAIN","Rain Enhancement Technologies Holdco, Inc.","NASDAQ",NA,"lab.Unmapped","2026-10-02T17:06:46Z","sec-exchange",FALSE
"NDRA","ENDRA Life Sciences Inc.","NASDAQ",NA,"lab.Unmapped","2026-10-02T17:06:46Z","sec-exchange",FALSE
"TPET","Trio Petroleum Corp","NYSE",NA,"lab.Unmapped","2026-10-02T17:06:46Z","sec-exchange",FALSE
"BURU","Nuburu, Inc.","NYSE",NA,"lab.Unmapped","2026-10-02T17:06:46Z","sec-exchange",FALSE
"MSGY","Masonglory Ltd","NASDAQ",NA,"lab.Unmapped","2026-10-02T17:06:46Z","sec-exchange",FALSE
"ALZN","Alzamend Neuro, Inc.","NASDAQ",NA,"lab.Unmapped","2026-10-02T17:06:46Z","sec-exchange",FALSE
"WVVI","WILLAMETTE VALLEY VINEYARDS INC","NASDAQ",NA,"lab.Unmapped","2026-10-02T17:06:46Z","sec-exchange",FALSE
"DTSS","Datasea Intelligent Technology Ltd.","NASDAQ",NA,"lab.Unmapped","2026-10-02T17:06:46Z","sec-exchange",FALSE
"AQMS","Aqua Metals, Inc.","NASDAQ",NA,"lab.Unmapped","2026-10-02T17:06:46Z","sec-exchange",FALSE
"EEIQ","EpicQuest Education Group International Ltd","NASDAQ",NA,"lab.Unmapped","2026-10-02T17:06:46Z","sec-exchange",FALSE
"BGL","Blue Gold Ltd","NASDAQ",NA,"lab.Unmapped","2026-10-02T17:06:46Z","sec-exchange",FALSE
"XHLD","TEN Holdings, Inc.","NASDAQ",NA,"lab.Unmapped","2026-10-02T17:06:46Z","sec-exchange",FALSE
"EDHL","Everbright Digital Holding Ltd.","NASDAQ",NA,"lab.Unmapped","2026-10-02T17:06:46Z","sec-exchange",FALSE
"NRSN","NeuroSense Therapeutics Ltd.","NASDAQ",NA,"lab.Unmapped","2026-10-02T17:06:46Z","sec-exchange",FALSE
"MTEK","Maris Tech Ltd.","NASDAQ",NA,"lab.Unmapped","2026-10-02T17:06:46Z","sec-exchange",FALSE
"CRMT","AMERICAS CARMART INC","NASDAQ",NA,"lab.Unmapped","2026-10-02T17:06:46Z","sec-exchange",FALSE
"NHTC","NATURAL HEALTH TRENDS CORP","NASDAQ",NA,"lab.Unmapped","2026-10-02T17:06:46Z","sec-exchange",FALSE
"LGVN","Longeveron Inc.","NASDAQ",NA,"lab.Unmapped","2026-10-02T17:06:46Z","sec-exchange",FALSE
"MARPS","MARINE PETROLEUM TRUST","NASDAQ",NA,"lab.Unmapped","2026-10-02T17:06:46Z","sec-exchange",FALSE
"ENLV","Enlivex Ltd.","NASDAQ",NA,"lab.Unmapped","2026-10-02T17:06:46Z","sec-exchange",FALSE
"RVSN","Rail Vision Ltd.","NASDAQ",NA,"lab.Unmapped","2026-10-02T17:06:46Z","sec-exchange",FALSE
"MSN","EMERSON RADIO CORP","NYSE",NA,"lab.Unmapped","2026-10-02T17:06:46Z","sec-exchange",FALSE
"EPOW","E-Power Inc.","NASDAQ",NA,"lab.Unmapped","2026-10-02T17:06:46Z","sec-exchange",FALSE
"YJ","Yunji Inc.","NASDAQ",NA,"lab.Unmapped","2026-10-02T17:06:46Z","sec-exchange",FALSE
"IFBD","Infobird Co., Ltd","NASDAQ",NA,"lab.Unmapped","2026-10-02T17:06:46Z","sec-exchange",FALSE
"DCX","Digital Currency X Technology Inc.","NASDAQ",NA,"lab.Unmapped","2026-10-02T17:06:46Z","sec-exchange",FALSE
"POM","POMDOCTOR Ltd","NASDAQ",NA,"lab.Unmapped","2026-10-02T17:06:46Z","sec-exchange",FALSE
"GMM","Global Mofy AI Ltd","NASDAQ",NA,"lab.Unmapped","2026-10-02T17:06:46Z","sec-exchange",FALSE
"ARBB","ARB IOT Group Ltd","NASDAQ",NA,"lab.Unmapped","2026-10-02T17:06:46Z","sec-exchange",TRUE
"LRHC","La Rosa Holdings Corp.","NASDAQ",NA,"lab.Unmapped","2026-10-02T17:06:46Z","sec-exchange",FALSE
"AIRE","reAlpha Tech Corp.","NASDAQ",NA,"lab.Unmapped","2026-10-02T17:06:46Z","sec-exchange",FALSE
"VEEA","VEEA INC.","NASDAQ",NA,"lab.Unmapped","2026-10-02T17:06:46Z","sec-exchange",FALSE
"CNET","ZW Data Action Technologies Inc.","NASDAQ",NA,"lab.Unmapped","2026-10-02T17:06:46Z","sec-exchange",FALSE
"ENSC","Ensysce Biosciences, Inc.","NASDAQ",NA,"lab.Unmapped","2026-10-02T17:06:46Z","sec-exchange",FALSE
"LNAI","Lunai Bioworks Inc.","NASDAQ",NA,"lab.Unmapped","2026-10-02T17:06:46Z","sec-exchange",FALSE
"SMX","SMX (Security Matters) Public Ltd Co","NASDAQ",NA,"lab.Unmapped","2026-10-02T17:06:46Z","sec-exchange",FALSE
"LOBO","LOBO TECHNOLOGIES LTD.","NASDAQ",NA,"lab.Unmapped","2026-10-02T17:06:46Z","sec-exchange",FALSE
"WOK","WORK Medical Technology Group LTD","NASDAQ",NA,"lab.Unmapped","2026-10-02T17:06:46Z","sec-exchange",TRUE
"SEGG","Sports Entertainment Gaming Global Corp","NASDAQ",NA,"lab.Unmapped","2026-10-02T17:06:46Z","sec-exchange",FALSE
"SNGX","SOLIGENIX, INC.","NASDAQ",NA,"lab.Unmapped","2026-10-02T17:06:46Z","sec-exchange",FALSE
"CURX","Curanex Pharmaceuticals Inc","NASDAQ",NA,"lab.Unmapped","2026-10-02T17:06:46Z","sec-exchange",FALSE
"LHSW","Lianhe Sowell International Group Ltd","NASDAQ",NA,"lab.Unmapped","2026-10-02T17:06:46Z","sec-exchange",TRUE
"AZTR","Azitra, Inc.","NYSE",NA,"lab.Unmapped","2026-10-02T17:06:46Z","sec-exchange",FALSE
"ZCMD","Zhongchao Inc.","NASDAQ",NA,"lab.Unmapped","2026-10-02T17:06:46Z","sec-exchange",FALSE
"FFAI","FARADAY FUTURE INTELLIGENT ELECTRIC INC.","NASDAQ",NA,"lab.Unmapped","2026-10-02T17:06:46Z","sec-exchange",FALSE
"ALP","Alpha Compute Corp","NASDAQ",NA,"lab.Unmapped","2026-10-02T17:06:46Z","sec-exchange",FALSE
"SURG","SurgePays, Inc.","NASDAQ",NA,"lab.Unmapped","2026-10-02T17:06:46Z","sec-exchange",FALSE
"GITS","Global Interactive Technologies, Inc.","NASDAQ",NA,"lab.Unmapped","2026-10-02T17:06:46Z","sec-exchange",FALSE
"BAOS","Baosheng Media Group Holdings Ltd","NASDAQ",NA,"lab.Unmapped","2026-10-02T17:06:46Z","sec-exchange",FALSE
"INHD","INNO HOLDINGS INC.","NASDAQ",NA,"lab.Unmapped","2026-10-02T17:06:46Z","sec-exchange",FALSE
"THH","TryHard Holdings Ltd","NASDAQ",NA,"lab.Unmapped","2026-10-02T17:06:46Z","sec-exchange",FALSE
"MTEN","Mingteng International Corp Inc.","NASDAQ",NA,"lab.Unmapped","2026-10-02T17:06:46Z","sec-exchange",FALSE
"VNRX","VOLITIONRX LTD","NYSE",NA,"lab.Unmapped","2026-10-02T17:06:46Z","sec-exchange",FALSE
"INM","InMed Pharmaceuticals Inc.","NASDAQ",NA,"lab.Unmapped","2026-10-02T17:06:46Z","sec-exchange",FALSE
"VEEE","Twin Vee PowerCats, Co.","NASDAQ",NA,"lab.Unmapped","2026-10-02T17:06:46Z","sec-exchange",FALSE
"NXTT","Next Technology Holding Inc.","NASDAQ",NA,"lab.Unmapped","2026-10-02T17:06:46Z","sec-exchange",FALSE
"RMCF","Rocky Mountain Chocolate Factory, Inc.","NASDAQ",NA,"lab.Unmapped","2026-10-02T17:06:46Z","sec-exchange",FALSE
"DTST","Data Storage Corp","NASDAQ",NA,"lab.Unmapped","2026-10-02T17:06:46Z","sec-exchange",FALSE
"GXAI","GAXOS.AI INC.","NASDAQ",NA,"lab.Unmapped","2026-10-02T17:06:46Z","sec-exchange",FALSE
"XCUR","EXICURE, INC.","NASDAQ",NA,"lab.Unmapped","2026-10-02T17:06:46Z","sec-exchange",FALSE
"AMOD","ALPHA MODUS HOLDINGS, INC.","NASDAQ",NA,"lab.Unmapped","2026-10-02T17:06:46Z","sec-exchange",FALSE
"APUS","Apimeds Pharmaceuticals US, Inc.","NYSE",NA,"lab.Unmapped","2026-10-02T17:06:46Z","sec-exchange",FALSE
"XWEL","XWELL, Inc.","NASDAQ",NA,"lab.Unmapped","2026-10-02T17:06:46Z","sec-exchange",FALSE
"IMNN","Imunon, Inc.","NASDAQ",NA,"lab.Unmapped","2026-10-02T17:06:46Z","sec-exchange",FALSE
"JCSE","JE Cleantech Holdings Ltd","NASDAQ",NA,"lab.Unmapped","2026-10-02T17:06:46Z","sec-exchange",FALSE
"CODX","Co-Diagnostics, Inc.","NASDAQ",NA,"lab.Unmapped","2026-10-02T17:06:46Z","sec-exchange",FALSE
"DLXY","Delixy Holdings Ltd","NASDAQ",NA,"lab.Unmapped","2026-10-02T17:06:46Z","sec-exchange",FALSE
"CHAI","Core AI Holdings, Inc.","NASDAQ",NA,"lab.Unmapped","2026-10-02T17:06:46Z","sec-exchange",FALSE
"OBAI","Our Bond, Inc.","NASDAQ",NA,"lab.Unmapped","2026-10-02T17:06:46Z","sec-exchange",FALSE
"JYD","Jayud Global Logistics Ltd","NASDAQ",NA,"lab.Unmapped","2026-10-02T17:06:46Z","sec-exchange",FALSE
"GWH","ESS Tech, Inc.","NYSE",NA,"lab.Unmapped","2026-10-02T17:06:46Z","sec-exchange",FALSE
"REED","REED'S, INC.","NYSE",NA,"lab.Unmapped","2026-10-02T17:06:46Z","sec-exchange",FALSE
"AMIX","Autonomix Medical, Inc.","NASDAQ",NA,"lab.Unmapped","2026-10-02T17:06:46Z","sec-exchange",FALSE
"ICCM","IceCure Medical Ltd.","NASDAQ",NA,"lab.Unmapped","2026-10-02T17:06:46Z","sec-exchange",FALSE
"PRSO","Peraso Inc.","NASDAQ",NA,"lab.Unmapped","2026-10-02T17:06:46Z","sec-exchange",FALSE
"CLGN","CollPlant Biotechnologies Ltd","NASDAQ",NA,"lab.Unmapped","2026-10-02T17:06:46Z","sec-exchange",FALSE
"UCAR","U Power Ltd","NASDAQ",NA,"lab.Unmapped","2026-10-02T17:06:46Z","sec-exchange",FALSE
"CNSP","CNS Pharmaceuticals, Inc.","NASDAQ",NA,"lab.Unmapped","2026-10-02T17:06:46Z","sec-exchange",FALSE
"CELZ","CREATIVE MEDICAL TECHNOLOGY HOLDINGS, INC.","NASDAQ",NA,"lab.Unmapped","2026-10-02T17:06:46Z","sec-exchange",FALSE
"TDIC","Dreamland Ltd","NASDAQ",NA,"lab.Unmapped","2026-10-02T17:06:46Z","sec-exchange",FALSE
"AUUD","AUDDIA INC.","NASDAQ",NA,"lab.Unmapped","2026-10-02T17:06:46Z","sec-exchange",FALSE
"TWG","Top Wealth Group Holding Ltd","NASDAQ",NA,"lab.Unmapped","2026-10-02T17:06:46Z","sec-exchange",FALSE
"UK","Ucommune International Ltd","NASDAQ",NA,"lab.Unmapped","2026-10-02T17:06:46Z","sec-exchange",FALSE
"FEBO","Fenbo Holdings Ltd","NASDAQ",NA,"lab.Unmapped","2026-10-02T17:06:46Z","sec-exchange",FALSE
"ACON","Aclarion, Inc.","NASDAQ",NA,"lab.Unmapped","2026-10-02T17:06:46Z","sec-exchange",FALSE
"SKYE","Skye Bioscience, Inc.","NASDAQ",NA,"lab.Unmapped","2026-10-02T17:06:46Z","sec-exchange",FALSE
"BOLT","Bolt Biotherapeutics, Inc.","NASDAQ",NA,"lab.Unmapped","2026-10-02T17:06:46Z","sec-exchange",FALSE
"WKSP","Worksport Ltd","NASDAQ",NA,"lab.Unmapped","2026-10-02T17:06:46Z","sec-exchange",FALSE
"GCDT","Green Circle Decarbonize Technology Ltd","NYSE",NA,"lab.Unmapped","2026-10-02T17:06:46Z","sec-exchange",FALSE
"DAIC","CID Holdco, Inc.","NASDAQ",NA,"lab.Unmapped","2026-10-02T17:06:46Z","sec-exchange",FALSE
"DFNS","T3 Defense Inc.","NASDAQ",NA,"lab.Unmapped","2026-10-02T17:06:46Z","sec-exchange",FALSE
"YHGJ","YUNHONG GREEN CTI LTD.","NASDAQ",NA,"lab.Unmapped","2026-10-02T17:06:46Z","sec-exchange",FALSE
"SYNX","Silynxcom Ltd.","NYSE",NA,"lab.Unmapped","2026-10-02T17:06:46Z","sec-exchange",FALSE
"CGTL","Creative Global Technology Holdings Ltd","NASDAQ",NA,"lab.Unmapped","2026-10-02T17:06:46Z","sec-exchange",FALSE
"SOS","SOS Ltd","NYSE",NA,"lab.Unmapped","2026-10-02T17:06:46Z","sec-exchange",FALSE
"AIM","AIM ImmunoTech Inc.","NYSE",NA,"lab.Unmapped","2026-10-02T17:06:46Z","sec-exchange",FALSE
"TKLF","Tokyo Lifestyle Co., Ltd.","NASDAQ",NA,"lab.Unmapped","2026-10-02T17:06:46Z","sec-exchange",FALSE
"ELOG","Eastern International Ltd.","NASDAQ",NA,"lab.Unmapped","2026-10-02T17:06:46Z","sec-exchange",FALSE
"ENVB","Enveric Biosciences, Inc.","NASDAQ",NA,"lab.Unmapped","2026-10-02T17:06:46Z","sec-exchange",FALSE
"AMST","Amesite Inc.","NASDAQ",NA,"lab.Unmapped","2026-10-02T17:06:46Z","sec-exchange",FALSE
"CCTG","CCSC Technology International Holdings Ltd","NASDAQ",NA,"lab.Unmapped","2026-10-02T17:06:46Z","sec-exchange",FALSE
"EVGN","Evogene Ltd.","NASDAQ",NA,"lab.Unmapped","2026-10-02T17:06:46Z","sec-exchange",FALSE
"ITOC","iTonic Holdings Ltd","NASDAQ",NA,"lab.Unmapped","2026-10-02T17:06:46Z","sec-exchange",FALSE
"LEXX","Lexaria Bioscience Corp.","NASDAQ",NA,"lab.Unmapped","2026-10-02T17:06:46Z","sec-exchange",FALSE
"QCLS","Q/C TECHNOLOGIES, INC.","NASDAQ",NA,"lab.Unmapped","2026-10-02T17:06:46Z","sec-exchange",FALSE
"VS","Versus Systems Inc.","NASDAQ",NA,"lab.Unmapped","2026-10-02T17:06:46Z","sec-exchange",FALSE
"SONM","DNA X, Inc.","NASDAQ",NA,"lab.Unmapped","2026-10-02T17:06:46Z","sec-exchange",FALSE
"BTTC","Black Titan Corp","NASDAQ",NA,"lab.Unmapped","2026-10-02T17:06:46Z","sec-exchange",FALSE
"CWD","CaliberCos Inc.","NASDAQ",NA,"lab.Unmapped","2026-10-02T17:06:46Z","sec-exchange",FALSE
"DXST","Decent Holding Inc.","NASDAQ",NA,"lab.Unmapped","2026-10-02T17:06:46Z","sec-exchange",FALSE
"WAFU","Wah Fu Education Group Ltd","NASDAQ",NA,"lab.Unmapped","2026-10-02T17:06:46Z","sec-exchange",TRUE
"YMAT","J-Star Holding Co., Ltd.","NASDAQ",NA,"lab.Unmapped","2026-10-02T17:06:46Z","sec-exchange",FALSE
"JWEL","Jowell Global Ltd.","NASDAQ",NA,"lab.Unmapped","2026-10-02T17:06:46Z","sec-exchange",FALSE
"VSA","VisionSys AI Inc","NASDAQ",NA,"lab.Unmapped","2026-10-02T17:06:46Z","sec-exchange",FALSE
"CMCT","Creative Media & Community Trust Corp","NASDAQ",NA,"lab.Unmapped","2026-10-02T17:06:46Z","sec-exchange",FALSE
"BGMS","Bio Green Med Solution, Inc.","NASDAQ",NA,"lab.Unmapped","2026-10-02T17:06:46Z","sec-exchange",FALSE
"AUID","authID Inc.","NASDAQ",NA,"lab.Unmapped","2026-10-02T17:06:46Z","sec-exchange",FALSE
"TWAV","TaoWeave, Inc.","NASDAQ",NA,"lab.Unmapped","2026-10-02T17:06:46Z","sec-exchange",FALSE
"GP","GREENPOWER MOTOR Co INC.","NASDAQ",NA,"lab.Unmapped","2026-10-02T17:06:46Z","sec-exchange",FALSE
"SNOA","Sonoma Pharmaceuticals, Inc.","NASDAQ",NA,"lab.Unmapped","2026-10-02T17:06:46Z","sec-exchange",FALSE
"NVNO","enVVeno Medical Corp","NASDAQ",NA,"lab.Unmapped","2026-10-02T17:06:46Z","sec-exchange",FALSE
"GAUZ","Gauzy Ltd.","NASDAQ",NA,"lab.Unmapped","2026-10-02T17:06:46Z","sec-exchange",FALSE
"HXHX","Haoxin Holdings Ltd","NASDAQ",NA,"lab.Unmapped","2026-10-02T17:06:46Z","sec-exchange",FALSE
"KRKR","36Kr Holdings Inc.","NASDAQ",NA,"lab.Unmapped","2026-10-02T17:06:46Z","sec-exchange",FALSE
"CXAI","CXApp Inc.","NASDAQ",NA,"lab.Unmapped","2026-10-02T17:06:46Z","sec-exchange",FALSE
"BQ","Boqii Holding Ltd","NYSE",NA,"lab.Unmapped","2026-10-02T17:06:46Z","sec-exchange",FALSE
"RENX","RenX Enterprises Corp.","NASDAQ",NA,"lab.Unmapped","2026-10-02T17:06:46Z","sec-exchange",FALSE
"HCAI","Huachen AI Parking Management Technology Holding Co., Ltd","NASDAQ",NA,"lab.Unmapped","2026-10-02T17:06:46Z","sec-exchange",FALSE
"GURE","GULF RESOURCES, INC.","NASDAQ",NA,"lab.Unmapped","2026-10-02T17:06:46Z","sec-exchange",FALSE
"GLXG","Galaxy Payroll Group Ltd","NASDAQ",NA,"lab.Unmapped","2026-10-02T17:06:46Z","sec-exchange",TRUE
"PULM","Pulmatrix, Inc.","NASDAQ",NA,"lab.Unmapped","2026-10-02T17:06:46Z","sec-exchange",FALSE
"GELS","Gelteq Ltd","NASDAQ",NA,"lab.Unmapped","2026-10-02T17:06:46Z","sec-exchange",FALSE
"ILAG","Intelligent Living Application Group Inc.","NASDAQ",NA,"lab.Unmapped","2026-10-02T17:06:46Z","sec-exchange",FALSE
"GDC","GD Culture Group Ltd","NASDAQ",NA,"lab.Unmapped","2026-10-02T17:06:46Z","sec-exchange",TRUE
"KAPA","Kairos Pharma, LTD.","NYSE",NA,"lab.Unmapped","2026-10-02T17:06:46Z","sec-exchange",FALSE
"MEGL","Magic Empire Global Ltd","NASDAQ",NA,"lab.Unmapped","2026-10-02T17:06:46Z","sec-exchange",FALSE
"ORKT","ORANGEKLOUD TECHNOLOGY INC.","NASDAQ",NA,"lab.Unmapped","2026-10-02T17:06:46Z","sec-exchange",FALSE
"AMBO","Ambow Education Holding Ltd.","NYSE",NA,"lab.Unmapped","2026-10-02T17:06:46Z","sec-exchange",FALSE
"DRMA","Dermata Therapeutics, Inc.","NASDAQ",NA,"lab.Unmapped","2026-10-02T17:06:46Z","sec-exchange",FALSE
"ACXP","Acurx Pharmaceuticals, Inc.","NASDAQ",NA,"lab.Unmapped","2026-10-02T17:06:46Z","sec-exchange",FALSE
"CDIO","Cardio Diagnostics Holdings, Inc.","NASDAQ",NA,"lab.Unmapped","2026-10-02T17:06:46Z","sec-exchange",FALSE
"DKI","DarkIris Inc.","NASDAQ",NA,"lab.Unmapped","2026-10-02T17:06:46Z","sec-exchange",FALSE
"AIDX","20/20 Biolabs, Inc.","NASDAQ",NA,"lab.Unmapped","2026-10-02T17:06:46Z","sec-exchange",FALSE
"MITQ","MOVING iMAGE TECHNOLOGIES INC.","NYSE",NA,"lab.Unmapped","2026-10-02T17:06:46Z","sec-exchange",FALSE
"SPHL","SPRINGVIEW HOLDINGS LTD","NASDAQ",NA,"lab.Unmapped","2026-10-02T17:06:46Z","sec-exchange",FALSE
"INBS","INTELLIGENT BIO SOLUTIONS INC.","NASDAQ",NA,"lab.Unmapped","2026-10-02T17:06:46Z","sec-exchange",FALSE
"NWTG","Newton Golf Company, Inc.","NASDAQ",NA,"lab.Unmapped","2026-10-02T17:06:46Z","sec-exchange",FALSE
"WBUY","WEBUY GLOBAL LTD","NASDAQ",NA,"lab.Unmapped","2026-10-02T17:06:46Z","sec-exchange",FALSE
"XTLB","XTL BIOPHARMACEUTICALS LTD","NASDAQ",NA,"lab.Unmapped","2026-10-02T17:06:46Z","sec-exchange",FALSE
"HKPD","Cellyan Biotechnology Co., Ltd","NASDAQ",NA,"lab.Unmapped","2026-10-02T17:06:46Z","sec-exchange",FALSE
"LIMN","Liminatus Pharma, Inc.","NASDAQ",NA,"lab.Unmapped","2026-10-02T17:06:46Z","sec-exchange",FALSE
"MRM","Medirom Healthcare Technologies Inc.","NASDAQ",NA,"lab.Unmapped","2026-10-02T17:06:46Z","sec-exchange",FALSE
"TRIB","TRINITY BIOTECH PLC","NASDAQ",NA,"lab.Unmapped","2026-10-02T17:06:46Z","sec-exchange",TRUE
"LCFY","Locafy Ltd","NASDAQ",NA,"lab.Unmapped","2026-10-02T17:06:46Z","sec-exchange",FALSE
"XBIO","Xenetic Biosciences, Inc.","NASDAQ",NA,"lab.Unmapped","2026-10-02T17:06:46Z","sec-exchange",FALSE
"YDKG","Yueda Digital Holding","NASDAQ",NA,"lab.Unmapped","2026-10-02T17:06:46Z","sec-exchange",FALSE
"INLF","INLIF Ltd","NASDAQ",NA,"lab.Unmapped","2026-10-02T17:06:46Z","sec-exchange",FALSE
"AMSS","AMASS BRANDS","NASDAQ",NA,"lab.Unmapped","2026-10-02T17:06:46Z","sec-exchange",FALSE
"NCNA","NuCana plc","NASDAQ",NA,"lab.Unmapped","2026-10-02T17:06:46Z","sec-exchange",TRUE
"ILLR","Triller Group Inc.","NASDAQ",NA,"lab.Unmapped","2026-10-02T17:06:46Z","sec-exchange",FALSE
"POAS","PHAOS TECHNOLOGY HOLDINGS (CAYMAN) Ltd","NYSE",NA,"lab.Unmapped","2026-10-02T17:06:46Z","sec-exchange",FALSE
"YCBD","cbdMD, Inc.","NYSE",NA,"lab.Unmapped","2026-10-02T17:06:46Z","sec-exchange",FALSE
"CRE","Cre8 Enterprise Ltd","NASDAQ",NA,"lab.Unmapped","2026-10-02T17:06:46Z","sec-exchange",FALSE
"FBGL","FBS Global Ltd","NASDAQ",NA,"lab.Unmapped","2026-10-02T17:06:46Z","sec-exchange",FALSE
"PCSA","Processa Pharmaceuticals, Inc.","NASDAQ",NA,"lab.Unmapped","2026-10-02T17:06:46Z","sec-exchange",FALSE
"POLA","Polar Power, Inc.","NASDAQ",NA,"lab.Unmapped","2026-10-02T17:06:46Z","sec-exchange",FALSE
"ADXN","Addex Therapeutics Ltd.","NASDAQ",NA,"lab.Unmapped","2026-10-02T17:06:46Z","sec-exchange",FALSE
"VMAR","Vision Marine Technologies Inc.","NASDAQ",NA,"lab.Unmapped","2026-10-02T17:06:46Z","sec-exchange",FALSE
"BMGL","Basel Medical Group Ltd","NASDAQ",NA,"lab.Unmapped","2026-10-02T17:06:46Z","sec-exchange",TRUE
"CHNR","CHINA NATURAL RESOURCES INC","NASDAQ",NA,"lab.Unmapped","2026-10-02T17:06:46Z","sec-exchange",TRUE
"SNTG","Sentage Holdings Inc.","NASDAQ",NA,"lab.Unmapped","2026-10-02T17:06:46Z","sec-exchange",FALSE
"FAMI","Farmmi, Inc.","NASDAQ",NA,"lab.Unmapped","2026-10-02T17:06:46Z","sec-exchange",FALSE
"SVRE","SaverOne 2014 Ltd.","NASDAQ",NA,"lab.Unmapped","2026-10-02T17:06:46Z","sec-exchange",FALSE
"RMSG","Real Messenger Corp","NASDAQ",NA,"lab.Unmapped","2026-10-02T17:06:46Z","sec-exchange",FALSE
"AQB","AQUABOUNTY TECHNOLOGIES INC","NASDAQ",NA,"lab.Unmapped","2026-10-02T17:06:46Z","sec-exchange",FALSE
"FRSX","Foresight Autonomous Holdings Ltd.","NASDAQ",NA,"lab.Unmapped","2026-10-02T17:06:46Z","sec-exchange",FALSE
"OLB","OLB GROUP, INC.","NASDAQ",NA,"lab.Unmapped","2026-10-02T17:06:46Z","sec-exchange",FALSE
"EZGO","EZGO Technologies Ltd.","NASDAQ",NA,"lab.Unmapped","2026-10-02T17:06:46Z","sec-exchange",FALSE
"XELB","XCel Brands, Inc.","NASDAQ",NA,"lab.Unmapped","2026-10-02T17:06:46Z","sec-exchange",FALSE
"INTJ","Intelligent Group Ltd","NASDAQ",NA,"lab.Unmapped","2026-10-02T17:06:46Z","sec-exchange",TRUE
"TOPS","TOP SHIPS INC.","NYSE",NA,"lab.Unmapped","2026-10-02T17:06:46Z","sec-exchange",FALSE
"CANF","Can-Fite BioPharma Ltd.","NYSE",NA,"lab.Unmapped","2026-10-02T17:06:46Z","sec-exchange",FALSE
"HYFM","HYDROFARM HOLDINGS GROUP, INC.","NASDAQ",NA,"lab.Unmapped","2026-10-02T17:06:46Z","sec-exchange",FALSE
"PMCB","PharmaCyte Biotech, Inc.","NASDAQ",NA,"lab.Unmapped","2026-10-02T17:06:46Z","sec-exchange",FALSE
"TAOP","Taoping Inc.","NASDAQ",NA,"lab.Unmapped","2026-10-02T17:06:46Z","sec-exchange",FALSE
"MTR","MESA ROYALTY TRUST/TX","NYSE",NA,"lab.Unmapped","2026-10-02T17:06:46Z","sec-exchange",FALSE
"MGN","Megan Holdings Ltd.","NASDAQ",NA,"lab.Unmapped","2026-10-02T17:06:46Z","sec-exchange",FALSE
"UZX","Linkage Global Inc","NASDAQ",NA,"lab.Unmapped","2026-10-02T17:06:46Z","sec-exchange",FALSE
"BKYI","BIO KEY INTERNATIONAL INC","NASDAQ",NA,"lab.Unmapped","2026-10-02T17:06:46Z","sec-exchange",FALSE
"AEMD","AETHLON MEDICAL INC","NASDAQ",NA,"lab.Unmapped","2026-10-02T17:06:46Z","sec-exchange",FALSE
"CPOP","Pop Culture Group Co., Ltd","NASDAQ",NA,"lab.Unmapped","2026-10-02T17:06:46Z","sec-exchange",FALSE
"GRI","GRI Bio, Inc.","NASDAQ",NA,"lab.Unmapped","2026-10-02T17:06:46Z","sec-exchange",FALSE
"NTCL","NetClass Technology Inc","NASDAQ",NA,"lab.Unmapped","2026-10-02T17:06:46Z","sec-exchange",FALSE
"SXTP","60 DEGREES PHARMACEUTICALS, INC.","NASDAQ",NA,"lab.Unmapped","2026-10-02T17:06:46Z","sec-exchange",FALSE
"XPON","Expion Energy, Inc.","NASDAQ",NA,"lab.Unmapped","2026-10-02T17:06:46Z","sec-exchange",FALSE
"SGLY","Singularity Future Technology Ltd.","NASDAQ",NA,"lab.Unmapped","2026-10-02T17:06:46Z","sec-exchange",FALSE
"OMH","Ohmyhome Ltd","NASDAQ",NA,"lab.Unmapped","2026-10-02T17:06:46Z","sec-exchange",FALSE
"NCI","Neo-Concept International Group Holdings Ltd","NASDAQ",NA,"lab.Unmapped","2026-10-02T17:06:46Z","sec-exchange",FALSE
"HIHO","HIGHWAY HOLDINGS LTD","NASDAQ",NA,"lab.Unmapped","2026-10-02T17:06:46Z","sec-exchange",FALSE
"NCRA","NOCERA, INC.","NASDAQ",NA,"lab.Unmapped","2026-10-02T17:06:46Z","sec-exchange",FALSE
"EJH","E-Home Household Service Holdings Ltd","NASDAQ",NA,"lab.Unmapped","2026-10-02T17:06:46Z","sec-exchange",FALSE
"BIAF","bioAffinity Technologies, Inc.","NASDAQ",NA,"lab.Unmapped","2026-10-02T17:06:46Z","sec-exchange",FALSE
"BGLC","BioNexus Gene Lab Corp","NASDAQ",NA,"lab.Unmapped","2026-10-02T17:06:46Z","sec-exchange",FALSE
"BOXL","Boxlight Corp","NASDAQ",NA,"lab.Unmapped","2026-10-02T17:06:46Z","sec-exchange",FALSE
"EHGO","EShallGo Inc.","NASDAQ",NA,"lab.Unmapped","2026-10-02T17:06:46Z","sec-exchange",FALSE
"ATXG","ADDENTAX GROUP CORP.","NASDAQ",NA,"lab.Unmapped","2026-10-02T17:06:46Z","sec-exchange",FALSE
"YYAI","AIRWA INC.","NASDAQ",NA,"lab.Unmapped","2026-10-02T17:06:46Z","sec-exchange",FALSE
"BRNX","BRENX LTD.","NASDAQ",NA,"lab.Unmapped","2026-10-02T17:06:46Z","sec-exchange",FALSE
"CVKD","Cadrenal Therapeutics, Inc.","NASDAQ",NA,"lab.Unmapped","2026-10-02T17:06:46Z","sec-exchange",FALSE
"ABTS","Abits Group Inc","NASDAQ",NA,"lab.Unmapped","2026-10-02T17:06:46Z","sec-exchange",FALSE
"NIKI","Niki BioSolutions, Inc.","NASDAQ",NA,"lab.Unmapped","2026-10-02T17:06:46Z","sec-exchange",FALSE
"CHR","Cheer Holding, Inc.","NASDAQ",NA,"lab.Unmapped","2026-10-02T17:06:46Z","sec-exchange",FALSE
"SCKT","SOCKET MOBILE, INC.","NASDAQ",NA,"lab.Unmapped","2026-10-02T17:06:46Z","sec-exchange",FALSE
"GBR","New Concept Energy, Inc.","NYSE",NA,"lab.Unmapped","2026-10-02T17:06:46Z","sec-exchange",FALSE
"IBG","Innovation Beverage Group Ltd","NASDAQ",NA,"lab.Unmapped","2026-10-02T17:06:46Z","sec-exchange",TRUE
"CDTG","CDT Environmental Technology Investment Holdings Ltd","NASDAQ",NA,"lab.Unmapped","2026-10-02T17:06:46Z","sec-exchange",FALSE
"IVDA","Iveda Solutions, Inc.","NASDAQ",NA,"lab.Unmapped","2026-10-02T17:06:46Z","sec-exchange",FALSE
"DFSC","DEFSEC Technologies Inc.","NASDAQ",NA,"lab.Unmapped","2026-10-02T17:06:46Z","sec-exchange",FALSE
"LGCL","Lucas GC Ltd","NASDAQ",NA,"lab.Unmapped","2026-10-02T17:06:46Z","sec-exchange",FALSE
"MBIO","MUSTANG BIO, INC.","NASDAQ",NA,"lab.Unmapped","2026-10-02T17:06:46Z","sec-exchange",FALSE
"NXL","Nexalin Technology, Inc.","NASDAQ",NA,"lab.Unmapped","2026-10-02T17:06:46Z","sec-exchange",FALSE
"ERNA","Ernexa Therapeutics Inc.","NASDAQ",NA,"lab.Unmapped","2026-10-02T17:06:46Z","sec-exchange",FALSE
"CTNT","CHEETAH NET SUPPLY CHAIN SERVICE INC.","NASDAQ",NA,"lab.Unmapped","2026-10-02T17:06:46Z","sec-exchange",FALSE
"WLDS","Wearable Devices Ltd.","NASDAQ",NA,"lab.Unmapped","2026-10-02T17:06:46Z","sec-exchange",FALSE
"AGRZ","Agroz Inc.","NASDAQ",NA,"lab.Unmapped","2026-10-02T17:06:46Z","sec-exchange",FALSE
"SXTC","China SXT Pharmaceuticals, Inc.","NASDAQ",NA,"lab.Unmapped","2026-10-02T17:06:46Z","sec-exchange",TRUE
"MLEC","Moolec Science SA","NASDAQ",NA,"lab.Unmapped","2026-10-02T17:06:46Z","sec-exchange",TRUE
"CYAB","CYABRA, INC.","NASDAQ",NA,"lab.Unmapped","2026-10-02T17:06:46Z","sec-exchange",FALSE
"KUST","KUSTOM ENTERTAINMENT, INC.","NASDAQ",NA,"lab.Unmapped","2026-10-02T17:06:46Z","sec-exchange",FALSE
"CETX","CEMTREX INC","NASDAQ",NA,"lab.Unmapped","2026-10-02T17:06:46Z","sec-exchange",FALSE
"SNES","SenesTech, Inc.","NASDAQ",NA,"lab.Unmapped","2026-10-02T17:06:46Z","sec-exchange",FALSE
"PAVS","Paranovus Entertainment Technology Ltd.","NASDAQ",NA,"lab.Unmapped","2026-10-02T17:06:46Z","sec-exchange",FALSE
"PMAX","Powell Max Ltd","NASDAQ",NA,"lab.Unmapped","2026-10-02T17:06:46Z","sec-exchange",FALSE
"TRNR","Interactive Strength, Inc.","NASDAQ",NA,"lab.Unmapped","2026-10-02T17:06:46Z","sec-exchange",FALSE
"FMFC","Kandal M Venture Ltd","NASDAQ",NA,"lab.Unmapped","2026-10-02T17:06:46Z","sec-exchange",FALSE
"APVO","Aptevo Therapeutics Inc.","NASDAQ",NA,"lab.Unmapped","2026-10-02T17:06:46Z","sec-exchange",FALSE
"FCUV","FOCUS UNIVERSAL INC.","NASDAQ",NA,"lab.Unmapped","2026-10-02T17:06:46Z","sec-exchange",FALSE
"ICON","Icon Energy Corp","NASDAQ",NA,"lab.Unmapped","2026-10-02T17:06:46Z","sec-exchange",FALSE
"ONCO","Onconetix, Inc.","NASDAQ",NA,"lab.Unmapped","2026-10-02T17:06:46Z","sec-exchange",FALSE
"RIME","Algorhythm Holdings, Inc.","NASDAQ",NA,"lab.Unmapped","2026-10-02T17:06:46Z","sec-exchange",FALSE
"PRFX","PRF Technologies Ltd.","NASDAQ",NA,"lab.Unmapped","2026-10-02T17:06:46Z","sec-exchange",FALSE
"NXAT","Nexus Advanced Technologies Inc.","NASDAQ",NA,"lab.Unmapped","2026-10-02T17:06:46Z","sec-exchange",FALSE
"REVB","REVELATION BIOSCIENCES, INC.","NASDAQ",NA,"lab.Unmapped","2026-10-02T17:06:46Z","sec-exchange",FALSE
"ADGM","Adagio Medical Holdings, Inc.","NASDAQ",NA,"lab.Unmapped","2026-10-02T17:06:46Z","sec-exchange",FALSE
"TOPP","Toppoint Holdings Inc.","NYSE",NA,"lab.Unmapped","2026-10-02T17:06:46Z","sec-exchange",FALSE
"LXEH","Lixiang Education Holding Co. Ltd.","NASDAQ",NA,"lab.Unmapped","2026-10-02T17:06:46Z","sec-exchange",FALSE
"HCWB","HCW Biologics Inc.","NASDAQ",NA,"lab.Unmapped","2026-10-02T17:06:46Z","sec-exchange",FALSE
"PPCB","Propanc Biopharma, Inc.","NASDAQ",NA,"lab.Unmapped","2026-10-02T17:06:46Z","sec-exchange",FALSE
"GOVX","GeoVax Labs, Inc.","NASDAQ",NA,"lab.Unmapped","2026-10-02T17:06:46Z","sec-exchange",FALSE
"RETO","ReTo Eco-Solutions, Inc.","NASDAQ",NA,"lab.Unmapped","2026-10-02T17:06:46Z","sec-exchange",FALSE
"JUNS","JUPITER NEUROSCIENCES, INC.","NASDAQ",NA,"lab.Unmapped","2026-10-02T17:06:46Z","sec-exchange",FALSE
"CAPS","Capstone Holding Corp.","NASDAQ",NA,"lab.Unmapped","2026-10-02T17:06:46Z","sec-exchange",FALSE
"BRTX","BioRestorative Therapies, Inc.","NASDAQ",NA,"lab.Unmapped","2026-10-02T17:06:46Z","sec-exchange",FALSE
"CNEY","CN ENERGY GROUP. INC.","NASDAQ",NA,"lab.Unmapped","2026-10-02T17:06:46Z","sec-exchange",FALSE
"RBNE","Robin Energy Ltd.","NASDAQ",NA,"lab.Unmapped","2026-10-02T17:06:46Z","sec-exchange",FALSE
"XRTX","XORTX Therapeutics Inc.","NASDAQ",NA,"lab.Unmapped","2026-10-02T17:06:46Z","sec-exchange",FALSE
"SBFM","Sunshine Biopharma Inc.","NASDAQ",NA,"lab.Unmapped","2026-10-02T17:06:46Z","sec-exchange",FALSE
"ISPC","iSpecimen Inc.","NASDAQ",NA,"lab.Unmapped","2026-10-02T17:06:46Z","sec-exchange",FALSE
"HTCR","HeartCore Enterprises, Inc.","NASDAQ",NA,"lab.Unmapped","2026-10-02T17:06:46Z","sec-exchange",FALSE
"ELAB","PMGC Holdings Inc.","NASDAQ",NA,"lab.Unmapped","2026-10-02T17:06:46Z","sec-exchange",FALSE
"VVOS","Vivos Therapeutics, Inc.","NASDAQ",NA,"lab.Unmapped","2026-10-02T17:06:46Z","sec-exchange",FALSE
"MASK","3 E Network Technology Group Ltd","NASDAQ",NA,"lab.Unmapped","2026-10-02T17:06:46Z","sec-exchange",TRUE
"RDHL","RedHill Biopharma Ltd.","NASDAQ",NA,"lab.Unmapped","2026-10-02T17:06:46Z","sec-exchange",FALSE
"MKZR","MacKenzie Realty Capital, Inc.","NASDAQ",NA,"lab.Unmapped","2026-10-02T17:06:46Z","sec-exchange",FALSE
"IZM","ICZOOM Group Inc.","NASDAQ",NA,"lab.Unmapped","2026-10-02T17:06:46Z","sec-exchange",FALSE
"OCG","Oriental Culture Holding LTD","NASDAQ",NA,"lab.Unmapped","2026-10-02T17:06:46Z","sec-exchange",FALSE
"XAIR","Beyond Air, Inc.","NASDAQ",NA,"lab.Unmapped","2026-10-02T17:06:46Z","sec-exchange",FALSE
"TGL","TREASURE GLOBAL INC","NASDAQ",NA,"lab.Unmapped","2026-10-02T17:06:46Z","sec-exchange",FALSE
"SILO","Silo Pharma, Inc.","NASDAQ",NA,"lab.Unmapped","2026-10-02T17:06:46Z","sec-exchange",FALSE
"JAGX","Jaguar Health, Inc.","NASDAQ",NA,"lab.Unmapped","2026-10-02T17:06:46Z","sec-exchange",FALSE
"MTNB","Matinas BioPharma Holdings, Inc.","NYSE",NA,"lab.Unmapped","2026-10-02T17:06:46Z","sec-exchange",FALSE
"GVH","Globavend Holdings Ltd","NASDAQ",NA,"lab.Unmapped","2026-10-02T17:06:46Z","sec-exchange",FALSE
"CLDI","Calidi Biotherapeutics, Inc.","NYSE",NA,"lab.Unmapped","2026-10-02T17:06:46Z","sec-exchange",FALSE
"RDGT","Ridgetech Inc.","NASDAQ",NA,"lab.Unmapped","2026-10-02T17:06:46Z","sec-exchange",FALSE
"ELPW","Elong Power Holding Ltd.","NASDAQ",NA,"lab.Unmapped","2026-10-02T17:06:46Z","sec-exchange",FALSE
"SPRC","SciSparc Ltd.","NASDAQ",NA,"lab.Unmapped","2026-10-02T17:06:46Z","sec-exchange",FALSE
"VIVS","VivoSim Labs, INC.","NASDAQ",NA,"lab.Unmapped","2026-10-02T17:06:46Z","sec-exchange",FALSE
"CMND","Clearmind Medicine Inc.","NASDAQ",NA,"lab.Unmapped","2026-10-02T17:06:46Z","sec-exchange",FALSE
"PW","Power REIT","NYSE",NA,"lab.Unmapped","2026-10-02T17:06:46Z","sec-exchange",FALSE
"CIIT","Tianci International, Inc.","NASDAQ",NA,"lab.Unmapped","2026-10-02T17:06:46Z","sec-exchange",FALSE
"DBGI","Digital Brands Group, Inc.","NASDAQ",NA,"lab.Unmapped","2026-10-02T17:06:46Z","sec-exchange",FALSE
"VBIO","Valion Bio, Inc.","NASDAQ",NA,"lab.Unmapped","2026-10-02T17:06:46Z","sec-exchange",FALSE
"VSME","VS MEDIA Holdings Ltd","NASDAQ",NA,"lab.Unmapped","2026-10-02T17:06:46Z","sec-exchange",FALSE
"CHSN","Chanson International Holding","NASDAQ",NA,"lab.Unmapped","2026-10-02T17:06:46Z","sec-exchange",FALSE
"AGMH","AGM GROUP HOLDINGS, INC.","NASDAQ",NA,"lab.Unmapped","2026-10-02T17:06:46Z","sec-exchange",FALSE
"JEM","707 Cayman Holdings Ltd.","NASDAQ",NA,"lab.Unmapped","2026-10-02T17:06:46Z","sec-exchange",FALSE
"TCRT","Alaunos Therapeutics, Inc.","NASDAQ",NA,"lab.Unmapped","2026-10-02T17:06:46Z","sec-exchange",FALSE
"CSAI","CLOUDASTRUCTURE, INC.","NASDAQ",NA,"lab.Unmapped","2026-10-02T17:06:46Z","sec-exchange",FALSE
"ONFO","Onfolio Holdings, Inc","NASDAQ",NA,"lab.Unmapped","2026-10-02T17:06:46Z","sec-exchange",FALSE
"EDBL","Edible Garden AG Inc","NASDAQ",NA,"lab.Unmapped","2026-10-02T17:06:46Z","sec-exchange",TRUE
"PARA","Banzai International, Inc.","NASDAQ",NA,"lab.Unmapped","2026-10-02T17:06:46Z","sec-exchange",FALSE
"IPDN","Professional Diversity Network, Inc.","NASDAQ",NA,"lab.Unmapped","2026-10-02T17:06:46Z","sec-exchange",FALSE
"PPBT","PURPLE BIOTECH LTD.","NASDAQ",NA,"lab.Unmapped","2026-10-02T17:06:46Z","sec-exchange",FALSE
"NUWE","Nuwellis, Inc.","NASDAQ",NA,"lab.Unmapped","2026-10-02T17:06:46Z","sec-exchange",FALSE
"GMEX","GMEX Robotics Corp","NASDAQ",NA,"lab.Unmapped","2026-10-02T17:06:46Z","sec-exchange",FALSE
"GNPX","Genprex, Inc.","NASDAQ",NA,"lab.Unmapped","2026-10-02T17:06:46Z","sec-exchange",FALSE
"KITT","Nauticus Robotics, Inc.","NASDAQ",NA,"lab.Unmapped","2026-10-02T17:06:46Z","sec-exchange",FALSE
"LABT","Lakewood-Amedex Biotherapeutics Inc.","NASDAQ",NA,"lab.Unmapped","2026-10-02T17:06:46Z","sec-exchange",FALSE
"ITP","IT TECH PACKAGING, INC.","NYSE",NA,"lab.Unmapped","2026-10-02T17:06:46Z","sec-exchange",FALSE
"IVF","INVO Fertility, Inc.","NASDAQ",NA,"lab.Unmapped","2026-10-02T17:06:46Z","sec-exchange",FALSE
"FLYE","Fly-E Group, Inc.","NASDAQ",NA,"lab.Unmapped","2026-10-02T17:06:46Z","sec-exchange",FALSE
"ARTL","ARTELO BIOSCIENCES, INC.","NASDAQ",NA,"lab.Unmapped","2026-10-02T17:06:46Z","sec-exchange",FALSE
"EZRA","Reliance Global Group, Inc.","NASDAQ",NA,"lab.Unmapped","2026-10-02T17:06:46Z","sec-exchange",FALSE
"GSUN","Golden Sun Technology Group Ltd.","NASDAQ",NA,"lab.Unmapped","2026-10-02T17:06:46Z","sec-exchange",TRUE
"JTAI","Jet.AI Inc.","NASDAQ",NA,"lab.Unmapped","2026-10-02T17:06:46Z","sec-exchange",FALSE
"KIDZ","KIDZ AI Inc.","NASDAQ",NA,"lab.Unmapped","2026-10-02T17:06:46Z","sec-exchange",FALSE
"IPST","IP STRATEGY HOLDINGS, INC.","NASDAQ",NA,"lab.Unmapped","2026-10-02T17:06:46Z","sec-exchange",FALSE
"OGEN","ORAGENICS INC","NYSE",NA,"lab.Unmapped","2026-10-02T17:06:46Z","sec-exchange",FALSE
"CHGA","Change Agents Corporation.","NASDAQ",NA,"lab.Unmapped","2026-10-02T17:06:46Z","sec-exchange",FALSE
"ATPC","Agape ATP Corp","NASDAQ",NA,"lab.Unmapped","2026-10-02T17:06:46Z","sec-exchange",FALSE
"LESL","Leslie's, Inc.","NASDAQ",NA,"lab.Unmapped","2026-10-02T17:06:46Z","sec-exchange",FALSE
"GWAV","Greenwave Technology Solutions, Inc.","NASDAQ",NA,"lab.Unmapped","2026-10-02T17:06:46Z","sec-exchange",FALSE
"CRIS","CURIS INC","NASDAQ",NA,"lab.Unmapped","2026-10-02T17:06:46Z","sec-exchange",FALSE
"NCT","Intercont (Cayman) Ltd","NASDAQ",NA,"lab.Unmapped","2026-10-02T17:06:46Z","sec-exchange",FALSE
"NXTS","Nexentis Technologies Inc.","NASDAQ",NA,"lab.Unmapped","2026-10-02T17:06:46Z","sec-exchange",FALSE
"RUBI","Rubico Inc.","NASDAQ",NA,"lab.Unmapped","2026-10-02T17:06:46Z","sec-exchange",FALSE
"HUBC","Hub Cyber Security Ltd.","NASDAQ",NA,"lab.Unmapped","2026-10-02T17:06:46Z","sec-exchange",FALSE
"RAYA","Erayak Power Solution Group Inc.","NASDAQ",NA,"lab.Unmapped","2026-10-02T17:06:46Z","sec-exchange",FALSE
"GNLN","Greenlane Holdings, Inc.","NASDAQ",NA,"lab.Unmapped","2026-10-02T17:06:46Z","sec-exchange",FALSE
"BYAH","Park Ha Biological Technology Co., Ltd.","NASDAQ",NA,"lab.Unmapped","2026-10-02T17:06:46Z","sec-exchange",FALSE
"SQFT","Presidio Property Trust, Inc.","NASDAQ",NA,"lab.Unmapped","2026-10-02T17:06:46Z","sec-exchange",FALSE
"WHLR","Wheeler Real Estate Investment Trust, Inc.","NASDAQ",NA,"lab.Unmapped","2026-10-02T17:06:46Z","sec-exchange",FALSE
"TNON","Tenon Medical, Inc.","NASDAQ",NA,"lab.Unmapped","2026-10-02T17:06:46Z","sec-exchange",FALSE
"GCTK","Glucotrack, Inc.","NASDAQ",NA,"lab.Unmapped","2026-10-02T17:06:46Z","sec-exchange",FALSE
"SLXN","Silexion Therapeutics Corp","NASDAQ",NA,"lab.Unmapped","2026-10-02T17:06:46Z","sec-exchange",FALSE
"VRAX","Virax Biolabs Group Ltd","NASDAQ",NA,"lab.Unmapped","2026-10-02T17:06:46Z","sec-exchange",TRUE
"PWCM","POWERCOMPUTE, INC.","NASDAQ",NA,"lab.Unmapped","2026-10-02T17:06:46Z","sec-exchange",FALSE
"YHC","LQR House Inc.","NASDAQ",NA,"lab.Unmapped","2026-10-02T17:06:46Z","sec-exchange",FALSE
"IMTE","Integrated Media Technology Ltd","NASDAQ",NA,"lab.Unmapped","2026-10-02T17:06:46Z","sec-exchange",FALSE
"SMTK","SmartKem, Inc.","NASDAQ",NA,"lab.Unmapped","2026-10-02T17:06:46Z","sec-exchange",FALSE
"STKH","Steakholder Foods Ltd.","NASDAQ",NA,"lab.Unmapped","2026-10-02T17:06:46Z","sec-exchange",FALSE
"SSM","Sono Group N.V.","NASDAQ",NA,"lab.Unmapped","2026-10-02T17:06:46Z","sec-exchange",TRUE
"NXGL","NEXGEL, INC.","NASDAQ",NA,"lab.Unmapped","2026-10-02T17:06:46Z","sec-exchange",FALSE
"MSS","Maison Solutions Inc.","NASDAQ",NA,"lab.Unmapped","2026-10-02T17:06:46Z","sec-exchange",FALSE
"DXF","Eason Technology Ltd","NYSE",NA,"lab.Unmapped","2026-10-02T17:06:46Z","sec-exchange",FALSE
"IMCC","IM Cannabis Corp.","NASDAQ",NA,"lab.Unmapped","2026-10-02T17:06:46Z","sec-exchange",FALSE
"SDST","Stardust Power Inc.","NASDAQ",NA,"lab.Unmapped","2026-10-02T17:06:46Z","sec-exchange",FALSE
"MNDR","Mobile-health Network Solutions","NASDAQ",NA,"lab.Unmapped","2026-10-02T17:06:46Z","sec-exchange",FALSE
"LNKS","Linkers Industries Ltd","NASDAQ",NA,"lab.Unmapped","2026-10-02T17:06:46Z","sec-exchange",FALSE
"VIVK","Vivakor, Inc.","NASDAQ",NA,"lab.Unmapped","2026-10-02T17:06:46Z","sec-exchange",FALSE
"AKAN","AKANDA CORP.","NASDAQ",NA,"lab.Unmapped","2026-10-02T17:06:46Z","sec-exchange",FALSE
"SHFS","SHF Holdings, Inc.","NASDAQ",NA,"lab.Unmapped","2026-10-02T17:06:46Z","sec-exchange",FALSE
"IPW","iPower Inc.","NASDAQ",NA,"lab.Unmapped","2026-10-02T17:06:46Z","sec-exchange",FALSE
"OLOX","OLENOX INDUSTRIES INC.","NASDAQ",NA,"lab.Unmapped","2026-10-02T17:06:46Z","sec-exchange",FALSE
"OFAL","OFA Group","NASDAQ",NA,"lab.Unmapped","2026-10-02T17:06:46Z","sec-exchange",FALSE
"DCOY","Decoy Therapeutics Inc.","NASDAQ",NA,"lab.Unmapped","2026-10-02T17:06:46Z","sec-exchange",FALSE
"BBLG","Bone Biologics Corp","NASDAQ",NA,"lab.Unmapped","2026-10-02T17:06:46Z","sec-exchange",FALSE
"ZNB","Zeta Network Group","NASDAQ",NA,"lab.Unmapped","2026-10-02T17:06:46Z","sec-exchange",FALSE
"DRCT","Direct Digital Holdings, Inc.","NASDAQ",NA,"lab.Unmapped","2026-10-02T17:06:46Z","sec-exchange",FALSE
"FCHL","Fitness Champs Holdings Ltd","NASDAQ",NA,"lab.Unmapped","2026-10-02T17:06:46Z","sec-exchange",FALSE
"SGRX","SANGRIX INC.","NASDAQ",NA,"lab.Unmapped","2026-10-02T17:06:46Z","sec-exchange",FALSE
"SUGP","SU Group Holdings Ltd","NASDAQ",NA,"lab.Unmapped","2026-10-02T17:06:46Z","sec-exchange",FALSE
"PFSA","Profusa, Inc.","NASDAQ",NA,"lab.Unmapped","2026-10-02T17:06:46Z","sec-exchange",FALSE
"WETO","Wetour Robotics Ltd","NASDAQ",NA,"lab.Unmapped","2026-10-02T17:06:46Z","sec-exchange",FALSE
"EDVA","Endovia Health Sciences, Inc.","NYSE",NA,"lab.Unmapped","2026-10-02T17:06:46Z","sec-exchange",FALSE
"CDT","CDT Equity Inc.","NASDAQ",NA,"lab.Unmapped","2026-10-02T17:06:46Z","sec-exchange",FALSE
"MYSZ","My Size, Inc.","NASDAQ",NA,"lab.Unmapped","2026-10-02T17:06:46Z","sec-exchange",FALSE
"GIPR","GENERATION INCOME PROPERTIES, INC.","NASDAQ",NA,"lab.Unmapped","2026-10-02T17:06:46Z","sec-exchange",FALSE
"JZ","Jianzhi Education Technology Group Co Ltd","NASDAQ",NA,"lab.Unmapped","2026-10-02T17:06:46Z","sec-exchange",FALSE
"HAO","Haoxi Health Technology Ltd","NASDAQ",NA,"lab.Unmapped","2026-10-02T17:06:46Z","sec-exchange",FALSE
"VCIG","VCI Global Ltd","NASDAQ",NA,"lab.Unmapped","2026-10-02T17:06:46Z","sec-exchange",FALSE
"BJDX","Bluejay Diagnostics, Inc.","NASDAQ",NA,"lab.Unmapped","2026-10-02T17:06:46Z","sec-exchange",FALSE
"SCNI","Scinai Immunotherapeutics Ltd.","NASDAQ",NA,"lab.Unmapped","2026-10-02T17:06:46Z","sec-exchange",FALSE
"NEXR","Nexera Technologies Ltd","NASDAQ",NA,"lab.Unmapped","2026-10-02T17:06:46Z","sec-exchange",FALSE
"YMT","Yimutian Inc.","NASDAQ",NA,"lab.Unmapped","2026-10-02T17:06:46Z","sec-exchange",FALSE
"AMZE","AMAZE HOLDINGS, INC.","NYSE",NA,"lab.Unmapped","2026-10-02T17:06:46Z","sec-exchange",FALSE
"RKDA","Arcadia Biosciences, Inc.","NASDAQ",NA,"lab.Unmapped","2026-10-02T17:06:46Z","sec-exchange",FALSE
"BDRX","Biodexa Pharmaceuticals Plc","NASDAQ",NA,"lab.Unmapped","2026-10-02T17:06:46Z","sec-exchange",TRUE
"XXII","22nd Century Group, Inc.","NASDAQ",NA,"lab.Unmapped","2026-10-02T17:06:46Z","sec-exchange",FALSE
"TRUG","TruGolf Holdings, Inc.","NASDAQ",NA,"lab.Unmapped","2026-10-02T17:06:46Z","sec-exchange",FALSE
"RCON","Recon Technology, Ltd","NASDAQ",NA,"lab.Unmapped","2026-10-02T17:06:46Z","sec-exchange",FALSE
"VTAK","Catheter Precision, Inc.","NYSE",NA,"lab.Unmapped","2026-10-02T17:06:46Z","sec-exchange",FALSE
"MI","NFT Ltd","NYSE",NA,"lab.Unmapped","2026-10-02T17:06:46Z","sec-exchange",FALSE
"CISS","C3is Inc.","NASDAQ",NA,"lab.Unmapped","2026-10-02T17:06:46Z","sec-exchange",FALSE
"LGHL","Lion Group Holding Ltd","NASDAQ",NA,"lab.Unmapped","2026-10-02T17:06:46Z","sec-exchange",FALSE
"AIXI","Xiao-I Corp","NASDAQ",NA,"lab.Unmapped","2026-10-02T17:06:46Z","sec-exchange",FALSE
"NIVF","NewGenIvf Group Ltd","NASDAQ",NA,"lab.Unmapped","2026-10-02T17:06:46Z","sec-exchange",TRUE
"FRGT","Freight Technologies, Inc.","NASDAQ",NA,"lab.Unmapped","2026-10-02T17:06:46Z","sec-exchange",FALSE
"FGL","Founder Group Ltd","NASDAQ",NA,"lab.Unmapped","2026-10-02T17:06:46Z","sec-exchange",TRUE
"LBGJ","Li Bang International Corp Inc.","NASDAQ",NA,"lab.Unmapped","2026-10-02T17:06:46Z","sec-exchange",FALSE
"EAI","ENTERGY ARKANSAS, LLC","NYSE",NA,"lab.Unmapped","2026-10-02T17:06:46Z","sec-exchange",FALSE
"BDL","FLANIGANS ENTERPRISES INC","NYSE",NA,"lab.Unmapped","2026-10-02T17:06:46Z","sec-exchange",FALSE
"CET","CENTRAL SECURITIES CORP","NYSE",NA,"lab.Unmapped","2026-10-02T17:06:46Z","sec-exchange",FALSE
"CMC","COMMERCIAL METALS Co","NYSE",NA,"lab.Unmapped","2026-10-02T17:06:46Z","sec-exchange",FALSE
"EBF","ENNIS, INC.","NYSE",NA,"lab.Unmapped","2026-10-02T17:06:46Z","sec-exchange",FALSE
"GPJA","GEORGIA POWER CO","NYSE",NA,"lab.Unmapped","2026-10-02T17:06:46Z","sec-exchange",FALSE
"IMO","IMPERIAL OIL LTD","NYSE",NA,"lab.Unmapped","2026-10-02T17:06:46Z","sec-exchange",FALSE
"MCY","MERCURY GENERAL CORP","NYSE",NA,"lab.Unmapped","2026-10-02T17:06:46Z","sec-exchange",FALSE
"MSB","MESABI TRUST","NYSE",NA,"lab.Unmapped","2026-10-02T17:06:46Z","sec-exchange",FALSE
"MXC","MEXCO ENERGY CORP","NYSE",NA,"lab.Unmapped","2026-10-02T17:06:46Z","sec-exchange",FALSE
"EMP","ENTERGY MISSISSIPPI, LLC","NYSE",NA,"lab.Unmapped","2026-10-02T17:06:46Z","sec-exchange",FALSE
"NRUC","NATIONAL RURAL UTILITIES COOPERATIVE FINANCE CORP /DC/","NYSE",NA,"lab.Unmapped","2026-10-02T17:06:46Z","sec-exchange",FALSE
"ENJ","ENTERGY NEW ORLEANS, LLC","NYSE",NA,"lab.Unmapped","2026-10-02T17:06:46Z","sec-exchange",FALSE
"NL","NLI HOLDINGS, INC.","NYSE",NA,"lab.Unmapped","2026-10-02T17:06:46Z","sec-exchange",FALSE
"ODC","Oil-Dri Corp of America","NYSE",NA,"lab.Unmapped","2026-10-02T17:06:46Z","sec-exchange",FALSE
"PHI","PLDT Inc.","NYSE",NA,"lab.Unmapped","2026-10-02T17:06:46Z","sec-exchange",FALSE
"SIF","SIFCO INDUSTRIES INC","NYSE",NA,"lab.Unmapped","2026-10-02T17:06:46Z","sec-exchange",FALSE
"SOR","SOURCE CAPITAL /DE/","NYSE",NA,"lab.Unmapped","2026-10-02T17:06:46Z","sec-exchange",TRUE
"UUU","UNIVERSAL SAFETY PRODUCTS, INC.","NYSE",NA,"lab.Unmapped","2026-10-02T17:06:46Z","sec-exchange",FALSE
"WMK","WEIS MARKETS INC","NYSE",NA,"lab.Unmapped","2026-10-02T17:06:46Z","sec-exchange",FALSE
"CMS-PB","CONSUMERS ENERGY CO","NYSE",NA,"lab.Unmapped","2026-10-02T17:06:46Z","sec-exchange",FALSE
"ITT","ITT INC.","NYSE",NA,"lab.Unmapped","2026-10-02T17:06:46Z","sec-exchange",FALSE
"SJT","SAN JUAN BASIN ROYALTY TRUST","NYSE",NA,"lab.Unmapped","2026-10-02T17:06:46Z","sec-exchange",FALSE
"JHI","JOHN HANCOCK INVESTORS TRUST","NYSE",NA,"lab.Unmapped","2026-10-02T17:06:46Z","sec-exchange",FALSE
"DSS","DSS, INC.","NYSE",NA,"lab.Unmapped","2026-10-02T17:06:46Z","sec-exchange",FALSE
"VGZ","VISTA GOLD CORP","NYSE",NA,"lab.Unmapped","2026-10-02T17:06:46Z","sec-exchange",FALSE
"USA","LIBERTY ALL STAR EQUITY FUND","NYSE",NA,"lab.Unmapped","2026-10-02T17:06:46Z","sec-exchange",FALSE
"HQH","abrdn Healthcare Investors","NYSE",NA,"lab.Unmapped","2026-10-02T17:06:46Z","sec-exchange",FALSE
"CIK","CREDIT SUISSE ASSET MANAGEMENT INCOME FUND, INC.","NYSE",NA,"lab.Unmapped","2026-10-02T17:06:46Z","sec-exchange",FALSE
"MGF","ABERDEEN GOVERNMENT MARKETS INCOME FUND","NYSE",NA,"lab.Unmapped","2026-10-02T17:06:46Z","sec-exchange",FALSE
"NNY","NUVEEN NEW YORK MUNICIPAL VALUE FUND","NYSE",NA,"lab.Unmapped","2026-10-02T17:06:46Z","sec-exchange",FALSE
"NCA","NUVEEN CALIFORNIA MUNICIPAL VALUE FUND","NYSE",NA,"lab.Unmapped","2026-10-02T17:06:46Z","sec-exchange",FALSE
"CHSCP","CHS INC","NASDAQ",NA,"lab.Unmapped","2026-10-02T17:06:46Z","sec-exchange",FALSE
"MIN","ABERDEEN INTERMEDIATE INCOME FUND","NYSE",NA,"lab.Unmapped","2026-10-02T17:06:46Z","sec-exchange",FALSE
"PPT","FRANKLIN PREMIER INCOME TRUST","NYSE",NA,"lab.Unmapped","2026-10-02T17:06:46Z","sec-exchange",FALSE
"NMI","NUVEEN MUNICIPAL INCOME FUND INC","NYSE",NA,"lab.Unmapped","2026-10-02T17:06:46Z","sec-exchange",FALSE
"FT","FRANKLIN UNIVERSAL TRUST","NYSE",NA,"lab.Unmapped","2026-10-02T17:06:46Z","sec-exchange",FALSE
"WDS","WOODSIDE ENERGY GROUP LTD","NYSE",NA,"lab.Unmapped","2026-10-02T17:06:46Z","sec-exchange",TRUE
"VLT","Invesco High Income Trust II","NYSE",NA,"lab.Unmapped","2026-10-02T17:06:46Z","sec-exchange",FALSE
"PDT","JOHN HANCOCK PREMIUM DIVIDEND FUND","NYSE",NA,"lab.Unmapped","2026-10-02T17:06:46Z","sec-exchange",FALSE
"JOF","JAPAN SMALLER CAPITALIZATION FUND INC","NYSE",NA,"lab.Unmapped","2026-10-02T17:06:46Z","sec-exchange",TRUE
"CEE","CENTRAL & EASTERN EUROPE FUND, INC.","NYSE",NA,"lab.Unmapped","2026-10-02T17:06:46Z","sec-exchange",FALSE
"VKQ","Invesco Municipal Trust","NYSE",NA,"lab.Unmapped","2026-10-02T17:06:46Z","sec-exchange",FALSE
"PFO","Flaherty & Crumrine PREFERRED & INCOME OPPORTUNITY FUND INC","NYSE",NA,"lab.Unmapped","2026-10-02T17:06:46Z","sec-exchange",FALSE
"MYI","BLACKROCK MUNIYIELD QUALITY FUND III, INC.","NYSE",NA,"lab.Unmapped","2026-10-02T17:06:46Z","sec-exchange",FALSE
"NXP","NUVEEN SELECT TAX FREE INCOME PORTFOLIO","NYSE",NA,"lab.Unmapped","2026-10-02T17:06:46Z","sec-exchange",FALSE
"HQL","abrdn Life Sciences Investors","NYSE",NA,"lab.Unmapped","2026-10-02T17:06:46Z","sec-exchange",FALSE
"VMO","Invesco Municipal Opportunity Trust","NYSE",NA,"lab.Unmapped","2026-10-02T17:06:46Z","sec-exchange",FALSE
"IQI","Invesco Quality Municipal Income Trust","NYSE",NA,"lab.Unmapped","2026-10-02T17:06:46Z","sec-exchange",FALSE
"FC","FRANKLIN COVEY CO","NYSE",NA,"lab.Unmapped","2026-10-02T17:06:46Z","sec-exchange",FALSE
"CCU","UNITED BREWERIES CO INC","NYSE",NA,"lab.Unmapped","2026-10-02T17:06:46Z","sec-exchange",FALSE
"BLX","BLADEX, INC.","NYSE",NA,"lab.Unmapped","2026-10-02T17:06:46Z","sec-exchange",FALSE
"NAZ","NUVEEN ARIZONA QUALITY MUNICIPAL INCOME FUND","NYSE",NA,"lab.Unmapped","2026-10-02T17:06:46Z","sec-exchange",FALSE
"VPV","Invesco Pennsylvania Value Municipal Income Trust","NYSE",NA,"lab.Unmapped","2026-10-02T17:06:46Z","sec-exchange",FALSE
"NMT","NUVEEN MASSACHUSETTS QUALITY MUNICIPAL INCOME FUND","NYSE",NA,"lab.Unmapped","2026-10-02T17:06:46Z","sec-exchange",FALSE
"PMO","FRANKLIN MUNICIPAL OPPORTUNITIES TRUST","NYSE",NA,"lab.Unmapped","2026-10-02T17:06:46Z","sec-exchange",FALSE
"HIO","WESTERN ASSET HIGH INCOME OPPORTUNITY FUND INC.","NYSE",NA,"lab.Unmapped","2026-10-02T17:06:46Z","sec-exchange",FALSE
"KOF","COCA COLA FEMSA SAB DE CV","NYSE",NA,"lab.Unmapped","2026-10-02T17:06:46Z","sec-exchange",FALSE
"RCG","RENN Fund, Inc.","NYSE",NA,"lab.Unmapped","2026-10-02T17:06:46Z","sec-exchange",FALSE
"DIT","AMCON DISTRIBUTING CO","NYSE",NA,"lab.Unmapped","2026-10-02T17:06:46Z","sec-exchange",FALSE
"TEO","TELECOM ARGENTINA SA","NYSE",NA,"lab.Unmapped","2026-10-02T17:06:46Z","sec-exchange",TRUE
"CYD","CHINA YUCHAI INTERNATIONAL LTD","NYSE",NA,"lab.Unmapped","2026-10-02T17:06:46Z","sec-exchange",TRUE
"ICL","ICL Group Ltd.","NYSE",NA,"lab.Unmapped","2026-10-02T17:06:46Z","sec-exchange",TRUE
"MSM","MSC INDUSTRIAL DIRECT CO INC","NYSE",NA,"lab.Unmapped","2026-10-02T17:06:46Z","sec-exchange",FALSE
"IDT","IDT CORP","NYSE",NA,"lab.Unmapped","2026-10-02T17:06:46Z","sec-exchange",FALSE
"MHD","BLACKROCK MUNIHOLDINGS FUND, INC.","NYSE",NA,"lab.Unmapped","2026-10-02T17:06:46Z","sec-exchange",FALSE
"TSM","TAIWAN SEMICONDUCTOR MANUFACTURING CO LTD","NYSE","Sector: Technology | Industry: Semiconductors","sc.IC_Design","2026-10-02T17:06:46Z","sec-exchange",TRUE
"LTM","LATAM AIRLINES GROUP S.A.","NYSE",NA,"lab.Unmapped","2026-10-02T17:06:46Z","sec-exchange",TRUE
"MUJ","BLACKROCK MUNIHOLDINGS NEW JERSEY QUALITY FUND, INC.","NYSE",NA,"lab.Unmapped","2026-10-02T17:06:46Z","sec-exchange",FALSE
"DHY","UBS ASSET MANAGEMENT HIGH YIELD CREDIT FUND","NYSE",NA,"lab.Unmapped","2026-10-02T17:06:46Z","sec-exchange",FALSE
"NAC","Nuveen California Quality Municipal Income Fund","NYSE",NA,"lab.Unmapped","2026-10-02T17:06:46Z","sec-exchange",FALSE
"SVA","SINOVAC BIOTECH LTD","NASDAQ",NA,"lab.Unmapped","2026-10-02T17:06:46Z","sec-exchange",FALSE
"ARL","AMERICAN REALTY INVESTORS INC","NYSE",NA,"lab.Unmapped","2026-10-02T17:06:46Z","sec-exchange",FALSE
"ASR","SOUTHEAST AIRPORT GROUP","NYSE",NA,"lab.Unmapped","2026-10-02T17:06:46Z","sec-exchange",FALSE
"THM","INTERNATIONAL TOWER HILL MINES LTD","NYSE",NA,"lab.Unmapped","2026-10-02T17:06:46Z","sec-exchange",FALSE
"PCQ","PIMCO CALIFORNIA MUNICIPAL INCOME FUND","NYSE",NA,"lab.Unmapped","2026-10-02T17:06:46Z","sec-exchange",FALSE
"JRS","NUVEEN REAL ESTATE INCOME FUND","NYSE",NA,"lab.Unmapped","2026-10-02T17:06:46Z","sec-exchange",FALSE
"BHK","BLACKROCK CORE BOND TRUST","NYSE",NA,"lab.Unmapped","2026-10-02T17:06:46Z","sec-exchange",FALSE
"AFB","ALLIANCEBERNSTEIN NATIONAL MUNICIPAL INCOME FUND","NYSE",NA,"lab.Unmapped","2026-10-02T17:06:46Z","sec-exchange",FALSE
"WEA","WESTERN ASSET PREMIER BOND FUND","NYSE",NA,"lab.Unmapped","2026-10-02T17:06:46Z","sec-exchange",FALSE
"BHV","BLACKROCK VIRGINIA MUNICIPAL BOND TRUST","NYSE",NA,"lab.Unmapped","2026-10-02T17:06:46Z","sec-exchange",FALSE
"PML","PIMCO MUNICIPAL INCOME FUND II","NYSE",NA,"lab.Unmapped","2026-10-02T17:06:46Z","sec-exchange",FALSE
"NRP","NATURAL RESOURCE PARTNERS LP","NYSE",NA,"lab.Unmapped","2026-10-02T17:06:46Z","sec-exchange",FALSE
"HPI","JOHN HANCOCK PREFERRED INCOME FUND","NYSE",NA,"lab.Unmapped","2026-10-02T17:06:46Z","sec-exchange",FALSE
"NBH","NEUBERGER MUNICIPAL FUND INC.","NYSE",NA,"lab.Unmapped","2026-10-02T17:06:46Z","sec-exchange",FALSE
"SPCX","SPACE EXPLORATION TECHNOLOGIES CORP","NASDAQ","Sector: Industrials | Industry: Aerospace & Defense","ind.Aerospace_Defense","2026-10-02T17:06:46Z","sec-exchange",FALSE
"NCV","Virtus Convertible & Income Fund","NYSE",NA,"lab.Unmapped","2026-10-02T17:06:46Z","sec-exchange",FALSE
"AVK","ADVENT CONVERTIBLE & INCOME FUND","NYSE",NA,"lab.Unmapped","2026-10-02T17:06:46Z","sec-exchange",FALSE
"GLD","SPDR GOLD TRUST","NYSE",NA,"lab.Unmapped","2026-10-02T17:06:46Z","sec-exchange",FALSE
"EVV","Eaton Vance Ltd Duration Income Fund","NYSE",NA,"lab.Unmapped","2026-10-02T17:06:46Z","sec-exchange",FALSE
"JQC","Nuveen Credit Strategies Income Fund","NYSE",NA,"lab.Unmapped","2026-10-02T17:06:46Z","sec-exchange",FALSE
"EMD","WESTERN ASSET EMERGING MARKETS DEBT FUND INC.","NYSE",NA,"lab.Unmapped","2026-10-02T17:06:46Z","sec-exchange",FALSE
"FTF","FRANKLIN LTD DURATION INCOME TRUST","NYSE",NA,"lab.Unmapped","2026-10-02T17:06:46Z","sec-exchange",FALSE
"FRA","BLACKROCK FLOATING RATE INCOME STRATEGIES FUND, INC.","NYSE",NA,"lab.Unmapped","2026-10-02T17:06:46Z","sec-exchange",FALSE
"IPB","MERRILL LYNCH DEPOSITOR INC INDEXPLUS TRUST SERIES 2003-1","NYSE",NA,"lab.Unmapped","2026-10-02T17:06:46Z","sec-exchange",FALSE
"WIW","WESTERN ASSET INFLATION-LINKED OPPORTUNITIES & INCOME FUND","NYSE",NA,"lab.Unmapped","2026-10-02T17:06:46Z","sec-exchange",FALSE
"UTF","COHEN & STEERS INFRASTRUCTURE FUND INC","NYSE",NA,"lab.Unmapped","2026-10-02T17:06:46Z","sec-exchange",FALSE
"JFR","NUVEEN FLOATING RATE INCOME FUND","NYSE",NA,"lab.Unmapped","2026-10-02T17:06:46Z","sec-exchange",FALSE
"IAU","ISHARES GOLD TRUST","NYSE",NA,"lab.Unmapped","2026-10-02T17:06:46Z","sec-exchange",FALSE
"ERH","ALLSPRING UTILITIES & HIGH INCOME FUND","NYSE",NA,"lab.Unmapped","2026-10-02T17:06:46Z","sec-exchange",FALSE
"KTN","STRUCTURED PRODUCTS CORP CRED ENHANCE CORTS TR FOR AON CAP A","NYSE",NA,"lab.Unmapped","2026-10-02T17:06:46Z","sec-exchange",FALSE
"KTH","STRUCTURED PRODUCTS CORP CORTS TR FOR PECO ENERGY CAP TR III","NYSE",NA,"lab.Unmapped","2026-10-02T17:06:46Z","sec-exchange",FALSE
"JBK","LEHMAN ABS CORP GOLDMAN SACHS CAP 1 SEC BACKED SER 2004-6","NYSE",NA,"lab.Unmapped","2026-10-02T17:06:46Z","sec-exchange",FALSE
"GJH","STRATS SM TRUST FOR U S CELL CORP SEC SERIES 2004 6","NYSE",NA,"lab.Unmapped","2026-10-02T17:06:46Z","sec-exchange",FALSE
"EVG","Eaton Vance Short Duration Diversified Income Fund","NYSE",NA,"lab.Unmapped","2026-10-02T17:06:46Z","sec-exchange",FALSE
"EFT","Eaton Vance Floating-Rate Income Trust","NYSE",NA,"lab.Unmapped","2026-10-02T17:06:46Z","sec-exchange",FALSE
"PYT","PPLUS Trust Series GSC-2","NYSE",NA,"lab.Unmapped","2026-10-02T17:06:46Z","sec-exchange",FALSE
"GGN","GAMCO Global Gold, Natural Resources & Income Trust","NYSE",NA,"lab.Unmapped","2026-10-02T17:06:46Z","sec-exchange",FALSE
"BME","BlackRock Health Sciences Trust","NYSE",NA,"lab.Unmapped","2026-10-02T17:06:46Z","sec-exchange",FALSE
"GLQ","Clough Global Equity Fund","NYSE",NA,"lab.Unmapped","2026-10-02T17:06:46Z","sec-exchange",FALSE
"BOE","BlackRock Enhanced Global Dividend Trust","NYSE",NA,"lab.Unmapped","2026-10-02T17:06:46Z","sec-exchange",FALSE
"GAIN","GLADSTONE INVESTMENT CORPORATIONDE","NASDAQ",NA,"lab.Unmapped","2026-10-02T17:06:46Z","sec-exchange",FALSE
"USO","United States Oil Fund, LP","NYSE",NA,"lab.Unmapped","2026-10-02T17:06:46Z","sec-exchange",FALSE
"DBC","Invesco DB Commodity Index Tracking Fund","NYSE",NA,"lab.Unmapped","2026-10-02T17:06:46Z","sec-exchange",FALSE
"FXE","Invesco CurrencyShares Euro Trust","NYSE",NA,"lab.Unmapped","2026-10-02T17:06:46Z","sec-exchange",FALSE
"SLV","iShares Silver Trust","NYSE",NA,"lab.Unmapped","2026-10-02T17:06:46Z","sec-exchange",FALSE
"GSG","iShares S&P GSCI Commodity-Indexed Trust","NYSE",NA,"lab.Unmapped","2026-10-02T17:06:46Z","sec-exchange",FALSE
"IGA","Voya Global Advantage & Premium Opportunity Fund","NYSE",NA,"lab.Unmapped","2026-10-02T17:06:46Z","sec-exchange",FALSE
"ETY","Eaton Vance Tax-Managed Diversified Equity Income Fund","NYSE",NA,"lab.Unmapped","2026-10-02T17:06:46Z","sec-exchange",FALSE
"GJO","STRATS SM TRUST FOR WAL-MART STORES, INC. SECURITIES, SERIES 2005-4","NYSE",NA,"lab.Unmapped","2026-10-02T17:06:46Z","sec-exchange",FALSE
"TX","Ternium S.A.","NYSE",NA,"lab.Unmapped","2026-10-02T17:06:46Z","sec-exchange",TRUE
"GJP","STRATS(SM) TRUST FOR DOMINION RESOURCES, INC. SECURITIES, SERIES 2005-6","NYSE",NA,"lab.Unmapped","2026-10-02T17:06:46Z","sec-exchange",FALSE
"ELC","ENTERGY LOUISIANA, LLC","NYSE",NA,"lab.Unmapped","2026-10-02T17:06:46Z","sec-exchange",FALSE
"ASTI","Ascent Solar Technologies, Inc.","NASDAQ",NA,"lab.Unmapped","2026-10-02T17:06:46Z","sec-exchange",FALSE
"GLO","Clough Global Opportunities Fund","NYSE",NA,"lab.Unmapped","2026-10-02T17:06:46Z","sec-exchange",FALSE
"GJR","STRATS(SM) Trust for Procter & Gamble Securities, Series 2006-1","NYSE",NA,"lab.Unmapped","2026-10-02T17:06:46Z","sec-exchange",FALSE
"FXB","Invesco CurrencyShares British Pound Sterling Trust","NYSE",NA,"lab.Unmapped","2026-10-02T17:06:46Z","sec-exchange",FALSE
"FXC","Invesco CurrencyShares Canadian Dollar Trust","NYSE",NA,"lab.Unmapped","2026-10-02T17:06:46Z","sec-exchange",FALSE
"FXY","Invesco CurrencyShares Japanese Yen Trust","NYSE",NA,"lab.Unmapped","2026-10-02T17:06:46Z","sec-exchange",TRUE
"FXA","Invesco CurrencyShares Australian Dollar Trust","NYSE",NA,"lab.Unmapped","2026-10-02T17:06:46Z","sec-exchange",FALSE
"FXF","Invesco CurrencyShares Swiss Franc Trust","NYSE",NA,"lab.Unmapped","2026-10-02T17:06:46Z","sec-exchange",FALSE
"GJS","STRATS(SM) Trust for Goldman Sachs Group Securities, Series 2006-2","NYSE",NA,"lab.Unmapped","2026-10-02T17:06:46Z","sec-exchange",FALSE
"GJT","STRATS(SM) Trust for Allstate Corp Securities, Series 2006-3","NYSE",NA,"lab.Unmapped","2026-10-02T17:06:46Z","sec-exchange",FALSE
"AGD","abrdn Global Dynamic Dividend Fund","NYSE",NA,"lab.Unmapped","2026-10-02T17:06:46Z","sec-exchange",FALSE
"DAC","Danaos Corp","NYSE",NA,"lab.Unmapped","2026-10-02T17:06:46Z","sec-exchange",FALSE
"UNG","United States Natural Gas Fund, LP","NYSE",NA,"lab.Unmapped","2026-10-02T17:06:46Z","sec-exchange",FALSE
"BTZ","BLACKROCK CREDIT ALLOCATION INCOME TRUST","NYSE",NA,"lab.Unmapped","2026-10-02T17:06:46Z","sec-exchange",FALSE
"EXG","Eaton Vance Tax-Managed Global Diversified Equity Income Fund","NYSE",NA,"lab.Unmapped","2026-10-02T17:06:46Z","sec-exchange",FALSE
"DBP","Invesco DB Precious Metals Fund","NYSE",NA,"lab.Unmapped","2026-10-02T17:06:46Z","sec-exchange",FALSE
"DBO","Invesco DB Oil Fund","NYSE",NA,"lab.Unmapped","2026-10-02T17:06:46Z","sec-exchange",FALSE
"DBE","Invesco DB Energy Fund","NYSE",NA,"lab.Unmapped","2026-10-02T17:06:46Z","sec-exchange",FALSE
"DBA","INVESCO DB AGRICULTURE FUND","NYSE",NA,"lab.Unmapped","2026-10-02T17:06:46Z","sec-exchange",FALSE
"DBB","INVESCO DB BASE METALS FUND","NYSE",NA,"lab.Unmapped","2026-10-02T17:06:46Z","sec-exchange",FALSE
"UDN","INVESCO DB US DOLLAR INDEX BEARISH FUND","NYSE",NA,"lab.Unmapped","2026-10-02T17:06:46Z","sec-exchange",FALSE
"UUP","Invesco DB US Dollar Index Bullish Fund","NYSE",NA,"lab.Unmapped","2026-10-02T17:06:46Z","sec-exchange",FALSE
"JCE","Nuveen Core Equity Alpha Fund","NYSE",NA,"lab.Unmapped","2026-10-02T17:06:46Z","sec-exchange",FALSE
"EDD","Morgan Stanley Emerging Markets Domestic Debt Fund, Inc.","NYSE",NA,"lab.Unmapped","2026-10-02T17:06:46Z","sec-exchange",FALSE
"EDN","EDENOR","NYSE",NA,"lab.Unmapped","2026-10-02T17:06:46Z","sec-exchange",FALSE
"CHW","Calamos Global Dynamic Income Fund","NASDAQ",NA,"lab.Unmapped","2026-10-02T17:06:46Z","sec-exchange",FALSE
"UGA","United States Gasoline Fund, LP","NYSE",NA,"lab.Unmapped","2026-10-02T17:06:46Z","sec-exchange",FALSE
"OAK-PA","Brookfield Oaktree Holdings, LLC","NYSE",NA,"lab.Unmapped","2026-10-02T17:06:46Z","sec-exchange",FALSE
"UNL","United States 12 Month Natural Gas Fund, LP","NYSE",NA,"lab.Unmapped","2026-10-02T17:06:46Z","sec-exchange",FALSE
"USL","United States 12 Month Oil Fund, LP","NYSE",NA,"lab.Unmapped","2026-10-02T17:06:46Z","sec-exchange",FALSE
"BIPH","Brookfield Infrastructure Partners L.P.","NYSE",NA,"lab.Unmapped","2026-10-02T17:06:46Z","sec-exchange",FALSE
"UAN","CVR PARTNERS, LP","NYSE",NA,"lab.Unmapped","2026-10-02T17:06:46Z","sec-exchange",FALSE
"ETI-P","ENTERGY TEXAS, INC.","NYSE",NA,"lab.Unmapped","2026-10-02T17:06:46Z","sec-exchange",FALSE
"GSL","Global Ship Lease, Inc.","NYSE",NA,"lab.Unmapped","2026-10-02T17:06:46Z","sec-exchange",FALSE
"EOT","Eaton Vance National Municipal Opportunities Trust","NYSE",NA,"lab.Unmapped","2026-10-02T17:06:46Z","sec-exchange",FALSE
"PMT","PennyMac Mortgage Investment Trust","NYSE",NA,"lab.Unmapped","2026-10-02T17:06:46Z","sec-exchange",FALSE
"GDO","WESTERN ASSET GLOBAL CORPORATE OPPORTUNITY FUND INC.","NYSE",NA,"lab.Unmapped","2026-10-02T17:06:46Z","sec-exchange",FALSE
"BNO","United States Brent Oil Fund, LP","NYSE",NA,"lab.Unmapped","2026-10-02T17:06:46Z","sec-exchange",FALSE
"NBB","Nuveen Taxable Municipal Income Fund","NYSE",NA,"lab.Unmapped","2026-10-02T17:06:46Z","sec-exchange",FALSE
"USCI","United States Commodity Index Funds Trust","NYSE",NA,"lab.Unmapped","2026-10-02T17:06:46Z","sec-exchange",FALSE
"BSL","Blackstone Senior Floating Rate 2027 Term Fund","NYSE",NA,"lab.Unmapped","2026-10-02T17:06:46Z","sec-exchange",FALSE
"NHS","Neuberger High Yield Strategies Fund Inc.","NYSE",NA,"lab.Unmapped","2026-10-02T17:06:46Z","sec-exchange",FALSE
"IHD","Voya Emerging Markets High Dividend Equity Fund","NYSE",NA,"lab.Unmapped","2026-10-02T17:06:46Z","sec-exchange",FALSE
"LND","BrasilAgro - Brazilian Agricultural Real Estate Co","NYSE",NA,"lab.Unmapped","2026-10-02T17:06:46Z","sec-exchange",TRUE
"NGL","NGL Energy Partners LP","NYSE",NA,"lab.Unmapped","2026-10-02T17:06:46Z","sec-exchange",FALSE
"BWG","BrandywineGLOBAL-Global Income Opportunities Fund Inc","NYSE",NA,"lab.Unmapped","2026-10-02T17:06:46Z","sec-exchange",FALSE
"VOC","VOC Energy Trust","NYSE",NA,"lab.Unmapped","2026-10-02T17:06:46Z","sec-exchange",FALSE
"EMO","ClearBridge Energy Midstream Opportunity Fund Inc.","NYSE",NA,"lab.Unmapped","2026-10-02T17:06:46Z","sec-exchange",FALSE
"MMD","NYLI MacKay DefinedTerm Muni Opportunities Fund","NYSE",NA,"lab.Unmapped","2026-10-02T17:06:46Z","sec-exchange",FALSE
"BGH","BARINGS GLOBAL SHORT DURATION HIGH YIELD FUND","NYSE",NA,"lab.Unmapped","2026-10-02T17:06:46Z","sec-exchange",FALSE
"DBL","DoubleLine Opportunistic Credit Fund","NYSE",NA,"lab.Unmapped","2026-10-02T17:06:46Z","sec-exchange",FALSE
"BPYPP","Brookfield Property Partners L.P.","NASDAQ",NA,"lab.Unmapped","2026-10-02T17:06:46Z","sec-exchange",FALSE
"BGB","Blackstone Strategic Credit 2027 Term Fund","NYSE",NA,"lab.Unmapped","2026-10-02T17:06:46Z","sec-exchange",FALSE
"LDP","Cohen & Steers Ltd Duration Preferred & Income Fund, Inc.","NYSE",NA,"lab.Unmapped","2026-10-02T17:06:46Z","sec-exchange",FALSE
"BPRE","Bluerock Private Real Estate Fund","NYSE",NA,"lab.Unmapped","2026-10-02T17:06:46Z","sec-exchange",FALSE
"GGZ","Gabelli Global Small & Mid Cap Value Trust","NYSE",NA,"lab.Unmapped","2026-10-02T17:06:46Z","sec-exchange",FALSE
"EOCN","Galmed Pharmaceuticals Ltd.","NASDAQ",NA,"lab.Unmapped","2026-10-02T17:06:46Z","sec-exchange",FALSE
"BDRY","Amplify Commodity Trust","NYSE",NA,"lab.Unmapped","2026-10-02T17:06:46Z","sec-exchange",FALSE
"KEN","Kenon Holdings Ltd.","NYSE",NA,"lab.Unmapped","2026-10-02T17:06:46Z","sec-exchange",FALSE
"BST","BlackRock Science & Technology Trust","NYSE",NA,"lab.Unmapped","2026-10-02T17:06:46Z","sec-exchange",FALSE
"GLDM","World Gold Trust","NYSE",NA,"lab.Unmapped","2026-10-02T17:06:46Z","sec-exchange",FALSE
"SRG-PA","Seritage Growth Properties","NYSE",NA,"lab.Unmapped","2026-10-02T17:06:46Z","sec-exchange",FALSE
"YRD","Yiren Digital Ltd.","NYSE",NA,"lab.Unmapped","2026-10-02T17:06:46Z","sec-exchange",FALSE
"GSM","Ferroglobe PLC","NASDAQ",NA,"lab.Unmapped","2026-10-02T17:06:46Z","sec-exchange",TRUE
"ICR-PA","InPoint Commercial Real Estate Income, Inc.","NYSE",NA,"lab.Unmapped","2026-10-02T17:06:46Z","sec-exchange",FALSE
"BAR","GraniteShares Gold Trust","NYSE",NA,"lab.Unmapped","2026-10-02T17:06:46Z","sec-exchange",FALSE
"PLTM","GraniteShares Platinum Trust","NYSE",NA,"lab.Unmapped","2026-10-02T17:06:46Z","sec-exchange",FALSE
"HLSQ","Tessera Defense & Homeland Security Inc.","NYSE",NA,"lab.Unmapped","2026-10-02T17:06:46Z","sec-exchange",FALSE
"IAUM","iShares Gold Trust Micro","NYSE",NA,"lab.Unmapped","2026-10-02T17:06:46Z","sec-exchange",FALSE
"OBTC","Osprey Bitcoin Trust","NASDAQ",NA,"lab.Unmapped","2026-10-02T17:06:46Z","sec-exchange",FALSE
"BEATW","HeartBeam, Inc.","NASDAQ",NA,"lab.Unmapped","2026-10-02T17:06:46Z","sec-exchange",FALSE
"ADRX","ADARx Pharmaceuticals, Inc.","NASDAQ",NA,"lab.Unmapped","2026-10-02T17:06:46Z","sec-exchange",FALSE
"LUCYW","Innovative Eyewear Inc","NASDAQ",NA,"lab.Unmapped","2026-10-02T17:06:46Z","sec-exchange",FALSE
"RGC","Regencell Bioscience Holdings Ltd","NASDAQ",NA,"lab.Unmapped","2026-10-02T17:06:46Z","sec-exchange",FALSE
"FGDL","Franklin Templeton Holdings Trust","NYSE",NA,"lab.Unmapped","2026-10-02T17:06:46Z","sec-exchange",FALSE
"SWAGW","Stran & Company, Inc.","NASDAQ",NA,"lab.Unmapped","2026-10-02T17:06:46Z","sec-exchange",FALSE
"EIIA","Eagle Point Institutional Income Fund","NYSE",NA,"lab.Unmapped","2026-10-02T17:06:46Z","sec-exchange",FALSE
"DPU","Top KingWin Ltd","NASDAQ",NA,"lab.Unmapped","2026-10-02T17:06:46Z","sec-exchange",FALSE
"MWG","Multi Ways Holdings Ltd","NYSE",NA,"lab.Unmapped","2026-10-02T17:06:46Z","sec-exchange",FALSE
"HOST","Host Digital Inc.","NYSE",NA,"lab.Unmapped","2026-10-02T17:06:46Z","sec-exchange",FALSE
"CTWO","COTWO ADVISORS PHYSICAL EUROPEAN CARBON ALLOWANCE TRUST","NYSE",NA,"lab.Unmapped","2026-10-02T17:06:46Z","sec-exchange",FALSE
"PBM","PSYENCE BIOMEDICAL LTD.","NASDAQ",NA,"lab.Unmapped","2026-10-02T17:06:46Z","sec-exchange",FALSE
"MRX","Marex Group Ltd","NASDAQ",NA,"lab.Unmapped","2026-10-02T17:06:46Z","sec-exchange",TRUE
"PC","Premium Catering (Holdings) Ltd","NASDAQ",NA,"lab.Unmapped","2026-10-02T17:06:46Z","sec-exchange",FALSE
"PSUS","Pershing Square USA, Ltd.","NYSE",NA,"lab.Unmapped","2026-10-02T17:06:46Z","sec-exchange",FALSE
"ALFUU","Centurion Acquisition Corp.","NASDAQ",NA,"lab.Unmapped","2026-10-02T17:06:46Z","sec-exchange",FALSE
"SIMAU","SIM Acquisition Corp. I","NASDAQ",NA,"lab.Unmapped","2026-10-02T17:06:46Z","sec-exchange",FALSE
"LPAAU","Launch One Acquisition Corp.","NASDAQ",NA,"lab.Unmapped","2026-10-02T17:06:46Z","sec-exchange",FALSE
"SOEZ","Franklin Solana Trust","NYSE",NA,"lab.Unmapped","2026-10-02T17:06:46Z","sec-exchange",FALSE
"XRPZ","Franklin XRP Trust","NYSE",NA,"lab.Unmapped","2026-10-02T17:06:46Z","sec-exchange",FALSE
"FSOL","Fidelity Solana Fund","NYSE",NA,"lab.Unmapped","2026-10-02T17:06:46Z","sec-exchange",FALSE
"AIB","AIB Data Centers Inc.","NYSE",NA,"lab.Unmapped","2026-10-02T17:06:46Z","sec-exchange",FALSE
"RZAI","ROZE AI INC.","NASDAQ",NA,"lab.Unmapped","2026-10-02T17:06:46Z","sec-exchange",FALSE
"IVAI","Ives Ultra AI Opportunities Inc.","NYSE",NA,"lab.Unmapped","2026-10-02T17:06:46Z","sec-exchange",FALSE
"ADBT","Advasa Holdings, Inc.","NASDAQ",NA,"lab.Unmapped","2026-10-02T17:06:46Z","sec-exchange",FALSE
"ARTC","Art Technology Acquisition Corp.","NASDAQ",NA,"lab.Unmapped","2026-10-02T17:06:46Z","sec-exchange",FALSE
"OTAI","Starlink AI Acquisition Corp","NYSE",NA,"lab.Unmapped","2026-10-02T17:06:46Z","sec-exchange",FALSE
"MLAA","Mountain Lake Acquisition Corp. II","NASDAQ",NA,"lab.Unmapped","2026-10-02T17:06:46Z","sec-exchange",FALSE
"BREZ","Breeze Acquisition Corp. II","NASDAQ",NA,"lab.Unmapped","2026-10-02T17:06:46Z","sec-exchange",FALSE
"KCAC-UN","Kensington Capital Acquisition Corp. VI","NYSE",NA,"lab.Unmapped","2026-10-02T17:06:46Z","sec-exchange",FALSE
"MSOL","Morgan Stanley Solana Trust","NYSE",NA,"lab.Unmapped","2026-10-02T17:06:46Z","sec-exchange",FALSE
"MSBT","Morgan Stanley Bitcoin Trust","NYSE",NA,"lab.Unmapped","2026-10-02T17:06:46Z","sec-exchange",FALSE
"MSSE","Morgan Stanley Ethereum Trust","NYSE",NA,"lab.Unmapped","2026-10-02T17:06:46Z","sec-exchange",FALSE
"SCOP","Sprott Physical Copper Trust","NYSE",NA,"lab.Unmapped","2026-10-02T17:06:46Z","sec-exchange",FALSE
"SKHY","SK hynix Inc.","NASDAQ","Sector: Technology | Industry: Semiconductors","sc.IC_Design","2026-10-02T17:06:46Z","sec-exchange",TRUE
"FTRA","FutureCorp Space Acquisition 1","NYSE",NA,"lab.Unmapped","2026-10-02T17:06:46Z","sec-exchange",FALSE
"VII","Viking Acquisition Corp. II","NYSE",NA,"lab.Unmapped","2026-10-02T17:06:46Z","sec-exchange",FALSE
"ACCV","Accelevation Holdings Corp.","NASDAQ",NA,"lab.Unmapped","2026-10-02T17:06:46Z","sec-exchange",FALSE
"GOOG","Alphabet Inc.","NASDAQ",NA,"tech.Internet_Platform","2026-10-02T17:06:46Z","sec-exchange",FALSE
"USB-PA","US BANCORP DE","NYSE",NA,"lab.Unmapped","2026-10-02T17:06:46Z","sec-exchange",FALSE
"BRK-A","BERKSHIRE HATHAWAY INC","NYSE","Sector: Financial Services | Industry: Insurance - Diversified","fn.Insurance","2026-10-02T17:06:46Z","sec-exchange",FALSE
"JPM-PC","JPMORGAN CHASE & CO","NYSE",NA,"lab.Unmapped","2026-10-02T17:06:46Z","sec-exchange",FALSE
"BML-PG","BANK OF AMERICA CORP /DE/","NYSE",NA,"lab.Unmapped","2026-10-02T17:06:46Z","sec-exchange",TRUE
"BML-PL","BANK OF AMERICA CORP /DE/","NYSE",NA,"lab.Unmapped","2026-10-02T17:06:46Z","sec-exchange",TRUE
"BAC-PB","BANK OF AMERICA CORP /DE/","NYSE",NA,"lab.Unmapped","2026-10-02T17:06:46Z","sec-exchange",TRUE
"BAC-PK","BANK OF AMERICA CORP /DE/","NYSE",NA,"lab.Unmapped","2026-10-02T17:06:46Z","sec-exchange",TRUE
"WFC-PY","WELLS FARGO & COMPANY/MN","NYSE",NA,"lab.Unmapped","2026-10-02T17:06:46Z","sec-exchange",FALSE
"WFC-PL","WELLS FARGO & COMPANY/MN","NYSE",NA,"lab.Unmapped","2026-10-02T17:06:46Z","sec-exchange",FALSE
"TBB","AT&T INC.","NYSE",NA,"lab.Unmapped","2026-10-02T17:06:46Z","sec-exchange",FALSE
"WFC-PC","WELLS FARGO & COMPANY/MN","NYSE","Sector: Financial Services | Industry: Banks - Diversified","fn.Banking","2026-10-02T17:06:46Z","sec-exchange",FALSE
"USB-PH","US BANCORP DE","NYSE",NA,"lab.Unmapped","2026-10-02T17:06:46Z","sec-exchange",FALSE
"CTA-PB","EIDP, Inc.","NYSE",NA,"lab.Unmapped","2026-10-02T17:06:46Z","sec-exchange",FALSE
"USB-PP","US BANCORP DE","NYSE",NA,"lab.Unmapped","2026-10-02T17:06:46Z","sec-exchange",FALSE
"MS-PK","MORGAN STANLEY","NYSE",NA,"lab.Unmapped","2026-10-02T17:06:46Z","sec-exchange",FALSE
"PBR-A","PETROBRAS - PETROLEO BRASILEIRO SA","NYSE","Sector: Energy | Industry: Oil & Gas Integrated","en.Energy_OilGas","2026-10-02T17:06:46Z","sec-exchange",TRUE
"MS-PE","MORGAN STANLEY","NYSE",NA,"lab.Unmapped","2026-10-02T17:06:46Z","sec-exchange",FALSE
"TRP","TC ENERGY CORP","NYSE","Sector: Energy | Industry: Oil & Gas Midstream","en.Energy_OilGas","2026-10-02T17:06:46Z","sec-exchange",FALSE
"CCZ","COMCAST CORP","NYSE",NA,"lab.Unmapped","2026-10-02T17:06:46Z","sec-exchange",FALSE
"SPG-PJ","SIMON PROPERTY GROUP INC.","NYSE",NA,"lab.Unmapped","2026-10-02T17:06:46Z","sec-exchange",FALSE
"CTA-PA","EIDP, Inc.","NYSE",NA,"lab.Unmapped","2026-10-02T17:06:46Z","sec-exchange",FALSE
"MET-PA","METLIFE INC","NYSE",NA,"lab.Unmapped","2026-10-02T17:06:46Z","sec-exchange",FALSE
"MET-PE","METLIFE INC","NYSE",NA,"lab.Unmapped","2026-10-02T17:06:46Z","sec-exchange",FALSE
"PSA-PH","Public Storage","NYSE",NA,"lab.Unmapped","2026-10-02T17:06:46Z","sec-exchange",FALSE
"PSA-PU","Public Storage","NYSE",NA,"lab.Unmapped","2026-10-02T17:06:46Z","sec-exchange",FALSE
"HEI-A","HEICO CORP","NYSE","Sector: Industrials | Industry: Aerospace & Defense","ind.Aerospace_Defense","2026-10-02T17:06:46Z","sec-exchange",FALSE
"LEN-B","LENNAR CORP /NEW/","NYSE",NA,"lab.Unmapped","2026-10-02T17:06:46Z","sec-exchange",FALSE
"BIP","Brookfield Infrastructure Partners L.P.","NYSE","Sector: Utilities | Industry: Utilities - Diversified","en.Utilities","2026-10-02T17:06:46Z","sec-exchange",FALSE
"ALL-PH","ALLSTATE CORP","NYSE","Sector: Financial Services | Industry: Insurance - Property & Casualty","fn.Insurance","2026-10-02T17:06:46Z","sec-exchange",FALSE
"BBDO","BANK BRADESCO","NYSE","Sector: Financial Services | Industry: Banks - Regional","fn.Banking","2026-10-02T17:06:46Z","sec-exchange",FALSE
"DLR-PK","DIGITAL REALTY TRUST, INC.","NYSE",NA,"lab.Unmapped","2026-10-02T17:06:46Z","sec-exchange",FALSE
"FOX","Fox Corp","NASDAQ",NA,"media.Entertainment","2026-10-02T17:06:46Z","sec-exchange",FALSE
"FWONK","Liberty Media Corp","NASDAQ",NA,"lab.Unmapped","2026-10-02T17:06:46Z","sec-exchange",FALSE
"MKC-V","MCCORMICK & CO INC","NYSE",NA,"lab.Unmapped","2026-10-02T17:06:46Z","sec-exchange",FALSE
"SOJC","SOUTHERN CO","NYSE",NA,"lab.Unmapped","2026-10-02T17:06:46Z","sec-exchange",FALSE
"Z","ZILLOW GROUP, INC.","NASDAQ",NA,"lab.Unmapped","2026-10-02T17:06:46Z","sec-exchange",FALSE
"STT-PG","STATE STREET CORP","NYSE",NA,"lab.Unmapped","2026-10-02T17:06:46Z","sec-exchange",FALSE
"NWS","NEWS CORP","NASDAQ",NA,"media.Entertainment","2026-10-02T17:06:46Z","sec-exchange",FALSE
"BIO-B","BIO-RAD LABORATORIES, INC.","NYSE",NA,"lab.Unmapped","2026-10-02T17:06:46Z","sec-exchange",FALSE
"KEY-PK","KEYCORP /NEW/","NYSE",NA,"lab.Unmapped","2026-10-02T17:06:46Z","sec-exchange",FALSE
"KEY-PI","KEYCORP /NEW/","NYSE",NA,"lab.Unmapped","2026-10-02T17:06:46Z","sec-exchange",FALSE
"FNGD","BANK OF MONTREAL /CAN/","NYSE",NA,"lab.Unmapped","2026-10-02T17:06:46Z","sec-exchange",FALSE
"WSO-B","WATSCO INC","NYSE",NA,"lab.Unmapped","2026-10-02T17:06:46Z","sec-exchange",FALSE
"MAA-PI","MID AMERICA APARTMENT COMMUNITIES INC.","NYSE",NA,"lab.Unmapped","2026-10-02T17:06:46Z","sec-exchange",FALSE
"RF-PC","REGIONS FINANCIAL CORP","NYSE",NA,"lab.Unmapped","2026-10-02T17:06:46Z","sec-exchange",FALSE
"BF-A","BROWN FORMAN CORP","NYSE",NA,"lab.Unmapped","2026-10-02T17:06:46Z","sec-exchange",FALSE
"UHAL-B","U-Haul Holding Co /NV/","NYSE",NA,"lab.Unmapped","2026-10-02T17:06:46Z","sec-exchange",TRUE
"LBTYB","Liberty Global Ltd.","NASDAQ",NA,"lab.Unmapped","2026-10-02T17:06:46Z","sec-exchange",FALSE
"CIG-C","ENERGY CO OF MINAS GERAIS","NYSE",NA,"lab.Unmapped","2026-10-02T17:06:46Z","sec-exchange",FALSE
"PSNYW","Polestar Automotive Holding UK PLC","NASDAQ",NA,"lab.Unmapped","2026-10-02T17:06:46Z","sec-exchange",TRUE
"VNO-PL","VORNADO REALTY TRUST","NYSE",NA,"lab.Unmapped","2026-10-02T17:06:46Z","sec-exchange",FALSE
"VNO-PM","VORNADO REALTY TRUST","NYSE",NA,"lab.Unmapped","2026-10-02T17:06:46Z","sec-exchange",FALSE
"TAP-A","MOLSON COORS BEVERAGE CO","NYSE",NA,"lab.Unmapped","2026-10-02T17:06:46Z","sec-exchange",FALSE
"VOYA-PB","Voya Financial, Inc.","NYSE",NA,"lab.Unmapped","2026-10-02T17:06:46Z","sec-exchange",FALSE
"CMSA","CMS ENERGY CORP","NYSE",NA,"lab.Unmapped","2026-10-02T17:06:46Z","sec-exchange",FALSE
"SLG-PI","SL GREEN REALTY CORP","NYSE",NA,"lab.Unmapped","2026-10-02T17:06:46Z","sec-exchange",FALSE
"RUSHB","RUSH ENTERPRISES INC \TX\","NASDAQ",NA,"lab.Unmapped","2026-10-02T17:06:46Z","sec-exchange",FALSE
"UNMA","Unum Group","NYSE",NA,"lab.Unmapped","2026-10-02T17:06:46Z","sec-exchange",FALSE
"PCG-PE","PG&E Corp","NYSE",NA,"lab.Unmapped","2026-10-02T17:06:46Z","sec-exchange",FALSE
"AKO-B","ANDINA BOTTLING CO INC","NYSE",NA,"lab.Unmapped","2026-10-02T17:06:46Z","sec-exchange",FALSE
"PCG-PD","PG&E Corp","NYSE",NA,"lab.Unmapped","2026-10-02T17:06:46Z","sec-exchange",FALSE
"PCG-PC","PG&E Corp","NYSE",NA,"lab.Unmapped","2026-10-02T17:06:46Z","sec-exchange",FALSE
"PCG-PH","PG&E Corp","NYSE",NA,"lab.Unmapped","2026-10-02T17:06:46Z","sec-exchange",FALSE
"PCG-PG","PG&E Corp","NYSE",NA,"lab.Unmapped","2026-10-02T17:06:46Z","sec-exchange",FALSE
"AXS-PE","AXIS CAPITAL HOLDINGS LTD","NYSE",NA,"lab.Unmapped","2026-10-02T17:06:46Z","sec-exchange",FALSE
"DTW","DTE ENERGY CO","NYSE",NA,"lab.Unmapped","2026-10-02T17:06:46Z","sec-exchange",FALSE
"PCG-PI","PG&E Corp","NYSE",NA,"lab.Unmapped","2026-10-02T17:06:46Z","sec-exchange",FALSE
"GEF-B","GREIF, INC","NYSE",NA,"lab.Unmapped","2026-10-02T17:06:46Z","sec-exchange",FALSE
"SLMBP","SLM Corp","NASDAQ",NA,"lab.Unmapped","2026-10-02T17:06:46Z","sec-exchange",FALSE
"SF-PB","STIFEL FINANCIAL CORP","NYSE",NA,"lab.Unmapped","2026-10-02T17:06:46Z","sec-exchange",FALSE
"TWO-PC","TWO HARBORS INVESTMENT CORP.","NYSE",NA,"lab.Unmapped","2026-10-02T17:06:46Z","sec-exchange",FALSE
"BELFB","BEL FUSE INC /NJ","NASDAQ",NA,"lab.Unmapped","2026-10-02T17:06:46Z","sec-exchange",FALSE
"BATRK","Atlanta Braves Holdings, Inc.","NASDAQ",NA,"lab.Unmapped","2026-10-02T17:06:46Z","sec-exchange",FALSE
"MOG-B","MOOG INC.","NYSE",NA,"lab.Unmapped","2026-10-02T17:06:46Z","sec-exchange",FALSE
"VLYPP","VALLEY NATIONAL BANCORP","NASDAQ",NA,"lab.Unmapped","2026-10-02T17:06:46Z","sec-exchange",FALSE
"LBTYK","Liberty Global Ltd.","NASDAQ",NA,"lab.Unmapped","2026-10-02T17:06:46Z","sec-exchange",FALSE
"TWO-PB","TWO HARBORS INVESTMENT CORP.","NYSE",NA,"lab.Unmapped","2026-10-02T17:06:46Z","sec-exchange",FALSE
"TWO-PA","TWO HARBORS INVESTMENT CORP.","NYSE",NA,"lab.Unmapped","2026-10-02T17:06:46Z","sec-exchange",FALSE
"WRB-PE","BERKLEY W R CORP","NYSE",NA,"lab.Unmapped","2026-10-02T17:06:46Z","sec-exchange",FALSE
"VLYPO","VALLEY NATIONAL BANCORP","NASDAQ",NA,"lab.Unmapped","2026-10-02T17:06:46Z","sec-exchange",FALSE
"RLJ-PA","RLJ Lodging Trust","NYSE",NA,"lab.Unmapped","2026-10-02T17:06:46Z","sec-exchange",FALSE
"PEB-PF","Pebblebrook Hotel Trust","NYSE",NA,"lab.Unmapped","2026-10-02T17:06:46Z","sec-exchange",FALSE
"PEB-PE","Pebblebrook Hotel Trust","NYSE",NA,"lab.Unmapped","2026-10-02T17:06:46Z","sec-exchange",FALSE
"CIM-PA","CHIMERA INVESTMENT CORP","NYSE",NA,"lab.Unmapped","2026-10-02T17:06:46Z","sec-exchange",FALSE
"CSAN","Cosan S.A.","NYSE",NA,"lab.Unmapped","2026-10-02T17:06:46Z","sec-exchange",TRUE
"TY-P","TRI-CONTINENTAL Corp","NYSE",NA,"lab.Unmapped","2026-10-02T17:06:46Z","sec-exchange",FALSE
"TRTN-PA","Triton International Ltd","NYSE",NA,"lab.Unmapped","2026-10-02T17:06:46Z","sec-exchange",FALSE
"CENTA","CENTRAL GARDEN & PET CO","NASDAQ",NA,"lab.Unmapped","2026-10-02T17:06:46Z","sec-exchange",FALSE
"LXP-PC","LXP Industrial Trust","NYSE",NA,"lab.Unmapped","2026-10-02T17:06:46Z","sec-exchange",FALSE
"WLYB","JOHN WILEY & SONS, INC.","NYSE",NA,"lab.Unmapped","2026-10-02T17:06:46Z","sec-exchange",FALSE
"UA","Under Armour, Inc.","NYSE",NA,"lab.Unmapped","2026-10-02T17:06:46Z","sec-exchange",FALSE
"GDV-PH","GABELLI DIVIDEND & INCOME TRUST","NYSE",NA,"lab.Unmapped","2026-10-02T17:06:46Z","sec-exchange",FALSE
"FISK","Empire State Realty OP, L.P.","NYSE",NA,"lab.Unmapped","2026-10-02T17:06:46Z","sec-exchange",FALSE
"LILAK","Liberty Latin America Ltd.","NASDAQ",NA,"lab.Unmapped","2026-10-02T17:06:46Z","sec-exchange",FALSE
"NGL-PC","NGL Energy Partners LP","NYSE",NA,"lab.Unmapped","2026-10-02T17:06:46Z","sec-exchange",FALSE
"BFS-PD","SAUL CENTERS, INC.","NYSE",NA,"lab.Unmapped","2026-10-02T17:06:46Z","sec-exchange",FALSE
"OGCP","Empire State Realty OP, L.P.","NYSE",NA,"lab.Unmapped","2026-10-02T17:06:46Z","sec-exchange",FALSE
"AGM-A","FEDERAL AGRICULTURAL MORTGAGE CORP","NYSE",NA,"lab.Unmapped","2026-10-02T17:06:46Z","sec-exchange",FALSE
"PMT-PA","PennyMac Mortgage Investment Trust","NYSE",NA,"lab.Unmapped","2026-10-02T17:06:46Z","sec-exchange",FALSE
"PMT-PB","PennyMac Mortgage Investment Trust","NYSE",NA,"lab.Unmapped","2026-10-02T17:06:46Z","sec-exchange",FALSE
"MHLA","Maiden Holdings, Ltd.","NYSE",NA,"lab.Unmapped","2026-10-02T17:06:46Z","sec-exchange",FALSE
"CODI-PB","Compass Diversified Holdings","NYSE",NA,"lab.Unmapped","2026-10-02T17:06:46Z","sec-exchange",FALSE
"BH","Biglari Holdings Inc.","NYSE",NA,"lab.Unmapped","2026-10-02T17:06:46Z","sec-exchange",FALSE
"GLOP-PA","GasLog Partners LP","NYSE",NA,"lab.Unmapped","2026-10-02T17:06:46Z","sec-exchange",FALSE
"HL-PB","HECLA MINING CO/DE/","NYSE",NA,"lab.Unmapped","2026-10-02T17:06:46Z","sec-exchange",TRUE
"SENEB","Seneca Foods Corp","NASDAQ",NA,"lab.Unmapped","2026-10-02T17:06:46Z","sec-exchange",FALSE
"TBPH","Theravance Biopharma, Inc.","NASDAQ",NA,"lab.Unmapped","2026-10-02T17:06:46Z","sec-exchange",FALSE
"HCACU","Hall Chadwick Acquisition Corp","NASDAQ",NA,"lab.Unmapped","2026-10-02T17:06:46Z","sec-exchange",FALSE
"KELYB","KELLY SERVICES INC","NASDAQ",NA,"lab.Unmapped","2026-10-02T17:06:46Z","sec-exchange",FALSE
"GTN-A","GRAY MEDIA, INC","NYSE",NA,"lab.Unmapped","2026-10-02T17:06:46Z","sec-exchange",FALSE
"QVCG","QVC Group, Inc.","NASDAQ",NA,"lab.Unmapped","2026-10-02T17:06:46Z","sec-exchange",FALSE
"CMRE-PC","Costamare Inc.","NYSE",NA,"lab.Unmapped","2026-10-02T17:06:46Z","sec-exchange",FALSE
"DGICB","DONEGAL GROUP INC","NASDAQ",NA,"lab.Unmapped","2026-10-02T17:06:46Z","sec-exchange",FALSE
"HVT-A","HAVERTY FURNITURE COMPANIES INC","NYSE",NA,"lab.Unmapped","2026-10-02T17:06:46Z","sec-exchange",FALSE
"GGT-PE","GABELLI MULTIMEDIA TRUST INC.","NYSE",NA,"lab.Unmapped","2026-10-02T17:06:46Z","sec-exchange",FALSE
"UMH-PD","UMH PROPERTIES, INC.","NYSE",NA,"lab.Unmapped","2026-10-02T17:06:46Z","sec-exchange",FALSE
"OXLCM","Oxford Lane Capital Corp.","NASDAQ",NA,"lab.Unmapped","2026-10-02T17:06:46Z","sec-exchange",FALSE
"NEWTI","NewtekOne, Inc.","NASDAQ",NA,"lab.Unmapped","2026-10-02T17:06:46Z","sec-exchange",FALSE
"OXLCO","Oxford Lane Capital Corp.","NASDAQ",NA,"lab.Unmapped","2026-10-02T17:06:46Z","sec-exchange",FALSE
"CRD-B","CRAWFORD & CO","NYSE",NA,"lab.Unmapped","2026-10-02T17:06:46Z","sec-exchange",FALSE
"ALF","Centurion Acquisition Corp.","NASDAQ",NA,"lab.Unmapped","2026-10-02T17:06:46Z","sec-exchange",FALSE
"RDIB","READING INTERNATIONAL INC","NASDAQ",NA,"lab.Unmapped","2026-10-02T17:06:46Z","sec-exchange",FALSE
"BRR","Silvia, Inc.","NASDAQ",NA,"lab.Unmapped","2026-10-02T17:06:46Z","sec-exchange",FALSE
"NCZ-PA","Virtus Convertible & Income Fund II","NYSE",NA,"lab.Unmapped","2026-10-02T17:06:46Z","sec-exchange",FALSE
"DSX-PB","DIANA SHIPPING INC.","NYSE",NA,"lab.Unmapped","2026-10-02T17:06:46Z","sec-exchange",FALSE
"CHMI-PB","Cherry Hill Mortgage Investment Corp","NYSE",NA,"lab.Unmapped","2026-10-02T17:06:46Z","sec-exchange",FALSE
"SBXD","SilverBox Corp IV","NYSE",NA,"lab.Unmapped","2026-10-02T17:06:46Z","sec-exchange",FALSE
"APLMW","Apollomics Inc.","NASDAQ",NA,"lab.Unmapped","2026-10-02T17:06:46Z","sec-exchange",FALSE
"NHIC","NewHold Investment Corp. III","NASDAQ",NA,"lab.Unmapped","2026-10-02T17:06:46Z","sec-exchange",FALSE
"CHMI-PA","Cherry Hill Mortgage Investment Corp","NYSE",NA,"lab.Unmapped","2026-10-02T17:06:46Z","sec-exchange",FALSE
"LANDP","GLADSTONE LAND Corp","NASDAQ",NA,"lab.Unmapped","2026-10-02T17:06:46Z","sec-exchange",FALSE
"ENO","ENTERGY NEW ORLEANS, LLC","NYSE",NA,"lab.Unmapped","2026-10-02T17:06:46Z","sec-exchange",FALSE
"SB-PC","SAFE BULKERS, INC.","NYSE",NA,"lab.Unmapped","2026-10-02T17:06:46Z","sec-exchange",FALSE
"CHAD","DeFi Development Corp.","NASDAQ",NA,"lab.Unmapped","2026-10-02T17:06:46Z","sec-exchange",FALSE
"DOMO","Huckleberry.ai, Inc.","NASDAQ",NA,"lab.Unmapped","2026-10-02T17:06:46Z","sec-exchange",FALSE
"BTA","BlackRock Long-Term Municipal Advantage Trust","NYSE",NA,"lab.Unmapped","2026-10-02T17:06:46Z","sec-exchange",FALSE
"HVII","ONE Nuclear Energy Inc.","NASDAQ",NA,"lab.Unmapped","2026-10-02T17:06:46Z","sec-exchange",FALSE
"BCV-PA","BANCROFT FUND LTD","NYSE",NA,"lab.Unmapped","2026-10-02T17:06:46Z","sec-exchange",FALSE
"SRG","Seritage Growth Properties","NYSE",NA,"lab.Unmapped","2026-10-02T17:06:46Z","sec-exchange",FALSE
"GLU-PB","GABELLI GLOBAL UTILITY & INCOME TRUST","NYSE",NA,"lab.Unmapped","2026-10-02T17:06:46Z","sec-exchange",FALSE
"SIMA","SIM Acquisition Corp. I","NASDAQ",NA,"lab.Unmapped","2026-10-02T17:06:46Z","sec-exchange",FALSE
"GSL-PB","Global Ship Lease, Inc.","NYSE",NA,"lab.Unmapped","2026-10-02T17:06:46Z","sec-exchange",FALSE
"LPAA","Launch One Acquisition Corp.","NASDAQ",NA,"lab.Unmapped","2026-10-02T17:06:46Z","sec-exchange",FALSE
"FSHPU","Flag Ship Acquisition Corp","NASDAQ",NA,"lab.Unmapped","2026-10-02T17:06:46Z","sec-exchange",FALSE
"STRC","Strategy Inc","NASDAQ",NA,"lab.Unmapped","2026-10-02T17:06:46Z","sec-exchange",FALSE
"UONEK","URBAN ONE, INC.","NASDAQ",NA,"lab.Unmapped","2026-10-02T17:06:46Z","sec-exchange",FALSE
"FGNX","FG Nexus Inc.","NASDAQ",NA,"lab.Unmapped","2026-10-02T17:06:46Z","sec-exchange",FALSE
"IPEX","Inflection Point Acquisition Corp. V","NASDAQ",NA,"lab.Unmapped","2026-10-02T17:06:46Z","sec-exchange",FALSE
"SWAG","Stran & Company, Inc.","NASDAQ",NA,"lab.Unmapped","2026-10-02T17:06:46Z","sec-exchange",FALSE
"WVVIP","WILLAMETTE VALLEY VINEYARDS INC","NASDAQ",NA,"lab.Unmapped","2026-10-02T17:06:46Z","sec-exchange",FALSE
"HWH","HWH International Inc.","NASDAQ",NA,"lab.Unmapped","2026-10-02T17:06:46Z","sec-exchange",FALSE
"BEAT","HeartBeam, Inc.","NASDAQ",NA,"lab.Unmapped","2026-10-02T17:06:46Z","sec-exchange",FALSE
"WHLRD","Wheeler Real Estate Investment Trust, Inc.","NASDAQ",NA,"lab.Unmapped","2026-10-02T17:06:46Z","sec-exchange",FALSE
"TVE","Tennessee Valley Authority","NYSE",NA,"lab.Unmapped","2026-10-02T17:06:46Z","sec-exchange",FALSE
"TVC","Tennessee Valley Authority","NYSE",NA,"lab.Unmapped","2026-10-02T17:06:46Z","sec-exchange",FALSE
"LUCY","Innovative Eyewear Inc","NASDAQ",NA,"lab.Unmapped","2026-10-02T17:06:46Z","sec-exchange",FALSE
"WHLRP","Wheeler Real Estate Investment Trust, Inc.","NASDAQ",NA,"lab.Unmapped","2026-10-02T17:06:46Z","sec-exchange",FALSE
"MOBBW","Mobilicom Ltd","NASDAQ",NA,"lab.Unmapped","2026-10-02T17:06:46Z","sec-exchange",FALSE
"OXBRW","OXBRIDGE RE HOLDINGS Ltd","NASDAQ",NA,"lab.Unmapped","2026-10-02T17:06:46Z","sec-exchange",FALSE
"CICC","CION Investment Corp","NYSE",NA,"lab.Unmapped","2026-10-02T17:06:46Z","sec-exchange",FALSE
"ASBA","ASSOCIATED BANC-CORP","NYSE",NA,"lab.Unmapped","2026-10-02T17:06:46Z","sec-exchange",FALSE
"ASB-PE","ASSOCIATED BANC-CORP","NYSE",NA,"lab.Unmapped","2026-10-02T17:06:46Z","sec-exchange",FALSE
"ASB-PF","ASSOCIATED BANC-CORP","NYSE",NA,"lab.Unmapped","2026-10-02T17:06:46Z","sec-exchange",FALSE
"WRB-PF","BERKLEY W R CORP","NYSE",NA,"lab.Unmapped","2026-10-02T17:06:46Z","sec-exchange",FALSE
"WRB-PG","BERKLEY W R CORP","NYSE",NA,"lab.Unmapped","2026-10-02T17:06:46Z","sec-exchange",FALSE
"WRB-PH","BERKLEY W R CORP","NYSE",NA,"lab.Unmapped","2026-10-02T17:06:46Z","sec-exchange",FALSE
"BA-PA","BOEING CO","NYSE",NA,"lab.Unmapped","2026-10-02T17:06:46Z","sec-exchange",FALSE
"CELG-RI","BRISTOL MYERS SQUIBB CO","NYSE",NA,"lab.Unmapped","2026-10-02T17:06:46Z","sec-exchange",FALSE
"BC-PC","BRUNSWICK CORP","NYSE",NA,"lab.Unmapped","2026-10-02T17:06:46Z","sec-exchange",FALSE
"AMJB","JPMORGAN CHASE & CO","NYSE",NA,"lab.Unmapped","2026-10-02T17:06:46Z","sec-exchange",FALSE
"JPM-PD","JPMORGAN CHASE & CO","NYSE",NA,"lab.Unmapped","2026-10-02T17:06:46Z","sec-exchange",FALSE
"JPM-PJ","JPMORGAN CHASE & CO","NYSE",NA,"lab.Unmapped","2026-10-02T17:06:46Z","sec-exchange",FALSE
"JPM-PK","JPMORGAN CHASE & CO","NYSE",NA,"lab.Unmapped","2026-10-02T17:06:46Z","sec-exchange",FALSE
"JPM-PL","JPMORGAN CHASE & CO","NYSE",NA,"lab.Unmapped","2026-10-02T17:06:46Z","sec-exchange",FALSE
"JPM-PM","JPMORGAN CHASE & CO","NYSE",NA,"lab.Unmapped","2026-10-02T17:06:46Z","sec-exchange",FALSE
"VYLD","JPMORGAN CHASE & CO","NYSE",NA,"lab.Unmapped","2026-10-02T17:06:46Z","sec-exchange",FALSE
"CTO-PA","CTO Realty Growth, Inc.","NYSE",NA,"lab.Unmapped","2026-10-02T17:06:46Z","sec-exchange",FALSE
"DDT","DILLARD'S, INC.","NYSE",NA,"lab.Unmapped","2026-10-02T17:06:46Z","sec-exchange",FALSE
"FRT-PC","FEDERAL REALTY INVESTMENT TRUST","NYSE",NA,"lab.Unmapped","2026-10-02T17:06:46Z","sec-exchange",FALSE
"FITB-PA","FIFTH THIRD BANCORP","NYSE",NA,"lab.Unmapped","2026-10-02T17:06:46Z","sec-exchange",FALSE
"FITB-PI","FIFTH THIRD BANCORP","NYSE",NA,"lab.Unmapped","2026-10-02T17:06:46Z","sec-exchange",FALSE
"FITB-PK","FIFTH THIRD BANCORP","NYSE",NA,"lab.Unmapped","2026-10-02T17:06:46Z","sec-exchange",FALSE
"FITB-PM","FIFTH THIRD BANCORP","NYSE",NA,"lab.Unmapped","2026-10-02T17:06:46Z","sec-exchange",FALSE
"USB-PQ","US BANCORP DE","NYSE",NA,"lab.Unmapped","2026-10-02T17:06:46Z","sec-exchange",FALSE
"USB-PR","US BANCORP DE","NYSE",NA,"lab.Unmapped","2026-10-02T17:06:46Z","sec-exchange",FALSE
"USB-PS","US BANCORP DE","NYSE",NA,"lab.Unmapped","2026-10-02T17:06:46Z","sec-exchange",FALSE
"MTB-PH","M&T BANK CORP","NYSE",NA,"lab.Unmapped","2026-10-02T17:06:46Z","sec-exchange",FALSE
"MTB-PJ","M&T BANK CORP","NYSE",NA,"lab.Unmapped","2026-10-02T17:06:46Z","sec-exchange",FALSE
"MTB-PK","M&T BANK CORP","NYSE",NA,"lab.Unmapped","2026-10-02T17:06:46Z","sec-exchange",FALSE
"MTB-PL","M&T BANK CORP","NYSE",NA,"lab.Unmapped","2026-10-02T17:06:46Z","sec-exchange",FALSE
"FHN-PE","FIRST HORIZON CORP","NYSE",NA,"lab.Unmapped","2026-10-02T17:06:46Z","sec-exchange",FALSE
"FHN-PF","FIRST HORIZON CORP","NYSE",NA,"lab.Unmapped","2026-10-02T17:06:46Z","sec-exchange",FALSE
"FHN-PH","FIRST HORIZON CORP","NYSE",NA,"lab.Unmapped","2026-10-02T17:06:46Z","sec-exchange",FALSE
"F-PB","FORD MOTOR CO","NYSE",NA,"lab.Unmapped","2026-10-02T17:06:46Z","sec-exchange",FALSE
"F-PC","FORD MOTOR CO","NYSE",NA,"lab.Unmapped","2026-10-02T17:06:46Z","sec-exchange",FALSE
"F-PD","FORD MOTOR CO","NYSE",NA,"lab.Unmapped","2026-10-02T17:06:46Z","sec-exchange",FALSE
"CFR-PB","CULLEN/FROST BANKERS, INC.","NYSE",NA,"lab.Unmapped","2026-10-02T17:06:46Z","sec-exchange",FALSE
"GAM-PB","GENERAL AMERICAN INVESTORS CO INC","NYSE",NA,"lab.Unmapped","2026-10-02T17:06:46Z","sec-exchange",FALSE
"BOH-PA","BANK OF HAWAII CORP","NYSE",NA,"lab.Unmapped","2026-10-02T17:06:46Z","sec-exchange",FALSE
"BOH-PB","BANK OF HAWAII CORP","NYSE",NA,"lab.Unmapped","2026-10-02T17:06:46Z","sec-exchange",FALSE
"HBANL","HUNTINGTON BANCSHARES INC /MD/","NASDAQ",NA,"lab.Unmapped","2026-10-02T17:06:46Z","sec-exchange",FALSE
"HBANM","HUNTINGTON BANCSHARES INC /MD/","NASDAQ",NA,"lab.Unmapped","2026-10-02T17:06:46Z","sec-exchange",FALSE
"HBANP","HUNTINGTON BANCSHARES INC /MD/","NASDAQ",NA,"lab.Unmapped","2026-10-02T17:06:46Z","sec-exchange",FALSE
"HBANZ","HUNTINGTON BANCSHARES INC /MD/","NASDAQ",NA,"lab.Unmapped","2026-10-02T17:06:46Z","sec-exchange",FALSE
"LNC-PD","LINCOLN NATIONAL CORP","NYSE",NA,"lab.Unmapped","2026-10-02T17:06:46Z","sec-exchange",FALSE
"SLNHP","Soluna Holdings, Inc","NASDAQ",NA,"lab.Unmapped","2026-10-02T17:06:46Z","sec-exchange",FALSE
"CTGG","QWEST CORP","NYSE",NA,"lab.Unmapped","2026-10-02T17:06:46Z","sec-exchange",FALSE
"CTHH","QWEST CORP","NYSE",NA,"lab.Unmapped","2026-10-02T17:06:46Z","sec-exchange",FALSE
"BAC-PE","BANK OF AMERICA CORP /DE/","NYSE",NA,"lab.Unmapped","2026-10-02T17:06:46Z","sec-exchange",TRUE
"BAC-PL","BANK OF AMERICA CORP /DE/","NYSE",NA,"lab.Unmapped","2026-10-02T17:06:46Z","sec-exchange",TRUE
"BAC-PM","BANK OF AMERICA CORP /DE/","NYSE",NA,"lab.Unmapped","2026-10-02T17:06:46Z","sec-exchange",TRUE
"BAC-PN","BANK OF AMERICA CORP /DE/","NYSE",NA,"lab.Unmapped","2026-10-02T17:06:46Z","sec-exchange",TRUE
"BAC-PO","BANK OF AMERICA CORP /DE/","NYSE",NA,"lab.Unmapped","2026-10-02T17:06:46Z","sec-exchange",TRUE
"BAC-PP","BANK OF AMERICA CORP /DE/","NYSE",NA,"lab.Unmapped","2026-10-02T17:06:46Z","sec-exchange",TRUE
"BAC-PQ","BANK OF AMERICA CORP /DE/","NYSE",NA,"lab.Unmapped","2026-10-02T17:06:46Z","sec-exchange",TRUE
"BAC-PS","BANK OF AMERICA CORP /DE/","NYSE",NA,"lab.Unmapped","2026-10-02T17:06:46Z","sec-exchange",TRUE
"BML-PH","BANK OF AMERICA CORP /DE/","NYSE",NA,"lab.Unmapped","2026-10-02T17:06:46Z","sec-exchange",TRUE
"BML-PJ","BANK OF AMERICA CORP /DE/","NYSE",NA,"lab.Unmapped","2026-10-02T17:06:46Z","sec-exchange",TRUE
"MER-PK","BANK OF AMERICA CORP /DE/","NYSE",NA,"lab.Unmapped","2026-10-02T17:06:46Z","sec-exchange",TRUE
"XELLL","XCEL ENERGY INC","NASDAQ",NA,"lab.Unmapped","2026-10-02T17:06:46Z","sec-exchange",FALSE
"WFC-PA","WELLS FARGO & COMPANY/MN","NYSE",NA,"lab.Unmapped","2026-10-02T17:06:46Z","sec-exchange",FALSE
"WFC-PD","WELLS FARGO & COMPANY/MN","NYSE",NA,"lab.Unmapped","2026-10-02T17:06:46Z","sec-exchange",FALSE
"WFC-PZ","WELLS FARGO & COMPANY/MN","NYSE",NA,"lab.Unmapped","2026-10-02T17:06:46Z","sec-exchange",FALSE
"NTRSO","NORTHERN TRUST CORP","NASDAQ",NA,"lab.Unmapped","2026-10-02T17:06:46Z","sec-exchange",FALSE
"PBI-PB","PITNEY BOWES INC /DE/","NYSE",NA,"lab.Unmapped","2026-10-02T17:06:46Z","sec-exchange",TRUE
"KEY-PJ","KEYCORP /NEW/","NYSE",NA,"lab.Unmapped","2026-10-02T17:06:46Z","sec-exchange",FALSE
"KEY-PL","KEYCORP /NEW/","NYSE",NA,"lab.Unmapped","2026-10-02T17:06:46Z","sec-exchange",FALSE
"SCE-PG","SOUTHERN CALIFORNIA EDISON Co","NYSE",NA,"lab.Unmapped","2026-10-02T17:06:46Z","sec-exchange",FALSE
"SCE-PL","SOUTHERN CALIFORNIA EDISON Co","NYSE",NA,"lab.Unmapped","2026-10-02T17:06:46Z","sec-exchange",FALSE
"SCE-PM","SOUTHERN CALIFORNIA EDISON Co","NYSE",NA,"lab.Unmapped","2026-10-02T17:06:46Z","sec-exchange",FALSE
"SCE-PN","SOUTHERN CALIFORNIA EDISON Co","NYSE",NA,"lab.Unmapped","2026-10-02T17:06:46Z","sec-exchange",FALSE
"SOJD","SOUTHERN CO","NYSE",NA,"lab.Unmapped","2026-10-02T17:06:46Z","sec-exchange",FALSE
"SOJE","SOUTHERN CO","NYSE",NA,"lab.Unmapped","2026-10-02T17:06:46Z","sec-exchange",FALSE
"SOJF","SOUTHERN CO","NYSE",NA,"lab.Unmapped","2026-10-02T17:06:46Z","sec-exchange",FALSE
"SOMN","SOUTHERN CO","NYSE",NA,"lab.Unmapped","2026-10-02T17:06:46Z","sec-exchange",FALSE
"TFC-PI","TRUIST FINANCIAL CORP","NYSE",NA,"lab.Unmapped","2026-10-02T17:06:46Z","sec-exchange",FALSE
"TFC-PO","TRUIST FINANCIAL CORP","NYSE",NA,"lab.Unmapped","2026-10-02T17:06:46Z","sec-exchange",FALSE
"TFC-PR","TRUIST FINANCIAL CORP","NYSE",NA,"lab.Unmapped","2026-10-02T17:06:46Z","sec-exchange",FALSE
"TCPA","TRANSCANADA PIPELINES LTD","NYSE",NA,"lab.Unmapped","2026-10-02T17:06:46Z","sec-exchange",FALSE
"UMBFO","UMB FINANCIAL CORP","NASDAQ",NA,"lab.Unmapped","2026-10-02T17:06:46Z","sec-exchange",FALSE
"VSECU","VSE CORP","NASDAQ",NA,"lab.Unmapped","2026-10-02T17:06:46Z","sec-exchange",FALSE
"WHR-PA","WHIRLPOOL CORP /DE/","NYSE",NA,"lab.Unmapped","2026-10-02T17:06:46Z","sec-exchange",TRUE
"ZIONP","ZIONS BANCORPORATION, NATIONAL ASSOCIATION /UT/","NASDAQ",NA,"lab.Unmapped","2026-10-02T17:06:46Z","sec-exchange",FALSE
"WSBCO","WESBANCO INC","NASDAQ",NA,"lab.Unmapped","2026-10-02T17:06:46Z","sec-exchange",FALSE
"SIGIP","SELECTIVE INSURANCE GROUP INC","NASDAQ",NA,"lab.Unmapped","2026-10-02T17:06:46Z","sec-exchange",FALSE
"DJP","BARCLAYS BANK PLC","NYSE",NA,"lab.Unmapped","2026-10-02T17:06:46Z","sec-exchange",TRUE
"GBUG","BARCLAYS BANK PLC","NASDAQ",NA,"lab.Unmapped","2026-10-02T17:06:46Z","sec-exchange",TRUE
"GRN","BARCLAYS BANK PLC","NYSE",NA,"lab.Unmapped","2026-10-02T17:06:46Z","sec-exchange",TRUE
"BUSEP","FIRST BUSEY CORP /NV/","NASDAQ",NA,"lab.Unmapped","2026-10-02T17:06:46Z","sec-exchange",TRUE
"VAL-WT","Valaris Ltd","NYSE",NA,"lab.Unmapped","2026-10-02T17:06:46Z","sec-exchange",FALSE
"SCHW-PD","SCHWAB CHARLES CORP","NYSE",NA,"lab.Unmapped","2026-10-02T17:06:46Z","sec-exchange",FALSE
"SCHW-PJ","SCHWAB CHARLES CORP","NYSE",NA,"lab.Unmapped","2026-10-02T17:06:46Z","sec-exchange",FALSE
"GL-PD","GLOBE LIFE INC.","NYSE",NA,"lab.Unmapped","2026-10-02T17:06:46Z","sec-exchange",FALSE
"AIRTP","AIR T INC","NASDAQ",NA,"lab.Unmapped","2026-10-02T17:06:46Z","sec-exchange",FALSE
"HOVNP","HOVNANIAN ENTERPRISES INC","NASDAQ",NA,"lab.Unmapped","2026-10-02T17:06:46Z","sec-exchange",FALSE
"FULTP","FULTON FINANCIAL CORP","NASDAQ",NA,"lab.Unmapped","2026-10-02T17:06:46Z","sec-exchange",FALSE
"ONBPO","OLD NATIONAL BANCORP /IN/","NASDAQ",NA,"lab.Unmapped","2026-10-02T17:06:46Z","sec-exchange",FALSE
"ONBPP","OLD NATIONAL BANCORP /IN/","NASDAQ",NA,"lab.Unmapped","2026-10-02T17:06:46Z","sec-exchange",FALSE
"FRMEP","FIRST MERCHANTS CORP","NASDAQ",NA,"lab.Unmapped","2026-10-02T17:06:46Z","sec-exchange",FALSE
"CNOBP","ConnectOne Bancorp, Inc.","NASDAQ",NA,"lab.Unmapped","2026-10-02T17:06:46Z","sec-exchange",FALSE
"VLYPN","VALLEY NATIONAL BANCORP","NASDAQ",NA,"lab.Unmapped","2026-10-02T17:06:46Z","sec-exchange",FALSE
"SFB","STIFEL FINANCIAL CORP","NYSE",NA,"lab.Unmapped","2026-10-02T17:06:46Z","sec-exchange",FALSE
"SF-PC","STIFEL FINANCIAL CORP","NYSE",NA,"lab.Unmapped","2026-10-02T17:06:46Z","sec-exchange",FALSE
"SF-PD","STIFEL FINANCIAL CORP","NYSE",NA,"lab.Unmapped","2026-10-02T17:06:46Z","sec-exchange",FALSE
"CDZIP","CADIZ INC","NASDAQ",NA,"lab.Unmapped","2026-10-02T17:06:46Z","sec-exchange",FALSE
"T-PA","AT&T INC.","NYSE",NA,"lab.Unmapped","2026-10-02T17:06:46Z","sec-exchange",FALSE
"T-PC","AT&T INC.","NYSE",NA,"lab.Unmapped","2026-10-02T17:06:46Z","sec-exchange",FALSE
"CCNEP","CNB FINANCIAL CORP/PA","NASDAQ",NA,"lab.Unmapped","2026-10-02T17:06:46Z","sec-exchange",FALSE
"ERNAW","Ernexa Therapeutics Inc.","NASDAQ",NA,"lab.Unmapped","2026-10-02T17:06:46Z","sec-exchange",FALSE
"HWCPZ","HANCOCK WHITNEY CORP","NASDAQ",NA,"lab.Unmapped","2026-10-02T17:06:46Z","sec-exchange",FALSE
"NEE-PN","NEXTERA ENERGY INC","NYSE",NA,"lab.Unmapped","2026-10-02T17:06:46Z","sec-exchange",FALSE
"NEE-PS","NEXTERA ENERGY INC","NYSE",NA,"lab.Unmapped","2026-10-02T17:06:46Z","sec-exchange",FALSE
"NEE-PT","NEXTERA ENERGY INC","NYSE",NA,"lab.Unmapped","2026-10-02T17:06:46Z","sec-exchange",FALSE
"NEE-PU","NEXTERA ENERGY INC","NYSE",NA,"lab.Unmapped","2026-10-02T17:06:46Z","sec-exchange",FALSE
"NEE-PV","NEXTERA ENERGY INC","NYSE",NA,"lab.Unmapped","2026-10-02T17:06:46Z","sec-exchange",FALSE
"NEE-PW","NEXTERA ENERGY INC","NYSE",NA,"lab.Unmapped","2026-10-02T17:06:46Z","sec-exchange",FALSE
"CFG-PE","CITIZENS FINANCIAL GROUP INC/RI","NYSE",NA,"lab.Unmapped","2026-10-02T17:06:46Z","sec-exchange",FALSE
"CFG-PH","CITIZENS FINANCIAL GROUP INC/RI","NYSE",NA,"lab.Unmapped","2026-10-02T17:06:46Z","sec-exchange",FALSE
"CFG-PI","CITIZENS FINANCIAL GROUP INC/RI","NYSE",NA,"lab.Unmapped","2026-10-02T17:06:46Z","sec-exchange",FALSE
"BANFP","BANCFIRST CORP /OK/","NASDAQ",NA,"lab.Unmapped","2026-10-02T17:06:46Z","sec-exchange",FALSE
"CDR-PB","CEDAR REALTY TRUST, INC.","NYSE",NA,"lab.Unmapped","2026-10-02T17:06:46Z","sec-exchange",FALSE
"CDR-PC","CEDAR REALTY TRUST, INC.","NYSE",NA,"lab.Unmapped","2026-10-02T17:06:46Z","sec-exchange",FALSE
"BPOPM","POPULAR, INC.","NASDAQ",NA,"lab.Unmapped","2026-10-02T17:06:46Z","sec-exchange",FALSE
"AEFC","AEGON LTD.","NYSE",NA,"lab.Unmapped","2026-10-02T17:06:46Z","sec-exchange",FALSE
"ECF-PA","ELLSWORTH GROWTH & INCOME FUND LTD","NYSE",NA,"lab.Unmapped","2026-10-02T17:06:46Z","sec-exchange",FALSE
"GAB-PG","GABELLI EQUITY TRUST INC","NYSE",NA,"lab.Unmapped","2026-10-02T17:06:46Z","sec-exchange",FALSE
"GAB-PH","GABELLI EQUITY TRUST INC","NYSE",NA,"lab.Unmapped","2026-10-02T17:06:46Z","sec-exchange",FALSE
"GAB-PK","GABELLI EQUITY TRUST INC","NYSE",NA,"lab.Unmapped","2026-10-02T17:06:46Z","sec-exchange",FALSE
"OXY-WT","OCCIDENTAL PETROLEUM CORP /DE/","NYSE",NA,"lab.Unmapped","2026-10-02T17:06:46Z","sec-exchange",TRUE
"FCNCN","FIRST CITIZENS BANCSHARES INC /DE/","NASDAQ",NA,"lab.Unmapped","2026-10-02T17:06:46Z","sec-exchange",TRUE
"FCNCO","FIRST CITIZENS BANCSHARES INC /DE/","NASDAQ",NA,"lab.Unmapped","2026-10-02T17:06:46Z","sec-exchange",TRUE
"FCNCP","FIRST CITIZENS BANCSHARES INC /DE/","NASDAQ",NA,"lab.Unmapped","2026-10-02T17:06:46Z","sec-exchange",TRUE
"CMSC","CMS ENERGY CORP","NYSE",NA,"lab.Unmapped","2026-10-02T17:06:46Z","sec-exchange",FALSE
"CMSD","CMS ENERGY CORP","NYSE",NA,"lab.Unmapped","2026-10-02T17:06:46Z","sec-exchange",FALSE
"CMS-PC","CMS ENERGY CORP","NYSE",NA,"lab.Unmapped","2026-10-02T17:06:46Z","sec-exchange",FALSE
"SNUS-PH","Santander Holdings USA, Inc.","NYSE",NA,"lab.Unmapped","2026-10-02T17:06:46Z","sec-exchange",FALSE
"SNUS-PI","Santander Holdings USA, Inc.","NYSE",NA,"lab.Unmapped","2026-10-02T17:06:46Z","sec-exchange",FALSE
"UZD","ARRAY DIGITAL INFRASTRUCTURE, INC.","NYSE",NA,"lab.Unmapped","2026-10-02T17:06:46Z","sec-exchange",FALSE
"UZE","ARRAY DIGITAL INFRASTRUCTURE, INC.","NYSE",NA,"lab.Unmapped","2026-10-02T17:06:46Z","sec-exchange",FALSE
"UZF","ARRAY DIGITAL INFRASTRUCTURE, INC.","NYSE",NA,"lab.Unmapped","2026-10-02T17:06:46Z","sec-exchange",FALSE
"CHSCL","CHS INC","NASDAQ",NA,"lab.Unmapped","2026-10-02T17:06:46Z","sec-exchange",FALSE
"CHSCM","CHS INC","NASDAQ",NA,"lab.Unmapped","2026-10-02T17:06:46Z","sec-exchange",FALSE
"CHSCN","CHS INC","NASDAQ",NA,"lab.Unmapped","2026-10-02T17:06:46Z","sec-exchange",FALSE
"CHSCO","CHS INC","NASDAQ",NA,"lab.Unmapped","2026-10-02T17:06:46Z","sec-exchange",FALSE
"DX-PC","DYNEX CAPITAL INC","NYSE",NA,"lab.Unmapped","2026-10-02T17:06:46Z","sec-exchange",FALSE
"MCHPP","MICROCHIP TECHNOLOGY INC","NASDAQ",NA,"lab.Unmapped","2026-10-02T17:06:46Z","sec-exchange",FALSE
"CLSKW","CLEANSPARK, INC.","NASDAQ",NA,"lab.Unmapped","2026-10-02T17:06:46Z","sec-exchange",FALSE
"C-PN","CITIGROUP INC","NYSE",NA,"lab.Unmapped","2026-10-02T17:06:46Z","sec-exchange",FALSE
"C-PR","CITIGROUP INC","NYSE",NA,"lab.Unmapped","2026-10-02T17:06:46Z","sec-exchange",FALSE
"AGM-PD","FEDERAL AGRICULTURAL MORTGAGE CORP","NYSE",NA,"lab.Unmapped","2026-10-02T17:06:46Z","sec-exchange",FALSE
"AGM-PE","FEDERAL AGRICULTURAL MORTGAGE CORP","NYSE",NA,"lab.Unmapped","2026-10-02T17:06:46Z","sec-exchange",FALSE
"AGM-PF","FEDERAL AGRICULTURAL MORTGAGE CORP","NYSE",NA,"lab.Unmapped","2026-10-02T17:06:46Z","sec-exchange",FALSE
"AGM-PG","FEDERAL AGRICULTURAL MORTGAGE CORP","NYSE",NA,"lab.Unmapped","2026-10-02T17:06:46Z","sec-exchange",FALSE
"AGM-PH","FEDERAL AGRICULTURAL MORTGAGE CORP","NYSE",NA,"lab.Unmapped","2026-10-02T17:06:46Z","sec-exchange",FALSE
"AGM-PI","FEDERAL AGRICULTURAL MORTGAGE CORP","NYSE",NA,"lab.Unmapped","2026-10-02T17:06:46Z","sec-exchange",FALSE
"DCBG","Dime Commercial Bancshares, Inc. /NY/","NYSE",NA,"lab.Unmapped","2026-10-02T17:06:46Z","sec-exchange",FALSE
"DCOM-P","Dime Commercial Bancshares, Inc. /NY/","NYSE",NA,"lab.Unmapped","2026-10-02T17:06:46Z","sec-exchange",FALSE
"GENVR","Gen Digital Inc.","NASDAQ",NA,"lab.Unmapped","2026-10-02T17:06:46Z","sec-exchange",FALSE
"KMPB","KEMPER Corp","NYSE",NA,"lab.Unmapped","2026-10-02T17:06:46Z","sec-exchange",FALSE
"HIG-PG","HARTFORD INSURANCE GROUP, INC.","NYSE",NA,"lab.Unmapped","2026-10-02T17:06:46Z","sec-exchange",FALSE
"KIM-PL","KIMCO REALTY CORP","NYSE",NA,"lab.Unmapped","2026-10-02T17:06:46Z","sec-exchange",FALSE
"KIM-PM","KIMCO REALTY CORP","NYSE",NA,"lab.Unmapped","2026-10-02T17:06:46Z","sec-exchange",FALSE
"KIM-PN","KIMCO REALTY CORP","NYSE",NA,"lab.Unmapped","2026-10-02T17:06:46Z","sec-exchange",FALSE
"AUB-PA","Atlantic Union Bankshares Corp","NYSE",NA,"lab.Unmapped","2026-10-02T17:06:46Z","sec-exchange",FALSE
"GS-PA","GOLDMAN SACHS GROUP INC","NYSE",NA,"lab.Unmapped","2026-10-02T17:06:46Z","sec-exchange",FALSE
"GS-PC","GOLDMAN SACHS GROUP INC","NYSE",NA,"lab.Unmapped","2026-10-02T17:06:46Z","sec-exchange",FALSE
"GS-PD","GOLDMAN SACHS GROUP INC","NYSE",NA,"lab.Unmapped","2026-10-02T17:06:46Z","sec-exchange",FALSE
"MS-PA","MORGAN STANLEY","NYSE",NA,"lab.Unmapped","2026-10-02T17:06:46Z","sec-exchange",FALSE
"MS-PF","MORGAN STANLEY","NYSE",NA,"lab.Unmapped","2026-10-02T17:06:46Z","sec-exchange",FALSE
"MS-PI","MORGAN STANLEY","NYSE",NA,"lab.Unmapped","2026-10-02T17:06:46Z","sec-exchange",FALSE
"MS-PL","MORGAN STANLEY","NYSE",NA,"lab.Unmapped","2026-10-02T17:06:46Z","sec-exchange",FALSE
"MS-PO","MORGAN STANLEY","NYSE",NA,"lab.Unmapped","2026-10-02T17:06:46Z","sec-exchange",FALSE
"MS-PP","MORGAN STANLEY","NYSE",NA,"lab.Unmapped","2026-10-02T17:06:46Z","sec-exchange",FALSE
"MS-PQ","MORGAN STANLEY","NYSE",NA,"lab.Unmapped","2026-10-02T17:06:46Z","sec-exchange",FALSE
"GPUS-PD","Hyperscale Data, Inc.","NYSE",NA,"lab.Unmapped","2026-10-02T17:06:46Z","sec-exchange",FALSE
"SPE-PC","SPECIAL OPPORTUNITIES FUND, INC.","NYSE",NA,"lab.Unmapped","2026-10-02T17:06:46Z","sec-exchange",FALSE
"RZC","REINSURANCE GROUP OF AMERICA INC","NYSE",NA,"lab.Unmapped","2026-10-02T17:06:46Z","sec-exchange",FALSE
"ALL-PB","ALLSTATE CORP","NYSE",NA,"lab.Unmapped","2026-10-02T17:06:46Z","sec-exchange",FALSE
"ALL-PI","ALLSTATE CORP","NYSE",NA,"lab.Unmapped","2026-10-02T17:06:46Z","sec-exchange",FALSE
"ALL-PJ","ALLSTATE CORP","NYSE",NA,"lab.Unmapped","2026-10-02T17:06:46Z","sec-exchange",FALSE
"VNO-PN","VORNADO REALTY TRUST","NYSE",NA,"lab.Unmapped","2026-10-02T17:06:46Z","sec-exchange",FALSE
"VNO-PO","VORNADO REALTY TRUST","NYSE",NA,"lab.Unmapped","2026-10-02T17:06:46Z","sec-exchange",FALSE
"THRMV","Gentherm Inc","NASDAQ",NA,"lab.Unmapped","2026-10-02T17:06:46Z","sec-exchange",FALSE
"BFS-PE","SAUL CENTERS, INC.","NYSE",NA,"lab.Unmapped","2026-10-02T17:06:46Z","sec-exchange",FALSE
"FLG-PA","FLAGSTAR BANK, NATIONAL ASSOCIATION","NYSE",NA,"lab.Unmapped","2026-10-02T17:06:46Z","sec-exchange",FALSE
"FLG-PU","FLAGSTAR BANK, NATIONAL ASSOCIATION","NYSE",NA,"lab.Unmapped","2026-10-02T17:06:46Z","sec-exchange",FALSE
"REGCO","REGENCY CENTERS CORP","NASDAQ",NA,"lab.Unmapped","2026-10-02T17:06:46Z","sec-exchange",FALSE
"REGCP","REGENCY CENTERS CORP","NASDAQ",NA,"lab.Unmapped","2026-10-02T17:06:46Z","sec-exchange",FALSE
"RNR-PF","RENAISSANCERE HOLDINGS LTD","NYSE",NA,"lab.Unmapped","2026-10-02T17:06:46Z","sec-exchange",FALSE
"RNR-PG","RENAISSANCERE HOLDINGS LTD","NYSE",NA,"lab.Unmapped","2026-10-02T17:06:46Z","sec-exchange",FALSE
"ALB-PA","ALBEMARLE CORP","NYSE",NA,"lab.Unmapped","2026-10-02T17:06:46Z","sec-exchange",FALSE
"ADC-PA","AGREE REALTY CORP","NYSE",NA,"lab.Unmapped","2026-10-02T17:06:46Z","sec-exchange",FALSE
"GGT-PG","GABELLI MULTIMEDIA TRUST INC.","NYSE",NA,"lab.Unmapped","2026-10-02T17:06:46Z","sec-exchange",FALSE
"PPLC","PPL Corp","NYSE",NA,"lab.Unmapped","2026-10-02T17:06:46Z","sec-exchange",FALSE
"COF-PI","CAPITAL ONE FINANCIAL CORP","NYSE",NA,"lab.Unmapped","2026-10-02T17:06:46Z","sec-exchange",FALSE
"COF-PJ","CAPITAL ONE FINANCIAL CORP","NYSE",NA,"lab.Unmapped","2026-10-02T17:06:46Z","sec-exchange",FALSE
"COF-PK","CAPITAL ONE FINANCIAL CORP","NYSE",NA,"lab.Unmapped","2026-10-02T17:06:46Z","sec-exchange",FALSE
"COF-PL","CAPITAL ONE FINANCIAL CORP","NYSE",NA,"lab.Unmapped","2026-10-02T17:06:46Z","sec-exchange",FALSE
"COF-PN","CAPITAL ONE FINANCIAL CORP","NYSE",NA,"lab.Unmapped","2026-10-02T17:06:46Z","sec-exchange",FALSE
"AIQD","BANK OF MONTREAL /CAN/","NYSE",NA,"lab.Unmapped","2026-10-02T17:06:46Z","sec-exchange",FALSE
"AIQU","BANK OF MONTREAL /CAN/","NYSE",NA,"lab.Unmapped","2026-10-02T17:06:46Z","sec-exchange",FALSE
"BERZ","BANK OF MONTREAL /CAN/","NYSE",NA,"lab.Unmapped","2026-10-02T17:06:46Z","sec-exchange",FALSE
"BNKD","BANK OF MONTREAL /CAN/","NYSE",NA,"lab.Unmapped","2026-10-02T17:06:46Z","sec-exchange",FALSE
"BNKU","BANK OF MONTREAL /CAN/","NYSE",NA,"lab.Unmapped","2026-10-02T17:06:46Z","sec-exchange",FALSE
"BULZ","BANK OF MONTREAL /CAN/","NYSE",NA,"lab.Unmapped","2026-10-02T17:06:46Z","sec-exchange",FALSE
"CARD","BANK OF MONTREAL /CAN/","NYSE",NA,"lab.Unmapped","2026-10-02T17:06:46Z","sec-exchange",FALSE
"CARU","BANK OF MONTREAL /CAN/","NYSE",NA,"lab.Unmapped","2026-10-02T17:06:46Z","sec-exchange",FALSE
"DULL","BANK OF MONTREAL /CAN/","NYSE",NA,"lab.Unmapped","2026-10-02T17:06:46Z","sec-exchange",FALSE
"FLYD","BANK OF MONTREAL /CAN/","NYSE",NA,"lab.Unmapped","2026-10-02T17:06:46Z","sec-exchange",FALSE
"FLYU","BANK OF MONTREAL /CAN/","NYSE",NA,"lab.Unmapped","2026-10-02T17:06:46Z","sec-exchange",FALSE
"FNGO","BANK OF MONTREAL /CAN/","NYSE",NA,"lab.Unmapped","2026-10-02T17:06:46Z","sec-exchange",FALSE
"FNGS","BANK OF MONTREAL /CAN/","NYSE",NA,"lab.Unmapped","2026-10-02T17:06:46Z","sec-exchange",FALSE
"FNGU","BANK OF MONTREAL /CAN/","NYSE",NA,"lab.Unmapped","2026-10-02T17:06:46Z","sec-exchange",FALSE
"GDXD","BANK OF MONTREAL /CAN/","NYSE",NA,"lab.Unmapped","2026-10-02T17:06:46Z","sec-exchange",FALSE
"GDXU","BANK OF MONTREAL /CAN/","NYSE",NA,"lab.Unmapped","2026-10-02T17:06:46Z","sec-exchange",FALSE
"JETD","BANK OF MONTREAL /CAN/","NYSE",NA,"lab.Unmapped","2026-10-02T17:06:46Z","sec-exchange",FALSE
"JETU","BANK OF MONTREAL /CAN/","NYSE",NA,"lab.Unmapped","2026-10-02T17:06:46Z","sec-exchange",FALSE
"MNGU","BANK OF MONTREAL /CAN/","NYSE",NA,"lab.Unmapped","2026-10-02T17:06:46Z","sec-exchange",FALSE
"NRGD","BANK OF MONTREAL /CAN/","NYSE",NA,"lab.Unmapped","2026-10-02T17:06:46Z","sec-exchange",FALSE
"NRGU","BANK OF MONTREAL /CAN/","NYSE",NA,"lab.Unmapped","2026-10-02T17:06:46Z","sec-exchange",FALSE
"OILD","BANK OF MONTREAL /CAN/","NYSE",NA,"lab.Unmapped","2026-10-02T17:06:46Z","sec-exchange",FALSE
"OILU","BANK OF MONTREAL /CAN/","NYSE",NA,"lab.Unmapped","2026-10-02T17:06:46Z","sec-exchange",FALSE
"SHNY","BANK OF MONTREAL /CAN/","NYSE",NA,"lab.Unmapped","2026-10-02T17:06:46Z","sec-exchange",FALSE
"SPYU","BANK OF MONTREAL /CAN/","NYSE",NA,"lab.Unmapped","2026-10-02T17:06:46Z","sec-exchange",FALSE
"WTID","BANK OF MONTREAL /CAN/","NYSE",NA,"lab.Unmapped","2026-10-02T17:06:46Z","sec-exchange",FALSE
"WTIU","BANK OF MONTREAL /CAN/","NYSE",NA,"lab.Unmapped","2026-10-02T17:06:46Z","sec-exchange",FALSE
"RWTN","REDWOOD TRUST INC","NYSE",NA,"lab.Unmapped","2026-10-02T17:06:46Z","sec-exchange",FALSE
"RWTO","REDWOOD TRUST INC","NYSE",NA,"lab.Unmapped","2026-10-02T17:06:46Z","sec-exchange",FALSE
"RWTP","REDWOOD TRUST INC","NYSE",NA,"lab.Unmapped","2026-10-02T17:06:46Z","sec-exchange",FALSE
"RWT-PA","REDWOOD TRUST INC","NYSE",NA,"lab.Unmapped","2026-10-02T17:06:46Z","sec-exchange",FALSE
"RWTQ","REDWOOD TRUST INC","NYSE",NA,"lab.Unmapped","2026-10-02T17:06:46Z","sec-exchange",FALSE
"RWTS","REDWOOD TRUST INC","NYSE",NA,"lab.Unmapped","2026-10-02T17:06:46Z","sec-exchange",FALSE
"DTB","DTE ENERGY CO","NYSE",NA,"lab.Unmapped","2026-10-02T17:06:46Z","sec-exchange",FALSE
"DTG","DTE ENERGY CO","NYSE",NA,"lab.Unmapped","2026-10-02T17:06:46Z","sec-exchange",FALSE
"DTK","DTE ENERGY CO","NYSE",NA,"lab.Unmapped","2026-10-02T17:06:46Z","sec-exchange",FALSE
"WAFDP","WAFD INC","NASDAQ",NA,"lab.Unmapped","2026-10-02T17:06:46Z","sec-exchange",FALSE
"ACGLN","ARCH CAPITAL GROUP LTD.","NASDAQ",NA,"lab.Unmapped","2026-10-02T17:06:46Z","sec-exchange",TRUE
"ACGLO","ARCH CAPITAL GROUP LTD.","NASDAQ",NA,"lab.Unmapped","2026-10-02T17:06:46Z","sec-exchange",TRUE
"LFMDP","LifeMD, Inc.","NASDAQ",NA,"lab.Unmapped","2026-10-02T17:06:46Z","sec-exchange",FALSE
"MBNKO","MEDALLION FINANCIAL CORP","NASDAQ",NA,"lab.Unmapped","2026-10-02T17:06:46Z","sec-exchange",FALSE
"BNH","BROOKFIELD Corp /ON/","NYSE",NA,"lab.Unmapped","2026-10-02T17:06:46Z","sec-exchange",FALSE
"BNJ","BROOKFIELD Corp /ON/","NYSE",NA,"lab.Unmapped","2026-10-02T17:06:46Z","sec-exchange",FALSE
"MGR","AFFILIATED MANAGERS GROUP, INC.","NYSE",NA,"lab.Unmapped","2026-10-02T17:06:46Z","sec-exchange",FALSE
"MGRB","AFFILIATED MANAGERS GROUP, INC.","NYSE",NA,"lab.Unmapped","2026-10-02T17:06:46Z","sec-exchange",FALSE
"MGRD","AFFILIATED MANAGERS GROUP, INC.","NYSE",NA,"lab.Unmapped","2026-10-02T17:06:46Z","sec-exchange",FALSE
"MGRE","AFFILIATED MANAGERS GROUP, INC.","NYSE",NA,"lab.Unmapped","2026-10-02T17:06:46Z","sec-exchange",FALSE
"PCG-PA","PG&E Corp","NYSE",NA,"lab.Unmapped","2026-10-02T17:06:46Z","sec-exchange",FALSE
"PCG-PB","PG&E Corp","NYSE",NA,"lab.Unmapped","2026-10-02T17:06:46Z","sec-exchange",FALSE
"PCG-PX","PG&E Corp","NYSE",NA,"lab.Unmapped","2026-10-02T17:06:46Z","sec-exchange",FALSE
"AIMDW","Ainos, Inc.","NASDAQ",NA,"lab.Unmapped","2026-10-02T17:06:46Z","sec-exchange",FALSE
"WTFCN","WINTRUST FINANCIAL CORP","NASDAQ",NA,"lab.Unmapped","2026-10-02T17:06:46Z","sec-exchange",FALSE
"POWWP","Outdoor Holding Co","NASDAQ",NA,"lab.Unmapped","2026-10-02T17:06:46Z","sec-exchange",FALSE
"EFSCP","ENTERPRISE FINANCIAL SERVICES CORP","NASDAQ",NA,"lab.Unmapped","2026-10-02T17:06:46Z","sec-exchange",FALSE
"SREA","SEMPRA","NYSE",NA,"lab.Unmapped","2026-10-02T17:06:46Z","sec-exchange",FALSE
"ANG-PD","American National Group Inc.","NYSE",NA,"lab.Unmapped","2026-10-02T17:06:46Z","sec-exchange",FALSE
"AFGB","AMERICAN FINANCIAL GROUP INC","NYSE",NA,"lab.Unmapped","2026-10-02T17:06:46Z","sec-exchange",FALSE
"AFGC","AMERICAN FINANCIAL GROUP INC","NYSE",NA,"lab.Unmapped","2026-10-02T17:06:46Z","sec-exchange",FALSE
"AFGD","AMERICAN FINANCIAL GROUP INC","NYSE",NA,"lab.Unmapped","2026-10-02T17:06:46Z","sec-exchange",FALSE
"AFGE","AMERICAN FINANCIAL GROUP INC","NYSE",NA,"lab.Unmapped","2026-10-02T17:06:46Z","sec-exchange",FALSE
"NLY-PF","ANNALY CAPITAL MANAGEMENT INC","NYSE",NA,"lab.Unmapped","2026-10-02T17:06:46Z","sec-exchange",FALSE
"NLY-PG","ANNALY CAPITAL MANAGEMENT INC","NYSE",NA,"lab.Unmapped","2026-10-02T17:06:46Z","sec-exchange",FALSE
"NLY-PI","ANNALY CAPITAL MANAGEMENT INC","NYSE",NA,"lab.Unmapped","2026-10-02T17:06:46Z","sec-exchange",FALSE
"NLY-PJ","ANNALY CAPITAL MANAGEMENT INC","NYSE",NA,"lab.Unmapped","2026-10-02T17:06:46Z","sec-exchange",FALSE
"EPR-PC","EPR PROPERTIES","NYSE",NA,"lab.Unmapped","2026-10-02T17:06:46Z","sec-exchange",FALSE
"EPR-PE","EPR PROPERTIES","NYSE",NA,"lab.Unmapped","2026-10-02T17:06:46Z","sec-exchange",FALSE
"EPR-PG","EPR PROPERTIES","NYSE",NA,"lab.Unmapped","2026-10-02T17:06:46Z","sec-exchange",FALSE
"STRD","Strategy Inc","NASDAQ",NA,"lab.Unmapped","2026-10-02T17:06:46Z","sec-exchange",FALSE
"STRF","Strategy Inc","NASDAQ",NA,"lab.Unmapped","2026-10-02T17:06:46Z","sec-exchange",FALSE
"STRK","Strategy Inc","NASDAQ",NA,"lab.Unmapped","2026-10-02T17:06:46Z","sec-exchange",FALSE
"TDS-PU","TELEPHONE & DATA SYSTEMS INC /DE/","NYSE",NA,"lab.Unmapped","2026-10-02T17:06:46Z","sec-exchange",TRUE
"TDS-PV","TELEPHONE & DATA SYSTEMS INC /DE/","NYSE",NA,"lab.Unmapped","2026-10-02T17:06:46Z","sec-exchange",TRUE
"GLDI","CREDIT SUISSE AG","NASDAQ",NA,"lab.Unmapped","2026-10-02T17:06:46Z","sec-exchange",TRUE
"SLVO","CREDIT SUISSE AG","NASDAQ",NA,"lab.Unmapped","2026-10-02T17:06:46Z","sec-exchange",TRUE
"USOI","CREDIT SUISSE AG","NASDAQ",NA,"lab.Unmapped","2026-10-02T17:06:46Z","sec-exchange",TRUE
"MFAN","MFA FINANCIAL, INC.","NYSE",NA,"lab.Unmapped","2026-10-02T17:06:46Z","sec-exchange",FALSE
"MFAO","MFA FINANCIAL, INC.","NYSE",NA,"lab.Unmapped","2026-10-02T17:06:46Z","sec-exchange",FALSE
"MFA-PB","MFA FINANCIAL, INC.","NYSE",NA,"lab.Unmapped","2026-10-02T17:06:46Z","sec-exchange",FALSE
"MFA-PC","MFA FINANCIAL, INC.","NYSE",NA,"lab.Unmapped","2026-10-02T17:06:46Z","sec-exchange",FALSE
"BESS-WT","Bimergen Energy Corp","NYSE",NA,"lab.Unmapped","2026-10-02T17:06:46Z","sec-exchange",FALSE
"DHCNI","DIVERSIFIED HEALTHCARE TRUST","NASDAQ",NA,"lab.Unmapped","2026-10-02T17:06:46Z","sec-exchange",FALSE
"DHCNL","DIVERSIFIED HEALTHCARE TRUST","NASDAQ",NA,"lab.Unmapped","2026-10-02T17:06:46Z","sec-exchange",FALSE
"NOVTU","NOVANTA INC","NASDAQ",NA,"lab.Unmapped","2026-10-02T17:06:46Z","sec-exchange",FALSE
"TCBIO","TEXAS CAPITAL BANCSHARES INC/TX","NASDAQ",NA,"lab.Unmapped","2026-10-02T17:06:46Z","sec-exchange",FALSE
"SQFTP","Presidio Property Trust, Inc.","NASDAQ",NA,"lab.Unmapped","2026-10-02T17:06:46Z","sec-exchange",FALSE
"SQFTW","Presidio Property Trust, Inc.","NASDAQ",NA,"lab.Unmapped","2026-10-02T17:06:46Z","sec-exchange",FALSE
"GUT-PC","GABELLI UTILITY TRUST","NYSE",NA,"lab.Unmapped","2026-10-02T17:06:46Z","sec-exchange",FALSE
"SWKHL","SWK Holdings Corp","NASDAQ",NA,"lab.Unmapped","2026-10-02T17:06:46Z","sec-exchange",FALSE
"CHTRP","CHARTER COMMUNICATIONS, INC. /MO/","NASDAQ",NA,"lab.Unmapped","2026-10-02T17:06:46Z","sec-exchange",FALSE
"MET-PF","METLIFE INC","NYSE",NA,"lab.Unmapped","2026-10-02T17:06:46Z","sec-exchange",FALSE
"BFH-PA","BREAD FINANCIAL HOLDINGS, INC.","NYSE",NA,"lab.Unmapped","2026-10-02T17:06:46Z","sec-exchange",FALSE
"BFH-PB","BREAD FINANCIAL HOLDINGS, INC.","NYSE",NA,"lab.Unmapped","2026-10-02T17:06:46Z","sec-exchange",FALSE
"BRKRP","BRUKER CORP","NASDAQ",NA,"lab.Unmapped","2026-10-02T17:06:46Z","sec-exchange",FALSE
"AMUB","UBS AG","NYSE",NA,"lab.Unmapped","2026-10-02T17:06:46Z","sec-exchange",TRUE
"BDCX","UBS AG","NYSE",NA,"lab.Unmapped","2026-10-02T17:06:46Z","sec-exchange",TRUE
"BDCZ","UBS AG","NYSE",NA,"lab.Unmapped","2026-10-02T17:06:46Z","sec-exchange",TRUE
"CEFD","UBS AG","NYSE",NA,"lab.Unmapped","2026-10-02T17:06:46Z","sec-exchange",TRUE
"HDLB","UBS AG","NYSE",NA,"lab.Unmapped","2026-10-02T17:06:46Z","sec-exchange",TRUE
"IFED","UBS AG","NYSE",NA,"lab.Unmapped","2026-10-02T17:06:46Z","sec-exchange",TRUE
"MLPB","UBS AG","NYSE",NA,"lab.Unmapped","2026-10-02T17:06:46Z","sec-exchange",TRUE
"MLPR","UBS AG","NYSE",NA,"lab.Unmapped","2026-10-02T17:06:46Z","sec-exchange",TRUE
"MVRL","UBS AG","NYSE",NA,"lab.Unmapped","2026-10-02T17:06:46Z","sec-exchange",TRUE
"PFFL","UBS AG","NYSE",NA,"lab.Unmapped","2026-10-02T17:06:46Z","sec-exchange",TRUE
"SMHB","UBS AG","NYSE",NA,"lab.Unmapped","2026-10-02T17:06:46Z","sec-exchange",TRUE
"UCIB","UBS AG","NYSE",NA,"lab.Unmapped","2026-10-02T17:06:46Z","sec-exchange",TRUE
"SRJN","SPIRE INC","NYSE",NA,"lab.Unmapped","2026-10-02T17:06:46Z","sec-exchange",FALSE
"BBBYW","NEIGHBORHOOD INTELLIGENCE, INC.","NASDAQ",NA,"lab.Unmapped","2026-10-02T17:06:46Z","sec-exchange",FALSE
"PFH","PRUDENTIAL FINANCIAL INC","NYSE",NA,"lab.Unmapped","2026-10-02T17:06:46Z","sec-exchange",FALSE
"PRH","PRUDENTIAL FINANCIAL INC","NYSE",NA,"lab.Unmapped","2026-10-02T17:06:46Z","sec-exchange",FALSE
"PRS","PRUDENTIAL FINANCIAL INC","NYSE",NA,"lab.Unmapped","2026-10-02T17:06:46Z","sec-exchange",FALSE
"DGP","DEUTSCHE BANK AKTIENGESELLSCHAFT","NYSE",NA,"lab.Unmapped","2026-10-02T17:06:46Z","sec-exchange",FALSE
"DGZ","DEUTSCHE BANK AKTIENGESELLSCHAFT","NYSE",NA,"lab.Unmapped","2026-10-02T17:06:46Z","sec-exchange",FALSE
"DZZ","DEUTSCHE BANK AKTIENGESELLSCHAFT","NYSE",NA,"lab.Unmapped","2026-10-02T17:06:46Z","sec-exchange",FALSE
"TEN-PE","TSAKOS ENERGY NAVIGATION LTD","NYSE",NA,"lab.Unmapped","2026-10-02T17:06:46Z","sec-exchange",FALSE
"TEN-PF","TSAKOS ENERGY NAVIGATION LTD","NYSE",NA,"lab.Unmapped","2026-10-02T17:06:46Z","sec-exchange",FALSE
"BANC-PF","BANC OF CALIFORNIA, INC.","NYSE",NA,"lab.Unmapped","2026-10-02T17:06:46Z","sec-exchange",FALSE
"AQNB","ALGONQUIN POWER & UTILITIES CORP.","NYSE",NA,"lab.Unmapped","2026-10-02T17:06:46Z","sec-exchange",FALSE
"ARES-PB","Ares Management Corp","NYSE",NA,"lab.Unmapped","2026-10-02T17:06:46Z","sec-exchange",FALSE
"STRRP","Star Equity Holdings, Inc.","NASDAQ",NA,"lab.Unmapped","2026-10-02T17:06:46Z","sec-exchange",FALSE
"WAL-PA","WESTERN ALLIANCE BANCORPORATION","NYSE",NA,"lab.Unmapped","2026-10-02T17:06:46Z","sec-exchange",FALSE
"NCV-PA","Virtus Convertible & Income Fund","NYSE",NA,"lab.Unmapped","2026-10-02T17:06:46Z","sec-exchange",FALSE
"CNO-PA","CNO Financial Group, Inc.","NYSE",NA,"lab.Unmapped","2026-10-02T17:06:46Z","sec-exchange",FALSE
"AHT-PD","ASHFORD HOSPITALITY TRUST INC","NYSE",NA,"lab.Unmapped","2026-10-02T17:06:46Z","sec-exchange",FALSE
"AHT-PF","ASHFORD HOSPITALITY TRUST INC","NYSE",NA,"lab.Unmapped","2026-10-02T17:06:46Z","sec-exchange",FALSE
"AHT-PG","ASHFORD HOSPITALITY TRUST INC","NYSE",NA,"lab.Unmapped","2026-10-02T17:06:46Z","sec-exchange",FALSE
"AHT-PH","ASHFORD HOSPITALITY TRUST INC","NYSE",NA,"lab.Unmapped","2026-10-02T17:06:46Z","sec-exchange",FALSE
"AHT-PI","ASHFORD HOSPITALITY TRUST INC","NYSE",NA,"lab.Unmapped","2026-10-02T17:06:46Z","sec-exchange",FALSE
"GOODN","GLADSTONE COMMERCIAL CORP","NASDAQ",NA,"lab.Unmapped","2026-10-02T17:06:46Z","sec-exchange",FALSE
"GOODO","GLADSTONE COMMERCIAL CORP","NASDAQ",NA,"lab.Unmapped","2026-10-02T17:06:46Z","sec-exchange",FALSE
"QXO-PB","QXO, Inc.","NYSE",NA,"lab.Unmapped","2026-10-02T17:06:46Z","sec-exchange",FALSE
"ABR-PD","ARBOR REALTY TRUST INC","NYSE",NA,"lab.Unmapped","2026-10-02T17:06:46Z","sec-exchange",FALSE
"ABR-PE","ARBOR REALTY TRUST INC","NYSE",NA,"lab.Unmapped","2026-10-02T17:06:46Z","sec-exchange",FALSE
"ABR-PF","ARBOR REALTY TRUST INC","NYSE",NA,"lab.Unmapped","2026-10-02T17:06:46Z","sec-exchange",FALSE
"OXSQG","Oxford Square Capital Corp.","NASDAQ",NA,"lab.Unmapped","2026-10-02T17:06:46Z","sec-exchange",FALSE
"OXSQH","Oxford Square Capital Corp.","NASDAQ",NA,"lab.Unmapped","2026-10-02T17:06:46Z","sec-exchange",FALSE
"GDV-PK","GABELLI DIVIDEND & INCOME TRUST","NYSE",NA,"lab.Unmapped","2026-10-02T17:06:46Z","sec-exchange",FALSE
"COPR-WT","Idaho Copper Corp","NYSE",NA,"lab.Unmapped","2026-10-02T17:06:46Z","sec-exchange",FALSE
"AIZN","ASSURANT, INC.","NYSE",NA,"lab.Unmapped","2026-10-02T17:06:46Z","sec-exchange",FALSE
"AHL-PD","ASPEN INSURANCE HOLDINGS LTD","NYSE",NA,"lab.Unmapped","2026-10-02T17:06:46Z","sec-exchange",FALSE
"AHL-PE","ASPEN INSURANCE HOLDINGS LTD","NYSE",NA,"lab.Unmapped","2026-10-02T17:06:46Z","sec-exchange",FALSE
"AHL-PF","ASPEN INSURANCE HOLDINGS LTD","NYSE",NA,"lab.Unmapped","2026-10-02T17:06:46Z","sec-exchange",FALSE
"ADAMG","ADAMAS TRUST, INC.","NASDAQ",NA,"lab.Unmapped","2026-10-02T17:06:46Z","sec-exchange",FALSE
"ADAMH","ADAMAS TRUST, INC.","NASDAQ",NA,"lab.Unmapped","2026-10-02T17:06:46Z","sec-exchange",FALSE
"ADAMI","ADAMAS TRUST, INC.","NASDAQ",NA,"lab.Unmapped","2026-10-02T17:06:46Z","sec-exchange",FALSE
"ADAMK","ADAMAS TRUST, INC.","NASDAQ",NA,"lab.Unmapped","2026-10-02T17:06:46Z","sec-exchange",FALSE
"ADAML","ADAMAS TRUST, INC.","NASDAQ",NA,"lab.Unmapped","2026-10-02T17:06:46Z","sec-exchange",FALSE
"ADAMM","ADAMAS TRUST, INC.","NASDAQ",NA,"lab.Unmapped","2026-10-02T17:06:46Z","sec-exchange",FALSE
"ADAMN","ADAMAS TRUST, INC.","NASDAQ",NA,"lab.Unmapped","2026-10-02T17:06:46Z","sec-exchange",FALSE
"ADAMO","ADAMAS TRUST, INC.","NASDAQ",NA,"lab.Unmapped","2026-10-02T17:06:46Z","sec-exchange",FALSE
"ADAMZ","ADAMAS TRUST, INC.","NASDAQ",NA,"lab.Unmapped","2026-10-02T17:06:46Z","sec-exchange",FALSE
"ET-PI","Energy Transfer LP","NYSE",NA,"lab.Unmapped","2026-10-02T17:06:46Z","sec-exchange",FALSE
"MFICL","MidCap Financial Investment Corp","NASDAQ",NA,"lab.Unmapped","2026-10-02T17:06:46Z","sec-exchange",FALSE
"HCXY","Hercules Capital, Inc.","NYSE",NA,"lab.Unmapped","2026-10-02T17:06:46Z","sec-exchange",FALSE
"RF-PE","REGIONS FINANCIAL CORP","NYSE",NA,"lab.Unmapped","2026-10-02T17:06:46Z","sec-exchange",FALSE
"RF-PF","REGIONS FINANCIAL CORP","NYSE",NA,"lab.Unmapped","2026-10-02T17:06:46Z","sec-exchange",FALSE
"GLU-PA","GABELLI GLOBAL UTILITY & INCOME TRUST","NYSE",NA,"lab.Unmapped","2026-10-02T17:06:46Z","sec-exchange",FALSE
"TMUSI","T-Mobile US, Inc.","NASDAQ",NA,"lab.Unmapped","2026-10-02T17:06:46Z","sec-exchange",FALSE
"TMUSL","T-Mobile US, Inc.","NASDAQ",NA,"lab.Unmapped","2026-10-02T17:06:46Z","sec-exchange",FALSE
"TMUSZ","T-Mobile US, Inc.","NASDAQ",NA,"lab.Unmapped","2026-10-02T17:06:46Z","sec-exchange",FALSE
"PSEC-PA","PROSPECT CAPITAL CORP","NYSE",NA,"lab.Unmapped","2026-10-02T17:06:46Z","sec-exchange",FALSE
"SHO-PH","Sunstone Hotel Investors, Inc.","NYSE",NA,"lab.Unmapped","2026-10-02T17:06:46Z","sec-exchange",FALSE
"SHO-PI","Sunstone Hotel Investors, Inc.","NYSE",NA,"lab.Unmapped","2026-10-02T17:06:46Z","sec-exchange",FALSE
"DLR-PJ","DIGITAL REALTY TRUST, INC.","NYSE",NA,"lab.Unmapped","2026-10-02T17:06:46Z","sec-exchange",FALSE
"DLR-PL","DIGITAL REALTY TRUST, INC.","NYSE",NA,"lab.Unmapped","2026-10-02T17:06:46Z","sec-exchange",FALSE
"SEAL-PA","Seapeak LLC","NYSE",NA,"lab.Unmapped","2026-10-02T17:06:46Z","sec-exchange",FALSE
"SEAL-PB","Seapeak LLC","NYSE",NA,"lab.Unmapped","2026-10-02T17:06:46Z","sec-exchange",FALSE
"GGN-PB","GAMCO Global Gold, Natural Resources & Income Trust","NYSE",NA,"lab.Unmapped","2026-10-02T17:06:46Z","sec-exchange",FALSE
"DSX-WT","DIANA SHIPPING INC.","NYSE",NA,"lab.Unmapped","2026-10-02T17:06:46Z","sec-exchange",FALSE
"GAING","GLADSTONE INVESTMENT CORPORATIONDE","NASDAQ",NA,"lab.Unmapped","2026-10-02T17:06:46Z","sec-exchange",FALSE
"GAINI","GLADSTONE INVESTMENT CORPORATIONDE","NASDAQ",NA,"lab.Unmapped","2026-10-02T17:06:46Z","sec-exchange",FALSE
"GAINZ","GLADSTONE INVESTMENT CORPORATIONDE","NASDAQ",NA,"lab.Unmapped","2026-10-02T17:06:46Z","sec-exchange",FALSE
"DUKB","Duke Energy CORP","NYSE",NA,"lab.Unmapped","2026-10-02T17:06:46Z","sec-exchange",FALSE
"DUK-PA","Duke Energy CORP","NYSE",NA,"lab.Unmapped","2026-10-02T17:06:46Z","sec-exchange",FALSE
"DUKU","Duke Energy CORP","NYSE",NA,"lab.Unmapped","2026-10-02T17:06:46Z","sec-exchange",FALSE
"GME-WT","GameStop Corp.","NYSE",NA,"lab.Unmapped","2026-10-02T17:06:46Z","sec-exchange",FALSE
"ACR-PC","ACRES Commercial Realty Corp.","NYSE",NA,"lab.Unmapped","2026-10-02T17:06:46Z","sec-exchange",FALSE
"ACR-PD","ACRES Commercial Realty Corp.","NYSE",NA,"lab.Unmapped","2026-10-02T17:06:46Z","sec-exchange",FALSE
"EQH-PA","Equitable Holdings, Inc.","NYSE",NA,"lab.Unmapped","2026-10-02T17:06:46Z","sec-exchange",FALSE
"EQH-PC","Equitable Holdings, Inc.","NYSE",NA,"lab.Unmapped","2026-10-02T17:06:46Z","sec-exchange",FALSE
"BWBBP","Bridgewater Bancshares Inc","NASDAQ",NA,"lab.Unmapped","2026-10-02T17:06:46Z","sec-exchange",FALSE
"ORCL-PD","ORACLE CORP","NYSE",NA,"lab.Unmapped","2026-10-02T17:06:46Z","sec-exchange",FALSE
"CODI-PA","Compass Diversified Holdings","NYSE",NA,"lab.Unmapped","2026-10-02T17:06:46Z","sec-exchange",FALSE
"CODI-PC","Compass Diversified Holdings","NYSE",NA,"lab.Unmapped","2026-10-02T17:06:46Z","sec-exchange",FALSE
"NXDT-PA","NEXPOINT DIVERSIFIED REAL ESTATE TRUST","NYSE",NA,"lab.Unmapped","2026-10-02T17:06:46Z","sec-exchange",FALSE
"GRBK-PA","Green Brick Partners, Inc.","NYSE",NA,"lab.Unmapped","2026-10-02T17:06:46Z","sec-exchange",FALSE
"SMCIP","Super Micro Computer, Inc.","NASDAQ",NA,"lab.Unmapped","2026-10-02T17:06:46Z","sec-exchange",FALSE
"SAJ","SARATOGA INVESTMENT CORP.","NYSE",NA,"lab.Unmapped","2026-10-02T17:06:46Z","sec-exchange",FALSE
"SAV","SARATOGA INVESTMENT CORP.","NYSE",NA,"lab.Unmapped","2026-10-02T17:06:46Z","sec-exchange",FALSE
"SAX","SARATOGA INVESTMENT CORP.","NYSE",NA,"lab.Unmapped","2026-10-02T17:06:46Z","sec-exchange",FALSE
"SAY","SARATOGA INVESTMENT CORP.","NYSE",NA,"lab.Unmapped","2026-10-02T17:06:46Z","sec-exchange",FALSE
"SAZ","SARATOGA INVESTMENT CORP.","NYSE",NA,"lab.Unmapped","2026-10-02T17:06:46Z","sec-exchange",FALSE
"BNY-PK","Bank of New York Mellon Corp","NYSE",NA,"lab.Unmapped","2026-10-02T17:06:46Z","sec-exchange",FALSE
"PSA-PF","Public Storage","NYSE",NA,"lab.Unmapped","2026-10-02T17:06:46Z","sec-exchange",FALSE
"PSA-PG","Public Storage","NYSE",NA,"lab.Unmapped","2026-10-02T17:06:46Z","sec-exchange",FALSE
"PSA-PI","Public Storage","NYSE",NA,"lab.Unmapped","2026-10-02T17:06:46Z","sec-exchange",FALSE
"PSA-PJ","Public Storage","NYSE",NA,"lab.Unmapped","2026-10-02T17:06:46Z","sec-exchange",FALSE
"PSA-PK","Public Storage","NYSE",NA,"lab.Unmapped","2026-10-02T17:06:46Z","sec-exchange",FALSE
"PSA-PL","Public Storage","NYSE",NA,"lab.Unmapped","2026-10-02T17:06:46Z","sec-exchange",FALSE
"PSA-PM","Public Storage","NYSE",NA,"lab.Unmapped","2026-10-02T17:06:46Z","sec-exchange",FALSE
"PSA-PN","Public Storage","NYSE",NA,"lab.Unmapped","2026-10-02T17:06:46Z","sec-exchange",FALSE
"PSA-PO","Public Storage","NYSE",NA,"lab.Unmapped","2026-10-02T17:06:46Z","sec-exchange",FALSE
"PSA-PP","Public Storage","NYSE",NA,"lab.Unmapped","2026-10-02T17:06:46Z","sec-exchange",FALSE
"PSA-PQ","Public Storage","NYSE",NA,"lab.Unmapped","2026-10-02T17:06:46Z","sec-exchange",FALSE
"PSA-PR","Public Storage","NYSE",NA,"lab.Unmapped","2026-10-02T17:06:46Z","sec-exchange",FALSE
"PSA-PS","Public Storage","NYSE",NA,"lab.Unmapped","2026-10-02T17:06:46Z","sec-exchange",FALSE
"PSA-PT","Public Storage","NYSE",NA,"lab.Unmapped","2026-10-02T17:06:46Z","sec-exchange",FALSE
"IVDAW","Iveda Solutions, Inc.","NASDAQ",NA,"lab.Unmapped","2026-10-02T17:06:46Z","sec-exchange",FALSE
"SBFMW","Sunshine Biopharma Inc.","NASDAQ",NA,"lab.Unmapped","2026-10-02T17:06:46Z","sec-exchange",FALSE
"OAK-PB","Brookfield Oaktree Holdings, LLC","NYSE",NA,"lab.Unmapped","2026-10-02T17:06:46Z","sec-exchange",FALSE
"KKR-PD","KKR & Co. Inc.","NYSE",NA,"lab.Unmapped","2026-10-02T17:06:46Z","sec-exchange",FALSE
"KKRS","KKR & Co. Inc.","NYSE",NA,"lab.Unmapped","2026-10-02T17:06:46Z","sec-exchange",FALSE
"KKRT","KKR & Co. Inc.","NYSE",NA,"lab.Unmapped","2026-10-02T17:06:46Z","sec-exchange",FALSE
"BIPI","Brookfield Infrastructure Partners L.P.","NYSE",NA,"lab.Unmapped","2026-10-02T17:06:46Z","sec-exchange",FALSE
"BIPJ","Brookfield Infrastructure Partners L.P.","NYSE",NA,"lab.Unmapped","2026-10-02T17:06:46Z","sec-exchange",FALSE
"BIP-PA","Brookfield Infrastructure Partners L.P.","NYSE",NA,"lab.Unmapped","2026-10-02T17:06:46Z","sec-exchange",FALSE
"BIP-PB","Brookfield Infrastructure Partners L.P.","NYSE",NA,"lab.Unmapped","2026-10-02T17:06:46Z","sec-exchange",FALSE
"FGBIP","First Guaranty Bancshares, Inc.","NASDAQ",NA,"lab.Unmapped","2026-10-02T17:06:46Z","sec-exchange",FALSE
"CIMN","CHIMERA INVESTMENT CORP","NYSE",NA,"lab.Unmapped","2026-10-02T17:06:46Z","sec-exchange",FALSE
"CIMO","CHIMERA INVESTMENT CORP","NYSE",NA,"lab.Unmapped","2026-10-02T17:06:46Z","sec-exchange",FALSE
"CIMP","CHIMERA INVESTMENT CORP","NYSE",NA,"lab.Unmapped","2026-10-02T17:06:46Z","sec-exchange",FALSE
"CIM-PB","CHIMERA INVESTMENT CORP","NYSE",NA,"lab.Unmapped","2026-10-02T17:06:46Z","sec-exchange",FALSE
"CIM-PC","CHIMERA INVESTMENT CORP","NYSE",NA,"lab.Unmapped","2026-10-02T17:06:46Z","sec-exchange",FALSE
"CIM-PD","CHIMERA INVESTMENT CORP","NYSE",NA,"lab.Unmapped","2026-10-02T17:06:46Z","sec-exchange",FALSE
"EFC-PB","Ellington Financial Inc.","NYSE",NA,"lab.Unmapped","2026-10-02T17:06:46Z","sec-exchange",FALSE
"EFC-PC","Ellington Financial Inc.","NYSE",NA,"lab.Unmapped","2026-10-02T17:06:46Z","sec-exchange",FALSE
"EFC-PD","Ellington Financial Inc.","NYSE",NA,"lab.Unmapped","2026-10-02T17:06:46Z","sec-exchange",FALSE
"MHNC","Maiden Holdings, Ltd.","NYSE",NA,"lab.Unmapped","2026-10-02T17:06:46Z","sec-exchange",FALSE
"NCPLW","Netcapital Inc.","NASDAQ",NA,"lab.Unmapped","2026-10-02T17:06:46Z","sec-exchange",FALSE
"AGQ","ProShares Trust II","NYSE",NA,"lab.Unmapped","2026-10-02T17:06:46Z","sec-exchange",FALSE
"BOIL","ProShares Trust II","NYSE",NA,"lab.Unmapped","2026-10-02T17:06:46Z","sec-exchange",FALSE
"EUO","ProShares Trust II","NYSE",NA,"lab.Unmapped","2026-10-02T17:06:46Z","sec-exchange",FALSE
"GLL","ProShares Trust II","NYSE",NA,"lab.Unmapped","2026-10-02T17:06:46Z","sec-exchange",FALSE
"KOLD","ProShares Trust II","NYSE",NA,"lab.Unmapped","2026-10-02T17:06:46Z","sec-exchange",FALSE
"SCO","ProShares Trust II","NYSE",NA,"lab.Unmapped","2026-10-02T17:06:46Z","sec-exchange",FALSE
"UCO","ProShares Trust II","NYSE",NA,"lab.Unmapped","2026-10-02T17:06:46Z","sec-exchange",FALSE
"UGL","ProShares Trust II","NYSE",NA,"lab.Unmapped","2026-10-02T17:06:46Z","sec-exchange",FALSE
"ULE","ProShares Trust II","NYSE",NA,"lab.Unmapped","2026-10-02T17:06:46Z","sec-exchange",FALSE
"YCL","ProShares Trust II","NYSE",NA,"lab.Unmapped","2026-10-02T17:06:46Z","sec-exchange",FALSE
"YCS","ProShares Trust II","NYSE",NA,"lab.Unmapped","2026-10-02T17:06:46Z","sec-exchange",FALSE
"ZSL","ProShares Trust II","NYSE",NA,"lab.Unmapped","2026-10-02T17:06:46Z","sec-exchange",FALSE
"BBLGW","Bone Biologics Corp","NASDAQ",NA,"lab.Unmapped","2026-10-02T17:06:46Z","sec-exchange",FALSE
"AGNCL","AGNC Investment Corp.","NASDAQ",NA,"lab.Unmapped","2026-10-02T17:06:46Z","sec-exchange",FALSE
"AGNCM","AGNC Investment Corp.","NASDAQ",NA,"lab.Unmapped","2026-10-02T17:06:46Z","sec-exchange",FALSE
"AGNCN","AGNC Investment Corp.","NASDAQ",NA,"lab.Unmapped","2026-10-02T17:06:46Z","sec-exchange",FALSE
"AGNCO","AGNC Investment Corp.","NASDAQ",NA,"lab.Unmapped","2026-10-02T17:06:46Z","sec-exchange",FALSE
"AGNCP","AGNC Investment Corp.","NASDAQ",NA,"lab.Unmapped","2026-10-02T17:06:46Z","sec-exchange",FALSE
"AGNCZ","AGNC Investment Corp.","NASDAQ",NA,"lab.Unmapped","2026-10-02T17:06:46Z","sec-exchange",FALSE
"ARR-PC","Armour Residential REIT, Inc.","NYSE",NA,"lab.Unmapped","2026-10-02T17:06:46Z","sec-exchange",FALSE
"FBIOP","Fortress Biotech, Inc.","NASDAQ",NA,"lab.Unmapped","2026-10-02T17:06:46Z","sec-exchange",FALSE
"OGGWZ","Osisko Gold Group Inc.","NASDAQ",NA,"lab.Unmapped","2026-10-02T17:06:46Z","sec-exchange",FALSE
"SB-PD","SAFE BULKERS, INC.","NYSE",NA,"lab.Unmapped","2026-10-02T17:06:46Z","sec-exchange",FALSE
"IVR-PC","Invesco Mortgage Capital Inc.","NYSE",NA,"lab.Unmapped","2026-10-02T17:06:46Z","sec-exchange",FALSE
"GNT-PA","GAMCO Natural Resources, Gold & Income Trust","NYSE",NA,"lab.Unmapped","2026-10-02T17:06:46Z","sec-exchange",FALSE
"LOB-PA","Live Oak Bancshares, Inc.","NYSE",NA,"lab.Unmapped","2026-10-02T17:06:46Z","sec-exchange",FALSE
"ASPSW","ALTISOURCE PORTFOLIO SOLUTIONS S.A.","NASDAQ",NA,"lab.Unmapped","2026-10-02T17:06:46Z","sec-exchange",TRUE
"ASPSZ","ALTISOURCE PORTFOLIO SOLUTIONS S.A.","NASDAQ",NA,"lab.Unmapped","2026-10-02T17:06:46Z","sec-exchange",TRUE
"ATLCL","Atlanticus Holdings Corp","NASDAQ",NA,"lab.Unmapped","2026-10-02T17:06:46Z","sec-exchange",FALSE
"ATLCP","Atlanticus Holdings Corp","NASDAQ",NA,"lab.Unmapped","2026-10-02T17:06:46Z","sec-exchange",FALSE
"ATLCZ","Atlanticus Holdings Corp","NASDAQ",NA,"lab.Unmapped","2026-10-02T17:06:46Z","sec-exchange",FALSE
"PMT-PC","PennyMac Mortgage Investment Trust","NYSE",NA,"lab.Unmapped","2026-10-02T17:06:46Z","sec-exchange",FALSE
"PMTU","PennyMac Mortgage Investment Trust","NYSE",NA,"lab.Unmapped","2026-10-02T17:06:46Z","sec-exchange",FALSE
"PMTV","PennyMac Mortgage Investment Trust","NYSE",NA,"lab.Unmapped","2026-10-02T17:06:46Z","sec-exchange",FALSE
"PMTW","PennyMac Mortgage Investment Trust","NYSE",NA,"lab.Unmapped","2026-10-02T17:06:46Z","sec-exchange",FALSE
"RILYG","BRC Group Holdings, Inc.","NASDAQ",NA,"lab.Unmapped","2026-10-02T17:06:46Z","sec-exchange",FALSE
"RILYL","BRC Group Holdings, Inc.","NASDAQ",NA,"lab.Unmapped","2026-10-02T17:06:46Z","sec-exchange",FALSE
"RILYN","BRC Group Holdings, Inc.","NASDAQ",NA,"lab.Unmapped","2026-10-02T17:06:46Z","sec-exchange",FALSE
"RILYP","BRC Group Holdings, Inc.","NASDAQ",NA,"lab.Unmapped","2026-10-02T17:06:46Z","sec-exchange",FALSE
"RILYT","BRC Group Holdings, Inc.","NASDAQ",NA,"lab.Unmapped","2026-10-02T17:06:46Z","sec-exchange",FALSE
"RILYZ","BRC Group Holdings, Inc.","NASDAQ",NA,"lab.Unmapped","2026-10-02T17:06:46Z","sec-exchange",FALSE
"TWOD","TWO HARBORS INVESTMENT CORP.","NYSE",NA,"lab.Unmapped","2026-10-02T17:06:46Z","sec-exchange",FALSE
"MSBIP","Midland States Bancorp, Inc.","NASDAQ",NA,"lab.Unmapped","2026-10-02T17:06:46Z","sec-exchange",FALSE
"HSCSW","HeartSciences Inc.","NASDAQ",NA,"lab.Unmapped","2026-10-02T17:06:46Z","sec-exchange",FALSE
"NXGLW","NEXGEL, INC.","NASDAQ",NA,"lab.Unmapped","2026-10-02T17:06:46Z","sec-exchange",FALSE
"BTCK","Teucrium Commodity Trust","NYSE",NA,"lab.Unmapped","2026-10-02T17:06:46Z","sec-exchange",FALSE
"CANE","Teucrium Commodity Trust","NYSE",NA,"lab.Unmapped","2026-10-02T17:06:46Z","sec-exchange",FALSE
"CORN","Teucrium Commodity Trust","NYSE",NA,"lab.Unmapped","2026-10-02T17:06:46Z","sec-exchange",FALSE
"SOYB","Teucrium Commodity Trust","NYSE",NA,"lab.Unmapped","2026-10-02T17:06:46Z","sec-exchange",FALSE
"TAGS","Teucrium Commodity Trust","NYSE",NA,"lab.Unmapped","2026-10-02T17:06:46Z","sec-exchange",FALSE
"WEAT","Teucrium Commodity Trust","NYSE",NA,"lab.Unmapped","2026-10-02T17:06:46Z","sec-exchange",FALSE
"PEB-PG","Pebblebrook Hotel Trust","NYSE",NA,"lab.Unmapped","2026-10-02T17:06:46Z","sec-exchange",FALSE
"PEB-PH","Pebblebrook Hotel Trust","NYSE",NA,"lab.Unmapped","2026-10-02T17:06:46Z","sec-exchange",FALSE
"CLDT-PA","Chatham Lodging Trust","NYSE",NA,"lab.Unmapped","2026-10-02T17:06:46Z","sec-exchange",FALSE
"CPER","United States Commodity Index Funds Trust","NYSE",NA,"lab.Unmapped","2026-10-02T17:06:46Z","sec-exchange",FALSE
"HPP-PC","Hudson Pacific Properties, Inc.","NYSE",NA,"lab.Unmapped","2026-10-02T17:06:46Z","sec-exchange",FALSE
"BNCWW","CEA Industries Inc.","NASDAQ",NA,"lab.Unmapped","2026-10-02T17:06:46Z","sec-exchange",FALSE
"BNCWZ","CEA Industries Inc.","NASDAQ",NA,"lab.Unmapped","2026-10-02T17:06:46Z","sec-exchange",FALSE
"HTFC","Horizon Technology Finance Corp","NYSE",NA,"lab.Unmapped","2026-10-02T17:06:46Z","sec-exchange",FALSE
"OFSSH","OFS Capital Corp","NASDAQ",NA,"lab.Unmapped","2026-10-02T17:06:46Z","sec-exchange",FALSE
"OFSSO","OFS Capital Corp","NASDAQ",NA,"lab.Unmapped","2026-10-02T17:06:46Z","sec-exchange",FALSE
"CUBB","Customers Bancorp, Inc.","NYSE",NA,"lab.Unmapped","2026-10-02T17:06:46Z","sec-exchange",FALSE
"PFXNZ","PhenixFIN Corp","NASDAQ",NA,"lab.Unmapped","2026-10-02T17:06:46Z","sec-exchange",FALSE
"OXLCG","Oxford Lane Capital Corp.","NASDAQ",NA,"lab.Unmapped","2026-10-02T17:06:46Z","sec-exchange",FALSE
"OXLCI","Oxford Lane Capital Corp.","NASDAQ",NA,"lab.Unmapped","2026-10-02T17:06:46Z","sec-exchange",FALSE
"OXLCL","Oxford Lane Capital Corp.","NASDAQ",NA,"lab.Unmapped","2026-10-02T17:06:46Z","sec-exchange",FALSE
"OXLCN","Oxford Lane Capital Corp.","NASDAQ",NA,"lab.Unmapped","2026-10-02T17:06:46Z","sec-exchange",FALSE
"OXLCZ","Oxford Lane Capital Corp.","NASDAQ",NA,"lab.Unmapped","2026-10-02T17:06:46Z","sec-exchange",FALSE
"LANDO","GLADSTONE LAND Corp","NASDAQ",NA,"lab.Unmapped","2026-10-02T17:06:46Z","sec-exchange",FALSE
"NMFCZ","New Mountain Finance Corp","NASDAQ",NA,"lab.Unmapped","2026-10-02T17:06:46Z","sec-exchange",FALSE
"INN-PE","Summit Hotel Properties, Inc.","NYSE",NA,"lab.Unmapped","2026-10-02T17:06:46Z","sec-exchange",FALSE
"INN-PF","Summit Hotel Properties, Inc.","NYSE",NA,"lab.Unmapped","2026-10-02T17:06:46Z","sec-exchange",FALSE
"RIV-PA","RIVERNORTH OPPORTUNITIES FUND, INC.","NYSE",NA,"lab.Unmapped","2026-10-02T17:06:46Z","sec-exchange",FALSE
"PRHIZ","Presurance Holdings, Inc.","NASDAQ",NA,"lab.Unmapped","2026-10-02T17:06:46Z","sec-exchange",FALSE
"ACP-PA","abrdn Income Credit Strategies Fund","NYSE",NA,"lab.Unmapped","2026-10-02T17:06:46Z","sec-exchange",FALSE
"CMRE-PB","Costamare Inc.","NYSE",NA,"lab.Unmapped","2026-10-02T17:06:46Z","sec-exchange",FALSE
"CMRE-PD","Costamare Inc.","NYSE",NA,"lab.Unmapped","2026-10-02T17:06:46Z","sec-exchange",FALSE
"NGL-PB","NGL Energy Partners LP","NYSE",NA,"lab.Unmapped","2026-10-02T17:06:46Z","sec-exchange",FALSE
"PFLA","PennantPark Floating Rate Capital Ltd.","NYSE",NA,"lab.Unmapped","2026-10-02T17:06:46Z","sec-exchange",FALSE
"EP-PC","KINDER MORGAN, INC.","NYSE",NA,"lab.Unmapped","2026-10-02T17:06:46Z","sec-exchange",FALSE
"NSLRL","Neostellar Capital Corp.","NASDAQ",NA,"lab.Unmapped","2026-10-02T17:06:46Z","sec-exchange",FALSE
"NIOBW","NIOCORP DEVELOPMENTS LTD","NASDAQ",NA,"lab.Unmapped","2026-10-02T17:06:46Z","sec-exchange",FALSE
"MITN","TPG Mortgage Investment Trust, Inc.","NYSE",NA,"lab.Unmapped","2026-10-02T17:06:46Z","sec-exchange",FALSE
"MITP","TPG Mortgage Investment Trust, Inc.","NYSE",NA,"lab.Unmapped","2026-10-02T17:06:46Z","sec-exchange",FALSE
"MITT-PA","TPG Mortgage Investment Trust, Inc.","NYSE",NA,"lab.Unmapped","2026-10-02T17:06:46Z","sec-exchange",FALSE
"MITT-PB","TPG Mortgage Investment Trust, Inc.","NYSE",NA,"lab.Unmapped","2026-10-02T17:06:46Z","sec-exchange",FALSE
"MITT-PC","TPG Mortgage Investment Trust, Inc.","NYSE",NA,"lab.Unmapped","2026-10-02T17:06:46Z","sec-exchange",FALSE
"CCID","Carlyle Credit Income Fund","NYSE",NA,"lab.Unmapped","2026-10-02T17:06:46Z","sec-exchange",FALSE
"AMPGZ","AmpliTech Group, Inc.","NASDAQ",NA,"lab.Unmapped","2026-10-02T17:06:46Z","sec-exchange",FALSE
"GNL-PA","Global Net Lease, Inc.","NYSE",NA,"lab.Unmapped","2026-10-02T17:06:46Z","sec-exchange",FALSE
"GNL-PB","Global Net Lease, Inc.","NYSE",NA,"lab.Unmapped","2026-10-02T17:06:46Z","sec-exchange",FALSE
"GNL-PD","Global Net Lease, Inc.","NYSE",NA,"lab.Unmapped","2026-10-02T17:06:46Z","sec-exchange",FALSE
"GNL-PE","Global Net Lease, Inc.","NYSE",NA,"lab.Unmapped","2026-10-02T17:06:46Z","sec-exchange",FALSE
"CGABL","Carlyle Group Inc.","NASDAQ",NA,"lab.Unmapped","2026-10-02T17:06:46Z","sec-exchange",FALSE
"ATH-PA","Athene Holding Ltd.","NYSE",NA,"lab.Unmapped","2026-10-02T17:06:46Z","sec-exchange",FALSE
"ATH-PB","Athene Holding Ltd.","NYSE",NA,"lab.Unmapped","2026-10-02T17:06:46Z","sec-exchange",FALSE
"ATH-PD","Athene Holding Ltd.","NYSE",NA,"lab.Unmapped","2026-10-02T17:06:46Z","sec-exchange",FALSE
"ATH-PE","Athene Holding Ltd.","NYSE",NA,"lab.Unmapped","2026-10-02T17:06:46Z","sec-exchange",FALSE
"ATHS","Athene Holding Ltd.","NYSE",NA,"lab.Unmapped","2026-10-02T17:06:46Z","sec-exchange",FALSE
"WHLRL","Wheeler Real Estate Investment Trust, Inc.","NASDAQ",NA,"lab.Unmapped","2026-10-02T17:06:46Z","sec-exchange",FALSE
"RCD","Ready Capital Corp","NYSE",NA,"lab.Unmapped","2026-10-02T17:06:46Z","sec-exchange",FALSE
"RC-PC","Ready Capital Corp","NYSE",NA,"lab.Unmapped","2026-10-02T17:06:46Z","sec-exchange",FALSE
"RC-PE","Ready Capital Corp","NYSE",NA,"lab.Unmapped","2026-10-02T17:06:46Z","sec-exchange",FALSE
"PW-PA","Power REIT","NYSE",NA,"lab.Unmapped","2026-10-02T17:06:46Z","sec-exchange",FALSE
"BEPH","Brookfield Renewable Partners L.P.","NYSE",NA,"lab.Unmapped","2026-10-02T17:06:46Z","sec-exchange",FALSE
"BEPI","Brookfield Renewable Partners L.P.","NYSE",NA,"lab.Unmapped","2026-10-02T17:06:46Z","sec-exchange",FALSE
"BEPJ","Brookfield Renewable Partners L.P.","NYSE",NA,"lab.Unmapped","2026-10-02T17:06:46Z","sec-exchange",FALSE
"BEP-PA","Brookfield Renewable Partners L.P.","NYSE",NA,"lab.Unmapped","2026-10-02T17:06:46Z","sec-exchange",FALSE
"XRN-PA","Chiron Real Estate Inc.","NYSE",NA,"lab.Unmapped","2026-10-02T17:06:46Z","sec-exchange",FALSE
"XRN-PB","Chiron Real Estate Inc.","NYSE",NA,"lab.Unmapped","2026-10-02T17:06:46Z","sec-exchange",FALSE
"CICB","CION Investment Corp","NYSE",NA,"lab.Unmapped","2026-10-02T17:06:46Z","sec-exchange",FALSE
"TFIN-P","Triumph Financial, Inc.","NYSE",NA,"lab.Unmapped","2026-10-02T17:06:46Z","sec-exchange",FALSE
"BPYPM","Brookfield Property Partners L.P.","NASDAQ",NA,"lab.Unmapped","2026-10-02T17:06:46Z","sec-exchange",FALSE
"BPYPN","Brookfield Property Partners L.P.","NASDAQ",NA,"lab.Unmapped","2026-10-02T17:06:46Z","sec-exchange",FALSE
"BPYPO","Brookfield Property Partners L.P.","NASDAQ",NA,"lab.Unmapped","2026-10-02T17:06:46Z","sec-exchange",FALSE
"LFT-PA","Lument Finance Trust, Inc.","NYSE",NA,"lab.Unmapped","2026-10-02T17:06:46Z","sec-exchange",FALSE
"WHFCL","WhiteHorse Finance, Inc.","NASDAQ",NA,"lab.Unmapped","2026-10-02T17:06:46Z","sec-exchange",FALSE
"PRIF-PD","Priority Income Fund, Inc.","NYSE",NA,"lab.Unmapped","2026-10-02T17:06:46Z","sec-exchange",FALSE
"PRIF-PK","Priority Income Fund, Inc.","NYSE",NA,"lab.Unmapped","2026-10-02T17:06:46Z","sec-exchange",FALSE
"PRIF-PL","Priority Income Fund, Inc.","NYSE",NA,"lab.Unmapped","2026-10-02T17:06:46Z","sec-exchange",FALSE
"RITM-PA","Rithm Capital Corp.","NYSE",NA,"lab.Unmapped","2026-10-02T17:06:46Z","sec-exchange",FALSE
"RITM-PB","Rithm Capital Corp.","NYSE",NA,"lab.Unmapped","2026-10-02T17:06:46Z","sec-exchange",FALSE
"RITM-PC","Rithm Capital Corp.","NYSE",NA,"lab.Unmapped","2026-10-02T17:06:46Z","sec-exchange",FALSE
"RITM-PD","Rithm Capital Corp.","NYSE",NA,"lab.Unmapped","2026-10-02T17:06:46Z","sec-exchange",FALSE
"RITM-PE","Rithm Capital Corp.","NYSE",NA,"lab.Unmapped","2026-10-02T17:06:46Z","sec-exchange",FALSE
"RITM-PF","Rithm Capital Corp.","NYSE",NA,"lab.Unmapped","2026-10-02T17:06:46Z","sec-exchange",FALSE
"TNONW","Tenon Medical, Inc.","NASDAQ",NA,"lab.Unmapped","2026-10-02T17:06:46Z","sec-exchange",FALSE
"ELLA","Ellington Credit Co","NYSE",NA,"lab.Unmapped","2026-10-02T17:06:46Z","sec-exchange",FALSE
"NHPBP","National Healthcare Properties, Inc.","NASDAQ",NA,"lab.Unmapped","2026-10-02T17:06:46Z","sec-exchange",FALSE
"AMH-PG","American Homes 4 Rent","NYSE",NA,"lab.Unmapped","2026-10-02T17:06:46Z","sec-exchange",FALSE
"AMH-PH","American Homes 4 Rent","NYSE",NA,"lab.Unmapped","2026-10-02T17:06:46Z","sec-exchange",FALSE
"INBKZ","First Internet Bancorp","NASDAQ",NA,"lab.Unmapped","2026-10-02T17:06:46Z","sec-exchange",FALSE
"FBRT-PE","Franklin BSP Realty Trust, Inc.","NYSE",NA,"lab.Unmapped","2026-10-02T17:06:46Z","sec-exchange",FALSE
"AHRT-PA","AH Realty Trust, Inc.","NYSE",NA,"lab.Unmapped","2026-10-02T17:06:46Z","sec-exchange",FALSE
"OZKAP","Bank OZK","NASDAQ",NA,"lab.Unmapped","2026-10-02T17:06:46Z","sec-exchange",FALSE
"REXR-PB","Rexford Industrial Realty, Inc.","NYSE",NA,"lab.Unmapped","2026-10-02T17:06:46Z","sec-exchange",FALSE
"REXR-PC","Rexford Industrial Realty, Inc.","NYSE",NA,"lab.Unmapped","2026-10-02T17:06:46Z","sec-exchange",FALSE
"BHR-PB","Braemar Hotels & Resorts Inc.","NYSE",NA,"lab.Unmapped","2026-10-02T17:06:46Z","sec-exchange",FALSE
"BHR-PD","Braemar Hotels & Resorts Inc.","NYSE",NA,"lab.Unmapped","2026-10-02T17:06:46Z","sec-exchange",FALSE
"DLNG-PA","Dynagas LNG Partners LP","NYSE",NA,"lab.Unmapped","2026-10-02T17:06:46Z","sec-exchange",FALSE
"BIVIW","BIOVIE INC.","NASDAQ",NA,"lab.Unmapped","2026-10-02T17:06:46Z","sec-exchange",FALSE
"NEWTG","NewtekOne, Inc.","NASDAQ",NA,"lab.Unmapped","2026-10-02T17:06:46Z","sec-exchange",FALSE
"NEWTH","NewtekOne, Inc.","NASDAQ",NA,"lab.Unmapped","2026-10-02T17:06:46Z","sec-exchange",FALSE
"NEWTO","NewtekOne, Inc.","NASDAQ",NA,"lab.Unmapped","2026-10-02T17:06:46Z","sec-exchange",FALSE
"NEWTP","NewtekOne, Inc.","NASDAQ",NA,"lab.Unmapped","2026-10-02T17:06:46Z","sec-exchange",FALSE
"FTAIM","FTAI Aviation Ltd.","NASDAQ",NA,"lab.Unmapped","2026-10-02T17:06:46Z","sec-exchange",FALSE
"FGCPP","FG Nexus Inc.","NASDAQ",NA,"lab.Unmapped","2026-10-02T17:06:46Z","sec-exchange",FALSE
"FGNXP","FG Nexus Inc.","NASDAQ",NA,"lab.Unmapped","2026-10-02T17:06:46Z","sec-exchange",FALSE
"JSM","NAVIENT CORP","NASDAQ",NA,"lab.Unmapped","2026-10-02T17:06:46Z","sec-exchange",FALSE
"GLOP-PB","GasLog Partners LP","NYSE",NA,"lab.Unmapped","2026-10-02T17:06:46Z","sec-exchange",FALSE
"GLOP-PC","GasLog Partners LP","NYSE",NA,"lab.Unmapped","2026-10-02T17:06:46Z","sec-exchange",FALSE
"SYF-PA","Synchrony Financial","NYSE",NA,"lab.Unmapped","2026-10-02T17:06:46Z","sec-exchange",FALSE
"SYF-PB","Synchrony Financial","NYSE",NA,"lab.Unmapped","2026-10-02T17:06:46Z","sec-exchange",FALSE
"ECCC","Eagle Point Credit Co","NYSE",NA,"lab.Unmapped","2026-10-02T17:06:46Z","sec-exchange",FALSE
"ECC-PD","Eagle Point Credit Co","NYSE",NA,"lab.Unmapped","2026-10-02T17:06:46Z","sec-exchange",FALSE
"ECCU","Eagle Point Credit Co","NYSE",NA,"lab.Unmapped","2026-10-02T17:06:46Z","sec-exchange",FALSE
"ECCV","Eagle Point Credit Co","NYSE",NA,"lab.Unmapped","2026-10-02T17:06:46Z","sec-exchange",FALSE
"BCTXL","BriaCell Therapeutics Corp.","NASDAQ",NA,"lab.Unmapped","2026-10-02T17:06:46Z","sec-exchange",FALSE
"BCTXZ","BriaCell Therapeutics Corp.","NASDAQ",NA,"lab.Unmapped","2026-10-02T17:06:46Z","sec-exchange",FALSE
"BWET","Amplify Commodity Trust","NYSE",NA,"lab.Unmapped","2026-10-02T17:06:46Z","sec-exchange",FALSE
"RPT-PC","Rithm Property Trust Inc.","NYSE",NA,"lab.Unmapped","2026-10-02T17:06:46Z","sec-exchange",FALSE
"RVMDW","Revolution Medicines, Inc.","NASDAQ",NA,"lab.Unmapped","2026-10-02T17:06:46Z","sec-exchange",FALSE
"MBINL","Merchants Bancorp","NASDAQ",NA,"lab.Unmapped","2026-10-02T17:06:46Z","sec-exchange",FALSE
"MBINM","Merchants Bancorp","NASDAQ",NA,"lab.Unmapped","2026-10-02T17:06:46Z","sec-exchange",FALSE
"MBINN","Merchants Bancorp","NASDAQ",NA,"lab.Unmapped","2026-10-02T17:06:46Z","sec-exchange",FALSE
"TRTX-PC","TPG RE Finance Trust, Inc.","NYSE",NA,"lab.Unmapped","2026-10-02T17:06:46Z","sec-exchange",FALSE
"BW-PA","Babcock & Wilcox Enterprises, Inc.","NYSE",NA,"lab.Unmapped","2026-10-02T17:06:46Z","sec-exchange",FALSE
"KREF-PA","KKR Real Estate Finance Trust Inc.","NYSE",NA,"lab.Unmapped","2026-10-02T17:06:46Z","sec-exchange",FALSE
"ACONW","Aclarion, Inc.","NASDAQ",NA,"lab.Unmapped","2026-10-02T17:06:46Z","sec-exchange",FALSE
"DUKRW","DUKE Robotics Corp.","NASDAQ",NA,"lab.Unmapped","2026-10-02T17:06:46Z","sec-exchange",FALSE
"HPE-PC","Hewlett Packard Enterprise Co","NYSE",NA,"lab.Unmapped","2026-10-02T17:06:46Z","sec-exchange",FALSE
"GOOGM","Alphabet Inc.","NASDAQ",NA,"lab.Unmapped","2026-10-02T17:06:46Z","sec-exchange",FALSE
"GOOGN","Alphabet Inc.","NASDAQ",NA,"lab.Unmapped","2026-10-02T17:06:46Z","sec-exchange",FALSE
"RWAYI","Runway Growth Finance Corp.","NASDAQ",NA,"lab.Unmapped","2026-10-02T17:06:46Z","sec-exchange",FALSE
"RWAYL","Runway Growth Finance Corp.","NASDAQ",NA,"lab.Unmapped","2026-10-02T17:06:46Z","sec-exchange",FALSE
"HTZWW","HERTZ GLOBAL HOLDINGS, INC","NASDAQ",NA,"lab.Unmapped","2026-10-02T17:06:46Z","sec-exchange",FALSE
"TRTN-PB","Triton International Ltd","NYSE",NA,"lab.Unmapped","2026-10-02T17:06:46Z","sec-exchange",FALSE
"TRTN-PC","Triton International Ltd","NYSE",NA,"lab.Unmapped","2026-10-02T17:06:46Z","sec-exchange",FALSE
"TRTN-PD","Triton International Ltd","NYSE",NA,"lab.Unmapped","2026-10-02T17:06:46Z","sec-exchange",FALSE
"TRTN-PE","Triton International Ltd","NYSE",NA,"lab.Unmapped","2026-10-02T17:06:46Z","sec-exchange",FALSE
"TRTN-PF","Triton International Ltd","NYSE",NA,"lab.Unmapped","2026-10-02T17:06:46Z","sec-exchange",FALSE
"TRTN-PG","Triton International Ltd","NYSE",NA,"lab.Unmapped","2026-10-02T17:06:46Z","sec-exchange",FALSE
"CFTR-PA","Cantor Fitzgerald Income Trust, Inc.","NYSE",NA,"lab.Unmapped","2026-10-02T17:06:46Z","sec-exchange",FALSE
"LTRYW","Sports Entertainment Gaming Global Corp","NASDAQ",NA,"lab.Unmapped","2026-10-02T17:06:46Z","sec-exchange",FALSE
"TPTS","Terra Property Trust, Inc.","NYSE",NA,"lab.Unmapped","2026-10-02T17:06:46Z","sec-exchange",FALSE
"GECCG","Great Elm Capital Corp.","NASDAQ",NA,"lab.Unmapped","2026-10-02T17:06:46Z","sec-exchange",FALSE
"GECCH","Great Elm Capital Corp.","NASDAQ",NA,"lab.Unmapped","2026-10-02T17:06:46Z","sec-exchange",FALSE
"GECCI","Great Elm Capital Corp.","NASDAQ",NA,"lab.Unmapped","2026-10-02T17:06:46Z","sec-exchange",FALSE
"NTRBW","NutriBand Inc.","NASDAQ",NA,"lab.Unmapped","2026-10-02T17:06:46Z","sec-exchange",FALSE
"IIPR-PA","INNOVATIVE INDUSTRIAL PROPERTIES INC","NYSE",NA,"lab.Unmapped","2026-10-02T17:06:46Z","sec-exchange",FALSE
"OPP-PA","RiverNorth/DoubleLine Strategic Opportunity Fund, Inc.","NYSE",NA,"lab.Unmapped","2026-10-02T17:06:46Z","sec-exchange",FALSE
"OPP-PB","RiverNorth/DoubleLine Strategic Opportunity Fund, Inc.","NYSE",NA,"lab.Unmapped","2026-10-02T17:06:46Z","sec-exchange",FALSE
"OPP-PC","RiverNorth/DoubleLine Strategic Opportunity Fund, Inc.","NYSE",NA,"lab.Unmapped","2026-10-02T17:06:46Z","sec-exchange",FALSE
"DBRG-PH","DigitalBridge Group, Inc.","NYSE",NA,"lab.Unmapped","2026-10-02T17:06:46Z","sec-exchange",FALSE
"DBRG-PI","DigitalBridge Group, Inc.","NYSE",NA,"lab.Unmapped","2026-10-02T17:06:46Z","sec-exchange",FALSE
"DBRG-PJ","DigitalBridge Group, Inc.","NYSE",NA,"lab.Unmapped","2026-10-02T17:06:46Z","sec-exchange",FALSE
"SACH-PA","Sachem Capital Corp.","NYSE",NA,"lab.Unmapped","2026-10-02T17:06:46Z","sec-exchange",FALSE
"SCCD","Sachem Capital Corp.","NYSE",NA,"lab.Unmapped","2026-10-02T17:06:46Z","sec-exchange",FALSE
"SCCE","Sachem Capital Corp.","NYSE",NA,"lab.Unmapped","2026-10-02T17:06:46Z","sec-exchange",FALSE
"SCCF","Sachem Capital Corp.","NYSE",NA,"lab.Unmapped","2026-10-02T17:06:46Z","sec-exchange",FALSE
"SCCG","Sachem Capital Corp.","NYSE",NA,"lab.Unmapped","2026-10-02T17:06:46Z","sec-exchange",FALSE
"BHFAL","Brighthouse Financial, Inc.","NASDAQ",NA,"lab.Unmapped","2026-10-02T17:06:46Z","sec-exchange",FALSE
"BHFAM","Brighthouse Financial, Inc.","NASDAQ",NA,"lab.Unmapped","2026-10-02T17:06:46Z","sec-exchange",FALSE
"BHFAN","Brighthouse Financial, Inc.","NASDAQ",NA,"lab.Unmapped","2026-10-02T17:06:46Z","sec-exchange",FALSE
"BHFAO","Brighthouse Financial, Inc.","NASDAQ",NA,"lab.Unmapped","2026-10-02T17:06:46Z","sec-exchange",FALSE
"BHFAP","Brighthouse Financial, Inc.","NASDAQ",NA,"lab.Unmapped","2026-10-02T17:06:46Z","sec-exchange",FALSE
"METCB","Ramaco Resources, Inc.","NASDAQ",NA,"lab.Unmapped","2026-10-02T17:06:46Z","sec-exchange",FALSE
"METCI","Ramaco Resources, Inc.","NASDAQ",NA,"lab.Unmapped","2026-10-02T17:06:46Z","sec-exchange",FALSE
"METCZ","Ramaco Resources, Inc.","NASDAQ",NA,"lab.Unmapped","2026-10-02T17:06:46Z","sec-exchange",FALSE
"MNSBP","MainStreet Bancshares, Inc.","NASDAQ",NA,"lab.Unmapped","2026-10-02T17:06:46Z","sec-exchange",FALSE
"GPMT-PA","Granite Point Mortgage Trust Inc.","NYSE",NA,"lab.Unmapped","2026-10-02T17:06:46Z","sec-exchange",FALSE
"HFRO-PA","HIGHLAND OPPORTUNITIES & INCOME FUND","NYSE",NA,"lab.Unmapped","2026-10-02T17:06:46Z","sec-exchange",FALSE
"HFRO-PB","HIGHLAND OPPORTUNITIES & INCOME FUND","NYSE",NA,"lab.Unmapped","2026-10-02T17:06:46Z","sec-exchange",FALSE
"LILAP","Liberty Latin America Ltd.","NASDAQ",NA,"lab.Unmapped","2026-10-02T17:06:46Z","sec-exchange",FALSE
"BIAFW","bioAffinity Technologies, Inc.","NASDAQ",NA,"lab.Unmapped","2026-10-02T17:06:46Z","sec-exchange",FALSE
"OCCIM","OFS Credit Company, Inc.","NASDAQ",NA,"lab.Unmapped","2026-10-02T17:06:46Z","sec-exchange",FALSE
"OCCIN","OFS Credit Company, Inc.","NASDAQ",NA,"lab.Unmapped","2026-10-02T17:06:46Z","sec-exchange",FALSE
"BTBDW","BT Brands, Inc.","NASDAQ",NA,"lab.Unmapped","2026-10-02T17:06:46Z","sec-exchange",FALSE
"SKYAW","SkyAI, Inc.","NASDAQ",NA,"lab.Unmapped","2026-10-02T17:06:46Z","sec-exchange",FALSE
"KLXER","KLX Energy Services Holdings, Inc.","NASDAQ",NA,"lab.Unmapped","2026-10-02T17:06:46Z","sec-exchange",FALSE
"RVSNW","Rail Vision Ltd.","NASDAQ",NA,"lab.Unmapped","2026-10-02T17:06:46Z","sec-exchange",FALSE
"NEOVW","NeoVolta Inc.","NASDAQ",NA,"lab.Unmapped","2026-10-02T17:06:46Z","sec-exchange",FALSE
"NFEGP","New Fortress Energy Inc.","NASDAQ",NA,"lab.Unmapped","2026-10-02T17:06:46Z","sec-exchange",FALSE
"EICA","Eagle Point Income Co","NYSE",NA,"lab.Unmapped","2026-10-02T17:06:46Z","sec-exchange",FALSE
"ALTG-PA","ALTA EQUIPMENT GROUP INC.","NYSE",NA,"lab.Unmapped","2026-10-02T17:06:46Z","sec-exchange",FALSE
"AOMD","Angel Oak Mortgage REIT, Inc.","NYSE",NA,"lab.Unmapped","2026-10-02T17:06:46Z","sec-exchange",FALSE
"AOMN","Angel Oak Mortgage REIT, Inc.","NYSE",NA,"lab.Unmapped","2026-10-02T17:06:46Z","sec-exchange",FALSE
"ILLRW","Triller Group Inc.","NASDAQ",NA,"lab.Unmapped","2026-10-02T17:06:46Z","sec-exchange",FALSE
"XRXDW","Xerox Holdings Corp","NASDAQ",NA,"lab.Unmapped","2026-10-02T17:06:46Z","sec-exchange",FALSE
"NMCO-RI","Nuveen Municipal Credit Opportunities Fund","NYSE",NA,"lab.Unmapped","2026-10-02T17:06:46Z","sec-exchange",FALSE
"BENFW","Beneficient","NASDAQ",NA,"lab.Unmapped","2026-10-02T17:06:46Z","sec-exchange",FALSE
"TRNI","Trinity Capital Inc.","NYSE",NA,"lab.Unmapped","2026-10-02T17:06:46Z","sec-exchange",FALSE
"TRNZ","Trinity Capital Inc.","NYSE",NA,"lab.Unmapped","2026-10-02T17:06:46Z","sec-exchange",FALSE
"PINE-PA","Alpine Income Property Trust, Inc.","NYSE",NA,"lab.Unmapped","2026-10-02T17:06:46Z","sec-exchange",FALSE
"NREF-PA","NexPoint Real Estate Finance, Inc.","NYSE",NA,"lab.Unmapped","2026-10-02T17:06:46Z","sec-exchange",FALSE
"DFNSW","T3 Defense Inc.","NASDAQ",NA,"lab.Unmapped","2026-10-02T17:06:46Z","sec-exchange",FALSE
"JSPRW","Jasper Therapeutics, Inc.","NASDAQ",NA,"lab.Unmapped","2026-10-02T17:06:46Z","sec-exchange",FALSE
"ASGI-RI","abrdn Global Infrastructure Income Fund","NYSE",NA,"lab.Unmapped","2026-10-02T17:06:46Z","sec-exchange",FALSE
"FOUR-PA","Shift4 Payments, Inc.","NYSE",NA,"lab.Unmapped","2026-10-02T17:06:46Z","sec-exchange",FALSE
"STLNW","Starling Oncology, Inc.","NASDAQ",NA,"lab.Unmapped","2026-10-02T17:06:46Z","sec-exchange",FALSE
"OPENL","Opendoor Technologies Inc.","NASDAQ",NA,"lab.Unmapped","2026-10-02T17:06:46Z","sec-exchange",FALSE
"OPENW","Opendoor Technologies Inc.","NASDAQ",NA,"lab.Unmapped","2026-10-02T17:06:46Z","sec-exchange",FALSE
"OPENZ","Opendoor Technologies Inc.","NASDAQ",NA,"lab.Unmapped","2026-10-02T17:06:46Z","sec-exchange",FALSE
"GFAIW","Guardforce AI Co., Ltd.","NASDAQ",NA,"lab.Unmapped","2026-10-02T17:06:46Z","sec-exchange",FALSE
"EOSEW","Eos Energy Enterprises, Inc.","NASDAQ",NA,"lab.Unmapped","2026-10-02T17:06:46Z","sec-exchange",FALSE
"DFDVW","DeFi Development Corp.","NASDAQ",NA,"lab.Unmapped","2026-10-02T17:06:46Z","sec-exchange",FALSE
"BCAT-RW","BlackRock Capital Allocation Term Trust","NYSE",NA,"lab.Unmapped","2026-10-02T17:06:46Z","sec-exchange",FALSE
"EDBLW","Edible Garden AG Inc","NASDAQ",NA,"lab.Unmapped","2026-10-02T17:06:46Z","sec-exchange",TRUE
"REVBW","REVELATION BIOSCIENCES, INC.","NASDAQ",NA,"lab.Unmapped","2026-10-02T17:06:46Z","sec-exchange",FALSE
"ABXL","Abacus Global Management, Inc.","NYSE",NA,"lab.Unmapped","2026-10-02T17:06:46Z","sec-exchange",FALSE
"PHXE-P","Phoenix Energy One, LLC","NYSE",NA,"lab.Unmapped","2026-10-02T17:06:46Z","sec-exchange",FALSE
"SCLXW","Scilex Holding Co","NASDAQ",NA,"lab.Unmapped","2026-10-02T17:06:46Z","sec-exchange",FALSE
"BKKT-WT","Bakkt, Inc.","NYSE",NA,"lab.Unmapped","2026-10-02T17:06:46Z","sec-exchange",FALSE
"CXAIW","CXApp Inc.","NASDAQ",NA,"lab.Unmapped","2026-10-02T17:06:46Z","sec-exchange",FALSE
"JXN-PA","Jackson Financial Inc.","NYSE",NA,"lab.Unmapped","2026-10-02T17:06:46Z","sec-exchange",FALSE
"AENTW","ALLIANCE ENTERTAINMENT HOLDING CORP","NASDAQ",NA,"lab.Unmapped","2026-10-02T17:06:46Z","sec-exchange",FALSE
"SKYH-WT","Sky Harbour Group Corp","NYSE",NA,"lab.Unmapped","2026-10-02T17:06:46Z","sec-exchange",FALSE
"EVEX-WT","Eve Holding, Inc.","NYSE",NA,"lab.Unmapped","2026-10-02T17:06:46Z","sec-exchange",FALSE
"ONFOW","Onfolio Holdings, Inc","NASDAQ",NA,"lab.Unmapped","2026-10-02T17:06:46Z","sec-exchange",FALSE
"PARAW","Banzai International, Inc.","NASDAQ",NA,"lab.Unmapped","2026-10-02T17:06:46Z","sec-exchange",FALSE
"TLSIW","TriSalus Life Sciences, Inc.","NASDAQ",NA,"lab.Unmapped","2026-10-02T17:06:46Z","sec-exchange",FALSE
"PDYNW","Palladyne AI Corp.","NASDAQ",NA,"lab.Unmapped","2026-10-02T17:06:46Z","sec-exchange",FALSE
"AUROW","Aurora Innovation, Inc.","NASDAQ",NA,"lab.Unmapped","2026-10-02T17:06:46Z","sec-exchange",FALSE
"BZFDW","BuzzFeed, Inc.","NASDAQ",NA,"lab.Unmapped","2026-10-02T17:06:46Z","sec-exchange",FALSE
"BFRGW","BullFrog AI Holdings, Inc.","NASDAQ",NA,"lab.Unmapped","2026-10-02T17:06:46Z","sec-exchange",FALSE
"BMNP","BITMINE IMMERSION TECHNOLOGIES, INC.","NYSE",NA,"lab.Unmapped","2026-10-02T17:06:46Z","sec-exchange",FALSE
"PCTTU","PureCycle Technologies, Inc.","NASDAQ",NA,"lab.Unmapped","2026-10-02T17:06:46Z","sec-exchange",FALSE
"PCTTW","PureCycle Technologies, Inc.","NASDAQ",NA,"lab.Unmapped","2026-10-02T17:06:46Z","sec-exchange",FALSE
"RUMBW","RUM Group Inc.","NASDAQ",NA,"lab.Unmapped","2026-10-02T17:06:46Z","sec-exchange",FALSE
"GEGGL","Great Elm Group, Inc.","NASDAQ",NA,"lab.Unmapped","2026-10-02T17:06:46Z","sec-exchange",FALSE
"ICUCW","SeaStar Medical Holding Corp","NASDAQ",NA,"lab.Unmapped","2026-10-02T17:06:46Z","sec-exchange",FALSE
"SDSTW","Stardust Power Inc.","NASDAQ",NA,"lab.Unmapped","2026-10-02T17:06:46Z","sec-exchange",FALSE
"PIIIW","P3 Health Partners Inc.","NASDAQ",NA,"lab.Unmapped","2026-10-02T17:06:46Z","sec-exchange",FALSE
"SABSW","SAB Biotherapeutics, Inc.","NASDAQ",NA,"lab.Unmapped","2026-10-02T17:06:46Z","sec-exchange",FALSE
"MDAIW","Spectral AI, Inc.","NASDAQ",NA,"lab.Unmapped","2026-10-02T17:06:46Z","sec-exchange",FALSE
"GROY-WT","Gold Royalty Corp.","NYSE",NA,"lab.Unmapped","2026-10-02T17:06:46Z","sec-exchange",FALSE
"GPATU","GP-Act III Acquisition Corp.","NASDAQ",NA,"lab.Unmapped","2026-10-02T17:06:46Z","sec-exchange",FALSE
"GPATW","GP-Act III Acquisition Corp.","NASDAQ",NA,"lab.Unmapped","2026-10-02T17:06:46Z","sec-exchange",FALSE
"BETRW","Better Home & Finance Holding Co","NASDAQ",NA,"lab.Unmapped","2026-10-02T17:06:46Z","sec-exchange",FALSE
"BBAI-WT","BigBear.ai Holdings, Inc.","NYSE",NA,"lab.Unmapped","2026-10-02T17:06:46Z","sec-exchange",FALSE
"BNAIW","Brand Engagement Network Inc.","NASDAQ",NA,"lab.Unmapped","2026-10-02T17:06:46Z","sec-exchange",FALSE
"RGTIW","Rigetti Computing, Inc.","NASDAQ",NA,"lab.Unmapped","2026-10-02T17:06:46Z","sec-exchange",FALSE
"SPWRW","SunPower Inc.","NASDAQ",NA,"lab.Unmapped","2026-10-02T17:06:46Z","sec-exchange",FALSE
"CORZW","Core Scientific, Inc./tx","NASDAQ",NA,"lab.Unmapped","2026-10-02T17:06:46Z","sec-exchange",FALSE
"CORZZ","Core Scientific, Inc./tx","NASDAQ",NA,"lab.Unmapped","2026-10-02T17:06:46Z","sec-exchange",FALSE
"XBPEW","XBP Global Holdings, Inc.","NASDAQ",NA,"lab.Unmapped","2026-10-02T17:06:46Z","sec-exchange",FALSE
"WALDW","Waldencast plc","NASDAQ",NA,"lab.Unmapped","2026-10-02T17:06:46Z","sec-exchange",TRUE
"VEEAW","VEEA INC.","NASDAQ",NA,"lab.Unmapped","2026-10-02T17:06:46Z","sec-exchange",FALSE
"SOUNW","SOUNDHOUND AI, INC.","NASDAQ",NA,"lab.Unmapped","2026-10-02T17:06:46Z","sec-exchange",FALSE
"COCHW","Envoy Medical, Inc.","NASDAQ",NA,"lab.Unmapped","2026-10-02T17:06:46Z","sec-exchange",FALSE
"HOLOW","MicroCloud Hologram Inc.","NASDAQ",NA,"lab.Unmapped","2026-10-02T17:06:46Z","sec-exchange",FALSE
"DAVEW","Dave Inc./DE","NASDAQ",NA,"lab.Unmapped","2026-10-02T17:06:46Z","sec-exchange",TRUE
"VGASW","Verde Clean Fuels, Inc.","NASDAQ",NA,"lab.Unmapped","2026-10-02T17:06:46Z","sec-exchange",FALSE
"EONR-WT","EON Resources Inc.","NYSE",NA,"lab.Unmapped","2026-10-02T17:06:46Z","sec-exchange",FALSE
"AISPW","Airship AI Holdings, Inc.","NASDAQ",NA,"lab.Unmapped","2026-10-02T17:06:46Z","sec-exchange",FALSE
"RMCOW","Royalty Management Holding Corp","NASDAQ",NA,"lab.Unmapped","2026-10-02T17:06:46Z","sec-exchange",FALSE
"LNZAW","LanzaTech Global, Inc.","NASDAQ",NA,"lab.Unmapped","2026-10-02T17:06:46Z","sec-exchange",FALSE
"FLYX-WT","FLYEXCLUSIVE INC.","NYSE",NA,"lab.Unmapped","2026-10-02T17:06:46Z","sec-exchange",FALSE
"ESLAW","Estrella Immunopharma, Inc.","NASDAQ",NA,"lab.Unmapped","2026-10-02T17:06:46Z","sec-exchange",FALSE
"SLDPW","Solid Power, Inc.","NASDAQ",NA,"lab.Unmapped","2026-10-02T17:06:46Z","sec-exchange",FALSE
"GREEL","Vulcan Infrastructure & Power Inc.","NASDAQ",NA,"lab.Unmapped","2026-10-02T17:06:46Z","sec-exchange",FALSE
"ANNAW","AleAnna, Inc.","NASDAQ",NA,"lab.Unmapped","2026-10-02T17:06:46Z","sec-exchange",FALSE
"NPWR-WT","Net Power Inc.","NYSE",NA,"lab.Unmapped","2026-10-02T17:06:46Z","sec-exchange",FALSE
"OABIW","OmniAb, Inc.","NASDAQ",NA,"lab.Unmapped","2026-10-02T17:06:46Z","sec-exchange",FALSE
"HVIIR","ONE Nuclear Energy Inc.","NASDAQ",NA,"lab.Unmapped","2026-10-02T17:06:46Z","sec-exchange",FALSE
"HVIIU","ONE Nuclear Energy Inc.","NASDAQ",NA,"lab.Unmapped","2026-10-02T17:06:46Z","sec-exchange",FALSE
"PSQH-WT","PSQ Holdings, Inc.","NYSE",NA,"lab.Unmapped","2026-10-02T17:06:46Z","sec-exchange",FALSE
"SAIHW","SAIHEAT Ltd","NASDAQ",NA,"lab.Unmapped","2026-10-02T17:06:46Z","sec-exchange",FALSE
"ASBPW","Aspire-Lakewood Holdings, Inc.","NASDAQ",NA,"lab.Unmapped","2026-10-02T17:06:46Z","sec-exchange",FALSE
"EUDAW","EUDA Health Holdings Ltd","NASDAQ",NA,"lab.Unmapped","2026-10-02T17:06:46Z","sec-exchange",FALSE
"DFLIW","Dragonfly Energy Holdings Corp.","NASDAQ",NA,"lab.Unmapped","2026-10-02T17:06:46Z","sec-exchange",FALSE
"ONMDW","OneMedNet Corp","NASDAQ",NA,"lab.Unmapped","2026-10-02T17:06:46Z","sec-exchange",FALSE
"DJTWW","Trump Media & Technology Group Corp.","NASDAQ",NA,"lab.Unmapped","2026-10-02T17:06:46Z","sec-exchange",FALSE
"KITTW","Nauticus Robotics, Inc.","NASDAQ",NA,"lab.Unmapped","2026-10-02T17:06:46Z","sec-exchange",FALSE
"FSHPR","Flag Ship Acquisition Corp","NASDAQ",NA,"lab.Unmapped","2026-10-02T17:06:46Z","sec-exchange",FALSE
"GCTS-WT","GCT Semiconductor Holding, Inc.","NYSE",NA,"lab.Unmapped","2026-10-02T17:06:46Z","sec-exchange",FALSE
"BEAGR","Bold Eagle Acquisition Corp.","NASDAQ",NA,"lab.Unmapped","2026-10-02T17:06:46Z","sec-exchange",FALSE
"BEAGU","Bold Eagle Acquisition Corp.","NASDAQ",NA,"lab.Unmapped","2026-10-02T17:06:46Z","sec-exchange",FALSE
"NVA-WT","Nova Minerals Corp","NYSE",NA,"lab.Unmapped","2026-10-02T17:06:46Z","sec-exchange",FALSE
"BRLSW","Borealis Foods Inc.","NASDAQ",NA,"lab.Unmapped","2026-10-02T17:06:46Z","sec-exchange",FALSE
"AERTW","Aeries Technology, Inc.","NASDAQ",NA,"lab.Unmapped","2026-10-02T17:06:46Z","sec-exchange",FALSE
"KDKRW","Kodiak AI, Inc.","NASDAQ",NA,"lab.Unmapped","2026-10-02T17:06:46Z","sec-exchange",FALSE
"IAUX-WT","i-80 Gold Corp.","NYSE",NA,"lab.Unmapped","2026-10-02T17:06:46Z","sec-exchange",FALSE
"SHFSW","SHF Holdings, Inc.","NASDAQ",NA,"lab.Unmapped","2026-10-02T17:06:46Z","sec-exchange",FALSE
"MOBXW","MOBIX LABS, INC","NASDAQ",NA,"lab.Unmapped","2026-10-02T17:06:46Z","sec-exchange",FALSE
"AIRJW","AirJoule Technologies Corp.","NASDAQ",NA,"lab.Unmapped","2026-10-02T17:06:46Z","sec-exchange",FALSE
"GRABW","Grab Holdings Ltd","NASDAQ",NA,"lab.Unmapped","2026-10-02T17:06:46Z","sec-exchange",FALSE
"SEATW","Vivid Seats Inc.","NASDAQ",NA,"lab.Unmapped","2026-10-02T17:06:46Z","sec-exchange",FALSE
"APOS","Apollo Global Management, Inc.","NYSE",NA,"lab.Unmapped","2026-10-02T17:06:46Z","sec-exchange",FALSE
"BFRIW","Biofrontera Inc.","NASDAQ",NA,"lab.Unmapped","2026-10-02T17:06:46Z","sec-exchange",FALSE
"ASTLW","Algoma Steel Group Inc.","NASDAQ",NA,"lab.Unmapped","2026-10-02T17:06:46Z","sec-exchange",FALSE
"TVGNW","Tevogen Inc.","NASDAQ",NA,"lab.Unmapped","2026-10-02T17:06:46Z","sec-exchange",FALSE
"ARBEW","Arbe Robotics Ltd.","NASDAQ",NA,"lab.Unmapped","2026-10-02T17:06:46Z","sec-exchange",FALSE
"ECXWW","ECARX Holdings Inc.","NASDAQ",NA,"lab.Unmapped","2026-10-02T17:06:46Z","sec-exchange",FALSE
"CINGW","Cingulate Inc.","NASDAQ",NA,"lab.Unmapped","2026-10-02T17:06:46Z","sec-exchange",FALSE
"AMODW","ALPHA MODUS HOLDINGS, INC.","NASDAQ",NA,"lab.Unmapped","2026-10-02T17:06:46Z","sec-exchange",FALSE
"MSAIW","MultiSensor AI Holdings, Inc.","NASDAQ",NA,"lab.Unmapped","2026-10-02T17:06:46Z","sec-exchange",FALSE
"FGIWW","FGI Industries Ltd.","NASDAQ",NA,"lab.Unmapped","2026-10-02T17:06:46Z","sec-exchange",FALSE
"PORT-UN","Angel Studios, Inc.","NYSE",NA,"lab.Unmapped","2026-10-02T17:06:46Z","sec-exchange",FALSE
"ZEOWW","Zeo Energy Corp.","NASDAQ",NA,"lab.Unmapped","2026-10-02T17:06:46Z","sec-exchange",FALSE
"BTSGU","BrightSpring Health Services, Inc.","NASDAQ",NA,"lab.Unmapped","2026-10-02T17:06:46Z","sec-exchange",FALSE
"BULLW","Webull Corp","NASDAQ",NA,"lab.Unmapped","2026-10-02T17:06:46Z","sec-exchange",FALSE
"CDROW","Codere Online Luxembourg, S.A.","NASDAQ",NA,"lab.Unmapped","2026-10-02T17:06:46Z","sec-exchange",TRUE
"OPTXW","SYNTEC OPTICS HOLDINGS, INC.","NASDAQ",NA,"lab.Unmapped","2026-10-02T17:06:46Z","sec-exchange",FALSE
"CYCUW","Cycurion, Inc.","NASDAQ",NA,"lab.Unmapped","2026-10-02T17:06:46Z","sec-exchange",FALSE
"RDZNW","Roadzen Inc.","NASDAQ",NA,"lab.Unmapped","2026-10-02T17:06:46Z","sec-exchange",FALSE
"CDIOW","Cardio Diagnostics Holdings, Inc.","NASDAQ",NA,"lab.Unmapped","2026-10-02T17:06:46Z","sec-exchange",FALSE
"DRTSW","Alpha Tau Medical Ltd.","NASDAQ",NA,"lab.Unmapped","2026-10-02T17:06:46Z","sec-exchange",FALSE
"BZAIW","Blaize Holdings, Inc.","NASDAQ",NA,"lab.Unmapped","2026-10-02T17:06:46Z","sec-exchange",FALSE
"ANGHW","Anghami Inc","NASDAQ",NA,"lab.Unmapped","2026-10-02T17:06:46Z","sec-exchange",FALSE
"TVAIR","Thayer Ventures Acquisition Corp II","NASDAQ",NA,"lab.Unmapped","2026-10-02T17:06:46Z","sec-exchange",FALSE
"TVAIU","Thayer Ventures Acquisition Corp II","NASDAQ",NA,"lab.Unmapped","2026-10-02T17:06:46Z","sec-exchange",FALSE
"MTEKW","Maris Tech Ltd.","NASDAQ",NA,"lab.Unmapped","2026-10-02T17:06:46Z","sec-exchange",FALSE
"SATLW","Satellogic Inc.","NASDAQ",NA,"lab.Unmapped","2026-10-02T17:06:46Z","sec-exchange",FALSE
"NRSNW","NeuroSense Therapeutics Ltd.","NASDAQ",NA,"lab.Unmapped","2026-10-02T17:06:46Z","sec-exchange",FALSE
"LCFYW","Locafy Ltd","NASDAQ",NA,"lab.Unmapped","2026-10-02T17:06:46Z","sec-exchange",FALSE
"SWVLW","Swvl Holdings Corp","NASDAQ",NA,"lab.Unmapped","2026-10-02T17:06:46Z","sec-exchange",FALSE
"PRENW","Prenetics Global Ltd","NASDAQ",NA,"lab.Unmapped","2026-10-02T17:06:46Z","sec-exchange",FALSE
"IMPPP","Imperial Petroleum Inc./Marshall Islands","NASDAQ",NA,"lab.Unmapped","2026-10-02T17:06:46Z","sec-exchange",FALSE
"ADSEW","Ads-Tec Energy Public Ltd Co","NASDAQ",NA,"lab.Unmapped","2026-10-02T17:06:46Z","sec-exchange",FALSE
"TPGXL","TPG Inc.","NASDAQ",NA,"lab.Unmapped","2026-10-02T17:06:46Z","sec-exchange",FALSE
"PGYWW","Pagaya Technologies Ltd.","NASDAQ",NA,"lab.Unmapped","2026-10-02T17:06:46Z","sec-exchange",FALSE
"SLND-WT","Southland Holdings, Inc.","NYSE",NA,"lab.Unmapped","2026-10-02T17:06:46Z","sec-exchange",FALSE
"SPKLU","Spark I Acquisition Corp","NASDAQ",NA,"lab.Unmapped","2026-10-02T17:06:46Z","sec-exchange",FALSE
"SPKLW","Spark I Acquisition Corp","NASDAQ",NA,"lab.Unmapped","2026-10-02T17:06:46Z","sec-exchange",FALSE
"NEXRW","Nexera Technologies Ltd","NASDAQ",NA,"lab.Unmapped","2026-10-02T17:06:46Z","sec-exchange",FALSE
"GGROW","Gogoro Inc.","NASDAQ",NA,"lab.Unmapped","2026-10-02T17:06:46Z","sec-exchange",FALSE
"WLDSW","Wearable Devices Ltd.","NASDAQ",NA,"lab.Unmapped","2026-10-02T17:06:46Z","sec-exchange",FALSE
"FLDDW","Fold Holdings, Inc.","NASDAQ",NA,"lab.Unmapped","2026-10-02T17:06:46Z","sec-exchange",FALSE
"CRBD","Corebridge Financial, Inc.","NYSE",NA,"lab.Unmapped","2026-10-02T17:06:46Z","sec-exchange",FALSE
"DFSCW","DEFSEC Technologies Inc.","NASDAQ",NA,"lab.Unmapped","2026-10-02T17:06:46Z","sec-exchange",FALSE
"ASPCR","ASPAC III Acquisition Corp.","NASDAQ",NA,"lab.Unmapped","2026-10-02T17:06:46Z","sec-exchange",FALSE
"ASPCU","ASPAC III Acquisition Corp.","NASDAQ",NA,"lab.Unmapped","2026-10-02T17:06:46Z","sec-exchange",FALSE
"SVREW","SaverOne 2014 Ltd.","NASDAQ",NA,"lab.Unmapped","2026-10-02T17:06:46Z","sec-exchange",FALSE
"NE-WT","Noble Corp plc","NYSE",NA,"lab.Unmapped","2026-10-02T17:06:46Z","sec-exchange",TRUE
"NE-WTA","Noble Corp plc","NYSE",NA,"lab.Unmapped","2026-10-02T17:06:46Z","sec-exchange",TRUE
"CDTTW","CDT Equity Inc.","NASDAQ",NA,"lab.Unmapped","2026-10-02T17:06:46Z","sec-exchange",FALSE
"TONT-UN","Graf Global Corp.","NYSE",NA,"lab.Unmapped","2026-10-02T17:06:46Z","sec-exchange",FALSE
"TONT-WT","Graf Global Corp.","NYSE",NA,"lab.Unmapped","2026-10-02T17:06:46Z","sec-exchange",FALSE
"ALVOW","Alvotech","NASDAQ",NA,"lab.Unmapped","2026-10-02T17:06:46Z","sec-exchange",FALSE
"LVWR-WT","LiveWire Group, Inc.","NYSE",NA,"lab.Unmapped","2026-10-02T17:06:46Z","sec-exchange",FALSE
"AMPX-WT","Amprius Technologies, Inc.","NYSE",NA,"lab.Unmapped","2026-10-02T17:06:46Z","sec-exchange",FALSE
"UCFIW","CN Healthy Food Tech Group Corp.","NASDAQ",NA,"lab.Unmapped","2026-10-02T17:06:46Z","sec-exchange",FALSE
"GRRRW","Gorilla Technology Group Inc.","NASDAQ",NA,"lab.Unmapped","2026-10-02T17:06:46Z","sec-exchange",FALSE
"AFRIW","Forafric Global PLC","NASDAQ",NA,"lab.Unmapped","2026-10-02T17:06:46Z","sec-exchange",TRUE
"HUBCW","Hub Cyber Security Ltd.","NASDAQ",NA,"lab.Unmapped","2026-10-02T17:06:46Z","sec-exchange",FALSE
"HUBCZ","Hub Cyber Security Ltd.","NASDAQ",NA,"lab.Unmapped","2026-10-02T17:06:46Z","sec-exchange",FALSE
"GRMLW","Greenland Mines Ltd","NASDAQ",NA,"lab.Unmapped","2026-10-02T17:06:46Z","sec-exchange",FALSE
"VFSWW","VinFast Auto Ltd.","NASDAQ",NA,"lab.Unmapped","2026-10-02T17:06:46Z","sec-exchange",FALSE
"CNCKW","Coincheck Group N.V.","NASDAQ",NA,"lab.Unmapped","2026-10-02T17:06:46Z","sec-exchange",TRUE
"NBRGR","Newbridge Acquisition Ltd","NASDAQ",NA,"lab.Unmapped","2026-10-02T17:06:46Z","sec-exchange",FALSE
"NBRGU","Newbridge Acquisition Ltd","NASDAQ",NA,"lab.Unmapped","2026-10-02T17:06:46Z","sec-exchange",FALSE
"RZLVW","REZOLVE AI PLC","NASDAQ",NA,"lab.Unmapped","2026-10-02T17:06:46Z","sec-exchange",TRUE
"SATA","Strive, Inc.","NASDAQ",NA,"lab.Unmapped","2026-10-02T17:06:46Z","sec-exchange",FALSE
"FUFUW","Bitfufu Inc.","NASDAQ",NA,"lab.Unmapped","2026-10-02T17:06:46Z","sec-exchange",FALSE
"OCAC-RI","Ocean Capital Acquisition Corp","NYSE",NA,"lab.Unmapped","2026-10-02T17:06:46Z","sec-exchange",FALSE
"OCAC-UN","Ocean Capital Acquisition Corp","NYSE",NA,"lab.Unmapped","2026-10-02T17:06:46Z","sec-exchange",FALSE
"OCAC-WT","Ocean Capital Acquisition Corp","NYSE",NA,"lab.Unmapped","2026-10-02T17:06:46Z","sec-exchange",FALSE
"TDACU","Translational Development Acquisition Corp.","NASDAQ",NA,"lab.Unmapped","2026-10-02T17:06:46Z","sec-exchange",FALSE
"TDACW","Translational Development Acquisition Corp.","NASDAQ",NA,"lab.Unmapped","2026-10-02T17:06:46Z","sec-exchange",FALSE
"CRGOW","Freightos Ltd","NASDAQ",NA,"lab.Unmapped","2026-10-02T17:06:46Z","sec-exchange",FALSE
"HOVRW","New Horizon Aircraft Ltd.","NASDAQ",NA,"lab.Unmapped","2026-10-02T17:06:46Z","sec-exchange",FALSE
"SPMA","Sound Point Meridian Capital, Inc.","NYSE",NA,"lab.Unmapped","2026-10-02T17:06:46Z","sec-exchange",FALSE
"SPME","Sound Point Meridian Capital, Inc.","NYSE",NA,"lab.Unmapped","2026-10-02T17:06:46Z","sec-exchange",FALSE
"SBCWW","SBC Medical Group Holdings Inc","NASDAQ",NA,"lab.Unmapped","2026-10-02T17:06:46Z","sec-exchange",FALSE
"AIIOW","ROBO.AI INC.","NASDAQ",NA,"lab.Unmapped","2026-10-02T17:06:46Z","sec-exchange",FALSE
"FGN","F&G Annuities & Life, Inc.","NYSE",NA,"lab.Unmapped","2026-10-02T17:06:46Z","sec-exchange",FALSE
"FGSN","F&G Annuities & Life, Inc.","NYSE",NA,"lab.Unmapped","2026-10-02T17:06:46Z","sec-exchange",FALSE
"FMSTW","Foremost Clean Energy Ltd.","NASDAQ",NA,"lab.Unmapped","2026-10-02T17:06:46Z","sec-exchange",FALSE
"NAMSW","NewAmsterdam Pharma Co N.V.","NASDAQ",NA,"lab.Unmapped","2026-10-02T17:06:46Z","sec-exchange",TRUE
"SDAWW","SunCar Technology Group Inc.","NASDAQ",NA,"lab.Unmapped","2026-10-02T17:06:46Z","sec-exchange",FALSE
"MLECW","Moolec Science SA","NASDAQ",NA,"lab.Unmapped","2026-10-02T17:06:46Z","sec-exchange",TRUE
"FBYDP","Falcon's Beyond Global, Inc.","NASDAQ",NA,"lab.Unmapped","2026-10-02T17:06:46Z","sec-exchange",FALSE
"FBYDW","Falcon's Beyond Global, Inc.","NASDAQ",NA,"lab.Unmapped","2026-10-02T17:06:46Z","sec-exchange",FALSE
"SMXWW","SMX (Security Matters) Public Ltd Co","NASDAQ",NA,"lab.Unmapped","2026-10-02T17:06:46Z","sec-exchange",FALSE
"BAERW","Bridger Aerospace Group Holdings, Inc.","NASDAQ",NA,"lab.Unmapped","2026-10-02T17:06:46Z","sec-exchange",FALSE
"SXTPW","60 DEGREES PHARMACEUTICALS, INC.","NASDAQ",NA,"lab.Unmapped","2026-10-02T17:06:46Z","sec-exchange",FALSE
"CRMLW","Critical Metals Corp.","NASDAQ",NA,"lab.Unmapped","2026-10-02T17:06:46Z","sec-exchange",FALSE
"OCSAW","Oculis Holding AG","NASDAQ",NA,"lab.Unmapped","2026-10-02T17:06:46Z","sec-exchange",TRUE
"BCGWW","Binah Capital Group, Inc.","NASDAQ",NA,"lab.Unmapped","2026-10-02T17:06:46Z","sec-exchange",FALSE
"NOEMR","CO2 Energy Transition Corp.","NASDAQ",NA,"lab.Unmapped","2026-10-02T17:06:46Z","sec-exchange",FALSE
"NOEMU","CO2 Energy Transition Corp.","NASDAQ",NA,"lab.Unmapped","2026-10-02T17:06:46Z","sec-exchange",FALSE
"NOEMW","CO2 Energy Transition Corp.","NASDAQ",NA,"lab.Unmapped","2026-10-02T17:06:46Z","sec-exchange",FALSE
"ABLVW","Able View Global Inc.","NASDAQ",NA,"lab.Unmapped","2026-10-02T17:06:46Z","sec-exchange",FALSE
"OIOWW","OIO Group","NASDAQ",NA,"lab.Unmapped","2026-10-02T17:06:46Z","sec-exchange",FALSE
"LZM-WT","Lifezone Metals Ltd","NYSE",NA,"lab.Unmapped","2026-10-02T17:06:46Z","sec-exchange",FALSE
"COOTW","Australian Oilseeds Holdings Ltd","NASDAQ",NA,"lab.Unmapped","2026-10-02T17:06:46Z","sec-exchange",FALSE
"EXYNW","Exyn Technologies, Inc.","NASDAQ",NA,"lab.Unmapped","2026-10-02T17:06:46Z","sec-exchange",FALSE
"LOTWW","Lotus Technology Inc.","NASDAQ",NA,"lab.Unmapped","2026-10-02T17:06:46Z","sec-exchange",FALSE
"NVNIW","Nvni Group Ltd","NASDAQ",NA,"lab.Unmapped","2026-10-02T17:06:46Z","sec-exchange",TRUE
"CCGWW","Cheche Group Inc.","NASDAQ",NA,"lab.Unmapped","2026-10-02T17:06:46Z","sec-exchange",FALSE
"LIMNW","Liminatus Pharma, Inc.","NASDAQ",NA,"lab.Unmapped","2026-10-02T17:06:46Z","sec-exchange",FALSE
"MNYWW","MoneyHero Ltd","NASDAQ",NA,"lab.Unmapped","2026-10-02T17:06:46Z","sec-exchange",FALSE
"QETAR","Quetta Acquisition Corp","NASDAQ",NA,"lab.Unmapped","2026-10-02T17:06:46Z","sec-exchange",FALSE
"QETAU","Quetta Acquisition Corp","NASDAQ",NA,"lab.Unmapped","2026-10-02T17:06:46Z","sec-exchange",FALSE
"AFJKR","Aimei Health Technology Co., Ltd.","NASDAQ",NA,"lab.Unmapped","2026-10-02T17:06:46Z","sec-exchange",FALSE
"AFJKU","Aimei Health Technology Co., Ltd.","NASDAQ",NA,"lab.Unmapped","2026-10-02T17:06:46Z","sec-exchange",FALSE
"ENGNW","enGene Therapeutics Inc.","NASDAQ",NA,"lab.Unmapped","2026-10-02T17:06:46Z","sec-exchange",FALSE
"NIVFW","NewGenIvf Group Ltd","NASDAQ",NA,"lab.Unmapped","2026-10-02T17:06:46Z","sec-exchange",TRUE
"BDMDW","Baird Medical Investment Holdings Ltd","NASDAQ",NA,"lab.Unmapped","2026-10-02T17:06:46Z","sec-exchange",FALSE
"RMSGW","Real Messenger Corp","NASDAQ",NA,"lab.Unmapped","2026-10-02T17:06:46Z","sec-exchange",FALSE
"PBMWW","PSYENCE BIOMEDICAL LTD.","NASDAQ",NA,"lab.Unmapped","2026-10-02T17:06:46Z","sec-exchange",FALSE
"GTENU","Gores Holdings X, Inc. / CI","NASDAQ",NA,"lab.Unmapped","2026-10-02T17:06:46Z","sec-exchange",FALSE
"GTENW","Gores Holdings X, Inc. / CI","NASDAQ",NA,"lab.Unmapped","2026-10-02T17:06:46Z","sec-exchange",FALSE
"SHMDW","SCHMID Group N.V.","NASDAQ",NA,"lab.Unmapped","2026-10-02T17:06:46Z","sec-exchange",TRUE
"MRNOW","Murano Global Investments Plc","NASDAQ",NA,"lab.Unmapped","2026-10-02T17:06:46Z","sec-exchange",TRUE
"MKDWW","MKDWELL Tech Inc.","NASDAQ",NA,"lab.Unmapped","2026-10-02T17:06:46Z","sec-exchange",FALSE
"ZOOZW","ZOOZ Strategy Ltd.","NASDAQ",NA,"lab.Unmapped","2026-10-02T17:06:46Z","sec-exchange",FALSE
"MDCXW","Medicus Pharma Ltd.","NASDAQ",NA,"lab.Unmapped","2026-10-02T17:06:46Z","sec-exchange",FALSE
"PDPA","Pearl Diver Credit Co Inc.","NYSE",NA,"lab.Unmapped","2026-10-02T17:06:46Z","sec-exchange",FALSE
"IBACR","IB Acquisition Corp.","NASDAQ",NA,"lab.Unmapped","2026-10-02T17:06:46Z","sec-exchange",FALSE
"DSYWW","Big Tree Cloud Holdings Ltd","NASDAQ",NA,"lab.Unmapped","2026-10-02T17:06:46Z","sec-exchange",FALSE
"SCAGW","Scage Future","NASDAQ",NA,"lab.Unmapped","2026-10-02T17:06:46Z","sec-exchange",FALSE
"EURKR","Eureka Acquisition Corp","NASDAQ",NA,"lab.Unmapped","2026-10-02T17:06:46Z","sec-exchange",FALSE
"EURKU","Eureka Acquisition Corp","NASDAQ",NA,"lab.Unmapped","2026-10-02T17:06:46Z","sec-exchange",FALSE
"NXATW","Nexus Advanced Technologies Inc.","NASDAQ",NA,"lab.Unmapped","2026-10-02T17:06:46Z","sec-exchange",FALSE
"BKHAR","Black Hawk Acquisition Corp","NASDAQ",NA,"lab.Unmapped","2026-10-02T17:06:46Z","sec-exchange",FALSE
"BKHAU","Black Hawk Acquisition Corp","NASDAQ",NA,"lab.Unmapped","2026-10-02T17:06:46Z","sec-exchange",FALSE
"HPAIW","Helport AI Ltd","NASDAQ",NA,"lab.Unmapped","2026-10-02T17:06:46Z","sec-exchange",FALSE
"GCLWW","GCL Global Holdings Ltd","NASDAQ",NA,"lab.Unmapped","2026-10-02T17:06:46Z","sec-exchange",FALSE
"INFQ-WT","Infleqtion, Inc.","NYSE",NA,"lab.Unmapped","2026-10-02T17:06:46Z","sec-exchange",FALSE
"TACHU","Titan Acquisition Corp.","NASDAQ",NA,"lab.Unmapped","2026-10-02T17:06:46Z","sec-exchange",FALSE
"TACHW","Titan Acquisition Corp.","NASDAQ",NA,"lab.Unmapped","2026-10-02T17:06:46Z","sec-exchange",FALSE
"FVNNR","Future Vision II Acquisition Corp.","NASDAQ",NA,"lab.Unmapped","2026-10-02T17:06:46Z","sec-exchange",FALSE
"FVNNU","Future Vision II Acquisition Corp.","NASDAQ",NA,"lab.Unmapped","2026-10-02T17:06:46Z","sec-exchange",FALSE
"ALFUW","Centurion Acquisition Corp.","NASDAQ",NA,"lab.Unmapped","2026-10-02T17:06:46Z","sec-exchange",FALSE
"YDESW","YD Bio Ltd","NASDAQ",NA,"lab.Unmapped","2026-10-02T17:06:46Z","sec-exchange",FALSE
"RFAIR","RF Acquisition Corp II","NASDAQ",NA,"lab.Unmapped","2026-10-02T17:06:46Z","sec-exchange",FALSE
"RFAIU","RF Acquisition Corp II","NASDAQ",NA,"lab.Unmapped","2026-10-02T17:06:46Z","sec-exchange",FALSE
"FOXXW","Foxx Development Holdings Inc.","NASDAQ",NA,"lab.Unmapped","2026-10-02T17:06:46Z","sec-exchange",FALSE
"SIMAW","SIM Acquisition Corp. I","NASDAQ",NA,"lab.Unmapped","2026-10-02T17:06:46Z","sec-exchange",FALSE
"LPAAW","Launch One Acquisition Corp.","NASDAQ",NA,"lab.Unmapped","2026-10-02T17:06:46Z","sec-exchange",FALSE
"CUBWU","Lionheart Holdings","NASDAQ",NA,"lab.Unmapped","2026-10-02T17:06:46Z","sec-exchange",FALSE
"CUBWW","Lionheart Holdings","NASDAQ",NA,"lab.Unmapped","2026-10-02T17:06:46Z","sec-exchange",FALSE
"VLOSU","Velos Acquisition I Corp.","NASDAQ",NA,"lab.Unmapped","2026-10-02T17:06:46Z","sec-exchange",FALSE
"VLOSW","Velos Acquisition I Corp.","NASDAQ",NA,"lab.Unmapped","2026-10-02T17:06:46Z","sec-exchange",FALSE
"MACIU","Melar Acquisition Corp. I/Cayman","NASDAQ",NA,"lab.Unmapped","2026-10-02T17:06:46Z","sec-exchange",FALSE
"MACIW","Melar Acquisition Corp. I/Cayman","NASDAQ",NA,"lab.Unmapped","2026-10-02T17:06:46Z","sec-exchange",FALSE
"DTSQR","DT Cloud Star Acquisition Corp","NASDAQ",NA,"lab.Unmapped","2026-10-02T17:06:46Z","sec-exchange",FALSE
"DTSQU","DT Cloud Star Acquisition Corp","NASDAQ",NA,"lab.Unmapped","2026-10-02T17:06:46Z","sec-exchange",FALSE
"RDACR","Rising Dragon Acquisition Corp.","NASDAQ",NA,"lab.Unmapped","2026-10-02T17:06:46Z","sec-exchange",FALSE
"RDACU","Rising Dragon Acquisition Corp.","NASDAQ",NA,"lab.Unmapped","2026-10-02T17:06:46Z","sec-exchange",FALSE
"BGLWW","Blue Gold Ltd","NASDAQ",NA,"lab.Unmapped","2026-10-02T17:06:46Z","sec-exchange",FALSE
"IMSRW","Terrestrial Energy Inc. /DE/","NASDAQ",NA,"lab.Unmapped","2026-10-02T17:06:46Z","sec-exchange",TRUE
"TAVIR","Tavia Acquisition Corp.","NASDAQ",NA,"lab.Unmapped","2026-10-02T17:06:46Z","sec-exchange",FALSE
"TAVIU","Tavia Acquisition Corp.","NASDAQ",NA,"lab.Unmapped","2026-10-02T17:06:46Z","sec-exchange",FALSE
"YHNAR","YHN Acquisition I Ltd","NASDAQ",NA,"lab.Unmapped","2026-10-02T17:06:46Z","sec-exchange",FALSE
"YHNAU","YHN Acquisition I Ltd","NASDAQ",NA,"lab.Unmapped","2026-10-02T17:06:46Z","sec-exchange",FALSE
"KIDZW","KIDZ AI Inc.","NASDAQ",NA,"lab.Unmapped","2026-10-02T17:06:46Z","sec-exchange",FALSE
"SLXNW","Silexion Therapeutics Corp","NASDAQ",NA,"lab.Unmapped","2026-10-02T17:06:46Z","sec-exchange",FALSE
"LPBBU","Launch Two Acquisition Corp.","NASDAQ",NA,"lab.Unmapped","2026-10-02T17:06:46Z","sec-exchange",FALSE
"LPBBW","Launch Two Acquisition Corp.","NASDAQ",NA,"lab.Unmapped","2026-10-02T17:06:46Z","sec-exchange",FALSE
"HDRNW","Hadron Energy, Inc.","NASDAQ",NA,"lab.Unmapped","2026-10-02T17:06:46Z","sec-exchange",FALSE
"CAPNR","Cayson Acquisition Corp","NASDAQ",NA,"lab.Unmapped","2026-10-02T17:06:46Z","sec-exchange",FALSE
"CAPNU","Cayson Acquisition Corp","NASDAQ",NA,"lab.Unmapped","2026-10-02T17:06:46Z","sec-exchange",FALSE
"CHARR","Charlton Aria Acquisition Corp","NASDAQ",NA,"lab.Unmapped","2026-10-02T17:06:46Z","sec-exchange",FALSE
"CHARU","Charlton Aria Acquisition Corp","NASDAQ",NA,"lab.Unmapped","2026-10-02T17:06:46Z","sec-exchange",FALSE
"CHPGR","ChampionsGate Acquisition Corp","NASDAQ",NA,"lab.Unmapped","2026-10-02T17:06:46Z","sec-exchange",FALSE
"CHPGU","ChampionsGate Acquisition Corp","NASDAQ",NA,"lab.Unmapped","2026-10-02T17:06:46Z","sec-exchange",FALSE
"POLEU","Andretti Acquisition Corp. II","NASDAQ",NA,"lab.Unmapped","2026-10-02T17:06:46Z","sec-exchange",FALSE
"POLEW","Andretti Acquisition Corp. II","NASDAQ",NA,"lab.Unmapped","2026-10-02T17:06:46Z","sec-exchange",FALSE
"FERAR","Fifth Era Acquisition Corp I","NASDAQ",NA,"lab.Unmapped","2026-10-02T17:06:46Z","sec-exchange",FALSE
"FERAU","Fifth Era Acquisition Corp I","NASDAQ",NA,"lab.Unmapped","2026-10-02T17:06:46Z","sec-exchange",FALSE
"SOUL-RI","Soulpower Acquisition Corp.","NYSE",NA,"lab.Unmapped","2026-10-02T17:06:46Z","sec-exchange",FALSE
"SOUL-UN","Soulpower Acquisition Corp.","NYSE",NA,"lab.Unmapped","2026-10-02T17:06:46Z","sec-exchange",FALSE
"NAMMW","Namib Minerals","NASDAQ",NA,"lab.Unmapped","2026-10-02T17:06:46Z","sec-exchange",FALSE
"ALISR","Calisa Acquisition Corp","NASDAQ",NA,"lab.Unmapped","2026-10-02T17:06:46Z","sec-exchange",FALSE
"ALISU","Calisa Acquisition Corp","NASDAQ",NA,"lab.Unmapped","2026-10-02T17:06:46Z","sec-exchange",FALSE
"NTWOU","Newbury Street II Acquisition Corp","NASDAQ",NA,"lab.Unmapped","2026-10-02T17:06:46Z","sec-exchange",FALSE
"NTWOW","Newbury Street II Acquisition Corp","NASDAQ",NA,"lab.Unmapped","2026-10-02T17:06:46Z","sec-exchange",FALSE
"COLAR","Columbus Acquisition Corp/Cayman Islands","NASDAQ",NA,"lab.Unmapped","2026-10-02T17:06:46Z","sec-exchange",FALSE
"COLAU","Columbus Acquisition Corp/Cayman Islands","NASDAQ",NA,"lab.Unmapped","2026-10-02T17:06:46Z","sec-exchange",FALSE
"RAINW","Rain Enhancement Technologies Holdco, Inc.","NASDAQ",NA,"lab.Unmapped","2026-10-02T17:06:46Z","sec-exchange",FALSE
"NUAIW","New ERA Energy & Digital, Inc.","NASDAQ",NA,"lab.Unmapped","2026-10-02T17:06:46Z","sec-exchange",FALSE
"IPEXR","Inflection Point Acquisition Corp. V","NASDAQ",NA,"lab.Unmapped","2026-10-02T17:06:46Z","sec-exchange",FALSE
"IPEXU","Inflection Point Acquisition Corp. V","NASDAQ",NA,"lab.Unmapped","2026-10-02T17:06:46Z","sec-exchange",FALSE
"ATIIU","Archimedes Tech SPAC Partners II Co.","NASDAQ",NA,"lab.Unmapped","2026-10-02T17:06:46Z","sec-exchange",FALSE
"ATIIW","Archimedes Tech SPAC Partners II Co.","NASDAQ",NA,"lab.Unmapped","2026-10-02T17:06:46Z","sec-exchange",FALSE
"DMAAR","Drugs Made In America Acquisition Corp.","NASDAQ",NA,"lab.Unmapped","2026-10-02T17:06:46Z","sec-exchange",FALSE
"DMAAU","Drugs Made In America Acquisition Corp.","NASDAQ",NA,"lab.Unmapped","2026-10-02T17:06:46Z","sec-exchange",FALSE
"DYNCU","Dynamix Corp","NASDAQ",NA,"lab.Unmapped","2026-10-02T17:06:46Z","sec-exchange",FALSE
"DYNCW","Dynamix Corp","NASDAQ",NA,"lab.Unmapped","2026-10-02T17:06:46Z","sec-exchange",FALSE
"SPEGR","Silver Pegasus Acquisition Corp.","NASDAQ",NA,"lab.Unmapped","2026-10-02T17:06:46Z","sec-exchange",FALSE
"SPEGU","Silver Pegasus Acquisition Corp.","NASDAQ",NA,"lab.Unmapped","2026-10-02T17:06:46Z","sec-exchange",FALSE
"FACTU","FACT II Acquisition Corp.","NASDAQ",NA,"lab.Unmapped","2026-10-02T17:06:46Z","sec-exchange",FALSE
"FACTW","FACT II Acquisition Corp.","NASDAQ",NA,"lab.Unmapped","2026-10-02T17:06:46Z","sec-exchange",FALSE
"OACCU","Oaktree Acquisition Corp. III Life Sciences","NASDAQ",NA,"lab.Unmapped","2026-10-02T17:06:46Z","sec-exchange",FALSE
"OACCW","Oaktree Acquisition Corp. III Life Sciences","NASDAQ",NA,"lab.Unmapped","2026-10-02T17:06:46Z","sec-exchange",FALSE
"KFIIR","K&F GROWTH ACQUISITION CORP. II","NASDAQ",NA,"lab.Unmapped","2026-10-02T17:06:46Z","sec-exchange",FALSE
"KFIIU","K&F GROWTH ACQUISITION CORP. II","NASDAQ",NA,"lab.Unmapped","2026-10-02T17:06:46Z","sec-exchange",FALSE
"PLMKU","Plum Acquisition Corp, IV","NASDAQ",NA,"lab.Unmapped","2026-10-02T17:06:46Z","sec-exchange",FALSE
"PLMKW","Plum Acquisition Corp, IV","NASDAQ",NA,"lab.Unmapped","2026-10-02T17:06:46Z","sec-exchange",FALSE
"SZZLR","Sizzle Acquisition Corp. II","NASDAQ",NA,"lab.Unmapped","2026-10-02T17:06:46Z","sec-exchange",FALSE
"SZZLU","Sizzle Acquisition Corp. II","NASDAQ",NA,"lab.Unmapped","2026-10-02T17:06:46Z","sec-exchange",FALSE
"PGACR","PANTAGES CAPITAL ACQUISITION Corp","NASDAQ",NA,"lab.Unmapped","2026-10-02T17:06:46Z","sec-exchange",FALSE
"PGACU","PANTAGES CAPITAL ACQUISITION Corp","NASDAQ",NA,"lab.Unmapped","2026-10-02T17:06:46Z","sec-exchange",FALSE
"ALDFU","Aldel Financial II Inc.","NASDAQ",NA,"lab.Unmapped","2026-10-02T17:06:46Z","sec-exchange",FALSE
"ALDFW","Aldel Financial II Inc.","NASDAQ",NA,"lab.Unmapped","2026-10-02T17:06:46Z","sec-exchange",FALSE
"DRDBU","Roman DBDR Acquisition Corp. II","NASDAQ",NA,"lab.Unmapped","2026-10-02T17:06:46Z","sec-exchange",FALSE
"DRDBW","Roman DBDR Acquisition Corp. II","NASDAQ",NA,"lab.Unmapped","2026-10-02T17:06:46Z","sec-exchange",FALSE
"TACOU","Berto Acquisition Corp.","NASDAQ",NA,"lab.Unmapped","2026-10-02T17:06:46Z","sec-exchange",FALSE
"TACOW","Berto Acquisition Corp.","NASDAQ",NA,"lab.Unmapped","2026-10-02T17:06:46Z","sec-exchange",FALSE
"FUSEW","Fusemachines Inc.","NASDAQ",NA,"lab.Unmapped","2026-10-02T17:06:46Z","sec-exchange",FALSE
"SVCCU","Stellar V Capital Corp. (Cayman Islands)","NASDAQ",NA,"lab.Unmapped","2026-10-02T17:06:46Z","sec-exchange",FALSE
"SVCCW","Stellar V Capital Corp. (Cayman Islands)","NASDAQ",NA,"lab.Unmapped","2026-10-02T17:06:46Z","sec-exchange",FALSE
"DAICW","CID Holdco, Inc.","NASDAQ",NA,"lab.Unmapped","2026-10-02T17:06:46Z","sec-exchange",FALSE
"TVACU","Texas Ventures Acquisition III Corp","NASDAQ",NA,"lab.Unmapped","2026-10-02T17:06:46Z","sec-exchange",FALSE
"TVACW","Texas Ventures Acquisition III Corp","NASDAQ",NA,"lab.Unmapped","2026-10-02T17:06:46Z","sec-exchange",FALSE
"SDHIR","Siddhi Acquisition Corp (Cayman Islands)","NASDAQ",NA,"lab.Unmapped","2026-10-02T17:06:46Z","sec-exchange",FALSE
"SDHIU","Siddhi Acquisition Corp (Cayman Islands)","NASDAQ",NA,"lab.Unmapped","2026-10-02T17:06:46Z","sec-exchange",FALSE
"OBAWU","Oxley Bridge Acquisition Ltd","NASDAQ",NA,"lab.Unmapped","2026-10-02T17:06:46Z","sec-exchange",FALSE
"OBAWW","Oxley Bridge Acquisition Ltd","NASDAQ",NA,"lab.Unmapped","2026-10-02T17:06:46Z","sec-exchange",FALSE
"GIBOW","GIBO HOLDINGS Ltd","NASDAQ",NA,"lab.Unmapped","2026-10-02T17:06:46Z","sec-exchange",FALSE
"RIBBR","Ribbon Acquisition Corp.","NASDAQ",NA,"lab.Unmapped","2026-10-02T17:06:46Z","sec-exchange",FALSE
"RIBBU","Ribbon Acquisition Corp.","NASDAQ",NA,"lab.Unmapped","2026-10-02T17:06:46Z","sec-exchange",FALSE
"RTACU","Renatus Tactical Acquisition Corp I","NASDAQ",NA,"lab.Unmapped","2026-10-02T17:06:46Z","sec-exchange",FALSE
"RTACW","Renatus Tactical Acquisition Corp I","NASDAQ",NA,"lab.Unmapped","2026-10-02T17:06:46Z","sec-exchange",FALSE
"RANGR","Range Capital Acquisition Corp.","NASDAQ",NA,"lab.Unmapped","2026-10-02T17:06:46Z","sec-exchange",FALSE
"RANGU","Range Capital Acquisition Corp.","NASDAQ",NA,"lab.Unmapped","2026-10-02T17:06:46Z","sec-exchange",FALSE
"UYSCR","UY Scuti Acquisition Corp.","NASDAQ",NA,"lab.Unmapped","2026-10-02T17:06:46Z","sec-exchange",FALSE
"UYSCU","UY Scuti Acquisition Corp.","NASDAQ",NA,"lab.Unmapped","2026-10-02T17:06:46Z","sec-exchange",FALSE
"VWAVW","VisionWave Holdings, Inc.","NASDAQ",NA,"lab.Unmapped","2026-10-02T17:06:46Z","sec-exchange",FALSE
"JACS-RI","Jackson Acquisition Co II","NYSE",NA,"lab.Unmapped","2026-10-02T17:06:46Z","sec-exchange",FALSE
"JACS-UN","Jackson Acquisition Co II","NYSE",NA,"lab.Unmapped","2026-10-02T17:06:46Z","sec-exchange",FALSE
"PACHU","Pioneer Acquisition I Corp","NASDAQ",NA,"lab.Unmapped","2026-10-02T17:06:46Z","sec-exchange",FALSE
"PACHW","Pioneer Acquisition I Corp","NASDAQ",NA,"lab.Unmapped","2026-10-02T17:06:46Z","sec-exchange",FALSE
"DMIIR","Drugs Made In America Acquisition II Corp.","NASDAQ",NA,"lab.Unmapped","2026-10-02T17:06:46Z","sec-exchange",FALSE
"DMIIU","Drugs Made In America Acquisition II Corp.","NASDAQ",NA,"lab.Unmapped","2026-10-02T17:06:46Z","sec-exchange",FALSE
"CCAQU","COLLECTIVE ACQUISITION CORP.","NASDAQ",NA,"lab.Unmapped","2026-10-02T17:06:46Z","sec-exchange",FALSE
"CCAQW","COLLECTIVE ACQUISITION CORP.","NASDAQ",NA,"lab.Unmapped","2026-10-02T17:06:46Z","sec-exchange",FALSE
"ALUB-UN","Alussa Energy Acquisition Corp. II","NYSE",NA,"lab.Unmapped","2026-10-02T17:06:46Z","sec-exchange",FALSE
"ALUB-WT","Alussa Energy Acquisition Corp. II","NYSE",NA,"lab.Unmapped","2026-10-02T17:06:46Z","sec-exchange",FALSE
"OYSER","Oyster Enterprises II Acquisition Corp","NASDAQ",NA,"lab.Unmapped","2026-10-02T17:06:46Z","sec-exchange",FALSE
"OYSEU","Oyster Enterprises II Acquisition Corp","NASDAQ",NA,"lab.Unmapped","2026-10-02T17:06:46Z","sec-exchange",FALSE
"BDCIU","BTC Development Corp.","NASDAQ",NA,"lab.Unmapped","2026-10-02T17:06:46Z","sec-exchange",FALSE
"BDCIW","BTC Development Corp.","NASDAQ",NA,"lab.Unmapped","2026-10-02T17:06:46Z","sec-exchange",FALSE
"HAVAR","Harvard Ave Acquisition Corp","NASDAQ",NA,"lab.Unmapped","2026-10-02T17:06:46Z","sec-exchange",FALSE
"HAVAU","Harvard Ave Acquisition Corp","NASDAQ",NA,"lab.Unmapped","2026-10-02T17:06:46Z","sec-exchange",FALSE
"EVAC-UN","EQV Ventures Acquisition Corp. II","NYSE",NA,"lab.Unmapped","2026-10-02T17:06:46Z","sec-exchange",FALSE
"EVAC-WT","EQV Ventures Acquisition Corp. II","NYSE",NA,"lab.Unmapped","2026-10-02T17:06:46Z","sec-exchange",FALSE
"LKSPR","Lake Superior Acquisition Corp","NASDAQ",NA,"lab.Unmapped","2026-10-02T17:06:46Z","sec-exchange",FALSE
"LKSPU","Lake Superior Acquisition Corp","NASDAQ",NA,"lab.Unmapped","2026-10-02T17:06:46Z","sec-exchange",FALSE
"APACR","StoneBridge Acquisition II Corp","NASDAQ",NA,"lab.Unmapped","2026-10-02T17:06:46Z","sec-exchange",FALSE
"APACU","StoneBridge Acquisition II Corp","NASDAQ",NA,"lab.Unmapped","2026-10-02T17:06:46Z","sec-exchange",FALSE
"NHICU","NewHold Investment Corp. III","NASDAQ",NA,"lab.Unmapped","2026-10-02T17:06:46Z","sec-exchange",FALSE
"NHICW","NewHold Investment Corp. III","NASDAQ",NA,"lab.Unmapped","2026-10-02T17:06:46Z","sec-exchange",FALSE
"GTERR","Globa Terra Acquisition Corp","NASDAQ",NA,"lab.Unmapped","2026-10-02T17:06:46Z","sec-exchange",FALSE
"GTERU","Globa Terra Acquisition Corp","NASDAQ",NA,"lab.Unmapped","2026-10-02T17:06:46Z","sec-exchange",FALSE
"GTERW","Globa Terra Acquisition Corp","NASDAQ",NA,"lab.Unmapped","2026-10-02T17:06:46Z","sec-exchange",FALSE
"XRPNU","Armada Acquisition Corp. II","NASDAQ",NA,"lab.Unmapped","2026-10-02T17:06:46Z","sec-exchange",FALSE
"XRPNW","Armada Acquisition Corp. II","NASDAQ",NA,"lab.Unmapped","2026-10-02T17:06:46Z","sec-exchange",FALSE
"ORIQU","Origin Investment Corp I","NASDAQ",NA,"lab.Unmapped","2026-10-02T17:06:46Z","sec-exchange",FALSE
"ORIQW","Origin Investment Corp I","NASDAQ",NA,"lab.Unmapped","2026-10-02T17:06:46Z","sec-exchange",FALSE
"GSHRU","Gesher Acquisition Corp. II","NASDAQ",NA,"lab.Unmapped","2026-10-02T17:06:46Z","sec-exchange",FALSE
"GSHRW","Gesher Acquisition Corp. II","NASDAQ",NA,"lab.Unmapped","2026-10-02T17:06:46Z","sec-exchange",FALSE
"MTNE-UN","CH4 Natural Solutions Corp","NYSE",NA,"lab.Unmapped","2026-10-02T17:06:46Z","sec-exchange",FALSE
"MTNE-WT","CH4 Natural Solutions Corp","NYSE",NA,"lab.Unmapped","2026-10-02T17:06:46Z","sec-exchange",FALSE
"COPL-UN","Copley Acquisition Corp","NYSE",NA,"lab.Unmapped","2026-10-02T17:06:46Z","sec-exchange",FALSE
"COPL-WT","Copley Acquisition Corp","NYSE",NA,"lab.Unmapped","2026-10-02T17:06:46Z","sec-exchange",FALSE
"CHECU","Chenghe Acquisition III Co.","NASDAQ",NA,"lab.Unmapped","2026-10-02T17:06:46Z","sec-exchange",FALSE
"CHECW","Chenghe Acquisition III Co.","NASDAQ",NA,"lab.Unmapped","2026-10-02T17:06:46Z","sec-exchange",FALSE
"QSEAR","Quartzsea Acquisition Corp","NASDAQ",NA,"lab.Unmapped","2026-10-02T17:06:46Z","sec-exchange",FALSE
"QSEAU","Quartzsea Acquisition Corp","NASDAQ",NA,"lab.Unmapped","2026-10-02T17:06:46Z","sec-exchange",FALSE
"RAC-UN","Rithm Acquisition Corp.","NYSE",NA,"lab.Unmapped","2026-10-02T17:06:46Z","sec-exchange",FALSE
"RAC-WT","Rithm Acquisition Corp.","NYSE",NA,"lab.Unmapped","2026-10-02T17:06:46Z","sec-exchange",FALSE
"NPACU","New Providence Acquisition Corp. III/Cayman","NASDAQ",NA,"lab.Unmapped","2026-10-02T17:06:46Z","sec-exchange",FALSE
"NPACW","New Providence Acquisition Corp. III/Cayman","NASDAQ",NA,"lab.Unmapped","2026-10-02T17:06:46Z","sec-exchange",FALSE
"TMSWW","Teamshares Inc","NASDAQ",NA,"lab.Unmapped","2026-10-02T17:06:46Z","sec-exchange",FALSE
"LCCCR","Lakeshore Acquisition III Corp.","NASDAQ",NA,"lab.Unmapped","2026-10-02T17:06:46Z","sec-exchange",FALSE
"LCCCU","Lakeshore Acquisition III Corp.","NASDAQ",NA,"lab.Unmapped","2026-10-02T17:06:46Z","sec-exchange",FALSE
"FACWW","Factorial Energy Inc.","NASDAQ",NA,"lab.Unmapped","2026-10-02T17:06:46Z","sec-exchange",FALSE
"BLUWU","Blue Water Acquisition Corp. III","NASDAQ",NA,"lab.Unmapped","2026-10-02T17:06:46Z","sec-exchange",FALSE
"BLUWW","Blue Water Acquisition Corp. III","NASDAQ",NA,"lab.Unmapped","2026-10-02T17:06:46Z","sec-exchange",FALSE
"PEW-WT","GrabAGun Digital Holdings Inc.","NYSE",NA,"lab.Unmapped","2026-10-02T17:06:46Z","sec-exchange",FALSE
"BSAAR","BEST SPAC I Acquisition Corp.","NASDAQ",NA,"lab.Unmapped","2026-10-02T17:06:46Z","sec-exchange",FALSE
"BSAAU","BEST SPAC I Acquisition Corp.","NASDAQ",NA,"lab.Unmapped","2026-10-02T17:06:46Z","sec-exchange",FALSE
"MLCIL","Mount Logan Capital Inc.","NASDAQ",NA,"lab.Unmapped","2026-10-02T17:06:46Z","sec-exchange",FALSE
"IRHOR","Iron Horse Acquisition II Corp.","NASDAQ",NA,"lab.Unmapped","2026-10-02T17:06:46Z","sec-exchange",FALSE
"IRHOU","Iron Horse Acquisition II Corp.","NASDAQ",NA,"lab.Unmapped","2026-10-02T17:06:46Z","sec-exchange",FALSE
"DAAQU","Digital Asset Acquisition Corp.","NASDAQ",NA,"lab.Unmapped","2026-10-02T17:06:46Z","sec-exchange",FALSE
"DAAQW","Digital Asset Acquisition Corp.","NASDAQ",NA,"lab.Unmapped","2026-10-02T17:06:46Z","sec-exchange",FALSE
"TWLVR","Twelve Seas Investment Co III/Cayman","NASDAQ",NA,"lab.Unmapped","2026-10-02T17:06:46Z","sec-exchange",FALSE
"TWLVU","Twelve Seas Investment Co III/Cayman","NASDAQ",NA,"lab.Unmapped","2026-10-02T17:06:46Z","sec-exchange",FALSE
"EGHAR","EGH Acquisition Corp.","NASDAQ",NA,"lab.Unmapped","2026-10-02T17:06:46Z","sec-exchange",FALSE
"EGHAU","EGH Acquisition Corp.","NASDAQ",NA,"lab.Unmapped","2026-10-02T17:06:46Z","sec-exchange",FALSE
"TGE-WT","Generation Essentials Group","NYSE",NA,"lab.Unmapped","2026-10-02T17:06:46Z","sec-exchange",FALSE
"KCHVR","Kochav Defense Acquisition Corp.","NASDAQ",NA,"lab.Unmapped","2026-10-02T17:06:46Z","sec-exchange",FALSE
"KCHVU","Kochav Defense Acquisition Corp.","NASDAQ",NA,"lab.Unmapped","2026-10-02T17:06:46Z","sec-exchange",FALSE
"WTGUR","Wintergreen Acquisition Corp.","NASDAQ",NA,"lab.Unmapped","2026-10-02T17:06:46Z","sec-exchange",FALSE
"WTGUU","Wintergreen Acquisition Corp.","NASDAQ",NA,"lab.Unmapped","2026-10-02T17:06:46Z","sec-exchange",FALSE
"ONCHU","1RT Acquisition Corp.","NASDAQ",NA,"lab.Unmapped","2026-10-02T17:06:46Z","sec-exchange",FALSE
"ONCHW","1RT Acquisition Corp.","NASDAQ",NA,"lab.Unmapped","2026-10-02T17:06:46Z","sec-exchange",FALSE
"NMPAR","NMP Acquisition Corp.","NASDAQ",NA,"lab.Unmapped","2026-10-02T17:06:46Z","sec-exchange",FALSE
"NMPAU","NMP Acquisition Corp.","NASDAQ",NA,"lab.Unmapped","2026-10-02T17:06:46Z","sec-exchange",FALSE
"RDAGU","Republic Digital Acquisition Co","NASDAQ",NA,"lab.Unmapped","2026-10-02T17:06:46Z","sec-exchange",FALSE
"RDAGW","Republic Digital Acquisition Co","NASDAQ",NA,"lab.Unmapped","2026-10-02T17:06:46Z","sec-exchange",FALSE
"VNMEU","Vendome Acquisition Corp I","NASDAQ",NA,"lab.Unmapped","2026-10-02T17:06:46Z","sec-exchange",FALSE
"VNMEW","Vendome Acquisition Corp I","NASDAQ",NA,"lab.Unmapped","2026-10-02T17:06:46Z","sec-exchange",FALSE
"PCAPU","ProCap Acquisition Corp","NASDAQ",NA,"lab.Unmapped","2026-10-02T17:06:46Z","sec-exchange",FALSE
"PCAPW","ProCap Acquisition Corp","NASDAQ",NA,"lab.Unmapped","2026-10-02T17:06:46Z","sec-exchange",FALSE
"AXINR","Axiom Intelligence Acquisition Corp 1","NASDAQ",NA,"lab.Unmapped","2026-10-02T17:06:46Z","sec-exchange",FALSE
"AXINU","Axiom Intelligence Acquisition Corp 1","NASDAQ",NA,"lab.Unmapped","2026-10-02T17:06:46Z","sec-exchange",FALSE
"WENNU","WEN Acquisition Corp","NASDAQ",NA,"lab.Unmapped","2026-10-02T17:06:46Z","sec-exchange",FALSE
"WENNW","WEN Acquisition Corp","NASDAQ",NA,"lab.Unmapped","2026-10-02T17:06:46Z","sec-exchange",FALSE
"GLIBK","Liberty Capital Corp/NV","NASDAQ",NA,"lab.Unmapped","2026-10-02T17:06:46Z","sec-exchange",TRUE
"CRAQR","Cal Redwood Acquisition Corp.","NASDAQ",NA,"lab.Unmapped","2026-10-02T17:06:46Z","sec-exchange",FALSE
"CRAQU","Cal Redwood Acquisition Corp.","NASDAQ",NA,"lab.Unmapped","2026-10-02T17:06:46Z","sec-exchange",FALSE
"FIGXU","FIGX Capital Acquisition Corp.","NASDAQ",NA,"lab.Unmapped","2026-10-02T17:06:46Z","sec-exchange",FALSE
"FIGXW","FIGX Capital Acquisition Corp.","NASDAQ",NA,"lab.Unmapped","2026-10-02T17:06:46Z","sec-exchange",FALSE
"SSEAR","STARRY SEA ACQUISITION CORP","NASDAQ",NA,"lab.Unmapped","2026-10-02T17:06:46Z","sec-exchange",FALSE
"SSEAU","STARRY SEA ACQUISITION CORP","NASDAQ",NA,"lab.Unmapped","2026-10-02T17:06:46Z","sec-exchange",FALSE
"BACCR","Blue Acquisition Corp/Cayman","NASDAQ",NA,"lab.Unmapped","2026-10-02T17:06:46Z","sec-exchange",FALSE
"BACCU","Blue Acquisition Corp/Cayman","NASDAQ",NA,"lab.Unmapped","2026-10-02T17:06:46Z","sec-exchange",FALSE
"JENA-RI","JENA ACQUISITION Corp II","NYSE",NA,"lab.Unmapped","2026-10-02T17:06:46Z","sec-exchange",FALSE
"JENA-UN","JENA ACQUISITION Corp II","NYSE",NA,"lab.Unmapped","2026-10-02T17:06:46Z","sec-exchange",FALSE
"LWACU","LightWave Acquisition Corp.","NASDAQ",NA,"lab.Unmapped","2026-10-02T17:06:46Z","sec-exchange",FALSE
"LWACW","LightWave Acquisition Corp.","NASDAQ",NA,"lab.Unmapped","2026-10-02T17:06:46Z","sec-exchange",FALSE
"PMTRU","Perimeter Acquisition Corp. I","NASDAQ",NA,"lab.Unmapped","2026-10-02T17:06:46Z","sec-exchange",FALSE
"PMTRW","Perimeter Acquisition Corp. I","NASDAQ",NA,"lab.Unmapped","2026-10-02T17:06:46Z","sec-exchange",FALSE
"KYIVW","Kyivstar Group Ltd.","NASDAQ",NA,"lab.Unmapped","2026-10-02T17:06:46Z","sec-exchange",TRUE
"INACR","Indigo Acquisition Corp.","NASDAQ",NA,"lab.Unmapped","2026-10-02T17:06:46Z","sec-exchange",FALSE
"INACU","Indigo Acquisition Corp.","NASDAQ",NA,"lab.Unmapped","2026-10-02T17:06:46Z","sec-exchange",FALSE
"BPACR","Blueport Acquisition Ltd","NASDAQ",NA,"lab.Unmapped","2026-10-02T17:06:46Z","sec-exchange",FALSE
"BPACU","Blueport Acquisition Ltd","NASDAQ",NA,"lab.Unmapped","2026-10-02T17:06:46Z","sec-exchange",FALSE
"BCSS-UN","Bain Capital GSS Investment Corp.","NYSE",NA,"lab.Unmapped","2026-10-02T17:06:46Z","sec-exchange",FALSE
"BCSS-WT","Bain Capital GSS Investment Corp.","NYSE",NA,"lab.Unmapped","2026-10-02T17:06:46Z","sec-exchange",FALSE
"MCGAU","Yorkville Acquisition Corp.","NASDAQ",NA,"lab.Unmapped","2026-10-02T17:06:46Z","sec-exchange",FALSE
"MCGAW","Yorkville Acquisition Corp.","NASDAQ",NA,"lab.Unmapped","2026-10-02T17:06:46Z","sec-exchange",FALSE
"CCIIU","Cohen Circle Acquisition Corp. II","NASDAQ",NA,"lab.Unmapped","2026-10-02T17:06:46Z","sec-exchange",FALSE
"CCIIW","Cohen Circle Acquisition Corp. II","NASDAQ",NA,"lab.Unmapped","2026-10-02T17:06:46Z","sec-exchange",FALSE
"PLUN-RI","Plutonian Acquisition Corp. II","NYSE",NA,"lab.Unmapped","2026-10-02T17:06:46Z","sec-exchange",FALSE
"PLUN-UN","Plutonian Acquisition Corp. II","NYSE",NA,"lab.Unmapped","2026-10-02T17:06:46Z","sec-exchange",FALSE
"SOCAU","Solarius Capital Acquisition Corp.","NASDAQ",NA,"lab.Unmapped","2026-10-02T17:06:46Z","sec-exchange",FALSE
"SOCAW","Solarius Capital Acquisition Corp.","NASDAQ",NA,"lab.Unmapped","2026-10-02T17:06:46Z","sec-exchange",FALSE
"MKLYR","McKinley Acquisition Corp","NASDAQ",NA,"lab.Unmapped","2026-10-02T17:06:46Z","sec-exchange",FALSE
"MKLYU","McKinley Acquisition Corp","NASDAQ",NA,"lab.Unmapped","2026-10-02T17:06:46Z","sec-exchange",FALSE
"KOYNU","CSLM Digital Asset Acquisition Corp III, Ltd","NASDAQ",NA,"lab.Unmapped","2026-10-02T17:06:46Z","sec-exchange",FALSE
"KOYNW","CSLM Digital Asset Acquisition Corp III, Ltd","NASDAQ",NA,"lab.Unmapped","2026-10-02T17:06:46Z","sec-exchange",FALSE
"PAII-UN","Pyrophyte Acquisition Corp. II","NYSE",NA,"lab.Unmapped","2026-10-02T17:06:46Z","sec-exchange",FALSE
"PAII-WT","Pyrophyte Acquisition Corp. II","NYSE",NA,"lab.Unmapped","2026-10-02T17:06:46Z","sec-exchange",FALSE
"HCMAU","HCM III ACQUISITION CORP.","NASDAQ",NA,"lab.Unmapped","2026-10-02T17:06:46Z","sec-exchange",FALSE
"HCMAW","HCM III ACQUISITION CORP.","NASDAQ",NA,"lab.Unmapped","2026-10-02T17:06:46Z","sec-exchange",FALSE
"HVMCU","Highview Merger Corp.","NASDAQ",NA,"lab.Unmapped","2026-10-02T17:06:46Z","sec-exchange",FALSE
"HVMCW","Highview Merger Corp.","NASDAQ",NA,"lab.Unmapped","2026-10-02T17:06:46Z","sec-exchange",FALSE
"CRACR","Crown Reserve Acquisition Corp. I","NASDAQ",NA,"lab.Unmapped","2026-10-02T17:06:46Z","sec-exchange",FALSE
"CRACU","Crown Reserve Acquisition Corp. I","NASDAQ",NA,"lab.Unmapped","2026-10-02T17:06:46Z","sec-exchange",FALSE
"CRACW","Crown Reserve Acquisition Corp. I","NASDAQ",NA,"lab.Unmapped","2026-10-02T17:06:46Z","sec-exchange",FALSE
"QUMSR","Quantumsphere Acquisition Corp","NASDAQ",NA,"lab.Unmapped","2026-10-02T17:06:46Z","sec-exchange",FALSE
"QUMSU","Quantumsphere Acquisition Corp","NASDAQ",NA,"lab.Unmapped","2026-10-02T17:06:46Z","sec-exchange",FALSE
"BIOTW","INSTINCT BIO TECHNICAL CO HOLDINGS INC.","NASDAQ",NA,"lab.Unmapped","2026-10-02T17:06:46Z","sec-exchange",FALSE
"GSRFR","GSR IV Acquisition Corp.","NASDAQ",NA,"lab.Unmapped","2026-10-02T17:06:46Z","sec-exchange",FALSE
"GSRFU","GSR IV Acquisition Corp.","NASDAQ",NA,"lab.Unmapped","2026-10-02T17:06:46Z","sec-exchange",FALSE
"TLNCU","Talon Capital Corp.","NASDAQ",NA,"lab.Unmapped","2026-10-02T17:06:46Z","sec-exchange",FALSE
"TLNCW","Talon Capital Corp.","NASDAQ",NA,"lab.Unmapped","2026-10-02T17:06:46Z","sec-exchange",FALSE
"ARCLR","ARC Group Acquisition I Corp.","NASDAQ",NA,"lab.Unmapped","2026-10-02T17:06:46Z","sec-exchange",FALSE
"ARCLU","ARC Group Acquisition I Corp.","NASDAQ",NA,"lab.Unmapped","2026-10-02T17:06:46Z","sec-exchange",FALSE
"ARCLW","ARC Group Acquisition I Corp.","NASDAQ",NA,"lab.Unmapped","2026-10-02T17:06:46Z","sec-exchange",FALSE
"AIIA-RI","AI Infrastructure Acquisition Corp.","NYSE",NA,"lab.Unmapped","2026-10-02T17:06:46Z","sec-exchange",FALSE
"AIIA-UN","AI Infrastructure Acquisition Corp.","NYSE",NA,"lab.Unmapped","2026-10-02T17:06:46Z","sec-exchange",FALSE
"MBVIU","M3-Brigade Acquisition VI Corp.","NASDAQ",NA,"lab.Unmapped","2026-10-02T17:06:46Z","sec-exchange",FALSE
"MBVIW","M3-Brigade Acquisition VI Corp.","NASDAQ",NA,"lab.Unmapped","2026-10-02T17:06:46Z","sec-exchange",FALSE
"FCRS-UN","FutureCrest Acquisition Corp.","NYSE",NA,"lab.Unmapped","2026-10-02T17:06:46Z","sec-exchange",FALSE
"FCRS-WT","FutureCrest Acquisition Corp.","NYSE",NA,"lab.Unmapped","2026-10-02T17:06:46Z","sec-exchange",FALSE
"GFUZW","General Fusion Group Ltd.","NASDAQ",NA,"lab.Unmapped","2026-10-02T17:06:46Z","sec-exchange",TRUE
"KRSP-UN","Rice Acquisition Corp 3","NYSE",NA,"lab.Unmapped","2026-10-02T17:06:46Z","sec-exchange",FALSE
"KRSP-WT","Rice Acquisition Corp 3","NYSE",NA,"lab.Unmapped","2026-10-02T17:06:46Z","sec-exchange",FALSE
"NWAX-UN","New America Acquisition I Corp.","NYSE",NA,"lab.Unmapped","2026-10-02T17:06:46Z","sec-exchange",FALSE
"NWAX-WT","New America Acquisition I Corp.","NYSE",NA,"lab.Unmapped","2026-10-02T17:06:46Z","sec-exchange",FALSE
"CCXIU","Churchill Capital Corp XI","NASDAQ",NA,"lab.Unmapped","2026-10-02T17:06:46Z","sec-exchange",FALSE
"CCXIW","Churchill Capital Corp XI","NASDAQ",NA,"lab.Unmapped","2026-10-02T17:06:46Z","sec-exchange",FALSE
"IGACR","Invest Green Acquisition Corp","NASDAQ",NA,"lab.Unmapped","2026-10-02T17:06:46Z","sec-exchange",FALSE
"IGACU","Invest Green Acquisition Corp","NASDAQ",NA,"lab.Unmapped","2026-10-02T17:06:46Z","sec-exchange",FALSE
"BLZRU","Trailblazer Acquisition Corp.","NASDAQ",NA,"lab.Unmapped","2026-10-02T17:06:46Z","sec-exchange",FALSE
"BLZRW","Trailblazer Acquisition Corp.","NASDAQ",NA,"lab.Unmapped","2026-10-02T17:06:46Z","sec-exchange",FALSE
"YCY-UN","AA Mission Acquisition Corp. II","NYSE",NA,"lab.Unmapped","2026-10-02T17:06:46Z","sec-exchange",FALSE
"YCY-WT","AA Mission Acquisition Corp. II","NYSE",NA,"lab.Unmapped","2026-10-02T17:06:46Z","sec-exchange",FALSE
"EMISR","Emmis Acquisition Corp.","NASDAQ",NA,"lab.Unmapped","2026-10-02T17:06:46Z","sec-exchange",FALSE
"BRRWW","Silvia, Inc.","NASDAQ",NA,"lab.Unmapped","2026-10-02T17:06:46Z","sec-exchange",FALSE
"SVIAW","Silvia, Inc.","NASDAQ",NA,"lab.Unmapped","2026-10-02T17:06:46Z","sec-exchange",FALSE
"WSTNR","Westin Acquisition Corp","NASDAQ",NA,"lab.Unmapped","2026-10-02T17:06:46Z","sec-exchange",FALSE
"WSTNU","Westin Acquisition Corp","NASDAQ",NA,"lab.Unmapped","2026-10-02T17:06:46Z","sec-exchange",FALSE
"LATAU","Galata Acquisition Corp. II","NASDAQ",NA,"lab.Unmapped","2026-10-02T17:06:46Z","sec-exchange",FALSE
"LATAW","Galata Acquisition Corp. II","NASDAQ",NA,"lab.Unmapped","2026-10-02T17:06:46Z","sec-exchange",FALSE
"TDWDR","Tailwind 2.0 Acquisition Corp.","NASDAQ",NA,"lab.Unmapped","2026-10-02T17:06:46Z","sec-exchange",FALSE
"TDWDU","Tailwind 2.0 Acquisition Corp.","NASDAQ",NA,"lab.Unmapped","2026-10-02T17:06:46Z","sec-exchange",FALSE
"SCIIR","SC II Acquisition Corp.","NASDAQ",NA,"lab.Unmapped","2026-10-02T17:06:46Z","sec-exchange",FALSE
"SCIIU","SC II Acquisition Corp.","NASDAQ",NA,"lab.Unmapped","2026-10-02T17:06:46Z","sec-exchange",FALSE
"OTGAU","OTG Acquisition Corp. I","NASDAQ",NA,"lab.Unmapped","2026-10-02T17:06:46Z","sec-exchange",FALSE
"OTGAW","OTG Acquisition Corp. I","NASDAQ",NA,"lab.Unmapped","2026-10-02T17:06:46Z","sec-exchange",FALSE
"MMTXU","Miluna Acquisition Corp","NASDAQ",NA,"lab.Unmapped","2026-10-02T17:06:46Z","sec-exchange",FALSE
"MMTXW","Miluna Acquisition Corp","NASDAQ",NA,"lab.Unmapped","2026-10-02T17:06:46Z","sec-exchange",FALSE
"IRAB-UN","Iris Acquisition Corp II","NYSE",NA,"lab.Unmapped","2026-10-02T17:06:46Z","sec-exchange",FALSE
"IRAB-WT","Iris Acquisition Corp II","NYSE",NA,"lab.Unmapped","2026-10-02T17:06:46Z","sec-exchange",FALSE
"EVOXU","Evolution Global Acquisition Corp","NASDAQ",NA,"lab.Unmapped","2026-10-02T17:06:46Z","sec-exchange",FALSE
"EVOXW","Evolution Global Acquisition Corp","NASDAQ",NA,"lab.Unmapped","2026-10-02T17:06:46Z","sec-exchange",FALSE
"LLYVK","Liberty Live Holdings, Inc.","NASDAQ",NA,"lab.Unmapped","2026-10-02T17:06:46Z","sec-exchange",FALSE
"RNGTU","Range Capital Acquisition Corp II","NASDAQ",NA,"lab.Unmapped","2026-10-02T17:06:46Z","sec-exchange",FALSE
"RNGTW","Range Capital Acquisition Corp II","NASDAQ",NA,"lab.Unmapped","2026-10-02T17:06:46Z","sec-exchange",FALSE
"HCACR","Hall Chadwick Acquisition Corp","NASDAQ",NA,"lab.Unmapped","2026-10-02T17:06:46Z","sec-exchange",FALSE
"LAFAR","LaFayette Acquisition Corp.","NASDAQ",NA,"lab.Unmapped","2026-10-02T17:06:46Z","sec-exchange",FALSE
"LAFAU","LaFayette Acquisition Corp.","NASDAQ",NA,"lab.Unmapped","2026-10-02T17:06:46Z","sec-exchange",FALSE
"VRXAW","Veraxa Biotech AG - Post de-SPAC","NASDAQ",NA,"lab.Unmapped","2026-10-02T17:06:46Z","sec-exchange",TRUE
"APXTU","Apex Treasury Corp","NASDAQ",NA,"lab.Unmapped","2026-10-02T17:06:46Z","sec-exchange",FALSE
"APXTW","Apex Treasury Corp","NASDAQ",NA,"lab.Unmapped","2026-10-02T17:06:46Z","sec-exchange",FALSE
"DYORU","Insight Digital Partners II","NASDAQ",NA,"lab.Unmapped","2026-10-02T17:06:46Z","sec-exchange",FALSE
"DYORW","Insight Digital Partners II","NASDAQ",NA,"lab.Unmapped","2026-10-02T17:06:46Z","sec-exchange",FALSE
"BEBE-UN","TGE Value Creative Solutions Corp","NYSE",NA,"lab.Unmapped","2026-10-02T17:06:46Z","sec-exchange",FALSE
"BEBE-WT","TGE Value Creative Solutions Corp","NYSE",NA,"lab.Unmapped","2026-10-02T17:06:46Z","sec-exchange",FALSE
"GIWWR","GigCapital8 Corp.","NASDAQ",NA,"lab.Unmapped","2026-10-02T17:06:46Z","sec-exchange",FALSE
"GIWWU","GigCapital8 Corp.","NASDAQ",NA,"lab.Unmapped","2026-10-02T17:06:46Z","sec-exchange",FALSE
"VACI-UN","Viking Acquisition Corp I","NYSE",NA,"lab.Unmapped","2026-10-02T17:06:46Z","sec-exchange",FALSE
"VACI-WT","Viking Acquisition Corp I","NYSE",NA,"lab.Unmapped","2026-10-02T17:06:46Z","sec-exchange",FALSE
"MYXXR","Maywood Acquisition Corp. 2","NASDAQ",NA,"lab.Unmapped","2026-10-02T17:06:46Z","sec-exchange",FALSE
"MYXXU","Maywood Acquisition Corp. 2","NASDAQ",NA,"lab.Unmapped","2026-10-02T17:06:46Z","sec-exchange",FALSE
"MYXXW","Maywood Acquisition Corp. 2","NASDAQ",NA,"lab.Unmapped","2026-10-02T17:06:46Z","sec-exchange",FALSE
"USDEW","StableCoinX Inc.","NASDAQ",NA,"lab.Unmapped","2026-10-02T17:06:46Z","sec-exchange",FALSE
"THEOR","BOA Acquisition Corp. II","NASDAQ",NA,"lab.Unmapped","2026-10-02T17:06:46Z","sec-exchange",FALSE
"THEOU","BOA Acquisition Corp. II","NASDAQ",NA,"lab.Unmapped","2026-10-02T17:06:46Z","sec-exchange",FALSE
"ITHAU","ITHAX Acquisition Corp III","NASDAQ",NA,"lab.Unmapped","2026-10-02T17:06:46Z","sec-exchange",FALSE
"ITHAW","ITHAX Acquisition Corp III","NASDAQ",NA,"lab.Unmapped","2026-10-02T17:06:46Z","sec-exchange",FALSE
"DNMXU","Dynamix Corp III","NASDAQ",NA,"lab.Unmapped","2026-10-02T17:06:46Z","sec-exchange",FALSE
"DNMXW","Dynamix Corp III","NASDAQ",NA,"lab.Unmapped","2026-10-02T17:06:46Z","sec-exchange",FALSE
"SSACR","SPACSphere Acquisition Corp.","NASDAQ",NA,"lab.Unmapped","2026-10-02T17:06:46Z","sec-exchange",FALSE
"SSACU","SPACSphere Acquisition Corp.","NASDAQ",NA,"lab.Unmapped","2026-10-02T17:06:46Z","sec-exchange",FALSE
"SSACW","SPACSphere Acquisition Corp.","NASDAQ",NA,"lab.Unmapped","2026-10-02T17:06:46Z","sec-exchange",FALSE
"CRANR","Crane Harbor Acquisition Corp. II","NASDAQ",NA,"lab.Unmapped","2026-10-02T17:06:46Z","sec-exchange",FALSE
"CRANU","Crane Harbor Acquisition Corp. II","NASDAQ",NA,"lab.Unmapped","2026-10-02T17:06:46Z","sec-exchange",FALSE
"MESHU","Meshflow Acquisition Corp","NASDAQ",NA,"lab.Unmapped","2026-10-02T17:06:46Z","sec-exchange",FALSE
"MESHW","Meshflow Acquisition Corp","NASDAQ",NA,"lab.Unmapped","2026-10-02T17:06:46Z","sec-exchange",FALSE
"GUACU","Berto Acquisition Corp. II","NASDAQ",NA,"lab.Unmapped","2026-10-02T17:06:46Z","sec-exchange",FALSE
"GUACW","Berto Acquisition Corp. II","NASDAQ",NA,"lab.Unmapped","2026-10-02T17:06:46Z","sec-exchange",FALSE
"BLRKU","Bluerock Acquisition Corp.","NASDAQ",NA,"lab.Unmapped","2026-10-02T17:06:46Z","sec-exchange",FALSE
"BLRKW","Bluerock Acquisition Corp.","NASDAQ",NA,"lab.Unmapped","2026-10-02T17:06:46Z","sec-exchange",FALSE
"WPAC-RI","White Pearl Acquisition Corp.","NYSE",NA,"lab.Unmapped","2026-10-02T17:06:46Z","sec-exchange",FALSE
"WPAC-UN","White Pearl Acquisition Corp.","NYSE",NA,"lab.Unmapped","2026-10-02T17:06:46Z","sec-exchange",FALSE
"VECA-RI","Vernal Capital Acquisition Corp.","NYSE",NA,"lab.Unmapped","2026-10-02T17:06:46Z","sec-exchange",FALSE
"VECA-UN","Vernal Capital Acquisition Corp.","NYSE",NA,"lab.Unmapped","2026-10-02T17:06:46Z","sec-exchange",FALSE
"SBXE-UN","SilverBox Corp V","NYSE",NA,"lab.Unmapped","2026-10-02T17:06:46Z","sec-exchange",FALSE
"SBXE-WT","SilverBox Corp V","NYSE",NA,"lab.Unmapped","2026-10-02T17:06:46Z","sec-exchange",FALSE
"KRAQU","KRAKacquisition Corp","NASDAQ",NA,"lab.Unmapped","2026-10-02T17:06:46Z","sec-exchange",FALSE
"KRAQW","KRAKacquisition Corp","NASDAQ",NA,"lab.Unmapped","2026-10-02T17:06:46Z","sec-exchange",FALSE
"DSACU","Daedalus Special Acquisition Corp.","NASDAQ",NA,"lab.Unmapped","2026-10-02T17:06:46Z","sec-exchange",FALSE
"DSACW","Daedalus Special Acquisition Corp.","NASDAQ",NA,"lab.Unmapped","2026-10-02T17:06:46Z","sec-exchange",FALSE
"AESPR","Aeon Acquisition I Corp.","NASDAQ",NA,"lab.Unmapped","2026-10-02T17:06:46Z","sec-exchange",FALSE
"AESPU","Aeon Acquisition I Corp.","NASDAQ",NA,"lab.Unmapped","2026-10-02T17:06:46Z","sec-exchange",FALSE
"AESPW","Aeon Acquisition I Corp.","NASDAQ",NA,"lab.Unmapped","2026-10-02T17:06:46Z","sec-exchange",FALSE
"BIXIU","Bitcoin Infrastructure Acquisition Corp Ltd","NASDAQ",NA,"lab.Unmapped","2026-10-02T17:06:46Z","sec-exchange",FALSE
"BIXIW","Bitcoin Infrastructure Acquisition Corp Ltd","NASDAQ",NA,"lab.Unmapped","2026-10-02T17:06:46Z","sec-exchange",FALSE
"SAC-UN","Safeguard Acquisition Corp.","NYSE",NA,"lab.Unmapped","2026-10-02T17:06:46Z","sec-exchange",FALSE
"SAC-WT","Safeguard Acquisition Corp.","NYSE",NA,"lab.Unmapped","2026-10-02T17:06:46Z","sec-exchange",FALSE
"BWIV-UN","Blue Water Acquisition Corp. IV","NYSE",NA,"lab.Unmapped","2026-10-02T17:06:46Z","sec-exchange",FALSE
"BWIV-WT","Blue Water Acquisition Corp. IV","NYSE",NA,"lab.Unmapped","2026-10-02T17:06:46Z","sec-exchange",FALSE
"PNFP-PA","Pinnacle Financial Partners, Inc.","NYSE",NA,"lab.Unmapped","2026-10-02T17:06:46Z","sec-exchange",FALSE
"PNFP-PB","Pinnacle Financial Partners, Inc.","NYSE",NA,"lab.Unmapped","2026-10-02T17:06:46Z","sec-exchange",FALSE
"PNFP-PC","Pinnacle Financial Partners, Inc.","NYSE",NA,"lab.Unmapped","2026-10-02T17:06:46Z","sec-exchange",FALSE
"ADACU","American Drive Acquisition Co","NASDAQ",NA,"lab.Unmapped","2026-10-02T17:06:46Z","sec-exchange",FALSE
"ADACW","American Drive Acquisition Co","NASDAQ",NA,"lab.Unmapped","2026-10-02T17:06:46Z","sec-exchange",FALSE
"FTW-WT","PRESIDIO PRODUCTION Co","NYSE",NA,"lab.Unmapped","2026-10-02T17:06:46Z","sec-exchange",FALSE
"SCPQU","Social Commerce Partners Corp","NASDAQ",NA,"lab.Unmapped","2026-10-02T17:06:46Z","sec-exchange",FALSE
"SCPQW","Social Commerce Partners Corp","NASDAQ",NA,"lab.Unmapped","2026-10-02T17:06:46Z","sec-exchange",FALSE
"QADRU","QDRO Acquisition Corp.","NASDAQ",NA,"lab.Unmapped","2026-10-02T17:06:46Z","sec-exchange",FALSE
"QADRW","QDRO Acquisition Corp.","NASDAQ",NA,"lab.Unmapped","2026-10-02T17:06:46Z","sec-exchange",FALSE
"SAGU-RI","Shreya Acquisition Group","NYSE",NA,"lab.Unmapped","2026-10-02T17:06:46Z","sec-exchange",FALSE
"SAGU-UN","Shreya Acquisition Group","NYSE",NA,"lab.Unmapped","2026-10-02T17:06:46Z","sec-exchange",FALSE
"SAGU-WT","Shreya Acquisition Group","NYSE",NA,"lab.Unmapped","2026-10-02T17:06:46Z","sec-exchange",FALSE
"XCBEU","X3 Acquisition Corp. Ltd.","NASDAQ",NA,"lab.Unmapped","2026-10-02T17:06:46Z","sec-exchange",FALSE
"XCBEW","X3 Acquisition Corp. Ltd.","NASDAQ",NA,"lab.Unmapped","2026-10-02T17:06:46Z","sec-exchange",FALSE
"AEAQU","Activate Energy Acquisition Corp.","NASDAQ",NA,"lab.Unmapped","2026-10-02T17:06:46Z","sec-exchange",FALSE
"AEAQW","Activate Energy Acquisition Corp.","NASDAQ",NA,"lab.Unmapped","2026-10-02T17:06:46Z","sec-exchange",FALSE
"LPCVU","Launchpad Cadenza Acquisition Corp I","NASDAQ",NA,"lab.Unmapped","2026-10-02T17:06:46Z","sec-exchange",FALSE
"LPCVW","Launchpad Cadenza Acquisition Corp I","NASDAQ",NA,"lab.Unmapped","2026-10-02T17:06:46Z","sec-exchange",FALSE
"ARCIU","Archimedes Tech SPAC Partners III Co.","NASDAQ",NA,"lab.Unmapped","2026-10-02T17:06:46Z","sec-exchange",FALSE
"ARCIW","Archimedes Tech SPAC Partners III Co.","NASDAQ",NA,"lab.Unmapped","2026-10-02T17:06:46Z","sec-exchange",FALSE
"WLIIU","Willow Lane Acquisition Corp. II","NASDAQ",NA,"lab.Unmapped","2026-10-02T17:06:46Z","sec-exchange",FALSE
"WLIIW","Willow Lane Acquisition Corp. II","NASDAQ",NA,"lab.Unmapped","2026-10-02T17:06:46Z","sec-exchange",FALSE
"ALOVU","Aldabra 4 Liquidity Opportunity Vehicle, Inc.","NASDAQ",NA,"lab.Unmapped","2026-10-02T17:06:46Z","sec-exchange",FALSE
"ALOVW","Aldabra 4 Liquidity Opportunity Vehicle, Inc.","NASDAQ",NA,"lab.Unmapped","2026-10-02T17:06:46Z","sec-exchange",FALSE
"IEAGR","Infinite Eagle Acquisition Corp.","NASDAQ",NA,"lab.Unmapped","2026-10-02T17:06:46Z","sec-exchange",FALSE
"IEAGU","Infinite Eagle Acquisition Corp.","NASDAQ",NA,"lab.Unmapped","2026-10-02T17:06:46Z","sec-exchange",FALSE
"LFACU","Leapfrog Acquisition Corp","NASDAQ",NA,"lab.Unmapped","2026-10-02T17:06:46Z","sec-exchange",FALSE
"LFACW","Leapfrog Acquisition Corp","NASDAQ",NA,"lab.Unmapped","2026-10-02T17:06:46Z","sec-exchange",FALSE
"QRED-RI","QuasarEdge Acquisition Corp","NYSE",NA,"lab.Unmapped","2026-10-02T17:06:46Z","sec-exchange",FALSE
"QRED-UN","QuasarEdge Acquisition Corp","NYSE",NA,"lab.Unmapped","2026-10-02T17:06:46Z","sec-exchange",FALSE
"GPACU","General Purpose Acquisition Corp.","NASDAQ",NA,"lab.Unmapped","2026-10-02T17:06:46Z","sec-exchange",FALSE
"GPACW","General Purpose Acquisition Corp.","NASDAQ",NA,"lab.Unmapped","2026-10-02T17:06:46Z","sec-exchange",FALSE
"TRAD-RI","APEX Tech Acquisition Inc.","NYSE",NA,"lab.Unmapped","2026-10-02T17:06:46Z","sec-exchange",FALSE
"TRAD-UN","APEX Tech Acquisition Inc.","NYSE",NA,"lab.Unmapped","2026-10-02T17:06:46Z","sec-exchange",FALSE
"SVAQU","Silicon Valley Acquisition Corp.","NASDAQ",NA,"lab.Unmapped","2026-10-02T17:06:46Z","sec-exchange",FALSE
"SVAQW","Silicon Valley Acquisition Corp.","NASDAQ",NA,"lab.Unmapped","2026-10-02T17:06:46Z","sec-exchange",FALSE
"ETSS-UN","Energy Transition Special Opportunities","NYSE",NA,"lab.Unmapped","2026-10-02T17:06:46Z","sec-exchange",FALSE
"ETSS-WT","Energy Transition Special Opportunities","NYSE",NA,"lab.Unmapped","2026-10-02T17:06:46Z","sec-exchange",FALSE
"SORNU","Soren Acquisition Corp.","NASDAQ",NA,"lab.Unmapped","2026-10-02T17:06:46Z","sec-exchange",FALSE
"SORNW","Soren Acquisition Corp.","NASDAQ",NA,"lab.Unmapped","2026-10-02T17:06:46Z","sec-exchange",FALSE
"VHCPU","Vine Hill Capital Investment Corp. II","NASDAQ",NA,"lab.Unmapped","2026-10-02T17:06:46Z","sec-exchange",FALSE
"VHCPW","Vine Hill Capital Investment Corp. II","NASDAQ",NA,"lab.Unmapped","2026-10-02T17:06:46Z","sec-exchange",FALSE
"GHXIU","Gores Holdings XI, Inc.","NASDAQ",NA,"lab.Unmapped","2026-10-02T17:06:46Z","sec-exchange",FALSE
"GHXIW","Gores Holdings XI, Inc.","NASDAQ",NA,"lab.Unmapped","2026-10-02T17:06:46Z","sec-exchange",FALSE
"KTWOR","K2 Capital Acquisition Corp","NASDAQ",NA,"lab.Unmapped","2026-10-02T17:06:46Z","sec-exchange",FALSE
"KTWOU","K2 Capital Acquisition Corp","NASDAQ",NA,"lab.Unmapped","2026-10-02T17:06:46Z","sec-exchange",FALSE
"ARTCU","Art Technology Acquisition Corp.","NASDAQ",NA,"lab.Unmapped","2026-10-02T17:06:46Z","sec-exchange",FALSE
"ARTCW","Art Technology Acquisition Corp.","NASDAQ",NA,"lab.Unmapped","2026-10-02T17:06:46Z","sec-exchange",FALSE
"AFNXU","AfterNext Acquisition I Corp.","NASDAQ",NA,"lab.Unmapped","2026-10-02T17:06:46Z","sec-exchange",FALSE
"BIII-UN","Black Spade Acquisition III Co","NYSE",NA,"lab.Unmapped","2026-10-02T17:06:46Z","sec-exchange",FALSE
"BIII-WT","Black Spade Acquisition III Co","NYSE",NA,"lab.Unmapped","2026-10-02T17:06:46Z","sec-exchange",FALSE
"MEVOU","M Evo Global Acquisition Corp II","NASDAQ",NA,"lab.Unmapped","2026-10-02T17:06:46Z","sec-exchange",FALSE
"MEVOW","M Evo Global Acquisition Corp II","NASDAQ",NA,"lab.Unmapped","2026-10-02T17:06:46Z","sec-exchange",FALSE
"PAACU","Proem Acquisition Corp. I","NASDAQ",NA,"lab.Unmapped","2026-10-02T17:06:46Z","sec-exchange",FALSE
"PAACW","Proem Acquisition Corp. I","NASDAQ",NA,"lab.Unmapped","2026-10-02T17:06:46Z","sec-exchange",FALSE
"ZKPU","Lafayette Digital Acquisition Corp. I","NASDAQ",NA,"lab.Unmapped","2026-10-02T17:06:46Z","sec-exchange",FALSE
"ZKPW","Lafayette Digital Acquisition Corp. I","NASDAQ",NA,"lab.Unmapped","2026-10-02T17:06:46Z","sec-exchange",FALSE
"LEGO-UN","Legato Merger Corp. IV","NYSE",NA,"lab.Unmapped","2026-10-02T17:06:46Z","sec-exchange",FALSE
"LEGO-WT","Legato Merger Corp. IV","NYSE",NA,"lab.Unmapped","2026-10-02T17:06:46Z","sec-exchange",FALSE
"CSHRW","CoinShares PLC","NASDAQ",NA,"lab.Unmapped","2026-10-02T17:06:46Z","sec-exchange",TRUE
"YSAG","Texas Precious Metals Trust","NASDAQ",NA,"lab.Unmapped","2026-10-02T17:06:46Z","sec-exchange",FALSE
"YSAU","Texas Precious Metals Trust","NASDAQ",NA,"lab.Unmapped","2026-10-02T17:06:46Z","sec-exchange",FALSE
"XFLH-RI","XFLH Capital Corp","NYSE",NA,"lab.Unmapped","2026-10-02T17:06:46Z","sec-exchange",FALSE
"XFLH-UN","XFLH Capital Corp","NYSE",NA,"lab.Unmapped","2026-10-02T17:06:46Z","sec-exchange",FALSE
"HQWWW","Horizon Quantum Holdings Ltd.","NASDAQ",NA,"lab.Unmapped","2026-10-02T17:06:46Z","sec-exchange",FALSE
"OIMAU","OneIM Acquisition Corp.","NASDAQ",NA,"lab.Unmapped","2026-10-02T17:06:46Z","sec-exchange",FALSE
"OIMAW","OneIM Acquisition Corp.","NASDAQ",NA,"lab.Unmapped","2026-10-02T17:06:46Z","sec-exchange",FALSE
"PECER","Peace Acquisition Corp.","NASDAQ",NA,"lab.Unmapped","2026-10-02T17:06:46Z","sec-exchange",FALSE
"PECEU","Peace Acquisition Corp.","NASDAQ",NA,"lab.Unmapped","2026-10-02T17:06:46Z","sec-exchange",FALSE
"PECEW","Peace Acquisition Corp.","NASDAQ",NA,"lab.Unmapped","2026-10-02T17:06:46Z","sec-exchange",FALSE
"KBONU","Karbon Capital Partners Corp.","NASDAQ",NA,"lab.Unmapped","2026-10-02T17:06:46Z","sec-exchange",FALSE
"KBONW","Karbon Capital Partners Corp.","NASDAQ",NA,"lab.Unmapped","2026-10-02T17:06:46Z","sec-exchange",FALSE
"IPXGU","Inflection Point Acquisition Corp. VII","NASDAQ",NA,"lab.Unmapped","2026-10-02T17:06:46Z","sec-exchange",FALSE
"IPXGW","Inflection Point Acquisition Corp. VII","NASDAQ",NA,"lab.Unmapped","2026-10-02T17:06:46Z","sec-exchange",FALSE
"XSLLU","Xsolla SPAC 1","NASDAQ",NA,"lab.Unmapped","2026-10-02T17:06:46Z","sec-exchange",FALSE
"XSLLW","Xsolla SPAC 1","NASDAQ",NA,"lab.Unmapped","2026-10-02T17:06:46Z","sec-exchange",FALSE
"NUCLW","Eagle Nuclear Energy Corp.","NASDAQ",NA,"lab.Unmapped","2026-10-02T17:06:46Z","sec-exchange",FALSE
"HACQU","HCM IV Acquisition Corp.","NASDAQ",NA,"lab.Unmapped","2026-10-02T17:06:46Z","sec-exchange",FALSE
"HACQW","HCM IV Acquisition Corp.","NASDAQ",NA,"lab.Unmapped","2026-10-02T17:06:46Z","sec-exchange",FALSE
"IDACU","Iron Dome Acquisition I Corp.","NASDAQ",NA,"lab.Unmapped","2026-10-02T17:06:46Z","sec-exchange",FALSE
"IDACW","Iron Dome Acquisition I Corp.","NASDAQ",NA,"lab.Unmapped","2026-10-02T17:06:46Z","sec-exchange",FALSE
"FGIIU","FG Imperii Acquisition Corp.","NASDAQ",NA,"lab.Unmapped","2026-10-02T17:06:46Z","sec-exchange",FALSE
"FGIIW","FG Imperii Acquisition Corp.","NASDAQ",NA,"lab.Unmapped","2026-10-02T17:06:46Z","sec-exchange",FALSE
"OHACR","Oceanhawk Acquisition Corp.","NASDAQ",NA,"lab.Unmapped","2026-10-02T17:06:46Z","sec-exchange",FALSE
"OHACU","Oceanhawk Acquisition Corp.","NASDAQ",NA,"lab.Unmapped","2026-10-02T17:06:46Z","sec-exchange",FALSE
"CLBR-UN","Colombier Acquisition Corp. III","NYSE",NA,"lab.Unmapped","2026-10-02T17:06:46Z","sec-exchange",FALSE
"CLBR-WT","Colombier Acquisition Corp. III","NYSE",NA,"lab.Unmapped","2026-10-02T17:06:46Z","sec-exchange",FALSE
"IACOU","Idea Acquisition Corp.","NASDAQ",NA,"lab.Unmapped","2026-10-02T17:06:46Z","sec-exchange",FALSE
"IACOW","Idea Acquisition Corp.","NASDAQ",NA,"lab.Unmapped","2026-10-02T17:06:46Z","sec-exchange",FALSE
"SAAQU","Space Asset Acquisition Corp.","NASDAQ",NA,"lab.Unmapped","2026-10-02T17:06:46Z","sec-exchange",FALSE
"SAAQW","Space Asset Acquisition Corp.","NASDAQ",NA,"lab.Unmapped","2026-10-02T17:06:46Z","sec-exchange",FALSE
"GLED-RI","GalaxyEdge Acquisition Corp","NYSE",NA,"lab.Unmapped","2026-10-02T17:06:46Z","sec-exchange",FALSE
"GLED-UN","GalaxyEdge Acquisition Corp","NYSE",NA,"lab.Unmapped","2026-10-02T17:06:46Z","sec-exchange",FALSE
"RFAMR","RF Acquisition Corp III","NASDAQ",NA,"lab.Unmapped","2026-10-02T17:06:46Z","sec-exchange",FALSE
"RFAMU","RF Acquisition Corp III","NASDAQ",NA,"lab.Unmapped","2026-10-02T17:06:46Z","sec-exchange",FALSE
"AACIU","Armada Acquisition Corp. III","NASDAQ",NA,"lab.Unmapped","2026-10-02T17:06:46Z","sec-exchange",FALSE
"AACIW","Armada Acquisition Corp. III","NASDAQ",NA,"lab.Unmapped","2026-10-02T17:06:46Z","sec-exchange",FALSE
"MUZEU","Muzero Acquisition Corp","NASDAQ",NA,"lab.Unmapped","2026-10-02T17:06:46Z","sec-exchange",FALSE
"MUZEW","Muzero Acquisition Corp","NASDAQ",NA,"lab.Unmapped","2026-10-02T17:06:46Z","sec-exchange",FALSE
"GLNDW","Greenland Energy Co","NASDAQ",NA,"lab.Unmapped","2026-10-02T17:06:46Z","sec-exchange",FALSE
"APURR","Aperture AC","NASDAQ",NA,"lab.Unmapped","2026-10-02T17:06:46Z","sec-exchange",FALSE
"PTORU","Praetorian Acquisition Corp.","NASDAQ",NA,"lab.Unmapped","2026-10-02T17:06:46Z","sec-exchange",FALSE
"PTORW","Praetorian Acquisition Corp.","NASDAQ",NA,"lab.Unmapped","2026-10-02T17:06:46Z","sec-exchange",FALSE
"CTAAR","Clearthink 1 Acquisition Corp.","NASDAQ",NA,"lab.Unmapped","2026-10-02T17:06:46Z","sec-exchange",FALSE
"CTAAU","Clearthink 1 Acquisition Corp.","NASDAQ",NA,"lab.Unmapped","2026-10-02T17:06:46Z","sec-exchange",FALSE
"OTAI-RI","Starlink AI Acquisition Corp","NYSE",NA,"lab.Unmapped","2026-10-02T17:06:46Z","sec-exchange",FALSE
"OTAI-UN","Starlink AI Acquisition Corp","NYSE",NA,"lab.Unmapped","2026-10-02T17:06:46Z","sec-exchange",FALSE
"MLAAU","Mountain Lake Acquisition Corp. II","NASDAQ",NA,"lab.Unmapped","2026-10-02T17:06:46Z","sec-exchange",FALSE
"MLAAW","Mountain Lake Acquisition Corp. II","NASDAQ",NA,"lab.Unmapped","2026-10-02T17:06:46Z","sec-exchange",FALSE
"FJDIR","ARC Group Securities Acquisition I","NASDAQ",NA,"lab.Unmapped","2026-10-02T17:06:46Z","sec-exchange",FALSE
"FJDIU","ARC Group Securities Acquisition I","NASDAQ",NA,"lab.Unmapped","2026-10-02T17:06:46Z","sec-exchange",FALSE
"FJDIW","ARC Group Securities Acquisition I","NASDAQ",NA,"lab.Unmapped","2026-10-02T17:06:46Z","sec-exchange",FALSE
"BIDWR","Tribeca Strategic Acquisition Corp.","NASDAQ",NA,"lab.Unmapped","2026-10-02T17:06:46Z","sec-exchange",FALSE
"BIDWU","Tribeca Strategic Acquisition Corp.","NASDAQ",NA,"lab.Unmapped","2026-10-02T17:06:46Z","sec-exchange",FALSE
"ENRDW","Einride AB","NASDAQ",NA,"lab.Unmapped","2026-10-02T17:06:46Z","sec-exchange",FALSE
"DBCAU","D. Boral Acquisition I Corp.","NASDAQ",NA,"lab.Unmapped","2026-10-02T17:06:46Z","sec-exchange",FALSE
"DBCAW","D. Boral Acquisition I Corp.","NASDAQ",NA,"lab.Unmapped","2026-10-02T17:06:46Z","sec-exchange",FALSE
"KPET-UN","KPET Ultra Paceline Corp","NYSE",NA,"lab.Unmapped","2026-10-02T17:06:46Z","sec-exchange",FALSE
"KPET-WT","KPET Ultra Paceline Corp","NYSE",NA,"lab.Unmapped","2026-10-02T17:06:46Z","sec-exchange",FALSE
"BREZR","Breeze Acquisition Corp. II","NASDAQ",NA,"lab.Unmapped","2026-10-02T17:06:46Z","sec-exchange",FALSE
"TVIVU","Texas Ventures Acquisition IV Corp","NASDAQ",NA,"lab.Unmapped","2026-10-02T17:06:46Z","sec-exchange",FALSE
"TVIVW","Texas Ventures Acquisition IV Corp","NASDAQ",NA,"lab.Unmapped","2026-10-02T17:06:46Z","sec-exchange",FALSE
"ACAAU","Averin Capital Acquisition Corp.","NASDAQ",NA,"lab.Unmapped","2026-10-02T17:06:46Z","sec-exchange",FALSE
"ACAAW","Averin Capital Acquisition Corp.","NASDAQ",NA,"lab.Unmapped","2026-10-02T17:06:46Z","sec-exchange",FALSE
"BHAVR","BHAV Acquisition Corp","NASDAQ",NA,"lab.Unmapped","2026-10-02T17:06:46Z","sec-exchange",FALSE
"BHAVU","BHAV Acquisition Corp","NASDAQ",NA,"lab.Unmapped","2026-10-02T17:06:46Z","sec-exchange",FALSE
"TMTSU","Spartacus Acquisition Corp. II","NASDAQ",NA,"lab.Unmapped","2026-10-02T17:06:46Z","sec-exchange",FALSE
"TMTSW","Spartacus Acquisition Corp. II","NASDAQ",NA,"lab.Unmapped","2026-10-02T17:06:46Z","sec-exchange",FALSE
"MZYX-UN","MOZAYYX Acquisition Corp.","NYSE",NA,"lab.Unmapped","2026-10-02T17:06:46Z","sec-exchange",FALSE
"MZYX-WT","MOZAYYX Acquisition Corp.","NYSE",NA,"lab.Unmapped","2026-10-02T17:06:46Z","sec-exchange",FALSE
"FTHAU","Forefront Tech Holdings Acquisition Corp","NASDAQ",NA,"lab.Unmapped","2026-10-02T17:06:46Z","sec-exchange",FALSE
"FTHAW","Forefront Tech Holdings Acquisition Corp","NASDAQ",NA,"lab.Unmapped","2026-10-02T17:06:46Z","sec-exchange",FALSE
"SVIVU","Spring Valley Acquisition Corp. IV","NASDAQ",NA,"lab.Unmapped","2026-10-02T17:06:46Z","sec-exchange",FALSE
"SVIVW","Spring Valley Acquisition Corp. IV","NASDAQ",NA,"lab.Unmapped","2026-10-02T17:06:46Z","sec-exchange",FALSE
"BRRKU","Bluerock Acquisition Corp. II","NASDAQ",NA,"lab.Unmapped","2026-10-02T17:06:46Z","sec-exchange",FALSE
"UAC-UN","United Acquisition Corp. I","NYSE",NA,"lab.Unmapped","2026-10-02T17:06:46Z","sec-exchange",FALSE
"UAC-WT","United Acquisition Corp. I","NYSE",NA,"lab.Unmapped","2026-10-02T17:06:46Z","sec-exchange",FALSE
"BRKHU","Burtech Acquisition Corp II","NASDAQ",NA,"lab.Unmapped","2026-10-02T17:06:46Z","sec-exchange",FALSE
"BRKHW","Burtech Acquisition Corp II","NASDAQ",NA,"lab.Unmapped","2026-10-02T17:06:46Z","sec-exchange",FALSE
"GIXXR","GigCapital9 Corp.","NASDAQ",NA,"lab.Unmapped","2026-10-02T17:06:46Z","sec-exchange",FALSE
"GIXXU","GigCapital9 Corp.","NASDAQ",NA,"lab.Unmapped","2026-10-02T17:06:46Z","sec-exchange",FALSE
"TRGSR","TRG Latin America Acquisitions Corp.","NASDAQ",NA,"lab.Unmapped","2026-10-02T17:06:46Z","sec-exchange",FALSE
"TRGSU","TRG Latin America Acquisitions Corp.","NASDAQ",NA,"lab.Unmapped","2026-10-02T17:06:46Z","sec-exchange",FALSE
"HCICR","Hennessy Capital Investment Corp. VIII","NASDAQ",NA,"lab.Unmapped","2026-10-02T17:06:46Z","sec-exchange",FALSE
"HCICU","Hennessy Capital Investment Corp. VIII","NASDAQ",NA,"lab.Unmapped","2026-10-02T17:06:46Z","sec-exchange",FALSE
"PTACU","Patriot Acquisition Corp./CI","NASDAQ",NA,"lab.Unmapped","2026-10-02T17:06:46Z","sec-exchange",FALSE
"PTACW","Patriot Acquisition Corp./CI","NASDAQ",NA,"lab.Unmapped","2026-10-02T17:06:46Z","sec-exchange",FALSE
"FMACR","Future Money Acquisition Corp","NASDAQ",NA,"lab.Unmapped","2026-10-02T17:06:46Z","sec-exchange",FALSE
"FMACU","Future Money Acquisition Corp","NASDAQ",NA,"lab.Unmapped","2026-10-02T17:06:46Z","sec-exchange",FALSE
"NHIVU","NewHold Investment Corp IV","NASDAQ",NA,"lab.Unmapped","2026-10-02T17:06:46Z","sec-exchange",FALSE
"NHIVW","NewHold Investment Corp IV","NASDAQ",NA,"lab.Unmapped","2026-10-02T17:06:46Z","sec-exchange",FALSE
"AACOU","Abony Acquisition Corp. I","NASDAQ",NA,"lab.Unmapped","2026-10-02T17:06:46Z","sec-exchange",FALSE
"AACOW","Abony Acquisition Corp. I","NASDAQ",NA,"lab.Unmapped","2026-10-02T17:06:46Z","sec-exchange",FALSE
"CAQUU","Cambridge Acquisition Corp.","NASDAQ",NA,"lab.Unmapped","2026-10-02T17:06:46Z","sec-exchange",FALSE
"CAQUW","Cambridge Acquisition Corp.","NASDAQ",NA,"lab.Unmapped","2026-10-02T17:06:46Z","sec-exchange",FALSE
"EWAVR","East West Ave Acquisition Corp.","NASDAQ",NA,"lab.Unmapped","2026-10-02T17:06:46Z","sec-exchange",FALSE
"EWAVU","East West Ave Acquisition Corp.","NASDAQ",NA,"lab.Unmapped","2026-10-02T17:06:46Z","sec-exchange",FALSE
"ILLUU","Illumination Acquisition Corp. I","NASDAQ",NA,"lab.Unmapped","2026-10-02T17:06:46Z","sec-exchange",FALSE
"ILLUW","Illumination Acquisition Corp. I","NASDAQ",NA,"lab.Unmapped","2026-10-02T17:06:46Z","sec-exchange",FALSE
"APMCR","AmperCap Acquisition Co","NASDAQ",NA,"lab.Unmapped","2026-10-02T17:06:46Z","sec-exchange",FALSE
"APMCU","AmperCap Acquisition Co","NASDAQ",NA,"lab.Unmapped","2026-10-02T17:06:46Z","sec-exchange",FALSE
"WLCOU","Wilco 63 Corp","NASDAQ",NA,"lab.Unmapped","2026-10-02T17:06:46Z","sec-exchange",FALSE
"WLCOW","Wilco 63 Corp","NASDAQ",NA,"lab.Unmapped","2026-10-02T17:06:46Z","sec-exchange",FALSE
"PALOU","PALOMA ACQUISITION CORP I","NASDAQ",NA,"lab.Unmapped","2026-10-02T17:06:46Z","sec-exchange",FALSE
"PALOW","PALOMA ACQUISITION CORP I","NASDAQ",NA,"lab.Unmapped","2026-10-02T17:06:46Z","sec-exchange",FALSE
"IPFXU","Inflection Point Acquisition Corp. VI","NASDAQ",NA,"lab.Unmapped","2026-10-02T17:06:46Z","sec-exchange",FALSE
"IPFXW","Inflection Point Acquisition Corp. VI","NASDAQ",NA,"lab.Unmapped","2026-10-02T17:06:46Z","sec-exchange",FALSE
"AACPR","Apogee Acquisition Corp","NASDAQ",NA,"lab.Unmapped","2026-10-02T17:06:46Z","sec-exchange",FALSE
"AACPU","Apogee Acquisition Corp","NASDAQ",NA,"lab.Unmapped","2026-10-02T17:06:46Z","sec-exchange",FALSE
"AACPW","Apogee Acquisition Corp","NASDAQ",NA,"lab.Unmapped","2026-10-02T17:06:46Z","sec-exchange",FALSE
"QLEP-WT","Quantum Leap Acquisition Corp","NYSE",NA,"lab.Unmapped","2026-10-02T17:06:46Z","sec-exchange",FALSE
"KCAC-WT","Kensington Capital Acquisition Corp. VI","NYSE",NA,"lab.Unmapped","2026-10-02T17:06:46Z","sec-exchange",FALSE
"KCA-UN","Kensington Capital Acquisition Corp. VI","NYSE",NA,"lab.Unmapped","2026-10-02T17:06:46Z","sec-exchange",FALSE
"KEYYU","Keystone Acquisition Corp.","NASDAQ",NA,"lab.Unmapped","2026-10-02T17:06:46Z","sec-exchange",FALSE
"KEYYW","Keystone Acquisition Corp.","NASDAQ",NA,"lab.Unmapped","2026-10-02T17:06:46Z","sec-exchange",FALSE
"LTGRU","Long Table Growth Corp.","NASDAQ",NA,"lab.Unmapped","2026-10-02T17:06:46Z","sec-exchange",FALSE
"LTGRW","Long Table Growth Corp.","NASDAQ",NA,"lab.Unmapped","2026-10-02T17:06:46Z","sec-exchange",FALSE
"WENC-RI","West Enclave Merger Corp.","NYSE",NA,"lab.Unmapped","2026-10-02T17:06:46Z","sec-exchange",FALSE
"WENC-UN","West Enclave Merger Corp.","NYSE",NA,"lab.Unmapped","2026-10-02T17:06:46Z","sec-exchange",FALSE
"CATLR","Catalyst Acquisition Corp.","NASDAQ",NA,"lab.Unmapped","2026-10-02T17:06:46Z","sec-exchange",FALSE
"CATLU","Catalyst Acquisition Corp.","NASDAQ",NA,"lab.Unmapped","2026-10-02T17:06:46Z","sec-exchange",FALSE
"SHOTR","RMG ML Sports Holdings","NASDAQ",NA,"lab.Unmapped","2026-10-02T17:06:46Z","sec-exchange",FALSE
"SHOTU","RMG ML Sports Holdings","NASDAQ",NA,"lab.Unmapped","2026-10-02T17:06:46Z","sec-exchange",FALSE
"IPVVU","InterPrivate Investment Partners V, Inc.","NASDAQ",NA,"lab.Unmapped","2026-10-02T17:06:46Z","sec-exchange",FALSE
"IPVVW","InterPrivate Investment Partners V, Inc.","NASDAQ",NA,"lab.Unmapped","2026-10-02T17:06:46Z","sec-exchange",FALSE
"SUMAR","SUMA Acquisition Corp","NASDAQ",NA,"lab.Unmapped","2026-10-02T17:06:46Z","sec-exchange",FALSE
"SUMAU","SUMA Acquisition Corp","NASDAQ",NA,"lab.Unmapped","2026-10-02T17:06:46Z","sec-exchange",FALSE
"MRCOU","Mercator Acquisition Corp.","NASDAQ",NA,"lab.Unmapped","2026-10-02T17:06:46Z","sec-exchange",FALSE
"MRCOW","Mercator Acquisition Corp.","NASDAQ",NA,"lab.Unmapped","2026-10-02T17:06:46Z","sec-exchange",FALSE
"MTAL-UN","Metals Acquisition Corp. II","NYSE",NA,"lab.Unmapped","2026-10-02T17:06:46Z","sec-exchange",FALSE
"MTAL-WT","Metals Acquisition Corp. II","NYSE",NA,"lab.Unmapped","2026-10-02T17:06:46Z","sec-exchange",FALSE
"PONOR","Pono Capital Four, Inc.","NASDAQ",NA,"lab.Unmapped","2026-10-02T17:06:46Z","sec-exchange",FALSE
"PONOU","Pono Capital Four, Inc.","NASDAQ",NA,"lab.Unmapped","2026-10-02T17:06:46Z","sec-exchange",FALSE
"GCGRU","General Catalyst Global Resilience Merger Corp.","NASDAQ",NA,"lab.Unmapped","2026-10-02T17:06:46Z","sec-exchange",FALSE
"GCGRW","General Catalyst Global Resilience Merger Corp.","NASDAQ",NA,"lab.Unmapped","2026-10-02T17:06:46Z","sec-exchange",FALSE
"LEDRU","Leader's Advantage Acquisition Corp.","NASDAQ",NA,"lab.Unmapped","2026-10-02T17:06:46Z","sec-exchange",FALSE
"XLABW","Exascale Labs Holdings Inc.","NASDAQ",NA,"lab.Unmapped","2026-10-02T17:06:46Z","sec-exchange",FALSE
"MCAHR","Mountain Crest Acquisition 6 Corp.","NASDAQ",NA,"lab.Unmapped","2026-10-02T17:06:46Z","sec-exchange",FALSE
"MCAHU","Mountain Crest Acquisition 6 Corp.","NASDAQ",NA,"lab.Unmapped","2026-10-02T17:06:46Z","sec-exchange",FALSE
"AMACU","AMR Resources Acquisition Corp.","NASDAQ",NA,"lab.Unmapped","2026-10-02T17:06:46Z","sec-exchange",FALSE
"AMACW","AMR Resources Acquisition Corp.","NASDAQ",NA,"lab.Unmapped","2026-10-02T17:06:46Z","sec-exchange",FALSE
"DGAC-RI","DISCIPLINED GROWTH ACQUISITION Corp","NYSE",NA,"lab.Unmapped","2026-10-02T17:06:46Z","sec-exchange",FALSE
"DGAC-UN","DISCIPLINED GROWTH ACQUISITION Corp","NYSE",NA,"lab.Unmapped","2026-10-02T17:06:46Z","sec-exchange",FALSE
"ACGCU","ACP Holdings Acquisition Corp.","NASDAQ",NA,"lab.Unmapped","2026-10-02T17:06:46Z","sec-exchange",FALSE
"ACGCW","ACP Holdings Acquisition Corp.","NASDAQ",NA,"lab.Unmapped","2026-10-02T17:06:46Z","sec-exchange",FALSE
"GSRVR","GSR V Acquisition Corp.","NASDAQ",NA,"lab.Unmapped","2026-10-02T17:06:46Z","sec-exchange",FALSE
"GSRVU","GSR V Acquisition Corp.","NASDAQ",NA,"lab.Unmapped","2026-10-02T17:06:46Z","sec-exchange",FALSE
"HYAC-UN","Haymaker Acquisition Corp V","NYSE",NA,"lab.Unmapped","2026-10-02T17:06:46Z","sec-exchange",FALSE
"IQMXW","IQM Quantum Computers Oyj","NASDAQ",NA,"lab.Unmapped","2026-10-02T17:06:46Z","sec-exchange",FALSE
"OSPRU","Osprey Acquisition Corp. III","NASDAQ",NA,"lab.Unmapped","2026-10-02T17:06:46Z","sec-exchange",FALSE
"OSPRW","Osprey Acquisition Corp. III","NASDAQ",NA,"lab.Unmapped","2026-10-02T17:06:46Z","sec-exchange",FALSE
"CXIIU","Churchill Capital Corp XII","NASDAQ",NA,"lab.Unmapped","2026-10-02T17:06:46Z","sec-exchange",FALSE
"CXIIW","Churchill Capital Corp XII","NASDAQ",NA,"lab.Unmapped","2026-10-02T17:06:46Z","sec-exchange",FALSE
"XIIIU","Churchill Capital Corp XIII","NASDAQ",NA,"lab.Unmapped","2026-10-02T17:06:46Z","sec-exchange",FALSE
"XIIIW","Churchill Capital Corp XIII","NASDAQ",NA,"lab.Unmapped","2026-10-02T17:06:46Z","sec-exchange",FALSE
"LOVIU","Live Oak Acquisition Corp. VI","NASDAQ",NA,"lab.Unmapped","2026-10-02T17:06:46Z","sec-exchange",FALSE
"CAIIU","Collective Acquisition Corp. II","NASDAQ",NA,"lab.Unmapped","2026-10-02T17:06:46Z","sec-exchange",FALSE
"CAIIW","Collective Acquisition Corp. II","NASDAQ",NA,"lab.Unmapped","2026-10-02T17:06:46Z","sec-exchange",FALSE
"FWACR","Futurewave Acquisition Corp","NASDAQ",NA,"lab.Unmapped","2026-10-02T17:06:46Z","sec-exchange",FALSE
"FWACU","Futurewave Acquisition Corp","NASDAQ",NA,"lab.Unmapped","2026-10-02T17:06:46Z","sec-exchange",FALSE
"FWACW","Futurewave Acquisition Corp","NASDAQ",NA,"lab.Unmapped","2026-10-02T17:06:46Z","sec-exchange",FALSE
"NCOOR","Southern Cross Acquisition I Corp.","NASDAQ",NA,"lab.Unmapped","2026-10-02T17:06:46Z","sec-exchange",FALSE
"NCOOU","Southern Cross Acquisition I Corp.","NASDAQ",NA,"lab.Unmapped","2026-10-02T17:06:46Z","sec-exchange",FALSE
"NCOOW","Southern Cross Acquisition I Corp.","NASDAQ",NA,"lab.Unmapped","2026-10-02T17:06:46Z","sec-exchange",FALSE
"PSQLW","Pasqal Holding SA","NASDAQ",NA,"lab.Unmapped","2026-10-02T17:06:46Z","sec-exchange",TRUE
"FXACU","FortuneX Acquisition Corp","NASDAQ",NA,"lab.Unmapped","2026-10-02T17:06:46Z","sec-exchange",FALSE
"FXACW","FortuneX Acquisition Corp","NASDAQ",NA,"lab.Unmapped","2026-10-02T17:06:46Z","sec-exchange",FALSE
"PLCIR","Pelican Acquisition II Corp","NASDAQ",NA,"lab.Unmapped","2026-10-02T17:06:46Z","sec-exchange",FALSE
"PLCIU","Pelican Acquisition II Corp","NASDAQ",NA,"lab.Unmapped","2026-10-02T17:06:46Z","sec-exchange",FALSE
"IACQU","Irenic Acquisition Corp.","NASDAQ",NA,"lab.Unmapped","2026-10-02T17:06:46Z","sec-exchange",FALSE
"IACQW","Irenic Acquisition Corp.","NASDAQ",NA,"lab.Unmapped","2026-10-02T17:06:46Z","sec-exchange",FALSE
"CCCTU","Columbus Circle Capital Corp III","NASDAQ",NA,"lab.Unmapped","2026-10-02T17:06:46Z","sec-exchange",FALSE
"CCCTW","Columbus Circle Capital Corp III","NASDAQ",NA,"lab.Unmapped","2026-10-02T17:06:46Z","sec-exchange",FALSE
"ISNRU","Snow Rothschild Acquisition Corp.","NASDAQ",NA,"lab.Unmapped","2026-10-02T17:06:46Z","sec-exchange",FALSE
"ISNRW","Snow Rothschild Acquisition Corp.","NASDAQ",NA,"lab.Unmapped","2026-10-02T17:06:46Z","sec-exchange",FALSE
"PNAQ-RI","Pinnacle Acquisition Corp","NYSE",NA,"lab.Unmapped","2026-10-02T17:06:46Z","sec-exchange",FALSE
"PNAQ-UN","Pinnacle Acquisition Corp","NYSE",NA,"lab.Unmapped","2026-10-02T17:06:46Z","sec-exchange",FALSE
"RREVU","RRE Ventures Acquisition Corp.","NASDAQ",NA,"lab.Unmapped","2026-10-02T17:06:46Z","sec-exchange",FALSE
"RREVW","RRE Ventures Acquisition Corp.","NASDAQ",NA,"lab.Unmapped","2026-10-02T17:06:46Z","sec-exchange",FALSE
"ALPXR","Alpex Acquisition Corp","NASDAQ",NA,"lab.Unmapped","2026-10-02T17:06:46Z","sec-exchange",FALSE
"ALPXU","Alpex Acquisition Corp","NASDAQ",NA,"lab.Unmapped","2026-10-02T17:06:46Z","sec-exchange",FALSE
"ALPXW","Alpex Acquisition Corp","NASDAQ",NA,"lab.Unmapped","2026-10-02T17:06:46Z","sec-exchange",FALSE
"SAMO-UN","Samos Energy Acquisition Corp","NYSE",NA,"lab.Unmapped","2026-10-02T17:06:46Z","sec-exchange",FALSE
"SAMO-WT","Samos Energy Acquisition Corp","NYSE",NA,"lab.Unmapped","2026-10-02T17:06:46Z","sec-exchange",FALSE
"CGCFU","Cartesian Growth Corp IV","NASDAQ",NA,"lab.Unmapped","2026-10-02T17:06:46Z","sec-exchange",FALSE
"CGCFW","Cartesian Growth Corp IV","NASDAQ",NA,"lab.Unmapped","2026-10-02T17:06:46Z","sec-exchange",FALSE
"BCCQU","Bleichroeder Acquisition Corp. III","NASDAQ",NA,"lab.Unmapped","2026-10-02T17:06:46Z","sec-exchange",FALSE
"BCCQW","Bleichroeder Acquisition Corp. III","NASDAQ",NA,"lab.Unmapped","2026-10-02T17:06:46Z","sec-exchange",FALSE
"AAC-UN","Ares Acquisition Corp III","NYSE",NA,"lab.Unmapped","2026-10-02T17:06:46Z","sec-exchange",FALSE
"AAC-WT","Ares Acquisition Corp III","NYSE",NA,"lab.Unmapped","2026-10-02T17:06:46Z","sec-exchange",FALSE
"TLACU","Three Lions Acquisition Corp.","NASDAQ",NA,"lab.Unmapped","2026-10-02T17:06:46Z","sec-exchange",FALSE
"TLACW","Three Lions Acquisition Corp.","NASDAQ",NA,"lab.Unmapped","2026-10-02T17:06:46Z","sec-exchange",FALSE
"ATLQR","JAB Acquisition Corp I","NASDAQ",NA,"lab.Unmapped","2026-10-02T17:06:46Z","sec-exchange",FALSE
"ATLQU","JAB Acquisition Corp I","NASDAQ",NA,"lab.Unmapped","2026-10-02T17:06:46Z","sec-exchange",FALSE
"ATLQW","JAB Acquisition Corp I","NASDAQ",NA,"lab.Unmapped","2026-10-02T17:06:46Z","sec-exchange",FALSE
"JONER","Jones Ventures INTL Acquisition1 Corp","NASDAQ",NA,"lab.Unmapped","2026-10-02T17:06:46Z","sec-exchange",FALSE
"JONEU","Jones Ventures INTL Acquisition1 Corp","NASDAQ",NA,"lab.Unmapped","2026-10-02T17:06:46Z","sec-exchange",FALSE
"FDMMU","Freedom Metals Acquisition Corp.","NASDAQ",NA,"lab.Unmapped","2026-10-02T17:06:46Z","sec-exchange",FALSE
"FDMMW","Freedom Metals Acquisition Corp.","NASDAQ",NA,"lab.Unmapped","2026-10-02T17:06:46Z","sec-exchange",FALSE
"YICCU","Yorkville International Capital Corp.","NASDAQ",NA,"lab.Unmapped","2026-10-02T17:06:46Z","sec-exchange",FALSE
"YICCW","Yorkville International Capital Corp.","NASDAQ",NA,"lab.Unmapped","2026-10-02T17:06:46Z","sec-exchange",FALSE
"BRTMU","B&R Technology Merger Corp.","NASDAQ",NA,"lab.Unmapped","2026-10-02T17:06:46Z","sec-exchange",FALSE
"BRTMW","B&R Technology Merger Corp.","NASDAQ",NA,"lab.Unmapped","2026-10-02T17:06:46Z","sec-exchange",FALSE
"NWCLW","newcleo plc","NASDAQ",NA,"lab.Unmapped","2026-10-02T17:06:46Z","sec-exchange",TRUE
"FTRA-UN","FutureCorp Space Acquisition 1","NYSE",NA,"lab.Unmapped","2026-10-02T17:06:46Z","sec-exchange",FALSE
"FTRA-WT","FutureCorp Space Acquisition 1","NYSE",NA,"lab.Unmapped","2026-10-02T17:06:46Z","sec-exchange",FALSE
"MTAKU","Market Technology Acquisition Corp","NASDAQ",NA,"lab.Unmapped","2026-10-02T17:06:46Z","sec-exchange",FALSE
"MTAKW","Market Technology Acquisition Corp","NASDAQ",NA,"lab.Unmapped","2026-10-02T17:06:46Z","sec-exchange",FALSE
"SCATU","Southern Cross Acquisition II Corp.","NASDAQ",NA,"lab.Unmapped","2026-10-02T17:06:46Z","sec-exchange",FALSE
"NSAIR","NorthStrive Acquisition Corp I.","NASDAQ",NA,"lab.Unmapped","2026-10-02T17:06:46Z","sec-exchange",FALSE
"NSAIU","NorthStrive Acquisition Corp I.","NASDAQ",NA,"lab.Unmapped","2026-10-02T17:06:46Z","sec-exchange",FALSE
"NSAIW","NorthStrive Acquisition Corp I.","NASDAQ",NA,"lab.Unmapped","2026-10-02T17:06:46Z","sec-exchange",FALSE
"XTERU","Karman Line Acquisition Corp.","NASDAQ",NA,"lab.Unmapped","2026-10-02T17:06:46Z","sec-exchange",FALSE
"XTERW","Karman Line Acquisition Corp.","NASDAQ",NA,"lab.Unmapped","2026-10-02T17:06:46Z","sec-exchange",FALSE
"MIACU","Meridian3 Industrials Acquisition Corp","NASDAQ",NA,"lab.Unmapped","2026-10-02T17:06:46Z","sec-exchange",FALSE
"MIACW","Meridian3 Industrials Acquisition Corp","NASDAQ",NA,"lab.Unmapped","2026-10-02T17:06:46Z","sec-exchange",FALSE
"OCLTR","OceanLight Acquisition Corp","NASDAQ",NA,"lab.Unmapped","2026-10-02T17:06:46Z","sec-exchange",FALSE
"OCLTU","OceanLight Acquisition Corp","NASDAQ",NA,"lab.Unmapped","2026-10-02T17:06:46Z","sec-exchange",FALSE
"OCLTW","OceanLight Acquisition Corp","NASDAQ",NA,"lab.Unmapped","2026-10-02T17:06:46Z","sec-exchange",FALSE
"VII-UN","Viking Acquisition Corp. II","NYSE",NA,"lab.Unmapped","2026-10-02T17:06:46Z","sec-exchange",FALSE
"VII-WT","Viking Acquisition Corp. II","NYSE",NA,"lab.Unmapped","2026-10-02T17:06:46Z","sec-exchange",FALSE
"TBCVU","Thunder Bridge Capital Partners V, Ltd.","NASDAQ",NA,"lab.Unmapped","2026-10-02T17:06:46Z","sec-exchange",FALSE
"IPHXU","Inflection Point Acquisition Corp. VIII","NASDAQ",NA,"lab.Unmapped","2026-10-02T17:06:46Z","sec-exchange",FALSE
"RNAQU","Rainier Acquisition Corp","NASDAQ",NA,"lab.Unmapped","2026-10-02T17:06:46Z","sec-exchange",FALSE
"RNAQW","Rainier Acquisition Corp","NASDAQ",NA,"lab.Unmapped","2026-10-02T17:06:46Z","sec-exchange",FALSE
