"ticker","name","exchange","industry_raw","industry_key","fetched_at","source"
"1101.TW","臺灣水泥股份有限公司","TWSE","01","lab.Unmapped","2026-09-13T13:36:04Z","tw_boards|twse:twse_openapi|tpex:mopsfin_t187ap03_O_csv|esb:tpex_openapi_esb"
"1102.TW","亞洲水泥股份有限公司","TWSE","01","lab.Unmapped","2026-09-13T13:36:04Z","tw_boards|twse:twse_openapi|tpex:mopsfin_t187ap03_O_csv|esb:tpex_openapi_esb"
"1103.TW","嘉新水泥股份有限公司","TWSE","01","lab.Unmapped","2026-09-13T13:36:04Z","tw_boards|twse:twse_openapi|tpex:mopsfin_t187ap03_O_csv|esb:tpex_openapi_esb"
"1104.TW","環球水泥股份有限公司","TWSE","01","lab.Unmapped","2026-09-13T13:36:04Z","tw_boards|twse:twse_openapi|tpex:mopsfin_t187ap03_O_csv|esb:tpex_openapi_esb"
"1108.TW","幸福水泥股份有限公司","TWSE","01","lab.Unmapped","2026-09-13T13:36:04Z","tw_boards|twse:twse_openapi|tpex:mopsfin_t187ap03_O_csv|esb:tpex_openapi_esb"
"1109.TW","信大水泥股份有限公司","TWSE","01","lab.Unmapped","2026-09-13T13:36:04Z","tw_boards|twse:twse_openapi|tpex:mopsfin_t187ap03_O_csv|esb:tpex_openapi_esb"
"1110.TW","東南水泥股份有限公司","TWSE","01","lab.Unmapped","2026-09-13T13:36:04Z","tw_boards|twse:twse_openapi|tpex:mopsfin_t187ap03_O_csv|esb:tpex_openapi_esb"
"1201.TW","味全食品工業股份有限公司","TWSE","02","lab.Unmapped","2026-09-13T13:36:04Z","tw_boards|twse:twse_openapi|tpex:mopsfin_t187ap03_O_csv|esb:tpex_openapi_esb"
"1203.TW","味王股份有限公司","TWSE","02","lab.Unmapped","2026-09-13T13:36:04Z","tw_boards|twse:twse_openapi|tpex:mopsfin_t187ap03_O_csv|esb:tpex_openapi_esb"
"1210.TW","大成長城企業股份有限公司","TWSE","02","lab.Unmapped","2026-09-13T13:36:04Z","tw_boards|twse:twse_openapi|tpex:mopsfin_t187ap03_O_csv|esb:tpex_openapi_esb"
"1213.TW","大西洋飲料股份有限公司","TWSE","02","lab.Unmapped","2026-09-13T13:36:04Z","tw_boards|twse:twse_openapi|tpex:mopsfin_t187ap03_O_csv|esb:tpex_openapi_esb"
"1215.TW","台灣卜蜂企業股份有限公司","TWSE","02","lab.Unmapped","2026-09-13T13:36:04Z","tw_boards|twse:twse_openapi|tpex:mopsfin_t187ap03_O_csv|esb:tpex_openapi_esb"
"1216.TW","統一企業股份有限公司","TWSE","02","lab.Unmapped","2026-09-13T13:36:04Z","tw_boards|twse:twse_openapi|tpex:mopsfin_t187ap03_O_csv|esb:tpex_openapi_esb"
"1217.TW","愛之味股份有限公司","TWSE","02","lab.Unmapped","2026-09-13T13:36:04Z","tw_boards|twse:twse_openapi|tpex:mopsfin_t187ap03_O_csv|esb:tpex_openapi_esb"
"1218.TW","泰山企業股份有限公司","TWSE","02","lab.Unmapped","2026-09-13T13:36:04Z","tw_boards|twse:twse_openapi|tpex:mopsfin_t187ap03_O_csv|esb:tpex_openapi_esb"
"1219.TW","福壽實業股份有限公司","TWSE","02","lab.Unmapped","2026-09-13T13:36:04Z","tw_boards|twse:twse_openapi|tpex:mopsfin_t187ap03_O_csv|esb:tpex_openapi_esb"
"1220.TW","台榮產業股份有限公司","TWSE","02","lab.Unmapped","2026-09-13T13:36:04Z","tw_boards|twse:twse_openapi|tpex:mopsfin_t187ap03_O_csv|esb:tpex_openapi_esb"
"1225.TW","福懋油脂股份有限公司","TWSE","02","lab.Unmapped","2026-09-13T13:36:04Z","tw_boards|twse:twse_openapi|tpex:mopsfin_t187ap03_O_csv|esb:tpex_openapi_esb"
"1227.TW","佳格食品股份有限公司","TWSE","02","lab.Unmapped","2026-09-13T13:36:04Z","tw_boards|twse:twse_openapi|tpex:mopsfin_t187ap03_O_csv|esb:tpex_openapi_esb"
"1229.TW","聯華實業控股股份有限公司","TWSE","02","lab.Unmapped","2026-09-13T13:36:04Z","tw_boards|twse:twse_openapi|tpex:mopsfin_t187ap03_O_csv|esb:tpex_openapi_esb"
"1231.TW","聯華食品工業股份有限公司","TWSE","02","lab.Unmapped","2026-09-13T13:36:04Z","tw_boards|twse:twse_openapi|tpex:mopsfin_t187ap03_O_csv|esb:tpex_openapi_esb"
"1232.TW","大統益股份有限公司","TWSE","02","lab.Unmapped","2026-09-13T13:36:04Z","tw_boards|twse:twse_openapi|tpex:mopsfin_t187ap03_O_csv|esb:tpex_openapi_esb"
"1233.TW","天仁茶業股份有限公司","TWSE","02","lab.Unmapped","2026-09-13T13:36:04Z","tw_boards|twse:twse_openapi|tpex:mopsfin_t187ap03_O_csv|esb:tpex_openapi_esb"
"1234.TW","黑松股份有限公司","TWSE","02","lab.Unmapped","2026-09-13T13:36:04Z","tw_boards|twse:twse_openapi|tpex:mopsfin_t187ap03_O_csv|esb:tpex_openapi_esb"
"1235.TW","興泰實業股份有限公司","TWSE","02","lab.Unmapped","2026-09-13T13:36:04Z","tw_boards|twse:twse_openapi|tpex:mopsfin_t187ap03_O_csv|esb:tpex_openapi_esb"
"1236.TW","宏亞食品股份有限公司","TWSE","02","lab.Unmapped","2026-09-13T13:36:04Z","tw_boards|twse:twse_openapi|tpex:mopsfin_t187ap03_O_csv|esb:tpex_openapi_esb"
"1256.TW","鮮活控股股份有限公司","TWSE","02","lab.Unmapped","2026-09-13T13:36:04Z","tw_boards|twse:twse_openapi|tpex:mopsfin_t187ap03_O_csv|esb:tpex_openapi_esb"
"1301.TW","台灣塑膠工業股份有限公司","TWSE","03","lab.Unmapped","2026-09-13T13:36:04Z","tw_boards|twse:twse_openapi|tpex:mopsfin_t187ap03_O_csv|esb:tpex_openapi_esb"
"1303.TW","南亞塑膠工業股份有限公司","TWSE","03","lab.Unmapped","2026-09-13T13:36:04Z","tw_boards|twse:twse_openapi|tpex:mopsfin_t187ap03_O_csv|esb:tpex_openapi_esb"
"1304.TW","台灣聚合化學品股份有限公司","TWSE","03","lab.Unmapped","2026-09-13T13:36:04Z","tw_boards|twse:twse_openapi|tpex:mopsfin_t187ap03_O_csv|esb:tpex_openapi_esb"
"1305.TW","華夏海灣塑膠股份有限公司","TWSE","03","lab.Unmapped","2026-09-13T13:36:04Z","tw_boards|twse:twse_openapi|tpex:mopsfin_t187ap03_O_csv|esb:tpex_openapi_esb"
"1307.TW","三芳化學工業股份有限公司","TWSE","03","lab.Unmapped","2026-09-13T13:36:04Z","tw_boards|twse:twse_openapi|tpex:mopsfin_t187ap03_O_csv|esb:tpex_openapi_esb"
"1308.TW","亞洲聚合股份有限公司","TWSE","03","lab.Unmapped","2026-09-13T13:36:04Z","tw_boards|twse:twse_openapi|tpex:mopsfin_t187ap03_O_csv|esb:tpex_openapi_esb"
"1309.TW","台達化學工業股份有限公司","TWSE","03","lab.Unmapped","2026-09-13T13:36:04Z","tw_boards|twse:twse_openapi|tpex:mopsfin_t187ap03_O_csv|esb:tpex_openapi_esb"
"1310.TW","台灣苯乙烯工業股份有限公司","TWSE","03","lab.Unmapped","2026-09-13T13:36:04Z","tw_boards|twse:twse_openapi|tpex:mopsfin_t187ap03_O_csv|esb:tpex_openapi_esb"
"1312.TW","國喬石油化學股份有限公司","TWSE","03","lab.Unmapped","2026-09-13T13:36:04Z","tw_boards|twse:twse_openapi|tpex:mopsfin_t187ap03_O_csv|esb:tpex_openapi_esb"
"1313.TW","聯成化學科技股份有限公司","TWSE","03","lab.Unmapped","2026-09-13T13:36:04Z","tw_boards|twse:twse_openapi|tpex:mopsfin_t187ap03_O_csv|esb:tpex_openapi_esb"
"1314.TW","中國石油化學工業開發(股)公司","TWSE","03","lab.Unmapped","2026-09-13T13:36:04Z","tw_boards|twse:twse_openapi|tpex:mopsfin_t187ap03_O_csv|esb:tpex_openapi_esb"
"1315.TW","達新工業股份有限公司","TWSE","03","lab.Unmapped","2026-09-13T13:36:04Z","tw_boards|twse:twse_openapi|tpex:mopsfin_t187ap03_O_csv|esb:tpex_openapi_esb"
"1316.TW","上曜建設開發股份有限公司","TWSE","14","lab.Unmapped","2026-09-13T13:36:04Z","tw_boards|twse:twse_openapi|tpex:mopsfin_t187ap03_O_csv|esb:tpex_openapi_esb"
"1319.TW","東陽實業廠股份有限公司","TWSE","12","lab.Unmapped","2026-09-13T13:36:04Z","tw_boards|twse:twse_openapi|tpex:mopsfin_t187ap03_O_csv|esb:tpex_openapi_esb"
"1321.TW","大洋塑膠工業股份有限公司","TWSE","03","lab.Unmapped","2026-09-13T13:36:04Z","tw_boards|twse:twse_openapi|tpex:mopsfin_t187ap03_O_csv|esb:tpex_openapi_esb"
"1323.TW","永裕塑膠工業股份有限公司","TWSE","03","lab.Unmapped","2026-09-13T13:36:04Z","tw_boards|twse:twse_openapi|tpex:mopsfin_t187ap03_O_csv|esb:tpex_openapi_esb"
"1324.TW","地球綜合工業股份有限公司","TWSE","03","lab.Unmapped","2026-09-13T13:36:04Z","tw_boards|twse:twse_openapi|tpex:mopsfin_t187ap03_O_csv|esb:tpex_openapi_esb"
"1325.TW","恒大股份有限公司","TWSE","03","lab.Unmapped","2026-09-13T13:36:04Z","tw_boards|twse:twse_openapi|tpex:mopsfin_t187ap03_O_csv|esb:tpex_openapi_esb"
"1326.TW","台灣化學纖維股份有限公司","TWSE","03","lab.Unmapped","2026-09-13T13:36:04Z","tw_boards|twse:twse_openapi|tpex:mopsfin_t187ap03_O_csv|esb:tpex_openapi_esb"
"1337.TW","亞洲塑膠再生資源控股有限公司","TWSE","03","lab.Unmapped","2026-09-13T13:36:04Z","tw_boards|twse:twse_openapi|tpex:mopsfin_t187ap03_O_csv|esb:tpex_openapi_esb"
"1338.TW","廣華控股有限公司","TWSE","12","lab.Unmapped","2026-09-13T13:36:04Z","tw_boards|twse:twse_openapi|tpex:mopsfin_t187ap03_O_csv|esb:tpex_openapi_esb"
"1339.TW","昭輝實業股份有限公司","TWSE","12","lab.Unmapped","2026-09-13T13:36:04Z","tw_boards|twse:twse_openapi|tpex:mopsfin_t187ap03_O_csv|esb:tpex_openapi_esb"
"1340.TW","勝悅新材料有限公司","TWSE","03","lab.Unmapped","2026-09-13T13:36:04Z","tw_boards|twse:twse_openapi|tpex:mopsfin_t187ap03_O_csv|esb:tpex_openapi_esb"
"1341.TW","富林塑膠工業(開曼)控股(股)公司","TWSE","03","lab.Unmapped","2026-09-13T13:36:04Z","tw_boards|twse:twse_openapi|tpex:mopsfin_t187ap03_O_csv|esb:tpex_openapi_esb"
"1342.TW","八貫企業股份有限公司","TWSE","20","lab.Unmapped","2026-09-13T13:36:04Z","tw_boards|twse:twse_openapi|tpex:mopsfin_t187ap03_O_csv|esb:tpex_openapi_esb"
"1402.TW","遠東新世紀股份有限公司","TWSE","04","lab.Unmapped","2026-09-13T13:36:04Z","tw_boards|twse:twse_openapi|tpex:mopsfin_t187ap03_O_csv|esb:tpex_openapi_esb"
"1409.TW","新光合成纖維股份有限公司","TWSE","04","lab.Unmapped","2026-09-13T13:36:04Z","tw_boards|twse:twse_openapi|tpex:mopsfin_t187ap03_O_csv|esb:tpex_openapi_esb"
"1410.TW","南洋染整股份有限公司","TWSE","04","lab.Unmapped","2026-09-13T13:36:04Z","tw_boards|twse:twse_openapi|tpex:mopsfin_t187ap03_O_csv|esb:tpex_openapi_esb"
"1413.TW","宏洲纖維工業股份有限公司","TWSE","04","lab.Unmapped","2026-09-13T13:36:04Z","tw_boards|twse:twse_openapi|tpex:mopsfin_t187ap03_O_csv|esb:tpex_openapi_esb"
"1414.TW","東和紡織股份有限公司","TWSE","04","lab.Unmapped","2026-09-13T13:36:04Z","tw_boards|twse:twse_openapi|tpex:mopsfin_t187ap03_O_csv|esb:tpex_openapi_esb"
"1416.TW","廣豐實業股份有限公司","TWSE","20","lab.Unmapped","2026-09-13T13:36:04Z","tw_boards|twse:twse_openapi|tpex:mopsfin_t187ap03_O_csv|esb:tpex_openapi_esb"
"1417.TW","嘉裕股份有限公司","TWSE","04","lab.Unmapped","2026-09-13T13:36:04Z","tw_boards|twse:twse_openapi|tpex:mopsfin_t187ap03_O_csv|esb:tpex_openapi_esb"
"1418.TW","東華龍股份有限公司","TWSE","04","lab.Unmapped","2026-09-13T13:36:04Z","tw_boards|twse:twse_openapi|tpex:mopsfin_t187ap03_O_csv|esb:tpex_openapi_esb"
"1419.TW","新光紡織股份有限公司","TWSE","04","lab.Unmapped","2026-09-13T13:36:04Z","tw_boards|twse:twse_openapi|tpex:mopsfin_t187ap03_O_csv|esb:tpex_openapi_esb"
"1423.TW","利華羊毛工業股份有限公司","TWSE","04","lab.Unmapped","2026-09-13T13:36:04Z","tw_boards|twse:twse_openapi|tpex:mopsfin_t187ap03_O_csv|esb:tpex_openapi_esb"
"1432.TW","大魯閣實業股份有限公司","TWSE","37","lab.Unmapped","2026-09-13T13:36:04Z","tw_boards|twse:twse_openapi|tpex:mopsfin_t187ap03_O_csv|esb:tpex_openapi_esb"
"1434.TW","福懋興業股份有限公司","TWSE","04","lab.Unmapped","2026-09-13T13:36:04Z","tw_boards|twse:twse_openapi|tpex:mopsfin_t187ap03_O_csv|esb:tpex_openapi_esb"
"1435.TW","中福國際(股)公司","TWSE","20","lab.Unmapped","2026-09-13T13:36:04Z","tw_boards|twse:twse_openapi|tpex:mopsfin_t187ap03_O_csv|esb:tpex_openapi_esb"
"1436.TW","華友聯開發股份有限公司","TWSE","14","lab.Unmapped","2026-09-13T13:36:04Z","tw_boards|twse:twse_openapi|tpex:mopsfin_t187ap03_O_csv|esb:tpex_openapi_esb"
"1437.TW","勤益投資控股股份有限公司","TWSE","20","lab.Unmapped","2026-09-13T13:36:04Z","tw_boards|twse:twse_openapi|tpex:mopsfin_t187ap03_O_csv|esb:tpex_openapi_esb"
"1438.TW","三地開發地產股份有限公司","TWSE","14","lab.Unmapped","2026-09-13T13:36:04Z","tw_boards|twse:twse_openapi|tpex:mopsfin_t187ap03_O_csv|esb:tpex_openapi_esb"
"1439.TW","雋揚國際股份有限公司","TWSE","14","lab.Unmapped","2026-09-13T13:36:04Z","tw_boards|twse:twse_openapi|tpex:mopsfin_t187ap03_O_csv|esb:tpex_openapi_esb"
"1440.TW","臺南紡織股份有限公司","TWSE","04","lab.Unmapped","2026-09-13T13:36:04Z","tw_boards|twse:twse_openapi|tpex:mopsfin_t187ap03_O_csv|esb:tpex_openapi_esb"
"1441.TW","大東紡織股份有限公司","TWSE","04","lab.Unmapped","2026-09-13T13:36:04Z","tw_boards|twse:twse_openapi|tpex:mopsfin_t187ap03_O_csv|esb:tpex_openapi_esb"
"1442.TW","名軒開發股份有限公司","TWSE","14","lab.Unmapped","2026-09-13T13:36:04Z","tw_boards|twse:twse_openapi|tpex:mopsfin_t187ap03_O_csv|esb:tpex_openapi_esb"
"1443.TW","立益物流開發股份有限公司","TWSE","20","lab.Unmapped","2026-09-13T13:36:04Z","tw_boards|twse:twse_openapi|tpex:mopsfin_t187ap03_O_csv|esb:tpex_openapi_esb"
"1444.TW","力麗企業股份有限公司","TWSE","04","lab.Unmapped","2026-09-13T13:36:04Z","tw_boards|twse:twse_openapi|tpex:mopsfin_t187ap03_O_csv|esb:tpex_openapi_esb"
"1445.TW","大宇紡織股份有限公司","TWSE","04","lab.Unmapped","2026-09-13T13:36:04Z","tw_boards|twse:twse_openapi|tpex:mopsfin_t187ap03_O_csv|esb:tpex_openapi_esb"
"1446.TW","宏和精密紡織股份有限公司","TWSE","04","lab.Unmapped","2026-09-13T13:36:04Z","tw_boards|twse:twse_openapi|tpex:mopsfin_t187ap03_O_csv|esb:tpex_openapi_esb"
"1447.TW","力鵬企業股份有限公司","TWSE","04","lab.Unmapped","2026-09-13T13:36:04Z","tw_boards|twse:twse_openapi|tpex:mopsfin_t187ap03_O_csv|esb:tpex_openapi_esb"
"1449.TW","佳和實業股份有限公司","TWSE","04","lab.Unmapped","2026-09-13T13:36:04Z","tw_boards|twse:twse_openapi|tpex:mopsfin_t187ap03_O_csv|esb:tpex_openapi_esb"
"1451.TW","年興紡織股份有限公司","TWSE","04","lab.Unmapped","2026-09-13T13:36:04Z","tw_boards|twse:twse_openapi|tpex:mopsfin_t187ap03_O_csv|esb:tpex_openapi_esb"
"1452.TW","宏益纖維工業股份有限公司","TWSE","04","lab.Unmapped","2026-09-13T13:36:04Z","tw_boards|twse:twse_openapi|tpex:mopsfin_t187ap03_O_csv|esb:tpex_openapi_esb"
"1453.TW","大將開發股份有限公司","TWSE","14","lab.Unmapped","2026-09-13T13:36:04Z","tw_boards|twse:twse_openapi|tpex:mopsfin_t187ap03_O_csv|esb:tpex_openapi_esb"
"1454.TW","台灣富綢纖維股份有限公司","TWSE","04","lab.Unmapped","2026-09-13T13:36:04Z","tw_boards|twse:twse_openapi|tpex:mopsfin_t187ap03_O_csv|esb:tpex_openapi_esb"
"1455.TW","集盛實業股份有限公司","TWSE","04","lab.Unmapped","2026-09-13T13:36:04Z","tw_boards|twse:twse_openapi|tpex:mopsfin_t187ap03_O_csv|esb:tpex_openapi_esb"
"1456.TW","怡華實業股份有限公司","TWSE","14","lab.Unmapped","2026-09-13T13:36:04Z","tw_boards|twse:twse_openapi|tpex:mopsfin_t187ap03_O_csv|esb:tpex_openapi_esb"
"1457.TW","宜進實業股份有限公司","TWSE","04","lab.Unmapped","2026-09-13T13:36:04Z","tw_boards|twse:twse_openapi|tpex:mopsfin_t187ap03_O_csv|esb:tpex_openapi_esb"
"1459.TW","聯發紡織纖維股份有限公司","TWSE","04","lab.Unmapped","2026-09-13T13:36:04Z","tw_boards|twse:twse_openapi|tpex:mopsfin_t187ap03_O_csv|esb:tpex_openapi_esb"
"1460.TW","宏遠興業股份有限公司","TWSE","04","lab.Unmapped","2026-09-13T13:36:04Z","tw_boards|twse:twse_openapi|tpex:mopsfin_t187ap03_O_csv|esb:tpex_openapi_esb"
"1463.TW","強盛新投資控股股份有限公司","TWSE","04","lab.Unmapped","2026-09-13T13:36:04Z","tw_boards|twse:twse_openapi|tpex:mopsfin_t187ap03_O_csv|esb:tpex_openapi_esb"
"1464.TW","得力實業股份有限公司","TWSE","04","lab.Unmapped","2026-09-13T13:36:04Z","tw_boards|twse:twse_openapi|tpex:mopsfin_t187ap03_O_csv|esb:tpex_openapi_esb"
"1465.TW","偉全實業股份有限公司","TWSE","04","lab.Unmapped","2026-09-13T13:36:04Z","tw_boards|twse:twse_openapi|tpex:mopsfin_t187ap03_O_csv|esb:tpex_openapi_esb"
"1466.TW","聚隆纖維股份有限公司","TWSE","04","lab.Unmapped","2026-09-13T13:36:04Z","tw_boards|twse:twse_openapi|tpex:mopsfin_t187ap03_O_csv|esb:tpex_openapi_esb"
"1467.TW","南緯實業股份有限公司","TWSE","04","lab.Unmapped","2026-09-13T13:36:04Z","tw_boards|twse:twse_openapi|tpex:mopsfin_t187ap03_O_csv|esb:tpex_openapi_esb"
"1468.TW","昶和纖維興業股份有限公司","TWSE","04","lab.Unmapped","2026-09-13T13:36:04Z","tw_boards|twse:twse_openapi|tpex:mopsfin_t187ap03_O_csv|esb:tpex_openapi_esb"
"1470.TW","大統新創股份有限公司","TWSE","04","lab.Unmapped","2026-09-13T13:36:04Z","tw_boards|twse:twse_openapi|tpex:mopsfin_t187ap03_O_csv|esb:tpex_openapi_esb"
"1471.TW","首利實業股份有限公司","TWSE","28","lab.Unmapped","2026-09-13T13:36:04Z","tw_boards|twse:twse_openapi|tpex:mopsfin_t187ap03_O_csv|esb:tpex_openapi_esb"
"1472.TW","三洋實業股份有限公司","TWSE","14","lab.Unmapped","2026-09-13T13:36:04Z","tw_boards|twse:twse_openapi|tpex:mopsfin_t187ap03_O_csv|esb:tpex_openapi_esb"
"1473.TW","台南企業股份有限公司","TWSE","04","lab.Unmapped","2026-09-13T13:36:04Z","tw_boards|twse:twse_openapi|tpex:mopsfin_t187ap03_O_csv|esb:tpex_openapi_esb"
"1474.TW","弘裕企業股份有限公司","TWSE","04","lab.Unmapped","2026-09-13T13:36:04Z","tw_boards|twse:twse_openapi|tpex:mopsfin_t187ap03_O_csv|esb:tpex_openapi_esb"
"1475.TW","台灣業旺股份有限公司","TWSE","04","lab.Unmapped","2026-09-13T13:36:04Z","tw_boards|twse:twse_openapi|tpex:mopsfin_t187ap03_O_csv|esb:tpex_openapi_esb"
"1476.TW","儒鴻企業股份有限公司","TWSE","04","lab.Unmapped","2026-09-13T13:36:04Z","tw_boards|twse:twse_openapi|tpex:mopsfin_t187ap03_O_csv|esb:tpex_openapi_esb"
"1477.TW","聚陽實業股份有限公司","TWSE","04","lab.Unmapped","2026-09-13T13:36:04Z","tw_boards|twse:twse_openapi|tpex:mopsfin_t187ap03_O_csv|esb:tpex_openapi_esb"
"1503.TW","士林電機廠股份有限公司","TWSE","05","lab.Unmapped","2026-09-13T13:36:04Z","tw_boards|twse:twse_openapi|tpex:mopsfin_t187ap03_O_csv|esb:tpex_openapi_esb"
"1504.TW","東元電機股份有限公司","TWSE","05","lab.Unmapped","2026-09-13T13:36:04Z","tw_boards|twse:twse_openapi|tpex:mopsfin_t187ap03_O_csv|esb:tpex_openapi_esb"
"1506.TW","正道工業股份有限公司","TWSE","05","lab.Unmapped","2026-09-13T13:36:04Z","tw_boards|twse:twse_openapi|tpex:mopsfin_t187ap03_O_csv|esb:tpex_openapi_esb"
"1512.TW","瑞利企業股份有限公司","TWSE","12","lab.Unmapped","2026-09-13T13:36:04Z","tw_boards|twse:twse_openapi|tpex:mopsfin_t187ap03_O_csv|esb:tpex_openapi_esb"
"1513.TW","中興電工機械股份有限公司","TWSE","05","lab.Unmapped","2026-09-13T13:36:04Z","tw_boards|twse:twse_openapi|tpex:mopsfin_t187ap03_O_csv|esb:tpex_openapi_esb"
"1514.TW","亞力電機股份有限公司","TWSE","05","lab.Unmapped","2026-09-13T13:36:04Z","tw_boards|twse:twse_openapi|tpex:mopsfin_t187ap03_O_csv|esb:tpex_openapi_esb"
"1515.TW","力山工業股份有限公司","TWSE","05","lab.Unmapped","2026-09-13T13:36:04Z","tw_boards|twse:twse_openapi|tpex:mopsfin_t187ap03_O_csv|esb:tpex_openapi_esb"
"1516.TW","川飛能源股份有限公司","TWSE","20","lab.Unmapped","2026-09-13T13:36:04Z","tw_boards|twse:twse_openapi|tpex:mopsfin_t187ap03_O_csv|esb:tpex_openapi_esb"
"1517.TW","利奇機械工業股份有限公司","TWSE","05","lab.Unmapped","2026-09-13T13:36:04Z","tw_boards|twse:twse_openapi|tpex:mopsfin_t187ap03_O_csv|esb:tpex_openapi_esb"
"1519.TW","華城電機股份有限公司","TWSE","05","lab.Unmapped","2026-09-13T13:36:04Z","tw_boards|twse:twse_openapi|tpex:mopsfin_t187ap03_O_csv|esb:tpex_openapi_esb"
"1521.TW","大億交通工業製造股份有限公司","TWSE","12","lab.Unmapped","2026-09-13T13:36:04Z","tw_boards|twse:twse_openapi|tpex:mopsfin_t187ap03_O_csv|esb:tpex_openapi_esb"
"1522.TW","堤維西交通工業股份有限公司","TWSE","12","lab.Unmapped","2026-09-13T13:36:04Z","tw_boards|twse:twse_openapi|tpex:mopsfin_t187ap03_O_csv|esb:tpex_openapi_esb"
"1524.TW","耿鼎企業股份有限公司","TWSE","12","lab.Unmapped","2026-09-13T13:36:04Z","tw_boards|twse:twse_openapi|tpex:mopsfin_t187ap03_O_csv|esb:tpex_openapi_esb"
"1525.TW","江申工業股份有限公司","TWSE","12","lab.Unmapped","2026-09-13T13:36:04Z","tw_boards|twse:twse_openapi|tpex:mopsfin_t187ap03_O_csv|esb:tpex_openapi_esb"
"1526.TW","日馳企業股份有限公司","TWSE","05","lab.Unmapped","2026-09-13T13:36:04Z","tw_boards|twse:twse_openapi|tpex:mopsfin_t187ap03_O_csv|esb:tpex_openapi_esb"
"1527.TW","鑽全實業股份有限公司","TWSE","05","lab.Unmapped","2026-09-13T13:36:04Z","tw_boards|twse:twse_openapi|tpex:mopsfin_t187ap03_O_csv|esb:tpex_openapi_esb"
"1528.TW","恩德科技股份有限公司","TWSE","05","lab.Unmapped","2026-09-13T13:36:04Z","tw_boards|twse:twse_openapi|tpex:mopsfin_t187ap03_O_csv|esb:tpex_openapi_esb"
"1529.TW","樂事綠能科技股份有限公司","TWSE","05","lab.Unmapped","2026-09-13T13:36:04Z","tw_boards|twse:twse_openapi|tpex:mopsfin_t187ap03_O_csv|esb:tpex_openapi_esb"
"1530.TW","亞崴機電股份有限公司","TWSE","05","lab.Unmapped","2026-09-13T13:36:04Z","tw_boards|twse:twse_openapi|tpex:mopsfin_t187ap03_O_csv|esb:tpex_openapi_esb"
"1531.TW","高林股份有限公司","TWSE","05","lab.Unmapped","2026-09-13T13:36:04Z","tw_boards|twse:twse_openapi|tpex:mopsfin_t187ap03_O_csv|esb:tpex_openapi_esb"
"1532.TW","勤美股份有限公司","TWSE","05","lab.Unmapped","2026-09-13T13:36:04Z","tw_boards|twse:twse_openapi|tpex:mopsfin_t187ap03_O_csv|esb:tpex_openapi_esb"
"1533.TW","車王電子股份有限公司","TWSE","12","lab.Unmapped","2026-09-13T13:36:04Z","tw_boards|twse:twse_openapi|tpex:mopsfin_t187ap03_O_csv|esb:tpex_openapi_esb"
"1535.TW","中宇環保工程股份有限公司","TWSE","05","lab.Unmapped","2026-09-13T13:36:04Z","tw_boards|twse:twse_openapi|tpex:mopsfin_t187ap03_O_csv|esb:tpex_openapi_esb"
"1536.TW","和大工業股份有限公司","TWSE","12","lab.Unmapped","2026-09-13T13:36:04Z","tw_boards|twse:twse_openapi|tpex:mopsfin_t187ap03_O_csv|esb:tpex_openapi_esb"
"1537.TW","廣隆光電科技股份有限公司","TWSE","05","lab.Unmapped","2026-09-13T13:36:04Z","tw_boards|twse:twse_openapi|tpex:mopsfin_t187ap03_O_csv|esb:tpex_openapi_esb"
"1538.TW","正峰工業股份有限公司","TWSE","05","lab.Unmapped","2026-09-13T13:36:04Z","tw_boards|twse:twse_openapi|tpex:mopsfin_t187ap03_O_csv|esb:tpex_openapi_esb"
"1539.TW","巨庭機械股份有限公司","TWSE","05","lab.Unmapped","2026-09-13T13:36:04Z","tw_boards|twse:twse_openapi|tpex:mopsfin_t187ap03_O_csv|esb:tpex_openapi_esb"
"1540.TW","喬福機械工業股份有限公司","TWSE","05","lab.Unmapped","2026-09-13T13:36:04Z","tw_boards|twse:twse_openapi|tpex:mopsfin_t187ap03_O_csv|esb:tpex_openapi_esb"
"1541.TW","錩泰工業股份有限公司","TWSE","05","lab.Unmapped","2026-09-13T13:36:04Z","tw_boards|twse:twse_openapi|tpex:mopsfin_t187ap03_O_csv|esb:tpex_openapi_esb"
"1558.TW","伸興工業股份有限公司","TWSE","05","lab.Unmapped","2026-09-13T13:36:04Z","tw_boards|twse:twse_openapi|tpex:mopsfin_t187ap03_O_csv|esb:tpex_openapi_esb"
"1560.TW","中國砂輪企業股份有限公司","TWSE","05","lab.Unmapped","2026-09-13T13:36:04Z","tw_boards|twse:twse_openapi|tpex:mopsfin_t187ap03_O_csv|esb:tpex_openapi_esb"
"1563.TW","巧新科技工業股份有限公司","TWSE","12","lab.Unmapped","2026-09-13T13:36:04Z","tw_boards|twse:twse_openapi|tpex:mopsfin_t187ap03_O_csv|esb:tpex_openapi_esb"
"1568.TW","倉佑實業股份有限公司","TWSE","12","lab.Unmapped","2026-09-13T13:36:04Z","tw_boards|twse:twse_openapi|tpex:mopsfin_t187ap03_O_csv|esb:tpex_openapi_esb"
"1582.TW","信錦企業股份有限公司","TWSE","28","lab.Unmapped","2026-09-13T13:36:04Z","tw_boards|twse:twse_openapi|tpex:mopsfin_t187ap03_O_csv|esb:tpex_openapi_esb"
"1583.TW","程泰機械股份有限公司","TWSE","05","lab.Unmapped","2026-09-13T13:36:04Z","tw_boards|twse:twse_openapi|tpex:mopsfin_t187ap03_O_csv|esb:tpex_openapi_esb"
"1587.TW","吉茂精密股份有限公司","TWSE","12","lab.Unmapped","2026-09-13T13:36:04Z","tw_boards|twse:twse_openapi|tpex:mopsfin_t187ap03_O_csv|esb:tpex_openapi_esb"
"1589.TW","永冠能源科技集團有限公司","TWSE","05","lab.Unmapped","2026-09-13T13:36:04Z","tw_boards|twse:twse_openapi|tpex:mopsfin_t187ap03_O_csv|esb:tpex_openapi_esb"
"1590.TW","亞德客國際集團","TWSE","05","lab.Unmapped","2026-09-13T13:36:04Z","tw_boards|twse:twse_openapi|tpex:mopsfin_t187ap03_O_csv|esb:tpex_openapi_esb"
"1597.TW","直得科技股份有限公司","TWSE","05","lab.Unmapped","2026-09-13T13:36:04Z","tw_boards|twse:twse_openapi|tpex:mopsfin_t187ap03_O_csv|esb:tpex_openapi_esb"
"1598.TW","岱宇國際股份有限公司","TWSE","37","lab.Unmapped","2026-09-13T13:36:04Z","tw_boards|twse:twse_openapi|tpex:mopsfin_t187ap03_O_csv|esb:tpex_openapi_esb"
"1603.TW","中華電線電纜股份有限公司","TWSE","06","lab.Unmapped","2026-09-13T13:36:04Z","tw_boards|twse:twse_openapi|tpex:mopsfin_t187ap03_O_csv|esb:tpex_openapi_esb"
"1604.TW","聲寶股份有限公司","TWSE","06","lab.Unmapped","2026-09-13T13:36:04Z","tw_boards|twse:twse_openapi|tpex:mopsfin_t187ap03_O_csv|esb:tpex_openapi_esb"
"1605.TW","華新麗華股份有限公司","TWSE","06","lab.Unmapped","2026-09-13T13:36:04Z","tw_boards|twse:twse_openapi|tpex:mopsfin_t187ap03_O_csv|esb:tpex_openapi_esb"
"1608.TW","華榮電線電纜股份有限公司","TWSE","06","lab.Unmapped","2026-09-13T13:36:04Z","tw_boards|twse:twse_openapi|tpex:mopsfin_t187ap03_O_csv|esb:tpex_openapi_esb"
"1609.TW","大亞電線電纜股份有限公司","TWSE","06","lab.Unmapped","2026-09-13T13:36:04Z","tw_boards|twse:twse_openapi|tpex:mopsfin_t187ap03_O_csv|esb:tpex_openapi_esb"
"1611.TW","中國電器股份有限公司","TWSE","06","lab.Unmapped","2026-09-13T13:36:04Z","tw_boards|twse:twse_openapi|tpex:mopsfin_t187ap03_O_csv|esb:tpex_openapi_esb"
"1612.TW","宏泰電工股份有限公司","TWSE","06","lab.Unmapped","2026-09-13T13:36:04Z","tw_boards|twse:twse_openapi|tpex:mopsfin_t187ap03_O_csv|esb:tpex_openapi_esb"
"1614.TW","台灣三洋電機股份有限公司","TWSE","06","lab.Unmapped","2026-09-13T13:36:04Z","tw_boards|twse:twse_openapi|tpex:mopsfin_t187ap03_O_csv|esb:tpex_openapi_esb"
"1615.TW","大山電線電纜股份有限公司","TWSE","06","lab.Unmapped","2026-09-13T13:36:04Z","tw_boards|twse:twse_openapi|tpex:mopsfin_t187ap03_O_csv|esb:tpex_openapi_esb"
"1616.TW","億泰電線電纜股份有限公司","TWSE","06","lab.Unmapped","2026-09-13T13:36:04Z","tw_boards|twse:twse_openapi|tpex:mopsfin_t187ap03_O_csv|esb:tpex_openapi_esb"
"1617.TW","榮星電線工業股份有限公司","TWSE","06","lab.Unmapped","2026-09-13T13:36:04Z","tw_boards|twse:twse_openapi|tpex:mopsfin_t187ap03_O_csv|esb:tpex_openapi_esb"
"1618.TW","合機電線電纜股份有限公司","TWSE","06","lab.Unmapped","2026-09-13T13:36:04Z","tw_boards|twse:twse_openapi|tpex:mopsfin_t187ap03_O_csv|esb:tpex_openapi_esb"
"1623.TW","大東電業廠股份有限公司","TWSE","06","lab.Unmapped","2026-09-13T13:36:04Z","tw_boards|twse:twse_openapi|tpex:mopsfin_t187ap03_O_csv|esb:tpex_openapi_esb"
"1626.TW","艾美特(開曼)國際有限公司","TWSE","06","lab.Unmapped","2026-09-13T13:36:04Z","tw_boards|twse:twse_openapi|tpex:mopsfin_t187ap03_O_csv|esb:tpex_openapi_esb"
"1702.TW","南僑投資控股股份有限公司","TWSE","02","lab.Unmapped","2026-09-13T13:36:04Z","tw_boards|twse:twse_openapi|tpex:mopsfin_t187ap03_O_csv|esb:tpex_openapi_esb"
"1707.TW","葡萄王生技股份有限公司","TWSE","22","lab.Unmapped","2026-09-13T13:36:04Z","tw_boards|twse:twse_openapi|tpex:mopsfin_t187ap03_O_csv|esb:tpex_openapi_esb"
"1708.TW","東南實業股份有限公司","TWSE","21","lab.Unmapped","2026-09-13T13:36:04Z","tw_boards|twse:twse_openapi|tpex:mopsfin_t187ap03_O_csv|esb:tpex_openapi_esb"
"1709.TW","和益化學工業股份有限公司","TWSE","21","lab.Unmapped","2026-09-13T13:36:04Z","tw_boards|twse:twse_openapi|tpex:mopsfin_t187ap03_O_csv|esb:tpex_openapi_esb"
"1710.TW","東聯化學股份有限公司","TWSE","21","lab.Unmapped","2026-09-13T13:36:04Z","tw_boards|twse:twse_openapi|tpex:mopsfin_t187ap03_O_csv|esb:tpex_openapi_esb"
"1711.TW","臺灣永光化學工業股份有限公司","TWSE","21","lab.Unmapped","2026-09-13T13:36:04Z","tw_boards|twse:twse_openapi|tpex:mopsfin_t187ap03_O_csv|esb:tpex_openapi_esb"
"1712.TW","興農股份有限公司","TWSE","21","lab.Unmapped","2026-09-13T13:36:04Z","tw_boards|twse:twse_openapi|tpex:mopsfin_t187ap03_O_csv|esb:tpex_openapi_esb"
"1713.TW","國泰化工廠股份有限公司","TWSE","21","lab.Unmapped","2026-09-13T13:36:04Z","tw_boards|twse:twse_openapi|tpex:mopsfin_t187ap03_O_csv|esb:tpex_openapi_esb"
"1714.TW","和桐化學股份有限公司","TWSE","21","lab.Unmapped","2026-09-13T13:36:04Z","tw_boards|twse:twse_openapi|tpex:mopsfin_t187ap03_O_csv|esb:tpex_openapi_esb"
"1717.TW","長興材料工業股份有限公司","TWSE","21","lab.Unmapped","2026-09-13T13:36:04Z","tw_boards|twse:twse_openapi|tpex:mopsfin_t187ap03_O_csv|esb:tpex_openapi_esb"
"1718.TW","中國人造纖維股份有限公司","TWSE","21","lab.Unmapped","2026-09-13T13:36:04Z","tw_boards|twse:twse_openapi|tpex:mopsfin_t187ap03_O_csv|esb:tpex_openapi_esb"
"1720.TW","生達化學製藥股份有限公司","TWSE","22","lab.Unmapped","2026-09-13T13:36:04Z","tw_boards|twse:twse_openapi|tpex:mopsfin_t187ap03_O_csv|esb:tpex_openapi_esb"
"1721.TW","國慶科技股份有限公司","TWSE","21","lab.Unmapped","2026-09-13T13:36:04Z","tw_boards|twse:twse_openapi|tpex:mopsfin_t187ap03_O_csv|esb:tpex_openapi_esb"
"1722.TW","台灣肥料股份有限公司","TWSE","21","lab.Unmapped","2026-09-13T13:36:04Z","tw_boards|twse:twse_openapi|tpex:mopsfin_t187ap03_O_csv|esb:tpex_openapi_esb"
"1723.TW","中鋼碳素化學股份有限公司","TWSE","21","lab.Unmapped","2026-09-13T13:36:04Z","tw_boards|twse:twse_openapi|tpex:mopsfin_t187ap03_O_csv|esb:tpex_openapi_esb"
"1725.TW","元禎企業股份有限公司","TWSE","21","lab.Unmapped","2026-09-13T13:36:04Z","tw_boards|twse:twse_openapi|tpex:mopsfin_t187ap03_O_csv|esb:tpex_openapi_esb"
"1726.TW","永記造漆工業股份有限公司","TWSE","21","lab.Unmapped","2026-09-13T13:36:04Z","tw_boards|twse:twse_openapi|tpex:mopsfin_t187ap03_O_csv|esb:tpex_openapi_esb"
"1727.TW","臺灣中華化學工業股份有限公司","TWSE","21","lab.Unmapped","2026-09-13T13:36:04Z","tw_boards|twse:twse_openapi|tpex:mopsfin_t187ap03_O_csv|esb:tpex_openapi_esb"
"1730.TW","花仙子企業股份有限公司","TWSE","21","lab.Unmapped","2026-09-13T13:36:04Z","tw_boards|twse:twse_openapi|tpex:mopsfin_t187ap03_O_csv|esb:tpex_openapi_esb"
"1731.TW","美吾華股份有限公司","TWSE","22","lab.Unmapped","2026-09-13T13:36:04Z","tw_boards|twse:twse_openapi|tpex:mopsfin_t187ap03_O_csv|esb:tpex_openapi_esb"
"1732.TW","毛寶股份有限公司","TWSE","21","lab.Unmapped","2026-09-13T13:36:04Z","tw_boards|twse:twse_openapi|tpex:mopsfin_t187ap03_O_csv|esb:tpex_openapi_esb"
"1733.TW","五鼎生物技術股份有限公司","TWSE","22","lab.Unmapped","2026-09-13T13:36:04Z","tw_boards|twse:twse_openapi|tpex:mopsfin_t187ap03_O_csv|esb:tpex_openapi_esb"
"1734.TW","杏輝藥品工業股份有限公司","TWSE","22","lab.Unmapped","2026-09-13T13:36:04Z","tw_boards|twse:twse_openapi|tpex:mopsfin_t187ap03_O_csv|esb:tpex_openapi_esb"
"1735.TW","日勝化工股份有限公司","TWSE","21","lab.Unmapped","2026-09-13T13:36:04Z","tw_boards|twse:twse_openapi|tpex:mopsfin_t187ap03_O_csv|esb:tpex_openapi_esb"
"1736.TW","喬山健康科技股份有限公司","TWSE","37","lab.Unmapped","2026-09-13T13:36:04Z","tw_boards|twse:twse_openapi|tpex:mopsfin_t187ap03_O_csv|esb:tpex_openapi_esb"
"1737.TW","臺鹽實業股份有限公司","TWSE","02","lab.Unmapped","2026-09-13T13:36:04Z","tw_boards|twse:twse_openapi|tpex:mopsfin_t187ap03_O_csv|esb:tpex_openapi_esb"
"1752.TW","南光化學製藥股份有限公司","TWSE","22","lab.Unmapped","2026-09-13T13:36:04Z","tw_boards|twse:twse_openapi|tpex:mopsfin_t187ap03_O_csv|esb:tpex_openapi_esb"
"1760.TW","寶齡富錦生技股份有限公司","TWSE","22","lab.Unmapped","2026-09-13T13:36:04Z","tw_boards|twse:twse_openapi|tpex:mopsfin_t187ap03_O_csv|esb:tpex_openapi_esb"
"1762.TW","中化合成生技股份有限公司","TWSE","22","lab.Unmapped","2026-09-13T13:36:04Z","tw_boards|twse:twse_openapi|tpex:mopsfin_t187ap03_O_csv|esb:tpex_openapi_esb"
"1773.TW","勝一化工股份有限公司","TWSE","21","lab.Unmapped","2026-09-13T13:36:04Z","tw_boards|twse:twse_openapi|tpex:mopsfin_t187ap03_O_csv|esb:tpex_openapi_esb"
"1776.TW","展宇科技材料股份有限公司","TWSE","21","lab.Unmapped","2026-09-13T13:36:04Z","tw_boards|twse:twse_openapi|tpex:mopsfin_t187ap03_O_csv|esb:tpex_openapi_esb"
"1783.TW","和康生物科技股份有限公司","TWSE","22","lab.Unmapped","2026-09-13T13:36:04Z","tw_boards|twse:twse_openapi|tpex:mopsfin_t187ap03_O_csv|esb:tpex_openapi_esb"
"1786.TW","科妍生物科技股份有限公司","TWSE","22","lab.Unmapped","2026-09-13T13:36:04Z","tw_boards|twse:twse_openapi|tpex:mopsfin_t187ap03_O_csv|esb:tpex_openapi_esb"
"1789.TW","台灣神隆股份有限公司","TWSE","22","lab.Unmapped","2026-09-13T13:36:04Z","tw_boards|twse:twse_openapi|tpex:mopsfin_t187ap03_O_csv|esb:tpex_openapi_esb"
"1795.TW","美時化學製藥股份有限公司","TWSE","22","lab.Unmapped","2026-09-13T13:36:04Z","tw_boards|twse:twse_openapi|tpex:mopsfin_t187ap03_O_csv|esb:tpex_openapi_esb"
"1802.TW","台灣玻璃工業股份有限公司","TWSE","08","lab.Unmapped","2026-09-13T13:36:04Z","tw_boards|twse:twse_openapi|tpex:mopsfin_t187ap03_O_csv|esb:tpex_openapi_esb"
"1805.TW","寶徠建設股份有限公司","TWSE","14","lab.Unmapped","2026-09-13T13:36:04Z","tw_boards|twse:twse_openapi|tpex:mopsfin_t187ap03_O_csv|esb:tpex_openapi_esb"
"1806.TW","冠軍建材股份有限公司","TWSE","08","lab.Unmapped","2026-09-13T13:36:04Z","tw_boards|twse:twse_openapi|tpex:mopsfin_t187ap03_O_csv|esb:tpex_openapi_esb"
"1808.TW","潤隆建設股份有限公司","TWSE","14","lab.Unmapped","2026-09-13T13:36:04Z","tw_boards|twse:twse_openapi|tpex:mopsfin_t187ap03_O_csv|esb:tpex_openapi_esb"
"1809.TW","中國製釉股份有限公司","TWSE","08","lab.Unmapped","2026-09-13T13:36:04Z","tw_boards|twse:twse_openapi|tpex:mopsfin_t187ap03_O_csv|esb:tpex_openapi_esb"
"1810.TW","和成欣業股份有限公司","TWSE","08","lab.Unmapped","2026-09-13T13:36:04Z","tw_boards|twse:twse_openapi|tpex:mopsfin_t187ap03_O_csv|esb:tpex_openapi_esb"
"1817.TW","凱撒衛浴股份有限公司","TWSE","08","lab.Unmapped","2026-09-13T13:36:04Z","tw_boards|twse:twse_openapi|tpex:mopsfin_t187ap03_O_csv|esb:tpex_openapi_esb"
"1903.TW","士林紙業股份有限公司","TWSE","09","lab.Unmapped","2026-09-13T13:36:04Z","tw_boards|twse:twse_openapi|tpex:mopsfin_t187ap03_O_csv|esb:tpex_openapi_esb"
"1904.TW","正隆股份有限公司","TWSE","09","lab.Unmapped","2026-09-13T13:36:04Z","tw_boards|twse:twse_openapi|tpex:mopsfin_t187ap03_O_csv|esb:tpex_openapi_esb"
"1905.TW","中華紙漿股份有限公司","TWSE","09","lab.Unmapped","2026-09-13T13:36:04Z","tw_boards|twse:twse_openapi|tpex:mopsfin_t187ap03_O_csv|esb:tpex_openapi_esb"
"1906.TW","寶隆國際股份有限公司","TWSE","09","lab.Unmapped","2026-09-13T13:36:04Z","tw_boards|twse:twse_openapi|tpex:mopsfin_t187ap03_O_csv|esb:tpex_openapi_esb"
"1907.TW","永豐餘投資控股股份有限公司","TWSE","09","lab.Unmapped","2026-09-13T13:36:04Z","tw_boards|twse:twse_openapi|tpex:mopsfin_t187ap03_O_csv|esb:tpex_openapi_esb"
"1909.TW","榮成紙業股份有限公司","TWSE","09","lab.Unmapped","2026-09-13T13:36:04Z","tw_boards|twse:twse_openapi|tpex:mopsfin_t187ap03_O_csv|esb:tpex_openapi_esb"
"2002.TW","中國鋼鐵股份有限公司","TWSE","10","lab.Unmapped","2026-09-13T13:36:04Z","tw_boards|twse:twse_openapi|tpex:mopsfin_t187ap03_O_csv|esb:tpex_openapi_esb"
"2006.TW","東和鋼鐵企業股份有限公司","TWSE","10","lab.Unmapped","2026-09-13T13:36:04Z","tw_boards|twse:twse_openapi|tpex:mopsfin_t187ap03_O_csv|esb:tpex_openapi_esb"
"2007.TW","燁興企業股份有限公司","TWSE","10","lab.Unmapped","2026-09-13T13:36:04Z","tw_boards|twse:twse_openapi|tpex:mopsfin_t187ap03_O_csv|esb:tpex_openapi_esb"
"2008.TW","高興昌鋼鐵股份有限公司","TWSE","10","lab.Unmapped","2026-09-13T13:36:04Z","tw_boards|twse:twse_openapi|tpex:mopsfin_t187ap03_O_csv|esb:tpex_openapi_esb"
"2009.TW","第一伸銅科技股份有限公司","TWSE","10","lab.Unmapped","2026-09-13T13:36:04Z","tw_boards|twse:twse_openapi|tpex:mopsfin_t187ap03_O_csv|esb:tpex_openapi_esb"
"2010.TW","春源鋼鐵工業股份有限公司","TWSE","10","lab.Unmapped","2026-09-13T13:36:04Z","tw_boards|twse:twse_openapi|tpex:mopsfin_t187ap03_O_csv|esb:tpex_openapi_esb"
"2012.TW","春雨工廠股份有限公司","TWSE","10","lab.Unmapped","2026-09-13T13:36:04Z","tw_boards|twse:twse_openapi|tpex:mopsfin_t187ap03_O_csv|esb:tpex_openapi_esb"
"2013.TW","中國鋼鐵結構股份有限公司","TWSE","10","lab.Unmapped","2026-09-13T13:36:04Z","tw_boards|twse:twse_openapi|tpex:mopsfin_t187ap03_O_csv|esb:tpex_openapi_esb"
"2014.TW","中鴻鋼鐵股份有限公司","TWSE","10","lab.Unmapped","2026-09-13T13:36:04Z","tw_boards|twse:twse_openapi|tpex:mopsfin_t187ap03_O_csv|esb:tpex_openapi_esb"
"2015.TW","豐興鋼鐵股份有限公司","TWSE","10","lab.Unmapped","2026-09-13T13:36:04Z","tw_boards|twse:twse_openapi|tpex:mopsfin_t187ap03_O_csv|esb:tpex_openapi_esb"
"2017.TW","官田鋼鐵股份有限公司","TWSE","10","lab.Unmapped","2026-09-13T13:36:04Z","tw_boards|twse:twse_openapi|tpex:mopsfin_t187ap03_O_csv|esb:tpex_openapi_esb"
"2020.TW","美亞鋼管廠股份有限公司","TWSE","10","lab.Unmapped","2026-09-13T13:36:04Z","tw_boards|twse:twse_openapi|tpex:mopsfin_t187ap03_O_csv|esb:tpex_openapi_esb"
"2022.TW","聚亨企業股份有限公司","TWSE","10","lab.Unmapped","2026-09-13T13:36:04Z","tw_boards|twse:twse_openapi|tpex:mopsfin_t187ap03_O_csv|esb:tpex_openapi_esb"
"2023.TW","燁輝企業股份有限公司","TWSE","10","lab.Unmapped","2026-09-13T13:36:04Z","tw_boards|twse:twse_openapi|tpex:mopsfin_t187ap03_O_csv|esb:tpex_openapi_esb"
"2024.TW","志聯工業股份有限公司","TWSE","10","lab.Unmapped","2026-09-13T13:36:04Z","tw_boards|twse:twse_openapi|tpex:mopsfin_t187ap03_O_csv|esb:tpex_openapi_esb"
"2025.TW","千興不銹鋼(股)公司","TWSE","10","lab.Unmapped","2026-09-13T13:36:04Z","tw_boards|twse:twse_openapi|tpex:mopsfin_t187ap03_O_csv|esb:tpex_openapi_esb"
"2027.TW","大成不銹鋼工業股份有限公司","TWSE","10","lab.Unmapped","2026-09-13T13:36:04Z","tw_boards|twse:twse_openapi|tpex:mopsfin_t187ap03_O_csv|esb:tpex_openapi_esb"
"2028.TW","威致鋼鐵工業股份有限公司","TWSE","10","lab.Unmapped","2026-09-13T13:36:04Z","tw_boards|twse:twse_openapi|tpex:mopsfin_t187ap03_O_csv|esb:tpex_openapi_esb"
"2029.TW","盛餘股份有限公司","TWSE","10","lab.Unmapped","2026-09-13T13:36:04Z","tw_boards|twse:twse_openapi|tpex:mopsfin_t187ap03_O_csv|esb:tpex_openapi_esb"
"2030.TW","彰源企業股份有限公司","TWSE","10","lab.Unmapped","2026-09-13T13:36:04Z","tw_boards|twse:twse_openapi|tpex:mopsfin_t187ap03_O_csv|esb:tpex_openapi_esb"
"2031.TW","新光鋼鐵股份有限公司","TWSE","10","lab.Unmapped","2026-09-13T13:36:04Z","tw_boards|twse:twse_openapi|tpex:mopsfin_t187ap03_O_csv|esb:tpex_openapi_esb"
"2032.TW","新鋼工業股份有限公司","TWSE","10","lab.Unmapped","2026-09-13T13:36:04Z","tw_boards|twse:twse_openapi|tpex:mopsfin_t187ap03_O_csv|esb:tpex_openapi_esb"
"2033.TW","佳大世界股份有限公司","TWSE","10","lab.Unmapped","2026-09-13T13:36:04Z","tw_boards|twse:twse_openapi|tpex:mopsfin_t187ap03_O_csv|esb:tpex_openapi_esb"
"2034.TW","允強實業股份有限公司","TWSE","10","lab.Unmapped","2026-09-13T13:36:04Z","tw_boards|twse:twse_openapi|tpex:mopsfin_t187ap03_O_csv|esb:tpex_openapi_esb"
"2038.TW","海光企業股份有限公司","TWSE","10","lab.Unmapped","2026-09-13T13:36:04Z","tw_boards|twse:twse_openapi|tpex:mopsfin_t187ap03_O_csv|esb:tpex_openapi_esb"
"2049.TW","上銀科技股份有限公司","TWSE","05","lab.Unmapped","2026-09-13T13:36:04Z","tw_boards|twse:twse_openapi|tpex:mopsfin_t187ap03_O_csv|esb:tpex_openapi_esb"
"2059.TW","川湖科技股份有限公司","TWSE","28","lab.Unmapped","2026-09-13T13:36:04Z","tw_boards|twse:twse_openapi|tpex:mopsfin_t187ap03_O_csv|esb:tpex_openapi_esb"
"2062.TW","橋椿金屬股份有限公司","TWSE","38","lab.Unmapped","2026-09-13T13:36:04Z","tw_boards|twse:twse_openapi|tpex:mopsfin_t187ap03_O_csv|esb:tpex_openapi_esb"
"2069.TW","運錩鋼鐵股份有限公司","TWSE","10","lab.Unmapped","2026-09-13T13:36:04Z","tw_boards|twse:twse_openapi|tpex:mopsfin_t187ap03_O_csv|esb:tpex_openapi_esb"
"2072.TW","世紀能源設備股份有限公司","TWSE","35","lab.Unmapped","2026-09-13T13:36:04Z","tw_boards|twse:twse_openapi|tpex:mopsfin_t187ap03_O_csv|esb:tpex_openapi_esb"
"2101.TW","南港輪胎股份有限公司","TWSE","11","lab.Unmapped","2026-09-13T13:36:04Z","tw_boards|twse:twse_openapi|tpex:mopsfin_t187ap03_O_csv|esb:tpex_openapi_esb"
"2102.TW","泰豐輪胎股份有限公司","TWSE","11","lab.Unmapped","2026-09-13T13:36:04Z","tw_boards|twse:twse_openapi|tpex:mopsfin_t187ap03_O_csv|esb:tpex_openapi_esb"
"2103.TW","台橡股份有限公司","TWSE","11","lab.Unmapped","2026-09-13T13:36:04Z","tw_boards|twse:twse_openapi|tpex:mopsfin_t187ap03_O_csv|esb:tpex_openapi_esb"
"2104.TW","國際中橡投資控股股份有限公司","TWSE","11","lab.Unmapped","2026-09-13T13:36:04Z","tw_boards|twse:twse_openapi|tpex:mopsfin_t187ap03_O_csv|esb:tpex_openapi_esb"
"2105.TW","正新橡膠工業股份有限公司","TWSE","11","lab.Unmapped","2026-09-13T13:36:04Z","tw_boards|twse:twse_openapi|tpex:mopsfin_t187ap03_O_csv|esb:tpex_openapi_esb"
"2106.TW","建大工業股份有限公司","TWSE","11","lab.Unmapped","2026-09-13T13:36:04Z","tw_boards|twse:twse_openapi|tpex:mopsfin_t187ap03_O_csv|esb:tpex_openapi_esb"
"2107.TW","厚生股份有限公司","TWSE","11","lab.Unmapped","2026-09-13T13:36:04Z","tw_boards|twse:twse_openapi|tpex:mopsfin_t187ap03_O_csv|esb:tpex_openapi_esb"
"2108.TW","南帝化學工業股份有限公司","TWSE","11","lab.Unmapped","2026-09-13T13:36:04Z","tw_boards|twse:twse_openapi|tpex:mopsfin_t187ap03_O_csv|esb:tpex_openapi_esb"
"2109.TW","華豐橡膠工業股份有限公司","TWSE","11","lab.Unmapped","2026-09-13T13:36:04Z","tw_boards|twse:twse_openapi|tpex:mopsfin_t187ap03_O_csv|esb:tpex_openapi_esb"
"2114.TW","鑫永銓股份有限公司","TWSE","11","lab.Unmapped","2026-09-13T13:36:04Z","tw_boards|twse:twse_openapi|tpex:mopsfin_t187ap03_O_csv|esb:tpex_openapi_esb"
"2115.TW","六暉控股股份有限公司","TWSE","12","lab.Unmapped","2026-09-13T13:36:04Z","tw_boards|twse:twse_openapi|tpex:mopsfin_t187ap03_O_csv|esb:tpex_openapi_esb"
"2201.TW","裕隆汽車製造股份有限公司","TWSE","12","lab.Unmapped","2026-09-13T13:36:04Z","tw_boards|twse:twse_openapi|tpex:mopsfin_t187ap03_O_csv|esb:tpex_openapi_esb"
"2204.TW","中華汽車工業股份有限公司","TWSE","12","lab.Unmapped","2026-09-13T13:36:04Z","tw_boards|twse:twse_openapi|tpex:mopsfin_t187ap03_O_csv|esb:tpex_openapi_esb"
"2206.TW","三陽工業股份有限公司","TWSE","12","lab.Unmapped","2026-09-13T13:36:04Z","tw_boards|twse:twse_openapi|tpex:mopsfin_t187ap03_O_csv|esb:tpex_openapi_esb"
"2207.TW","和泰汽車股份有限公司","TWSE","12","lab.Unmapped","2026-09-13T13:36:04Z","tw_boards|twse:twse_openapi|tpex:mopsfin_t187ap03_O_csv|esb:tpex_openapi_esb"
"2208.TW","台灣國際造船股份有限公司","TWSE","15","lab.Unmapped","2026-09-13T13:36:04Z","tw_boards|twse:twse_openapi|tpex:mopsfin_t187ap03_O_csv|esb:tpex_openapi_esb"
"2211.TW","長榮鋼鐵股份有限公司","TWSE","10","lab.Unmapped","2026-09-13T13:36:04Z","tw_boards|twse:twse_openapi|tpex:mopsfin_t187ap03_O_csv|esb:tpex_openapi_esb"
"2227.TW","裕隆日產汽車股份有限公司","TWSE","12","lab.Unmapped","2026-09-13T13:36:04Z","tw_boards|twse:twse_openapi|tpex:mopsfin_t187ap03_O_csv|esb:tpex_openapi_esb"
"2228.TW","劍麟股份有限公司","TWSE","12","lab.Unmapped","2026-09-13T13:36:04Z","tw_boards|twse:twse_openapi|tpex:mopsfin_t187ap03_O_csv|esb:tpex_openapi_esb"
"2231.TW","為升電裝工業股份有限公司","TWSE","12","lab.Unmapped","2026-09-13T13:36:04Z","tw_boards|twse:twse_openapi|tpex:mopsfin_t187ap03_O_csv|esb:tpex_openapi_esb"
"2233.TW","宇隆科技股份有限公司","TWSE","12","lab.Unmapped","2026-09-13T13:36:04Z","tw_boards|twse:twse_openapi|tpex:mopsfin_t187ap03_O_csv|esb:tpex_openapi_esb"
"2236.TW","百達精密工業股份有限公司","TWSE","12","lab.Unmapped","2026-09-13T13:36:04Z","tw_boards|twse:twse_openapi|tpex:mopsfin_t187ap03_O_csv|esb:tpex_openapi_esb"
"2237.TW","華德動能科技股份有限公司","TWSE","12","lab.Unmapped","2026-09-13T13:36:04Z","tw_boards|twse:twse_openapi|tpex:mopsfin_t187ap03_O_csv|esb:tpex_openapi_esb"
"2239.TW","開曼英利工業股份有限公司","TWSE","12","lab.Unmapped","2026-09-13T13:36:04Z","tw_boards|twse:twse_openapi|tpex:mopsfin_t187ap03_O_csv|esb:tpex_openapi_esb"
"2241.TW","艾姆勒科技股份有限公司","TWSE","12","lab.Unmapped","2026-09-13T13:36:04Z","tw_boards|twse:twse_openapi|tpex:mopsfin_t187ap03_O_csv|esb:tpex_openapi_esb"
"2243.TW","宏旭控股股份有限公司","TWSE","12","lab.Unmapped","2026-09-13T13:36:04Z","tw_boards|twse:twse_openapi|tpex:mopsfin_t187ap03_O_csv|esb:tpex_openapi_esb"
"2247.TW","汎德永業汽車股份有限公司","TWSE","12","lab.Unmapped","2026-09-13T13:36:04Z","tw_boards|twse:twse_openapi|tpex:mopsfin_t187ap03_O_csv|esb:tpex_openapi_esb"
"2248.TW","華勝汽車電子股份有限公司","TWSE","12","lab.Unmapped","2026-09-13T13:36:04Z","tw_boards|twse:twse_openapi|tpex:mopsfin_t187ap03_O_csv|esb:tpex_openapi_esb"
"2250.TW","第一化成控股(開曼)股份有限公司","TWSE","12","lab.Unmapped","2026-09-13T13:36:04Z","tw_boards|twse:twse_openapi|tpex:mopsfin_t187ap03_O_csv|esb:tpex_openapi_esb"
"2254.TW","巨鎧精密工業股份有限公司","TWSE","12","lab.Unmapped","2026-09-13T13:36:04Z","tw_boards|twse:twse_openapi|tpex:mopsfin_t187ap03_O_csv|esb:tpex_openapi_esb"
"2258.TW","鴻華先進科技股份有限公司","TWSE","12","lab.Unmapped","2026-09-13T13:36:04Z","tw_boards|twse:twse_openapi|tpex:mopsfin_t187ap03_O_csv|esb:tpex_openapi_esb"
"2301.TW","光寶科技股份有限公司","TWSE","25","lab.Unmapped","2026-09-13T13:36:04Z","tw_boards|twse:twse_openapi|tpex:mopsfin_t187ap03_O_csv|esb:tpex_openapi_esb"
"2302.TW","麗正國際科技股份有限公司","TWSE","24","lab.Unmapped","2026-09-13T13:36:04Z","tw_boards|twse:twse_openapi|tpex:mopsfin_t187ap03_O_csv|esb:tpex_openapi_esb"
"2303.TW","聯華電子股份有限公司","TWSE","24","lab.Unmapped","2026-09-13T13:36:04Z","tw_boards|twse:twse_openapi|tpex:mopsfin_t187ap03_O_csv|esb:tpex_openapi_esb"
"2305.TW","全友電腦股份有限公司","TWSE","25","lab.Unmapped","2026-09-13T13:36:04Z","tw_boards|twse:twse_openapi|tpex:mopsfin_t187ap03_O_csv|esb:tpex_openapi_esb"
"2308.TW","台達電子工業股份有限公司","TWSE","28","lab.Unmapped","2026-09-13T13:36:04Z","tw_boards|twse:twse_openapi|tpex:mopsfin_t187ap03_O_csv|esb:tpex_openapi_esb"
"2312.TW","金寶電子工業股份有限公司","TWSE","31","lab.Unmapped","2026-09-13T13:36:04Z","tw_boards|twse:twse_openapi|tpex:mopsfin_t187ap03_O_csv|esb:tpex_openapi_esb"
"2313.TW","華通電腦股份有限公司","TWSE","28","lab.Unmapped","2026-09-13T13:36:04Z","tw_boards|twse:twse_openapi|tpex:mopsfin_t187ap03_O_csv|esb:tpex_openapi_esb"
"2314.TW","台揚科技股份有限公司","TWSE","27","lab.Unmapped","2026-09-13T13:36:04Z","tw_boards|twse:twse_openapi|tpex:mopsfin_t187ap03_O_csv|esb:tpex_openapi_esb"
"2316.TW","楠梓電子股份有限公司","TWSE","28","lab.Unmapped","2026-09-13T13:36:04Z","tw_boards|twse:twse_openapi|tpex:mopsfin_t187ap03_O_csv|esb:tpex_openapi_esb"
"2317.TW","鴻海精密工業股份有限公司","TWSE","31","lab.Unmapped","2026-09-13T13:36:04Z","tw_boards|twse:twse_openapi|tpex:mopsfin_t187ap03_O_csv|esb:tpex_openapi_esb"
"2321.TW","東訊股份有限公司","TWSE","27","lab.Unmapped","2026-09-13T13:36:04Z","tw_boards|twse:twse_openapi|tpex:mopsfin_t187ap03_O_csv|esb:tpex_openapi_esb"
"2323.TW","中環股份有限公司","TWSE","26","lab.Unmapped","2026-09-13T13:36:04Z","tw_boards|twse:twse_openapi|tpex:mopsfin_t187ap03_O_csv|esb:tpex_openapi_esb"
"2324.TW","仁寶電腦工業股份有限公司","TWSE","25","lab.Unmapped","2026-09-13T13:36:04Z","tw_boards|twse:twse_openapi|tpex:mopsfin_t187ap03_O_csv|esb:tpex_openapi_esb"
"2327.TW","國巨股份有限公司","TWSE","28","lab.Unmapped","2026-09-13T13:36:04Z","tw_boards|twse:twse_openapi|tpex:mopsfin_t187ap03_O_csv|esb:tpex_openapi_esb"
"2328.TW","廣宇科技股份有限公司","TWSE","28","lab.Unmapped","2026-09-13T13:36:04Z","tw_boards|twse:twse_openapi|tpex:mopsfin_t187ap03_O_csv|esb:tpex_openapi_esb"
"2329.TW","華泰電子股份有限公司","TWSE","24","lab.Unmapped","2026-09-13T13:36:04Z","tw_boards|twse:twse_openapi|tpex:mopsfin_t187ap03_O_csv|esb:tpex_openapi_esb"
"2330.TW","台灣積體電路製造股份有限公司","TWSE","24","lab.Unmapped","2026-09-13T13:36:04Z","tw_boards|twse:twse_openapi|tpex:mopsfin_t187ap03_O_csv|esb:tpex_openapi_esb"
"2331.TW","精英電腦股份有限公司","TWSE","25","lab.Unmapped","2026-09-13T13:36:04Z","tw_boards|twse:twse_openapi|tpex:mopsfin_t187ap03_O_csv|esb:tpex_openapi_esb"
"2332.TW","友訊科技股份有限公司","TWSE","27","lab.Unmapped","2026-09-13T13:36:04Z","tw_boards|twse:twse_openapi|tpex:mopsfin_t187ap03_O_csv|esb:tpex_openapi_esb"
"2337.TW","旺宏電子股份有限公司","TWSE","24","lab.Unmapped","2026-09-13T13:36:04Z","tw_boards|twse:twse_openapi|tpex:mopsfin_t187ap03_O_csv|esb:tpex_openapi_esb"
"2338.TW","台灣光罩股份有限公司","TWSE","24","lab.Unmapped","2026-09-13T13:36:04Z","tw_boards|twse:twse_openapi|tpex:mopsfin_t187ap03_O_csv|esb:tpex_openapi_esb"
"2340.TW","台亞半導體股份有限公司","TWSE","24","lab.Unmapped","2026-09-13T13:36:04Z","tw_boards|twse:twse_openapi|tpex:mopsfin_t187ap03_O_csv|esb:tpex_openapi_esb"
"2342.TW","台灣茂矽電子股份有限公司","TWSE","24","lab.Unmapped","2026-09-13T13:36:04Z","tw_boards|twse:twse_openapi|tpex:mopsfin_t187ap03_O_csv|esb:tpex_openapi_esb"
"2344.TW","華邦電子股份有限公司","TWSE","24","lab.Unmapped","2026-09-13T13:36:04Z","tw_boards|twse:twse_openapi|tpex:mopsfin_t187ap03_O_csv|esb:tpex_openapi_esb"
"2345.TW","智邦科技股份有限公司","TWSE","27","lab.Unmapped","2026-09-13T13:36:04Z","tw_boards|twse:twse_openapi|tpex:mopsfin_t187ap03_O_csv|esb:tpex_openapi_esb"
"2347.TW","聯強國際股份有限公司","TWSE","29","lab.Unmapped","2026-09-13T13:36:04Z","tw_boards|twse:twse_openapi|tpex:mopsfin_t187ap03_O_csv|esb:tpex_openapi_esb"
"2348.TW","海悅國際開發股份有限公司","TWSE","20","lab.Unmapped","2026-09-13T13:36:04Z","tw_boards|twse:twse_openapi|tpex:mopsfin_t187ap03_O_csv|esb:tpex_openapi_esb"
"2349.TW","錸德科技股份有限公司","TWSE","26","lab.Unmapped","2026-09-13T13:36:04Z","tw_boards|twse:twse_openapi|tpex:mopsfin_t187ap03_O_csv|esb:tpex_openapi_esb"
"2351.TW","順德工業股份有限公司","TWSE","24","lab.Unmapped","2026-09-13T13:36:04Z","tw_boards|twse:twse_openapi|tpex:mopsfin_t187ap03_O_csv|esb:tpex_openapi_esb"
"2352.TW","佳世達科技股份有限公司","TWSE","25","lab.Unmapped","2026-09-13T13:36:04Z","tw_boards|twse:twse_openapi|tpex:mopsfin_t187ap03_O_csv|esb:tpex_openapi_esb"
"2353.TW","宏碁股份有限公司","TWSE","25","lab.Unmapped","2026-09-13T13:36:04Z","tw_boards|twse:twse_openapi|tpex:mopsfin_t187ap03_O_csv|esb:tpex_openapi_esb"
"2354.TW","鴻準精密工業股份有限公司","TWSE","31","lab.Unmapped","2026-09-13T13:36:04Z","tw_boards|twse:twse_openapi|tpex:mopsfin_t187ap03_O_csv|esb:tpex_openapi_esb"
"2355.TW","敬鵬工業股份有限公司","TWSE","28","lab.Unmapped","2026-09-13T13:36:04Z","tw_boards|twse:twse_openapi|tpex:mopsfin_t187ap03_O_csv|esb:tpex_openapi_esb"
"2356.TW","英業達股份有限公司","TWSE","25","lab.Unmapped","2026-09-13T13:36:04Z","tw_boards|twse:twse_openapi|tpex:mopsfin_t187ap03_O_csv|esb:tpex_openapi_esb"
"2357.TW","華碩電腦股份有限公司","TWSE","25","lab.Unmapped","2026-09-13T13:36:04Z","tw_boards|twse:twse_openapi|tpex:mopsfin_t187ap03_O_csv|esb:tpex_openapi_esb"
"2359.TW","所羅門股份有限公司","TWSE","31","lab.Unmapped","2026-09-13T13:36:04Z","tw_boards|twse:twse_openapi|tpex:mopsfin_t187ap03_O_csv|esb:tpex_openapi_esb"
"2360.TW","致茂電子股份有限公司","TWSE","31","lab.Unmapped","2026-09-13T13:36:04Z","tw_boards|twse:twse_openapi|tpex:mopsfin_t187ap03_O_csv|esb:tpex_openapi_esb"
"2362.TW","藍天電腦股份有限公司","TWSE","25","lab.Unmapped","2026-09-13T13:36:04Z","tw_boards|twse:twse_openapi|tpex:mopsfin_t187ap03_O_csv|esb:tpex_openapi_esb"
"2363.TW","矽統科技股份有限公司","TWSE","24","lab.Unmapped","2026-09-13T13:36:04Z","tw_boards|twse:twse_openapi|tpex:mopsfin_t187ap03_O_csv|esb:tpex_openapi_esb"
"2364.TW","倫飛電腦實業股份有限公司","TWSE","25","lab.Unmapped","2026-09-13T13:36:04Z","tw_boards|twse:twse_openapi|tpex:mopsfin_t187ap03_O_csv|esb:tpex_openapi_esb"
"2365.TW","昆盈企業股份有限公司","TWSE","25","lab.Unmapped","2026-09-13T13:36:04Z","tw_boards|twse:twse_openapi|tpex:mopsfin_t187ap03_O_csv|esb:tpex_openapi_esb"
"2367.TW","燿華電子股份有限公司","TWSE","28","lab.Unmapped","2026-09-13T13:36:04Z","tw_boards|twse:twse_openapi|tpex:mopsfin_t187ap03_O_csv|esb:tpex_openapi_esb"
"2368.TW","金像電子(股)公司","TWSE","28","lab.Unmapped","2026-09-13T13:36:04Z","tw_boards|twse:twse_openapi|tpex:mopsfin_t187ap03_O_csv|esb:tpex_openapi_esb"
"2369.TW","菱生精密工業股份有限公司","TWSE","24","lab.Unmapped","2026-09-13T13:36:04Z","tw_boards|twse:twse_openapi|tpex:mopsfin_t187ap03_O_csv|esb:tpex_openapi_esb"
"2371.TW","大同股份有限公司","TWSE","05","lab.Unmapped","2026-09-13T13:36:04Z","tw_boards|twse:twse_openapi|tpex:mopsfin_t187ap03_O_csv|esb:tpex_openapi_esb"
"2373.TW","震旦行股份有限公司","TWSE","31","lab.Unmapped","2026-09-13T13:36:04Z","tw_boards|twse:twse_openapi|tpex:mopsfin_t187ap03_O_csv|esb:tpex_openapi_esb"
"2374.TW","佳能企業股份有限公司","TWSE","26","lab.Unmapped","2026-09-13T13:36:04Z","tw_boards|twse:twse_openapi|tpex:mopsfin_t187ap03_O_csv|esb:tpex_openapi_esb"
"2375.TW","凱美電機股份有限公司","TWSE","28","lab.Unmapped","2026-09-13T13:36:04Z","tw_boards|twse:twse_openapi|tpex:mopsfin_t187ap03_O_csv|esb:tpex_openapi_esb"
"2376.TW","技嘉科技股份有限公司","TWSE","25","lab.Unmapped","2026-09-13T13:36:04Z","tw_boards|twse:twse_openapi|tpex:mopsfin_t187ap03_O_csv|esb:tpex_openapi_esb"
"2377.TW","微星科技股份有限公司","TWSE","25","lab.Unmapped","2026-09-13T13:36:04Z","tw_boards|twse:twse_openapi|tpex:mopsfin_t187ap03_O_csv|esb:tpex_openapi_esb"
"2379.TW","瑞昱半導體股份有限公司","TWSE","24","lab.Unmapped","2026-09-13T13:36:04Z","tw_boards|twse:twse_openapi|tpex:mopsfin_t187ap03_O_csv|esb:tpex_openapi_esb"
"2380.TW","虹光精密工業股份有限公司","TWSE","25","lab.Unmapped","2026-09-13T13:36:04Z","tw_boards|twse:twse_openapi|tpex:mopsfin_t187ap03_O_csv|esb:tpex_openapi_esb"
"2382.TW","廣達電腦股份有限公司","TWSE","25","lab.Unmapped","2026-09-13T13:36:04Z","tw_boards|twse:twse_openapi|tpex:mopsfin_t187ap03_O_csv|esb:tpex_openapi_esb"
"2383.TW","台光電子材料股份有限公司","TWSE","28","lab.Unmapped","2026-09-13T13:36:04Z","tw_boards|twse:twse_openapi|tpex:mopsfin_t187ap03_O_csv|esb:tpex_openapi_esb"
"2385.TW","群光電子股份有限公司","TWSE","28","lab.Unmapped","2026-09-13T13:36:04Z","tw_boards|twse:twse_openapi|tpex:mopsfin_t187ap03_O_csv|esb:tpex_openapi_esb"
"2387.TW","精元電腦股份有限公司","TWSE","25","lab.Unmapped","2026-09-13T13:36:04Z","tw_boards|twse:twse_openapi|tpex:mopsfin_t187ap03_O_csv|esb:tpex_openapi_esb"
"2388.TW","威盛電子股份有限公司","TWSE","24","lab.Unmapped","2026-09-13T13:36:04Z","tw_boards|twse:twse_openapi|tpex:mopsfin_t187ap03_O_csv|esb:tpex_openapi_esb"
"2390.TW","云辰電子開發股份有限公司","TWSE","31","lab.Unmapped","2026-09-13T13:36:04Z","tw_boards|twse:twse_openapi|tpex:mopsfin_t187ap03_O_csv|esb:tpex_openapi_esb"
"2392.TW","正崴精密工業股份有限公司","TWSE","28","lab.Unmapped","2026-09-13T13:36:04Z","tw_boards|twse:twse_openapi|tpex:mopsfin_t187ap03_O_csv|esb:tpex_openapi_esb"
"2393.TW","億光電子工業股份有限公司","TWSE","26","lab.Unmapped","2026-09-13T13:36:04Z","tw_boards|twse:twse_openapi|tpex:mopsfin_t187ap03_O_csv|esb:tpex_openapi_esb"
"2395.TW","研華股份有限公司","TWSE","25","lab.Unmapped","2026-09-13T13:36:04Z","tw_boards|twse:twse_openapi|tpex:mopsfin_t187ap03_O_csv|esb:tpex_openapi_esb"
"2397.TW","友通資訊股份有限公司","TWSE","25","lab.Unmapped","2026-09-13T13:36:04Z","tw_boards|twse:twse_openapi|tpex:mopsfin_t187ap03_O_csv|esb:tpex_openapi_esb"
"2399.TW","映泰股份有限公司","TWSE","25","lab.Unmapped","2026-09-13T13:36:04Z","tw_boards|twse:twse_openapi|tpex:mopsfin_t187ap03_O_csv|esb:tpex_openapi_esb"
"2401.TW","凌陽科技股份有限公司","TWSE","24","lab.Unmapped","2026-09-13T13:36:04Z","tw_boards|twse:twse_openapi|tpex:mopsfin_t187ap03_O_csv|esb:tpex_openapi_esb"
"2402.TW","毅嘉科技股份有限公司","TWSE","28","lab.Unmapped","2026-09-13T13:36:04Z","tw_boards|twse:twse_openapi|tpex:mopsfin_t187ap03_O_csv|esb:tpex_openapi_esb"
"2404.TW","漢唐集成股份有限公司","TWSE","31","lab.Unmapped","2026-09-13T13:36:04Z","tw_boards|twse:twse_openapi|tpex:mopsfin_t187ap03_O_csv|esb:tpex_openapi_esb"
"2405.TW","輔信科技股份有限公司","TWSE","25","lab.Unmapped","2026-09-13T13:36:04Z","tw_boards|twse:twse_openapi|tpex:mopsfin_t187ap03_O_csv|esb:tpex_openapi_esb"
"2406.TW","國碩科技工業股份有限公司","TWSE","26","lab.Unmapped","2026-09-13T13:36:04Z","tw_boards|twse:twse_openapi|tpex:mopsfin_t187ap03_O_csv|esb:tpex_openapi_esb"
"2408.TW","南亞科技股份有限公司","TWSE","24","lab.Unmapped","2026-09-13T13:36:04Z","tw_boards|twse:twse_openapi|tpex:mopsfin_t187ap03_O_csv|esb:tpex_openapi_esb"
"2409.TW","友達光電股份有限公司","TWSE","26","lab.Unmapped","2026-09-13T13:36:04Z","tw_boards|twse:twse_openapi|tpex:mopsfin_t187ap03_O_csv|esb:tpex_openapi_esb"
"2412.TW","中華電信股份有限公司","TWSE","27","lab.Unmapped","2026-09-13T13:36:04Z","tw_boards|twse:twse_openapi|tpex:mopsfin_t187ap03_O_csv|esb:tpex_openapi_esb"
"2413.TW","環隆科技股份有限公司","TWSE","28","lab.Unmapped","2026-09-13T13:36:04Z","tw_boards|twse:twse_openapi|tpex:mopsfin_t187ap03_O_csv|esb:tpex_openapi_esb"
"2414.TW","精技電腦股份有限公司","TWSE","29","lab.Unmapped","2026-09-13T13:36:04Z","tw_boards|twse:twse_openapi|tpex:mopsfin_t187ap03_O_csv|esb:tpex_openapi_esb"
"2415.TW","錩新科技股份有限公司","TWSE","28","lab.Unmapped","2026-09-13T13:36:04Z","tw_boards|twse:twse_openapi|tpex:mopsfin_t187ap03_O_csv|esb:tpex_openapi_esb"
"2417.TW","圓剛科技股份有限公司","TWSE","25","lab.Unmapped","2026-09-13T13:36:04Z","tw_boards|twse:twse_openapi|tpex:mopsfin_t187ap03_O_csv|esb:tpex_openapi_esb"
"2419.TW","仲琦科技股份有限公司","TWSE","27","lab.Unmapped","2026-09-13T13:36:04Z","tw_boards|twse:twse_openapi|tpex:mopsfin_t187ap03_O_csv|esb:tpex_openapi_esb"
"2420.TW","新巨企業股份有限公司","TWSE","28","lab.Unmapped","2026-09-13T13:36:04Z","tw_boards|twse:twse_openapi|tpex:mopsfin_t187ap03_O_csv|esb:tpex_openapi_esb"
"2421.TW","建準電機工業股份有限公司","TWSE","28","lab.Unmapped","2026-09-13T13:36:04Z","tw_boards|twse:twse_openapi|tpex:mopsfin_t187ap03_O_csv|esb:tpex_openapi_esb"
"2423.TW","固緯電子實業股份有限公司","TWSE","31","lab.Unmapped","2026-09-13T13:36:04Z","tw_boards|twse:twse_openapi|tpex:mopsfin_t187ap03_O_csv|esb:tpex_openapi_esb"
"2424.TW","隴華電子股份有限公司","TWSE","27","lab.Unmapped","2026-09-13T13:36:04Z","tw_boards|twse:twse_openapi|tpex:mopsfin_t187ap03_O_csv|esb:tpex_openapi_esb"
"2425.TW","承啟科技股份有限公司","TWSE","25","lab.Unmapped","2026-09-13T13:36:04Z","tw_boards|twse:twse_openapi|tpex:mopsfin_t187ap03_O_csv|esb:tpex_openapi_esb"
"2426.TW","鼎元光電科技股份有限公司","TWSE","26","lab.Unmapped","2026-09-13T13:36:04Z","tw_boards|twse:twse_openapi|tpex:mopsfin_t187ap03_O_csv|esb:tpex_openapi_esb"
"2427.TW","三商電腦股份有限公司","TWSE","30","lab.Unmapped","2026-09-13T13:36:04Z","tw_boards|twse:twse_openapi|tpex:mopsfin_t187ap03_O_csv|esb:tpex_openapi_esb"
"2428.TW","興勤電子工業股份有限公司","TWSE","28","lab.Unmapped","2026-09-13T13:36:04Z","tw_boards|twse:twse_openapi|tpex:mopsfin_t187ap03_O_csv|esb:tpex_openapi_esb"
"2429.TW","銘旺科技股份有限公司","TWSE","26","lab.Unmapped","2026-09-13T13:36:04Z","tw_boards|twse:twse_openapi|tpex:mopsfin_t187ap03_O_csv|esb:tpex_openapi_esb"
"2430.TW","燦坤實業股份有限公司","TWSE","29","lab.Unmapped","2026-09-13T13:36:04Z","tw_boards|twse:twse_openapi|tpex:mopsfin_t187ap03_O_csv|esb:tpex_openapi_esb"
"2431.TW","聯昌電子企業股份有限公司","TWSE","28","lab.Unmapped","2026-09-13T13:36:04Z","tw_boards|twse:twse_openapi|tpex:mopsfin_t187ap03_O_csv|esb:tpex_openapi_esb"
"2432.TW","倚天酷碁股份有限公司","TWSE","25","lab.Unmapped","2026-09-13T13:36:04Z","tw_boards|twse:twse_openapi|tpex:mopsfin_t187ap03_O_csv|esb:tpex_openapi_esb"
"2433.TW","互盛股份有限公司","TWSE","31","lab.Unmapped","2026-09-13T13:36:04Z","tw_boards|twse:twse_openapi|tpex:mopsfin_t187ap03_O_csv|esb:tpex_openapi_esb"
"2434.TW","統懋半導體股份有限公司","TWSE","24","lab.Unmapped","2026-09-13T13:36:04Z","tw_boards|twse:twse_openapi|tpex:mopsfin_t187ap03_O_csv|esb:tpex_openapi_esb"
"2436.TW","偉詮電子股份有限公司","TWSE","24","lab.Unmapped","2026-09-13T13:36:04Z","tw_boards|twse:twse_openapi|tpex:mopsfin_t187ap03_O_csv|esb:tpex_openapi_esb"
"2438.TW","翔耀實業股份有限公司","TWSE","26","lab.Unmapped","2026-09-13T13:36:04Z","tw_boards|twse:twse_openapi|tpex:mopsfin_t187ap03_O_csv|esb:tpex_openapi_esb"
"2439.TW","美律實業股份有限公司","TWSE","27","lab.Unmapped","2026-09-13T13:36:04Z","tw_boards|twse:twse_openapi|tpex:mopsfin_t187ap03_O_csv|esb:tpex_openapi_esb"
"2440.TW","太空梭高傳真資訊科技(股)公司","TWSE","28","lab.Unmapped","2026-09-13T13:36:04Z","tw_boards|twse:twse_openapi|tpex:mopsfin_t187ap03_O_csv|esb:tpex_openapi_esb"
"2441.TW","超豐電子股份有限公司","TWSE","24","lab.Unmapped","2026-09-13T13:36:04Z","tw_boards|twse:twse_openapi|tpex:mopsfin_t187ap03_O_csv|esb:tpex_openapi_esb"
"2442.TW","新美齊股份有限公司","TWSE","14","lab.Unmapped","2026-09-13T13:36:04Z","tw_boards|twse:twse_openapi|tpex:mopsfin_t187ap03_O_csv|esb:tpex_openapi_esb"
"2444.TW","兆勁科技股份有限公司","TWSE","27","lab.Unmapped","2026-09-13T13:36:04Z","tw_boards|twse:twse_openapi|tpex:mopsfin_t187ap03_O_csv|esb:tpex_openapi_esb"
"2449.TW","京元電子股份有限公司","TWSE","24","lab.Unmapped","2026-09-13T13:36:04Z","tw_boards|twse:twse_openapi|tpex:mopsfin_t187ap03_O_csv|esb:tpex_openapi_esb"
"2450.TW","神腦國際企業股份有限公司","TWSE","27","lab.Unmapped","2026-09-13T13:36:04Z","tw_boards|twse:twse_openapi|tpex:mopsfin_t187ap03_O_csv|esb:tpex_openapi_esb"
"2451.TW","創見資訊股份有限公司","TWSE","24","lab.Unmapped","2026-09-13T13:36:04Z","tw_boards|twse:twse_openapi|tpex:mopsfin_t187ap03_O_csv|esb:tpex_openapi_esb"
"2453.TW","凌群電腦股份有限公司","TWSE","30","lab.Unmapped","2026-09-13T13:36:04Z","tw_boards|twse:twse_openapi|tpex:mopsfin_t187ap03_O_csv|esb:tpex_openapi_esb"
"2454.TW","聯發科技股份有限公司","TWSE","24","lab.Unmapped","2026-09-13T13:36:04Z","tw_boards|twse:twse_openapi|tpex:mopsfin_t187ap03_O_csv|esb:tpex_openapi_esb"
"2455.TW","全新光電科技股份有限公司","TWSE","27","lab.Unmapped","2026-09-13T13:36:04Z","tw_boards|twse:twse_openapi|tpex:mopsfin_t187ap03_O_csv|esb:tpex_openapi_esb"
"2457.TW","飛宏科技股份有限公司","TWSE","28","lab.Unmapped","2026-09-13T13:36:04Z","tw_boards|twse:twse_openapi|tpex:mopsfin_t187ap03_O_csv|esb:tpex_openapi_esb"
"2458.TW","義隆電子股份有限公司","TWSE","24","lab.Unmapped","2026-09-13T13:36:04Z","tw_boards|twse:twse_openapi|tpex:mopsfin_t187ap03_O_csv|esb:tpex_openapi_esb"
"2459.TW","敦吉科技股份有限公司","TWSE","31","lab.Unmapped","2026-09-13T13:36:04Z","tw_boards|twse:twse_openapi|tpex:mopsfin_t187ap03_O_csv|esb:tpex_openapi_esb"
"2460.TW","建通精密工業股份有限公司","TWSE","28","lab.Unmapped","2026-09-13T13:36:04Z","tw_boards|twse:twse_openapi|tpex:mopsfin_t187ap03_O_csv|esb:tpex_openapi_esb"
"2461.TW","光群雷射科技股份有限公司","TWSE","31","lab.Unmapped","2026-09-13T13:36:04Z","tw_boards|twse:twse_openapi|tpex:mopsfin_t187ap03_O_csv|esb:tpex_openapi_esb"
"2462.TW","台灣良得電子股份有限公司","TWSE","28","lab.Unmapped","2026-09-13T13:36:04Z","tw_boards|twse:twse_openapi|tpex:mopsfin_t187ap03_O_csv|esb:tpex_openapi_esb"
"2464.TW","盟立自動化股份有限公司","TWSE","31","lab.Unmapped","2026-09-13T13:36:04Z","tw_boards|twse:twse_openapi|tpex:mopsfin_t187ap03_O_csv|esb:tpex_openapi_esb"
"2465.TW","麗臺科技股份有限公司","TWSE","25","lab.Unmapped","2026-09-13T13:36:04Z","tw_boards|twse:twse_openapi|tpex:mopsfin_t187ap03_O_csv|esb:tpex_openapi_esb"
"2466.TW","冠西電子企業股份有限公司","TWSE","26","lab.Unmapped","2026-09-13T13:36:04Z","tw_boards|twse:twse_openapi|tpex:mopsfin_t187ap03_O_csv|esb:tpex_openapi_esb"
"2467.TW","志聖工業股份有限公司","TWSE","28","lab.Unmapped","2026-09-13T13:36:04Z","tw_boards|twse:twse_openapi|tpex:mopsfin_t187ap03_O_csv|esb:tpex_openapi_esb"
"2468.TW","華經資訊企業股份有限公司","TWSE","30","lab.Unmapped","2026-09-13T13:36:04Z","tw_boards|twse:twse_openapi|tpex:mopsfin_t187ap03_O_csv|esb:tpex_openapi_esb"
"2471.TW","資通電腦股份有限公司","TWSE","30","lab.Unmapped","2026-09-13T13:36:04Z","tw_boards|twse:twse_openapi|tpex:mopsfin_t187ap03_O_csv|esb:tpex_openapi_esb"
"2472.TW","立隆電子工業股份有限公司","TWSE","28","lab.Unmapped","2026-09-13T13:36:04Z","tw_boards|twse:twse_openapi|tpex:mopsfin_t187ap03_O_csv|esb:tpex_openapi_esb"
"2474.TW","可成科技股份有限公司","TWSE","31","lab.Unmapped","2026-09-13T13:36:04Z","tw_boards|twse:twse_openapi|tpex:mopsfin_t187ap03_O_csv|esb:tpex_openapi_esb"
"2476.TW","鉅祥企業股份有限公司","TWSE","28","lab.Unmapped","2026-09-13T13:36:04Z","tw_boards|twse:twse_openapi|tpex:mopsfin_t187ap03_O_csv|esb:tpex_openapi_esb"
"2477.TW","美隆工業股份有限公司","TWSE","31","lab.Unmapped","2026-09-13T13:36:04Z","tw_boards|twse:twse_openapi|tpex:mopsfin_t187ap03_O_csv|esb:tpex_openapi_esb"
"2478.TW","大毅科技股份有限公司","TWSE","28","lab.Unmapped","2026-09-13T13:36:04Z","tw_boards|twse:twse_openapi|tpex:mopsfin_t187ap03_O_csv|esb:tpex_openapi_esb"
"2480.TW","敦陽科技股份有限公司","TWSE","30","lab.Unmapped","2026-09-13T13:36:04Z","tw_boards|twse:twse_openapi|tpex:mopsfin_t187ap03_O_csv|esb:tpex_openapi_esb"
"2481.TW","強茂股份有限公司","TWSE","24","lab.Unmapped","2026-09-13T13:36:04Z","tw_boards|twse:twse_openapi|tpex:mopsfin_t187ap03_O_csv|esb:tpex_openapi_esb"
"2482.TW","連宇股份有限公司","TWSE","31","lab.Unmapped","2026-09-13T13:36:04Z","tw_boards|twse:twse_openapi|tpex:mopsfin_t187ap03_O_csv|esb:tpex_openapi_esb"
"2483.TW","百容電子股份有限公司","TWSE","28","lab.Unmapped","2026-09-13T13:36:04Z","tw_boards|twse:twse_openapi|tpex:mopsfin_t187ap03_O_csv|esb:tpex_openapi_esb"
"2484.TW","希華晶體科技股份有限公司","TWSE","28","lab.Unmapped","2026-09-13T13:36:04Z","tw_boards|twse:twse_openapi|tpex:mopsfin_t187ap03_O_csv|esb:tpex_openapi_esb"
"2485.TW","兆赫電子股份有限公司","TWSE","27","lab.Unmapped","2026-09-13T13:36:04Z","tw_boards|twse:twse_openapi|tpex:mopsfin_t187ap03_O_csv|esb:tpex_openapi_esb"
"2486.TW","一詮精密工業股份有限公司","TWSE","26","lab.Unmapped","2026-09-13T13:36:04Z","tw_boards|twse:twse_openapi|tpex:mopsfin_t187ap03_O_csv|esb:tpex_openapi_esb"
"2488.TW","漢平電子工業股份有限公司","TWSE","31","lab.Unmapped","2026-09-13T13:36:04Z","tw_boards|twse:twse_openapi|tpex:mopsfin_t187ap03_O_csv|esb:tpex_openapi_esb"
"2489.TW","瑞軒科技股份有限公司","TWSE","26","lab.Unmapped","2026-09-13T13:36:04Z","tw_boards|twse:twse_openapi|tpex:mopsfin_t187ap03_O_csv|esb:tpex_openapi_esb"
"2491.TW","吉祥全球實業股份有限公司","TWSE","26","lab.Unmapped","2026-09-13T13:36:04Z","tw_boards|twse:twse_openapi|tpex:mopsfin_t187ap03_O_csv|esb:tpex_openapi_esb"
"2492.TW","華新科技股份有限公司","TWSE","28","lab.Unmapped","2026-09-13T13:36:04Z","tw_boards|twse:twse_openapi|tpex:mopsfin_t187ap03_O_csv|esb:tpex_openapi_esb"
"2493.TW","揚博科技股份有限公司","TWSE","28","lab.Unmapped","2026-09-13T13:36:04Z","tw_boards|twse:twse_openapi|tpex:mopsfin_t187ap03_O_csv|esb:tpex_openapi_esb"
"2495.TW","普安科技股份有限公司","TWSE","25","lab.Unmapped","2026-09-13T13:36:04Z","tw_boards|twse:twse_openapi|tpex:mopsfin_t187ap03_O_csv|esb:tpex_openapi_esb"
"2496.TW","卓越成功股份有限公司","TWSE","20","lab.Unmapped","2026-09-13T13:36:04Z","tw_boards|twse:twse_openapi|tpex:mopsfin_t187ap03_O_csv|esb:tpex_openapi_esb"
"2497.TW","怡利電子工業股份有限公司","TWSE","12","lab.Unmapped","2026-09-13T13:36:04Z","tw_boards|twse:twse_openapi|tpex:mopsfin_t187ap03_O_csv|esb:tpex_openapi_esb"
"2498.TW","宏達國際電子股份有限公司","TWSE","27","lab.Unmapped","2026-09-13T13:36:04Z","tw_boards|twse:twse_openapi|tpex:mopsfin_t187ap03_O_csv|esb:tpex_openapi_esb"
"2501.TW","國泰建設股份有限公司","TWSE","14","lab.Unmapped","2026-09-13T13:36:04Z","tw_boards|twse:twse_openapi|tpex:mopsfin_t187ap03_O_csv|esb:tpex_openapi_esb"
"2504.TW","國產建材實業股份有限公司","TWSE","14","lab.Unmapped","2026-09-13T13:36:04Z","tw_boards|twse:twse_openapi|tpex:mopsfin_t187ap03_O_csv|esb:tpex_openapi_esb"
"2505.TW","國揚實業股份有限公司","TWSE","14","lab.Unmapped","2026-09-13T13:36:04Z","tw_boards|twse:twse_openapi|tpex:mopsfin_t187ap03_O_csv|esb:tpex_openapi_esb"
"2506.TW","太平洋建設股份有限公司","TWSE","14","lab.Unmapped","2026-09-13T13:36:04Z","tw_boards|twse:twse_openapi|tpex:mopsfin_t187ap03_O_csv|esb:tpex_openapi_esb"
"2509.TW","全坤建設開發股份有限公司","TWSE","14","lab.Unmapped","2026-09-13T13:36:04Z","tw_boards|twse:twse_openapi|tpex:mopsfin_t187ap03_O_csv|esb:tpex_openapi_esb"
"2511.TW","太子建設開發股份有限公司","TWSE","14","lab.Unmapped","2026-09-13T13:36:04Z","tw_boards|twse:twse_openapi|tpex:mopsfin_t187ap03_O_csv|esb:tpex_openapi_esb"
"2514.TW","龍邦國際興業股份有限公司","TWSE","20","lab.Unmapped","2026-09-13T13:36:04Z","tw_boards|twse:twse_openapi|tpex:mopsfin_t187ap03_O_csv|esb:tpex_openapi_esb"
"2515.TW","中華工程股份有限公司","TWSE","14","lab.Unmapped","2026-09-13T13:36:04Z","tw_boards|twse:twse_openapi|tpex:mopsfin_t187ap03_O_csv|esb:tpex_openapi_esb"
"2516.TW","新亞建設開發股份有限公司","TWSE","14","lab.Unmapped","2026-09-13T13:36:04Z","tw_boards|twse:twse_openapi|tpex:mopsfin_t187ap03_O_csv|esb:tpex_openapi_esb"
"2520.TW","冠德建設股份有限公司","TWSE","14","lab.Unmapped","2026-09-13T13:36:04Z","tw_boards|twse:twse_openapi|tpex:mopsfin_t187ap03_O_csv|esb:tpex_openapi_esb"
"2524.TW","京城建設股份有限公司","TWSE","14","lab.Unmapped","2026-09-13T13:36:04Z","tw_boards|twse:twse_openapi|tpex:mopsfin_t187ap03_O_csv|esb:tpex_openapi_esb"
"2527.TW","宏璟建設股份有限公司","TWSE","14","lab.Unmapped","2026-09-13T13:36:04Z","tw_boards|twse:twse_openapi|tpex:mopsfin_t187ap03_O_csv|esb:tpex_openapi_esb"
"2528.TW","皇普建設股份有限公司","TWSE","14","lab.Unmapped","2026-09-13T13:36:04Z","tw_boards|twse:twse_openapi|tpex:mopsfin_t187ap03_O_csv|esb:tpex_openapi_esb"
"2530.TW","大華建設股份有限公司","TWSE","14","lab.Unmapped","2026-09-13T13:36:04Z","tw_boards|twse:twse_openapi|tpex:mopsfin_t187ap03_O_csv|esb:tpex_openapi_esb"
"2534.TW","宏盛建設股份有限公司","TWSE","14","lab.Unmapped","2026-09-13T13:36:04Z","tw_boards|twse:twse_openapi|tpex:mopsfin_t187ap03_O_csv|esb:tpex_openapi_esb"
"2535.TW","達欣工程股份有限公司","TWSE","14","lab.Unmapped","2026-09-13T13:36:04Z","tw_boards|twse:twse_openapi|tpex:mopsfin_t187ap03_O_csv|esb:tpex_openapi_esb"
"2536.TW","宏普建設股份有限公司","TWSE","14","lab.Unmapped","2026-09-13T13:36:04Z","tw_boards|twse:twse_openapi|tpex:mopsfin_t187ap03_O_csv|esb:tpex_openapi_esb"
"2537.TW","聯上開發股份有限公司","TWSE","14","lab.Unmapped","2026-09-13T13:36:04Z","tw_boards|twse:twse_openapi|tpex:mopsfin_t187ap03_O_csv|esb:tpex_openapi_esb"
"2538.TW","基泰建設股份有限公司","TWSE","14","lab.Unmapped","2026-09-13T13:36:04Z","tw_boards|twse:twse_openapi|tpex:mopsfin_t187ap03_O_csv|esb:tpex_openapi_esb"
"2539.TW","櫻花建設股份有限公司","TWSE","14","lab.Unmapped","2026-09-13T13:36:04Z","tw_boards|twse:twse_openapi|tpex:mopsfin_t187ap03_O_csv|esb:tpex_openapi_esb"
"2540.TW","愛山林建設開發股份有限公司","TWSE","14","lab.Unmapped","2026-09-13T13:36:04Z","tw_boards|twse:twse_openapi|tpex:mopsfin_t187ap03_O_csv|esb:tpex_openapi_esb"
"2542.TW","興富發建設股份有限公司","TWSE","14","lab.Unmapped","2026-09-13T13:36:04Z","tw_boards|twse:twse_openapi|tpex:mopsfin_t187ap03_O_csv|esb:tpex_openapi_esb"
"2543.TW","皇昌營造股份有限公司","TWSE","14","lab.Unmapped","2026-09-13T13:36:04Z","tw_boards|twse:twse_openapi|tpex:mopsfin_t187ap03_O_csv|esb:tpex_openapi_esb"
"2545.TW","皇翔建設股份有限公司","TWSE","14","lab.Unmapped","2026-09-13T13:36:04Z","tw_boards|twse:twse_openapi|tpex:mopsfin_t187ap03_O_csv|esb:tpex_openapi_esb"
"2546.TW","根基營造股份有限公司","TWSE","14","lab.Unmapped","2026-09-13T13:36:04Z","tw_boards|twse:twse_openapi|tpex:mopsfin_t187ap03_O_csv|esb:tpex_openapi_esb"
"2547.TW","日勝生活科技股份有限公司","TWSE","14","lab.Unmapped","2026-09-13T13:36:04Z","tw_boards|twse:twse_openapi|tpex:mopsfin_t187ap03_O_csv|esb:tpex_openapi_esb"
"2548.TW","華固建設股份有限公司","TWSE","14","lab.Unmapped","2026-09-13T13:36:04Z","tw_boards|twse:twse_openapi|tpex:mopsfin_t187ap03_O_csv|esb:tpex_openapi_esb"
"2597.TW","潤弘精密工程事業股份有限公司","TWSE","14","lab.Unmapped","2026-09-13T13:36:04Z","tw_boards|twse:twse_openapi|tpex:mopsfin_t187ap03_O_csv|esb:tpex_openapi_esb"
"2601.TW","益航股份有限公司","TWSE","15","lab.Unmapped","2026-09-13T13:36:04Z","tw_boards|twse:twse_openapi|tpex:mopsfin_t187ap03_O_csv|esb:tpex_openapi_esb"
"2603.TW","長榮海運股份有限公司","TWSE","15","lab.Unmapped","2026-09-13T13:36:04Z","tw_boards|twse:twse_openapi|tpex:mopsfin_t187ap03_O_csv|esb:tpex_openapi_esb"
"2605.TW","新興航運股份有限公司","TWSE","15","lab.Unmapped","2026-09-13T13:36:04Z","tw_boards|twse:twse_openapi|tpex:mopsfin_t187ap03_O_csv|esb:tpex_openapi_esb"
"2606.TW","裕民航運股份有限公司","TWSE","15","lab.Unmapped","2026-09-13T13:36:04Z","tw_boards|twse:twse_openapi|tpex:mopsfin_t187ap03_O_csv|esb:tpex_openapi_esb"
"2607.TW","長榮國際儲運股份有限公司","TWSE","15","lab.Unmapped","2026-09-13T13:36:04Z","tw_boards|twse:twse_openapi|tpex:mopsfin_t187ap03_O_csv|esb:tpex_openapi_esb"
"2608.TW","嘉里大榮物流股份有限公司","TWSE","15","lab.Unmapped","2026-09-13T13:36:04Z","tw_boards|twse:twse_openapi|tpex:mopsfin_t187ap03_O_csv|esb:tpex_openapi_esb"
"2609.TW","陽明海運股份有限公司","TWSE","15","lab.Unmapped","2026-09-13T13:36:04Z","tw_boards|twse:twse_openapi|tpex:mopsfin_t187ap03_O_csv|esb:tpex_openapi_esb"
"2610.TW","中華航空股份有限公司","TWSE","15","lab.Unmapped","2026-09-13T13:36:04Z","tw_boards|twse:twse_openapi|tpex:mopsfin_t187ap03_O_csv|esb:tpex_openapi_esb"
"2611.TW","志信國際股份有限公司","TWSE","15","lab.Unmapped","2026-09-13T13:36:04Z","tw_boards|twse:twse_openapi|tpex:mopsfin_t187ap03_O_csv|esb:tpex_openapi_esb"
"2612.TW","中國航運股份有限公司","TWSE","15","lab.Unmapped","2026-09-13T13:36:04Z","tw_boards|twse:twse_openapi|tpex:mopsfin_t187ap03_O_csv|esb:tpex_openapi_esb"
"2613.TW","中國貨櫃運輸股份有限公司","TWSE","15","lab.Unmapped","2026-09-13T13:36:04Z","tw_boards|twse:twse_openapi|tpex:mopsfin_t187ap03_O_csv|esb:tpex_openapi_esb"
"2614.TW","東森國際股份有限公司","TWSE","20","lab.Unmapped","2026-09-13T13:36:04Z","tw_boards|twse:twse_openapi|tpex:mopsfin_t187ap03_O_csv|esb:tpex_openapi_esb"
"2615.TW","萬海航運股份有限公司","TWSE","15","lab.Unmapped","2026-09-13T13:36:04Z","tw_boards|twse:twse_openapi|tpex:mopsfin_t187ap03_O_csv|esb:tpex_openapi_esb"
"2616.TW","山隆通運股份有限公司","TWSE","23","lab.Unmapped","2026-09-13T13:36:04Z","tw_boards|twse:twse_openapi|tpex:mopsfin_t187ap03_O_csv|esb:tpex_openapi_esb"
"2617.TW","台灣航業股份有限公司","TWSE","15","lab.Unmapped","2026-09-13T13:36:04Z","tw_boards|twse:twse_openapi|tpex:mopsfin_t187ap03_O_csv|esb:tpex_openapi_esb"
"2618.TW","長榮航空股份有限公司","TWSE","15","lab.Unmapped","2026-09-13T13:36:04Z","tw_boards|twse:twse_openapi|tpex:mopsfin_t187ap03_O_csv|esb:tpex_openapi_esb"
"2630.TW","亞洲航空股份有限公司","TWSE","15","lab.Unmapped","2026-09-13T13:36:04Z","tw_boards|twse:twse_openapi|tpex:mopsfin_t187ap03_O_csv|esb:tpex_openapi_esb"
"2633.TW","台灣高速鐵路股份有限公司","TWSE","15","lab.Unmapped","2026-09-13T13:36:04Z","tw_boards|twse:twse_openapi|tpex:mopsfin_t187ap03_O_csv|esb:tpex_openapi_esb"
"2634.TW","漢翔航空工業股份有限公司","TWSE","15","lab.Unmapped","2026-09-13T13:36:04Z","tw_boards|twse:twse_openapi|tpex:mopsfin_t187ap03_O_csv|esb:tpex_openapi_esb"
"2636.TW","台驊國際控股股份有限公司","TWSE","15","lab.Unmapped","2026-09-13T13:36:04Z","tw_boards|twse:twse_openapi|tpex:mopsfin_t187ap03_O_csv|esb:tpex_openapi_esb"
"2637.TW","慧洋海運股份有限公司","TWSE","15","lab.Unmapped","2026-09-13T13:36:04Z","tw_boards|twse:twse_openapi|tpex:mopsfin_t187ap03_O_csv|esb:tpex_openapi_esb"
"2642.TW","台灣宅配通股份有限公司","TWSE","15","lab.Unmapped","2026-09-13T13:36:04Z","tw_boards|twse:twse_openapi|tpex:mopsfin_t187ap03_O_csv|esb:tpex_openapi_esb"
"2645.TW","長榮航太科技股份有限公司","TWSE","15","lab.Unmapped","2026-09-13T13:36:04Z","tw_boards|twse:twse_openapi|tpex:mopsfin_t187ap03_O_csv|esb:tpex_openapi_esb"
"2646.TW","星宇航空股份有限公司","TWSE","15","lab.Unmapped","2026-09-13T13:36:04Z","tw_boards|twse:twse_openapi|tpex:mopsfin_t187ap03_O_csv|esb:tpex_openapi_esb"
"2701.TW","萬華企業股份有限公司","TWSE","16","lab.Unmapped","2026-09-13T13:36:04Z","tw_boards|twse:twse_openapi|tpex:mopsfin_t187ap03_O_csv|esb:tpex_openapi_esb"
"2702.TW","華園飯店股份有限公司","TWSE","16","lab.Unmapped","2026-09-13T13:36:04Z","tw_boards|twse:twse_openapi|tpex:mopsfin_t187ap03_O_csv|esb:tpex_openapi_esb"
"2704.TW","國賓大飯店股份有限公司","TWSE","16","lab.Unmapped","2026-09-13T13:36:04Z","tw_boards|twse:twse_openapi|tpex:mopsfin_t187ap03_O_csv|esb:tpex_openapi_esb"
"2705.TW","六福開發股份有限公司","TWSE","16","lab.Unmapped","2026-09-13T13:36:04Z","tw_boards|twse:twse_openapi|tpex:mopsfin_t187ap03_O_csv|esb:tpex_openapi_esb"
"2706.TW","第一華僑大飯店股份有限公司","TWSE","16","lab.Unmapped","2026-09-13T13:36:04Z","tw_boards|twse:twse_openapi|tpex:mopsfin_t187ap03_O_csv|esb:tpex_openapi_esb"
"2707.TW","晶華國際酒店股份有限公司","TWSE","16","lab.Unmapped","2026-09-13T13:36:04Z","tw_boards|twse:twse_openapi|tpex:mopsfin_t187ap03_O_csv|esb:tpex_openapi_esb"
"2712.TW","遠雄悅來大飯店股份有限公司","TWSE","16","lab.Unmapped","2026-09-13T13:36:04Z","tw_boards|twse:twse_openapi|tpex:mopsfin_t187ap03_O_csv|esb:tpex_openapi_esb"
"2722.TW","夏都國際開發股份有限公司","TWSE","16","lab.Unmapped","2026-09-13T13:36:04Z","tw_boards|twse:twse_openapi|tpex:mopsfin_t187ap03_O_csv|esb:tpex_openapi_esb"
"2723.TW","開曼美食達人股份有限公司","TWSE","16","lab.Unmapped","2026-09-13T13:36:04Z","tw_boards|twse:twse_openapi|tpex:mopsfin_t187ap03_O_csv|esb:tpex_openapi_esb"
"2727.TW","王品餐飲股份有限公司","TWSE","16","lab.Unmapped","2026-09-13T13:36:04Z","tw_boards|twse:twse_openapi|tpex:mopsfin_t187ap03_O_csv|esb:tpex_openapi_esb"
"2731.TW","雄獅旅行社股份有限公司","TWSE","16","lab.Unmapped","2026-09-13T13:36:04Z","tw_boards|twse:twse_openapi|tpex:mopsfin_t187ap03_O_csv|esb:tpex_openapi_esb"
"2739.TW","寒舍餐旅管理顧問股份有限公司","TWSE","16","lab.Unmapped","2026-09-13T13:36:04Z","tw_boards|twse:twse_openapi|tpex:mopsfin_t187ap03_O_csv|esb:tpex_openapi_esb"
"2748.TW","雲品國際酒店股份有限公司","TWSE","16","lab.Unmapped","2026-09-13T13:36:04Z","tw_boards|twse:twse_openapi|tpex:mopsfin_t187ap03_O_csv|esb:tpex_openapi_esb"
"2753.TW","八方雲集國際股份有限公司","TWSE","16","lab.Unmapped","2026-09-13T13:36:04Z","tw_boards|twse:twse_openapi|tpex:mopsfin_t187ap03_O_csv|esb:tpex_openapi_esb"
"2762.TW","世界健身股份有限公司","TWSE","37","lab.Unmapped","2026-09-13T13:36:04Z","tw_boards|twse:twse_openapi|tpex:mopsfin_t187ap03_O_csv|esb:tpex_openapi_esb"
"2801.TW","彰化商業銀行股份有限公司","TWSE","17","lab.Unmapped","2026-09-13T13:36:04Z","tw_boards|twse:twse_openapi|tpex:mopsfin_t187ap03_O_csv|esb:tpex_openapi_esb"
"2812.TW","台中商業銀行股份有限公司","TWSE","17","lab.Unmapped","2026-09-13T13:36:04Z","tw_boards|twse:twse_openapi|tpex:mopsfin_t187ap03_O_csv|esb:tpex_openapi_esb"
"2816.TW","旺旺友聯產物保險股份有限公司","TWSE","17","lab.Unmapped","2026-09-13T13:36:04Z","tw_boards|twse:twse_openapi|tpex:mopsfin_t187ap03_O_csv|esb:tpex_openapi_esb"
"2820.TW","中華票券金融股份有限公司","TWSE","17","lab.Unmapped","2026-09-13T13:36:04Z","tw_boards|twse:twse_openapi|tpex:mopsfin_t187ap03_O_csv|esb:tpex_openapi_esb"
"2832.TW","台灣產物保險股份有限公司","TWSE","17","lab.Unmapped","2026-09-13T13:36:04Z","tw_boards|twse:twse_openapi|tpex:mopsfin_t187ap03_O_csv|esb:tpex_openapi_esb"
"2834.TW","臺灣中小企業銀行股份有限公司","TWSE","17","lab.Unmapped","2026-09-13T13:36:04Z","tw_boards|twse:twse_openapi|tpex:mopsfin_t187ap03_O_csv|esb:tpex_openapi_esb"
"2836.TW","高雄銀行股份有限公司","TWSE","17","lab.Unmapped","2026-09-13T13:36:04Z","tw_boards|twse:twse_openapi|tpex:mopsfin_t187ap03_O_csv|esb:tpex_openapi_esb"
"2838.TW","聯邦商業銀行股份有限公司","TWSE","17","lab.Unmapped","2026-09-13T13:36:04Z","tw_boards|twse:twse_openapi|tpex:mopsfin_t187ap03_O_csv|esb:tpex_openapi_esb"
"2845.TW","遠東國際商業銀行股份有限公司","TWSE","17","lab.Unmapped","2026-09-13T13:36:04Z","tw_boards|twse:twse_openapi|tpex:mopsfin_t187ap03_O_csv|esb:tpex_openapi_esb"
"2849.TW","安泰商業銀行股份有限公司","TWSE","17","lab.Unmapped","2026-09-13T13:36:04Z","tw_boards|twse:twse_openapi|tpex:mopsfin_t187ap03_O_csv|esb:tpex_openapi_esb"
"2850.TW","新光產物保險股份有限公司","TWSE","17","lab.Unmapped","2026-09-13T13:36:04Z","tw_boards|twse:twse_openapi|tpex:mopsfin_t187ap03_O_csv|esb:tpex_openapi_esb"
"2851.TW","中央再保險股份有限公司","TWSE","17","lab.Unmapped","2026-09-13T13:36:04Z","tw_boards|twse:twse_openapi|tpex:mopsfin_t187ap03_O_csv|esb:tpex_openapi_esb"
"2852.TW","第一產物保險股份有限公司","TWSE","17","lab.Unmapped","2026-09-13T13:36:04Z","tw_boards|twse:twse_openapi|tpex:mopsfin_t187ap03_O_csv|esb:tpex_openapi_esb"
"2855.TW","統一綜合證券股份有限公司","TWSE","17","lab.Unmapped","2026-09-13T13:36:04Z","tw_boards|twse:twse_openapi|tpex:mopsfin_t187ap03_O_csv|esb:tpex_openapi_esb"
"2880.TW","華南金融控股股份有限公司","TWSE","17","lab.Unmapped","2026-09-13T13:36:04Z","tw_boards|twse:twse_openapi|tpex:mopsfin_t187ap03_O_csv|esb:tpex_openapi_esb"
"2881.TW","富邦金融控股股份有限公司","TWSE","17","lab.Unmapped","2026-09-13T13:36:04Z","tw_boards|twse:twse_openapi|tpex:mopsfin_t187ap03_O_csv|esb:tpex_openapi_esb"
"2882.TW","國泰金融控股股份有限公司","TWSE","17","lab.Unmapped","2026-09-13T13:36:04Z","tw_boards|twse:twse_openapi|tpex:mopsfin_t187ap03_O_csv|esb:tpex_openapi_esb"
"2884.TW","玉山金融控股股份有限公司","TWSE","17","lab.Unmapped","2026-09-13T13:36:04Z","tw_boards|twse:twse_openapi|tpex:mopsfin_t187ap03_O_csv|esb:tpex_openapi_esb"
"2885.TW","元大金融控股股份有限公司","TWSE","17","lab.Unmapped","2026-09-13T13:36:04Z","tw_boards|twse:twse_openapi|tpex:mopsfin_t187ap03_O_csv|esb:tpex_openapi_esb"
"2886.TW","兆豐金融控股股份有限公司","TWSE","17","lab.Unmapped","2026-09-13T13:36:04Z","tw_boards|twse:twse_openapi|tpex:mopsfin_t187ap03_O_csv|esb:tpex_openapi_esb"
"2887.TW","台新新光金融控股股份有限公司","TWSE","17","lab.Unmapped","2026-09-13T13:36:04Z","tw_boards|twse:twse_openapi|tpex:mopsfin_t187ap03_O_csv|esb:tpex_openapi_esb"
"2889.TW","國票金融控股股份有限公司","TWSE","17","lab.Unmapped","2026-09-13T13:36:04Z","tw_boards|twse:twse_openapi|tpex:mopsfin_t187ap03_O_csv|esb:tpex_openapi_esb"
"2890.TW","永豐金融控股股份有限公司","TWSE","17","lab.Unmapped","2026-09-13T13:36:04Z","tw_boards|twse:twse_openapi|tpex:mopsfin_t187ap03_O_csv|esb:tpex_openapi_esb"
"2891.TW","中國信託金融控股股份有限公司","TWSE","17","lab.Unmapped","2026-09-13T13:36:04Z","tw_boards|twse:twse_openapi|tpex:mopsfin_t187ap03_O_csv|esb:tpex_openapi_esb"
"2892.TW","第一金融控股股份有限公司","TWSE","17","lab.Unmapped","2026-09-13T13:36:04Z","tw_boards|twse:twse_openapi|tpex:mopsfin_t187ap03_O_csv|esb:tpex_openapi_esb"
"2897.TW","王道商業銀行股份有限公司","TWSE","17","lab.Unmapped","2026-09-13T13:36:04Z","tw_boards|twse:twse_openapi|tpex:mopsfin_t187ap03_O_csv|esb:tpex_openapi_esb"
"2901.TW","欣欣大眾市場股份有限公司","TWSE","18","lab.Unmapped","2026-09-13T13:36:04Z","tw_boards|twse:twse_openapi|tpex:mopsfin_t187ap03_O_csv|esb:tpex_openapi_esb"
"2903.TW","遠東百貨股份有限公司","TWSE","18","lab.Unmapped","2026-09-13T13:36:04Z","tw_boards|twse:twse_openapi|tpex:mopsfin_t187ap03_O_csv|esb:tpex_openapi_esb"
"2904.TW","匯僑股份有限公司","TWSE","20","lab.Unmapped","2026-09-13T13:36:04Z","tw_boards|twse:twse_openapi|tpex:mopsfin_t187ap03_O_csv|esb:tpex_openapi_esb"
"2905.TW","三商投資控股股份有限公司","TWSE","18","lab.Unmapped","2026-09-13T13:36:04Z","tw_boards|twse:twse_openapi|tpex:mopsfin_t187ap03_O_csv|esb:tpex_openapi_esb"
"2906.TW","高林實業股份有限公司","TWSE","18","lab.Unmapped","2026-09-13T13:36:04Z","tw_boards|twse:twse_openapi|tpex:mopsfin_t187ap03_O_csv|esb:tpex_openapi_esb"
"2908.TW","特力股份有限公司","TWSE","18","lab.Unmapped","2026-09-13T13:36:04Z","tw_boards|twse:twse_openapi|tpex:mopsfin_t187ap03_O_csv|esb:tpex_openapi_esb"
"2910.TW","統領百貨股份有限公司","TWSE","18","lab.Unmapped","2026-09-13T13:36:04Z","tw_boards|twse:twse_openapi|tpex:mopsfin_t187ap03_O_csv|esb:tpex_openapi_esb"
"2911.TW","麗嬰房股份有限公司","TWSE","18","lab.Unmapped","2026-09-13T13:36:04Z","tw_boards|twse:twse_openapi|tpex:mopsfin_t187ap03_O_csv|esb:tpex_openapi_esb"
"2912.TW","統一超商股份有限公司","TWSE","18","lab.Unmapped","2026-09-13T13:36:04Z","tw_boards|twse:twse_openapi|tpex:mopsfin_t187ap03_O_csv|esb:tpex_openapi_esb"
"2913.TW","台灣農林股份有限公司","TWSE","18","lab.Unmapped","2026-09-13T13:36:04Z","tw_boards|twse:twse_openapi|tpex:mopsfin_t187ap03_O_csv|esb:tpex_openapi_esb"
"2915.TW","潤泰全球股份有限公司","TWSE","18","lab.Unmapped","2026-09-13T13:36:04Z","tw_boards|twse:twse_openapi|tpex:mopsfin_t187ap03_O_csv|esb:tpex_openapi_esb"
"2923.TW","鼎固控股有限公司","TWSE","14","lab.Unmapped","2026-09-13T13:36:04Z","tw_boards|twse:twse_openapi|tpex:mopsfin_t187ap03_O_csv|esb:tpex_openapi_esb"
"2929.TW","淘帝國際控股有限公司","TWSE","18","lab.Unmapped","2026-09-13T13:36:04Z","tw_boards|twse:twse_openapi|tpex:mopsfin_t187ap03_O_csv|esb:tpex_openapi_esb"
"2939.TW","永邑國際集團股份有限公司","TWSE","18","lab.Unmapped","2026-09-13T13:36:04Z","tw_boards|twse:twse_openapi|tpex:mopsfin_t187ap03_O_csv|esb:tpex_openapi_esb"
"2945.TW","三商家購股份有限公司","TWSE","18","lab.Unmapped","2026-09-13T13:36:04Z","tw_boards|twse:twse_openapi|tpex:mopsfin_t187ap03_O_csv|esb:tpex_openapi_esb"
"3002.TW","歐格電子股份有限公司","TWSE","25","lab.Unmapped","2026-09-13T13:36:04Z","tw_boards|twse:twse_openapi|tpex:mopsfin_t187ap03_O_csv|esb:tpex_openapi_esb"
"3003.TW","健和興端子股份有限公司","TWSE","28","lab.Unmapped","2026-09-13T13:36:04Z","tw_boards|twse:twse_openapi|tpex:mopsfin_t187ap03_O_csv|esb:tpex_openapi_esb"
"3004.TW","豐達科技股份有限公司","TWSE","10","lab.Unmapped","2026-09-13T13:36:04Z","tw_boards|twse:twse_openapi|tpex:mopsfin_t187ap03_O_csv|esb:tpex_openapi_esb"
"3005.TW","神基控股股份有限公司","TWSE","25","lab.Unmapped","2026-09-13T13:36:04Z","tw_boards|twse:twse_openapi|tpex:mopsfin_t187ap03_O_csv|esb:tpex_openapi_esb"
"3006.TW","晶豪科技股份有限公司","TWSE","24","lab.Unmapped","2026-09-13T13:36:04Z","tw_boards|twse:twse_openapi|tpex:mopsfin_t187ap03_O_csv|esb:tpex_openapi_esb"
"3008.TW","大立光電股份有限公司","TWSE","26","lab.Unmapped","2026-09-13T13:36:04Z","tw_boards|twse:twse_openapi|tpex:mopsfin_t187ap03_O_csv|esb:tpex_openapi_esb"
"3010.TW","華立企業股份有限公司","TWSE","29","lab.Unmapped","2026-09-13T13:36:04Z","tw_boards|twse:twse_openapi|tpex:mopsfin_t187ap03_O_csv|esb:tpex_openapi_esb"
"3011.TW","今皓實業股份有限公司","TWSE","28","lab.Unmapped","2026-09-13T13:36:04Z","tw_boards|twse:twse_openapi|tpex:mopsfin_t187ap03_O_csv|esb:tpex_openapi_esb"
"3013.TW","晟銘電子科技股份有限公司","TWSE","25","lab.Unmapped","2026-09-13T13:36:04Z","tw_boards|twse:twse_openapi|tpex:mopsfin_t187ap03_O_csv|esb:tpex_openapi_esb"
"3014.TW","聯陽半導體股份有限公司","TWSE","24","lab.Unmapped","2026-09-13T13:36:04Z","tw_boards|twse:twse_openapi|tpex:mopsfin_t187ap03_O_csv|esb:tpex_openapi_esb"
"3015.TW","全漢企業股份有限公司","TWSE","28","lab.Unmapped","2026-09-13T13:36:04Z","tw_boards|twse:twse_openapi|tpex:mopsfin_t187ap03_O_csv|esb:tpex_openapi_esb"
"3016.TW","嘉晶電子股份有限公司","TWSE","24","lab.Unmapped","2026-09-13T13:36:04Z","tw_boards|twse:twse_openapi|tpex:mopsfin_t187ap03_O_csv|esb:tpex_openapi_esb"
"3017.TW","奇鋐科技股份有限公司","TWSE","25","lab.Unmapped","2026-09-13T13:36:04Z","tw_boards|twse:twse_openapi|tpex:mopsfin_t187ap03_O_csv|esb:tpex_openapi_esb"
"3018.TW","隆銘綠能科技工程股份有限公司","TWSE","31","lab.Unmapped","2026-09-13T13:36:04Z","tw_boards|twse:twse_openapi|tpex:mopsfin_t187ap03_O_csv|esb:tpex_openapi_esb"
"3019.TW","亞洲光學股份有限公司","TWSE","26","lab.Unmapped","2026-09-13T13:36:04Z","tw_boards|twse:twse_openapi|tpex:mopsfin_t187ap03_O_csv|esb:tpex_openapi_esb"
"3021.TW","鴻名企業股份有限公司","TWSE","28","lab.Unmapped","2026-09-13T13:36:04Z","tw_boards|twse:twse_openapi|tpex:mopsfin_t187ap03_O_csv|esb:tpex_openapi_esb"
"3022.TW","威強電工業電腦股份有限公司","TWSE","25","lab.Unmapped","2026-09-13T13:36:04Z","tw_boards|twse:twse_openapi|tpex:mopsfin_t187ap03_O_csv|esb:tpex_openapi_esb"
"3023.TW","信邦電子股份有限公司","TWSE","28","lab.Unmapped","2026-09-13T13:36:04Z","tw_boards|twse:twse_openapi|tpex:mopsfin_t187ap03_O_csv|esb:tpex_openapi_esb"
"3024.TW","憶聲電子股份有限公司","TWSE","26","lab.Unmapped","2026-09-13T13:36:04Z","tw_boards|twse:twse_openapi|tpex:mopsfin_t187ap03_O_csv|esb:tpex_openapi_esb"
"3025.TW","星通資訊股份有限公司","TWSE","27","lab.Unmapped","2026-09-13T13:36:04Z","tw_boards|twse:twse_openapi|tpex:mopsfin_t187ap03_O_csv|esb:tpex_openapi_esb"
"3026.TW","禾伸堂企業股份有限公司","TWSE","28","lab.Unmapped","2026-09-13T13:36:04Z","tw_boards|twse:twse_openapi|tpex:mopsfin_t187ap03_O_csv|esb:tpex_openapi_esb"
"3027.TW","盛達電業股份有限公司","TWSE","27","lab.Unmapped","2026-09-13T13:36:04Z","tw_boards|twse:twse_openapi|tpex:mopsfin_t187ap03_O_csv|esb:tpex_openapi_esb"
"3028.TW","增你強股份有限公司","TWSE","29","lab.Unmapped","2026-09-13T13:36:04Z","tw_boards|twse:twse_openapi|tpex:mopsfin_t187ap03_O_csv|esb:tpex_openapi_esb"
"3029.TW","零壹科技股份有限公司","TWSE","30","lab.Unmapped","2026-09-13T13:36:04Z","tw_boards|twse:twse_openapi|tpex:mopsfin_t187ap03_O_csv|esb:tpex_openapi_esb"
"3030.TW","德律科技股份有限公司","TWSE","31","lab.Unmapped","2026-09-13T13:36:04Z","tw_boards|twse:twse_openapi|tpex:mopsfin_t187ap03_O_csv|esb:tpex_openapi_esb"
"3031.TW","佰鴻工業股份有限公司","TWSE","26","lab.Unmapped","2026-09-13T13:36:04Z","tw_boards|twse:twse_openapi|tpex:mopsfin_t187ap03_O_csv|esb:tpex_openapi_esb"
"3032.TW","偉訓科技股份有限公司","TWSE","28","lab.Unmapped","2026-09-13T13:36:04Z","tw_boards|twse:twse_openapi|tpex:mopsfin_t187ap03_O_csv|esb:tpex_openapi_esb"
"3033.TW","威健實業股份有限公司","TWSE","29","lab.Unmapped","2026-09-13T13:36:04Z","tw_boards|twse:twse_openapi|tpex:mopsfin_t187ap03_O_csv|esb:tpex_openapi_esb"
"3034.TW","聯詠科技股份有限公司","TWSE","24","lab.Unmapped","2026-09-13T13:36:04Z","tw_boards|twse:twse_openapi|tpex:mopsfin_t187ap03_O_csv|esb:tpex_openapi_esb"
"3035.TW","智原科技股份有限公司","TWSE","24","lab.Unmapped","2026-09-13T13:36:04Z","tw_boards|twse:twse_openapi|tpex:mopsfin_t187ap03_O_csv|esb:tpex_openapi_esb"
"3036.TW","文曄科技股份有限公司","TWSE","29","lab.Unmapped","2026-09-13T13:36:04Z","tw_boards|twse:twse_openapi|tpex:mopsfin_t187ap03_O_csv|esb:tpex_openapi_esb"
"3037.TW","欣興電子股份有限公司","TWSE","28","lab.Unmapped","2026-09-13T13:36:04Z","tw_boards|twse:twse_openapi|tpex:mopsfin_t187ap03_O_csv|esb:tpex_openapi_esb"
"3038.TW","全台晶像股份有限公司","TWSE","26","lab.Unmapped","2026-09-13T13:36:04Z","tw_boards|twse:twse_openapi|tpex:mopsfin_t187ap03_O_csv|esb:tpex_openapi_esb"
"3040.TW","遠見科技股份有限公司","TWSE","20","lab.Unmapped","2026-09-13T13:36:04Z","tw_boards|twse:twse_openapi|tpex:mopsfin_t187ap03_O_csv|esb:tpex_openapi_esb"
"3041.TW","揚智科技股份有限公司","TWSE","24","lab.Unmapped","2026-09-13T13:36:04Z","tw_boards|twse:twse_openapi|tpex:mopsfin_t187ap03_O_csv|esb:tpex_openapi_esb"
"3042.TW","台灣晶技股份有限公司","TWSE","28","lab.Unmapped","2026-09-13T13:36:04Z","tw_boards|twse:twse_openapi|tpex:mopsfin_t187ap03_O_csv|esb:tpex_openapi_esb"
"3043.TW","科風股份有限公司","TWSE","31","lab.Unmapped","2026-09-13T13:36:04Z","tw_boards|twse:twse_openapi|tpex:mopsfin_t187ap03_O_csv|esb:tpex_openapi_esb"
"3044.TW","健鼎科技股份有限公司","TWSE","28","lab.Unmapped","2026-09-13T13:36:04Z","tw_boards|twse:twse_openapi|tpex:mopsfin_t187ap03_O_csv|esb:tpex_openapi_esb"
"3045.TW","台灣大哥大股份有限公司","TWSE","27","lab.Unmapped","2026-09-13T13:36:04Z","tw_boards|twse:twse_openapi|tpex:mopsfin_t187ap03_O_csv|esb:tpex_openapi_esb"
"3046.TW","建碁股份有限公司","TWSE","25","lab.Unmapped","2026-09-13T13:36:04Z","tw_boards|twse:twse_openapi|tpex:mopsfin_t187ap03_O_csv|esb:tpex_openapi_esb"
"3047.TW","訊舟科技股份有限公司","TWSE","27","lab.Unmapped","2026-09-13T13:36:04Z","tw_boards|twse:twse_openapi|tpex:mopsfin_t187ap03_O_csv|esb:tpex_openapi_esb"
"3048.TW","益登科技股份有限公司","TWSE","29","lab.Unmapped","2026-09-13T13:36:04Z","tw_boards|twse:twse_openapi|tpex:mopsfin_t187ap03_O_csv|esb:tpex_openapi_esb"
"3049.TW","精金科技股份有限公司","TWSE","26","lab.Unmapped","2026-09-13T13:36:04Z","tw_boards|twse:twse_openapi|tpex:mopsfin_t187ap03_O_csv|esb:tpex_openapi_esb"
"3050.TW","鈺德科技股份有限公司","TWSE","26","lab.Unmapped","2026-09-13T13:36:04Z","tw_boards|twse:twse_openapi|tpex:mopsfin_t187ap03_O_csv|esb:tpex_openapi_esb"
"3051.TW","力特光電科技股份有限公司","TWSE","26","lab.Unmapped","2026-09-13T13:36:04Z","tw_boards|twse:twse_openapi|tpex:mopsfin_t187ap03_O_csv|esb:tpex_openapi_esb"
"3052.TW","夆典科技開發股份有限公司","TWSE","14","lab.Unmapped","2026-09-13T13:36:04Z","tw_boards|twse:twse_openapi|tpex:mopsfin_t187ap03_O_csv|esb:tpex_openapi_esb"
"3054.TW","立萬利創新股份有限公司","TWSE","29","lab.Unmapped","2026-09-13T13:36:04Z","tw_boards|twse:twse_openapi|tpex:mopsfin_t187ap03_O_csv|esb:tpex_openapi_esb"
"3055.TW","蔚華科技股份有限公司","TWSE","29","lab.Unmapped","2026-09-13T13:36:04Z","tw_boards|twse:twse_openapi|tpex:mopsfin_t187ap03_O_csv|esb:tpex_openapi_esb"
"3056.TW","富華創新股份有限公司","TWSE","14","lab.Unmapped","2026-09-13T13:36:04Z","tw_boards|twse:twse_openapi|tpex:mopsfin_t187ap03_O_csv|esb:tpex_openapi_esb"
"3057.TW","喬鼎資訊股份有限公司","TWSE","25","lab.Unmapped","2026-09-13T13:36:04Z","tw_boards|twse:twse_openapi|tpex:mopsfin_t187ap03_O_csv|esb:tpex_openapi_esb"
"3058.TW","立德電子股份有限公司","TWSE","28","lab.Unmapped","2026-09-13T13:36:04Z","tw_boards|twse:twse_openapi|tpex:mopsfin_t187ap03_O_csv|esb:tpex_openapi_esb"
"3059.TW","華晶科技股份有限公司","TWSE","26","lab.Unmapped","2026-09-13T13:36:04Z","tw_boards|twse:twse_openapi|tpex:mopsfin_t187ap03_O_csv|esb:tpex_openapi_esb"
"3060.TW","銘異科技股份有限公司","TWSE","25","lab.Unmapped","2026-09-13T13:36:04Z","tw_boards|twse:twse_openapi|tpex:mopsfin_t187ap03_O_csv|esb:tpex_openapi_esb"
"3062.TW","建漢科技股份有限公司","TWSE","27","lab.Unmapped","2026-09-13T13:36:04Z","tw_boards|twse:twse_openapi|tpex:mopsfin_t187ap03_O_csv|esb:tpex_openapi_esb"
"3090.TW","日電貿股份有限公司","TWSE","28","lab.Unmapped","2026-09-13T13:36:04Z","tw_boards|twse:twse_openapi|tpex:mopsfin_t187ap03_O_csv|esb:tpex_openapi_esb"
"3092.TW","鴻碩精密電工股份有限公司","TWSE","28","lab.Unmapped","2026-09-13T13:36:04Z","tw_boards|twse:twse_openapi|tpex:mopsfin_t187ap03_O_csv|esb:tpex_openapi_esb"
"3094.TW","聯傑國際股份有限公司","TWSE","24","lab.Unmapped","2026-09-13T13:36:04Z","tw_boards|twse:twse_openapi|tpex:mopsfin_t187ap03_O_csv|esb:tpex_openapi_esb"
"3130.TW","一零四資訊科技股份有限公司","TWSE","36","lab.Unmapped","2026-09-13T13:36:04Z","tw_boards|twse:twse_openapi|tpex:mopsfin_t187ap03_O_csv|esb:tpex_openapi_esb"
"3135.TW","凌航科技股份有限公司","TWSE","24","lab.Unmapped","2026-09-13T13:36:04Z","tw_boards|twse:twse_openapi|tpex:mopsfin_t187ap03_O_csv|esb:tpex_openapi_esb"
"3138.TW","耀登科技股份有限公司","TWSE","27","lab.Unmapped","2026-09-13T13:36:04Z","tw_boards|twse:twse_openapi|tpex:mopsfin_t187ap03_O_csv|esb:tpex_openapi_esb"
"3149.TW","正達國際光電股份有限公司","TWSE","26","lab.Unmapped","2026-09-13T13:36:04Z","tw_boards|twse:twse_openapi|tpex:mopsfin_t187ap03_O_csv|esb:tpex_openapi_esb"
"3150.TW","鈺寶科技股份有限公司","TWSE","24","lab.Unmapped","2026-09-13T13:36:04Z","tw_boards|twse:twse_openapi|tpex:mopsfin_t187ap03_O_csv|esb:tpex_openapi_esb"
"3164.TW","景岳生物科技股份有限公司","TWSE","22","lab.Unmapped","2026-09-13T13:36:04Z","tw_boards|twse:twse_openapi|tpex:mopsfin_t187ap03_O_csv|esb:tpex_openapi_esb"
"3167.TW","大量科技股份有限公司","TWSE","05","lab.Unmapped","2026-09-13T13:36:04Z","tw_boards|twse:twse_openapi|tpex:mopsfin_t187ap03_O_csv|esb:tpex_openapi_esb"
"3168.TW","眾福科技股份有限公司","TWSE","26","lab.Unmapped","2026-09-13T13:36:04Z","tw_boards|twse:twse_openapi|tpex:mopsfin_t187ap03_O_csv|esb:tpex_openapi_esb"
"3189.TW","景碩科技股份有限公司","TWSE","24","lab.Unmapped","2026-09-13T13:36:04Z","tw_boards|twse:twse_openapi|tpex:mopsfin_t187ap03_O_csv|esb:tpex_openapi_esb"
"3209.TW","全科科技股份有限公司","TWSE","29","lab.Unmapped","2026-09-13T13:36:04Z","tw_boards|twse:twse_openapi|tpex:mopsfin_t187ap03_O_csv|esb:tpex_openapi_esb"
"3229.TW","晟鈦股份有限公司","TWSE","28","lab.Unmapped","2026-09-13T13:36:04Z","tw_boards|twse:twse_openapi|tpex:mopsfin_t187ap03_O_csv|esb:tpex_openapi_esb"
"3231.TW","緯創資通股份有限公司","TWSE","25","lab.Unmapped","2026-09-13T13:36:04Z","tw_boards|twse:twse_openapi|tpex:mopsfin_t187ap03_O_csv|esb:tpex_openapi_esb"
"3257.TW","虹冠電子工業股份有限公司","TWSE","24","lab.Unmapped","2026-09-13T13:36:04Z","tw_boards|twse:twse_openapi|tpex:mopsfin_t187ap03_O_csv|esb:tpex_openapi_esb"
"3266.TW","昇陽建設企業股份有限公司","TWSE","14","lab.Unmapped","2026-09-13T13:36:04Z","tw_boards|twse:twse_openapi|tpex:mopsfin_t187ap03_O_csv|esb:tpex_openapi_esb"
"3296.TW","勝德國際研發股份有限公司","TWSE","28","lab.Unmapped","2026-09-13T13:36:04Z","tw_boards|twse:twse_openapi|tpex:mopsfin_t187ap03_O_csv|esb:tpex_openapi_esb"
"3305.TW","昇貿科技股份有限公司","TWSE","31","lab.Unmapped","2026-09-13T13:36:04Z","tw_boards|twse:twse_openapi|tpex:mopsfin_t187ap03_O_csv|esb:tpex_openapi_esb"
"3308.TW","聯德電子股份有限公司","TWSE","28","lab.Unmapped","2026-09-13T13:36:04Z","tw_boards|twse:twse_openapi|tpex:mopsfin_t187ap03_O_csv|esb:tpex_openapi_esb"
"3311.TW","閎暉實業股份有限公司","TWSE","27","lab.Unmapped","2026-09-13T13:36:04Z","tw_boards|twse:twse_openapi|tpex:mopsfin_t187ap03_O_csv|esb:tpex_openapi_esb"
"3312.TW","弘憶國際股份有限公司","TWSE","29","lab.Unmapped","2026-09-13T13:36:04Z","tw_boards|twse:twse_openapi|tpex:mopsfin_t187ap03_O_csv|esb:tpex_openapi_esb"
"3321.TW","同泰電子科技股份有限公司","TWSE","28","lab.Unmapped","2026-09-13T13:36:04Z","tw_boards|twse:twse_openapi|tpex:mopsfin_t187ap03_O_csv|esb:tpex_openapi_esb"
"3338.TW","泰碩電子股份有限公司","TWSE","28","lab.Unmapped","2026-09-13T13:36:04Z","tw_boards|twse:twse_openapi|tpex:mopsfin_t187ap03_O_csv|esb:tpex_openapi_esb"
"3346.TW","麗清科技股份有限公司","TWSE","12","lab.Unmapped","2026-09-13T13:36:04Z","tw_boards|twse:twse_openapi|tpex:mopsfin_t187ap03_O_csv|esb:tpex_openapi_esb"
"3356.TW","奇偶科技股份有限公司","TWSE","26","lab.Unmapped","2026-09-13T13:36:04Z","tw_boards|twse:twse_openapi|tpex:mopsfin_t187ap03_O_csv|esb:tpex_openapi_esb"
"3376.TW","新日興股份有限公司","TWSE","28","lab.Unmapped","2026-09-13T13:36:04Z","tw_boards|twse:twse_openapi|tpex:mopsfin_t187ap03_O_csv|esb:tpex_openapi_esb"
"3380.TW","明泰科技股份有限公司","TWSE","27","lab.Unmapped","2026-09-13T13:36:04Z","tw_boards|twse:twse_openapi|tpex:mopsfin_t187ap03_O_csv|esb:tpex_openapi_esb"
"3406.TW","玉晶光電股份有限公司","TWSE","26","lab.Unmapped","2026-09-13T13:36:04Z","tw_boards|twse:twse_openapi|tpex:mopsfin_t187ap03_O_csv|esb:tpex_openapi_esb"
"3413.TW","京鼎精密科技股份有限公司","TWSE","24","lab.Unmapped","2026-09-13T13:36:04Z","tw_boards|twse:twse_openapi|tpex:mopsfin_t187ap03_O_csv|esb:tpex_openapi_esb"
"3416.TW","融程電訊股份有限公司","TWSE","25","lab.Unmapped","2026-09-13T13:36:04Z","tw_boards|twse:twse_openapi|tpex:mopsfin_t187ap03_O_csv|esb:tpex_openapi_esb"
"3419.TW","譁裕實業股份有限公司","TWSE","27","lab.Unmapped","2026-09-13T13:36:04Z","tw_boards|twse:twse_openapi|tpex:mopsfin_t187ap03_O_csv|esb:tpex_openapi_esb"
"3432.TW","台端興業股份有限公司","TWSE","28","lab.Unmapped","2026-09-13T13:36:04Z","tw_boards|twse:twse_openapi|tpex:mopsfin_t187ap03_O_csv|esb:tpex_openapi_esb"
"3437.TW","榮創能源科技股份有限公司","TWSE","26","lab.Unmapped","2026-09-13T13:36:04Z","tw_boards|twse:twse_openapi|tpex:mopsfin_t187ap03_O_csv|esb:tpex_openapi_esb"
"3443.TW","創意電子股份有限公司","TWSE","24","lab.Unmapped","2026-09-13T13:36:04Z","tw_boards|twse:twse_openapi|tpex:mopsfin_t187ap03_O_csv|esb:tpex_openapi_esb"
"3447.TW","展達通訊股份有限公司","TWSE","27","lab.Unmapped","2026-09-13T13:36:04Z","tw_boards|twse:twse_openapi|tpex:mopsfin_t187ap03_O_csv|esb:tpex_openapi_esb"
"3450.TW","聯鈞光電股份有限公司","TWSE","24","lab.Unmapped","2026-09-13T13:36:04Z","tw_boards|twse:twse_openapi|tpex:mopsfin_t187ap03_O_csv|esb:tpex_openapi_esb"
"3481.TW","群創光電股份有限公司","TWSE","26","lab.Unmapped","2026-09-13T13:36:04Z","tw_boards|twse:twse_openapi|tpex:mopsfin_t187ap03_O_csv|esb:tpex_openapi_esb"
"3494.TW","誠研科技股份有限公司","TWSE","25","lab.Unmapped","2026-09-13T13:36:04Z","tw_boards|twse:twse_openapi|tpex:mopsfin_t187ap03_O_csv|esb:tpex_openapi_esb"
"3501.TW","維熹科技股份有限公司","TWSE","28","lab.Unmapped","2026-09-13T13:36:04Z","tw_boards|twse:twse_openapi|tpex:mopsfin_t187ap03_O_csv|esb:tpex_openapi_esb"
"3504.TW","揚明光學股份有限公司","TWSE","26","lab.Unmapped","2026-09-13T13:36:04Z","tw_boards|twse:twse_openapi|tpex:mopsfin_t187ap03_O_csv|esb:tpex_openapi_esb"
"3515.TW","華擎科技股份有限公司","TWSE","25","lab.Unmapped","2026-09-13T13:36:04Z","tw_boards|twse:twse_openapi|tpex:mopsfin_t187ap03_O_csv|esb:tpex_openapi_esb"
"3518.TW","柏騰科技股份有限公司","TWSE","31","lab.Unmapped","2026-09-13T13:36:04Z","tw_boards|twse:twse_openapi|tpex:mopsfin_t187ap03_O_csv|esb:tpex_openapi_esb"
"3528.TW","安馳科技股份有限公司","TWSE","29","lab.Unmapped","2026-09-13T13:36:04Z","tw_boards|twse:twse_openapi|tpex:mopsfin_t187ap03_O_csv|esb:tpex_openapi_esb"
"3530.TW","晶相光電股份有限公司","TWSE","24","lab.Unmapped","2026-09-13T13:36:04Z","tw_boards|twse:twse_openapi|tpex:mopsfin_t187ap03_O_csv|esb:tpex_openapi_esb"
"3532.TW","台塑勝高科技股份有限公司","TWSE","24","lab.Unmapped","2026-09-13T13:36:04Z","tw_boards|twse:twse_openapi|tpex:mopsfin_t187ap03_O_csv|esb:tpex_openapi_esb"
"3533.TW","嘉澤端子工業股份有限公司","TWSE","28","lab.Unmapped","2026-09-13T13:36:04Z","tw_boards|twse:twse_openapi|tpex:mopsfin_t187ap03_O_csv|esb:tpex_openapi_esb"
"3535.TW","晶彩科技股份有限公司","TWSE","26","lab.Unmapped","2026-09-13T13:36:04Z","tw_boards|twse:twse_openapi|tpex:mopsfin_t187ap03_O_csv|esb:tpex_openapi_esb"
"3543.TW","州巧科技股份有限公司","TWSE","26","lab.Unmapped","2026-09-13T13:36:04Z","tw_boards|twse:twse_openapi|tpex:mopsfin_t187ap03_O_csv|esb:tpex_openapi_esb"
"3545.TW","敦泰電子股份有限公司","TWSE","24","lab.Unmapped","2026-09-13T13:36:04Z","tw_boards|twse:twse_openapi|tpex:mopsfin_t187ap03_O_csv|esb:tpex_openapi_esb"
"3550.TW","聯穎科技股份有限公司","TWSE","28","lab.Unmapped","2026-09-13T13:36:04Z","tw_boards|twse:twse_openapi|tpex:mopsfin_t187ap03_O_csv|esb:tpex_openapi_esb"
"3557.TW","嘉威生活股份有限公司","TWSE","38","lab.Unmapped","2026-09-13T13:36:04Z","tw_boards|twse:twse_openapi|tpex:mopsfin_t187ap03_O_csv|esb:tpex_openapi_esb"
"3563.TW","牧德科技股份有限公司","TWSE","26","lab.Unmapped","2026-09-13T13:36:04Z","tw_boards|twse:twse_openapi|tpex:mopsfin_t187ap03_O_csv|esb:tpex_openapi_esb"
"3576.TW","聯合再生能源股份有限公司","TWSE","26","lab.Unmapped","2026-09-13T13:36:04Z","tw_boards|twse:twse_openapi|tpex:mopsfin_t187ap03_O_csv|esb:tpex_openapi_esb"
"3583.TW","辛耘企業股份有限公司","TWSE","24","lab.Unmapped","2026-09-13T13:36:04Z","tw_boards|twse:twse_openapi|tpex:mopsfin_t187ap03_O_csv|esb:tpex_openapi_esb"
"3588.TW","通嘉科技股份有限公司","TWSE","24","lab.Unmapped","2026-09-13T13:36:04Z","tw_boards|twse:twse_openapi|tpex:mopsfin_t187ap03_O_csv|esb:tpex_openapi_esb"
"3591.TW","艾笛森光電股份有限公司","TWSE","26","lab.Unmapped","2026-09-13T13:36:04Z","tw_boards|twse:twse_openapi|tpex:mopsfin_t187ap03_O_csv|esb:tpex_openapi_esb"
"3592.TW","瑞鼎科技股份有限公司","TWSE","24","lab.Unmapped","2026-09-13T13:36:04Z","tw_boards|twse:twse_openapi|tpex:mopsfin_t187ap03_O_csv|esb:tpex_openapi_esb"
"3593.TW","力銘科技股份有限公司","TWSE","28","lab.Unmapped","2026-09-13T13:36:04Z","tw_boards|twse:twse_openapi|tpex:mopsfin_t187ap03_O_csv|esb:tpex_openapi_esb"
"3596.TW","智易科技股份有限公司","TWSE","27","lab.Unmapped","2026-09-13T13:36:04Z","tw_boards|twse:twse_openapi|tpex:mopsfin_t187ap03_O_csv|esb:tpex_openapi_esb"
"3605.TW","宏致電子股份有限公司","TWSE","28","lab.Unmapped","2026-09-13T13:36:04Z","tw_boards|twse:twse_openapi|tpex:mopsfin_t187ap03_O_csv|esb:tpex_openapi_esb"
"3607.TW","谷崧精密工業股份有限公司","TWSE","28","lab.Unmapped","2026-09-13T13:36:04Z","tw_boards|twse:twse_openapi|tpex:mopsfin_t187ap03_O_csv|esb:tpex_openapi_esb"
"3617.TW","碩天科技股份有限公司","TWSE","31","lab.Unmapped","2026-09-13T13:36:04Z","tw_boards|twse:twse_openapi|tpex:mopsfin_t187ap03_O_csv|esb:tpex_openapi_esb"
"3622.TW","洋華光電股份有限公司","TWSE","26","lab.Unmapped","2026-09-13T13:36:04Z","tw_boards|twse:twse_openapi|tpex:mopsfin_t187ap03_O_csv|esb:tpex_openapi_esb"
"3645.TW","達邁科技股份有限公司","TWSE","28","lab.Unmapped","2026-09-13T13:36:04Z","tw_boards|twse:twse_openapi|tpex:mopsfin_t187ap03_O_csv|esb:tpex_openapi_esb"
"3652.TW","精聯電子股份有限公司","TWSE","25","lab.Unmapped","2026-09-13T13:36:04Z","tw_boards|twse:twse_openapi|tpex:mopsfin_t187ap03_O_csv|esb:tpex_openapi_esb"
"3653.TW","健策精密工業股份有限公司","TWSE","28","lab.Unmapped","2026-09-13T13:36:04Z","tw_boards|twse:twse_openapi|tpex:mopsfin_t187ap03_O_csv|esb:tpex_openapi_esb"
"3661.TW","世芯電子股份有限公司","TWSE","24","lab.Unmapped","2026-09-13T13:36:04Z","tw_boards|twse:twse_openapi|tpex:mopsfin_t187ap03_O_csv|esb:tpex_openapi_esb"
"3665.TW","貿聯控股(BizLink Holding Inc.)","TWSE","31","lab.Unmapped","2026-09-13T13:36:04Z","tw_boards|twse:twse_openapi|tpex:mopsfin_t187ap03_O_csv|esb:tpex_openapi_esb"
"3669.TW","圓展科技股份有限公司","TWSE","27","lab.Unmapped","2026-09-13T13:36:04Z","tw_boards|twse:twse_openapi|tpex:mopsfin_t187ap03_O_csv|esb:tpex_openapi_esb"
"3673.TW","TPK Holding Co., Ltd.","TWSE","26","lab.Unmapped","2026-09-13T13:36:04Z","tw_boards|twse:twse_openapi|tpex:mopsfin_t187ap03_O_csv|esb:tpex_openapi_esb"
"3679.TW","新至陞科技股份有限公司","TWSE","28","lab.Unmapped","2026-09-13T13:36:04Z","tw_boards|twse:twse_openapi|tpex:mopsfin_t187ap03_O_csv|esb:tpex_openapi_esb"
"3686.TW","達能科技股份有限公司","TWSE","24","lab.Unmapped","2026-09-13T13:36:04Z","tw_boards|twse:twse_openapi|tpex:mopsfin_t187ap03_O_csv|esb:tpex_openapi_esb"
"3694.TW","海華科技股份有限公司","TWSE","27","lab.Unmapped","2026-09-13T13:36:04Z","tw_boards|twse:twse_openapi|tpex:mopsfin_t187ap03_O_csv|esb:tpex_openapi_esb"
"3701.TW","大眾全球投資控股股份有限公司","TWSE","25","lab.Unmapped","2026-09-13T13:36:04Z","tw_boards|twse:twse_openapi|tpex:mopsfin_t187ap03_O_csv|esb:tpex_openapi_esb"
"3702.TW","大聯大控股股份有限公司","TWSE","29","lab.Unmapped","2026-09-13T13:36:04Z","tw_boards|twse:twse_openapi|tpex:mopsfin_t187ap03_O_csv|esb:tpex_openapi_esb"
"3703.TW","欣陸投資控股股份有限公司","TWSE","14","lab.Unmapped","2026-09-13T13:36:04Z","tw_boards|twse:twse_openapi|tpex:mopsfin_t187ap03_O_csv|esb:tpex_openapi_esb"
"3704.TW","合勤投資控股股份有限公司","TWSE","27","lab.Unmapped","2026-09-13T13:36:04Z","tw_boards|twse:twse_openapi|tpex:mopsfin_t187ap03_O_csv|esb:tpex_openapi_esb"
"3705.TW","永信國際投資控股股份有限公司","TWSE","22","lab.Unmapped","2026-09-13T13:36:04Z","tw_boards|twse:twse_openapi|tpex:mopsfin_t187ap03_O_csv|esb:tpex_openapi_esb"
"3706.TW","神達控股股份有限公司","TWSE","25","lab.Unmapped","2026-09-13T13:36:04Z","tw_boards|twse:twse_openapi|tpex:mopsfin_t187ap03_O_csv|esb:tpex_openapi_esb"
"3708.TW","上緯國際控股股份有限公司","TWSE","35","lab.Unmapped","2026-09-13T13:36:04Z","tw_boards|twse:twse_openapi|tpex:mopsfin_t187ap03_O_csv|esb:tpex_openapi_esb"
"3711.TW","日月光投資控股股份有限公司","TWSE","24","lab.Unmapped","2026-09-13T13:36:04Z","tw_boards|twse:twse_openapi|tpex:mopsfin_t187ap03_O_csv|esb:tpex_openapi_esb"
"3712.TW","永崴投資控股股份有限公司","TWSE","25","lab.Unmapped","2026-09-13T13:36:04Z","tw_boards|twse:twse_openapi|tpex:mopsfin_t187ap03_O_csv|esb:tpex_openapi_esb"
"3714.TW","富采控股股份有限公司","TWSE","26","lab.Unmapped","2026-09-13T13:36:04Z","tw_boards|twse:twse_openapi|tpex:mopsfin_t187ap03_O_csv|esb:tpex_openapi_esb"
"3715.TW","定穎投資控股股份有限公司","TWSE","28","lab.Unmapped","2026-09-13T13:36:04Z","tw_boards|twse:twse_openapi|tpex:mopsfin_t187ap03_O_csv|esb:tpex_openapi_esb"
"3716.TW","中化控股股份有限公司","TWSE","22","lab.Unmapped","2026-09-13T13:36:04Z","tw_boards|twse:twse_openapi|tpex:mopsfin_t187ap03_O_csv|esb:tpex_openapi_esb"
"3717.TW","聯嘉光電投資控股股份有限公司","TWSE","12","lab.Unmapped","2026-09-13T13:36:04Z","tw_boards|twse:twse_openapi|tpex:mopsfin_t187ap03_O_csv|esb:tpex_openapi_esb"
"4104.TW","佳醫健康事業股份有限公司","TWSE","22","lab.Unmapped","2026-09-13T13:36:04Z","tw_boards|twse:twse_openapi|tpex:mopsfin_t187ap03_O_csv|esb:tpex_openapi_esb"
"4106.TW","雃博股份有限公司","TWSE","22","lab.Unmapped","2026-09-13T13:36:04Z","tw_boards|twse:twse_openapi|tpex:mopsfin_t187ap03_O_csv|esb:tpex_openapi_esb"
"4108.TW","懷特生技新藥股份有限公司","TWSE","22","lab.Unmapped","2026-09-13T13:36:04Z","tw_boards|twse:twse_openapi|tpex:mopsfin_t187ap03_O_csv|esb:tpex_openapi_esb"
"4119.TW","旭富製藥科技股份有限公司","TWSE","22","lab.Unmapped","2026-09-13T13:36:04Z","tw_boards|twse:twse_openapi|tpex:mopsfin_t187ap03_O_csv|esb:tpex_openapi_esb"
"4133.TW","亞諾法生技股份有限公司","TWSE","22","lab.Unmapped","2026-09-13T13:36:04Z","tw_boards|twse:twse_openapi|tpex:mopsfin_t187ap03_O_csv|esb:tpex_openapi_esb"
"4137.TW","麗豐股份有限公司","TWSE","22","lab.Unmapped","2026-09-13T13:36:04Z","tw_boards|twse:twse_openapi|tpex:mopsfin_t187ap03_O_csv|esb:tpex_openapi_esb"
"4142.TW","國光生物科技股份有限公司","TWSE","22","lab.Unmapped","2026-09-13T13:36:04Z","tw_boards|twse:twse_openapi|tpex:mopsfin_t187ap03_O_csv|esb:tpex_openapi_esb"
"4148.TW","全宇生技控股有限公司","TWSE","22","lab.Unmapped","2026-09-13T13:36:04Z","tw_boards|twse:twse_openapi|tpex:mopsfin_t187ap03_O_csv|esb:tpex_openapi_esb"
"4155.TW","訊映光電股份有限公司","TWSE","22","lab.Unmapped","2026-09-13T13:36:04Z","tw_boards|twse:twse_openapi|tpex:mopsfin_t187ap03_O_csv|esb:tpex_openapi_esb"
"4164.TW","承業生醫投資控股股份有限公司","TWSE","22","lab.Unmapped","2026-09-13T13:36:04Z","tw_boards|twse:twse_openapi|tpex:mopsfin_t187ap03_O_csv|esb:tpex_openapi_esb"
"4169.TW","泰宗生物科技股份有限公司","TWSE","22","lab.Unmapped","2026-09-13T13:36:04Z","tw_boards|twse:twse_openapi|tpex:mopsfin_t187ap03_O_csv|esb:tpex_openapi_esb"
"4178.TW","永笙生技股份有限公司","TWSE","22","lab.Unmapped","2026-09-13T13:36:04Z","tw_boards|twse:twse_openapi|tpex:mopsfin_t187ap03_O_csv|esb:tpex_openapi_esb"
"4190.TW","佐登妮絲集團股份有限公司","TWSE","22","lab.Unmapped","2026-09-13T13:36:04Z","tw_boards|twse:twse_openapi|tpex:mopsfin_t187ap03_O_csv|esb:tpex_openapi_esb"
"4195.TW","基龍米克斯生物科技股份有限公司","TWSE","22","lab.Unmapped","2026-09-13T13:36:04Z","tw_boards|twse:twse_openapi|tpex:mopsfin_t187ap03_O_csv|esb:tpex_openapi_esb"
"4306.TW","炎洲股份有限公司","TWSE","03","lab.Unmapped","2026-09-13T13:36:04Z","tw_boards|twse:twse_openapi|tpex:mopsfin_t187ap03_O_csv|esb:tpex_openapi_esb"
"4414.TW","如興股份有限公司","TWSE","04","lab.Unmapped","2026-09-13T13:36:04Z","tw_boards|twse:twse_openapi|tpex:mopsfin_t187ap03_O_csv|esb:tpex_openapi_esb"
"4426.TW","利勤實業股份有限公司","TWSE","04","lab.Unmapped","2026-09-13T13:36:04Z","tw_boards|twse:twse_openapi|tpex:mopsfin_t187ap03_O_csv|esb:tpex_openapi_esb"
"4438.TW","廣越企業股份有限公司","TWSE","04","lab.Unmapped","2026-09-13T13:36:04Z","tw_boards|twse:twse_openapi|tpex:mopsfin_t187ap03_O_csv|esb:tpex_openapi_esb"
"4439.TW","冠星集團控股有限公司","TWSE","04","lab.Unmapped","2026-09-13T13:36:04Z","tw_boards|twse:twse_openapi|tpex:mopsfin_t187ap03_O_csv|esb:tpex_openapi_esb"
"4440.TW","宜新實業股份有限公司","TWSE","04","lab.Unmapped","2026-09-13T13:36:04Z","tw_boards|twse:twse_openapi|tpex:mopsfin_t187ap03_O_csv|esb:tpex_openapi_esb"
"4441.TW","振大環球股份有限公司","TWSE","04","lab.Unmapped","2026-09-13T13:36:04Z","tw_boards|twse:twse_openapi|tpex:mopsfin_t187ap03_O_csv|esb:tpex_openapi_esb"
"4526.TW","東台精機股份有限公司","TWSE","05","lab.Unmapped","2026-09-13T13:36:04Z","tw_boards|twse:twse_openapi|tpex:mopsfin_t187ap03_O_csv|esb:tpex_openapi_esb"
"4532.TW","瑞智精密股份有限公司","TWSE","05","lab.Unmapped","2026-09-13T13:36:04Z","tw_boards|twse:twse_openapi|tpex:mopsfin_t187ap03_O_csv|esb:tpex_openapi_esb"
"4536.TW","拓凱實業股份有限公司","TWSE","37","lab.Unmapped","2026-09-13T13:36:04Z","tw_boards|twse:twse_openapi|tpex:mopsfin_t187ap03_O_csv|esb:tpex_openapi_esb"
"4540.TW","全球傳動科技股份有限公司","TWSE","05","lab.Unmapped","2026-09-13T13:36:04Z","tw_boards|twse:twse_openapi|tpex:mopsfin_t187ap03_O_csv|esb:tpex_openapi_esb"
"4545.TW","銘鈺精密工業股份有限公司","TWSE","28","lab.Unmapped","2026-09-13T13:36:04Z","tw_boards|twse:twse_openapi|tpex:mopsfin_t187ap03_O_csv|esb:tpex_openapi_esb"
"4551.TW","智伸科技股份有限公司","TWSE","12","lab.Unmapped","2026-09-13T13:36:04Z","tw_boards|twse:twse_openapi|tpex:mopsfin_t187ap03_O_csv|esb:tpex_openapi_esb"
"4552.TW","力達控股有限公司","TWSE","05","lab.Unmapped","2026-09-13T13:36:04Z","tw_boards|twse:twse_openapi|tpex:mopsfin_t187ap03_O_csv|esb:tpex_openapi_esb"
"4555.TW","台灣氣立股份有限公司","TWSE","05","lab.Unmapped","2026-09-13T13:36:04Z","tw_boards|twse:twse_openapi|tpex:mopsfin_t187ap03_O_csv|esb:tpex_openapi_esb"
"4557.TW","永新控股股份有限公司","TWSE","12","lab.Unmapped","2026-09-13T13:36:04Z","tw_boards|twse:twse_openapi|tpex:mopsfin_t187ap03_O_csv|esb:tpex_openapi_esb"
"4560.TW","強信機械科技股份有限公司","TWSE","05","lab.Unmapped","2026-09-13T13:36:04Z","tw_boards|twse:twse_openapi|tpex:mopsfin_t187ap03_O_csv|esb:tpex_openapi_esb"
"4562.TW","穎漢科技股份有限公司","TWSE","05","lab.Unmapped","2026-09-13T13:36:04Z","tw_boards|twse:twse_openapi|tpex:mopsfin_t187ap03_O_csv|esb:tpex_openapi_esb"
"4564.TW","元翎精密工業股份有限公司","TWSE","05","lab.Unmapped","2026-09-13T13:36:04Z","tw_boards|twse:twse_openapi|tpex:mopsfin_t187ap03_O_csv|esb:tpex_openapi_esb"
"4566.TW","時碩工業股份有限公司","TWSE","05","lab.Unmapped","2026-09-13T13:36:04Z","tw_boards|twse:twse_openapi|tpex:mopsfin_t187ap03_O_csv|esb:tpex_openapi_esb"
"4569.TW","六方科技股份有限公司","TWSE","12","lab.Unmapped","2026-09-13T13:36:04Z","tw_boards|twse:twse_openapi|tpex:mopsfin_t187ap03_O_csv|esb:tpex_openapi_esb"
"4571.TW","鈞興機電國際股份有限公司","TWSE","05","lab.Unmapped","2026-09-13T13:36:04Z","tw_boards|twse:twse_openapi|tpex:mopsfin_t187ap03_O_csv|esb:tpex_openapi_esb"
"4572.TW","駐龍精密機械股份有限公司","TWSE","05","lab.Unmapped","2026-09-13T13:36:04Z","tw_boards|twse:twse_openapi|tpex:mopsfin_t187ap03_O_csv|esb:tpex_openapi_esb"
"4576.TW","大銀微系統股份有限公司","TWSE","05","lab.Unmapped","2026-09-13T13:36:04Z","tw_boards|twse:twse_openapi|tpex:mopsfin_t187ap03_O_csv|esb:tpex_openapi_esb"
"4581.TW","World Known MFG(Cayman)Limited","TWSE","12","lab.Unmapped","2026-09-13T13:36:04Z","tw_boards|twse:twse_openapi|tpex:mopsfin_t187ap03_O_csv|esb:tpex_openapi_esb"
"4582.TW","聚恆科技股份有限公司","TWSE","35","lab.Unmapped","2026-09-13T13:36:04Z","tw_boards|twse:twse_openapi|tpex:mopsfin_t187ap03_O_csv|esb:tpex_openapi_esb"
"4583.TW","台灣精銳科技股份有限公司","TWSE","05","lab.Unmapped","2026-09-13T13:36:04Z","tw_boards|twse:twse_openapi|tpex:mopsfin_t187ap03_O_csv|esb:tpex_openapi_esb"
"4585.TW","達明機器人股份有限公司","TWSE","31","lab.Unmapped","2026-09-13T13:36:04Z","tw_boards|twse:twse_openapi|tpex:mopsfin_t187ap03_O_csv|esb:tpex_openapi_esb"
"4588.TW","玖鼎電力資訊股份有限公司","TWSE","31","lab.Unmapped","2026-09-13T13:36:04Z","tw_boards|twse:twse_openapi|tpex:mopsfin_t187ap03_O_csv|esb:tpex_openapi_esb"
"4590.TW","富田電機股份有限公司","TWSE","05","lab.Unmapped","2026-09-13T13:36:04Z","tw_boards|twse:twse_openapi|tpex:mopsfin_t187ap03_O_csv|esb:tpex_openapi_esb"
"4720.TW","德淵企業股份有限公司","TWSE","21","lab.Unmapped","2026-09-13T13:36:04Z","tw_boards|twse:twse_openapi|tpex:mopsfin_t187ap03_O_csv|esb:tpex_openapi_esb"
"4722.TW","國精化學股份有限公司","TWSE","21","lab.Unmapped","2026-09-13T13:36:04Z","tw_boards|twse:twse_openapi|tpex:mopsfin_t187ap03_O_csv|esb:tpex_openapi_esb"
"4736.TW","泰博科技股份有限公司","TWSE","22","lab.Unmapped","2026-09-13T13:36:04Z","tw_boards|twse:twse_openapi|tpex:mopsfin_t187ap03_O_csv|esb:tpex_openapi_esb"
"4737.TW","華廣生技股份有限公司","TWSE","22","lab.Unmapped","2026-09-13T13:36:04Z","tw_boards|twse:twse_openapi|tpex:mopsfin_t187ap03_O_csv|esb:tpex_openapi_esb"
"4739.TW","康普材料科技股份有限公司","TWSE","21","lab.Unmapped","2026-09-13T13:36:04Z","tw_boards|twse:twse_openapi|tpex:mopsfin_t187ap03_O_csv|esb:tpex_openapi_esb"
"4746.TW","台耀化學股份有限公司","TWSE","22","lab.Unmapped","2026-09-13T13:36:04Z","tw_boards|twse:twse_openapi|tpex:mopsfin_t187ap03_O_csv|esb:tpex_openapi_esb"
"4755.TW","三福化工股份有限公司","TWSE","21","lab.Unmapped","2026-09-13T13:36:04Z","tw_boards|twse:twse_openapi|tpex:mopsfin_t187ap03_O_csv|esb:tpex_openapi_esb"
"4763.TW","濟南大自然新材料股份有限公司","TWSE","21","lab.Unmapped","2026-09-13T13:36:04Z","tw_boards|twse:twse_openapi|tpex:mopsfin_t187ap03_O_csv|esb:tpex_openapi_esb"
"4764.TW","雙鍵化工股份有限公司","TWSE","21","lab.Unmapped","2026-09-13T13:36:04Z","tw_boards|twse:twse_openapi|tpex:mopsfin_t187ap03_O_csv|esb:tpex_openapi_esb"
"4766.TW","南寶樹脂化學工廠股份有限公司","TWSE","21","lab.Unmapped","2026-09-13T13:36:04Z","tw_boards|twse:twse_openapi|tpex:mopsfin_t187ap03_O_csv|esb:tpex_openapi_esb"
"4770.TW","上品綜合工業股份有限公司","TWSE","21","lab.Unmapped","2026-09-13T13:36:04Z","tw_boards|twse:twse_openapi|tpex:mopsfin_t187ap03_O_csv|esb:tpex_openapi_esb"
"4771.TW","望隼科技股份有限公司","TWSE","22","lab.Unmapped","2026-09-13T13:36:04Z","tw_boards|twse:twse_openapi|tpex:mopsfin_t187ap03_O_csv|esb:tpex_openapi_esb"
"4807.TW","日成控股股份有限公司","TWSE","18","lab.Unmapped","2026-09-13T13:36:04Z","tw_boards|twse:twse_openapi|tpex:mopsfin_t187ap03_O_csv|esb:tpex_openapi_esb"
"4904.TW","遠傳電信股份有限公司","TWSE","27","lab.Unmapped","2026-09-13T13:36:04Z","tw_boards|twse:twse_openapi|tpex:mopsfin_t187ap03_O_csv|esb:tpex_openapi_esb"
"4906.TW","正文科技股份有限公司","TWSE","27","lab.Unmapped","2026-09-13T13:36:04Z","tw_boards|twse:twse_openapi|tpex:mopsfin_t187ap03_O_csv|esb:tpex_openapi_esb"
"4912.TW","聯德控股股份有限公司","TWSE","28","lab.Unmapped","2026-09-13T13:36:04Z","tw_boards|twse:twse_openapi|tpex:mopsfin_t187ap03_O_csv|esb:tpex_openapi_esb"
"4915.TW","致伸科技股份有限公司","TWSE","28","lab.Unmapped","2026-09-13T13:36:04Z","tw_boards|twse:twse_openapi|tpex:mopsfin_t187ap03_O_csv|esb:tpex_openapi_esb"
"4916.TW","事欣科技股份有限公司","TWSE","25","lab.Unmapped","2026-09-13T13:36:04Z","tw_boards|twse:twse_openapi|tpex:mopsfin_t187ap03_O_csv|esb:tpex_openapi_esb"
"4919.TW","新唐科技股份有限公司","TWSE","24","lab.Unmapped","2026-09-13T13:36:04Z","tw_boards|twse:twse_openapi|tpex:mopsfin_t187ap03_O_csv|esb:tpex_openapi_esb"
"4927.TW","泰鼎國際股份有限公司","TWSE","28","lab.Unmapped","2026-09-13T13:36:04Z","tw_boards|twse:twse_openapi|tpex:mopsfin_t187ap03_O_csv|esb:tpex_openapi_esb"
"4930.TW","燦星網通股份有限公司","TWSE","06","lab.Unmapped","2026-09-13T13:36:04Z","tw_boards|twse:twse_openapi|tpex:mopsfin_t187ap03_O_csv|esb:tpex_openapi_esb"
"4934.TW","太極能源科技股份有限公司","TWSE","26","lab.Unmapped","2026-09-13T13:36:04Z","tw_boards|twse:twse_openapi|tpex:mopsfin_t187ap03_O_csv|esb:tpex_openapi_esb"
"4935.TW","茂林光電科技(開曼)股份有限公司","TWSE","26","lab.Unmapped","2026-09-13T13:36:04Z","tw_boards|twse:twse_openapi|tpex:mopsfin_t187ap03_O_csv|esb:tpex_openapi_esb"
"4938.TW","和碩聯合科技股份有限公司","TWSE","25","lab.Unmapped","2026-09-13T13:36:04Z","tw_boards|twse:twse_openapi|tpex:mopsfin_t187ap03_O_csv|esb:tpex_openapi_esb"
"4942.TW","嘉彰股份有限公司","TWSE","26","lab.Unmapped","2026-09-13T13:36:04Z","tw_boards|twse:twse_openapi|tpex:mopsfin_t187ap03_O_csv|esb:tpex_openapi_esb"
"4943.TW","開曼康而富控股股份有限公司","TWSE","28","lab.Unmapped","2026-09-13T13:36:04Z","tw_boards|twse:twse_openapi|tpex:mopsfin_t187ap03_O_csv|esb:tpex_openapi_esb"
"4949.TW","有成精密股份有限公司","TWSE","26","lab.Unmapped","2026-09-13T13:36:04Z","tw_boards|twse:twse_openapi|tpex:mopsfin_t187ap03_O_csv|esb:tpex_openapi_esb"
"4952.TW","凌通科技股份有限公司","TWSE","24","lab.Unmapped","2026-09-13T13:36:04Z","tw_boards|twse:twse_openapi|tpex:mopsfin_t187ap03_O_csv|esb:tpex_openapi_esb"
"4956.TW","光鋐科技股份有限公司","TWSE","26","lab.Unmapped","2026-09-13T13:36:04Z","tw_boards|twse:twse_openapi|tpex:mopsfin_t187ap03_O_csv|esb:tpex_openapi_esb"
"4958.TW","臻鼎科技控股股份有限公司","TWSE","28","lab.Unmapped","2026-09-13T13:36:04Z","tw_boards|twse:twse_openapi|tpex:mopsfin_t187ap03_O_csv|esb:tpex_openapi_esb"
"4960.TW","誠美材料科技股份有限公司","TWSE","26","lab.Unmapped","2026-09-13T13:36:04Z","tw_boards|twse:twse_openapi|tpex:mopsfin_t187ap03_O_csv|esb:tpex_openapi_esb"
"4961.TW","天鈺科技股份有限公司","TWSE","24","lab.Unmapped","2026-09-13T13:36:04Z","tw_boards|twse:twse_openapi|tpex:mopsfin_t187ap03_O_csv|esb:tpex_openapi_esb"
"4967.TW","十銓科技股份有限公司","TWSE","24","lab.Unmapped","2026-09-13T13:36:04Z","tw_boards|twse:twse_openapi|tpex:mopsfin_t187ap03_O_csv|esb:tpex_openapi_esb"
"4968.TW","立積電子股份有限公司","TWSE","24","lab.Unmapped","2026-09-13T13:36:04Z","tw_boards|twse:twse_openapi|tpex:mopsfin_t187ap03_O_csv|esb:tpex_openapi_esb"
"4976.TW","佳凌科技股份有限公司","TWSE","26","lab.Unmapped","2026-09-13T13:36:04Z","tw_boards|twse:twse_openapi|tpex:mopsfin_t187ap03_O_csv|esb:tpex_openapi_esb"
"4977.TW","眾達科技股份有限公司","TWSE","27","lab.Unmapped","2026-09-13T13:36:04Z","tw_boards|twse:twse_openapi|tpex:mopsfin_t187ap03_O_csv|esb:tpex_openapi_esb"
"4989.TW","李長榮科技股份有限公司","TWSE","28","lab.Unmapped","2026-09-13T13:36:04Z","tw_boards|twse:twse_openapi|tpex:mopsfin_t187ap03_O_csv|esb:tpex_openapi_esb"
"4994.TW","傳奇網路遊戲股份有限公司","TWSE","30","lab.Unmapped","2026-09-13T13:36:04Z","tw_boards|twse:twse_openapi|tpex:mopsfin_t187ap03_O_csv|esb:tpex_openapi_esb"
"4999.TW","鑫禾科技股份有限公司","TWSE","28","lab.Unmapped","2026-09-13T13:36:04Z","tw_boards|twse:twse_openapi|tpex:mopsfin_t187ap03_O_csv|esb:tpex_openapi_esb"
"5007.TW","三星科技股份有限公司","TWSE","10","lab.Unmapped","2026-09-13T13:36:04Z","tw_boards|twse:twse_openapi|tpex:mopsfin_t187ap03_O_csv|esb:tpex_openapi_esb"
"5203.TW","訊連科技股份有限公司","TWSE","30","lab.Unmapped","2026-09-13T13:36:04Z","tw_boards|twse:twse_openapi|tpex:mopsfin_t187ap03_O_csv|esb:tpex_openapi_esb"
"5215.TW","科嘉(開曼)股份有限公司","TWSE","25","lab.Unmapped","2026-09-13T13:36:04Z","tw_boards|twse:twse_openapi|tpex:mopsfin_t187ap03_O_csv|esb:tpex_openapi_esb"
"5222.TW","全訊科技股份有限公司","TWSE","24","lab.Unmapped","2026-09-13T13:36:04Z","tw_boards|twse:twse_openapi|tpex:mopsfin_t187ap03_O_csv|esb:tpex_openapi_esb"
"5225.TW","東科控股股份有限公司","TWSE","31","lab.Unmapped","2026-09-13T13:36:04Z","tw_boards|twse:twse_openapi|tpex:mopsfin_t187ap03_O_csv|esb:tpex_openapi_esb"
"5234.TW","達興材料股份有限公司","TWSE","26","lab.Unmapped","2026-09-13T13:36:04Z","tw_boards|twse:twse_openapi|tpex:mopsfin_t187ap03_O_csv|esb:tpex_openapi_esb"
"5236.TW","凌陽創新科技股份有限公司","TWSE","24","lab.Unmapped","2026-09-13T13:36:04Z","tw_boards|twse:twse_openapi|tpex:mopsfin_t187ap03_O_csv|esb:tpex_openapi_esb"
"5243.TW","乙盛精密工業股份有限公司","TWSE","26","lab.Unmapped","2026-09-13T13:36:04Z","tw_boards|twse:twse_openapi|tpex:mopsfin_t187ap03_O_csv|esb:tpex_openapi_esb"
"5244.TW","弘凱光電股份有限公司","TWSE","26","lab.Unmapped","2026-09-13T13:36:04Z","tw_boards|twse:twse_openapi|tpex:mopsfin_t187ap03_O_csv|esb:tpex_openapi_esb"
"5258.TW","虹堡科技股份有限公司","TWSE","25","lab.Unmapped","2026-09-13T13:36:04Z","tw_boards|twse:twse_openapi|tpex:mopsfin_t187ap03_O_csv|esb:tpex_openapi_esb"
"5269.TW","祥碩科技股份有限公司","TWSE","24","lab.Unmapped","2026-09-13T13:36:04Z","tw_boards|twse:twse_openapi|tpex:mopsfin_t187ap03_O_csv|esb:tpex_openapi_esb"
"5283.TW","禾聯碩股份有限公司","TWSE","06","lab.Unmapped","2026-09-13T13:36:04Z","tw_boards|twse:twse_openapi|tpex:mopsfin_t187ap03_O_csv|esb:tpex_openapi_esb"
"5284.TW","經寶精密控股股份有限公司","TWSE","20","lab.Unmapped","2026-09-13T13:36:04Z","tw_boards|twse:twse_openapi|tpex:mopsfin_t187ap03_O_csv|esb:tpex_openapi_esb"
"5285.TW","界霖科技股份有限公司","TWSE","24","lab.Unmapped","2026-09-13T13:36:04Z","tw_boards|twse:twse_openapi|tpex:mopsfin_t187ap03_O_csv|esb:tpex_openapi_esb"
"5288.TW","開曼商豐祥控股股份有限公司","TWSE","05","lab.Unmapped","2026-09-13T13:36:04Z","tw_boards|twse:twse_openapi|tpex:mopsfin_t187ap03_O_csv|esb:tpex_openapi_esb"
"5292.TW","華懋科技股份有限公司","TWSE","35","lab.Unmapped","2026-09-13T13:36:04Z","tw_boards|twse:twse_openapi|tpex:mopsfin_t187ap03_O_csv|esb:tpex_openapi_esb"
"5306.TW","桂盟國際股份有限公司","TWSE","37","lab.Unmapped","2026-09-13T13:36:04Z","tw_boards|twse:twse_openapi|tpex:mopsfin_t187ap03_O_csv|esb:tpex_openapi_esb"
"5388.TW","中磊電子股份有限公司","TWSE","27","lab.Unmapped","2026-09-13T13:36:04Z","tw_boards|twse:twse_openapi|tpex:mopsfin_t187ap03_O_csv|esb:tpex_openapi_esb"
"5434.TW","崇越科技股份有限公司","TWSE","29","lab.Unmapped","2026-09-13T13:36:04Z","tw_boards|twse:twse_openapi|tpex:mopsfin_t187ap03_O_csv|esb:tpex_openapi_esb"
"5469.TW","瀚宇博德股份有限公司","TWSE","28","lab.Unmapped","2026-09-13T13:36:04Z","tw_boards|twse:twse_openapi|tpex:mopsfin_t187ap03_O_csv|esb:tpex_openapi_esb"
"5471.TW","松翰科技股份有限公司","TWSE","24","lab.Unmapped","2026-09-13T13:36:04Z","tw_boards|twse:twse_openapi|tpex:mopsfin_t187ap03_O_csv|esb:tpex_openapi_esb"
"5484.TW","慧友電子股份有限公司","TWSE","26","lab.Unmapped","2026-09-13T13:36:04Z","tw_boards|twse:twse_openapi|tpex:mopsfin_t187ap03_O_csv|esb:tpex_openapi_esb"
"5515.TW","建國工程股份有限公司","TWSE","14","lab.Unmapped","2026-09-13T13:36:04Z","tw_boards|twse:twse_openapi|tpex:mopsfin_t187ap03_O_csv|esb:tpex_openapi_esb"
"5519.TW","隆大營建事業股份有限公司","TWSE","14","lab.Unmapped","2026-09-13T13:36:04Z","tw_boards|twse:twse_openapi|tpex:mopsfin_t187ap03_O_csv|esb:tpex_openapi_esb"
"5521.TW","工信工程股份有限公司","TWSE","14","lab.Unmapped","2026-09-13T13:36:04Z","tw_boards|twse:twse_openapi|tpex:mopsfin_t187ap03_O_csv|esb:tpex_openapi_esb"
"5522.TW","遠雄建設事業股份有限公司","TWSE","14","lab.Unmapped","2026-09-13T13:36:04Z","tw_boards|twse:twse_openapi|tpex:mopsfin_t187ap03_O_csv|esb:tpex_openapi_esb"
"5525.TW","順天建設股份有限公司","TWSE","14","lab.Unmapped","2026-09-13T13:36:04Z","tw_boards|twse:twse_openapi|tpex:mopsfin_t187ap03_O_csv|esb:tpex_openapi_esb"
"5531.TW","鄉林建設事業股份有限公司","TWSE","14","lab.Unmapped","2026-09-13T13:36:04Z","tw_boards|twse:twse_openapi|tpex:mopsfin_t187ap03_O_csv|esb:tpex_openapi_esb"
"5533.TW","皇鼎建設開發股份有限公司","TWSE","14","lab.Unmapped","2026-09-13T13:36:04Z","tw_boards|twse:twse_openapi|tpex:mopsfin_t187ap03_O_csv|esb:tpex_openapi_esb"
"5534.TW","長虹建設股份有限公司","TWSE","14","lab.Unmapped","2026-09-13T13:36:04Z","tw_boards|twse:twse_openapi|tpex:mopsfin_t187ap03_O_csv|esb:tpex_openapi_esb"
"5538.TW","開曼東明控股股份有限公司","TWSE","10","lab.Unmapped","2026-09-13T13:36:04Z","tw_boards|twse:twse_openapi|tpex:mopsfin_t187ap03_O_csv|esb:tpex_openapi_esb"
"5546.TW","永固集團股份有限公司","TWSE","14","lab.Unmapped","2026-09-13T13:36:04Z","tw_boards|twse:twse_openapi|tpex:mopsfin_t187ap03_O_csv|esb:tpex_openapi_esb"
"5607.TW","遠雄自貿港投資控股股份有限公司","TWSE","15","lab.Unmapped","2026-09-13T13:36:04Z","tw_boards|twse:twse_openapi|tpex:mopsfin_t187ap03_O_csv|esb:tpex_openapi_esb"
"5608.TW","四維航業股份有限公司","TWSE","15","lab.Unmapped","2026-09-13T13:36:04Z","tw_boards|twse:twse_openapi|tpex:mopsfin_t187ap03_O_csv|esb:tpex_openapi_esb"
"5706.TW","鳳凰國際旅行社股份有限公司","TWSE","16","lab.Unmapped","2026-09-13T13:36:04Z","tw_boards|twse:twse_openapi|tpex:mopsfin_t187ap03_O_csv|esb:tpex_openapi_esb"
"5871.TW","中租控股股份有限公司","TWSE","20","lab.Unmapped","2026-09-13T13:36:04Z","tw_boards|twse:twse_openapi|tpex:mopsfin_t187ap03_O_csv|esb:tpex_openapi_esb"
"5876.TW","上海商業儲蓄銀行股份有限公司","TWSE","17","lab.Unmapped","2026-09-13T13:36:04Z","tw_boards|twse:twse_openapi|tpex:mopsfin_t187ap03_O_csv|esb:tpex_openapi_esb"
"5880.TW","合作金庫金融控股股份有限公司","TWSE","17","lab.Unmapped","2026-09-13T13:36:04Z","tw_boards|twse:twse_openapi|tpex:mopsfin_t187ap03_O_csv|esb:tpex_openapi_esb"
"5906.TW","台南生活(開曼)股份有限公司","TWSE","18","lab.Unmapped","2026-09-13T13:36:04Z","tw_boards|twse:twse_openapi|tpex:mopsfin_t187ap03_O_csv|esb:tpex_openapi_esb"
"5907.TW","Grand Ocean RetailGroupLimited","TWSE","18","lab.Unmapped","2026-09-13T13:36:04Z","tw_boards|twse:twse_openapi|tpex:mopsfin_t187ap03_O_csv|esb:tpex_openapi_esb"
"6005.TW","群益金鼎證券股份有限公司","TWSE","17","lab.Unmapped","2026-09-13T13:36:04Z","tw_boards|twse:twse_openapi|tpex:mopsfin_t187ap03_O_csv|esb:tpex_openapi_esb"
"6024.TW","群益期貨股份有限公司","TWSE","17","lab.Unmapped","2026-09-13T13:36:04Z","tw_boards|twse:twse_openapi|tpex:mopsfin_t187ap03_O_csv|esb:tpex_openapi_esb"
"6108.TW","競國實業股份有限公司","TWSE","28","lab.Unmapped","2026-09-13T13:36:04Z","tw_boards|twse:twse_openapi|tpex:mopsfin_t187ap03_O_csv|esb:tpex_openapi_esb"
"6112.TW","邁達特數位股份有限公司","TWSE","30","lab.Unmapped","2026-09-13T13:36:04Z","tw_boards|twse:twse_openapi|tpex:mopsfin_t187ap03_O_csv|esb:tpex_openapi_esb"
"6115.TW","鎰勝工業股份有限公司","TWSE","28","lab.Unmapped","2026-09-13T13:36:04Z","tw_boards|twse:twse_openapi|tpex:mopsfin_t187ap03_O_csv|esb:tpex_openapi_esb"
"6116.TW","瀚宇彩晶股份有限公司","TWSE","26","lab.Unmapped","2026-09-13T13:36:04Z","tw_boards|twse:twse_openapi|tpex:mopsfin_t187ap03_O_csv|esb:tpex_openapi_esb"
"6117.TW","迎廣科技股份有限公司","TWSE","25","lab.Unmapped","2026-09-13T13:36:04Z","tw_boards|twse:twse_openapi|tpex:mopsfin_t187ap03_O_csv|esb:tpex_openapi_esb"
"6120.TW","達運精密工業股份有限公司","TWSE","26","lab.Unmapped","2026-09-13T13:36:04Z","tw_boards|twse:twse_openapi|tpex:mopsfin_t187ap03_O_csv|esb:tpex_openapi_esb"
"6128.TW","上福全球科技股份有限公司","TWSE","25","lab.Unmapped","2026-09-13T13:36:04Z","tw_boards|twse:twse_openapi|tpex:mopsfin_t187ap03_O_csv|esb:tpex_openapi_esb"
"6133.TW","金橋科技股份有限公司","TWSE","28","lab.Unmapped","2026-09-13T13:36:04Z","tw_boards|twse:twse_openapi|tpex:mopsfin_t187ap03_O_csv|esb:tpex_openapi_esb"
"6136.TW","富爾特科技股份有限公司","TWSE","27","lab.Unmapped","2026-09-13T13:36:04Z","tw_boards|twse:twse_openapi|tpex:mopsfin_t187ap03_O_csv|esb:tpex_openapi_esb"
"6139.TW","亞翔工程股份有限公司","TWSE","31","lab.Unmapped","2026-09-13T13:36:04Z","tw_boards|twse:twse_openapi|tpex:mopsfin_t187ap03_O_csv|esb:tpex_openapi_esb"
"6141.TW","柏承科技股份有限公司","TWSE","28","lab.Unmapped","2026-09-13T13:36:04Z","tw_boards|twse:twse_openapi|tpex:mopsfin_t187ap03_O_csv|esb:tpex_openapi_esb"
"6142.TW","友勁科技股份有限公司","TWSE","27","lab.Unmapped","2026-09-13T13:36:04Z","tw_boards|twse:twse_openapi|tpex:mopsfin_t187ap03_O_csv|esb:tpex_openapi_esb"
"6152.TW","百一電子股份有限公司","TWSE","27","lab.Unmapped","2026-09-13T13:36:04Z","tw_boards|twse:twse_openapi|tpex:mopsfin_t187ap03_O_csv|esb:tpex_openapi_esb"
"6153.TW","嘉聯益科技股份有限公司","TWSE","28","lab.Unmapped","2026-09-13T13:36:04Z","tw_boards|twse:twse_openapi|tpex:mopsfin_t187ap03_O_csv|esb:tpex_openapi_esb"
"6155.TW","鈞寶電子工業股份有限公司","TWSE","28","lab.Unmapped","2026-09-13T13:36:04Z","tw_boards|twse:twse_openapi|tpex:mopsfin_t187ap03_O_csv|esb:tpex_openapi_esb"
"6164.TW","華興電子工業股份有限公司","TWSE","26","lab.Unmapped","2026-09-13T13:36:04Z","tw_boards|twse:twse_openapi|tpex:mopsfin_t187ap03_O_csv|esb:tpex_openapi_esb"
"6165.TW","浪凡網路科技股份有限公司","TWSE","36","lab.Unmapped","2026-09-13T13:36:04Z","tw_boards|twse:twse_openapi|tpex:mopsfin_t187ap03_O_csv|esb:tpex_openapi_esb"
"6166.TW","凌華科技股份有限公司","TWSE","25","lab.Unmapped","2026-09-13T13:36:04Z","tw_boards|twse:twse_openapi|tpex:mopsfin_t187ap03_O_csv|esb:tpex_openapi_esb"
"6168.TW","宏齊科技股份有限公司","TWSE","26","lab.Unmapped","2026-09-13T13:36:04Z","tw_boards|twse:twse_openapi|tpex:mopsfin_t187ap03_O_csv|esb:tpex_openapi_esb"
"6176.TW","瑞儀光電股份有限公司","TWSE","26","lab.Unmapped","2026-09-13T13:36:04Z","tw_boards|twse:twse_openapi|tpex:mopsfin_t187ap03_O_csv|esb:tpex_openapi_esb"
"6177.TW","達麗建設事業股份有限公司","TWSE","14","lab.Unmapped","2026-09-13T13:36:04Z","tw_boards|twse:twse_openapi|tpex:mopsfin_t187ap03_O_csv|esb:tpex_openapi_esb"
"6183.TW","關貿網路股份有限公司","TWSE","30","lab.Unmapped","2026-09-13T13:36:04Z","tw_boards|twse:twse_openapi|tpex:mopsfin_t187ap03_O_csv|esb:tpex_openapi_esb"
"6184.TW","大豐有線電視股份有限公司","TWSE","20","lab.Unmapped","2026-09-13T13:36:04Z","tw_boards|twse:twse_openapi|tpex:mopsfin_t187ap03_O_csv|esb:tpex_openapi_esb"
"6189.TW","豐藝電子股份有限公司","TWSE","29","lab.Unmapped","2026-09-13T13:36:04Z","tw_boards|twse:twse_openapi|tpex:mopsfin_t187ap03_O_csv|esb:tpex_openapi_esb"
"6191.TW","精成科技股份有限公司","TWSE","28","lab.Unmapped","2026-09-13T13:36:04Z","tw_boards|twse:twse_openapi|tpex:mopsfin_t187ap03_O_csv|esb:tpex_openapi_esb"
"6192.TW","巨路國際股份有限公司","TWSE","31","lab.Unmapped","2026-09-13T13:36:04Z","tw_boards|twse:twse_openapi|tpex:mopsfin_t187ap03_O_csv|esb:tpex_openapi_esb"
"6196.TW","帆宣系統科技股份有限公司","TWSE","31","lab.Unmapped","2026-09-13T13:36:04Z","tw_boards|twse:twse_openapi|tpex:mopsfin_t187ap03_O_csv|esb:tpex_openapi_esb"
"6197.TW","佳必琪國際股份有限公司","TWSE","28","lab.Unmapped","2026-09-13T13:36:04Z","tw_boards|twse:twse_openapi|tpex:mopsfin_t187ap03_O_csv|esb:tpex_openapi_esb"
"6201.TW","亞弘電科技股份有限公司","TWSE","31","lab.Unmapped","2026-09-13T13:36:04Z","tw_boards|twse:twse_openapi|tpex:mopsfin_t187ap03_O_csv|esb:tpex_openapi_esb"
"6202.TW","盛群半導體股份有限公司","TWSE","24","lab.Unmapped","2026-09-13T13:36:04Z","tw_boards|twse:twse_openapi|tpex:mopsfin_t187ap03_O_csv|esb:tpex_openapi_esb"
"6205.TW","詮欣股份有限公司","TWSE","28","lab.Unmapped","2026-09-13T13:36:04Z","tw_boards|twse:twse_openapi|tpex:mopsfin_t187ap03_O_csv|esb:tpex_openapi_esb"
"6206.TW","飛捷科技股份有限公司","TWSE","25","lab.Unmapped","2026-09-13T13:36:04Z","tw_boards|twse:twse_openapi|tpex:mopsfin_t187ap03_O_csv|esb:tpex_openapi_esb"
"6209.TW","今國光學工業股份有限公司","TWSE","26","lab.Unmapped","2026-09-13T13:36:04Z","tw_boards|twse:twse_openapi|tpex:mopsfin_t187ap03_O_csv|esb:tpex_openapi_esb"
"6213.TW","聯茂電子股份有限公司","TWSE","28","lab.Unmapped","2026-09-13T13:36:04Z","tw_boards|twse:twse_openapi|tpex:mopsfin_t187ap03_O_csv|esb:tpex_openapi_esb"
"6214.TW","精誠資訊股份有限公司","TWSE","30","lab.Unmapped","2026-09-13T13:36:04Z","tw_boards|twse:twse_openapi|tpex:mopsfin_t187ap03_O_csv|esb:tpex_openapi_esb"
"6215.TW","和椿科技股份有限公司","TWSE","31","lab.Unmapped","2026-09-13T13:36:04Z","tw_boards|twse:twse_openapi|tpex:mopsfin_t187ap03_O_csv|esb:tpex_openapi_esb"
"6216.TW","居易科技股份有限公司","TWSE","27","lab.Unmapped","2026-09-13T13:36:04Z","tw_boards|twse:twse_openapi|tpex:mopsfin_t187ap03_O_csv|esb:tpex_openapi_esb"
"6224.TW","聚鼎科技股份有限公司","TWSE","28","lab.Unmapped","2026-09-13T13:36:04Z","tw_boards|twse:twse_openapi|tpex:mopsfin_t187ap03_O_csv|esb:tpex_openapi_esb"
"6225.TW","天瀚科技股份有限公司","TWSE","26","lab.Unmapped","2026-09-13T13:36:04Z","tw_boards|twse:twse_openapi|tpex:mopsfin_t187ap03_O_csv|esb:tpex_openapi_esb"
"6226.TW","光鼎電子股份有限公司","TWSE","26","lab.Unmapped","2026-09-13T13:36:04Z","tw_boards|twse:twse_openapi|tpex:mopsfin_t187ap03_O_csv|esb:tpex_openapi_esb"
"6230.TW","尼得科超眾科技股份有限公司","TWSE","25","lab.Unmapped","2026-09-13T13:36:04Z","tw_boards|twse:twse_openapi|tpex:mopsfin_t187ap03_O_csv|esb:tpex_openapi_esb"
"6235.TW","華孚科技股份有限公司","TWSE","25","lab.Unmapped","2026-09-13T13:36:04Z","tw_boards|twse:twse_openapi|tpex:mopsfin_t187ap03_O_csv|esb:tpex_openapi_esb"
"6239.TW","力成科技股份有限公司","TWSE","24","lab.Unmapped","2026-09-13T13:36:04Z","tw_boards|twse:twse_openapi|tpex:mopsfin_t187ap03_O_csv|esb:tpex_openapi_esb"
"6243.TW","迅杰科技股份有限公司","TWSE","24","lab.Unmapped","2026-09-13T13:36:04Z","tw_boards|twse:twse_openapi|tpex:mopsfin_t187ap03_O_csv|esb:tpex_openapi_esb"
"6257.TW","矽格股份有限公司","TWSE","24","lab.Unmapped","2026-09-13T13:36:04Z","tw_boards|twse:twse_openapi|tpex:mopsfin_t187ap03_O_csv|esb:tpex_openapi_esb"
"6269.TW","台郡科技股份有限公司","TWSE","28","lab.Unmapped","2026-09-13T13:36:04Z","tw_boards|twse:twse_openapi|tpex:mopsfin_t187ap03_O_csv|esb:tpex_openapi_esb"
"6271.TW","同欣電子工業股份有限公司","TWSE","24","lab.Unmapped","2026-09-13T13:36:04Z","tw_boards|twse:twse_openapi|tpex:mopsfin_t187ap03_O_csv|esb:tpex_openapi_esb"
"6272.TW","驊陞科技股份有限公司","TWSE","28","lab.Unmapped","2026-09-13T13:36:04Z","tw_boards|twse:twse_openapi|tpex:mopsfin_t187ap03_O_csv|esb:tpex_openapi_esb"
"6277.TW","宏正自動科技股份有限公司","TWSE","25","lab.Unmapped","2026-09-13T13:36:04Z","tw_boards|twse:twse_openapi|tpex:mopsfin_t187ap03_O_csv|esb:tpex_openapi_esb"
"6278.TW","台灣表面黏著科技股份有限公司","TWSE","26","lab.Unmapped","2026-09-13T13:36:04Z","tw_boards|twse:twse_openapi|tpex:mopsfin_t187ap03_O_csv|esb:tpex_openapi_esb"
"6281.TW","全國電子股份有限公司","TWSE","29","lab.Unmapped","2026-09-13T13:36:04Z","tw_boards|twse:twse_openapi|tpex:mopsfin_t187ap03_O_csv|esb:tpex_openapi_esb"
"6282.TW","康舒科技股份有限公司","TWSE","28","lab.Unmapped","2026-09-13T13:36:04Z","tw_boards|twse:twse_openapi|tpex:mopsfin_t187ap03_O_csv|esb:tpex_openapi_esb"
"6283.TW","淳安電子股份有限公司","TWSE","31","lab.Unmapped","2026-09-13T13:36:04Z","tw_boards|twse:twse_openapi|tpex:mopsfin_t187ap03_O_csv|esb:tpex_openapi_esb"
"6285.TW","啟碁科技股份有限公司","TWSE","27","lab.Unmapped","2026-09-13T13:36:04Z","tw_boards|twse:twse_openapi|tpex:mopsfin_t187ap03_O_csv|esb:tpex_openapi_esb"
"6405.TW","悅城科技股份有限公司","TWSE","26","lab.Unmapped","2026-09-13T13:36:04Z","tw_boards|twse:twse_openapi|tpex:mopsfin_t187ap03_O_csv|esb:tpex_openapi_esb"
"6409.TW","旭隼科技股份有限公司","TWSE","31","lab.Unmapped","2026-09-13T13:36:04Z","tw_boards|twse:twse_openapi|tpex:mopsfin_t187ap03_O_csv|esb:tpex_openapi_esb"
"6412.TW","群光電能科技股份有限公司","TWSE","28","lab.Unmapped","2026-09-13T13:36:04Z","tw_boards|twse:twse_openapi|tpex:mopsfin_t187ap03_O_csv|esb:tpex_openapi_esb"
"6414.TW","樺漢科技股份有限公司","TWSE","25","lab.Unmapped","2026-09-13T13:36:04Z","tw_boards|twse:twse_openapi|tpex:mopsfin_t187ap03_O_csv|esb:tpex_openapi_esb"
"6415.TW","矽力杰股份有限公司","TWSE","24","lab.Unmapped","2026-09-13T13:36:04Z","tw_boards|twse:twse_openapi|tpex:mopsfin_t187ap03_O_csv|esb:tpex_openapi_esb"
"6416.TW","瑞祺電通股份有限公司","TWSE","27","lab.Unmapped","2026-09-13T13:36:04Z","tw_boards|twse:twse_openapi|tpex:mopsfin_t187ap03_O_csv|esb:tpex_openapi_esb"
"6426.TW","統新光訊股份有限公司","TWSE","27","lab.Unmapped","2026-09-13T13:36:04Z","tw_boards|twse:twse_openapi|tpex:mopsfin_t187ap03_O_csv|esb:tpex_openapi_esb"
"6431.TW","光麗生技控股股份有限公司","TWSE","22","lab.Unmapped","2026-09-13T13:36:04Z","tw_boards|twse:twse_openapi|tpex:mopsfin_t187ap03_O_csv|esb:tpex_openapi_esb"
"6438.TW","迅得機械股份有限公司","TWSE","31","lab.Unmapped","2026-09-13T13:36:04Z","tw_boards|twse:twse_openapi|tpex:mopsfin_t187ap03_O_csv|esb:tpex_openapi_esb"
"6442.TW","光紅建聖股份有限公司","TWSE","27","lab.Unmapped","2026-09-13T13:36:04Z","tw_boards|twse:twse_openapi|tpex:mopsfin_t187ap03_O_csv|esb:tpex_openapi_esb"
"6443.TW","元晶太陽能科技股份有限公司","TWSE","26","lab.Unmapped","2026-09-13T13:36:04Z","tw_boards|twse:twse_openapi|tpex:mopsfin_t187ap03_O_csv|esb:tpex_openapi_esb"
"6446.TW","藥華醫藥股份有限公司","TWSE","22","lab.Unmapped","2026-09-13T13:36:04Z","tw_boards|twse:twse_openapi|tpex:mopsfin_t187ap03_O_csv|esb:tpex_openapi_esb"
"6449.TW","鈺邦科技股份有限公司","TWSE","28","lab.Unmapped","2026-09-13T13:36:04Z","tw_boards|twse:twse_openapi|tpex:mopsfin_t187ap03_O_csv|esb:tpex_openapi_esb"
"6451.TW","訊芯科技控股股份有限公司","TWSE","24","lab.Unmapped","2026-09-13T13:36:04Z","tw_boards|twse:twse_openapi|tpex:mopsfin_t187ap03_O_csv|esb:tpex_openapi_esb"
"6456.TW","GIS Holding Limited","TWSE","26","lab.Unmapped","2026-09-13T13:36:04Z","tw_boards|twse:twse_openapi|tpex:mopsfin_t187ap03_O_csv|esb:tpex_openapi_esb"
"6464.TW","台灣數位光訊科技股份有限公司","TWSE","20","lab.Unmapped","2026-09-13T13:36:04Z","tw_boards|twse:twse_openapi|tpex:mopsfin_t187ap03_O_csv|esb:tpex_openapi_esb"
"6472.TW","保瑞藥業股份有限公司","TWSE","22","lab.Unmapped","2026-09-13T13:36:04Z","tw_boards|twse:twse_openapi|tpex:mopsfin_t187ap03_O_csv|esb:tpex_openapi_esb"
"6477.TW","安集科技股份有限公司","TWSE","26","lab.Unmapped","2026-09-13T13:36:04Z","tw_boards|twse:twse_openapi|tpex:mopsfin_t187ap03_O_csv|esb:tpex_openapi_esb"
"6491.TW","晶碩光學股份有限公司","TWSE","22","lab.Unmapped","2026-09-13T13:36:04Z","tw_boards|twse:twse_openapi|tpex:mopsfin_t187ap03_O_csv|esb:tpex_openapi_esb"
"6504.TW","南六企業股份有限公司","TWSE","20","lab.Unmapped","2026-09-13T13:36:04Z","tw_boards|twse:twse_openapi|tpex:mopsfin_t187ap03_O_csv|esb:tpex_openapi_esb"
"6505.TW","台塑石化股份有限公司","TWSE","23","lab.Unmapped","2026-09-13T13:36:04Z","tw_boards|twse:twse_openapi|tpex:mopsfin_t187ap03_O_csv|esb:tpex_openapi_esb"
"6515.TW","穎崴科技股份有限公司","TWSE","24","lab.Unmapped","2026-09-13T13:36:04Z","tw_boards|twse:twse_openapi|tpex:mopsfin_t187ap03_O_csv|esb:tpex_openapi_esb"
"6525.TW","捷敏股份有限公司","TWSE","24","lab.Unmapped","2026-09-13T13:36:04Z","tw_boards|twse:twse_openapi|tpex:mopsfin_t187ap03_O_csv|esb:tpex_openapi_esb"
"6526.TW","達發科技股份有限公司","TWSE","24","lab.Unmapped","2026-09-13T13:36:04Z","tw_boards|twse:twse_openapi|tpex:mopsfin_t187ap03_O_csv|esb:tpex_openapi_esb"
"6531.TW","愛普科技股份有限公司","TWSE","24","lab.Unmapped","2026-09-13T13:36:04Z","tw_boards|twse:twse_openapi|tpex:mopsfin_t187ap03_O_csv|esb:tpex_openapi_esb"
"6533.TW","晶心科技股份有限公司","TWSE","24","lab.Unmapped","2026-09-13T13:36:04Z","tw_boards|twse:twse_openapi|tpex:mopsfin_t187ap03_O_csv|esb:tpex_openapi_esb"
"6534.TW","正瀚生技股份有限公司","TWSE","22","lab.Unmapped","2026-09-13T13:36:04Z","tw_boards|twse:twse_openapi|tpex:mopsfin_t187ap03_O_csv|esb:tpex_openapi_esb"
"6541.TW","泰福生技股份有限公司","TWSE","22","lab.Unmapped","2026-09-13T13:36:04Z","tw_boards|twse:twse_openapi|tpex:mopsfin_t187ap03_O_csv|esb:tpex_openapi_esb"
"6550.TW","北極星藥業集團股份有限公司","TWSE","22","lab.Unmapped","2026-09-13T13:36:04Z","tw_boards|twse:twse_openapi|tpex:mopsfin_t187ap03_O_csv|esb:tpex_openapi_esb"
"6552.TW","易華電子股份有限公司","TWSE","24","lab.Unmapped","2026-09-13T13:36:04Z","tw_boards|twse:twse_openapi|tpex:mopsfin_t187ap03_O_csv|esb:tpex_openapi_esb"
"6558.TW","興能高科技股份有限公司","TWSE","31","lab.Unmapped","2026-09-13T13:36:04Z","tw_boards|twse:twse_openapi|tpex:mopsfin_t187ap03_O_csv|esb:tpex_openapi_esb"
"6573.TW","虹揚發展科技股份有限公司","TWSE","24","lab.Unmapped","2026-09-13T13:36:04Z","tw_boards|twse:twse_openapi|tpex:mopsfin_t187ap03_O_csv|esb:tpex_openapi_esb"
"6579.TW","研揚科技股份有限公司","TWSE","25","lab.Unmapped","2026-09-13T13:36:04Z","tw_boards|twse:twse_openapi|tpex:mopsfin_t187ap03_O_csv|esb:tpex_openapi_esb"
"6581.TW","台灣鋼聯股份有限公司","TWSE","35","lab.Unmapped","2026-09-13T13:36:04Z","tw_boards|twse:twse_openapi|tpex:mopsfin_t187ap03_O_csv|esb:tpex_openapi_esb"
"6582.TW","申豐特用應材股份有限公司","TWSE","11","lab.Unmapped","2026-09-13T13:36:04Z","tw_boards|twse:twse_openapi|tpex:mopsfin_t187ap03_O_csv|esb:tpex_openapi_esb"
"6585.TW","鼎基先進材料股份有限公司","TWSE","20","lab.Unmapped","2026-09-13T13:36:04Z","tw_boards|twse:twse_openapi|tpex:mopsfin_t187ap03_O_csv|esb:tpex_openapi_esb"
"6589.TW","台康生技股份有限公司","TWSE","22","lab.Unmapped","2026-09-13T13:36:04Z","tw_boards|twse:twse_openapi|tpex:mopsfin_t187ap03_O_csv|esb:tpex_openapi_esb"
"6591.TW","動力科技股份有限公司","TWSE","25","lab.Unmapped","2026-09-13T13:36:04Z","tw_boards|twse:twse_openapi|tpex:mopsfin_t187ap03_O_csv|esb:tpex_openapi_esb"
"6592.TW","和潤企業股份有限公司","TWSE","20","lab.Unmapped","2026-09-13T13:36:04Z","tw_boards|twse:twse_openapi|tpex:mopsfin_t187ap03_O_csv|esb:tpex_openapi_esb"
"6598.TW","Applied BioCode Corporation","TWSE","22","lab.Unmapped","2026-09-13T13:36:04Z","tw_boards|twse:twse_openapi|tpex:mopsfin_t187ap03_O_csv|esb:tpex_openapi_esb"
"6605.TW","帝寶工業股份有限公司","TWSE","12","lab.Unmapped","2026-09-13T13:36:04Z","tw_boards|twse:twse_openapi|tpex:mopsfin_t187ap03_O_csv|esb:tpex_openapi_esb"
"6606.TW","建德工業股份有限公司","TWSE","05","lab.Unmapped","2026-09-13T13:36:04Z","tw_boards|twse:twse_openapi|tpex:mopsfin_t187ap03_O_csv|esb:tpex_openapi_esb"
"6614.TW","資拓宏宇國際股份有限公司","TWSE","36","lab.Unmapped","2026-09-13T13:36:04Z","tw_boards|twse:twse_openapi|tpex:mopsfin_t187ap03_O_csv|esb:tpex_openapi_esb"
"6625.TW","必應創造股份有限公司","TWSE","20","lab.Unmapped","2026-09-13T13:36:04Z","tw_boards|twse:twse_openapi|tpex:mopsfin_t187ap03_O_csv|esb:tpex_openapi_esb"
"6641.TW","基士德科技股份有限公司","TWSE","35","lab.Unmapped","2026-09-13T13:36:04Z","tw_boards|twse:twse_openapi|tpex:mopsfin_t187ap03_O_csv|esb:tpex_openapi_esb"
"6645.TW","金萬林企業股份有限公司","TWSE","22","lab.Unmapped","2026-09-13T13:36:04Z","tw_boards|twse:twse_openapi|tpex:mopsfin_t187ap03_O_csv|esb:tpex_openapi_esb"
"6655.TW","科定企業股份有限公司","TWSE","20","lab.Unmapped","2026-09-13T13:36:04Z","tw_boards|twse:twse_openapi|tpex:mopsfin_t187ap03_O_csv|esb:tpex_openapi_esb"
"6657.TW","華安醫學股份有限公司","TWSE","22","lab.Unmapped","2026-09-13T13:36:04Z","tw_boards|twse:twse_openapi|tpex:mopsfin_t187ap03_O_csv|esb:tpex_openapi_esb"
"6658.TW","聯策科技股份有限公司","TWSE","31","lab.Unmapped","2026-09-13T13:36:04Z","tw_boards|twse:twse_openapi|tpex:mopsfin_t187ap03_O_csv|esb:tpex_openapi_esb"
"6666.TW","羅麗芬控股股份有限公司","TWSE","22","lab.Unmapped","2026-09-13T13:36:04Z","tw_boards|twse:twse_openapi|tpex:mopsfin_t187ap03_O_csv|esb:tpex_openapi_esb"
"6668.TW","中揚光電股份有限公司","TWSE","26","lab.Unmapped","2026-09-13T13:36:04Z","tw_boards|twse:twse_openapi|tpex:mopsfin_t187ap03_O_csv|esb:tpex_openapi_esb"
"6669.TW","緯穎科技服務股份有限公司","TWSE","25","lab.Unmapped","2026-09-13T13:36:04Z","tw_boards|twse:twse_openapi|tpex:mopsfin_t187ap03_O_csv|esb:tpex_openapi_esb"
"6670.TW","復盛應用科技股份有限公司","TWSE","37","lab.Unmapped","2026-09-13T13:36:04Z","tw_boards|twse:twse_openapi|tpex:mopsfin_t187ap03_O_csv|esb:tpex_openapi_esb"
"6671.TW","三能集團控股股份有限公司","TWSE","38","lab.Unmapped","2026-09-13T13:36:04Z","tw_boards|twse:twse_openapi|tpex:mopsfin_t187ap03_O_csv|esb:tpex_openapi_esb"
"6672.TW","騰輝電子國際集團股份有限公司","TWSE","28","lab.Unmapped","2026-09-13T13:36:04Z","tw_boards|twse:twse_openapi|tpex:mopsfin_t187ap03_O_csv|esb:tpex_openapi_esb"
"6674.TW","鋐寶科技股份有限公司","TWSE","27","lab.Unmapped","2026-09-13T13:36:04Z","tw_boards|twse:twse_openapi|tpex:mopsfin_t187ap03_O_csv|esb:tpex_openapi_esb"
"6689.TW","伊雲谷數位科技股份有限公司","TWSE","36","lab.Unmapped","2026-09-13T13:36:04Z","tw_boards|twse:twse_openapi|tpex:mopsfin_t187ap03_O_csv|esb:tpex_openapi_esb"
"6691.TW","洋基工程股份有限公司","TWSE","31","lab.Unmapped","2026-09-13T13:36:04Z","tw_boards|twse:twse_openapi|tpex:mopsfin_t187ap03_O_csv|esb:tpex_openapi_esb"
"6695.TW","芯鼎科技股份有限公司","TWSE","24","lab.Unmapped","2026-09-13T13:36:04Z","tw_boards|twse:twse_openapi|tpex:mopsfin_t187ap03_O_csv|esb:tpex_openapi_esb"
"6698.TW","旭暉應用材料股份有限公司","TWSE","31","lab.Unmapped","2026-09-13T13:36:04Z","tw_boards|twse:twse_openapi|tpex:mopsfin_t187ap03_O_csv|esb:tpex_openapi_esb"
"6706.TW","惠特科技股份有限公司","TWSE","26","lab.Unmapped","2026-09-13T13:36:04Z","tw_boards|twse:twse_openapi|tpex:mopsfin_t187ap03_O_csv|esb:tpex_openapi_esb"
"6715.TW","嘉基科技股份有限公司","TWSE","28","lab.Unmapped","2026-09-13T13:36:04Z","tw_boards|twse:twse_openapi|tpex:mopsfin_t187ap03_O_csv|esb:tpex_openapi_esb"
"6719.TW","力智電子股份有限公司","TWSE","24","lab.Unmapped","2026-09-13T13:36:04Z","tw_boards|twse:twse_openapi|tpex:mopsfin_t187ap03_O_csv|esb:tpex_openapi_esb"
"6722.TW","輝創電子股份有限公司","TWSE","31","lab.Unmapped","2026-09-13T13:36:04Z","tw_boards|twse:twse_openapi|tpex:mopsfin_t187ap03_O_csv|esb:tpex_openapi_esb"
"6742.TW","澤米科技股份有限公司","TWSE","26","lab.Unmapped","2026-09-13T13:36:04Z","tw_boards|twse:twse_openapi|tpex:mopsfin_t187ap03_O_csv|esb:tpex_openapi_esb"
"6743.TW","安普新股份有限公司","TWSE","31","lab.Unmapped","2026-09-13T13:36:04Z","tw_boards|twse:twse_openapi|tpex:mopsfin_t187ap03_O_csv|esb:tpex_openapi_esb"
"6753.TW","龍德造船工業股份有限公司","TWSE","15","lab.Unmapped","2026-09-13T13:36:04Z","tw_boards|twse:twse_openapi|tpex:mopsfin_t187ap03_O_csv|esb:tpex_openapi_esb"
"6754.TW","匯僑室內裝修設計股份有限公司","TWSE","38","lab.Unmapped","2026-09-13T13:36:04Z","tw_boards|twse:twse_openapi|tpex:mopsfin_t187ap03_O_csv|esb:tpex_openapi_esb"
"6756.TW","威鋒電子股份有限公司","TWSE","24","lab.Unmapped","2026-09-13T13:36:04Z","tw_boards|twse:twse_openapi|tpex:mopsfin_t187ap03_O_csv|esb:tpex_openapi_esb"
"6757.TW","台灣虎航股份有限公司","TWSE","15","lab.Unmapped","2026-09-13T13:36:04Z","tw_boards|twse:twse_openapi|tpex:mopsfin_t187ap03_O_csv|esb:tpex_openapi_esb"
"6768.TW","志強國際企業股份有限公司","TWSE","37","lab.Unmapped","2026-09-13T13:36:04Z","tw_boards|twse:twse_openapi|tpex:mopsfin_t187ap03_O_csv|esb:tpex_openapi_esb"
"6770.TW","力晶積成電子製造股份有限公司","TWSE","24","lab.Unmapped","2026-09-13T13:36:04Z","tw_boards|twse:twse_openapi|tpex:mopsfin_t187ap03_O_csv|esb:tpex_openapi_esb"
"6771.TW","平和環保科技股份有限公司","TWSE","35","lab.Unmapped","2026-09-13T13:36:04Z","tw_boards|twse:twse_openapi|tpex:mopsfin_t187ap03_O_csv|esb:tpex_openapi_esb"
"6776.TW","展碁國際股份有限公司","TWSE","29","lab.Unmapped","2026-09-13T13:36:04Z","tw_boards|twse:twse_openapi|tpex:mopsfin_t187ap03_O_csv|esb:tpex_openapi_esb"
"6781.TW","AES Holding Co., Ltd.","TWSE","28","lab.Unmapped","2026-09-13T13:36:04Z","tw_boards|twse:twse_openapi|tpex:mopsfin_t187ap03_O_csv|esb:tpex_openapi_esb"
"6782.TW","視陽光學股份有限公司","TWSE","22","lab.Unmapped","2026-09-13T13:36:04Z","tw_boards|twse:twse_openapi|tpex:mopsfin_t187ap03_O_csv|esb:tpex_openapi_esb"
"6789.TW","采鈺科技股份有限公司","TWSE","24","lab.Unmapped","2026-09-13T13:36:04Z","tw_boards|twse:twse_openapi|tpex:mopsfin_t187ap03_O_csv|esb:tpex_openapi_esb"
"6790.TW","永豐餘消費品實業股份有限公司","TWSE","09","lab.Unmapped","2026-09-13T13:36:04Z","tw_boards|twse:twse_openapi|tpex:mopsfin_t187ap03_O_csv|esb:tpex_openapi_esb"
"6792.TW","詠業科技股份有限公司","TWSE","27","lab.Unmapped","2026-09-13T13:36:04Z","tw_boards|twse:twse_openapi|tpex:mopsfin_t187ap03_O_csv|esb:tpex_openapi_esb"
"6794.TW","向榮生醫科技股份有限公司","TWSE","22","lab.Unmapped","2026-09-13T13:36:04Z","tw_boards|twse:twse_openapi|tpex:mopsfin_t187ap03_O_csv|esb:tpex_openapi_esb"
"6796.TW","晉弘科技股份有限公司","TWSE","22","lab.Unmapped","2026-09-13T13:36:04Z","tw_boards|twse:twse_openapi|tpex:mopsfin_t187ap03_O_csv|esb:tpex_openapi_esb"
"6799.TW","來頡科技股份有限公司","TWSE","24","lab.Unmapped","2026-09-13T13:36:04Z","tw_boards|twse:twse_openapi|tpex:mopsfin_t187ap03_O_csv|esb:tpex_openapi_esb"
"6805.TW","富世達股份有限公司","TWSE","28","lab.Unmapped","2026-09-13T13:36:04Z","tw_boards|twse:twse_openapi|tpex:mopsfin_t187ap03_O_csv|esb:tpex_openapi_esb"
"6807.TW","峰源集團股份有限公司","TWSE","38","lab.Unmapped","2026-09-13T13:36:04Z","tw_boards|twse:twse_openapi|tpex:mopsfin_t187ap03_O_csv|esb:tpex_openapi_esb"
"6830.TW","汎銓科技股份有限公司","TWSE","31","lab.Unmapped","2026-09-13T13:36:04Z","tw_boards|twse:twse_openapi|tpex:mopsfin_t187ap03_O_csv|esb:tpex_openapi_esb"
"6831.TW","邁&#33834;科技股份有限公司","TWSE","25","lab.Unmapped","2026-09-13T13:36:04Z","tw_boards|twse:twse_openapi|tpex:mopsfin_t187ap03_O_csv|esb:tpex_openapi_esb"
"6834.TW","天二科技股份有限公司","TWSE","28","lab.Unmapped","2026-09-13T13:36:04Z","tw_boards|twse:twse_openapi|tpex:mopsfin_t187ap03_O_csv|esb:tpex_openapi_esb"
"6835.TW","圓裕企業股份有限公司","TWSE","28","lab.Unmapped","2026-09-13T13:36:04Z","tw_boards|twse:twse_openapi|tpex:mopsfin_t187ap03_O_csv|esb:tpex_openapi_esb"
"6838.TW","台新藥股份有限公司","TWSE","22","lab.Unmapped","2026-09-13T13:36:04Z","tw_boards|twse:twse_openapi|tpex:mopsfin_t187ap03_O_csv|esb:tpex_openapi_esb"
"6854.TW","PlayNitride Inc.","TWSE","24","lab.Unmapped","2026-09-13T13:36:04Z","tw_boards|twse:twse_openapi|tpex:mopsfin_t187ap03_O_csv|esb:tpex_openapi_esb"
"6861.TW","睿生光電股份有限公司","TWSE","22","lab.Unmapped","2026-09-13T13:36:04Z","tw_boards|twse:twse_openapi|tpex:mopsfin_t187ap03_O_csv|esb:tpex_openapi_esb"
"6862.TW","三集瑞科技國際集團股份有限公司","TWSE","28","lab.Unmapped","2026-09-13T13:36:04Z","tw_boards|twse:twse_openapi|tpex:mopsfin_t187ap03_O_csv|esb:tpex_openapi_esb"
"6863.TW","Arizon RFID Technology","TWSE","27","lab.Unmapped","2026-09-13T13:36:04Z","tw_boards|twse:twse_openapi|tpex:mopsfin_t187ap03_O_csv|esb:tpex_openapi_esb"
"6869.TW","雲豹能源科技股份有限公司","TWSE","35","lab.Unmapped","2026-09-13T13:36:04Z","tw_boards|twse:twse_openapi|tpex:mopsfin_t187ap03_O_csv|esb:tpex_openapi_esb"
"6873.TW","泓德能源科技股份有限公司","TWSE","35","lab.Unmapped","2026-09-13T13:36:04Z","tw_boards|twse:twse_openapi|tpex:mopsfin_t187ap03_O_csv|esb:tpex_openapi_esb"
"6885.TW","全福生物科技股份有限公司","TWSE","22","lab.Unmapped","2026-09-13T13:36:04Z","tw_boards|twse:twse_openapi|tpex:mopsfin_t187ap03_O_csv|esb:tpex_openapi_esb"
"6887.TW","寶綠特資源再生工程股份有限公司","TWSE","35","lab.Unmapped","2026-09-13T13:36:04Z","tw_boards|twse:twse_openapi|tpex:mopsfin_t187ap03_O_csv|esb:tpex_openapi_esb"
"6890.TW","來億興業股份有限公司","TWSE","37","lab.Unmapped","2026-09-13T13:36:04Z","tw_boards|twse:twse_openapi|tpex:mopsfin_t187ap03_O_csv|esb:tpex_openapi_esb"
"6901.TW","鑽石生技投資股份有限公司","TWSE","20","lab.Unmapped","2026-09-13T13:36:04Z","tw_boards|twse:twse_openapi|tpex:mopsfin_t187ap03_O_csv|esb:tpex_openapi_esb"
"6902.TW","走著瞧股份有限公司","TWSE","36","lab.Unmapped","2026-09-13T13:36:04Z","tw_boards|twse:twse_openapi|tpex:mopsfin_t187ap03_O_csv|esb:tpex_openapi_esb"
"6906.TW","現觀科技股份有限公司","TWSE","36","lab.Unmapped","2026-09-13T13:36:04Z","tw_boards|twse:twse_openapi|tpex:mopsfin_t187ap03_O_csv|esb:tpex_openapi_esb"
"6908.TW","宏碁遊戲股份有限公司","TWSE","29","lab.Unmapped","2026-09-13T13:36:04Z","tw_boards|twse:twse_openapi|tpex:mopsfin_t187ap03_O_csv|esb:tpex_openapi_esb"
"6909.TW","創控科技股份有限公司","TWSE","24","lab.Unmapped","2026-09-13T13:36:04Z","tw_boards|twse:twse_openapi|tpex:mopsfin_t187ap03_O_csv|esb:tpex_openapi_esb"
"6914.TW","阜爾運通股份有限公司","TWSE","20","lab.Unmapped","2026-09-13T13:36:04Z","tw_boards|twse:twse_openapi|tpex:mopsfin_t187ap03_O_csv|esb:tpex_openapi_esb"
"6916.TW","華凌光電股份有限公司","TWSE","26","lab.Unmapped","2026-09-13T13:36:04Z","tw_boards|twse:twse_openapi|tpex:mopsfin_t187ap03_O_csv|esb:tpex_openapi_esb"
"6918.TW","愛派司生技股份有限公司","TWSE","22","lab.Unmapped","2026-09-13T13:36:04Z","tw_boards|twse:twse_openapi|tpex:mopsfin_t187ap03_O_csv|esb:tpex_openapi_esb"
"6919.TW","康霈生技股份有限公司","TWSE","22","lab.Unmapped","2026-09-13T13:36:04Z","tw_boards|twse:twse_openapi|tpex:mopsfin_t187ap03_O_csv|esb:tpex_openapi_esb"
"6921.TW","嘉雨思科技股份有限公司","TWSE","24","lab.Unmapped","2026-09-13T13:36:04Z","tw_boards|twse:twse_openapi|tpex:mopsfin_t187ap03_O_csv|esb:tpex_openapi_esb"
"6923.TW","中台資源科技股份有限公司","TWSE","35","lab.Unmapped","2026-09-13T13:36:04Z","tw_boards|twse:twse_openapi|tpex:mopsfin_t187ap03_O_csv|esb:tpex_openapi_esb"
"6924.TW","榮惠集團(開曼)股份有限公司","TWSE","28","lab.Unmapped","2026-09-13T13:36:04Z","tw_boards|twse:twse_openapi|tpex:mopsfin_t187ap03_O_csv|esb:tpex_openapi_esb"
"6928.TW","攸泰科技股份有限公司","TWSE","25","lab.Unmapped","2026-09-13T13:36:04Z","tw_boards|twse:twse_openapi|tpex:mopsfin_t187ap03_O_csv|esb:tpex_openapi_esb"
"6931.TW","青松健康股份有限公司","TWSE","22","lab.Unmapped","2026-09-13T13:36:04Z","tw_boards|twse:twse_openapi|tpex:mopsfin_t187ap03_O_csv|esb:tpex_openapi_esb"
"6933.TW","艾瑪斯科技控股股份有限公司","TWSE","25","lab.Unmapped","2026-09-13T13:36:04Z","tw_boards|twse:twse_openapi|tpex:mopsfin_t187ap03_O_csv|esb:tpex_openapi_esb"
"6934.TW","心誠鎂行動醫電股份有限公司","TWSE","22","lab.Unmapped","2026-09-13T13:36:04Z","tw_boards|twse:twse_openapi|tpex:mopsfin_t187ap03_O_csv|esb:tpex_openapi_esb"
"6936.TW","永鴻國際生技股份有限公司","TWSE","22","lab.Unmapped","2026-09-13T13:36:04Z","tw_boards|twse:twse_openapi|tpex:mopsfin_t187ap03_O_csv|esb:tpex_openapi_esb"
"6937.TW","天虹科技股份有限公司","TWSE","24","lab.Unmapped","2026-09-13T13:36:04Z","tw_boards|twse:twse_openapi|tpex:mopsfin_t187ap03_O_csv|esb:tpex_openapi_esb"
"6944.TW","兆聯實業股份有限公司","TWSE","35","lab.Unmapped","2026-09-13T13:36:04Z","tw_boards|twse:twse_openapi|tpex:mopsfin_t187ap03_O_csv|esb:tpex_openapi_esb"
"6947.TW","台鎔科技材料股份有限公司","TWSE","35","lab.Unmapped","2026-09-13T13:36:04Z","tw_boards|twse:twse_openapi|tpex:mopsfin_t187ap03_O_csv|esb:tpex_openapi_esb"
"6949.TW","沛爾生技醫藥股份有限公司","TWSE","22","lab.Unmapped","2026-09-13T13:36:04Z","tw_boards|twse:twse_openapi|tpex:mopsfin_t187ap03_O_csv|esb:tpex_openapi_esb"
"6951.TW","青新環境工程股份有限公司","TWSE","35","lab.Unmapped","2026-09-13T13:36:04Z","tw_boards|twse:twse_openapi|tpex:mopsfin_t187ap03_O_csv|esb:tpex_openapi_esb"
"6952.TW","大武山牧場科技股份有限公司","TWSE","20","lab.Unmapped","2026-09-13T13:36:04Z","tw_boards|twse:twse_openapi|tpex:mopsfin_t187ap03_O_csv|esb:tpex_openapi_esb"
"6955.TW","邦睿生技股份有限公司","TWSE","22","lab.Unmapped","2026-09-13T13:36:04Z","tw_boards|twse:twse_openapi|tpex:mopsfin_t187ap03_O_csv|esb:tpex_openapi_esb"
"6957.TW","裕慶金屬股份有限公司","TWSE","20","lab.Unmapped","2026-09-13T13:36:04Z","tw_boards|twse:twse_openapi|tpex:mopsfin_t187ap03_O_csv|esb:tpex_openapi_esb"
"6958.TW","日盛台駿國際租賃股份有限公司","TWSE","20","lab.Unmapped","2026-09-13T13:36:04Z","tw_boards|twse:twse_openapi|tpex:mopsfin_t187ap03_O_csv|esb:tpex_openapi_esb"
"6962.TW","ITH Corporation","TWSE","24","lab.Unmapped","2026-09-13T13:36:04Z","tw_boards|twse:twse_openapi|tpex:mopsfin_t187ap03_O_csv|esb:tpex_openapi_esb"
"6965.TW","中傑投資控股股份有限公司","TWSE","37","lab.Unmapped","2026-09-13T13:36:04Z","tw_boards|twse:twse_openapi|tpex:mopsfin_t187ap03_O_csv|esb:tpex_openapi_esb"
"6969.TW","成信實業股份有限公司","TWSE","35","lab.Unmapped","2026-09-13T13:36:04Z","tw_boards|twse:twse_openapi|tpex:mopsfin_t187ap03_O_csv|esb:tpex_openapi_esb"
"6988.TW","威力暘電子股份有限公司","TWSE","12","lab.Unmapped","2026-09-13T13:36:04Z","tw_boards|twse:twse_openapi|tpex:mopsfin_t187ap03_O_csv|esb:tpex_openapi_esb"
"6994.TW","富威電力股份有限公司","TWSE","35","lab.Unmapped","2026-09-13T13:36:04Z","tw_boards|twse:twse_openapi|tpex:mopsfin_t187ap03_O_csv|esb:tpex_openapi_esb"
"7610.TW","聯友金屬科技股份有限公司","TWSE","35","lab.Unmapped","2026-09-13T13:36:04Z","tw_boards|twse:twse_openapi|tpex:mopsfin_t187ap03_O_csv|esb:tpex_openapi_esb"
"7631.TW","聚賢研發股份有限公司","TWSE","31","lab.Unmapped","2026-09-13T13:36:04Z","tw_boards|twse:twse_openapi|tpex:mopsfin_t187ap03_O_csv|esb:tpex_openapi_esb"
"7689.TW","大鵬科技股份有限公司","TWSE","27","lab.Unmapped","2026-09-13T13:36:04Z","tw_boards|twse:twse_openapi|tpex:mopsfin_t187ap03_O_csv|esb:tpex_openapi_esb"
"7705.TW","三商餐飲股份有限公司","TWSE","16","lab.Unmapped","2026-09-13T13:36:04Z","tw_boards|twse:twse_openapi|tpex:mopsfin_t187ap03_O_csv|esb:tpex_openapi_esb"
"7711.TW","永擎電子股份有限公司","TWSE","25","lab.Unmapped","2026-09-13T13:36:04Z","tw_boards|twse:twse_openapi|tpex:mopsfin_t187ap03_O_csv|esb:tpex_openapi_esb"
"7721.TW","微程式資訊股份有限公司","TWSE","36","lab.Unmapped","2026-09-13T13:36:04Z","tw_boards|twse:twse_openapi|tpex:mopsfin_t187ap03_O_csv|esb:tpex_openapi_esb"
"7722.TW","連加網路商業股份有限公司","TWSE","36","lab.Unmapped","2026-09-13T13:36:04Z","tw_boards|twse:twse_openapi|tpex:mopsfin_t187ap03_O_csv|esb:tpex_openapi_esb"
"7730.TW","暉盛科技股份有限公司","TWSE","24","lab.Unmapped","2026-09-13T13:36:04Z","tw_boards|twse:twse_openapi|tpex:mopsfin_t187ap03_O_csv|esb:tpex_openapi_esb"
"7732.TW","金興精密工業股份有限公司","TWSE","12","lab.Unmapped","2026-09-13T13:36:04Z","tw_boards|twse:twse_openapi|tpex:mopsfin_t187ap03_O_csv|esb:tpex_openapi_esb"
"7736.TW","虎山實業股份有限公司","TWSE","12","lab.Unmapped","2026-09-13T13:36:04Z","tw_boards|twse:twse_openapi|tpex:mopsfin_t187ap03_O_csv|esb:tpex_openapi_esb"
"7740.TW","熙特爾新能源股份有限公司","TWSE","35","lab.Unmapped","2026-09-13T13:36:04Z","tw_boards|twse:twse_openapi|tpex:mopsfin_t187ap03_O_csv|esb:tpex_openapi_esb"
"7749.TW","意騰科技股份有限公司","TWSE","24","lab.Unmapped","2026-09-13T13:36:04Z","tw_boards|twse:twse_openapi|tpex:mopsfin_t187ap03_O_csv|esb:tpex_openapi_esb"
"7750.TW","新代科技股份有限公司","TWSE","05","lab.Unmapped","2026-09-13T13:36:04Z","tw_boards|twse:twse_openapi|tpex:mopsfin_t187ap03_O_csv|esb:tpex_openapi_esb"
"7760.TW","享溫馨企業股份有限公司","TWSE","16","lab.Unmapped","2026-09-13T13:36:04Z","tw_boards|twse:twse_openapi|tpex:mopsfin_t187ap03_O_csv|esb:tpex_openapi_esb"
"7765.TW","中華資安國際股份有限公司","TWSE","36","lab.Unmapped","2026-09-13T13:36:04Z","tw_boards|twse:twse_openapi|tpex:mopsfin_t187ap03_O_csv|esb:tpex_openapi_esb"
"7768.TW","頌勝科技材料股份有限公司","TWSE","24","lab.Unmapped","2026-09-13T13:36:04Z","tw_boards|twse:twse_openapi|tpex:mopsfin_t187ap03_O_csv|esb:tpex_openapi_esb"
"7769.TW","鴻勁精密股份有限公司","TWSE","24","lab.Unmapped","2026-09-13T13:36:04Z","tw_boards|twse:twse_openapi|tpex:mopsfin_t187ap03_O_csv|esb:tpex_openapi_esb"
"7780.TW","大研生醫國際股份有限公司","TWSE","02","lab.Unmapped","2026-09-13T13:36:04Z","tw_boards|twse:twse_openapi|tpex:mopsfin_t187ap03_O_csv|esb:tpex_openapi_esb"
"7786.TW","東方風能科技股份有限公司","TWSE","35","lab.Unmapped","2026-09-13T13:36:04Z","tw_boards|twse:twse_openapi|tpex:mopsfin_t187ap03_O_csv|esb:tpex_openapi_esb"
"7788.TW","松川精密股份有限公司","TWSE","28","lab.Unmapped","2026-09-13T13:36:04Z","tw_boards|twse:twse_openapi|tpex:mopsfin_t187ap03_O_csv|esb:tpex_openapi_esb"
"7791.TW","皇家可口股份有限公司","TWSE","02","lab.Unmapped","2026-09-13T13:36:04Z","tw_boards|twse:twse_openapi|tpex:mopsfin_t187ap03_O_csv|esb:tpex_openapi_esb"
"7795.TW","長廣精機股份有限公司","TWSE","28","lab.Unmapped","2026-09-13T13:36:04Z","tw_boards|twse:twse_openapi|tpex:mopsfin_t187ap03_O_csv|esb:tpex_openapi_esb"
"7799.TW","禾榮科技股份有限公司","TWSE","22","lab.Unmapped","2026-09-13T13:36:04Z","tw_boards|twse:twse_openapi|tpex:mopsfin_t187ap03_O_csv|esb:tpex_openapi_esb"
"7803.TW","雲象科技股份有限公司","TWSE","22","lab.Unmapped","2026-09-13T13:36:04Z","tw_boards|twse:twse_openapi|tpex:mopsfin_t187ap03_O_csv|esb:tpex_openapi_esb"
"7818.TW","溢泰實業股份有限公司","TWSE","35","lab.Unmapped","2026-09-13T13:36:04Z","tw_boards|twse:twse_openapi|tpex:mopsfin_t187ap03_O_csv|esb:tpex_openapi_esb"
"7821.TW","神達數位股份有限公司","TWSE","12","lab.Unmapped","2026-09-13T13:36:04Z","tw_boards|twse:twse_openapi|tpex:mopsfin_t187ap03_O_csv|esb:tpex_openapi_esb"
"7822.TW","倍利科技股份有限公司","TWSE","24","lab.Unmapped","2026-09-13T13:36:04Z","tw_boards|twse:twse_openapi|tpex:mopsfin_t187ap03_O_csv|esb:tpex_openapi_esb"
"7823.TW","奧義賽博科技股份有限公司","TWSE","36","lab.Unmapped","2026-09-13T13:36:04Z","tw_boards|twse:twse_openapi|tpex:mopsfin_t187ap03_O_csv|esb:tpex_openapi_esb"
"7827.TW","英屬開曼群島商漢康生技(股)公司","TWSE","22","lab.Unmapped","2026-09-13T13:36:04Z","tw_boards|twse:twse_openapi|tpex:mopsfin_t187ap03_O_csv|esb:tpex_openapi_esb"
"7835.TW","永悅健康股份有限公司","TWSE","36","lab.Unmapped","2026-09-13T13:36:04Z","tw_boards|twse:twse_openapi|tpex:mopsfin_t187ap03_O_csv|esb:tpex_openapi_esb"
"7855.TW","和運租車股份有限公司","TWSE","20","lab.Unmapped","2026-09-13T13:36:04Z","tw_boards|twse:twse_openapi|tpex:mopsfin_t187ap03_O_csv|esb:tpex_openapi_esb"
"8011.TW","台通光電股份有限公司","TWSE","27","lab.Unmapped","2026-09-13T13:36:04Z","tw_boards|twse:twse_openapi|tpex:mopsfin_t187ap03_O_csv|esb:tpex_openapi_esb"
"8016.TW","矽創電子股份有限公司","TWSE","24","lab.Unmapped","2026-09-13T13:36:04Z","tw_boards|twse:twse_openapi|tpex:mopsfin_t187ap03_O_csv|esb:tpex_openapi_esb"
"8021.TW","尖點科技股份有限公司","TWSE","31","lab.Unmapped","2026-09-13T13:36:04Z","tw_boards|twse:twse_openapi|tpex:mopsfin_t187ap03_O_csv|esb:tpex_openapi_esb"
"8028.TW","昇陽國際半導體股份有限公司","TWSE","24","lab.Unmapped","2026-09-13T13:36:04Z","tw_boards|twse:twse_openapi|tpex:mopsfin_t187ap03_O_csv|esb:tpex_openapi_esb"
"8033.TW","雷虎科技股份有限公司","TWSE","20","lab.Unmapped","2026-09-13T13:36:04Z","tw_boards|twse:twse_openapi|tpex:mopsfin_t187ap03_O_csv|esb:tpex_openapi_esb"
"8039.TW","台虹科技股份有限公司","TWSE","28","lab.Unmapped","2026-09-13T13:36:04Z","tw_boards|twse:twse_openapi|tpex:mopsfin_t187ap03_O_csv|esb:tpex_openapi_esb"
"8045.TW","達運光電股份有限公司","TWSE","27","lab.Unmapped","2026-09-13T13:36:04Z","tw_boards|twse:twse_openapi|tpex:mopsfin_t187ap03_O_csv|esb:tpex_openapi_esb"
"8046.TW","南亞電路板股份有限公司","TWSE","28","lab.Unmapped","2026-09-13T13:36:04Z","tw_boards|twse:twse_openapi|tpex:mopsfin_t187ap03_O_csv|esb:tpex_openapi_esb"
"8070.TW","長華電材股份有限公司","TWSE","29","lab.Unmapped","2026-09-13T13:36:04Z","tw_boards|twse:twse_openapi|tpex:mopsfin_t187ap03_O_csv|esb:tpex_openapi_esb"
"8072.TW","陞泰科技股份有限公司","TWSE","29","lab.Unmapped","2026-09-13T13:36:04Z","tw_boards|twse:twse_openapi|tpex:mopsfin_t187ap03_O_csv|esb:tpex_openapi_esb"
"8081.TW","致新科技股份有限公司","TWSE","24","lab.Unmapped","2026-09-13T13:36:04Z","tw_boards|twse:twse_openapi|tpex:mopsfin_t187ap03_O_csv|esb:tpex_openapi_esb"
"8101.TW","華冠通訊股份有限公司","TWSE","27","lab.Unmapped","2026-09-13T13:36:04Z","tw_boards|twse:twse_openapi|tpex:mopsfin_t187ap03_O_csv|esb:tpex_openapi_esb"
"8103.TW","瀚荃股份有限公司","TWSE","28","lab.Unmapped","2026-09-13T13:36:04Z","tw_boards|twse:twse_openapi|tpex:mopsfin_t187ap03_O_csv|esb:tpex_openapi_esb"
"8104.TW","錸寶科技股份有限公司","TWSE","26","lab.Unmapped","2026-09-13T13:36:04Z","tw_boards|twse:twse_openapi|tpex:mopsfin_t187ap03_O_csv|esb:tpex_openapi_esb"
"8105.TW","凌巨科技股份有限公司","TWSE","26","lab.Unmapped","2026-09-13T13:36:04Z","tw_boards|twse:twse_openapi|tpex:mopsfin_t187ap03_O_csv|esb:tpex_openapi_esb"
"8110.TW","華東科技股份有限公司","TWSE","24","lab.Unmapped","2026-09-13T13:36:04Z","tw_boards|twse:twse_openapi|tpex:mopsfin_t187ap03_O_csv|esb:tpex_openapi_esb"
"8112.TW","至上電子股份有限公司","TWSE","29","lab.Unmapped","2026-09-13T13:36:04Z","tw_boards|twse:twse_openapi|tpex:mopsfin_t187ap03_O_csv|esb:tpex_openapi_esb"
"8114.TW","振樺電子股份有限公司","TWSE","25","lab.Unmapped","2026-09-13T13:36:04Z","tw_boards|twse:twse_openapi|tpex:mopsfin_t187ap03_O_csv|esb:tpex_openapi_esb"
"8131.TW","福懋科技股份有限公司","TWSE","24","lab.Unmapped","2026-09-13T13:36:04Z","tw_boards|twse:twse_openapi|tpex:mopsfin_t187ap03_O_csv|esb:tpex_openapi_esb"
"8150.TW","南茂科技股份有限公司","TWSE","24","lab.Unmapped","2026-09-13T13:36:04Z","tw_boards|twse:twse_openapi|tpex:mopsfin_t187ap03_O_csv|esb:tpex_openapi_esb"
"8162.TW","微矽電子股份有限公司","TWSE","24","lab.Unmapped","2026-09-13T13:36:04Z","tw_boards|twse:twse_openapi|tpex:mopsfin_t187ap03_O_csv|esb:tpex_openapi_esb"
"8163.TW","達方電子股份有限公司","TWSE","25","lab.Unmapped","2026-09-13T13:36:04Z","tw_boards|twse:twse_openapi|tpex:mopsfin_t187ap03_O_csv|esb:tpex_openapi_esb"
"8201.TW","無敵科技股份有限公司","TWSE","31","lab.Unmapped","2026-09-13T13:36:04Z","tw_boards|twse:twse_openapi|tpex:mopsfin_t187ap03_O_csv|esb:tpex_openapi_esb"
"8210.TW","勤誠興業股份有限公司","TWSE","25","lab.Unmapped","2026-09-13T13:36:04Z","tw_boards|twse:twse_openapi|tpex:mopsfin_t187ap03_O_csv|esb:tpex_openapi_esb"
"8213.TW","志超科技股份有限公司","TWSE","28","lab.Unmapped","2026-09-13T13:36:04Z","tw_boards|twse:twse_openapi|tpex:mopsfin_t187ap03_O_csv|esb:tpex_openapi_esb"
"8215.TW","明基材料股份有限公司","TWSE","26","lab.Unmapped","2026-09-13T13:36:04Z","tw_boards|twse:twse_openapi|tpex:mopsfin_t187ap03_O_csv|esb:tpex_openapi_esb"
"8222.TW","寶一科技股份有限公司","TWSE","05","lab.Unmapped","2026-09-13T13:36:04Z","tw_boards|twse:twse_openapi|tpex:mopsfin_t187ap03_O_csv|esb:tpex_openapi_esb"
"8249.TW","菱光科技股份有限公司","TWSE","28","lab.Unmapped","2026-09-13T13:36:04Z","tw_boards|twse:twse_openapi|tpex:mopsfin_t187ap03_O_csv|esb:tpex_openapi_esb"
"8261.TW","富鼎先進電子股份有限公司","TWSE","24","lab.Unmapped","2026-09-13T13:36:04Z","tw_boards|twse:twse_openapi|tpex:mopsfin_t187ap03_O_csv|esb:tpex_openapi_esb"
"8271.TW","宇瞻科技股份有限公司","TWSE","24","lab.Unmapped","2026-09-13T13:36:04Z","tw_boards|twse:twse_openapi|tpex:mopsfin_t187ap03_O_csv|esb:tpex_openapi_esb"
"8341.TW","日友環保科技股份有限公司","TWSE","35","lab.Unmapped","2026-09-13T13:36:04Z","tw_boards|twse:twse_openapi|tpex:mopsfin_t187ap03_O_csv|esb:tpex_openapi_esb"
"8367.TW","建新國際股份有限公司","TWSE","15","lab.Unmapped","2026-09-13T13:36:04Z","tw_boards|twse:twse_openapi|tpex:mopsfin_t187ap03_O_csv|esb:tpex_openapi_esb"
"8374.TW","羅昇企業股份有限公司","TWSE","05","lab.Unmapped","2026-09-13T13:36:04Z","tw_boards|twse:twse_openapi|tpex:mopsfin_t187ap03_O_csv|esb:tpex_openapi_esb"
"8404.TW","百和興業股份有限公司(開曼)","TWSE","20","lab.Unmapped","2026-09-13T13:36:04Z","tw_boards|twse:twse_openapi|tpex:mopsfin_t187ap03_O_csv|esb:tpex_openapi_esb"
"8411.TW","福貞控股股份有限公司","TWSE","20","lab.Unmapped","2026-09-13T13:36:04Z","tw_boards|twse:twse_openapi|tpex:mopsfin_t187ap03_O_csv|esb:tpex_openapi_esb"
"8422.TW","可寧衛股份有限公司","TWSE","35","lab.Unmapped","2026-09-13T13:36:04Z","tw_boards|twse:twse_openapi|tpex:mopsfin_t187ap03_O_csv|esb:tpex_openapi_esb"
"8429.TW","金麗集團控股有限公司","TWSE","18","lab.Unmapped","2026-09-13T13:36:04Z","tw_boards|twse:twse_openapi|tpex:mopsfin_t187ap03_O_csv|esb:tpex_openapi_esb"
"8438.TW","昶昕實業股份有限公司","TWSE","35","lab.Unmapped","2026-09-13T13:36:04Z","tw_boards|twse:twse_openapi|tpex:mopsfin_t187ap03_O_csv|esb:tpex_openapi_esb"
"8442.TW","威宏控股股份有限公司","TWSE","20","lab.Unmapped","2026-09-13T13:36:04Z","tw_boards|twse:twse_openapi|tpex:mopsfin_t187ap03_O_csv|esb:tpex_openapi_esb"
"8443.TW","阿瘦實業股份有限公司","TWSE","18","lab.Unmapped","2026-09-13T13:36:04Z","tw_boards|twse:twse_openapi|tpex:mopsfin_t187ap03_O_csv|esb:tpex_openapi_esb"
"8454.TW","富邦媒體科技股份有限公司","TWSE","36","lab.Unmapped","2026-09-13T13:36:04Z","tw_boards|twse:twse_openapi|tpex:mopsfin_t187ap03_O_csv|esb:tpex_openapi_esb"
"8462.TW","柏文健康事業股份有限公司","TWSE","37","lab.Unmapped","2026-09-13T13:36:04Z","tw_boards|twse:twse_openapi|tpex:mopsfin_t187ap03_O_csv|esb:tpex_openapi_esb"
"8463.TW","潤泰精密材料股份有限公司","TWSE","20","lab.Unmapped","2026-09-13T13:36:04Z","tw_boards|twse:twse_openapi|tpex:mopsfin_t187ap03_O_csv|esb:tpex_openapi_esb"
"8464.TW","億豐綜合工業股份有限公司","TWSE","38","lab.Unmapped","2026-09-13T13:36:04Z","tw_boards|twse:twse_openapi|tpex:mopsfin_t187ap03_O_csv|esb:tpex_openapi_esb"
"8466.TW","美吉吉國際股份有限公司","TWSE","20","lab.Unmapped","2026-09-13T13:36:04Z","tw_boards|twse:twse_openapi|tpex:mopsfin_t187ap03_O_csv|esb:tpex_openapi_esb"
"8467.TW","波力環球企業股份有限公司","TWSE","37","lab.Unmapped","2026-09-13T13:36:04Z","tw_boards|twse:twse_openapi|tpex:mopsfin_t187ap03_O_csv|esb:tpex_openapi_esb"
"8473.TW","山林水環境工程股份有限公司","TWSE","35","lab.Unmapped","2026-09-13T13:36:04Z","tw_boards|twse:twse_openapi|tpex:mopsfin_t187ap03_O_csv|esb:tpex_openapi_esb"
"8476.TW","台境企業股份有限公司","TWSE","35","lab.Unmapped","2026-09-13T13:36:04Z","tw_boards|twse:twse_openapi|tpex:mopsfin_t187ap03_O_csv|esb:tpex_openapi_esb"
"8478.TW","東哥企業股份有限公司","TWSE","37","lab.Unmapped","2026-09-13T13:36:04Z","tw_boards|twse:twse_openapi|tpex:mopsfin_t187ap03_O_csv|esb:tpex_openapi_esb"
"8481.TW","政伸企業股份有限公司","TWSE","20","lab.Unmapped","2026-09-13T13:36:04Z","tw_boards|twse:twse_openapi|tpex:mopsfin_t187ap03_O_csv|esb:tpex_openapi_esb"
"8482.TW","商億全球控股有限公司","TWSE","38","lab.Unmapped","2026-09-13T13:36:04Z","tw_boards|twse:twse_openapi|tpex:mopsfin_t187ap03_O_csv|esb:tpex_openapi_esb"
"8487.TW","愛爾達科技股份有限公司","TWSE","36","lab.Unmapped","2026-09-13T13:36:04Z","tw_boards|twse:twse_openapi|tpex:mopsfin_t187ap03_O_csv|esb:tpex_openapi_esb"
"8488.TW","吉源控股股份有限公司","TWSE","20","lab.Unmapped","2026-09-13T13:36:04Z","tw_boards|twse:twse_openapi|tpex:mopsfin_t187ap03_O_csv|esb:tpex_openapi_esb"
"8499.TW","鼎炫投資控股股份有限公司","TWSE","31","lab.Unmapped","2026-09-13T13:36:04Z","tw_boards|twse:twse_openapi|tpex:mopsfin_t187ap03_O_csv|esb:tpex_openapi_esb"
"8926.TW","台灣汽電共生股份有限公司","TWSE","23","lab.Unmapped","2026-09-13T13:36:04Z","tw_boards|twse:twse_openapi|tpex:mopsfin_t187ap03_O_csv|esb:tpex_openapi_esb"
"8940.TW","新天地國際實業股份有限公司","TWSE","16","lab.Unmapped","2026-09-13T13:36:04Z","tw_boards|twse:twse_openapi|tpex:mopsfin_t187ap03_O_csv|esb:tpex_openapi_esb"
"8996.TW","高力熱處理工業股份有限公司","TWSE","05","lab.Unmapped","2026-09-13T13:36:04Z","tw_boards|twse:twse_openapi|tpex:mopsfin_t187ap03_O_csv|esb:tpex_openapi_esb"
"9103.TW","美德向邦醫療國際股份有限公司","TWSE","91","lab.Unmapped","2026-09-13T13:36:04Z","tw_boards|twse:twse_openapi|tpex:mopsfin_t187ap03_O_csv|esb:tpex_openapi_esb"
"910322.TW","康師傅控股有限公司","TWSE","91","lab.Unmapped","2026-09-13T13:36:04Z","tw_boards|twse:twse_openapi|tpex:mopsfin_t187ap03_O_csv|esb:tpex_openapi_esb"
"9105.TW","泰金寶科技股份有限公司","TWSE","91","lab.Unmapped","2026-09-13T13:36:04Z","tw_boards|twse:twse_openapi|tpex:mopsfin_t187ap03_O_csv|esb:tpex_openapi_esb"
"910861.TW","神州數碼控股有限公司","TWSE","91","lab.Unmapped","2026-09-13T13:36:04Z","tw_boards|twse:twse_openapi|tpex:mopsfin_t187ap03_O_csv|esb:tpex_openapi_esb"
"9110.TW","越南製造加工出口控股有限公司","TWSE","91","lab.Unmapped","2026-09-13T13:36:04Z","tw_boards|twse:twse_openapi|tpex:mopsfin_t187ap03_O_csv|esb:tpex_openapi_esb"
"911608.TW","明輝環球企業有限公司","TWSE","91","lab.Unmapped","2026-09-13T13:36:04Z","tw_boards|twse:twse_openapi|tpex:mopsfin_t187ap03_O_csv|esb:tpex_openapi_esb"
"911622.TW","聚亨企業集團(泰國)大眾有限公司","TWSE","91","lab.Unmapped","2026-09-13T13:36:04Z","tw_boards|twse:twse_openapi|tpex:mopsfin_t187ap03_O_csv|esb:tpex_openapi_esb"
"911868.TW","同方友友控股有限公司","TWSE","91","lab.Unmapped","2026-09-13T13:36:04Z","tw_boards|twse:twse_openapi|tpex:mopsfin_t187ap03_O_csv|esb:tpex_openapi_esb"
"912000.TW","晨訊科技集團有限公司","TWSE","91","lab.Unmapped","2026-09-13T13:36:04Z","tw_boards|twse:twse_openapi|tpex:mopsfin_t187ap03_O_csv|esb:tpex_openapi_esb"
"9136.TW","巨騰國際控股有限公司","TWSE","91","lab.Unmapped","2026-09-13T13:36:04Z","tw_boards|twse:twse_openapi|tpex:mopsfin_t187ap03_O_csv|esb:tpex_openapi_esb"
"9802.TW","鈺齊國際股份有限公司","TWSE","37","lab.Unmapped","2026-09-13T13:36:04Z","tw_boards|twse:twse_openapi|tpex:mopsfin_t187ap03_O_csv|esb:tpex_openapi_esb"
"9902.TW","台火開發股份有限公司","TWSE","20","lab.Unmapped","2026-09-13T13:36:04Z","tw_boards|twse:twse_openapi|tpex:mopsfin_t187ap03_O_csv|esb:tpex_openapi_esb"
"9904.TW","寶成工業股份有限公司","TWSE","37","lab.Unmapped","2026-09-13T13:36:04Z","tw_boards|twse:twse_openapi|tpex:mopsfin_t187ap03_O_csv|esb:tpex_openapi_esb"
"9905.TW","大華金屬工業股份有限公司","TWSE","20","lab.Unmapped","2026-09-13T13:36:04Z","tw_boards|twse:twse_openapi|tpex:mopsfin_t187ap03_O_csv|esb:tpex_openapi_esb"
"9906.TW","欣巴巴事業股份有限公司","TWSE","14","lab.Unmapped","2026-09-13T13:36:04Z","tw_boards|twse:twse_openapi|tpex:mopsfin_t187ap03_O_csv|esb:tpex_openapi_esb"
"9907.TW","統一實業股份有限公司","TWSE","20","lab.Unmapped","2026-09-13T13:36:04Z","tw_boards|twse:twse_openapi|tpex:mopsfin_t187ap03_O_csv|esb:tpex_openapi_esb"
"9908.TW","大台北區瓦斯股份有限公司","TWSE","23","lab.Unmapped","2026-09-13T13:36:04Z","tw_boards|twse:twse_openapi|tpex:mopsfin_t187ap03_O_csv|esb:tpex_openapi_esb"
"9910.TW","豐泰企業股份有限公司","TWSE","37","lab.Unmapped","2026-09-13T13:36:04Z","tw_boards|twse:twse_openapi|tpex:mopsfin_t187ap03_O_csv|esb:tpex_openapi_esb"
"9911.TW","台灣櫻花股份有限公司","TWSE","38","lab.Unmapped","2026-09-13T13:36:04Z","tw_boards|twse:twse_openapi|tpex:mopsfin_t187ap03_O_csv|esb:tpex_openapi_esb"
"9912.TW","偉聯科技股份有限公司","TWSE","25","lab.Unmapped","2026-09-13T13:36:04Z","tw_boards|twse:twse_openapi|tpex:mopsfin_t187ap03_O_csv|esb:tpex_openapi_esb"
"9914.TW","美利達工業股份有限公司","TWSE","37","lab.Unmapped","2026-09-13T13:36:04Z","tw_boards|twse:twse_openapi|tpex:mopsfin_t187ap03_O_csv|esb:tpex_openapi_esb"
"9917.TW","中興保全科技股份有限公司","TWSE","20","lab.Unmapped","2026-09-13T13:36:04Z","tw_boards|twse:twse_openapi|tpex:mopsfin_t187ap03_O_csv|esb:tpex_openapi_esb"
"9918.TW","欣欣天然氣股份有限公司","TWSE","23","lab.Unmapped","2026-09-13T13:36:04Z","tw_boards|twse:twse_openapi|tpex:mopsfin_t187ap03_O_csv|esb:tpex_openapi_esb"
"9919.TW","康那香企業股份有限公司","TWSE","20","lab.Unmapped","2026-09-13T13:36:04Z","tw_boards|twse:twse_openapi|tpex:mopsfin_t187ap03_O_csv|esb:tpex_openapi_esb"
"9921.TW","巨大機械工業股份有限公司","TWSE","37","lab.Unmapped","2026-09-13T13:36:04Z","tw_boards|twse:twse_openapi|tpex:mopsfin_t187ap03_O_csv|esb:tpex_openapi_esb"
"9924.TW","台灣福興工業股份有限公司","TWSE","38","lab.Unmapped","2026-09-13T13:36:04Z","tw_boards|twse:twse_openapi|tpex:mopsfin_t187ap03_O_csv|esb:tpex_openapi_esb"
"9925.TW","台灣新光保全股份有限公司","TWSE","20","lab.Unmapped","2026-09-13T13:36:04Z","tw_boards|twse:twse_openapi|tpex:mopsfin_t187ap03_O_csv|esb:tpex_openapi_esb"
"9926.TW","新海瓦斯股份有限公司","TWSE","23","lab.Unmapped","2026-09-13T13:36:04Z","tw_boards|twse:twse_openapi|tpex:mopsfin_t187ap03_O_csv|esb:tpex_openapi_esb"
"9927.TW","泰銘實業股份有限公司","TWSE","20","lab.Unmapped","2026-09-13T13:36:04Z","tw_boards|twse:twse_openapi|tpex:mopsfin_t187ap03_O_csv|esb:tpex_openapi_esb"
"9928.TW","中國電視事業股份有限公司","TWSE","20","lab.Unmapped","2026-09-13T13:36:04Z","tw_boards|twse:twse_openapi|tpex:mopsfin_t187ap03_O_csv|esb:tpex_openapi_esb"
"9929.TW","秋雨創新股份有限公司","TWSE","20","lab.Unmapped","2026-09-13T13:36:04Z","tw_boards|twse:twse_openapi|tpex:mopsfin_t187ap03_O_csv|esb:tpex_openapi_esb"
"9930.TW","中聯資源股份有限公司","TWSE","35","lab.Unmapped","2026-09-13T13:36:04Z","tw_boards|twse:twse_openapi|tpex:mopsfin_t187ap03_O_csv|esb:tpex_openapi_esb"
"9931.TW","欣高石油氣股份有限公司","TWSE","23","lab.Unmapped","2026-09-13T13:36:04Z","tw_boards|twse:twse_openapi|tpex:mopsfin_t187ap03_O_csv|esb:tpex_openapi_esb"
"9933.TW","中鼎工程股份有限公司","TWSE","20","lab.Unmapped","2026-09-13T13:36:04Z","tw_boards|twse:twse_openapi|tpex:mopsfin_t187ap03_O_csv|esb:tpex_openapi_esb"
"9934.TW","成霖企業股份有限公司","TWSE","38","lab.Unmapped","2026-09-13T13:36:04Z","tw_boards|twse:twse_openapi|tpex:mopsfin_t187ap03_O_csv|esb:tpex_openapi_esb"
"9935.TW","慶豐富實業股份有限公司","TWSE","38","lab.Unmapped","2026-09-13T13:36:04Z","tw_boards|twse:twse_openapi|tpex:mopsfin_t187ap03_O_csv|esb:tpex_openapi_esb"
"9937.TW","全國加油站股份有限公司","TWSE","23","lab.Unmapped","2026-09-13T13:36:04Z","tw_boards|twse:twse_openapi|tpex:mopsfin_t187ap03_O_csv|esb:tpex_openapi_esb"
"9938.TW","台灣百和工業股份有限公司","TWSE","20","lab.Unmapped","2026-09-13T13:36:04Z","tw_boards|twse:twse_openapi|tpex:mopsfin_t187ap03_O_csv|esb:tpex_openapi_esb"
"9939.TW","宏全國際股份有限公司","TWSE","20","lab.Unmapped","2026-09-13T13:36:04Z","tw_boards|twse:twse_openapi|tpex:mopsfin_t187ap03_O_csv|esb:tpex_openapi_esb"
"9940.TW","信義房屋股份有限公司","TWSE","20","lab.Unmapped","2026-09-13T13:36:04Z","tw_boards|twse:twse_openapi|tpex:mopsfin_t187ap03_O_csv|esb:tpex_openapi_esb"
"9941.TW","裕融企業股份有限公司","TWSE","20","lab.Unmapped","2026-09-13T13:36:04Z","tw_boards|twse:twse_openapi|tpex:mopsfin_t187ap03_O_csv|esb:tpex_openapi_esb"
"9942.TW","茂順密封元件科技股份有限公司","TWSE","20","lab.Unmapped","2026-09-13T13:36:04Z","tw_boards|twse:twse_openapi|tpex:mopsfin_t187ap03_O_csv|esb:tpex_openapi_esb"
"9943.TW","好樂迪股份有限公司","TWSE","16","lab.Unmapped","2026-09-13T13:36:04Z","tw_boards|twse:twse_openapi|tpex:mopsfin_t187ap03_O_csv|esb:tpex_openapi_esb"
"9944.TW","新麗企業股份有限公司","TWSE","20","lab.Unmapped","2026-09-13T13:36:04Z","tw_boards|twse:twse_openapi|tpex:mopsfin_t187ap03_O_csv|esb:tpex_openapi_esb"
"9945.TW","潤泰創新國際股份有限公司","TWSE","20","lab.Unmapped","2026-09-13T13:36:04Z","tw_boards|twse:twse_openapi|tpex:mopsfin_t187ap03_O_csv|esb:tpex_openapi_esb"
"9946.TW","三發地產股份有限公司","TWSE","14","lab.Unmapped","2026-09-13T13:36:04Z","tw_boards|twse:twse_openapi|tpex:mopsfin_t187ap03_O_csv|esb:tpex_openapi_esb"
"9955.TW","佳龍科技工程股份有限公司","TWSE","35","lab.Unmapped","2026-09-13T13:36:04Z","tw_boards|twse:twse_openapi|tpex:mopsfin_t187ap03_O_csv|esb:tpex_openapi_esb"
"9958.TW","世紀鋼鐵結構股份有限公司","TWSE","10","lab.Unmapped","2026-09-13T13:36:04Z","tw_boards|twse:twse_openapi|tpex:mopsfin_t187ap03_O_csv|esb:tpex_openapi_esb"
"1240.TWO","茂生農經股份有限公司","TPEX","農業科技業","lab.Unmapped","2026-09-13T13:36:04Z","tw_boards|twse:twse_openapi|tpex:mopsfin_t187ap03_O_csv|esb:tpex_openapi_esb"
"1259.TWO","安心食品服務股份有限公司","TPEX","觀光餐旅","retail.Brick_Mortar","2026-09-13T13:36:04Z","tw_boards|twse:twse_openapi|tpex:mopsfin_t187ap03_O_csv|esb:tpex_openapi_esb"
"1264.TWO","德麥食品股份有限公司","TPEX","食品工業","fmcg.Food_Beverages","2026-09-13T13:36:04Z","tw_boards|twse:twse_openapi|tpex:mopsfin_t187ap03_O_csv|esb:tpex_openapi_esb"
"1268.TWO","漢來美食股份有限公司","TPEX","觀光餐旅","retail.Brick_Mortar","2026-09-13T13:36:04Z","tw_boards|twse:twse_openapi|tpex:mopsfin_t187ap03_O_csv|esb:tpex_openapi_esb"
"1294.TWO","漢田生技股份有限公司","TPEX","食品工業","fmcg.Food_Beverages","2026-09-13T13:36:04Z","tw_boards|twse:twse_openapi|tpex:mopsfin_t187ap03_O_csv|esb:tpex_openapi_esb"
"1295.TWO","生合生物科技股份有限公司","TPEX","食品工業","fmcg.Food_Beverages","2026-09-13T13:36:04Z","tw_boards|twse:twse_openapi|tpex:mopsfin_t187ap03_O_csv|esb:tpex_openapi_esb"
"1336.TWO","台翰精密科技股份有限公司","TPEX","電子零組件業","ec.Hardware","2026-09-13T13:36:04Z","tw_boards|twse:twse_openapi|tpex:mopsfin_t187ap03_O_csv|esb:tpex_openapi_esb"
"1565.TWO","精華光學股份有限公司","TPEX","生技醫療業","hc.Medtech","2026-09-13T13:36:04Z","tw_boards|twse:twse_openapi|tpex:mopsfin_t187ap03_O_csv|esb:tpex_openapi_esb"
"1569.TWO","濱川企業股份有限公司","TPEX","電腦及週邊設備業","ec.Hardware","2026-09-13T13:36:04Z","tw_boards|twse:twse_openapi|tpex:mopsfin_t187ap03_O_csv|esb:tpex_openapi_esb"
"1570.TWO","力肯實業股份有限公司","TPEX","電機機械","ind.Machinery","2026-09-13T13:36:04Z","tw_boards|twse:twse_openapi|tpex:mopsfin_t187ap03_O_csv|esb:tpex_openapi_esb"
"1580.TWO","新麥企業股份有限公司","TPEX","電機機械","ind.Machinery","2026-09-13T13:36:04Z","tw_boards|twse:twse_openapi|tpex:mopsfin_t187ap03_O_csv|esb:tpex_openapi_esb"
"1584.TWO","精剛精密科技股份有限公司","TPEX","其他業","lab.Unmapped","2026-09-13T13:36:04Z","tw_boards|twse:twse_openapi|tpex:mopsfin_t187ap03_O_csv|esb:tpex_openapi_esb"
"1586.TWO","和勤精機股份有限公司","TPEX","電機機械","ind.Machinery","2026-09-13T13:36:04Z","tw_boards|twse:twse_openapi|tpex:mopsfin_t187ap03_O_csv|esb:tpex_openapi_esb"
"1591.TWO","英屬開曼群島商駿吉控股(股)公司","TPEX","電機機械","ind.Machinery","2026-09-13T13:36:04Z","tw_boards|twse:twse_openapi|tpex:mopsfin_t187ap03_O_csv|esb:tpex_openapi_esb"
"1593.TWO","祺驊股份有限公司","TPEX","運動休閒","lab.Unmapped","2026-09-13T13:36:04Z","tw_boards|twse:twse_openapi|tpex:mopsfin_t187ap03_O_csv|esb:tpex_openapi_esb"
"1595.TWO","川寶科技股份有限公司","TPEX","半導體業","sc.Foundry","2026-09-13T13:36:04Z","tw_boards|twse:twse_openapi|tpex:mopsfin_t187ap03_O_csv|esb:tpex_openapi_esb"
"1599.TWO","宏佳騰動力科技股份有限公司","TPEX","電機機械","ind.Machinery","2026-09-13T13:36:04Z","tw_boards|twse:twse_openapi|tpex:mopsfin_t187ap03_O_csv|esb:tpex_openapi_esb"
"1742.TWO","台灣蠟品股份有限公司","TPEX","化學工業","mat.Chemicals","2026-09-13T13:36:04Z","tw_boards|twse:twse_openapi|tpex:mopsfin_t187ap03_O_csv|esb:tpex_openapi_esb"
"1777.TWO","生泰合成工業股份有限公司","TPEX","生技醫療業","hc.Medtech","2026-09-13T13:36:04Z","tw_boards|twse:twse_openapi|tpex:mopsfin_t187ap03_O_csv|esb:tpex_openapi_esb"
"1780.TWO","立弘生化科技股份有限公司","TPEX","食品工業","fmcg.Food_Beverages","2026-09-13T13:36:04Z","tw_boards|twse:twse_openapi|tpex:mopsfin_t187ap03_O_csv|esb:tpex_openapi_esb"
"1781.TWO","合世生醫科技股份有限公司","TPEX","生技醫療業","hc.Medtech","2026-09-13T13:36:04Z","tw_boards|twse:twse_openapi|tpex:mopsfin_t187ap03_O_csv|esb:tpex_openapi_esb"
"1784.TWO","訊聯生物科技股份有限公司","TPEX","生技醫療業","hc.Medtech","2026-09-13T13:36:04Z","tw_boards|twse:twse_openapi|tpex:mopsfin_t187ap03_O_csv|esb:tpex_openapi_esb"
"1785.TWO","光洋應用材料科技股份有限公司","TPEX","其他電子業","ec.Hardware","2026-09-13T13:36:04Z","tw_boards|twse:twse_openapi|tpex:mopsfin_t187ap03_O_csv|esb:tpex_openapi_esb"
"1788.TWO","杏昌生技股份有限公司","TPEX","生技醫療業","hc.Medtech","2026-09-13T13:36:04Z","tw_boards|twse:twse_openapi|tpex:mopsfin_t187ap03_O_csv|esb:tpex_openapi_esb"
"1796.TWO","金穎生物科技股份有限公司","TPEX","食品工業","fmcg.Food_Beverages","2026-09-13T13:36:04Z","tw_boards|twse:twse_openapi|tpex:mopsfin_t187ap03_O_csv|esb:tpex_openapi_esb"
"1799.TWO","易威生醫科技股份有限公司","TPEX","生技醫療業","hc.Medtech","2026-09-13T13:36:04Z","tw_boards|twse:twse_openapi|tpex:mopsfin_t187ap03_O_csv|esb:tpex_openapi_esb"
"1813.TWO","寶利徠光學科技股份有限公司","TPEX","生技醫療業","hc.Medtech","2026-09-13T13:36:04Z","tw_boards|twse:twse_openapi|tpex:mopsfin_t187ap03_O_csv|esb:tpex_openapi_esb"
"1815.TWO","富喬工業股份有限公司","TPEX","電子零組件業","ec.Hardware","2026-09-13T13:36:04Z","tw_boards|twse:twse_openapi|tpex:mopsfin_t187ap03_O_csv|esb:tpex_openapi_esb"
"2035.TWO","唐榮鐵工廠股份有限公司","TPEX","鋼鐵工業","mat.Metals_Mining","2026-09-13T13:36:04Z","tw_boards|twse:twse_openapi|tpex:mopsfin_t187ap03_O_csv|esb:tpex_openapi_esb"
"2061.TWO","風青實業股份有限公司","TPEX","電器電纜","en.Utilities","2026-09-13T13:36:04Z","tw_boards|twse:twse_openapi|tpex:mopsfin_t187ap03_O_csv|esb:tpex_openapi_esb"
"2063.TWO","世鎧精密股份有限公司","TPEX","鋼鐵工業","mat.Metals_Mining","2026-09-13T13:36:04Z","tw_boards|twse:twse_openapi|tpex:mopsfin_t187ap03_O_csv|esb:tpex_openapi_esb"
"2064.TWO","晉椿工業股份有限公司","TPEX","鋼鐵工業","mat.Metals_Mining","2026-09-13T13:36:04Z","tw_boards|twse:twse_openapi|tpex:mopsfin_t187ap03_O_csv|esb:tpex_openapi_esb"
"2065.TWO","世豐螺絲股份有限公司","TPEX","鋼鐵工業","mat.Metals_Mining","2026-09-13T13:36:04Z","tw_boards|twse:twse_openapi|tpex:mopsfin_t187ap03_O_csv|esb:tpex_openapi_esb"
"2066.TWO","世德工業股份有限公司","TPEX","電機機械","ind.Machinery","2026-09-13T13:36:04Z","tw_boards|twse:twse_openapi|tpex:mopsfin_t187ap03_O_csv|esb:tpex_openapi_esb"
"2067.TWO","嘉鋼精密工業股份有限公司","TPEX","電機機械","ind.Machinery","2026-09-13T13:36:04Z","tw_boards|twse:twse_openapi|tpex:mopsfin_t187ap03_O_csv|esb:tpex_openapi_esb"
"2070.TWO","精湛光學科技股份有限公司","TPEX","電機機械","ind.Machinery","2026-09-13T13:36:04Z","tw_boards|twse:twse_openapi|tpex:mopsfin_t187ap03_O_csv|esb:tpex_openapi_esb"
"2073.TWO","雄順金屬股份有限公司","TPEX","鋼鐵工業","mat.Metals_Mining","2026-09-13T13:36:04Z","tw_boards|twse:twse_openapi|tpex:mopsfin_t187ap03_O_csv|esb:tpex_openapi_esb"
"2221.TWO","大甲永和機械工業股份有限公司","TPEX","其他業","lab.Unmapped","2026-09-13T13:36:04Z","tw_boards|twse:twse_openapi|tpex:mopsfin_t187ap03_O_csv|esb:tpex_openapi_esb"
"2230.TWO","泰茂實業股份有限公司","TPEX","居家生活","lab.Unmapped","2026-09-13T13:36:04Z","tw_boards|twse:twse_openapi|tpex:mopsfin_t187ap03_O_csv|esb:tpex_openapi_esb"
"2235.TWO","謚源實業股份有限公司","TPEX","電機機械","ind.Machinery","2026-09-13T13:36:04Z","tw_boards|twse:twse_openapi|tpex:mopsfin_t187ap03_O_csv|esb:tpex_openapi_esb"
"2596.TWO","綠意開發股份有限公司","TPEX","建材營造業","ind.Machinery","2026-09-13T13:36:04Z","tw_boards|twse:twse_openapi|tpex:mopsfin_t187ap03_O_csv|esb:tpex_openapi_esb"
"2640.TWO","台灣大車隊股份有限公司","TPEX","數位雲端","lab.Unmapped","2026-09-13T13:36:04Z","tw_boards|twse:twse_openapi|tpex:mopsfin_t187ap03_O_csv|esb:tpex_openapi_esb"
"2641.TWO","正德海運股份有限公司","TPEX","航運業","tr.Logistics_Shipping","2026-09-13T13:36:04Z","tw_boards|twse:twse_openapi|tpex:mopsfin_t187ap03_O_csv|esb:tpex_openapi_esb"
"2643.TWO","捷迅股份有限公司","TPEX","航運業","tr.Logistics_Shipping","2026-09-13T13:36:04Z","tw_boards|twse:twse_openapi|tpex:mopsfin_t187ap03_O_csv|esb:tpex_openapi_esb"
"2718.TWO","全心投資控股股份有限公司","TPEX","建材營造業","ind.Machinery","2026-09-13T13:36:04Z","tw_boards|twse:twse_openapi|tpex:mopsfin_t187ap03_O_csv|esb:tpex_openapi_esb"
"2719.TWO","台鋼燦星國際旅行社股份有限公司","TPEX","觀光餐旅","retail.Brick_Mortar","2026-09-13T13:36:04Z","tw_boards|twse:twse_openapi|tpex:mopsfin_t187ap03_O_csv|esb:tpex_openapi_esb"
"2724.TWO","藝舍國際創新股份有限公司","TPEX","其他業","lab.Unmapped","2026-09-13T13:36:04Z","tw_boards|twse:twse_openapi|tpex:mopsfin_t187ap03_O_csv|esb:tpex_openapi_esb"
"2726.TWO","雅茗天地股份有限公司","TPEX","觀光餐旅","retail.Brick_Mortar","2026-09-13T13:36:04Z","tw_boards|twse:twse_openapi|tpex:mopsfin_t187ap03_O_csv|esb:tpex_openapi_esb"
"2729.TWO","瓦城泰統股份有限公司","TPEX","觀光餐旅","retail.Brick_Mortar","2026-09-13T13:36:04Z","tw_boards|twse:twse_openapi|tpex:mopsfin_t187ap03_O_csv|esb:tpex_openapi_esb"
"2732.TWO","六角國際事業股份有限公司","TPEX","觀光餐旅","retail.Brick_Mortar","2026-09-13T13:36:04Z","tw_boards|twse:twse_openapi|tpex:mopsfin_t187ap03_O_csv|esb:tpex_openapi_esb"
"2734.TWO","易飛網國際旅行社股份有限公司","TPEX","觀光餐旅","retail.Brick_Mortar","2026-09-13T13:36:04Z","tw_boards|twse:twse_openapi|tpex:mopsfin_t187ap03_O_csv|esb:tpex_openapi_esb"
"2736.TWO","富野大飯店股份有限公司","TPEX","觀光餐旅","retail.Brick_Mortar","2026-09-13T13:36:04Z","tw_boards|twse:twse_openapi|tpex:mopsfin_t187ap03_O_csv|esb:tpex_openapi_esb"
"2740.TWO","華軒地產股份有限公司","TPEX","觀光餐旅","retail.Brick_Mortar","2026-09-13T13:36:04Z","tw_boards|twse:twse_openapi|tpex:mopsfin_t187ap03_O_csv|esb:tpex_openapi_esb"
"2743.TWO","山富國際旅行社股份有限公司","TPEX","觀光餐旅","retail.Brick_Mortar","2026-09-13T13:36:04Z","tw_boards|twse:twse_openapi|tpex:mopsfin_t187ap03_O_csv|esb:tpex_openapi_esb"
"2745.TWO","五福旅行社股份有限公司","TPEX","觀光餐旅","retail.Brick_Mortar","2026-09-13T13:36:04Z","tw_boards|twse:twse_openapi|tpex:mopsfin_t187ap03_O_csv|esb:tpex_openapi_esb"
"2751.TWO","王座國際餐飲股份有限公司","TPEX","觀光餐旅","retail.Brick_Mortar","2026-09-13T13:36:04Z","tw_boards|twse:twse_openapi|tpex:mopsfin_t187ap03_O_csv|esb:tpex_openapi_esb"
"2752.TWO","豆府股份有限公司","TPEX","觀光餐旅","retail.Brick_Mortar","2026-09-13T13:36:04Z","tw_boards|twse:twse_openapi|tpex:mopsfin_t187ap03_O_csv|esb:tpex_openapi_esb"
"2754.TWO","亞洲藏壽司股份有限公司","TPEX","觀光餐旅","retail.Brick_Mortar","2026-09-13T13:36:04Z","tw_boards|twse:twse_openapi|tpex:mopsfin_t187ap03_O_csv|esb:tpex_openapi_esb"
"2755.TWO","揚秦國際企業股份有限公司","TPEX","觀光餐旅","retail.Brick_Mortar","2026-09-13T13:36:04Z","tw_boards|twse:twse_openapi|tpex:mopsfin_t187ap03_O_csv|esb:tpex_openapi_esb"
"2756.TWO","聯發國際餐飲事業股份有限公司","TPEX","觀光餐旅","retail.Brick_Mortar","2026-09-13T13:36:04Z","tw_boards|twse:twse_openapi|tpex:mopsfin_t187ap03_O_csv|esb:tpex_openapi_esb"
"2916.TWO","滿心企業股份有限公司","TPEX","居家生活","lab.Unmapped","2026-09-13T13:36:04Z","tw_boards|twse:twse_openapi|tpex:mopsfin_t187ap03_O_csv|esb:tpex_openapi_esb"
"2924.TWO","開曼群島宏太股份有限公司","TPEX","居家生活","lab.Unmapped","2026-09-13T13:36:04Z","tw_boards|twse:twse_openapi|tpex:mopsfin_t187ap03_O_csv|esb:tpex_openapi_esb"
"2926.TWO","誠品生活股份有限公司","TPEX","文化創意業","media.Entertainment","2026-09-13T13:36:04Z","tw_boards|twse:twse_openapi|tpex:mopsfin_t187ap03_O_csv|esb:tpex_openapi_esb"
"2937.TWO","集雅社股份有限公司","TPEX","居家生活","lab.Unmapped","2026-09-13T13:36:04Z","tw_boards|twse:twse_openapi|tpex:mopsfin_t187ap03_O_csv|esb:tpex_openapi_esb"
"2941.TWO","米斯特國際企業股份有限公司","TPEX","居家生活","lab.Unmapped","2026-09-13T13:36:04Z","tw_boards|twse:twse_openapi|tpex:mopsfin_t187ap03_O_csv|esb:tpex_openapi_esb"
"2947.TWO","振宇五金股份有限公司","TPEX","居家生活","lab.Unmapped","2026-09-13T13:36:04Z","tw_boards|twse:twse_openapi|tpex:mopsfin_t187ap03_O_csv|esb:tpex_openapi_esb"
"2948.TWO","寶陞國際股份有限公司","TPEX","居家生活","lab.Unmapped","2026-09-13T13:36:04Z","tw_boards|twse:twse_openapi|tpex:mopsfin_t187ap03_O_csv|esb:tpex_openapi_esb"
"2949.TWO","欣新網股份有限公司","TPEX","數位雲端","lab.Unmapped","2026-09-13T13:36:04Z","tw_boards|twse:twse_openapi|tpex:mopsfin_t187ap03_O_csv|esb:tpex_openapi_esb"
"3064.TWO","泰偉電子股份有限公司","TPEX","文化創意業","media.Entertainment","2026-09-13T13:36:04Z","tw_boards|twse:twse_openapi|tpex:mopsfin_t187ap03_O_csv|esb:tpex_openapi_esb"
"3066.TWO","李洲科技股份有限公司","TPEX","光電業","ec.Hardware","2026-09-13T13:36:04Z","tw_boards|twse:twse_openapi|tpex:mopsfin_t187ap03_O_csv|esb:tpex_openapi_esb"
"3067.TWO","全域股份有限公司","TPEX","居家生活","lab.Unmapped","2026-09-13T13:36:04Z","tw_boards|twse:twse_openapi|tpex:mopsfin_t187ap03_O_csv|esb:tpex_openapi_esb"
"3071.TWO","協禧電機股份有限公司","TPEX","電腦及週邊設備業","ec.Hardware","2026-09-13T13:36:04Z","tw_boards|twse:twse_openapi|tpex:mopsfin_t187ap03_O_csv|esb:tpex_openapi_esb"
"3073.TWO","天方能源科技股份有限公司","TPEX","綠能環保","lab.Unmapped","2026-09-13T13:36:04Z","tw_boards|twse:twse_openapi|tpex:mopsfin_t187ap03_O_csv|esb:tpex_openapi_esb"
"3078.TWO","僑威科技股份有限公司","TPEX","電子零組件業","ec.Hardware","2026-09-13T13:36:04Z","tw_boards|twse:twse_openapi|tpex:mopsfin_t187ap03_O_csv|esb:tpex_openapi_esb"
"3081.TWO","聯亞光電工業股份有限公司","TPEX","通信網路業","ec.Hardware","2026-09-13T13:36:04Z","tw_boards|twse:twse_openapi|tpex:mopsfin_t187ap03_O_csv|esb:tpex_openapi_esb"
"3083.TWO","中華網龍股份有限公司","TPEX","文化創意業","media.Entertainment","2026-09-13T13:36:04Z","tw_boards|twse:twse_openapi|tpex:mopsfin_t187ap03_O_csv|esb:tpex_openapi_esb"
"3085.TWO","台鋼新零售股份有限公司","TPEX","數位雲端","lab.Unmapped","2026-09-13T13:36:04Z","tw_boards|twse:twse_openapi|tpex:mopsfin_t187ap03_O_csv|esb:tpex_openapi_esb"
"3086.TWO","華義國際數位娛樂股份有限公司","TPEX","文化創意業","media.Entertainment","2026-09-13T13:36:04Z","tw_boards|twse:twse_openapi|tpex:mopsfin_t187ap03_O_csv|esb:tpex_openapi_esb"
"3088.TWO","艾訊股份有限公司","TPEX","電腦及週邊設備業","ec.Hardware","2026-09-13T13:36:04Z","tw_boards|twse:twse_openapi|tpex:mopsfin_t187ap03_O_csv|esb:tpex_openapi_esb"
"3093.TWO","台灣港建股份有限公司","TPEX","其他電子業","ec.Hardware","2026-09-13T13:36:04Z","tw_boards|twse:twse_openapi|tpex:mopsfin_t187ap03_O_csv|esb:tpex_openapi_esb"
"3095.TWO","及成企業股份有限公司","TPEX","通信網路業","ec.Hardware","2026-09-13T13:36:04Z","tw_boards|twse:twse_openapi|tpex:mopsfin_t187ap03_O_csv|esb:tpex_openapi_esb"
"3105.TWO","穩懋半導體股份有限公司","TPEX","半導體業","sc.Foundry","2026-09-13T13:36:04Z","tw_boards|twse:twse_openapi|tpex:mopsfin_t187ap03_O_csv|esb:tpex_openapi_esb"
"3114.TWO","好德科技股份有限公司","TPEX","電子零組件業","ec.Hardware","2026-09-13T13:36:04Z","tw_boards|twse:twse_openapi|tpex:mopsfin_t187ap03_O_csv|esb:tpex_openapi_esb"
"3115.TWO","富育榮綱股份有限公司","TPEX","電子零組件業","ec.Hardware","2026-09-13T13:36:04Z","tw_boards|twse:twse_openapi|tpex:mopsfin_t187ap03_O_csv|esb:tpex_openapi_esb"
"3118.TWO","進階生物科技股份有限公司","TPEX","生技醫療業","hc.Medtech","2026-09-13T13:36:04Z","tw_boards|twse:twse_openapi|tpex:mopsfin_t187ap03_O_csv|esb:tpex_openapi_esb"
"3122.TWO","笙泉科技股份有限公司","TPEX","半導體業","sc.Foundry","2026-09-13T13:36:04Z","tw_boards|twse:twse_openapi|tpex:mopsfin_t187ap03_O_csv|esb:tpex_openapi_esb"
"3128.TWO","昇銳智慧科技股份有限公司","TPEX","光電業","ec.Hardware","2026-09-13T13:36:04Z","tw_boards|twse:twse_openapi|tpex:mopsfin_t187ap03_O_csv|esb:tpex_openapi_esb"
"3131.TWO","弘塑科技股份有限公司","TPEX","半導體業","sc.Foundry","2026-09-13T13:36:04Z","tw_boards|twse:twse_openapi|tpex:mopsfin_t187ap03_O_csv|esb:tpex_openapi_esb"
"3141.TWO","晶宏半導體股份有限公司","TPEX","半導體業","sc.Foundry","2026-09-13T13:36:04Z","tw_boards|twse:twse_openapi|tpex:mopsfin_t187ap03_O_csv|esb:tpex_openapi_esb"
"3147.TWO","大綜電腦系統股份有限公司","TPEX","資訊服務業","ec.Hardware","2026-09-13T13:36:04Z","tw_boards|twse:twse_openapi|tpex:mopsfin_t187ap03_O_csv|esb:tpex_openapi_esb"
"3152.TWO","璟德電子工業股份有限公司","TPEX","通信網路業","ec.Hardware","2026-09-13T13:36:04Z","tw_boards|twse:twse_openapi|tpex:mopsfin_t187ap03_O_csv|esb:tpex_openapi_esb"
"3158.TWO","嘉實資訊股份有限公司","TPEX","資訊服務業","ec.Hardware","2026-09-13T13:36:04Z","tw_boards|twse:twse_openapi|tpex:mopsfin_t187ap03_O_csv|esb:tpex_openapi_esb"
"3162.TWO","精確實業股份有限公司","TPEX","電機機械","ind.Machinery","2026-09-13T13:36:04Z","tw_boards|twse:twse_openapi|tpex:mopsfin_t187ap03_O_csv|esb:tpex_openapi_esb"
"3163.TWO","波若威科技股份有限公司","TPEX","通信網路業","ec.Hardware","2026-09-13T13:36:04Z","tw_boards|twse:twse_openapi|tpex:mopsfin_t187ap03_O_csv|esb:tpex_openapi_esb"
"3169.TWO","亞信電子股份有限公司","TPEX","半導體業","sc.Foundry","2026-09-13T13:36:04Z","tw_boards|twse:twse_openapi|tpex:mopsfin_t187ap03_O_csv|esb:tpex_openapi_esb"
"3171.TWO","炎洲流通股份有限公司","TPEX","居家生活","lab.Unmapped","2026-09-13T13:36:04Z","tw_boards|twse:twse_openapi|tpex:mopsfin_t187ap03_O_csv|esb:tpex_openapi_esb"
"3176.TWO","基亞生物科技股份有限公司","TPEX","生技醫療業","hc.Medtech","2026-09-13T13:36:04Z","tw_boards|twse:twse_openapi|tpex:mopsfin_t187ap03_O_csv|esb:tpex_openapi_esb"
"3178.TWO","公準精密工業股份有限公司","TPEX","半導體業","sc.Foundry","2026-09-13T13:36:04Z","tw_boards|twse:twse_openapi|tpex:mopsfin_t187ap03_O_csv|esb:tpex_openapi_esb"
"3188.TWO","鑫龍騰開發股份有限公司","TPEX","建材營造業","ind.Machinery","2026-09-13T13:36:04Z","tw_boards|twse:twse_openapi|tpex:mopsfin_t187ap03_O_csv|esb:tpex_openapi_esb"
"3191.TWO","雲嘉南科技股份有限公司","TPEX","電子零組件業","ec.Hardware","2026-09-13T13:36:04Z","tw_boards|twse:twse_openapi|tpex:mopsfin_t187ap03_O_csv|esb:tpex_openapi_esb"
"3205.TWO","佰研生化科技股份有限公司","TPEX","生技醫療業","hc.Medtech","2026-09-13T13:36:04Z","tw_boards|twse:twse_openapi|tpex:mopsfin_t187ap03_O_csv|esb:tpex_openapi_esb"
"3206.TWO","志豐電子股份有限公司","TPEX","電子零組件業","ec.Hardware","2026-09-13T13:36:04Z","tw_boards|twse:twse_openapi|tpex:mopsfin_t187ap03_O_csv|esb:tpex_openapi_esb"
"3207.TWO","耀勝電子股份有限公司","TPEX","電子零組件業","ec.Hardware","2026-09-13T13:36:04Z","tw_boards|twse:twse_openapi|tpex:mopsfin_t187ap03_O_csv|esb:tpex_openapi_esb"
"3211.TWO","順達科技股份有限公司","TPEX","電腦及週邊設備業","ec.Hardware","2026-09-13T13:36:04Z","tw_boards|twse:twse_openapi|tpex:mopsfin_t187ap03_O_csv|esb:tpex_openapi_esb"
"3213.TWO","茂訊電腦股份有限公司","TPEX","電腦及週邊設備業","ec.Hardware","2026-09-13T13:36:04Z","tw_boards|twse:twse_openapi|tpex:mopsfin_t187ap03_O_csv|esb:tpex_openapi_esb"
"3217.TWO","優群科技股份有限公司","TPEX","電子零組件業","ec.Hardware","2026-09-13T13:36:04Z","tw_boards|twse:twse_openapi|tpex:mopsfin_t187ap03_O_csv|esb:tpex_openapi_esb"
"3218.TWO","大學光學科技股份有限公司","TPEX","生技醫療業","hc.Medtech","2026-09-13T13:36:04Z","tw_boards|twse:twse_openapi|tpex:mopsfin_t187ap03_O_csv|esb:tpex_openapi_esb"
"3219.TWO","倚強科技股份有限公司","TPEX","其他電子業","ec.Hardware","2026-09-13T13:36:04Z","tw_boards|twse:twse_openapi|tpex:mopsfin_t187ap03_O_csv|esb:tpex_openapi_esb"
"3221.TWO","台灣嘉碩科技股份有限公司","TPEX","通信網路業","ec.Hardware","2026-09-13T13:36:04Z","tw_boards|twse:twse_openapi|tpex:mopsfin_t187ap03_O_csv|esb:tpex_openapi_esb"
"3224.TWO","三顧股份有限公司","TPEX","電子通路業","lab.Unmapped","2026-09-13T13:36:04Z","tw_boards|twse:twse_openapi|tpex:mopsfin_t187ap03_O_csv|esb:tpex_openapi_esb"
"3226.TWO","龍鋒科技股份有限公司","TPEX","電機機械","ind.Machinery","2026-09-13T13:36:04Z","tw_boards|twse:twse_openapi|tpex:mopsfin_t187ap03_O_csv|esb:tpex_openapi_esb"
"3227.TWO","原相科技股份有限公司","TPEX","半導體業","sc.Foundry","2026-09-13T13:36:04Z","tw_boards|twse:twse_openapi|tpex:mopsfin_t187ap03_O_csv|esb:tpex_openapi_esb"
"3228.TWO","金麗科技股份有限公司","TPEX","半導體業","sc.Foundry","2026-09-13T13:36:04Z","tw_boards|twse:twse_openapi|tpex:mopsfin_t187ap03_O_csv|esb:tpex_openapi_esb"
"3230.TWO","錦明實業股份有限公司","TPEX","光電業","ec.Hardware","2026-09-13T13:36:04Z","tw_boards|twse:twse_openapi|tpex:mopsfin_t187ap03_O_csv|esb:tpex_openapi_esb"
"3232.TWO","昱捷股份有限公司","TPEX","電子通路業","lab.Unmapped","2026-09-13T13:36:04Z","tw_boards|twse:twse_openapi|tpex:mopsfin_t187ap03_O_csv|esb:tpex_openapi_esb"
"3234.TWO","光環科技股份有限公司","TPEX","通信網路業","ec.Hardware","2026-09-13T13:36:04Z","tw_boards|twse:twse_openapi|tpex:mopsfin_t187ap03_O_csv|esb:tpex_openapi_esb"
"3236.TWO","千如電機工業股份有限公司","TPEX","電子零組件業","ec.Hardware","2026-09-13T13:36:04Z","tw_boards|twse:twse_openapi|tpex:mopsfin_t187ap03_O_csv|esb:tpex_openapi_esb"
"3252.TWO","海灣國際開發(股)公司","TPEX","觀光餐旅","retail.Brick_Mortar","2026-09-13T13:36:04Z","tw_boards|twse:twse_openapi|tpex:mopsfin_t187ap03_O_csv|esb:tpex_openapi_esb"
"3259.TWO","鑫創科技股份有限公司","TPEX","半導體業","sc.Foundry","2026-09-13T13:36:04Z","tw_boards|twse:twse_openapi|tpex:mopsfin_t187ap03_O_csv|esb:tpex_openapi_esb"
"3260.TWO","威剛科技股份有限公司","TPEX","半導體業","sc.Foundry","2026-09-13T13:36:04Z","tw_boards|twse:twse_openapi|tpex:mopsfin_t187ap03_O_csv|esb:tpex_openapi_esb"
"3264.TWO","欣銓科技股份有限公司","TPEX","半導體業","sc.Foundry","2026-09-13T13:36:04Z","tw_boards|twse:twse_openapi|tpex:mopsfin_t187ap03_O_csv|esb:tpex_openapi_esb"
"3265.TWO","台星科股份有限公司","TPEX","半導體業","sc.Foundry","2026-09-13T13:36:04Z","tw_boards|twse:twse_openapi|tpex:mopsfin_t187ap03_O_csv|esb:tpex_openapi_esb"
"3268.TWO","海德威電子工業股份有限公司","TPEX","半導體業","sc.Foundry","2026-09-13T13:36:04Z","tw_boards|twse:twse_openapi|tpex:mopsfin_t187ap03_O_csv|esb:tpex_openapi_esb"
"3272.TWO","東碩資訊股份有限公司","TPEX","電腦及週邊設備業","ec.Hardware","2026-09-13T13:36:04Z","tw_boards|twse:twse_openapi|tpex:mopsfin_t187ap03_O_csv|esb:tpex_openapi_esb"
"3276.TWO","宇環科技股份有限公司","TPEX","電子零組件業","ec.Hardware","2026-09-13T13:36:04Z","tw_boards|twse:twse_openapi|tpex:mopsfin_t187ap03_O_csv|esb:tpex_openapi_esb"
"3284.TWO","太普高精密影像股份有限公司","TPEX","其他業","lab.Unmapped","2026-09-13T13:36:04Z","tw_boards|twse:twse_openapi|tpex:mopsfin_t187ap03_O_csv|esb:tpex_openapi_esb"
"3285.TWO","微端科技股份有限公司","TPEX","其他電子業","ec.Hardware","2026-09-13T13:36:04Z","tw_boards|twse:twse_openapi|tpex:mopsfin_t187ap03_O_csv|esb:tpex_openapi_esb"
"3287.TWO","廣寰科技股份有限公司","TPEX","電腦及週邊設備業","ec.Hardware","2026-09-13T13:36:04Z","tw_boards|twse:twse_openapi|tpex:mopsfin_t187ap03_O_csv|esb:tpex_openapi_esb"
"3288.TWO","點晶科技股份有限公司","TPEX","電子零組件業","ec.Hardware","2026-09-13T13:36:04Z","tw_boards|twse:twse_openapi|tpex:mopsfin_t187ap03_O_csv|esb:tpex_openapi_esb"
"3289.TWO","宜特科技股份有限公司","TPEX","其他電子業","ec.Hardware","2026-09-13T13:36:04Z","tw_boards|twse:twse_openapi|tpex:mopsfin_t187ap03_O_csv|esb:tpex_openapi_esb"
"3290.TWO","東浦精密光電股份有限公司","TPEX","電子零組件業","ec.Hardware","2026-09-13T13:36:04Z","tw_boards|twse:twse_openapi|tpex:mopsfin_t187ap03_O_csv|esb:tpex_openapi_esb"
"3293.TWO","鈊象電子股份有限公司","TPEX","文化創意業","media.Entertainment","2026-09-13T13:36:04Z","tw_boards|twse:twse_openapi|tpex:mopsfin_t187ap03_O_csv|esb:tpex_openapi_esb"
"3294.TWO","英濟股份有限公司","TPEX","電子零組件業","ec.Hardware","2026-09-13T13:36:04Z","tw_boards|twse:twse_openapi|tpex:mopsfin_t187ap03_O_csv|esb:tpex_openapi_esb"
"3297.TWO","杭特電子股份有限公司","TPEX","光電業","ec.Hardware","2026-09-13T13:36:04Z","tw_boards|twse:twse_openapi|tpex:mopsfin_t187ap03_O_csv|esb:tpex_openapi_esb"
"3303.TWO","岱稜科技股份有限公司","TPEX","其他電子業","ec.Hardware","2026-09-13T13:36:04Z","tw_boards|twse:twse_openapi|tpex:mopsfin_t187ap03_O_csv|esb:tpex_openapi_esb"
"3306.TWO","鼎天國際股份有限公司","TPEX","通信網路業","ec.Hardware","2026-09-13T13:36:04Z","tw_boards|twse:twse_openapi|tpex:mopsfin_t187ap03_O_csv|esb:tpex_openapi_esb"
"3310.TWO","佳穎精密企業股份有限公司","TPEX","電子零組件業","ec.Hardware","2026-09-13T13:36:04Z","tw_boards|twse:twse_openapi|tpex:mopsfin_t187ap03_O_csv|esb:tpex_openapi_esb"
"3313.TWO","斐成開發科技股份有限公司","TPEX","建材營造業","ind.Machinery","2026-09-13T13:36:04Z","tw_boards|twse:twse_openapi|tpex:mopsfin_t187ap03_O_csv|esb:tpex_openapi_esb"
"3317.TWO","尼克森微電子股份有限公司","TPEX","半導體業","sc.Foundry","2026-09-13T13:36:04Z","tw_boards|twse:twse_openapi|tpex:mopsfin_t187ap03_O_csv|esb:tpex_openapi_esb"
"3322.TWO","建舜電子製造股份有限公司","TPEX","電子零組件業","ec.Hardware","2026-09-13T13:36:04Z","tw_boards|twse:twse_openapi|tpex:mopsfin_t187ap03_O_csv|esb:tpex_openapi_esb"
"3323.TWO","加百裕工業股份有限公司","TPEX","電腦及週邊設備業","ec.Hardware","2026-09-13T13:36:04Z","tw_boards|twse:twse_openapi|tpex:mopsfin_t187ap03_O_csv|esb:tpex_openapi_esb"
"3324.TWO","雙鴻科技股份有限公司","TPEX","其他電子業","ec.Hardware","2026-09-13T13:36:04Z","tw_boards|twse:twse_openapi|tpex:mopsfin_t187ap03_O_csv|esb:tpex_openapi_esb"
"3325.TWO","旭品科技股份有限公司","TPEX","電腦及週邊設備業","ec.Hardware","2026-09-13T13:36:04Z","tw_boards|twse:twse_openapi|tpex:mopsfin_t187ap03_O_csv|esb:tpex_openapi_esb"
"3332.TWO","幸康電子股份有限公司","TPEX","電子零組件業","ec.Hardware","2026-09-13T13:36:04Z","tw_boards|twse:twse_openapi|tpex:mopsfin_t187ap03_O_csv|esb:tpex_openapi_esb"
"3339.TWO","泰谷光電科技股份有限公司","TPEX","光電業","ec.Hardware","2026-09-13T13:36:04Z","tw_boards|twse:twse_openapi|tpex:mopsfin_t187ap03_O_csv|esb:tpex_openapi_esb"
"3349.TWO","寶德科技股份有限公司","TPEX","電腦及週邊設備業","ec.Hardware","2026-09-13T13:36:04Z","tw_boards|twse:twse_openapi|tpex:mopsfin_t187ap03_O_csv|esb:tpex_openapi_esb"
"3354.TWO","律勝科技股份有限公司","TPEX","電子零組件業","ec.Hardware","2026-09-13T13:36:04Z","tw_boards|twse:twse_openapi|tpex:mopsfin_t187ap03_O_csv|esb:tpex_openapi_esb"
"3357.TWO","西北臺慶科技股份有限公司","TPEX","電子零組件業","ec.Hardware","2026-09-13T13:36:04Z","tw_boards|twse:twse_openapi|tpex:mopsfin_t187ap03_O_csv|esb:tpex_openapi_esb"
"3360.TWO","尚立股份有限公司","TPEX","電子通路業","lab.Unmapped","2026-09-13T13:36:04Z","tw_boards|twse:twse_openapi|tpex:mopsfin_t187ap03_O_csv|esb:tpex_openapi_esb"
"3362.TWO","先進光電科技股份有限公司","TPEX","光電業","ec.Hardware","2026-09-13T13:36:04Z","tw_boards|twse:twse_openapi|tpex:mopsfin_t187ap03_O_csv|esb:tpex_openapi_esb"
"3363.TWO","上詮光纖通信股份有限公司","TPEX","通信網路業","ec.Hardware","2026-09-13T13:36:04Z","tw_boards|twse:twse_openapi|tpex:mopsfin_t187ap03_O_csv|esb:tpex_openapi_esb"
"3372.TWO","台灣典範半導體股份有限公司","TPEX","半導體業","sc.Foundry","2026-09-13T13:36:04Z","tw_boards|twse:twse_openapi|tpex:mopsfin_t187ap03_O_csv|esb:tpex_openapi_esb"
"3373.TWO","熱映光電股份有限公司","TPEX","其他電子業","ec.Hardware","2026-09-13T13:36:04Z","tw_boards|twse:twse_openapi|tpex:mopsfin_t187ap03_O_csv|esb:tpex_openapi_esb"
"3374.TWO","精材科技股份有限公司","TPEX","半導體業","sc.Foundry","2026-09-13T13:36:04Z","tw_boards|twse:twse_openapi|tpex:mopsfin_t187ap03_O_csv|esb:tpex_openapi_esb"
"3379.TWO","彬台科技股份有限公司","TPEX","電機機械","ind.Machinery","2026-09-13T13:36:04Z","tw_boards|twse:twse_openapi|tpex:mopsfin_t187ap03_O_csv|esb:tpex_openapi_esb"
"3388.TWO","崇越電通股份有限公司","TPEX","電子零組件業","ec.Hardware","2026-09-13T13:36:04Z","tw_boards|twse:twse_openapi|tpex:mopsfin_t187ap03_O_csv|esb:tpex_openapi_esb"
"3390.TWO","旭軟電子科技股份有限公司","TPEX","電子零組件業","ec.Hardware","2026-09-13T13:36:04Z","tw_boards|twse:twse_openapi|tpex:mopsfin_t187ap03_O_csv|esb:tpex_openapi_esb"
"3402.TWO","漢科系統科技股份有限公司","TPEX","其他電子業","ec.Hardware","2026-09-13T13:36:04Z","tw_boards|twse:twse_openapi|tpex:mopsfin_t187ap03_O_csv|esb:tpex_openapi_esb"
"3430.TWO","奇鈦科技股份有限公司","TPEX","化學工業","mat.Chemicals","2026-09-13T13:36:04Z","tw_boards|twse:twse_openapi|tpex:mopsfin_t187ap03_O_csv|esb:tpex_openapi_esb"
"3434.TWO","哲固資訊科技股份有限公司","TPEX","光電業","ec.Hardware","2026-09-13T13:36:04Z","tw_boards|twse:twse_openapi|tpex:mopsfin_t187ap03_O_csv|esb:tpex_openapi_esb"
"3438.TWO","台灣類比科技股份有限公司","TPEX","半導體業","sc.Foundry","2026-09-13T13:36:04Z","tw_boards|twse:twse_openapi|tpex:mopsfin_t187ap03_O_csv|esb:tpex_openapi_esb"
"3441.TWO","聯一光電股份有限公司","TPEX","光電業","ec.Hardware","2026-09-13T13:36:04Z","tw_boards|twse:twse_openapi|tpex:mopsfin_t187ap03_O_csv|esb:tpex_openapi_esb"
"3444.TWO","利機企業股份有限公司","TPEX","電子通路業","lab.Unmapped","2026-09-13T13:36:04Z","tw_boards|twse:twse_openapi|tpex:mopsfin_t187ap03_O_csv|esb:tpex_openapi_esb"
"3455.TWO","由田新技股份有限公司","TPEX","光電業","ec.Hardware","2026-09-13T13:36:04Z","tw_boards|twse:twse_openapi|tpex:mopsfin_t187ap03_O_csv|esb:tpex_openapi_esb"
"3465.TWO","進泰電子科技股份有限公司","TPEX","其他電子業","ec.Hardware","2026-09-13T13:36:04Z","tw_boards|twse:twse_openapi|tpex:mopsfin_t187ap03_O_csv|esb:tpex_openapi_esb"
"3466.TWO","德晉科技股份有限公司","TPEX","通信網路業","ec.Hardware","2026-09-13T13:36:04Z","tw_boards|twse:twse_openapi|tpex:mopsfin_t187ap03_O_csv|esb:tpex_openapi_esb"
"3467.TWO","台灣精材股份有限公司","TPEX","半導體業","sc.Foundry","2026-09-13T13:36:04Z","tw_boards|twse:twse_openapi|tpex:mopsfin_t187ap03_O_csv|esb:tpex_openapi_esb"
"3479.TWO","安勤科技股份有限公司","TPEX","電腦及週邊設備業","ec.Hardware","2026-09-13T13:36:04Z","tw_boards|twse:twse_openapi|tpex:mopsfin_t187ap03_O_csv|esb:tpex_openapi_esb"
"3483.TWO","力致科技股份有限公司","TPEX","電腦及週邊設備業","ec.Hardware","2026-09-13T13:36:04Z","tw_boards|twse:twse_openapi|tpex:mopsfin_t187ap03_O_csv|esb:tpex_openapi_esb"
"3484.TWO","崧騰企業股份有限公司","TPEX","電子零組件業","ec.Hardware","2026-09-13T13:36:04Z","tw_boards|twse:twse_openapi|tpex:mopsfin_t187ap03_O_csv|esb:tpex_openapi_esb"
"3485.TWO","敘(余+卜+又)豐企業股份有限公司","TPEX","電子零組件業","ec.Hardware","2026-09-13T13:36:04Z","tw_boards|twse:twse_openapi|tpex:mopsfin_t187ap03_O_csv|esb:tpex_openapi_esb"
"3489.TWO","森寶開發股份有限公司","TPEX","建材營造業","ind.Machinery","2026-09-13T13:36:04Z","tw_boards|twse:twse_openapi|tpex:mopsfin_t187ap03_O_csv|esb:tpex_openapi_esb"
"3490.TWO","單井工業股份有限公司","TPEX","光電業","ec.Hardware","2026-09-13T13:36:04Z","tw_boards|twse:twse_openapi|tpex:mopsfin_t187ap03_O_csv|esb:tpex_openapi_esb"
"3491.TWO","昇達科技股份有限公司","TPEX","通信網路業","ec.Hardware","2026-09-13T13:36:04Z","tw_boards|twse:twse_openapi|tpex:mopsfin_t187ap03_O_csv|esb:tpex_openapi_esb"
"3492.TWO","長盛科技股份有限公司","TPEX","電子零組件業","ec.Hardware","2026-09-13T13:36:04Z","tw_boards|twse:twse_openapi|tpex:mopsfin_t187ap03_O_csv|esb:tpex_openapi_esb"
"3498.TWO","陽程科技股份有限公司","TPEX","其他電子業","ec.Hardware","2026-09-13T13:36:04Z","tw_boards|twse:twse_openapi|tpex:mopsfin_t187ap03_O_csv|esb:tpex_openapi_esb"
"3499.TWO","環天世通科技股份有限公司","TPEX","通信網路業","ec.Hardware","2026-09-13T13:36:04Z","tw_boards|twse:twse_openapi|tpex:mopsfin_t187ap03_O_csv|esb:tpex_openapi_esb"
"3508.TWO","位速科技股份有限公司","TPEX","其他電子業","ec.Hardware","2026-09-13T13:36:04Z","tw_boards|twse:twse_openapi|tpex:mopsfin_t187ap03_O_csv|esb:tpex_openapi_esb"
"3511.TWO","矽瑪科技股份有限公司","TPEX","電子零組件業","ec.Hardware","2026-09-13T13:36:04Z","tw_boards|twse:twse_openapi|tpex:mopsfin_t187ap03_O_csv|esb:tpex_openapi_esb"
"3512.TWO","皇龍開發股份有限公司","TPEX","建材營造業","ind.Machinery","2026-09-13T13:36:04Z","tw_boards|twse:twse_openapi|tpex:mopsfin_t187ap03_O_csv|esb:tpex_openapi_esb"
"3516.TWO","亞帝歐光電股份有限公司","TPEX","光電業","ec.Hardware","2026-09-13T13:36:04Z","tw_boards|twse:twse_openapi|tpex:mopsfin_t187ap03_O_csv|esb:tpex_openapi_esb"
"3520.TWO","華盈電子股份有限公司","TPEX","電子零組件業","ec.Hardware","2026-09-13T13:36:04Z","tw_boards|twse:twse_openapi|tpex:mopsfin_t187ap03_O_csv|esb:tpex_openapi_esb"
"3521.TWO","台鋼建設事業股份有限公司","TPEX","建材營造業","ind.Machinery","2026-09-13T13:36:04Z","tw_boards|twse:twse_openapi|tpex:mopsfin_t187ap03_O_csv|esb:tpex_openapi_esb"
"3522.TWO","御嵿國際股份有限公司","TPEX","觀光餐旅","retail.Brick_Mortar","2026-09-13T13:36:04Z","tw_boards|twse:twse_openapi|tpex:mopsfin_t187ap03_O_csv|esb:tpex_openapi_esb"
"3523.TWO","迎輝科技股份有限公司","TPEX","光電業","ec.Hardware","2026-09-13T13:36:04Z","tw_boards|twse:twse_openapi|tpex:mopsfin_t187ap03_O_csv|esb:tpex_openapi_esb"
"3526.TWO","凡甲科技股份有限公司","TPEX","電子零組件業","ec.Hardware","2026-09-13T13:36:04Z","tw_boards|twse:twse_openapi|tpex:mopsfin_t187ap03_O_csv|esb:tpex_openapi_esb"
"3527.TWO","聚積科技股份有限公司","TPEX","半導體業","sc.Foundry","2026-09-13T13:36:04Z","tw_boards|twse:twse_openapi|tpex:mopsfin_t187ap03_O_csv|esb:tpex_openapi_esb"
"3529.TWO","力旺電子股份有限公司","TPEX","半導體業","sc.Foundry","2026-09-13T13:36:04Z","tw_boards|twse:twse_openapi|tpex:mopsfin_t187ap03_O_csv|esb:tpex_openapi_esb"
"3531.TWO","先益電子工業股份有限公司","TPEX","光電業","ec.Hardware","2026-09-13T13:36:04Z","tw_boards|twse:twse_openapi|tpex:mopsfin_t187ap03_O_csv|esb:tpex_openapi_esb"
"3537.TWO","堡達實業股份有限公司","TPEX","電子零組件業","ec.Hardware","2026-09-13T13:36:04Z","tw_boards|twse:twse_openapi|tpex:mopsfin_t187ap03_O_csv|esb:tpex_openapi_esb"
"3540.TWO","曜越科技股份有限公司","TPEX","電腦及週邊設備業","ec.Hardware","2026-09-13T13:36:04Z","tw_boards|twse:twse_openapi|tpex:mopsfin_t187ap03_O_csv|esb:tpex_openapi_esb"
"3541.TWO","西柏科技股份有限公司","TPEX","其他電子業","ec.Hardware","2026-09-13T13:36:04Z","tw_boards|twse:twse_openapi|tpex:mopsfin_t187ap03_O_csv|esb:tpex_openapi_esb"
"3546.TWO","宇峻奧汀科技股份有限公司","TPEX","文化創意業","media.Entertainment","2026-09-13T13:36:04Z","tw_boards|twse:twse_openapi|tpex:mopsfin_t187ap03_O_csv|esb:tpex_openapi_esb"
"3548.TWO","兆利科技工業股份有限公司","TPEX","電子零組件業","ec.Hardware","2026-09-13T13:36:04Z","tw_boards|twse:twse_openapi|tpex:mopsfin_t187ap03_O_csv|esb:tpex_openapi_esb"
"3551.TWO","世禾科技股份有限公司","TPEX","綠能環保","lab.Unmapped","2026-09-13T13:36:04Z","tw_boards|twse:twse_openapi|tpex:mopsfin_t187ap03_O_csv|esb:tpex_openapi_esb"
"3552.TWO","同致電子企業股份有限公司","TPEX","其他電子業","ec.Hardware","2026-09-13T13:36:04Z","tw_boards|twse:twse_openapi|tpex:mopsfin_t187ap03_O_csv|esb:tpex_openapi_esb"
"3555.TWO","博士旺創新股份有限公司","TPEX","半導體業","sc.Foundry","2026-09-13T13:36:04Z","tw_boards|twse:twse_openapi|tpex:mopsfin_t187ap03_O_csv|esb:tpex_openapi_esb"
"3556.TWO","禾瑞亞科技股份有限公司","TPEX","半導體業","sc.Foundry","2026-09-13T13:36:04Z","tw_boards|twse:twse_openapi|tpex:mopsfin_t187ap03_O_csv|esb:tpex_openapi_esb"
"3558.TWO","神準科技股份有限公司","TPEX","通信網路業","ec.Hardware","2026-09-13T13:36:04Z","tw_boards|twse:twse_openapi|tpex:mopsfin_t187ap03_O_csv|esb:tpex_openapi_esb"
"3564.TWO","其陽科技股份有限公司","TPEX","通信網路業","ec.Hardware","2026-09-13T13:36:04Z","tw_boards|twse:twse_openapi|tpex:mopsfin_t187ap03_O_csv|esb:tpex_openapi_esb"
"3567.TWO","逸昌科技股份有限公司","TPEX","半導體業","sc.Foundry","2026-09-13T13:36:04Z","tw_boards|twse:twse_openapi|tpex:mopsfin_t187ap03_O_csv|esb:tpex_openapi_esb"
"3570.TWO","大塚資訊科技股份有限公司","TPEX","資訊服務業","ec.Hardware","2026-09-13T13:36:04Z","tw_boards|twse:twse_openapi|tpex:mopsfin_t187ap03_O_csv|esb:tpex_openapi_esb"
"3577.TWO","泓格科技股份有限公司","TPEX","電腦及週邊設備業","ec.Hardware","2026-09-13T13:36:04Z","tw_boards|twse:twse_openapi|tpex:mopsfin_t187ap03_O_csv|esb:tpex_openapi_esb"
"3580.TWO","友威科技股份有限公司","TPEX","其他電子業","ec.Hardware","2026-09-13T13:36:04Z","tw_boards|twse:twse_openapi|tpex:mopsfin_t187ap03_O_csv|esb:tpex_openapi_esb"
"3581.TWO","博磊科技股份有限公司","TPEX","半導體業","sc.Foundry","2026-09-13T13:36:04Z","tw_boards|twse:twse_openapi|tpex:mopsfin_t187ap03_O_csv|esb:tpex_openapi_esb"
"3587.TWO","閎康科技股份有限公司","TPEX","其他電子業","ec.Hardware","2026-09-13T13:36:04Z","tw_boards|twse:twse_openapi|tpex:mopsfin_t187ap03_O_csv|esb:tpex_openapi_esb"
"3594.TWO","磐儀科技股份有限公司","TPEX","電腦及週邊設備業","ec.Hardware","2026-09-13T13:36:04Z","tw_boards|twse:twse_openapi|tpex:mopsfin_t187ap03_O_csv|esb:tpex_openapi_esb"
"3597.TWO","映興電子股份有限公司","TPEX","電子零組件業","ec.Hardware","2026-09-13T13:36:04Z","tw_boards|twse:twse_openapi|tpex:mopsfin_t187ap03_O_csv|esb:tpex_openapi_esb"
"3609.TWO","三一東林科技股份有限公司","TPEX","電子零組件業","ec.Hardware","2026-09-13T13:36:04Z","tw_boards|twse:twse_openapi|tpex:mopsfin_t187ap03_O_csv|esb:tpex_openapi_esb"
"3611.TWO","鼎翰科技股份有限公司","TPEX","電腦及週邊設備業","ec.Hardware","2026-09-13T13:36:04Z","tw_boards|twse:twse_openapi|tpex:mopsfin_t187ap03_O_csv|esb:tpex_openapi_esb"
"3615.TWO","安可光電股份有限公司","TPEX","光電業","ec.Hardware","2026-09-13T13:36:04Z","tw_boards|twse:twse_openapi|tpex:mopsfin_t187ap03_O_csv|esb:tpex_openapi_esb"
"3623.TWO","富晶通科技股份有限公司","TPEX","光電業","ec.Hardware","2026-09-13T13:36:04Z","tw_boards|twse:twse_openapi|tpex:mopsfin_t187ap03_O_csv|esb:tpex_openapi_esb"
"3624.TWO","光頡科技股份有限公司","TPEX","電子零組件業","ec.Hardware","2026-09-13T13:36:04Z","tw_boards|twse:twse_openapi|tpex:mopsfin_t187ap03_O_csv|esb:tpex_openapi_esb"
"3625.TWO","西勝國際股份有限公司","TPEX","電腦及週邊設備業","ec.Hardware","2026-09-13T13:36:04Z","tw_boards|twse:twse_openapi|tpex:mopsfin_t187ap03_O_csv|esb:tpex_openapi_esb"
"3628.TWO","盈正豫順電子股份有限公司","TPEX","其他電子業","ec.Hardware","2026-09-13T13:36:04Z","tw_boards|twse:twse_openapi|tpex:mopsfin_t187ap03_O_csv|esb:tpex_openapi_esb"
"3629.TWO","地心引力股份有限公司","TPEX","文化創意業","media.Entertainment","2026-09-13T13:36:04Z","tw_boards|twse:twse_openapi|tpex:mopsfin_t187ap03_O_csv|esb:tpex_openapi_esb"
"3630.TWO","新鉅科技股份有限公司","TPEX","光電業","ec.Hardware","2026-09-13T13:36:04Z","tw_boards|twse:twse_openapi|tpex:mopsfin_t187ap03_O_csv|esb:tpex_openapi_esb"
"3631.TWO","晟楠科技股份有限公司","TPEX","電子零組件業","ec.Hardware","2026-09-13T13:36:04Z","tw_boards|twse:twse_openapi|tpex:mopsfin_t187ap03_O_csv|esb:tpex_openapi_esb"
"3632.TWO","研勤科技股份有限公司","TPEX","通信網路業","ec.Hardware","2026-09-13T13:36:04Z","tw_boards|twse:twse_openapi|tpex:mopsfin_t187ap03_O_csv|esb:tpex_openapi_esb"
"3646.TWO","艾恩特精密工業股份有限公司","TPEX","電子零組件業","ec.Hardware","2026-09-13T13:36:04Z","tw_boards|twse:twse_openapi|tpex:mopsfin_t187ap03_O_csv|esb:tpex_openapi_esb"
"3663.TWO","鑫科材料科技股份有限公司","TPEX","其他電子業","ec.Hardware","2026-09-13T13:36:04Z","tw_boards|twse:twse_openapi|tpex:mopsfin_t187ap03_O_csv|esb:tpex_openapi_esb"
"3664.TWO","安瑞科技股份有限公司","TPEX","通信網路業","ec.Hardware","2026-09-13T13:36:04Z","tw_boards|twse:twse_openapi|tpex:mopsfin_t187ap03_O_csv|esb:tpex_openapi_esb"
"3666.TWO","光耀科技股份有限公司","TPEX","光電業","ec.Hardware","2026-09-13T13:36:04Z","tw_boards|twse:twse_openapi|tpex:mopsfin_t187ap03_O_csv|esb:tpex_openapi_esb"
"3672.TWO","康聯訊科技股份有限公司","TPEX","通信網路業","ec.Hardware","2026-09-13T13:36:04Z","tw_boards|twse:twse_openapi|tpex:mopsfin_t187ap03_O_csv|esb:tpex_openapi_esb"
"3675.TWO","德微科技股份有限公司","TPEX","半導體業","sc.Foundry","2026-09-13T13:36:04Z","tw_boards|twse:twse_openapi|tpex:mopsfin_t187ap03_O_csv|esb:tpex_openapi_esb"
"3680.TWO","家登精密工業股份有限公司","TPEX","半導體業","sc.Foundry","2026-09-13T13:36:04Z","tw_boards|twse:twse_openapi|tpex:mopsfin_t187ap03_O_csv|esb:tpex_openapi_esb"
"3684.TWO","榮昌科技股份有限公司","TPEX","通信網路業","ec.Hardware","2026-09-13T13:36:04Z","tw_boards|twse:twse_openapi|tpex:mopsfin_t187ap03_O_csv|esb:tpex_openapi_esb"
"3685.TWO","元創精密車業股份有限公司","TPEX","電機機械","ind.Machinery","2026-09-13T13:36:04Z","tw_boards|twse:twse_openapi|tpex:mopsfin_t187ap03_O_csv|esb:tpex_openapi_esb"
"3687.TWO","茂為歐買尬數位科技股份有限公司","TPEX","數位雲端","lab.Unmapped","2026-09-13T13:36:04Z","tw_boards|twse:twse_openapi|tpex:mopsfin_t187ap03_O_csv|esb:tpex_openapi_esb"
"3689.TWO","湧德電子股份有限公司","TPEX","電子零組件業","ec.Hardware","2026-09-13T13:36:04Z","tw_boards|twse:twse_openapi|tpex:mopsfin_t187ap03_O_csv|esb:tpex_openapi_esb"
"3691.TWO","碩禾電子材料股份有限公司","TPEX","光電業","ec.Hardware","2026-09-13T13:36:04Z","tw_boards|twse:twse_openapi|tpex:mopsfin_t187ap03_O_csv|esb:tpex_openapi_esb"
"3693.TWO","營邦企業股份有限公司","TPEX","電腦及週邊設備業","ec.Hardware","2026-09-13T13:36:04Z","tw_boards|twse:twse_openapi|tpex:mopsfin_t187ap03_O_csv|esb:tpex_openapi_esb"
"3707.TWO","漢磊科技股份有限公司","TPEX","半導體業","sc.Foundry","2026-09-13T13:36:04Z","tw_boards|twse:twse_openapi|tpex:mopsfin_t187ap03_O_csv|esb:tpex_openapi_esb"
"3709.TWO","鑫聯大投資控股股份有限公司","TPEX","電腦及週邊設備業","ec.Hardware","2026-09-13T13:36:04Z","tw_boards|twse:twse_openapi|tpex:mopsfin_t187ap03_O_csv|esb:tpex_openapi_esb"
"3710.TWO","連展投資控股股份有限公司","TPEX","電子零組件業","ec.Hardware","2026-09-13T13:36:04Z","tw_boards|twse:twse_openapi|tpex:mopsfin_t187ap03_O_csv|esb:tpex_openapi_esb"
"3713.TWO","新晶投資控股股份有限公司","TPEX","綠能環保","lab.Unmapped","2026-09-13T13:36:04Z","tw_boards|twse:twse_openapi|tpex:mopsfin_t187ap03_O_csv|esb:tpex_openapi_esb"
"3718.TWO","中光電投資控股股份有限公司","TPEX","光電業","ec.Hardware","2026-09-13T13:36:04Z","tw_boards|twse:twse_openapi|tpex:mopsfin_t187ap03_O_csv|esb:tpex_openapi_esb"
"4102.TWO","永日化學工業股份有限公司","TPEX","生技醫療業","hc.Medtech","2026-09-13T13:36:04Z","tw_boards|twse:twse_openapi|tpex:mopsfin_t187ap03_O_csv|esb:tpex_openapi_esb"
"4105.TWO","台灣東洋藥品工業股份有限公司","TPEX","生技醫療業","hc.Medtech","2026-09-13T13:36:04Z","tw_boards|twse:twse_openapi|tpex:mopsfin_t187ap03_O_csv|esb:tpex_openapi_esb"
"4107.TWO","邦特生物科技股份有限公司","TPEX","生技醫療業","hc.Medtech","2026-09-13T13:36:04Z","tw_boards|twse:twse_openapi|tpex:mopsfin_t187ap03_O_csv|esb:tpex_openapi_esb"
"4109.TWO","加捷生醫股份有限公司","TPEX","生技醫療業","hc.Medtech","2026-09-13T13:36:04Z","tw_boards|twse:twse_openapi|tpex:mopsfin_t187ap03_O_csv|esb:tpex_openapi_esb"
"4111.TWO","濟生醫藥生技股份有限公司","TPEX","生技醫療業","hc.Medtech","2026-09-13T13:36:04Z","tw_boards|twse:twse_openapi|tpex:mopsfin_t187ap03_O_csv|esb:tpex_openapi_esb"
"4113.TWO","聯上實業股份有限公司","TPEX","建材營造業","ind.Machinery","2026-09-13T13:36:04Z","tw_boards|twse:twse_openapi|tpex:mopsfin_t187ap03_O_csv|esb:tpex_openapi_esb"
"4114.TWO","健喬信元醫藥生技股份有限公司","TPEX","生技醫療業","hc.Medtech","2026-09-13T13:36:04Z","tw_boards|twse:twse_openapi|tpex:mopsfin_t187ap03_O_csv|esb:tpex_openapi_esb"
"4116.TWO","明基三豐醫療器材股份有限公司","TPEX","生技醫療業","hc.Medtech","2026-09-13T13:36:04Z","tw_boards|twse:twse_openapi|tpex:mopsfin_t187ap03_O_csv|esb:tpex_openapi_esb"
"4120.TWO","友華生技醫藥股份有限公司","TPEX","生技醫療業","hc.Medtech","2026-09-13T13:36:04Z","tw_boards|twse:twse_openapi|tpex:mopsfin_t187ap03_O_csv|esb:tpex_openapi_esb"
"4121.TWO","優盛醫學科技股份有限公司","TPEX","生技醫療業","hc.Medtech","2026-09-13T13:36:04Z","tw_boards|twse:twse_openapi|tpex:mopsfin_t187ap03_O_csv|esb:tpex_openapi_esb"
"4123.TWO","晟德大藥廠股份有限公司","TPEX","生技醫療業","hc.Medtech","2026-09-13T13:36:04Z","tw_boards|twse:twse_openapi|tpex:mopsfin_t187ap03_O_csv|esb:tpex_openapi_esb"
"4126.TWO","太平洋醫材股份有限公司","TPEX","生技醫療業","hc.Medtech","2026-09-13T13:36:04Z","tw_boards|twse:twse_openapi|tpex:mopsfin_t187ap03_O_csv|esb:tpex_openapi_esb"
"4127.TWO","天良生物科技企業股份有限公司","TPEX","生技醫療業","hc.Medtech","2026-09-13T13:36:04Z","tw_boards|twse:twse_openapi|tpex:mopsfin_t187ap03_O_csv|esb:tpex_openapi_esb"
"4128.TWO","中天生物科技股份有限公司","TPEX","生技醫療業","hc.Medtech","2026-09-13T13:36:04Z","tw_boards|twse:twse_openapi|tpex:mopsfin_t187ap03_O_csv|esb:tpex_openapi_esb"
"4129.TWO","聯合骨科器材股份有限公司","TPEX","生技醫療業","hc.Medtech","2026-09-13T13:36:04Z","tw_boards|twse:twse_openapi|tpex:mopsfin_t187ap03_O_csv|esb:tpex_openapi_esb"
"4131.TWO","浩泰精準股份有限公司","TPEX","生技醫療業","hc.Medtech","2026-09-13T13:36:04Z","tw_boards|twse:twse_openapi|tpex:mopsfin_t187ap03_O_csv|esb:tpex_openapi_esb"
"4138.TWO","曜亞國際股份有限公司","TPEX","生技醫療業","hc.Medtech","2026-09-13T13:36:04Z","tw_boards|twse:twse_openapi|tpex:mopsfin_t187ap03_O_csv|esb:tpex_openapi_esb"
"4139.TWO","馬光保健控股股份有限公司","TPEX","生技醫療業","hc.Medtech","2026-09-13T13:36:04Z","tw_boards|twse:twse_openapi|tpex:mopsfin_t187ap03_O_csv|esb:tpex_openapi_esb"
"4147.TWO","中裕新藥股份有限公司","TPEX","生技醫療業","hc.Medtech","2026-09-13T13:36:04Z","tw_boards|twse:twse_openapi|tpex:mopsfin_t187ap03_O_csv|esb:tpex_openapi_esb"
"4153.TWO","鈺緯科技開發股份有限公司","TPEX","生技醫療業","hc.Medtech","2026-09-13T13:36:04Z","tw_boards|twse:twse_openapi|tpex:mopsfin_t187ap03_O_csv|esb:tpex_openapi_esb"
"4154.TWO","樂威科股份有限公司","TPEX","其他業","lab.Unmapped","2026-09-13T13:36:04Z","tw_boards|twse:twse_openapi|tpex:mopsfin_t187ap03_O_csv|esb:tpex_openapi_esb"
"4157.TWO","太景醫藥研發控股股份有限公司","TPEX","生技醫療業","hc.Medtech","2026-09-13T13:36:04Z","tw_boards|twse:twse_openapi|tpex:mopsfin_t187ap03_O_csv|esb:tpex_openapi_esb"
"4160.TWO","訊聯基因數位股份有限公司","TPEX","生技醫療業","hc.Medtech","2026-09-13T13:36:04Z","tw_boards|twse:twse_openapi|tpex:mopsfin_t187ap03_O_csv|esb:tpex_openapi_esb"
"4161.TWO","聿新生物科技股份有限公司","TPEX","生技醫療業","hc.Medtech","2026-09-13T13:36:04Z","tw_boards|twse:twse_openapi|tpex:mopsfin_t187ap03_O_csv|esb:tpex_openapi_esb"
"4162.TWO","智擎生技製藥股份有限公司","TPEX","生技醫療業","hc.Medtech","2026-09-13T13:36:04Z","tw_boards|twse:twse_openapi|tpex:mopsfin_t187ap03_O_csv|esb:tpex_openapi_esb"
"4163.TWO","鐿鈦科技股份有限公司","TPEX","生技醫療業","hc.Medtech","2026-09-13T13:36:04Z","tw_boards|twse:twse_openapi|tpex:mopsfin_t187ap03_O_csv|esb:tpex_openapi_esb"
"4166.TWO","友霖生技醫藥股份有限公司","TPEX","生技醫療業","hc.Medtech","2026-09-13T13:36:04Z","tw_boards|twse:twse_openapi|tpex:mopsfin_t187ap03_O_csv|esb:tpex_openapi_esb"
"4167.TWO","松瑞製藥股份有限公司","TPEX","生技醫療業","hc.Medtech","2026-09-13T13:36:04Z","tw_boards|twse:twse_openapi|tpex:mopsfin_t187ap03_O_csv|esb:tpex_openapi_esb"
"4168.TWO","台灣醣聯生技醫藥股份有限公司","TPEX","生技醫療業","hc.Medtech","2026-09-13T13:36:04Z","tw_boards|twse:twse_openapi|tpex:mopsfin_t187ap03_O_csv|esb:tpex_openapi_esb"
"4171.TWO","瑞基海洋生物科技股份有限公司","TPEX","農業科技業","lab.Unmapped","2026-09-13T13:36:04Z","tw_boards|twse:twse_openapi|tpex:mopsfin_t187ap03_O_csv|esb:tpex_openapi_esb"
"4173.TWO","久裕企業股份有限公司","TPEX","生技醫療業","hc.Medtech","2026-09-13T13:36:04Z","tw_boards|twse:twse_openapi|tpex:mopsfin_t187ap03_O_csv|esb:tpex_openapi_esb"
"4174.TWO","台灣浩鼎生技股份有限公司","TPEX","生技醫療業","hc.Medtech","2026-09-13T13:36:04Z","tw_boards|twse:twse_openapi|tpex:mopsfin_t187ap03_O_csv|esb:tpex_openapi_esb"
"4175.TWO","杏一醫療用品股份有限公司","TPEX","生技醫療業","hc.Medtech","2026-09-13T13:36:04Z","tw_boards|twse:twse_openapi|tpex:mopsfin_t187ap03_O_csv|esb:tpex_openapi_esb"
"4183.TWO","福永生物科技股份有限公司","TPEX","生技醫療業","hc.Medtech","2026-09-13T13:36:04Z","tw_boards|twse:twse_openapi|tpex:mopsfin_t187ap03_O_csv|esb:tpex_openapi_esb"
"4188.TWO","安克生醫股份有限公司","TPEX","生技醫療業","hc.Medtech","2026-09-13T13:36:04Z","tw_boards|twse:twse_openapi|tpex:mopsfin_t187ap03_O_csv|esb:tpex_openapi_esb"
"4192.TWO","杏國新藥股份有限公司","TPEX","生技醫療業","hc.Medtech","2026-09-13T13:36:04Z","tw_boards|twse:twse_openapi|tpex:mopsfin_t187ap03_O_csv|esb:tpex_openapi_esb"
"4198.TWO","欣大健康投資控股股份有限公司","TPEX","生技醫療業","hc.Medtech","2026-09-13T13:36:04Z","tw_boards|twse:twse_openapi|tpex:mopsfin_t187ap03_O_csv|esb:tpex_openapi_esb"
"4205.TWO","中華食品實業股份有限公司","TPEX","食品工業","fmcg.Food_Beverages","2026-09-13T13:36:04Z","tw_boards|twse:twse_openapi|tpex:mopsfin_t187ap03_O_csv|esb:tpex_openapi_esb"
"4207.TWO","環泰企業股份有限公司","TPEX","食品工業","fmcg.Food_Beverages","2026-09-13T13:36:04Z","tw_boards|twse:twse_openapi|tpex:mopsfin_t187ap03_O_csv|esb:tpex_openapi_esb"
"4303.TWO","信立化學工業股份有限公司","TPEX","塑膠工業","mat.Chemicals","2026-09-13T13:36:04Z","tw_boards|twse:twse_openapi|tpex:mopsfin_t187ap03_O_csv|esb:tpex_openapi_esb"
"4304.TWO","勝昱科技股份有限公司","TPEX","塑膠工業","mat.Chemicals","2026-09-13T13:36:04Z","tw_boards|twse:twse_openapi|tpex:mopsfin_t187ap03_O_csv|esb:tpex_openapi_esb"
"4305.TWO","世坤塑膠股份有限公司","TPEX","塑膠工業","mat.Chemicals","2026-09-13T13:36:04Z","tw_boards|twse:twse_openapi|tpex:mopsfin_t187ap03_O_csv|esb:tpex_openapi_esb"
"4401.TWO","東隆興業股份有限公司","TPEX","紡織纖維","lab.Unmapped","2026-09-13T13:36:04Z","tw_boards|twse:twse_openapi|tpex:mopsfin_t187ap03_O_csv|esb:tpex_openapi_esb"
"4402.TWO","郡都開發股份有限公司","TPEX","紡織纖維","lab.Unmapped","2026-09-13T13:36:04Z","tw_boards|twse:twse_openapi|tpex:mopsfin_t187ap03_O_csv|esb:tpex_openapi_esb"
"4406.TWO","新昕纖維股份有限公司","TPEX","紡織纖維","lab.Unmapped","2026-09-13T13:36:04Z","tw_boards|twse:twse_openapi|tpex:mopsfin_t187ap03_O_csv|esb:tpex_openapi_esb"
"4413.TWO","飛寶企業股份有限公司","TPEX","紡織纖維","lab.Unmapped","2026-09-13T13:36:04Z","tw_boards|twse:twse_openapi|tpex:mopsfin_t187ap03_O_csv|esb:tpex_openapi_esb"
"4416.TWO","三圓建設股份有限公司","TPEX","建材營造業","ind.Machinery","2026-09-13T13:36:04Z","tw_boards|twse:twse_openapi|tpex:mopsfin_t187ap03_O_csv|esb:tpex_openapi_esb"
"4417.TWO","金洲海洋科技股份有限公司","TPEX","紡織纖維","lab.Unmapped","2026-09-13T13:36:04Z","tw_boards|twse:twse_openapi|tpex:mopsfin_t187ap03_O_csv|esb:tpex_openapi_esb"
"4419.TWO","皇家國際美食股份有限公司","TPEX","觀光餐旅","retail.Brick_Mortar","2026-09-13T13:36:04Z","tw_boards|twse:twse_openapi|tpex:mopsfin_t187ap03_O_csv|esb:tpex_openapi_esb"
"4420.TWO","光明絲織廠股份有限公司","TPEX","紡織纖維","lab.Unmapped","2026-09-13T13:36:04Z","tw_boards|twse:twse_openapi|tpex:mopsfin_t187ap03_O_csv|esb:tpex_openapi_esb"
"4430.TWO","耀億工業股份有限公司","TPEX","其他業","lab.Unmapped","2026-09-13T13:36:04Z","tw_boards|twse:twse_openapi|tpex:mopsfin_t187ap03_O_csv|esb:tpex_openapi_esb"
"4432.TWO","銘旺實業股份有限公司","TPEX","紡織纖維","lab.Unmapped","2026-09-13T13:36:04Z","tw_boards|twse:twse_openapi|tpex:mopsfin_t187ap03_O_csv|esb:tpex_openapi_esb"
"4433.TWO","興采實業股份有限公司","TPEX","紡織纖維","lab.Unmapped","2026-09-13T13:36:04Z","tw_boards|twse:twse_openapi|tpex:mopsfin_t187ap03_O_csv|esb:tpex_openapi_esb"
"4442.TWO","開曼群島商竣邦國際股份有限公司","TPEX","紡織纖維","lab.Unmapped","2026-09-13T13:36:04Z","tw_boards|twse:twse_openapi|tpex:mopsfin_t187ap03_O_csv|esb:tpex_openapi_esb"
"4502.TWO","健信科技工業股份有限公司","TPEX","電機機械","ind.Machinery","2026-09-13T13:36:04Z","tw_boards|twse:twse_openapi|tpex:mopsfin_t187ap03_O_csv|esb:tpex_openapi_esb"
"4503.TWO","金雨企業股份有限公司","TPEX","電機機械","ind.Machinery","2026-09-13T13:36:04Z","tw_boards|twse:twse_openapi|tpex:mopsfin_t187ap03_O_csv|esb:tpex_openapi_esb"
"4506.TWO","崇友實業(股)公司","TPEX","電機機械","ind.Machinery","2026-09-13T13:36:04Z","tw_boards|twse:twse_openapi|tpex:mopsfin_t187ap03_O_csv|esb:tpex_openapi_esb"
"4510.TWO","高鋒工業股份有限公司","TPEX","電機機械","ind.Machinery","2026-09-13T13:36:04Z","tw_boards|twse:twse_openapi|tpex:mopsfin_t187ap03_O_csv|esb:tpex_openapi_esb"
"4513.TWO","福裕事業股份有限公司","TPEX","電機機械","ind.Machinery","2026-09-13T13:36:04Z","tw_boards|twse:twse_openapi|tpex:mopsfin_t187ap03_O_csv|esb:tpex_openapi_esb"
"4523.TWO","永彰科技股份有限公司","TPEX","電機機械","ind.Machinery","2026-09-13T13:36:04Z","tw_boards|twse:twse_openapi|tpex:mopsfin_t187ap03_O_csv|esb:tpex_openapi_esb"
"4527.TWO","(方方土)霖冷凍機械股份有限公司","TPEX","電機機械","ind.Machinery","2026-09-13T13:36:04Z","tw_boards|twse:twse_openapi|tpex:mopsfin_t187ap03_O_csv|esb:tpex_openapi_esb"
"4528.TWO","江興鍛壓工業股份有限公司","TPEX","電機機械","ind.Machinery","2026-09-13T13:36:04Z","tw_boards|twse:twse_openapi|tpex:mopsfin_t187ap03_O_csv|esb:tpex_openapi_esb"
"4529.TWO","淳紳股份有限公司","TPEX","其他業","lab.Unmapped","2026-09-13T13:36:04Z","tw_boards|twse:twse_openapi|tpex:mopsfin_t187ap03_O_csv|esb:tpex_openapi_esb"
"4530.TWO","天意能創股份有限公司","TPEX","觀光餐旅","retail.Brick_Mortar","2026-09-13T13:36:04Z","tw_boards|twse:twse_openapi|tpex:mopsfin_t187ap03_O_csv|esb:tpex_openapi_esb"
"4533.TWO","協易機械工業股份有限公司","TPEX","電機機械","ind.Machinery","2026-09-13T13:36:04Z","tw_boards|twse:twse_openapi|tpex:mopsfin_t187ap03_O_csv|esb:tpex_openapi_esb"
"4534.TWO","慶騰精密科技股份有限公司","TPEX","電機機械","ind.Machinery","2026-09-13T13:36:04Z","tw_boards|twse:twse_openapi|tpex:mopsfin_t187ap03_O_csv|esb:tpex_openapi_esb"
"4535.TWO","至興精機股份有限公司","TPEX","電機機械","ind.Machinery","2026-09-13T13:36:04Z","tw_boards|twse:twse_openapi|tpex:mopsfin_t187ap03_O_csv|esb:tpex_openapi_esb"
"4538.TWO","大詠城機械股份有限公司","TPEX","電機機械","ind.Machinery","2026-09-13T13:36:04Z","tw_boards|twse:twse_openapi|tpex:mopsfin_t187ap03_O_csv|esb:tpex_openapi_esb"
"4541.TWO","晟田科技工業股份有限公司","TPEX","其他業","lab.Unmapped","2026-09-13T13:36:04Z","tw_boards|twse:twse_openapi|tpex:mopsfin_t187ap03_O_csv|esb:tpex_openapi_esb"
"4542.TWO","科嶠工業股份有限公司","TPEX","電子零組件業","ec.Hardware","2026-09-13T13:36:04Z","tw_boards|twse:twse_openapi|tpex:mopsfin_t187ap03_O_csv|esb:tpex_openapi_esb"
"4543.TWO","萬在工業股份有限公司","TPEX","電機機械","ind.Machinery","2026-09-13T13:36:04Z","tw_boards|twse:twse_openapi|tpex:mopsfin_t187ap03_O_csv|esb:tpex_openapi_esb"
"4549.TWO","桓達科技股份有限公司","TPEX","電機機械","ind.Machinery","2026-09-13T13:36:04Z","tw_boards|twse:twse_openapi|tpex:mopsfin_t187ap03_O_csv|esb:tpex_openapi_esb"
"4550.TWO","長佳機電工程股份有限公司","TPEX","電機機械","ind.Machinery","2026-09-13T13:36:04Z","tw_boards|twse:twse_openapi|tpex:mopsfin_t187ap03_O_csv|esb:tpex_openapi_esb"
"4554.TWO","橙的電子股份有限公司","TPEX","其他電子業","ec.Hardware","2026-09-13T13:36:04Z","tw_boards|twse:twse_openapi|tpex:mopsfin_t187ap03_O_csv|esb:tpex_openapi_esb"
"4556.TWO","旭然國際股份有限公司","TPEX","其他業","lab.Unmapped","2026-09-13T13:36:04Z","tw_boards|twse:twse_openapi|tpex:mopsfin_t187ap03_O_csv|esb:tpex_openapi_esb"
"4558.TWO","寶緯工業股份有限公司","TPEX","電機機械","ind.Machinery","2026-09-13T13:36:04Z","tw_boards|twse:twse_openapi|tpex:mopsfin_t187ap03_O_csv|esb:tpex_openapi_esb"
"4561.TWO","健椿工業股份有限公司","TPEX","電機機械","ind.Machinery","2026-09-13T13:36:04Z","tw_boards|twse:twse_openapi|tpex:mopsfin_t187ap03_O_csv|esb:tpex_openapi_esb"
"4563.TWO","百德機械股份有限公司","TPEX","電機機械","ind.Machinery","2026-09-13T13:36:04Z","tw_boards|twse:twse_openapi|tpex:mopsfin_t187ap03_O_csv|esb:tpex_openapi_esb"
"4568.TWO","科際精密股份有限公司","TPEX","電機機械","ind.Machinery","2026-09-13T13:36:04Z","tw_boards|twse:twse_openapi|tpex:mopsfin_t187ap03_O_csv|esb:tpex_openapi_esb"
"4577.TWO","達航科技股份有限公司","TPEX","其他電子業","ec.Hardware","2026-09-13T13:36:04Z","tw_boards|twse:twse_openapi|tpex:mopsfin_t187ap03_O_csv|esb:tpex_openapi_esb"
"4580.TWO","捷流閥業股份有限公司","TPEX","電機機械","ind.Machinery","2026-09-13T13:36:04Z","tw_boards|twse:twse_openapi|tpex:mopsfin_t187ap03_O_csv|esb:tpex_openapi_esb"
"4584.TWO","君帆工業股份有限公司","TPEX","電機機械","ind.Machinery","2026-09-13T13:36:04Z","tw_boards|twse:twse_openapi|tpex:mopsfin_t187ap03_O_csv|esb:tpex_openapi_esb"
"4609.TWO","唐鋒實業股份有限公司","TPEX","居家生活","lab.Unmapped","2026-09-13T13:36:04Z","tw_boards|twse:twse_openapi|tpex:mopsfin_t187ap03_O_csv|esb:tpex_openapi_esb"
"4702.TWO","中美聯合實業股份有限公司","TPEX","居家生活","lab.Unmapped","2026-09-13T13:36:04Z","tw_boards|twse:twse_openapi|tpex:mopsfin_t187ap03_O_csv|esb:tpex_openapi_esb"
"4706.TWO","大恭化學工業股份有限公司","TPEX","化學工業","mat.Chemicals","2026-09-13T13:36:04Z","tw_boards|twse:twse_openapi|tpex:mopsfin_t187ap03_O_csv|esb:tpex_openapi_esb"
"4707.TWO","磐亞股份有限公司","TPEX","化學工業","mat.Chemicals","2026-09-13T13:36:04Z","tw_boards|twse:twse_openapi|tpex:mopsfin_t187ap03_O_csv|esb:tpex_openapi_esb"
"4711.TWO","永純化學工業股份有限公司","TPEX","化學工業","mat.Chemicals","2026-09-13T13:36:04Z","tw_boards|twse:twse_openapi|tpex:mopsfin_t187ap03_O_csv|esb:tpex_openapi_esb"
"4714.TWO","永捷創新科技股份有限公司","TPEX","化學工業","mat.Chemicals","2026-09-13T13:36:04Z","tw_boards|twse:twse_openapi|tpex:mopsfin_t187ap03_O_csv|esb:tpex_openapi_esb"
"4716.TWO","大立高分子工業股份有限公司","TPEX","化學工業","mat.Chemicals","2026-09-13T13:36:04Z","tw_boards|twse:twse_openapi|tpex:mopsfin_t187ap03_O_csv|esb:tpex_openapi_esb"
"4721.TWO","美琪瑪國際股份有限公司","TPEX","化學工業","mat.Chemicals","2026-09-13T13:36:04Z","tw_boards|twse:twse_openapi|tpex:mopsfin_t187ap03_O_csv|esb:tpex_openapi_esb"
"4726.TWO","永昕生物醫藥股份有限公司","TPEX","生技醫療業","hc.Medtech","2026-09-13T13:36:04Z","tw_boards|twse:twse_openapi|tpex:mopsfin_t187ap03_O_csv|esb:tpex_openapi_esb"
"4728.TWO","雙美生物科技股份有限公司","TPEX","生技醫療業","hc.Medtech","2026-09-13T13:36:04Z","tw_boards|twse:twse_openapi|tpex:mopsfin_t187ap03_O_csv|esb:tpex_openapi_esb"
"4729.TWO","熒茂光學股份有限公司","TPEX","光電業","ec.Hardware","2026-09-13T13:36:04Z","tw_boards|twse:twse_openapi|tpex:mopsfin_t187ap03_O_csv|esb:tpex_openapi_esb"
"4735.TWO","豪展醫療科技股份有限公司","TPEX","生技醫療業","hc.Medtech","2026-09-13T13:36:04Z","tw_boards|twse:twse_openapi|tpex:mopsfin_t187ap03_O_csv|esb:tpex_openapi_esb"
"4741.TWO","泓瀚科技股份有限公司","TPEX","化學工業","mat.Chemicals","2026-09-13T13:36:04Z","tw_boards|twse:twse_openapi|tpex:mopsfin_t187ap03_O_csv|esb:tpex_openapi_esb"
"4743.TWO","合一生技股份有限公司","TPEX","生技醫療業","hc.Medtech","2026-09-13T13:36:04Z","tw_boards|twse:twse_openapi|tpex:mopsfin_t187ap03_O_csv|esb:tpex_openapi_esb"
"4744.TWO","皇將科技股份有限公司","TPEX","生技醫療業","hc.Medtech","2026-09-13T13:36:04Z","tw_boards|twse:twse_openapi|tpex:mopsfin_t187ap03_O_csv|esb:tpex_openapi_esb"
"4745.TWO","合富醫療控股股份有限公司","TPEX","生技醫療業","hc.Medtech","2026-09-13T13:36:04Z","tw_boards|twse:twse_openapi|tpex:mopsfin_t187ap03_O_csv|esb:tpex_openapi_esb"
"4747.TWO","強生化學製藥廠股份有限公司","TPEX","生技醫療業","hc.Medtech","2026-09-13T13:36:04Z","tw_boards|twse:twse_openapi|tpex:mopsfin_t187ap03_O_csv|esb:tpex_openapi_esb"
"4749.TWO","新應材股份有限公司","TPEX","半導體業","sc.Foundry","2026-09-13T13:36:04Z","tw_boards|twse:twse_openapi|tpex:mopsfin_t187ap03_O_csv|esb:tpex_openapi_esb"
"4754.TWO","國碳科技股份有限公司","TPEX","化學工業","mat.Chemicals","2026-09-13T13:36:04Z","tw_boards|twse:twse_openapi|tpex:mopsfin_t187ap03_O_csv|esb:tpex_openapi_esb"
"4760.TWO","勤凱科技股份有限公司","TPEX","其他電子業","ec.Hardware","2026-09-13T13:36:04Z","tw_boards|twse:twse_openapi|tpex:mopsfin_t187ap03_O_csv|esb:tpex_openapi_esb"
"4767.TWO","誠泰工業科技股份有限公司","TPEX","化學工業","mat.Chemicals","2026-09-13T13:36:04Z","tw_boards|twse:twse_openapi|tpex:mopsfin_t187ap03_O_csv|esb:tpex_openapi_esb"
"4768.TWO","晶呈科技股份有限公司","TPEX","化學工業","mat.Chemicals","2026-09-13T13:36:04Z","tw_boards|twse:twse_openapi|tpex:mopsfin_t187ap03_O_csv|esb:tpex_openapi_esb"
"4772.TWO","台灣特品化學股份有限公司","TPEX","化學工業","mat.Chemicals","2026-09-13T13:36:04Z","tw_boards|twse:twse_openapi|tpex:mopsfin_t187ap03_O_csv|esb:tpex_openapi_esb"
"4804.TWO","大略國際控股有限公司","TPEX","觀光餐旅","retail.Brick_Mortar","2026-09-13T13:36:04Z","tw_boards|twse:twse_openapi|tpex:mopsfin_t187ap03_O_csv|esb:tpex_openapi_esb"
"4806.TWO","桂田文創娛樂股份有限公司","TPEX","文化創意業","media.Entertainment","2026-09-13T13:36:04Z","tw_boards|twse:twse_openapi|tpex:mopsfin_t187ap03_O_csv|esb:tpex_openapi_esb"
"4903.TWO","聯合光纖通信股份有限公司","TPEX","通信網路業","ec.Hardware","2026-09-13T13:36:04Z","tw_boards|twse:twse_openapi|tpex:mopsfin_t187ap03_O_csv|esb:tpex_openapi_esb"
"4905.TWO","台聯電訊股份有限公司","TPEX","生技醫療業","hc.Medtech","2026-09-13T13:36:04Z","tw_boards|twse:twse_openapi|tpex:mopsfin_t187ap03_O_csv|esb:tpex_openapi_esb"
"4907.TWO","富宇地產股份有限公司","TPEX","建材營造業","ind.Machinery","2026-09-13T13:36:04Z","tw_boards|twse:twse_openapi|tpex:mopsfin_t187ap03_O_csv|esb:tpex_openapi_esb"
"4908.TWO","前鼎光電股份有限公司","TPEX","通信網路業","ec.Hardware","2026-09-13T13:36:04Z","tw_boards|twse:twse_openapi|tpex:mopsfin_t187ap03_O_csv|esb:tpex_openapi_esb"
"4909.TWO","新復興微波通訊股份有限公司","TPEX","通信網路業","ec.Hardware","2026-09-13T13:36:04Z","tw_boards|twse:twse_openapi|tpex:mopsfin_t187ap03_O_csv|esb:tpex_openapi_esb"
"4911.TWO","德英生物科技股份有限公司","TPEX","生技醫療業","hc.Medtech","2026-09-13T13:36:04Z","tw_boards|twse:twse_openapi|tpex:mopsfin_t187ap03_O_csv|esb:tpex_openapi_esb"
"4923.TWO","力士科技股份有限公司","TPEX","半導體業","sc.Foundry","2026-09-13T13:36:04Z","tw_boards|twse:twse_openapi|tpex:mopsfin_t187ap03_O_csv|esb:tpex_openapi_esb"
"4924.TWO","欣厚科技股份有限公司","TPEX","綠能環保","lab.Unmapped","2026-09-13T13:36:04Z","tw_boards|twse:twse_openapi|tpex:mopsfin_t187ap03_O_csv|esb:tpex_openapi_esb"
"4931.TWO","新盛力科技股份有限公司","TPEX","電腦及週邊設備業","ec.Hardware","2026-09-13T13:36:04Z","tw_boards|twse:twse_openapi|tpex:mopsfin_t187ap03_O_csv|esb:tpex_openapi_esb"
"4933.TWO","友輝光電股份有限公司","TPEX","光電業","ec.Hardware","2026-09-13T13:36:04Z","tw_boards|twse:twse_openapi|tpex:mopsfin_t187ap03_O_csv|esb:tpex_openapi_esb"
"4939.TWO","亞洲電材股份有限公司","TPEX","電子零組件業","ec.Hardware","2026-09-13T13:36:04Z","tw_boards|twse:twse_openapi|tpex:mopsfin_t187ap03_O_csv|esb:tpex_openapi_esb"
"4946.TWO","紅心辣椒娛樂科技股份有限公司","TPEX","文化創意業","media.Entertainment","2026-09-13T13:36:04Z","tw_boards|twse:twse_openapi|tpex:mopsfin_t187ap03_O_csv|esb:tpex_openapi_esb"
"4950.TWO","金耘國際股份有限公司","TPEX","鋼鐵工業","mat.Metals_Mining","2026-09-13T13:36:04Z","tw_boards|twse:twse_openapi|tpex:mopsfin_t187ap03_O_csv|esb:tpex_openapi_esb"
"4951.TWO","精拓科技股份有限公司","TPEX","半導體業","sc.Foundry","2026-09-13T13:36:04Z","tw_boards|twse:twse_openapi|tpex:mopsfin_t187ap03_O_csv|esb:tpex_openapi_esb"
"4953.TWO","緯致科技股份有限公司","TPEX","資訊服務業","ec.Hardware","2026-09-13T13:36:04Z","tw_boards|twse:twse_openapi|tpex:mopsfin_t187ap03_O_csv|esb:tpex_openapi_esb"
"4966.TWO","譜瑞科技股份有限公司","TPEX","半導體業","sc.Foundry","2026-09-13T13:36:04Z","tw_boards|twse:twse_openapi|tpex:mopsfin_t187ap03_O_csv|esb:tpex_openapi_esb"
"4971.TWO","英特磊科技股份有限公司","TPEX","半導體業","sc.Foundry","2026-09-13T13:36:04Z","tw_boards|twse:twse_openapi|tpex:mopsfin_t187ap03_O_csv|esb:tpex_openapi_esb"
"4972.TWO","湯石照明科技股份有限公司","TPEX","光電業","ec.Hardware","2026-09-13T13:36:04Z","tw_boards|twse:twse_openapi|tpex:mopsfin_t187ap03_O_csv|esb:tpex_openapi_esb"
"4973.TWO","廣穎電通股份有限公司","TPEX","半導體業","sc.Foundry","2026-09-13T13:36:04Z","tw_boards|twse:twse_openapi|tpex:mopsfin_t187ap03_O_csv|esb:tpex_openapi_esb"
"4974.TWO","亞泰影像科技股份有限公司","TPEX","電子零組件業","ec.Hardware","2026-09-13T13:36:04Z","tw_boards|twse:twse_openapi|tpex:mopsfin_t187ap03_O_csv|esb:tpex_openapi_esb"
"4979.TWO","華星光通科技股份有限公司","TPEX","通信網路業","ec.Hardware","2026-09-13T13:36:04Z","tw_boards|twse:twse_openapi|tpex:mopsfin_t187ap03_O_csv|esb:tpex_openapi_esb"
"4991.TWO","環宇通訊半導體控股股份有限公司","TPEX","半導體業","sc.Foundry","2026-09-13T13:36:04Z","tw_boards|twse:twse_openapi|tpex:mopsfin_t187ap03_O_csv|esb:tpex_openapi_esb"
"4995.TWO","晶達光電股份有限公司","TPEX","光電業","ec.Hardware","2026-09-13T13:36:04Z","tw_boards|twse:twse_openapi|tpex:mopsfin_t187ap03_O_csv|esb:tpex_openapi_esb"
"5009.TWO","榮剛材料科技股份有限公司","TPEX","鋼鐵工業","mat.Metals_Mining","2026-09-13T13:36:04Z","tw_boards|twse:twse_openapi|tpex:mopsfin_t187ap03_O_csv|esb:tpex_openapi_esb"
"5011.TWO","久陽精密股份有限公司","TPEX","鋼鐵工業","mat.Metals_Mining","2026-09-13T13:36:04Z","tw_boards|twse:twse_openapi|tpex:mopsfin_t187ap03_O_csv|esb:tpex_openapi_esb"
"5013.TWO","強新工業股份有限公司","TPEX","鋼鐵工業","mat.Metals_Mining","2026-09-13T13:36:04Z","tw_boards|twse:twse_openapi|tpex:mopsfin_t187ap03_O_csv|esb:tpex_openapi_esb"
"5014.TWO","建錩實業股份有限公司","TPEX","鋼鐵工業","mat.Metals_Mining","2026-09-13T13:36:04Z","tw_boards|twse:twse_openapi|tpex:mopsfin_t187ap03_O_csv|esb:tpex_openapi_esb"
"5015.TWO","華祺工業股份有限公司","TPEX","鋼鐵工業","mat.Metals_Mining","2026-09-13T13:36:04Z","tw_boards|twse:twse_openapi|tpex:mopsfin_t187ap03_O_csv|esb:tpex_openapi_esb"
"5016.TWO","松和工業股份有限公司","TPEX","鋼鐵工業","mat.Metals_Mining","2026-09-13T13:36:04Z","tw_boards|twse:twse_openapi|tpex:mopsfin_t187ap03_O_csv|esb:tpex_openapi_esb"
"5201.TWO","凱衛資訊股份有限公司","TPEX","資訊服務業","ec.Hardware","2026-09-13T13:36:04Z","tw_boards|twse:twse_openapi|tpex:mopsfin_t187ap03_O_csv|esb:tpex_openapi_esb"
"5202.TWO","力新國際科技股份有限公司","TPEX","資訊服務業","ec.Hardware","2026-09-13T13:36:04Z","tw_boards|twse:twse_openapi|tpex:mopsfin_t187ap03_O_csv|esb:tpex_openapi_esb"
"5205.TWO","中茂能資系統整合科技(股)公司","TPEX","綠能環保","lab.Unmapped","2026-09-13T13:36:04Z","tw_boards|twse:twse_openapi|tpex:mopsfin_t187ap03_O_csv|esb:tpex_openapi_esb"
"5206.TWO","坤悅開發股份有限公司","TPEX","建材營造業","ind.Machinery","2026-09-13T13:36:04Z","tw_boards|twse:twse_openapi|tpex:mopsfin_t187ap03_O_csv|esb:tpex_openapi_esb"
"5209.TWO","新鼎系統股份有限公司","TPEX","其他業","lab.Unmapped","2026-09-13T13:36:04Z","tw_boards|twse:twse_openapi|tpex:mopsfin_t187ap03_O_csv|esb:tpex_openapi_esb"
"5210.TWO","寶碩財務科技股份有限公司","TPEX","資訊服務業","ec.Hardware","2026-09-13T13:36:04Z","tw_boards|twse:twse_openapi|tpex:mopsfin_t187ap03_O_csv|esb:tpex_openapi_esb"
"5211.TWO","蒙恬科技股份有限公司","TPEX","資訊服務業","ec.Hardware","2026-09-13T13:36:04Z","tw_boards|twse:twse_openapi|tpex:mopsfin_t187ap03_O_csv|esb:tpex_openapi_esb"
"5212.TWO","凌網科技股份有限公司","TPEX","資訊服務業","ec.Hardware","2026-09-13T13:36:04Z","tw_boards|twse:twse_openapi|tpex:mopsfin_t187ap03_O_csv|esb:tpex_openapi_esb"
"5213.TWO","亞昕國際開發股份有限公司","TPEX","建材營造業","ind.Machinery","2026-09-13T13:36:04Z","tw_boards|twse:twse_openapi|tpex:mopsfin_t187ap03_O_csv|esb:tpex_openapi_esb"
"5220.TWO","萬達光電科技股份有限公司","TPEX","光電業","ec.Hardware","2026-09-13T13:36:04Z","tw_boards|twse:twse_openapi|tpex:mopsfin_t187ap03_O_csv|esb:tpex_openapi_esb"
"5223.TWO","安力國際股份有限公司","TPEX","電腦及週邊設備業","ec.Hardware","2026-09-13T13:36:04Z","tw_boards|twse:twse_openapi|tpex:mopsfin_t187ap03_O_csv|esb:tpex_openapi_esb"
"5227.TWO","蓋曼群島商立凱電能科技(股)公司","TPEX","電子零組件業","ec.Hardware","2026-09-13T13:36:04Z","tw_boards|twse:twse_openapi|tpex:mopsfin_t187ap03_O_csv|esb:tpex_openapi_esb"
"5228.TWO","鈺鎧科技股份有限公司","TPEX","電子零組件業","ec.Hardware","2026-09-13T13:36:04Z","tw_boards|twse:twse_openapi|tpex:mopsfin_t187ap03_O_csv|esb:tpex_openapi_esb"
"5230.TWO","雷笛克光學股份有限公司","TPEX","光電業","ec.Hardware","2026-09-13T13:36:04Z","tw_boards|twse:twse_openapi|tpex:mopsfin_t187ap03_O_csv|esb:tpex_openapi_esb"
"5245.TWO","智晶光電股份有限公司","TPEX","光電業","ec.Hardware","2026-09-13T13:36:04Z","tw_boards|twse:twse_openapi|tpex:mopsfin_t187ap03_O_csv|esb:tpex_openapi_esb"
"5251.TWO","天鉞電子股份有限公司","TPEX","光電業","ec.Hardware","2026-09-13T13:36:04Z","tw_boards|twse:twse_openapi|tpex:mopsfin_t187ap03_O_csv|esb:tpex_openapi_esb"
"5263.TWO","智崴資訊科技股份有限公司","TPEX","文化創意業","media.Entertainment","2026-09-13T13:36:04Z","tw_boards|twse:twse_openapi|tpex:mopsfin_t187ap03_O_csv|esb:tpex_openapi_esb"
"5272.TWO","笙科電子股份有限公司","TPEX","半導體業","sc.Foundry","2026-09-13T13:36:04Z","tw_boards|twse:twse_openapi|tpex:mopsfin_t187ap03_O_csv|esb:tpex_openapi_esb"
"5274.TWO","信驊科技股份有限公司","TPEX","半導體業","sc.Foundry","2026-09-13T13:36:04Z","tw_boards|twse:twse_openapi|tpex:mopsfin_t187ap03_O_csv|esb:tpex_openapi_esb"
"5276.TWO","達輝股份有限公司","TPEX","其他業","lab.Unmapped","2026-09-13T13:36:04Z","tw_boards|twse:twse_openapi|tpex:mopsfin_t187ap03_O_csv|esb:tpex_openapi_esb"
"5278.TWO","尚凡國際創新科技股份有限公司","TPEX","數位雲端","lab.Unmapped","2026-09-13T13:36:04Z","tw_boards|twse:twse_openapi|tpex:mopsfin_t187ap03_O_csv|esb:tpex_openapi_esb"
"5287.TWO","數字科技股份有限公司","TPEX","數位雲端","lab.Unmapped","2026-09-13T13:36:04Z","tw_boards|twse:twse_openapi|tpex:mopsfin_t187ap03_O_csv|esb:tpex_openapi_esb"
"5289.TWO","宜鼎國際股份有限公司","TPEX","電腦及週邊設備業","ec.Hardware","2026-09-13T13:36:04Z","tw_boards|twse:twse_openapi|tpex:mopsfin_t187ap03_O_csv|esb:tpex_openapi_esb"
"5291.TWO","邑昇實業股份有限公司","TPEX","電子零組件業","ec.Hardware","2026-09-13T13:36:04Z","tw_boards|twse:twse_openapi|tpex:mopsfin_t187ap03_O_csv|esb:tpex_openapi_esb"
"5299.TWO","杰力科技股份有限公司","TPEX","半導體業","sc.Foundry","2026-09-13T13:36:04Z","tw_boards|twse:twse_openapi|tpex:mopsfin_t187ap03_O_csv|esb:tpex_openapi_esb"
"5301.TWO","寶得利國際股份有限公司","TPEX","觀光餐旅","retail.Brick_Mortar","2026-09-13T13:36:04Z","tw_boards|twse:twse_openapi|tpex:mopsfin_t187ap03_O_csv|esb:tpex_openapi_esb"
"5302.TWO","太欣半導體股份有限公司","TPEX","半導體業","sc.Foundry","2026-09-13T13:36:04Z","tw_boards|twse:twse_openapi|tpex:mopsfin_t187ap03_O_csv|esb:tpex_openapi_esb"
"5309.TWO","系統電子工業股份有限公司","TPEX","電子零組件業","ec.Hardware","2026-09-13T13:36:04Z","tw_boards|twse:twse_openapi|tpex:mopsfin_t187ap03_O_csv|esb:tpex_openapi_esb"
"5310.TWO","天剛資訊股份有限公司","TPEX","資訊服務業","ec.Hardware","2026-09-13T13:36:04Z","tw_boards|twse:twse_openapi|tpex:mopsfin_t187ap03_O_csv|esb:tpex_openapi_esb"
"5312.TWO","寶島光學科技股份有限公司","TPEX","生技醫療業","hc.Medtech","2026-09-13T13:36:04Z","tw_boards|twse:twse_openapi|tpex:mopsfin_t187ap03_O_csv|esb:tpex_openapi_esb"
"5314.TWO","世紀民生科技股份有限公司","TPEX","其他業","lab.Unmapped","2026-09-13T13:36:04Z","tw_boards|twse:twse_openapi|tpex:mopsfin_t187ap03_O_csv|esb:tpex_openapi_esb"
"5315.TWO","光聯科技股份有限公司","TPEX","光電業","ec.Hardware","2026-09-13T13:36:04Z","tw_boards|twse:twse_openapi|tpex:mopsfin_t187ap03_O_csv|esb:tpex_openapi_esb"
"5321.TWO","美而快國際股份有限公司","TPEX","數位雲端","lab.Unmapped","2026-09-13T13:36:04Z","tw_boards|twse:twse_openapi|tpex:mopsfin_t187ap03_O_csv|esb:tpex_openapi_esb"
"5324.TWO","士林開發股份有限公司","TPEX","建材營造業","ind.Machinery","2026-09-13T13:36:04Z","tw_boards|twse:twse_openapi|tpex:mopsfin_t187ap03_O_csv|esb:tpex_openapi_esb"
"5328.TWO","華容股份有限公司","TPEX","電子零組件業","ec.Hardware","2026-09-13T13:36:04Z","tw_boards|twse:twse_openapi|tpex:mopsfin_t187ap03_O_csv|esb:tpex_openapi_esb"
"5340.TWO","建榮工業材料股份有限公司","TPEX","電子零組件業","ec.Hardware","2026-09-13T13:36:04Z","tw_boards|twse:twse_openapi|tpex:mopsfin_t187ap03_O_csv|esb:tpex_openapi_esb"
"5344.TWO","立衛科技股份有限公司","TPEX","半導體業","sc.Foundry","2026-09-13T13:36:04Z","tw_boards|twse:twse_openapi|tpex:mopsfin_t187ap03_O_csv|esb:tpex_openapi_esb"
"5345.TWO","馥鴻建設股份有限公司","TPEX","其他業","lab.Unmapped","2026-09-13T13:36:04Z","tw_boards|twse:twse_openapi|tpex:mopsfin_t187ap03_O_csv|esb:tpex_openapi_esb"
"5347.TWO","世界先進積體電路股份有限公司","TPEX","半導體業","sc.Foundry","2026-09-13T13:36:04Z","tw_boards|twse:twse_openapi|tpex:mopsfin_t187ap03_O_csv|esb:tpex_openapi_esb"
"5348.TWO","正能量智能股份有限公司","TPEX","運動休閒","lab.Unmapped","2026-09-13T13:36:04Z","tw_boards|twse:twse_openapi|tpex:mopsfin_t187ap03_O_csv|esb:tpex_openapi_esb"
"5351.TWO","鈺創科技股份有限公司","TPEX","半導體業","sc.Foundry","2026-09-13T13:36:04Z","tw_boards|twse:twse_openapi|tpex:mopsfin_t187ap03_O_csv|esb:tpex_openapi_esb"
"5353.TWO","台林電通股份有限公司","TPEX","通信網路業","ec.Hardware","2026-09-13T13:36:04Z","tw_boards|twse:twse_openapi|tpex:mopsfin_t187ap03_O_csv|esb:tpex_openapi_esb"
"5355.TWO","佳總興業股份有限公司","TPEX","電子零組件業","ec.Hardware","2026-09-13T13:36:04Z","tw_boards|twse:twse_openapi|tpex:mopsfin_t187ap03_O_csv|esb:tpex_openapi_esb"
"5356.TWO","協益電子股份有限公司","TPEX","電腦及週邊設備業","ec.Hardware","2026-09-13T13:36:04Z","tw_boards|twse:twse_openapi|tpex:mopsfin_t187ap03_O_csv|esb:tpex_openapi_esb"
"5364.TWO","力麗觀光開發股份有限公司","TPEX","觀光餐旅","retail.Brick_Mortar","2026-09-13T13:36:04Z","tw_boards|twse:twse_openapi|tpex:mopsfin_t187ap03_O_csv|esb:tpex_openapi_esb"
"5381.TWO","光譜電工股份有限公司","TPEX","電機機械","ind.Machinery","2026-09-13T13:36:04Z","tw_boards|twse:twse_openapi|tpex:mopsfin_t187ap03_O_csv|esb:tpex_openapi_esb"
"5386.TWO","青雲國際科技股份有限公司","TPEX","電腦及週邊設備業","ec.Hardware","2026-09-13T13:36:04Z","tw_boards|twse:twse_openapi|tpex:mopsfin_t187ap03_O_csv|esb:tpex_openapi_esb"
"5392.TWO","能率創新股份有限公司","TPEX","光電業","ec.Hardware","2026-09-13T13:36:04Z","tw_boards|twse:twse_openapi|tpex:mopsfin_t187ap03_O_csv|esb:tpex_openapi_esb"
"5398.TWO","慕康生技醫藥股份有限公司","TPEX","其他業","lab.Unmapped","2026-09-13T13:36:04Z","tw_boards|twse:twse_openapi|tpex:mopsfin_t187ap03_O_csv|esb:tpex_openapi_esb"
"5403.TWO","中菲電腦股份有限公司","TPEX","資訊服務業","ec.Hardware","2026-09-13T13:36:04Z","tw_boards|twse:twse_openapi|tpex:mopsfin_t187ap03_O_csv|esb:tpex_openapi_esb"
"5410.TWO","國眾電腦股份有限公司","TPEX","資訊服務業","ec.Hardware","2026-09-13T13:36:04Z","tw_boards|twse:twse_openapi|tpex:mopsfin_t187ap03_O_csv|esb:tpex_openapi_esb"
"5425.TWO","台灣半導體股份有限公司","TPEX","半導體業","sc.Foundry","2026-09-13T13:36:04Z","tw_boards|twse:twse_openapi|tpex:mopsfin_t187ap03_O_csv|esb:tpex_openapi_esb"
"5426.TWO","振發實業股份有限公司","TPEX","電腦及週邊設備業","ec.Hardware","2026-09-13T13:36:04Z","tw_boards|twse:twse_openapi|tpex:mopsfin_t187ap03_O_csv|esb:tpex_openapi_esb"
"5432.TWO","新門科技股份有限公司","TPEX","綠能環保","lab.Unmapped","2026-09-13T13:36:04Z","tw_boards|twse:twse_openapi|tpex:mopsfin_t187ap03_O_csv|esb:tpex_openapi_esb"
"5438.TWO","東友科技股份有限公司","TPEX","電腦及週邊設備業","ec.Hardware","2026-09-13T13:36:04Z","tw_boards|twse:twse_openapi|tpex:mopsfin_t187ap03_O_csv|esb:tpex_openapi_esb"
"5439.TWO","高技企業股份有限公司","TPEX","電子零組件業","ec.Hardware","2026-09-13T13:36:04Z","tw_boards|twse:twse_openapi|tpex:mopsfin_t187ap03_O_csv|esb:tpex_openapi_esb"
"5443.TWO","均豪精密工業股份有限公司","TPEX","半導體業","sc.Foundry","2026-09-13T13:36:04Z","tw_boards|twse:twse_openapi|tpex:mopsfin_t187ap03_O_csv|esb:tpex_openapi_esb"
"5450.TWO","南良國際股份有限公司","TPEX","其他業","lab.Unmapped","2026-09-13T13:36:04Z","tw_boards|twse:twse_openapi|tpex:mopsfin_t187ap03_O_csv|esb:tpex_openapi_esb"
"5452.TWO","佶優科技股份有限公司","TPEX","其他電子業","ec.Hardware","2026-09-13T13:36:04Z","tw_boards|twse:twse_openapi|tpex:mopsfin_t187ap03_O_csv|esb:tpex_openapi_esb"
"5455.TWO","昇益開發股份有限公司","TPEX","建材營造業","ind.Machinery","2026-09-13T13:36:04Z","tw_boards|twse:twse_openapi|tpex:mopsfin_t187ap03_O_csv|esb:tpex_openapi_esb"
"5457.TWO","宣德科技股份有限公司","TPEX","電子零組件業","ec.Hardware","2026-09-13T13:36:04Z","tw_boards|twse:twse_openapi|tpex:mopsfin_t187ap03_O_csv|esb:tpex_openapi_esb"
"5460.TWO","同協電子股份有限公司","TPEX","電子零組件業","ec.Hardware","2026-09-13T13:36:04Z","tw_boards|twse:twse_openapi|tpex:mopsfin_t187ap03_O_csv|esb:tpex_openapi_esb"
"5464.TWO","霖宏科技股份有限公司","TPEX","電子零組件業","ec.Hardware","2026-09-13T13:36:04Z","tw_boards|twse:twse_openapi|tpex:mopsfin_t187ap03_O_csv|esb:tpex_openapi_esb"
"5465.TWO","富驊企業股份有限公司","TPEX","電腦及週邊設備業","ec.Hardware","2026-09-13T13:36:04Z","tw_boards|twse:twse_openapi|tpex:mopsfin_t187ap03_O_csv|esb:tpex_openapi_esb"
"5468.TWO","凱鈺科技股份有限公司","TPEX","半導體業","sc.Foundry","2026-09-13T13:36:04Z","tw_boards|twse:twse_openapi|tpex:mopsfin_t187ap03_O_csv|esb:tpex_openapi_esb"
"5474.TWO","聰泰科技開發股份有限公司","TPEX","電腦及週邊設備業","ec.Hardware","2026-09-13T13:36:04Z","tw_boards|twse:twse_openapi|tpex:mopsfin_t187ap03_O_csv|esb:tpex_openapi_esb"
"5475.TWO","德宏工業股份有限公司","TPEX","電子零組件業","ec.Hardware","2026-09-13T13:36:04Z","tw_boards|twse:twse_openapi|tpex:mopsfin_t187ap03_O_csv|esb:tpex_openapi_esb"
"5478.TWO","智冠科技股份有限公司","TPEX","文化創意業","media.Entertainment","2026-09-13T13:36:04Z","tw_boards|twse:twse_openapi|tpex:mopsfin_t187ap03_O_csv|esb:tpex_openapi_esb"
"5481.TWO","新華泰富股份有限公司","TPEX","其他業","lab.Unmapped","2026-09-13T13:36:04Z","tw_boards|twse:twse_openapi|tpex:mopsfin_t187ap03_O_csv|esb:tpex_openapi_esb"
"5483.TWO","中美矽晶製品股份有限公司","TPEX","半導體業","sc.Foundry","2026-09-13T13:36:04Z","tw_boards|twse:twse_openapi|tpex:mopsfin_t187ap03_O_csv|esb:tpex_openapi_esb"
"5487.TWO","通泰積體電路股份有限公司","TPEX","半導體業","sc.Foundry","2026-09-13T13:36:04Z","tw_boards|twse:twse_openapi|tpex:mopsfin_t187ap03_O_csv|esb:tpex_openapi_esb"
"5488.TWO","松普科技股份有限公司","TPEX","電子零組件業","ec.Hardware","2026-09-13T13:36:04Z","tw_boards|twse:twse_openapi|tpex:mopsfin_t187ap03_O_csv|esb:tpex_openapi_esb"
"5489.TWO","彩富電子股份有限公司","TPEX","其他電子業","ec.Hardware","2026-09-13T13:36:04Z","tw_boards|twse:twse_openapi|tpex:mopsfin_t187ap03_O_csv|esb:tpex_openapi_esb"
"5490.TWO","同亨科技股份有限公司","TPEX","電腦及週邊設備業","ec.Hardware","2026-09-13T13:36:04Z","tw_boards|twse:twse_openapi|tpex:mopsfin_t187ap03_O_csv|esb:tpex_openapi_esb"
"5493.TWO","三聯科技股份有限公司","TPEX","其他電子業","ec.Hardware","2026-09-13T13:36:04Z","tw_boards|twse:twse_openapi|tpex:mopsfin_t187ap03_O_csv|esb:tpex_openapi_esb"
"5498.TWO","凱崴電子股份有限公司","TPEX","電子零組件業","ec.Hardware","2026-09-13T13:36:04Z","tw_boards|twse:twse_openapi|tpex:mopsfin_t187ap03_O_csv|esb:tpex_openapi_esb"
"5508.TWO","永信建設開發股份有限公司","TPEX","建材營造業","ind.Machinery","2026-09-13T13:36:04Z","tw_boards|twse:twse_openapi|tpex:mopsfin_t187ap03_O_csv|esb:tpex_openapi_esb"
"5511.TWO","德昌營造股份有限公司","TPEX","建材營造業","ind.Machinery","2026-09-13T13:36:04Z","tw_boards|twse:twse_openapi|tpex:mopsfin_t187ap03_O_csv|esb:tpex_openapi_esb"
"5512.TWO","力麒建設股份有限公司","TPEX","建材營造業","ind.Machinery","2026-09-13T13:36:04Z","tw_boards|twse:twse_openapi|tpex:mopsfin_t187ap03_O_csv|esb:tpex_openapi_esb"
"5514.TWO","三豐建設股份有限公司","TPEX","建材營造業","ind.Machinery","2026-09-13T13:36:04Z","tw_boards|twse:twse_openapi|tpex:mopsfin_t187ap03_O_csv|esb:tpex_openapi_esb"
"5516.TWO","雙喜營造股份有限公司","TPEX","建材營造業","ind.Machinery","2026-09-13T13:36:04Z","tw_boards|twse:twse_openapi|tpex:mopsfin_t187ap03_O_csv|esb:tpex_openapi_esb"
"5520.TWO","力泰建設企業股份有限公司","TPEX","建材營造業","ind.Machinery","2026-09-13T13:36:04Z","tw_boards|twse:twse_openapi|tpex:mopsfin_t187ap03_O_csv|esb:tpex_openapi_esb"
"5523.TWO","豐謙建設股份有限公司","TPEX","建材營造業","ind.Machinery","2026-09-13T13:36:04Z","tw_boards|twse:twse_openapi|tpex:mopsfin_t187ap03_O_csv|esb:tpex_openapi_esb"
"5529.TWO","鉅陞國際開發股份有限公司","TPEX","建材營造業","ind.Machinery","2026-09-13T13:36:04Z","tw_boards|twse:twse_openapi|tpex:mopsfin_t187ap03_O_csv|esb:tpex_openapi_esb"
"5530.TWO","龍巖股份有限公司","TPEX","其他業","lab.Unmapped","2026-09-13T13:36:04Z","tw_boards|twse:twse_openapi|tpex:mopsfin_t187ap03_O_csv|esb:tpex_openapi_esb"
"5536.TWO","聖暉工程科技股份有限公司","TPEX","其他電子業","ec.Hardware","2026-09-13T13:36:04Z","tw_boards|twse:twse_openapi|tpex:mopsfin_t187ap03_O_csv|esb:tpex_openapi_esb"
"5543.TWO","桓鼎股份有限公司","TPEX","建材營造業","ind.Machinery","2026-09-13T13:36:04Z","tw_boards|twse:twse_openapi|tpex:mopsfin_t187ap03_O_csv|esb:tpex_openapi_esb"
"5547.TWO","久舜營造股份有限公司","TPEX","建材營造業","ind.Machinery","2026-09-13T13:36:04Z","tw_boards|twse:twse_openapi|tpex:mopsfin_t187ap03_O_csv|esb:tpex_openapi_esb"
"5548.TWO","安倉營造股份有限公司","TPEX","建材營造業","ind.Machinery","2026-09-13T13:36:04Z","tw_boards|twse:twse_openapi|tpex:mopsfin_t187ap03_O_csv|esb:tpex_openapi_esb"
"5601.TWO","臺聯貨櫃通運股份有限公司","TPEX","航運業","tr.Logistics_Shipping","2026-09-13T13:36:04Z","tw_boards|twse:twse_openapi|tpex:mopsfin_t187ap03_O_csv|esb:tpex_openapi_esb"
"5603.TWO","陸海股份有限公司","TPEX","航運業","tr.Logistics_Shipping","2026-09-13T13:36:04Z","tw_boards|twse:twse_openapi|tpex:mopsfin_t187ap03_O_csv|esb:tpex_openapi_esb"
"5604.TWO","中連誠企業股份有限公司","TPEX","其他業","lab.Unmapped","2026-09-13T13:36:04Z","tw_boards|twse:twse_openapi|tpex:mopsfin_t187ap03_O_csv|esb:tpex_openapi_esb"
"5609.TWO","中菲行國際物流股份有限公司","TPEX","航運業","tr.Logistics_Shipping","2026-09-13T13:36:04Z","tw_boards|twse:twse_openapi|tpex:mopsfin_t187ap03_O_csv|esb:tpex_openapi_esb"
"5701.TWO","劍湖山世界股份有限公司","TPEX","觀光餐旅","retail.Brick_Mortar","2026-09-13T13:36:04Z","tw_boards|twse:twse_openapi|tpex:mopsfin_t187ap03_O_csv|esb:tpex_openapi_esb"
"5703.TWO","亞都麗緻大飯店股份有限公司","TPEX","觀光餐旅","retail.Brick_Mortar","2026-09-13T13:36:04Z","tw_boards|twse:twse_openapi|tpex:mopsfin_t187ap03_O_csv|esb:tpex_openapi_esb"
"5704.TWO","知本老爺大酒店股份有限公司","TPEX","觀光餐旅","retail.Brick_Mortar","2026-09-13T13:36:04Z","tw_boards|twse:twse_openapi|tpex:mopsfin_t187ap03_O_csv|esb:tpex_openapi_esb"
"5864.TWO","致和證券股份有限公司","TPEX","金融保險業","fn.Banking","2026-09-13T13:36:04Z","tw_boards|twse:twse_openapi|tpex:mopsfin_t187ap03_O_csv|esb:tpex_openapi_esb"
"5878.TWO","台名保險經紀人股份有限公司","TPEX","金融保險業","fn.Banking","2026-09-13T13:36:04Z","tw_boards|twse:twse_openapi|tpex:mopsfin_t187ap03_O_csv|esb:tpex_openapi_esb"
"5902.TWO","德記洋行股份有限公司","TPEX","居家生活","lab.Unmapped","2026-09-13T13:36:04Z","tw_boards|twse:twse_openapi|tpex:mopsfin_t187ap03_O_csv|esb:tpex_openapi_esb"
"5903.TWO","全家便利商店股份有限公司","TPEX","居家生活","lab.Unmapped","2026-09-13T13:36:04Z","tw_boards|twse:twse_openapi|tpex:mopsfin_t187ap03_O_csv|esb:tpex_openapi_esb"
"5904.TWO","寶雅國際股份有限公司","TPEX","居家生活","lab.Unmapped","2026-09-13T13:36:04Z","tw_boards|twse:twse_openapi|tpex:mopsfin_t187ap03_O_csv|esb:tpex_openapi_esb"
"5905.TWO","南仁湖育樂股份有限公司","TPEX","觀光餐旅","retail.Brick_Mortar","2026-09-13T13:36:04Z","tw_boards|twse:twse_openapi|tpex:mopsfin_t187ap03_O_csv|esb:tpex_openapi_esb"
"6015.TWO","宏遠證券股份有限公司","TPEX","金融保險業","fn.Banking","2026-09-13T13:36:04Z","tw_boards|twse:twse_openapi|tpex:mopsfin_t187ap03_O_csv|esb:tpex_openapi_esb"
"6016.TWO","康和綜合證券股份有限公司","TPEX","金融保險業","fn.Banking","2026-09-13T13:36:04Z","tw_boards|twse:twse_openapi|tpex:mopsfin_t187ap03_O_csv|esb:tpex_openapi_esb"
"6020.TWO","大展證券股份有限公司","TPEX","金融保險業","fn.Banking","2026-09-13T13:36:04Z","tw_boards|twse:twse_openapi|tpex:mopsfin_t187ap03_O_csv|esb:tpex_openapi_esb"
"6021.TWO","美好證券股份有限公司","TPEX","金融保險業","fn.Banking","2026-09-13T13:36:04Z","tw_boards|twse:twse_openapi|tpex:mopsfin_t187ap03_O_csv|esb:tpex_openapi_esb"
"6023.TWO","元大期貨股份有限公司","TPEX","金融保險業","fn.Banking","2026-09-13T13:36:04Z","tw_boards|twse:twse_openapi|tpex:mopsfin_t187ap03_O_csv|esb:tpex_openapi_esb"
"6026.TWO","福邦證券股份有限公司","TPEX","金融保險業","fn.Banking","2026-09-13T13:36:04Z","tw_boards|twse:twse_openapi|tpex:mopsfin_t187ap03_O_csv|esb:tpex_openapi_esb"
"6028.TWO","公勝保險經紀人股份有限公司","TPEX","金融保險業","fn.Banking","2026-09-13T13:36:04Z","tw_boards|twse:twse_openapi|tpex:mopsfin_t187ap03_O_csv|esb:tpex_openapi_esb"
"6101.TWO","寬魚國際股份有限公司","TPEX","文化創意業","media.Entertainment","2026-09-13T13:36:04Z","tw_boards|twse:twse_openapi|tpex:mopsfin_t187ap03_O_csv|esb:tpex_openapi_esb"
"6103.TWO","合邦電子股份有限公司","TPEX","半導體業","sc.Foundry","2026-09-13T13:36:04Z","tw_boards|twse:twse_openapi|tpex:mopsfin_t187ap03_O_csv|esb:tpex_openapi_esb"
"6104.TWO","創惟科技股份有限公司","TPEX","半導體業","sc.Foundry","2026-09-13T13:36:04Z","tw_boards|twse:twse_openapi|tpex:mopsfin_t187ap03_O_csv|esb:tpex_openapi_esb"
"6109.TWO","亞元科技股份有限公司","TPEX","通信網路業","ec.Hardware","2026-09-13T13:36:04Z","tw_boards|twse:twse_openapi|tpex:mopsfin_t187ap03_O_csv|esb:tpex_openapi_esb"
"6111.TWO","光聚晶電聯合股份有限公司","TPEX","文化創意業","media.Entertainment","2026-09-13T13:36:04Z","tw_boards|twse:twse_openapi|tpex:mopsfin_t187ap03_O_csv|esb:tpex_openapi_esb"
"6113.TWO","亞矽科技股份有限公司","TPEX","電子通路業","lab.Unmapped","2026-09-13T13:36:04Z","tw_boards|twse:twse_openapi|tpex:mopsfin_t187ap03_O_csv|esb:tpex_openapi_esb"
"6114.TWO","久威國際股份有限公司","TPEX","電子零組件業","ec.Hardware","2026-09-13T13:36:04Z","tw_boards|twse:twse_openapi|tpex:mopsfin_t187ap03_O_csv|esb:tpex_openapi_esb"
"6118.TWO","建達國際股份有限公司","TPEX","電子通路業","lab.Unmapped","2026-09-13T13:36:04Z","tw_boards|twse:twse_openapi|tpex:mopsfin_t187ap03_O_csv|esb:tpex_openapi_esb"
"6121.TWO","新普科技股份有限公司","TPEX","電腦及週邊設備業","ec.Hardware","2026-09-13T13:36:04Z","tw_boards|twse:twse_openapi|tpex:mopsfin_t187ap03_O_csv|esb:tpex_openapi_esb"
"6122.TWO","擎邦國際科技工程股份有限公司","TPEX","電機機械","ind.Machinery","2026-09-13T13:36:04Z","tw_boards|twse:twse_openapi|tpex:mopsfin_t187ap03_O_csv|esb:tpex_openapi_esb"
"6123.TWO","上奇科技股份有限公司","TPEX","資訊服務業","ec.Hardware","2026-09-13T13:36:04Z","tw_boards|twse:twse_openapi|tpex:mopsfin_t187ap03_O_csv|esb:tpex_openapi_esb"
"6124.TWO","業強科技股份有限公司","TPEX","電子零組件業","ec.Hardware","2026-09-13T13:36:04Z","tw_boards|twse:twse_openapi|tpex:mopsfin_t187ap03_O_csv|esb:tpex_openapi_esb"
"6125.TWO","廣運機械工程股份有限公司","TPEX","電機機械","ind.Machinery","2026-09-13T13:36:04Z","tw_boards|twse:twse_openapi|tpex:mopsfin_t187ap03_O_csv|esb:tpex_openapi_esb"
"6126.TWO","信音企業股份有限公司","TPEX","電子零組件業","ec.Hardware","2026-09-13T13:36:04Z","tw_boards|twse:twse_openapi|tpex:mopsfin_t187ap03_O_csv|esb:tpex_openapi_esb"
"6127.TWO","九豪精密陶瓷股份有限公司","TPEX","電子零組件業","ec.Hardware","2026-09-13T13:36:04Z","tw_boards|twse:twse_openapi|tpex:mopsfin_t187ap03_O_csv|esb:tpex_openapi_esb"
"6129.TWO","普誠科技股份有限公司","TPEX","半導體業","sc.Foundry","2026-09-13T13:36:04Z","tw_boards|twse:twse_openapi|tpex:mopsfin_t187ap03_O_csv|esb:tpex_openapi_esb"
"6130.TWO","上亞科技股份有限公司","TPEX","生技醫療業","hc.Medtech","2026-09-13T13:36:04Z","tw_boards|twse:twse_openapi|tpex:mopsfin_t187ap03_O_csv|esb:tpex_openapi_esb"
"6134.TWO","萬旭電業股份有限公司","TPEX","電子零組件業","ec.Hardware","2026-09-13T13:36:04Z","tw_boards|twse:twse_openapi|tpex:mopsfin_t187ap03_O_csv|esb:tpex_openapi_esb"
"6138.TWO","茂達電子股份有限公司","TPEX","半導體業","sc.Foundry","2026-09-13T13:36:04Z","tw_boards|twse:twse_openapi|tpex:mopsfin_t187ap03_O_csv|esb:tpex_openapi_esb"
"6140.TWO","訊達電腦股份有限公司","TPEX","資訊服務業","ec.Hardware","2026-09-13T13:36:04Z","tw_boards|twse:twse_openapi|tpex:mopsfin_t187ap03_O_csv|esb:tpex_openapi_esb"
"6143.TWO","振曜科技股份有限公司","TPEX","通信網路業","ec.Hardware","2026-09-13T13:36:04Z","tw_boards|twse:twse_openapi|tpex:mopsfin_t187ap03_O_csv|esb:tpex_openapi_esb"
"6144.TWO","得利影視股份有限公司","TPEX","文化創意業","media.Entertainment","2026-09-13T13:36:04Z","tw_boards|twse:twse_openapi|tpex:mopsfin_t187ap03_O_csv|esb:tpex_openapi_esb"
"6146.TWO","耕興股份有限公司","TPEX","其他電子業","ec.Hardware","2026-09-13T13:36:04Z","tw_boards|twse:twse_openapi|tpex:mopsfin_t187ap03_O_csv|esb:tpex_openapi_esb"
"6147.TWO","頎邦科技股份有限公司","TPEX","半導體業","sc.Foundry","2026-09-13T13:36:04Z","tw_boards|twse:twse_openapi|tpex:mopsfin_t187ap03_O_csv|esb:tpex_openapi_esb"
"6148.TWO","驊宏資通股份有限公司","TPEX","資訊服務業","ec.Hardware","2026-09-13T13:36:04Z","tw_boards|twse:twse_openapi|tpex:mopsfin_t187ap03_O_csv|esb:tpex_openapi_esb"
"6150.TWO","撼訊科技股份有限公司","TPEX","電腦及週邊設備業","ec.Hardware","2026-09-13T13:36:04Z","tw_boards|twse:twse_openapi|tpex:mopsfin_t187ap03_O_csv|esb:tpex_openapi_esb"
"6151.TWO","晉倫科技股份有限公司","TPEX","其他電子業","ec.Hardware","2026-09-13T13:36:04Z","tw_boards|twse:twse_openapi|tpex:mopsfin_t187ap03_O_csv|esb:tpex_openapi_esb"
"6154.TWO","順發電腦股份有限公司","TPEX","電子通路業","lab.Unmapped","2026-09-13T13:36:04Z","tw_boards|twse:twse_openapi|tpex:mopsfin_t187ap03_O_csv|esb:tpex_openapi_esb"
"6156.TWO","松上電子股份有限公司","TPEX","電子零組件業","ec.Hardware","2026-09-13T13:36:04Z","tw_boards|twse:twse_openapi|tpex:mopsfin_t187ap03_O_csv|esb:tpex_openapi_esb"
"6158.TWO","禾昌興業股份有限公司","TPEX","電子零組件業","ec.Hardware","2026-09-13T13:36:04Z","tw_boards|twse:twse_openapi|tpex:mopsfin_t187ap03_O_csv|esb:tpex_openapi_esb"
"6160.TWO","欣技資訊股份有限公司","TPEX","電腦及週邊設備業","ec.Hardware","2026-09-13T13:36:04Z","tw_boards|twse:twse_openapi|tpex:mopsfin_t187ap03_O_csv|esb:tpex_openapi_esb"
"6161.TWO","捷波資訊股份有限公司","TPEX","電腦及週邊設備業","ec.Hardware","2026-09-13T13:36:04Z","tw_boards|twse:twse_openapi|tpex:mopsfin_t187ap03_O_csv|esb:tpex_openapi_esb"
"6163.TWO","華電聯網股份有限公司","TPEX","資訊服務業","ec.Hardware","2026-09-13T13:36:04Z","tw_boards|twse:twse_openapi|tpex:mopsfin_t187ap03_O_csv|esb:tpex_openapi_esb"
"6167.TWO","久正光電股份有限公司","TPEX","光電業","ec.Hardware","2026-09-13T13:36:04Z","tw_boards|twse:twse_openapi|tpex:mopsfin_t187ap03_O_csv|esb:tpex_openapi_esb"
"6169.TWO","昱泉國際股份有限公司","TPEX","文化創意業","media.Entertainment","2026-09-13T13:36:04Z","tw_boards|twse:twse_openapi|tpex:mopsfin_t187ap03_O_csv|esb:tpex_openapi_esb"
"6170.TWO","統振股份有限公司","TPEX","通信網路業","ec.Hardware","2026-09-13T13:36:04Z","tw_boards|twse:twse_openapi|tpex:mopsfin_t187ap03_O_csv|esb:tpex_openapi_esb"
"6171.TWO","大城地產股份有限公司","TPEX","建材營造業","ind.Machinery","2026-09-13T13:36:04Z","tw_boards|twse:twse_openapi|tpex:mopsfin_t187ap03_O_csv|esb:tpex_openapi_esb"
"6173.TWO","信昌電子陶瓷股份有限公司","TPEX","電子零組件業","ec.Hardware","2026-09-13T13:36:04Z","tw_boards|twse:twse_openapi|tpex:mopsfin_t187ap03_O_csv|esb:tpex_openapi_esb"
"6174.TWO","安碁科技股份有限公司","TPEX","電子零組件業","ec.Hardware","2026-09-13T13:36:04Z","tw_boards|twse:twse_openapi|tpex:mopsfin_t187ap03_O_csv|esb:tpex_openapi_esb"
"6175.TWO","立敦科技股份有限公司","TPEX","電子零組件業","ec.Hardware","2026-09-13T13:36:04Z","tw_boards|twse:twse_openapi|tpex:mopsfin_t187ap03_O_csv|esb:tpex_openapi_esb"
"6179.TWO","亞通利大能源股份有限公司","TPEX","其他業","lab.Unmapped","2026-09-13T13:36:04Z","tw_boards|twse:twse_openapi|tpex:mopsfin_t187ap03_O_csv|esb:tpex_openapi_esb"
"6180.TWO","遊戲橘子數位科技股份有限公司","TPEX","文化創意業","media.Entertainment","2026-09-13T13:36:04Z","tw_boards|twse:twse_openapi|tpex:mopsfin_t187ap03_O_csv|esb:tpex_openapi_esb"
"6182.TWO","合晶科技股份有限公司","TPEX","半導體業","sc.Foundry","2026-09-13T13:36:04Z","tw_boards|twse:twse_openapi|tpex:mopsfin_t187ap03_O_csv|esb:tpex_openapi_esb"
"6185.TWO","幃翔精密股份有限公司","TPEX","電子零組件業","ec.Hardware","2026-09-13T13:36:04Z","tw_boards|twse:twse_openapi|tpex:mopsfin_t187ap03_O_csv|esb:tpex_openapi_esb"
"6186.TWO","新潤興業股份有限公司","TPEX","建材營造業","ind.Machinery","2026-09-13T13:36:04Z","tw_boards|twse:twse_openapi|tpex:mopsfin_t187ap03_O_csv|esb:tpex_openapi_esb"
"6187.TWO","萬潤科技股份有限公司","TPEX","半導體業","sc.Foundry","2026-09-13T13:36:04Z","tw_boards|twse:twse_openapi|tpex:mopsfin_t187ap03_O_csv|esb:tpex_openapi_esb"
"6188.TWO","廣明光電股份有限公司","TPEX","電腦及週邊設備業","ec.Hardware","2026-09-13T13:36:04Z","tw_boards|twse:twse_openapi|tpex:mopsfin_t187ap03_O_csv|esb:tpex_openapi_esb"
"6190.TWO","萬泰科技股份有限公司","TPEX","通信網路業","ec.Hardware","2026-09-13T13:36:04Z","tw_boards|twse:twse_openapi|tpex:mopsfin_t187ap03_O_csv|esb:tpex_openapi_esb"
"6194.TWO","育富電子股份有限公司","TPEX","電子零組件業","ec.Hardware","2026-09-13T13:36:04Z","tw_boards|twse:twse_openapi|tpex:mopsfin_t187ap03_O_csv|esb:tpex_openapi_esb"
"6195.TWO","詩肯股份有限公司","TPEX","居家生活","lab.Unmapped","2026-09-13T13:36:04Z","tw_boards|twse:twse_openapi|tpex:mopsfin_t187ap03_O_csv|esb:tpex_openapi_esb"
"6198.TWO","瑞築建設股份有限公司","TPEX","建材營造業","ind.Machinery","2026-09-13T13:36:04Z","tw_boards|twse:twse_openapi|tpex:mopsfin_t187ap03_O_csv|esb:tpex_openapi_esb"
"6199.TWO","天品聯合企業股份有限公司","TPEX","其他業","lab.Unmapped","2026-09-13T13:36:04Z","tw_boards|twse:twse_openapi|tpex:mopsfin_t187ap03_O_csv|esb:tpex_openapi_esb"
"6203.TWO","海韻電子工業股份有限公司","TPEX","電子零組件業","ec.Hardware","2026-09-13T13:36:04Z","tw_boards|twse:twse_openapi|tpex:mopsfin_t187ap03_O_csv|esb:tpex_openapi_esb"
"6204.TWO","台灣艾華電子工業股份有限公司","TPEX","電子零組件業","ec.Hardware","2026-09-13T13:36:04Z","tw_boards|twse:twse_openapi|tpex:mopsfin_t187ap03_O_csv|esb:tpex_openapi_esb"
"6207.TWO","雷科股份有限公司","TPEX","電子零組件業","ec.Hardware","2026-09-13T13:36:04Z","tw_boards|twse:twse_openapi|tpex:mopsfin_t187ap03_O_csv|esb:tpex_openapi_esb"
"6208.TWO","日揚科技股份有限公司","TPEX","半導體業","sc.Foundry","2026-09-13T13:36:04Z","tw_boards|twse:twse_openapi|tpex:mopsfin_t187ap03_O_csv|esb:tpex_openapi_esb"
"6210.TWO","慶生電子股份有限公司","TPEX","電子零組件業","ec.Hardware","2026-09-13T13:36:04Z","tw_boards|twse:twse_openapi|tpex:mopsfin_t187ap03_O_csv|esb:tpex_openapi_esb"
"6212.TWO","理銘開發股份有限公司","TPEX","建材營造業","ind.Machinery","2026-09-13T13:36:04Z","tw_boards|twse:twse_openapi|tpex:mopsfin_t187ap03_O_csv|esb:tpex_openapi_esb"
"6217.TWO","中國探針股份有限公司","TPEX","電子零組件業","ec.Hardware","2026-09-13T13:36:04Z","tw_boards|twse:twse_openapi|tpex:mopsfin_t187ap03_O_csv|esb:tpex_openapi_esb"
"6218.TWO","豪勉科技股份有限公司","TPEX","通信網路業","ec.Hardware","2026-09-13T13:36:04Z","tw_boards|twse:twse_openapi|tpex:mopsfin_t187ap03_O_csv|esb:tpex_openapi_esb"
"6219.TWO","富旺國際開發股份有限公司","TPEX","建材營造業","ind.Machinery","2026-09-13T13:36:04Z","tw_boards|twse:twse_openapi|tpex:mopsfin_t187ap03_O_csv|esb:tpex_openapi_esb"
"6220.TWO","岳豐科技股份有限公司","TPEX","電子零組件業","ec.Hardware","2026-09-13T13:36:04Z","tw_boards|twse:twse_openapi|tpex:mopsfin_t187ap03_O_csv|esb:tpex_openapi_esb"
"6221.TWO","晉泰科技股份有限公司","TPEX","資訊服務業","ec.Hardware","2026-09-13T13:36:04Z","tw_boards|twse:twse_openapi|tpex:mopsfin_t187ap03_O_csv|esb:tpex_openapi_esb"
"6222.TWO","立軒開發建設股份有限公司","TPEX","光電業","ec.Hardware","2026-09-13T13:36:04Z","tw_boards|twse:twse_openapi|tpex:mopsfin_t187ap03_O_csv|esb:tpex_openapi_esb"
"6223.TWO","旺矽科技股份有限公司","TPEX","半導體業","sc.Foundry","2026-09-13T13:36:04Z","tw_boards|twse:twse_openapi|tpex:mopsfin_t187ap03_O_csv|esb:tpex_openapi_esb"
"6227.TWO","茂綸股份有限公司","TPEX","電子通路業","lab.Unmapped","2026-09-13T13:36:04Z","tw_boards|twse:twse_openapi|tpex:mopsfin_t187ap03_O_csv|esb:tpex_openapi_esb"
"6228.TWO","全譜科技股份有限公司","TPEX","電腦及週邊設備業","ec.Hardware","2026-09-13T13:36:04Z","tw_boards|twse:twse_openapi|tpex:mopsfin_t187ap03_O_csv|esb:tpex_openapi_esb"
"6229.TWO","研通科技股份有限公司","TPEX","半導體業","sc.Foundry","2026-09-13T13:36:04Z","tw_boards|twse:twse_openapi|tpex:mopsfin_t187ap03_O_csv|esb:tpex_openapi_esb"
"6231.TWO","系微股份有限公司","TPEX","資訊服務業","ec.Hardware","2026-09-13T13:36:04Z","tw_boards|twse:twse_openapi|tpex:mopsfin_t187ap03_O_csv|esb:tpex_openapi_esb"
"6233.TWO","旺玖科技股份有限公司","TPEX","半導體業","sc.Foundry","2026-09-13T13:36:04Z","tw_boards|twse:twse_openapi|tpex:mopsfin_t187ap03_O_csv|esb:tpex_openapi_esb"
"6234.TWO","高僑自動化科技股份有限公司","TPEX","光電業","ec.Hardware","2026-09-13T13:36:04Z","tw_boards|twse:twse_openapi|tpex:mopsfin_t187ap03_O_csv|esb:tpex_openapi_esb"
"6236.TWO","中湛股份有限公司","TPEX","數位雲端","lab.Unmapped","2026-09-13T13:36:04Z","tw_boards|twse:twse_openapi|tpex:mopsfin_t187ap03_O_csv|esb:tpex_openapi_esb"
"6237.TWO","驊訊電子企業股份有限公司","TPEX","半導體業","sc.Foundry","2026-09-13T13:36:04Z","tw_boards|twse:twse_openapi|tpex:mopsfin_t187ap03_O_csv|esb:tpex_openapi_esb"
"6240.TWO","松崗國際興業股份有限公司","TPEX","資訊服務業","ec.Hardware","2026-09-13T13:36:04Z","tw_boards|twse:twse_openapi|tpex:mopsfin_t187ap03_O_csv|esb:tpex_openapi_esb"
"6241.TWO","鑫永洋科技股份有限公司","TPEX","通信網路業","ec.Hardware","2026-09-13T13:36:04Z","tw_boards|twse:twse_openapi|tpex:mopsfin_t187ap03_O_csv|esb:tpex_openapi_esb"
"6242.TWO","立康生醫事業股份有限公司","TPEX","生技醫療業","hc.Medtech","2026-09-13T13:36:04Z","tw_boards|twse:twse_openapi|tpex:mopsfin_t187ap03_O_csv|esb:tpex_openapi_esb"
"6244.TWO","茂迪股份有限公司","TPEX","光電業","ec.Hardware","2026-09-13T13:36:04Z","tw_boards|twse:twse_openapi|tpex:mopsfin_t187ap03_O_csv|esb:tpex_openapi_esb"
"6245.TWO","立端科技股份有限公司","TPEX","通信網路業","ec.Hardware","2026-09-13T13:36:04Z","tw_boards|twse:twse_openapi|tpex:mopsfin_t187ap03_O_csv|esb:tpex_openapi_esb"
"6246.TWO","臺龍電子股份有限公司","TPEX","光電業","ec.Hardware","2026-09-13T13:36:04Z","tw_boards|twse:twse_openapi|tpex:mopsfin_t187ap03_O_csv|esb:tpex_openapi_esb"
"6248.TWO","沛波鋼鐵股份有限公司","TPEX","鋼鐵工業","mat.Metals_Mining","2026-09-13T13:36:04Z","tw_boards|twse:twse_openapi|tpex:mopsfin_t187ap03_O_csv|esb:tpex_openapi_esb"
"6259.TWO","百徽股份有限公司","TPEX","電子零組件業","ec.Hardware","2026-09-13T13:36:04Z","tw_boards|twse:twse_openapi|tpex:mopsfin_t187ap03_O_csv|esb:tpex_openapi_esb"
"6261.TWO","久元電子股份有限公司","TPEX","半導體業","sc.Foundry","2026-09-13T13:36:04Z","tw_boards|twse:twse_openapi|tpex:mopsfin_t187ap03_O_csv|esb:tpex_openapi_esb"
"6263.TWO","普萊德科技股份有限公司","TPEX","通信網路業","ec.Hardware","2026-09-13T13:36:04Z","tw_boards|twse:twse_openapi|tpex:mopsfin_t187ap03_O_csv|esb:tpex_openapi_esb"
"6264.TWO","富裔實業股份有限公司","TPEX","建材營造業","ind.Machinery","2026-09-13T13:36:04Z","tw_boards|twse:twse_openapi|tpex:mopsfin_t187ap03_O_csv|esb:tpex_openapi_esb"
"6265.TWO","方土昶股份有限公司","TPEX","電子通路業","lab.Unmapped","2026-09-13T13:36:04Z","tw_boards|twse:twse_openapi|tpex:mopsfin_t187ap03_O_csv|esb:tpex_openapi_esb"
"6266.TWO","泰詠電子股份有限公司","TPEX","電子零組件業","ec.Hardware","2026-09-13T13:36:04Z","tw_boards|twse:twse_openapi|tpex:mopsfin_t187ap03_O_csv|esb:tpex_openapi_esb"
"6270.TWO","倍微科技股份有限公司","TPEX","電子通路業","lab.Unmapped","2026-09-13T13:36:04Z","tw_boards|twse:twse_openapi|tpex:mopsfin_t187ap03_O_csv|esb:tpex_openapi_esb"
"6274.TWO","台燿科技股份有限公司","TPEX","電子零組件業","ec.Hardware","2026-09-13T13:36:04Z","tw_boards|twse:twse_openapi|tpex:mopsfin_t187ap03_O_csv|esb:tpex_openapi_esb"
"6275.TWO","元山科技工業股份有限公司","TPEX","電子零組件業","ec.Hardware","2026-09-13T13:36:04Z","tw_boards|twse:twse_openapi|tpex:mopsfin_t187ap03_O_csv|esb:tpex_openapi_esb"
"6276.TWO","安鈦克科技股份有限公司","TPEX","電腦及週邊設備業","ec.Hardware","2026-09-13T13:36:04Z","tw_boards|twse:twse_openapi|tpex:mopsfin_t187ap03_O_csv|esb:tpex_openapi_esb"
"6279.TWO","胡連精密股份有限公司","TPEX","電子零組件業","ec.Hardware","2026-09-13T13:36:04Z","tw_boards|twse:twse_openapi|tpex:mopsfin_t187ap03_O_csv|esb:tpex_openapi_esb"
"6284.TWO","佳邦科技股份有限公司","TPEX","電子零組件業","ec.Hardware","2026-09-13T13:36:04Z","tw_boards|twse:twse_openapi|tpex:mopsfin_t187ap03_O_csv|esb:tpex_openapi_esb"
"6290.TWO","良維科技股份有限公司","TPEX","電子零組件業","ec.Hardware","2026-09-13T13:36:04Z","tw_boards|twse:twse_openapi|tpex:mopsfin_t187ap03_O_csv|esb:tpex_openapi_esb"
"6291.TWO","沛亨半導體股份有限公司","TPEX","半導體業","sc.Foundry","2026-09-13T13:36:04Z","tw_boards|twse:twse_openapi|tpex:mopsfin_t187ap03_O_csv|esb:tpex_openapi_esb"
"6292.TWO","迅德興業股份有限公司","TPEX","電子零組件業","ec.Hardware","2026-09-13T13:36:04Z","tw_boards|twse:twse_openapi|tpex:mopsfin_t187ap03_O_csv|esb:tpex_openapi_esb"
"6294.TWO","智基科技開發股份有限公司","TPEX","文化創意業","media.Entertainment","2026-09-13T13:36:04Z","tw_boards|twse:twse_openapi|tpex:mopsfin_t187ap03_O_csv|esb:tpex_openapi_esb"
"6411.TWO","晶焱科技股份有限公司","TPEX","半導體業","sc.Foundry","2026-09-13T13:36:04Z","tw_boards|twse:twse_openapi|tpex:mopsfin_t187ap03_O_csv|esb:tpex_openapi_esb"
"6417.TWO","韋僑科技股份有限公司","TPEX","通信網路業","ec.Hardware","2026-09-13T13:36:04Z","tw_boards|twse:twse_openapi|tpex:mopsfin_t187ap03_O_csv|esb:tpex_openapi_esb"
"6418.TWO","詠昇電子股份有限公司","TPEX","電子零組件業","ec.Hardware","2026-09-13T13:36:04Z","tw_boards|twse:twse_openapi|tpex:mopsfin_t187ap03_O_csv|esb:tpex_openapi_esb"
"6419.TWO","京晨科技股份有限公司","TPEX","光電業","ec.Hardware","2026-09-13T13:36:04Z","tw_boards|twse:twse_openapi|tpex:mopsfin_t187ap03_O_csv|esb:tpex_openapi_esb"
"6423.TWO","億而得微電子股份有限公司","TPEX","半導體業","sc.Foundry","2026-09-13T13:36:04Z","tw_boards|twse:twse_openapi|tpex:mopsfin_t187ap03_O_csv|esb:tpex_openapi_esb"
"6425.TWO","易發精機股份有限公司","TPEX","電機機械","ind.Machinery","2026-09-13T13:36:04Z","tw_boards|twse:twse_openapi|tpex:mopsfin_t187ap03_O_csv|esb:tpex_openapi_esb"
"6432.TWO","今展科技股份有限公司","TPEX","電子零組件業","ec.Hardware","2026-09-13T13:36:04Z","tw_boards|twse:twse_openapi|tpex:mopsfin_t187ap03_O_csv|esb:tpex_openapi_esb"
"6435.TWO","大中積體電路股份有限公司","TPEX","半導體業","sc.Foundry","2026-09-13T13:36:04Z","tw_boards|twse:twse_openapi|tpex:mopsfin_t187ap03_O_csv|esb:tpex_openapi_esb"
"6441.TWO","廣錠科技股份有限公司","TPEX","電腦及週邊設備業","ec.Hardware","2026-09-13T13:36:04Z","tw_boards|twse:twse_openapi|tpex:mopsfin_t187ap03_O_csv|esb:tpex_openapi_esb"
"6461.TWO","益得生物科技股份有限公司","TPEX","生技醫療業","hc.Medtech","2026-09-13T13:36:04Z","tw_boards|twse:twse_openapi|tpex:mopsfin_t187ap03_O_csv|esb:tpex_openapi_esb"
"6462.TWO","神盾股份有限公司","TPEX","半導體業","sc.Foundry","2026-09-13T13:36:04Z","tw_boards|twse:twse_openapi|tpex:mopsfin_t187ap03_O_csv|esb:tpex_openapi_esb"
"6465.TWO","威潤科技股份有限公司","TPEX","通信網路業","ec.Hardware","2026-09-13T13:36:04Z","tw_boards|twse:twse_openapi|tpex:mopsfin_t187ap03_O_csv|esb:tpex_openapi_esb"
"6469.TWO","大樹醫藥股份有限公司","TPEX","生技醫療業","hc.Medtech","2026-09-13T13:36:04Z","tw_boards|twse:twse_openapi|tpex:mopsfin_t187ap03_O_csv|esb:tpex_openapi_esb"
"6470.TWO","宇智網通股份有限公司","TPEX","通信網路業","ec.Hardware","2026-09-13T13:36:04Z","tw_boards|twse:twse_openapi|tpex:mopsfin_t187ap03_O_csv|esb:tpex_openapi_esb"
"6474.TWO","華豫寧股份有限公司","TPEX","電子通路業","lab.Unmapped","2026-09-13T13:36:04Z","tw_boards|twse:twse_openapi|tpex:mopsfin_t187ap03_O_csv|esb:tpex_openapi_esb"
"6482.TWO","弘煜科技事業股份有限公司","TPEX","文化創意業","media.Entertainment","2026-09-13T13:36:04Z","tw_boards|twse:twse_openapi|tpex:mopsfin_t187ap03_O_csv|esb:tpex_openapi_esb"
"6485.TWO","點序科技股份有限公司","TPEX","半導體業","sc.Foundry","2026-09-13T13:36:04Z","tw_boards|twse:twse_openapi|tpex:mopsfin_t187ap03_O_csv|esb:tpex_openapi_esb"
"6486.TWO","互動國際數位股份有限公司","TPEX","通信網路業","ec.Hardware","2026-09-13T13:36:04Z","tw_boards|twse:twse_openapi|tpex:mopsfin_t187ap03_O_csv|esb:tpex_openapi_esb"
"6488.TWO","環球晶圓股份有限公司","TPEX","半導體業","sc.Foundry","2026-09-13T13:36:04Z","tw_boards|twse:twse_openapi|tpex:mopsfin_t187ap03_O_csv|esb:tpex_openapi_esb"
"6492.TWO","生華生物科技股份有限公司","TPEX","生技醫療業","hc.Medtech","2026-09-13T13:36:04Z","tw_boards|twse:twse_openapi|tpex:mopsfin_t187ap03_O_csv|esb:tpex_openapi_esb"
"6494.TWO","九齊科技股份有限公司","TPEX","半導體業","sc.Foundry","2026-09-13T13:36:04Z","tw_boards|twse:twse_openapi|tpex:mopsfin_t187ap03_O_csv|esb:tpex_openapi_esb"
"6496.TWO","科懋生物科技股份有限公司","TPEX","生技醫療業","hc.Medtech","2026-09-13T13:36:04Z","tw_boards|twse:twse_openapi|tpex:mopsfin_t187ap03_O_csv|esb:tpex_openapi_esb"
"6498.TWO","久禾光電股份有限公司","TPEX","光電業","ec.Hardware","2026-09-13T13:36:04Z","tw_boards|twse:twse_openapi|tpex:mopsfin_t187ap03_O_csv|esb:tpex_openapi_esb"
"6499.TWO","益安生醫股份有限公司","TPEX","生技醫療業","hc.Medtech","2026-09-13T13:36:04Z","tw_boards|twse:twse_openapi|tpex:mopsfin_t187ap03_O_csv|esb:tpex_openapi_esb"
"6506.TWO","雙邦實業股份有限公司","TPEX","紡織纖維","lab.Unmapped","2026-09-13T13:36:04Z","tw_boards|twse:twse_openapi|tpex:mopsfin_t187ap03_O_csv|esb:tpex_openapi_esb"
"6508.TWO","惠光股份有限公司","TPEX","農業科技業","lab.Unmapped","2026-09-13T13:36:04Z","tw_boards|twse:twse_openapi|tpex:mopsfin_t187ap03_O_csv|esb:tpex_openapi_esb"
"6509.TWO","聚和國際股份有限公司","TPEX","化學工業","mat.Chemicals","2026-09-13T13:36:04Z","tw_boards|twse:twse_openapi|tpex:mopsfin_t187ap03_O_csv|esb:tpex_openapi_esb"
"6510.TWO","中華精測科技股份有限公司","TPEX","半導體業","sc.Foundry","2026-09-13T13:36:04Z","tw_boards|twse:twse_openapi|tpex:mopsfin_t187ap03_O_csv|esb:tpex_openapi_esb"
"6512.TWO","啟發電子股份有限公司","TPEX","其他電子業","ec.Hardware","2026-09-13T13:36:04Z","tw_boards|twse:twse_openapi|tpex:mopsfin_t187ap03_O_csv|esb:tpex_openapi_esb"
"6516.TWO","勤崴國際科技股份有限公司","TPEX","資訊服務業","ec.Hardware","2026-09-13T13:36:04Z","tw_boards|twse:twse_openapi|tpex:mopsfin_t187ap03_O_csv|esb:tpex_openapi_esb"
"6517.TWO","保勝光學股份有限公司","TPEX","光電業","ec.Hardware","2026-09-13T13:36:04Z","tw_boards|twse:twse_openapi|tpex:mopsfin_t187ap03_O_csv|esb:tpex_openapi_esb"
"6523.TWO","達爾膚生醫科技股份有限公司","TPEX","生技醫療業","hc.Medtech","2026-09-13T13:36:04Z","tw_boards|twse:twse_openapi|tpex:mopsfin_t187ap03_O_csv|esb:tpex_openapi_esb"
"6527.TWO","明達醫學科技股份有限公司","TPEX","生技醫療業","hc.Medtech","2026-09-13T13:36:04Z","tw_boards|twse:twse_openapi|tpex:mopsfin_t187ap03_O_csv|esb:tpex_openapi_esb"
"6530.TWO","創威光電股份有限公司","TPEX","通信網路業","ec.Hardware","2026-09-13T13:36:04Z","tw_boards|twse:twse_openapi|tpex:mopsfin_t187ap03_O_csv|esb:tpex_openapi_esb"
"6532.TWO","瑞耘科技股份有限公司","TPEX","半導體業","sc.Foundry","2026-09-13T13:36:04Z","tw_boards|twse:twse_openapi|tpex:mopsfin_t187ap03_O_csv|esb:tpex_openapi_esb"
"6535.TWO","順天醫藥生技股份有限公司","TPEX","生技醫療業","hc.Medtech","2026-09-13T13:36:04Z","tw_boards|twse:twse_openapi|tpex:mopsfin_t187ap03_O_csv|esb:tpex_openapi_esb"
"6538.TWO","倉和股份有限公司","TPEX","電子零組件業","ec.Hardware","2026-09-13T13:36:04Z","tw_boards|twse:twse_openapi|tpex:mopsfin_t187ap03_O_csv|esb:tpex_openapi_esb"
"6542.TWO","隆中網絡股份有限公司","TPEX","文化創意業","media.Entertainment","2026-09-13T13:36:04Z","tw_boards|twse:twse_openapi|tpex:mopsfin_t187ap03_O_csv|esb:tpex_openapi_esb"
"6546.TWO","正基科技股份有限公司","TPEX","通信網路業","ec.Hardware","2026-09-13T13:36:04Z","tw_boards|twse:twse_openapi|tpex:mopsfin_t187ap03_O_csv|esb:tpex_openapi_esb"
"6547.TWO","高端疫苗生物製劑股份有限公司","TPEX","生技醫療業","hc.Medtech","2026-09-13T13:36:04Z","tw_boards|twse:twse_openapi|tpex:mopsfin_t187ap03_O_csv|esb:tpex_openapi_esb"
"6548.TWO","長華科技股份有限公司","TPEX","半導體業","sc.Foundry","2026-09-13T13:36:04Z","tw_boards|twse:twse_openapi|tpex:mopsfin_t187ap03_O_csv|esb:tpex_openapi_esb"
"6556.TWO","勝品電通股份有限公司","TPEX","光電業","ec.Hardware","2026-09-13T13:36:04Z","tw_boards|twse:twse_openapi|tpex:mopsfin_t187ap03_O_csv|esb:tpex_openapi_esb"
"6560.TWO","欣普羅光電股份有限公司","TPEX","光電業","ec.Hardware","2026-09-13T13:36:04Z","tw_boards|twse:twse_openapi|tpex:mopsfin_t187ap03_O_csv|esb:tpex_openapi_esb"
"6561.TWO","是方電訊股份有限公司","TPEX","通信網路業","ec.Hardware","2026-09-13T13:36:04Z","tw_boards|twse:twse_openapi|tpex:mopsfin_t187ap03_O_csv|esb:tpex_openapi_esb"
"6568.TWO","宏觀微電子股份有限公司","TPEX","半導體業","sc.Foundry","2026-09-13T13:36:04Z","tw_boards|twse:twse_openapi|tpex:mopsfin_t187ap03_O_csv|esb:tpex_openapi_esb"
"6569.TWO","醫揚科技股份有限公司","TPEX","生技醫療業","hc.Medtech","2026-09-13T13:36:04Z","tw_boards|twse:twse_openapi|tpex:mopsfin_t187ap03_O_csv|esb:tpex_openapi_esb"
"6570.TWO","維田科技股份有限公司","TPEX","電腦及週邊設備業","ec.Hardware","2026-09-13T13:36:04Z","tw_boards|twse:twse_openapi|tpex:mopsfin_t187ap03_O_csv|esb:tpex_openapi_esb"
"6574.TWO","霈方國際股份有限公司","TPEX","生技醫療業","hc.Medtech","2026-09-13T13:36:04Z","tw_boards|twse:twse_openapi|tpex:mopsfin_t187ap03_O_csv|esb:tpex_openapi_esb"
"6576.TWO","逸達生物科技股份有限公司","TPEX","生技醫療業","hc.Medtech","2026-09-13T13:36:04Z","tw_boards|twse:twse_openapi|tpex:mopsfin_t187ap03_O_csv|esb:tpex_openapi_esb"
"6577.TWO","勁豐電子股份有限公司","TPEX","電腦及週邊設備業","ec.Hardware","2026-09-13T13:36:04Z","tw_boards|twse:twse_openapi|tpex:mopsfin_t187ap03_O_csv|esb:tpex_openapi_esb"
"6578.TWO","達邦蛋白生技股份有限公司","TPEX","農業科技業","lab.Unmapped","2026-09-13T13:36:04Z","tw_boards|twse:twse_openapi|tpex:mopsfin_t187ap03_O_csv|esb:tpex_openapi_esb"
"6584.TWO","南俊國際股份有限公司","TPEX","電子零組件業","ec.Hardware","2026-09-13T13:36:04Z","tw_boards|twse:twse_openapi|tpex:mopsfin_t187ap03_O_csv|esb:tpex_openapi_esb"
"6588.TWO","東典光電科技股份有限公司","TPEX","通信網路業","ec.Hardware","2026-09-13T13:36:04Z","tw_boards|twse:twse_openapi|tpex:mopsfin_t187ap03_O_csv|esb:tpex_openapi_esb"
"6590.TWO","普鴻資訊股份有限公司","TPEX","資訊服務業","ec.Hardware","2026-09-13T13:36:04Z","tw_boards|twse:twse_openapi|tpex:mopsfin_t187ap03_O_csv|esb:tpex_openapi_esb"
"6593.TWO","台灣銘板股份有限公司","TPEX","資訊服務業","ec.Hardware","2026-09-13T13:36:04Z","tw_boards|twse:twse_openapi|tpex:mopsfin_t187ap03_O_csv|esb:tpex_openapi_esb"
"6596.TWO","寬宏藝術經紀股份有限公司","TPEX","文化創意業","media.Entertainment","2026-09-13T13:36:04Z","tw_boards|twse:twse_openapi|tpex:mopsfin_t187ap03_O_csv|esb:tpex_openapi_esb"
"6597.TWO","立誠光電股份有限公司","TPEX","電子零組件業","ec.Hardware","2026-09-13T13:36:04Z","tw_boards|twse:twse_openapi|tpex:mopsfin_t187ap03_O_csv|esb:tpex_openapi_esb"
"6603.TWO","富強鑫精密工業股份有限公司","TPEX","電機機械","ind.Machinery","2026-09-13T13:36:04Z","tw_boards|twse:twse_openapi|tpex:mopsfin_t187ap03_O_csv|esb:tpex_openapi_esb"
"6609.TWO","台灣瀧澤科技股份有限公司","TPEX","電機機械","ind.Machinery","2026-09-13T13:36:04Z","tw_boards|twse:twse_openapi|tpex:mopsfin_t187ap03_O_csv|esb:tpex_openapi_esb"
"6612.TWO","應用奈米醫材科技股份有限公司","TPEX","生技醫療業","hc.Medtech","2026-09-13T13:36:04Z","tw_boards|twse:twse_openapi|tpex:mopsfin_t187ap03_O_csv|esb:tpex_openapi_esb"
"6613.TWO","朋億股份有限公司","TPEX","其他電子業","ec.Hardware","2026-09-13T13:36:04Z","tw_boards|twse:twse_openapi|tpex:mopsfin_t187ap03_O_csv|esb:tpex_openapi_esb"
"6615.TWO","慧智基因股份有限公司","TPEX","生技醫療業","hc.Medtech","2026-09-13T13:36:04Z","tw_boards|twse:twse_openapi|tpex:mopsfin_t187ap03_O_csv|esb:tpex_openapi_esb"
"6616.TWO","特昇國際股份有限公司","TPEX","居家生活","lab.Unmapped","2026-09-13T13:36:04Z","tw_boards|twse:twse_openapi|tpex:mopsfin_t187ap03_O_csv|esb:tpex_openapi_esb"
"6617.TWO","共信醫藥科技控股股份有限公司","TPEX","生技醫療業","hc.Medtech","2026-09-13T13:36:04Z","tw_boards|twse:twse_openapi|tpex:mopsfin_t187ap03_O_csv|esb:tpex_openapi_esb"
"6620.TWO","漢達生技醫藥股份有限公司","TPEX","生技醫療業","hc.Medtech","2026-09-13T13:36:04Z","tw_boards|twse:twse_openapi|tpex:mopsfin_t187ap03_O_csv|esb:tpex_openapi_esb"
"6624.TWO","萬年清環境工程股份有限公司","TPEX","綠能環保","lab.Unmapped","2026-09-13T13:36:04Z","tw_boards|twse:twse_openapi|tpex:mopsfin_t187ap03_O_csv|esb:tpex_openapi_esb"
"6629.TWO","泰金投資控股股份有限公司","TPEX","居家生活","lab.Unmapped","2026-09-13T13:36:04Z","tw_boards|twse:twse_openapi|tpex:mopsfin_t187ap03_O_csv|esb:tpex_openapi_esb"
"6637.TWO","醫影股份有限公司","TPEX","生技醫療業","hc.Medtech","2026-09-13T13:36:04Z","tw_boards|twse:twse_openapi|tpex:mopsfin_t187ap03_O_csv|esb:tpex_openapi_esb"
"6640.TWO","均華精密工業股份有限公司","TPEX","半導體業","sc.Foundry","2026-09-13T13:36:04Z","tw_boards|twse:twse_openapi|tpex:mopsfin_t187ap03_O_csv|esb:tpex_openapi_esb"
"6642.TWO","富致科技股份有限公司","TPEX","電子零組件業","ec.Hardware","2026-09-13T13:36:04Z","tw_boards|twse:twse_openapi|tpex:mopsfin_t187ap03_O_csv|esb:tpex_openapi_esb"
"6643.TWO","&#20870;星科技股份有限公司","TPEX","半導體業","sc.Foundry","2026-09-13T13:36:04Z","tw_boards|twse:twse_openapi|tpex:mopsfin_t187ap03_O_csv|esb:tpex_openapi_esb"
"6649.TWO","台灣生醫材料股份有限公司","TPEX","生技醫療業","hc.Medtech","2026-09-13T13:36:04Z","tw_boards|twse:twse_openapi|tpex:mopsfin_t187ap03_O_csv|esb:tpex_openapi_esb"
"6651.TWO","全宇昕科技股份有限公司","TPEX","半導體業","sc.Foundry","2026-09-13T13:36:04Z","tw_boards|twse:twse_openapi|tpex:mopsfin_t187ap03_O_csv|esb:tpex_openapi_esb"
"6654.TWO","天正國際精密機械股份有限公司","TPEX","其他電子業","ec.Hardware","2026-09-13T13:36:04Z","tw_boards|twse:twse_openapi|tpex:mopsfin_t187ap03_O_csv|esb:tpex_openapi_esb"
"6661.TWO","威健股份有限公司","TPEX","生技醫療業","hc.Medtech","2026-09-13T13:36:04Z","tw_boards|twse:twse_openapi|tpex:mopsfin_t187ap03_O_csv|esb:tpex_openapi_esb"
"6662.TWO","樂斯科生物科技股份有限公司","TPEX","生技醫療業","hc.Medtech","2026-09-13T13:36:04Z","tw_boards|twse:twse_openapi|tpex:mopsfin_t187ap03_O_csv|esb:tpex_openapi_esb"
"6664.TWO","群翊工業股份有限公司","TPEX","電子零組件業","ec.Hardware","2026-09-13T13:36:04Z","tw_boards|twse:twse_openapi|tpex:mopsfin_t187ap03_O_csv|esb:tpex_openapi_esb"
"6667.TWO","信紘科技股份有限公司","TPEX","其他電子業","ec.Hardware","2026-09-13T13:36:04Z","tw_boards|twse:twse_openapi|tpex:mopsfin_t187ap03_O_csv|esb:tpex_openapi_esb"
"6679.TWO","鈺太科技股份有限公司","TPEX","半導體業","sc.Foundry","2026-09-13T13:36:04Z","tw_boards|twse:twse_openapi|tpex:mopsfin_t187ap03_O_csv|esb:tpex_openapi_esb"
"6680.TWO","鑫創電子股份有限公司","TPEX","電腦及週邊設備業","ec.Hardware","2026-09-13T13:36:04Z","tw_boards|twse:twse_openapi|tpex:mopsfin_t187ap03_O_csv|esb:tpex_openapi_esb"
"6683.TWO","雍智科技股份有限公司","TPEX","半導體業","sc.Foundry","2026-09-13T13:36:04Z","tw_boards|twse:twse_openapi|tpex:mopsfin_t187ap03_O_csv|esb:tpex_openapi_esb"
"6684.TWO","安格科技股份有限公司","TPEX","半導體業","sc.Foundry","2026-09-13T13:36:04Z","tw_boards|twse:twse_openapi|tpex:mopsfin_t187ap03_O_csv|esb:tpex_openapi_esb"
"6690.TWO","安碁資訊股份有限公司","TPEX","數位雲端","lab.Unmapped","2026-09-13T13:36:04Z","tw_boards|twse:twse_openapi|tpex:mopsfin_t187ap03_O_csv|esb:tpex_openapi_esb"
"6692.TWO","進金生能源服務股份有限公司","TPEX","綠能環保","lab.Unmapped","2026-09-13T13:36:04Z","tw_boards|twse:twse_openapi|tpex:mopsfin_t187ap03_O_csv|esb:tpex_openapi_esb"
"6693.TWO","廣閎科技股份有限公司","TPEX","半導體業","sc.Foundry","2026-09-13T13:36:04Z","tw_boards|twse:twse_openapi|tpex:mopsfin_t187ap03_O_csv|esb:tpex_openapi_esb"
"6697.TWO","東捷資訊服務股份有限公司","TPEX","資訊服務業","ec.Hardware","2026-09-13T13:36:04Z","tw_boards|twse:twse_openapi|tpex:mopsfin_t187ap03_O_csv|esb:tpex_openapi_esb"
"6703.TWO","軒郁國際股份有限公司","TPEX","生技醫療業","hc.Medtech","2026-09-13T13:36:04Z","tw_boards|twse:twse_openapi|tpex:mopsfin_t187ap03_O_csv|esb:tpex_openapi_esb"
"6708.TWO","天擎積體電路股份有限公司","TPEX","半導體業","sc.Foundry","2026-09-13T13:36:04Z","tw_boards|twse:twse_openapi|tpex:mopsfin_t187ap03_O_csv|esb:tpex_openapi_esb"
"6712.TWO","長聖國際生技股份有限公司","TPEX","生技醫療業","hc.Medtech","2026-09-13T13:36:04Z","tw_boards|twse:twse_openapi|tpex:mopsfin_t187ap03_O_csv|esb:tpex_openapi_esb"
"6716.TWO","應廣科技股份有限公司","TPEX","半導體業","sc.Foundry","2026-09-13T13:36:04Z","tw_boards|twse:twse_openapi|tpex:mopsfin_t187ap03_O_csv|esb:tpex_openapi_esb"
"6720.TWO","久昌科技股份有限公司","TPEX","半導體業","sc.Foundry","2026-09-13T13:36:04Z","tw_boards|twse:twse_openapi|tpex:mopsfin_t187ap03_O_csv|esb:tpex_openapi_esb"
"6721.TWO","信實保全股份有限公司","TPEX","其他業","lab.Unmapped","2026-09-13T13:36:04Z","tw_boards|twse:twse_openapi|tpex:mopsfin_t187ap03_O_csv|esb:tpex_openapi_esb"
"6725.TWO","台灣矽科宏晟科技股份有限公司","TPEX","其他電子業","ec.Hardware","2026-09-13T13:36:04Z","tw_boards|twse:twse_openapi|tpex:mopsfin_t187ap03_O_csv|esb:tpex_openapi_esb"
"6727.TWO","亞泰金屬工業股份有限公司","TPEX","電子零組件業","ec.Hardware","2026-09-13T13:36:04Z","tw_boards|twse:twse_openapi|tpex:mopsfin_t187ap03_O_csv|esb:tpex_openapi_esb"
"6728.TWO","上洋產業股份有限公司","TPEX","居家生活","lab.Unmapped","2026-09-13T13:36:04Z","tw_boards|twse:twse_openapi|tpex:mopsfin_t187ap03_O_csv|esb:tpex_openapi_esb"
"6730.TWO","常廣股份有限公司","TPEX","生技醫療業","hc.Medtech","2026-09-13T13:36:04Z","tw_boards|twse:twse_openapi|tpex:mopsfin_t187ap03_O_csv|esb:tpex_openapi_esb"
"6732.TWO","昇佳電子股份有限公司","TPEX","半導體業","sc.Foundry","2026-09-13T13:36:04Z","tw_boards|twse:twse_openapi|tpex:mopsfin_t187ap03_O_csv|esb:tpex_openapi_esb"
"6733.TWO","博晟生醫股份有限公司","TPEX","生技醫療業","hc.Medtech","2026-09-13T13:36:04Z","tw_boards|twse:twse_openapi|tpex:mopsfin_t187ap03_O_csv|esb:tpex_openapi_esb"
"6735.TWO","美達科技股份有限公司","TPEX","其他電子業","ec.Hardware","2026-09-13T13:36:04Z","tw_boards|twse:twse_openapi|tpex:mopsfin_t187ap03_O_csv|esb:tpex_openapi_esb"
"6739.TWO","竹陞科技股份有限公司","TPEX","其他電子業","ec.Hardware","2026-09-13T13:36:04Z","tw_boards|twse:twse_openapi|tpex:mopsfin_t187ap03_O_csv|esb:tpex_openapi_esb"
"6741.TWO","91APP, Inc.","TPEX","數位雲端","lab.Unmapped","2026-09-13T13:36:04Z","tw_boards|twse:twse_openapi|tpex:mopsfin_t187ap03_O_csv|esb:tpex_openapi_esb"
"6751.TWO","智聯服務股份有限公司","TPEX","資訊服務業","ec.Hardware","2026-09-13T13:36:04Z","tw_boards|twse:twse_openapi|tpex:mopsfin_t187ap03_O_csv|esb:tpex_openapi_esb"
"6752.TWO","叡揚資訊股份有限公司","TPEX","資訊服務業","ec.Hardware","2026-09-13T13:36:04Z","tw_boards|twse:twse_openapi|tpex:mopsfin_t187ap03_O_csv|esb:tpex_openapi_esb"
"6761.TWO","穩得實業股份有限公司","TPEX","電子零組件業","ec.Hardware","2026-09-13T13:36:04Z","tw_boards|twse:twse_openapi|tpex:mopsfin_t187ap03_O_csv|esb:tpex_openapi_esb"
"6762.TWO","達亞國際股份有限公司","TPEX","生技醫療業","hc.Medtech","2026-09-13T13:36:04Z","tw_boards|twse:twse_openapi|tpex:mopsfin_t187ap03_O_csv|esb:tpex_openapi_esb"
"6763.TWO","綠界科技股份有限公司","TPEX","數位雲端","lab.Unmapped","2026-09-13T13:36:04Z","tw_boards|twse:twse_openapi|tpex:mopsfin_t187ap03_O_csv|esb:tpex_openapi_esb"
"6767.TWO","台灣微創醫療器材股份有限公司","TPEX","生技醫療業","hc.Medtech","2026-09-13T13:36:04Z","tw_boards|twse:twse_openapi|tpex:mopsfin_t187ap03_O_csv|esb:tpex_openapi_esb"
"6785.TWO","昱展新藥生技股份有限公司","TPEX","生技醫療業","hc.Medtech","2026-09-13T13:36:04Z","tw_boards|twse:twse_openapi|tpex:mopsfin_t187ap03_O_csv|esb:tpex_openapi_esb"
"6788.TWO","華景電通股份有限公司","TPEX","半導體業","sc.Foundry","2026-09-13T13:36:04Z","tw_boards|twse:twse_openapi|tpex:mopsfin_t187ap03_O_csv|esb:tpex_openapi_esb"
"6791.TWO","虎門科技股份有限公司","TPEX","資訊服務業","ec.Hardware","2026-09-13T13:36:04Z","tw_boards|twse:twse_openapi|tpex:mopsfin_t187ap03_O_csv|esb:tpex_openapi_esb"
"6803.TWO","崑鼎綠能環保股份有限公司","TPEX","綠能環保","lab.Unmapped","2026-09-13T13:36:04Z","tw_boards|twse:twse_openapi|tpex:mopsfin_t187ap03_O_csv|esb:tpex_openapi_esb"
"6804.TWO","明係事業股份有限公司","TPEX","運動休閒","lab.Unmapped","2026-09-13T13:36:04Z","tw_boards|twse:twse_openapi|tpex:mopsfin_t187ap03_O_csv|esb:tpex_openapi_esb"
"6811.TWO","宏碁資訊服務股份有限公司","TPEX","數位雲端","lab.Unmapped","2026-09-13T13:36:04Z","tw_boards|twse:twse_openapi|tpex:mopsfin_t187ap03_O_csv|esb:tpex_openapi_esb"
"6821.TWO","聯寶電子股份有限公司","TPEX","電子零組件業","ec.Hardware","2026-09-13T13:36:04Z","tw_boards|twse:twse_openapi|tpex:mopsfin_t187ap03_O_csv|esb:tpex_openapi_esb"
"6823.TWO","濾能股份有限公司","TPEX","半導體業","sc.Foundry","2026-09-13T13:36:04Z","tw_boards|twse:twse_openapi|tpex:mopsfin_t187ap03_O_csv|esb:tpex_openapi_esb"
"6829.TWO","千附精密股份有限公司","TPEX","半導體業","sc.Foundry","2026-09-13T13:36:04Z","tw_boards|twse:twse_openapi|tpex:mopsfin_t187ap03_O_csv|esb:tpex_openapi_esb"
"6840.TWO","東研信超股份有限公司","TPEX","其他電子業","ec.Hardware","2026-09-13T13:36:04Z","tw_boards|twse:twse_openapi|tpex:mopsfin_t187ap03_O_csv|esb:tpex_openapi_esb"
"6841.TWO","長佳智能股份有限公司","TPEX","生技醫療業","hc.Medtech","2026-09-13T13:36:04Z","tw_boards|twse:twse_openapi|tpex:mopsfin_t187ap03_O_csv|esb:tpex_openapi_esb"
"6843.TWO","進典工業股份有限公司","TPEX","電機機械","ind.Machinery","2026-09-13T13:36:04Z","tw_boards|twse:twse_openapi|tpex:mopsfin_t187ap03_O_csv|esb:tpex_openapi_esb"
"6844.TWO","諾貝兒寶貝股份有限公司","TPEX","生技醫療業","hc.Medtech","2026-09-13T13:36:04Z","tw_boards|twse:twse_openapi|tpex:mopsfin_t187ap03_O_csv|esb:tpex_openapi_esb"
"6846.TWO","綠茵生技股份有限公司","TPEX","食品工業","fmcg.Food_Beverages","2026-09-13T13:36:04Z","tw_boards|twse:twse_openapi|tpex:mopsfin_t187ap03_O_csv|esb:tpex_openapi_esb"
"6855.TWO","數泓科技股份有限公司","TPEX","其他電子業","ec.Hardware","2026-09-13T13:36:04Z","tw_boards|twse:twse_openapi|tpex:mopsfin_t187ap03_O_csv|esb:tpex_openapi_esb"
"6856.TWO","鑫傳國際多媒體科技股份有限公司","TPEX","文化創意業","media.Entertainment","2026-09-13T13:36:04Z","tw_boards|twse:twse_openapi|tpex:mopsfin_t187ap03_O_csv|esb:tpex_openapi_esb"
"6859.TWO","伯特光電股份有限公司","TPEX","光電業","ec.Hardware","2026-09-13T13:36:04Z","tw_boards|twse:twse_openapi|tpex:mopsfin_t187ap03_O_csv|esb:tpex_openapi_esb"
"6865.TWO","偉康科技股份有限公司","TPEX","數位雲端","lab.Unmapped","2026-09-13T13:36:04Z","tw_boards|twse:twse_openapi|tpex:mopsfin_t187ap03_O_csv|esb:tpex_openapi_esb"
"6870.TWO","騰雲科技服務股份有限公司","TPEX","數位雲端","lab.Unmapped","2026-09-13T13:36:04Z","tw_boards|twse:twse_openapi|tpex:mopsfin_t187ap03_O_csv|esb:tpex_openapi_esb"
"6872.TWO","浩宇生醫股份有限公司","TPEX","生技醫療業","hc.Medtech","2026-09-13T13:36:04Z","tw_boards|twse:twse_openapi|tpex:mopsfin_t187ap03_O_csv|esb:tpex_openapi_esb"
"6874.TWO","倍力資訊股份有限公司","TPEX","資訊服務業","ec.Hardware","2026-09-13T13:36:04Z","tw_boards|twse:twse_openapi|tpex:mopsfin_t187ap03_O_csv|esb:tpex_openapi_esb"
"6875.TWO","國邑藥品科技股份有限公司","TPEX","生技醫療業","hc.Medtech","2026-09-13T13:36:04Z","tw_boards|twse:twse_openapi|tpex:mopsfin_t187ap03_O_csv|esb:tpex_openapi_esb"
"6877.TWO","鏵友益科技股份有限公司","TPEX","其他電子業","ec.Hardware","2026-09-13T13:36:04Z","tw_boards|twse:twse_openapi|tpex:mopsfin_t187ap03_O_csv|esb:tpex_openapi_esb"
"6881.TWO","潤德室內裝修設計工程(股)公司","TPEX","其他業","lab.Unmapped","2026-09-13T13:36:04Z","tw_boards|twse:twse_openapi|tpex:mopsfin_t187ap03_O_csv|esb:tpex_openapi_esb"
"6884.TWO","海柏特股份有限公司","TPEX","資訊服務業","ec.Hardware","2026-09-13T13:36:04Z","tw_boards|twse:twse_openapi|tpex:mopsfin_t187ap03_O_csv|esb:tpex_openapi_esb"
"6894.TWO","衛司特科技股份有限公司","TPEX","綠能環保","lab.Unmapped","2026-09-13T13:36:04Z","tw_boards|twse:twse_openapi|tpex:mopsfin_t187ap03_O_csv|esb:tpex_openapi_esb"
"6895.TWO","宏碩系統股份有限公司","TPEX","半導體業","sc.Foundry","2026-09-13T13:36:04Z","tw_boards|twse:twse_openapi|tpex:mopsfin_t187ap03_O_csv|esb:tpex_openapi_esb"
"6899.TWO","創為精密材料股份有限公司","TPEX","光電業","ec.Hardware","2026-09-13T13:36:04Z","tw_boards|twse:twse_openapi|tpex:mopsfin_t187ap03_O_csv|esb:tpex_openapi_esb"
"6903.TWO","巨漢系統科技股份有限公司","TPEX","其他電子業","ec.Hardware","2026-09-13T13:36:04Z","tw_boards|twse:twse_openapi|tpex:mopsfin_t187ap03_O_csv|esb:tpex_openapi_esb"
"6904.TWO","伯鑫工具股份有限公司","TPEX","其他業","lab.Unmapped","2026-09-13T13:36:04Z","tw_boards|twse:twse_openapi|tpex:mopsfin_t187ap03_O_csv|esb:tpex_openapi_esb"
"6907.TWO","雅特力科技(開曼)股份有限公司","TPEX","半導體業","sc.Foundry","2026-09-13T13:36:04Z","tw_boards|twse:twse_openapi|tpex:mopsfin_t187ap03_O_csv|esb:tpex_openapi_esb"
"6910.TWO","德鴻科技股份有限公司","TPEX","數位雲端","lab.Unmapped","2026-09-13T13:36:04Z","tw_boards|twse:twse_openapi|tpex:mopsfin_t187ap03_O_csv|esb:tpex_openapi_esb"
"6913.TWO","鴻呈實業股份有限公司","TPEX","電子零組件業","ec.Hardware","2026-09-13T13:36:04Z","tw_boards|twse:twse_openapi|tpex:mopsfin_t187ap03_O_csv|esb:tpex_openapi_esb"
"6922.TWO","宸曜科技股份有限公司","TPEX","電腦及週邊設備業","ec.Hardware","2026-09-13T13:36:04Z","tw_boards|twse:twse_openapi|tpex:mopsfin_t187ap03_O_csv|esb:tpex_openapi_esb"
"6925.TWO","意藍資訊股份有限公司","TPEX","數位雲端","lab.Unmapped","2026-09-13T13:36:04Z","tw_boards|twse:twse_openapi|tpex:mopsfin_t187ap03_O_csv|esb:tpex_openapi_esb"
"6929.TWO","佑全藥品股份有限公司","TPEX","生技醫療業","hc.Medtech","2026-09-13T13:36:04Z","tw_boards|twse:twse_openapi|tpex:mopsfin_t187ap03_O_csv|esb:tpex_openapi_esb"
"6945.TWO","圓祥生技股份有限公司","TPEX","生技醫療業","hc.Medtech","2026-09-13T13:36:04Z","tw_boards|twse:twse_openapi|tpex:mopsfin_t187ap03_O_csv|esb:tpex_openapi_esb"
"6953.TWO","家碩科技股份有限公司","TPEX","半導體業","sc.Foundry","2026-09-13T13:36:04Z","tw_boards|twse:twse_openapi|tpex:mopsfin_t187ap03_O_csv|esb:tpex_openapi_esb"
"6961.TWO","旅天下聯合國際旅行社(股)公司","TPEX","觀光餐旅","retail.Brick_Mortar","2026-09-13T13:36:04Z","tw_boards|twse:twse_openapi|tpex:mopsfin_t187ap03_O_csv|esb:tpex_openapi_esb"
"6967.TWO","汎瑋材料科技股份有限公司","TPEX","電子零組件業","ec.Hardware","2026-09-13T13:36:04Z","tw_boards|twse:twse_openapi|tpex:mopsfin_t187ap03_O_csv|esb:tpex_openapi_esb"
"6968.TWO","萬達寵物事業股份有限公司","TPEX","居家生活","lab.Unmapped","2026-09-13T13:36:04Z","tw_boards|twse:twse_openapi|tpex:mopsfin_t187ap03_O_csv|esb:tpex_openapi_esb"
"6971.TWO","惠民實業股份有限公司","TPEX","綠能環保","lab.Unmapped","2026-09-13T13:36:04Z","tw_boards|twse:twse_openapi|tpex:mopsfin_t187ap03_O_csv|esb:tpex_openapi_esb"
"6982.TWO","大井泵浦工業股份有限公司","TPEX","電機機械","ind.Machinery","2026-09-13T13:36:04Z","tw_boards|twse:twse_openapi|tpex:mopsfin_t187ap03_O_csv|esb:tpex_openapi_esb"
"6983.TWO","華洋精機股份有限公司","TPEX","其他電子業","ec.Hardware","2026-09-13T13:36:04Z","tw_boards|twse:twse_openapi|tpex:mopsfin_t187ap03_O_csv|esb:tpex_openapi_esb"
"6986.TWO","和迅生命科學股份有限公司","TPEX","生技醫療業","hc.Medtech","2026-09-13T13:36:04Z","tw_boards|twse:twse_openapi|tpex:mopsfin_t187ap03_O_csv|esb:tpex_openapi_esb"
"6996.TWO","力領科技股份有限公司","TPEX","半導體業","sc.Foundry","2026-09-13T13:36:04Z","tw_boards|twse:twse_openapi|tpex:mopsfin_t187ap03_O_csv|esb:tpex_openapi_esb"
"6997.TWO","博弘雲端科技股份有限公司","TPEX","數位雲端","lab.Unmapped","2026-09-13T13:36:04Z","tw_boards|twse:twse_openapi|tpex:mopsfin_t187ap03_O_csv|esb:tpex_openapi_esb"
"7402.TWO","邑錡股份有限公司","TPEX","光電業","ec.Hardware","2026-09-13T13:36:04Z","tw_boards|twse:twse_openapi|tpex:mopsfin_t187ap03_O_csv|esb:tpex_openapi_esb"
"7547.TWO","碩網資訊股份有限公司","TPEX","數位雲端","lab.Unmapped","2026-09-13T13:36:04Z","tw_boards|twse:twse_openapi|tpex:mopsfin_t187ap03_O_csv|esb:tpex_openapi_esb"
"7556.TWO","意德士科技股份有限公司","TPEX","半導體業","sc.Foundry","2026-09-13T13:36:04Z","tw_boards|twse:twse_openapi|tpex:mopsfin_t187ap03_O_csv|esb:tpex_openapi_esb"
"7584.TWO","樂意傳播股份有限公司","TPEX","文化創意業","media.Entertainment","2026-09-13T13:36:04Z","tw_boards|twse:twse_openapi|tpex:mopsfin_t187ap03_O_csv|esb:tpex_openapi_esb"
"7642.TWO","昶瑞機電股份有限公司","TPEX","電機機械","ind.Machinery","2026-09-13T13:36:04Z","tw_boards|twse:twse_openapi|tpex:mopsfin_t187ap03_O_csv|esb:tpex_openapi_esb"
"7703.TWO","銳澤實業股份有限公司","TPEX","其他電子業","ec.Hardware","2026-09-13T13:36:04Z","tw_boards|twse:twse_openapi|tpex:mopsfin_t187ap03_O_csv|esb:tpex_openapi_esb"
"7704.TWO","明遠精密科技股份有限公司","TPEX","半導體業","sc.Foundry","2026-09-13T13:36:04Z","tw_boards|twse:twse_openapi|tpex:mopsfin_t187ap03_O_csv|esb:tpex_openapi_esb"
"7708.TWO","全家國際餐飲股份有限公司","TPEX","觀光餐旅","retail.Brick_Mortar","2026-09-13T13:36:04Z","tw_boards|twse:twse_openapi|tpex:mopsfin_t187ap03_O_csv|esb:tpex_openapi_esb"
"7709.TWO","榮田精機股份有限公司","TPEX","電機機械","ind.Machinery","2026-09-13T13:36:04Z","tw_boards|twse:twse_openapi|tpex:mopsfin_t187ap03_O_csv|esb:tpex_openapi_esb"
"7712.TWO","博盛半導體股份有限公司","TPEX","半導體業","sc.Foundry","2026-09-13T13:36:04Z","tw_boards|twse:twse_openapi|tpex:mopsfin_t187ap03_O_csv|esb:tpex_openapi_esb"
"7713.TWO","威力德生醫股份有限公司","TPEX","生技醫療業","hc.Medtech","2026-09-13T13:36:04Z","tw_boards|twse:twse_openapi|tpex:mopsfin_t187ap03_O_csv|esb:tpex_openapi_esb"
"7714.TWO","創泓科技股份有限公司","TPEX","數位雲端","lab.Unmapped","2026-09-13T13:36:04Z","tw_boards|twse:twse_openapi|tpex:mopsfin_t187ap03_O_csv|esb:tpex_openapi_esb"
"7715.TWO","裕山環境工程股份有限公司","TPEX","綠能環保","lab.Unmapped","2026-09-13T13:36:04Z","tw_boards|twse:twse_openapi|tpex:mopsfin_t187ap03_O_csv|esb:tpex_openapi_esb"
"7716.TWO","昱臺國際股份有限公司","TPEX","航運業","tr.Logistics_Shipping","2026-09-13T13:36:04Z","tw_boards|twse:twse_openapi|tpex:mopsfin_t187ap03_O_csv|esb:tpex_openapi_esb"
"7717.TWO","英屬開曼群島商萊德光電(股)公司","TPEX","通信網路業","ec.Hardware","2026-09-13T13:36:04Z","tw_boards|twse:twse_openapi|tpex:mopsfin_t187ap03_O_csv|esb:tpex_openapi_esb"
"7718.TWO","友鋮股份有限公司","TPEX","電機機械","ind.Machinery","2026-09-13T13:36:04Z","tw_boards|twse:twse_openapi|tpex:mopsfin_t187ap03_O_csv|esb:tpex_openapi_esb"
"7723.TWO","築間餐飲事業股份有限公司","TPEX","觀光餐旅","retail.Brick_Mortar","2026-09-13T13:36:04Z","tw_boards|twse:twse_openapi|tpex:mopsfin_t187ap03_O_csv|esb:tpex_openapi_esb"
"7728.TWO","光焱科技股份有限公司","TPEX","其他電子業","ec.Hardware","2026-09-13T13:36:04Z","tw_boards|twse:twse_openapi|tpex:mopsfin_t187ap03_O_csv|esb:tpex_openapi_esb"
"7734.TWO","印能科技股份有限公司","TPEX","半導體業","sc.Foundry","2026-09-13T13:36:04Z","tw_boards|twse:twse_openapi|tpex:mopsfin_t187ap03_O_csv|esb:tpex_openapi_esb"
"7738.TWO","東聯互動股份有限公司","TPEX","數位雲端","lab.Unmapped","2026-09-13T13:36:04Z","tw_boards|twse:twse_openapi|tpex:mopsfin_t187ap03_O_csv|esb:tpex_openapi_esb"
"7743.TWO","金利食安科技股份有限公司","TPEX","食品工業","fmcg.Food_Beverages","2026-09-13T13:36:04Z","tw_boards|twse:twse_openapi|tpex:mopsfin_t187ap03_O_csv|esb:tpex_openapi_esb"
"7744.TWO","崴寶精密科技股份有限公司","TPEX","電子零組件業","ec.Hardware","2026-09-13T13:36:04Z","tw_boards|twse:twse_openapi|tpex:mopsfin_t187ap03_O_csv|esb:tpex_openapi_esb"
"7747.TWO","昕奇雲端科技股份有限公司","TPEX","數位雲端","lab.Unmapped","2026-09-13T13:36:04Z","tw_boards|twse:twse_openapi|tpex:mopsfin_t187ap03_O_csv|esb:tpex_openapi_esb"
"7751.TWO","竑騰科技股份有限公司","TPEX","半導體業","sc.Foundry","2026-09-13T13:36:04Z","tw_boards|twse:twse_openapi|tpex:mopsfin_t187ap03_O_csv|esb:tpex_openapi_esb"
"7753.TWO","星亞視覺股份有限公司","TPEX","光電業","ec.Hardware","2026-09-13T13:36:04Z","tw_boards|twse:twse_openapi|tpex:mopsfin_t187ap03_O_csv|esb:tpex_openapi_esb"
"7757.TWO","金色三麥餐飲股份有限公司","TPEX","觀光餐旅","retail.Brick_Mortar","2026-09-13T13:36:04Z","tw_boards|twse:twse_openapi|tpex:mopsfin_t187ap03_O_csv|esb:tpex_openapi_esb"
"7767.TWO","仁大資訊股份有限公司","TPEX","資訊服務業","ec.Hardware","2026-09-13T13:36:04Z","tw_boards|twse:twse_openapi|tpex:mopsfin_t187ap03_O_csv|esb:tpex_openapi_esb"
"7770.TWO","君曜科技股份有限公司","TPEX","半導體業","sc.Foundry","2026-09-13T13:36:04Z","tw_boards|twse:twse_openapi|tpex:mopsfin_t187ap03_O_csv|esb:tpex_openapi_esb"
"7772.TWO","耀穎光電股份有限公司","TPEX","半導體業","sc.Foundry","2026-09-13T13:36:04Z","tw_boards|twse:twse_openapi|tpex:mopsfin_t187ap03_O_csv|esb:tpex_openapi_esb"
"7777.TWO","能率亞洲資本股份有限公司","TPEX","其他業","lab.Unmapped","2026-09-13T13:36:04Z","tw_boards|twse:twse_openapi|tpex:mopsfin_t187ap03_O_csv|esb:tpex_openapi_esb"
"7782.TWO","光速火箭股份有限公司","TPEX","居家生活","lab.Unmapped","2026-09-13T13:36:04Z","tw_boards|twse:twse_openapi|tpex:mopsfin_t187ap03_O_csv|esb:tpex_openapi_esb"
"7792.TWO","安葆國際實業股份有限公司","TPEX","其他電子業","ec.Hardware","2026-09-13T13:36:04Z","tw_boards|twse:twse_openapi|tpex:mopsfin_t187ap03_O_csv|esb:tpex_openapi_esb"
"7794.TWO","宏碁智新股份有限公司","TPEX","居家生活","lab.Unmapped","2026-09-13T13:36:04Z","tw_boards|twse:twse_openapi|tpex:mopsfin_t187ap03_O_csv|esb:tpex_openapi_esb"
"7805.TWO","威聯通科技股份有限公司","TPEX","數位雲端","lab.Unmapped","2026-09-13T13:36:04Z","tw_boards|twse:twse_openapi|tpex:mopsfin_t187ap03_O_csv|esb:tpex_openapi_esb"
"7810.TWO","捷創科技股份有限公司","TPEX","半導體業","sc.Foundry","2026-09-13T13:36:04Z","tw_boards|twse:twse_openapi|tpex:mopsfin_t187ap03_O_csv|esb:tpex_openapi_esb"
"7811.TWO","民盛應用企業股份有限公司","TPEX","運動休閒","lab.Unmapped","2026-09-13T13:36:04Z","tw_boards|twse:twse_openapi|tpex:mopsfin_t187ap03_O_csv|esb:tpex_openapi_esb"
"7814.TWO","海昌生化科技股份有限公司","TPEX","生技醫療業","hc.Medtech","2026-09-13T13:36:04Z","tw_boards|twse:twse_openapi|tpex:mopsfin_t187ap03_O_csv|esb:tpex_openapi_esb"
"7819.TWO","精誠金融科技股份有限公司","TPEX","資訊服務業","ec.Hardware","2026-09-13T13:36:04Z","tw_boards|twse:twse_openapi|tpex:mopsfin_t187ap03_O_csv|esb:tpex_openapi_esb"
"7820.TWO","立盈環保科技股份有限公司","TPEX","綠能環保","lab.Unmapped","2026-09-13T13:36:04Z","tw_boards|twse:twse_openapi|tpex:mopsfin_t187ap03_O_csv|esb:tpex_openapi_esb"
"7825.TWO","和亞智慧科技股份有限公司","TPEX","其他電子業","ec.Hardware","2026-09-13T13:36:04Z","tw_boards|twse:twse_openapi|tpex:mopsfin_t187ap03_O_csv|esb:tpex_openapi_esb"
"7828.TWO","創新服務股份有限公司","TPEX","半導體業","sc.Foundry","2026-09-13T13:36:04Z","tw_boards|twse:twse_openapi|tpex:mopsfin_t187ap03_O_csv|esb:tpex_openapi_esb"
"7839.TWO","達人網科技股份有限公司","TPEX","數位雲端","lab.Unmapped","2026-09-13T13:36:04Z","tw_boards|twse:twse_openapi|tpex:mopsfin_t187ap03_O_csv|esb:tpex_openapi_esb"
"7842.TWO","天能綠電股份有限公司","TPEX","綠能環保","lab.Unmapped","2026-09-13T13:36:04Z","tw_boards|twse:twse_openapi|tpex:mopsfin_t187ap03_O_csv|esb:tpex_openapi_esb"
"8024.TWO","佑華微電子股份有限公司","TPEX","半導體業","sc.Foundry","2026-09-13T13:36:04Z","tw_boards|twse:twse_openapi|tpex:mopsfin_t187ap03_O_csv|esb:tpex_openapi_esb"
"8027.TWO","鈦昇科技股份有限公司","TPEX","電機機械","ind.Machinery","2026-09-13T13:36:04Z","tw_boards|twse:twse_openapi|tpex:mopsfin_t187ap03_O_csv|esb:tpex_openapi_esb"
"8032.TWO","光菱電子股份有限公司","TPEX","電子通路業","lab.Unmapped","2026-09-13T13:36:04Z","tw_boards|twse:twse_openapi|tpex:mopsfin_t187ap03_O_csv|esb:tpex_openapi_esb"
"8034.TWO","榮群電訊股份有限公司","TPEX","通信網路業","ec.Hardware","2026-09-13T13:36:04Z","tw_boards|twse:twse_openapi|tpex:mopsfin_t187ap03_O_csv|esb:tpex_openapi_esb"
"8038.TWO","長園科技實業股份有限公司","TPEX","電子零組件業","ec.Hardware","2026-09-13T13:36:04Z","tw_boards|twse:twse_openapi|tpex:mopsfin_t187ap03_O_csv|esb:tpex_openapi_esb"
"8040.TWO","九暘電子股份有限公司","TPEX","半導體業","sc.Foundry","2026-09-13T13:36:04Z","tw_boards|twse:twse_openapi|tpex:mopsfin_t187ap03_O_csv|esb:tpex_openapi_esb"
"8042.TWO","臺灣金山電子工業股份有限公司","TPEX","電子零組件業","ec.Hardware","2026-09-13T13:36:04Z","tw_boards|twse:twse_openapi|tpex:mopsfin_t187ap03_O_csv|esb:tpex_openapi_esb"
"8043.TWO","蜜望實企業股份有限公司","TPEX","電子零組件業","ec.Hardware","2026-09-13T13:36:04Z","tw_boards|twse:twse_openapi|tpex:mopsfin_t187ap03_O_csv|esb:tpex_openapi_esb"
"8044.TWO","網路家庭國際資訊股份有限公司","TPEX","數位雲端","lab.Unmapped","2026-09-13T13:36:04Z","tw_boards|twse:twse_openapi|tpex:mopsfin_t187ap03_O_csv|esb:tpex_openapi_esb"
"8047.TWO","星雲電腦股份有限公司","TPEX","其他電子業","ec.Hardware","2026-09-13T13:36:04Z","tw_boards|twse:twse_openapi|tpex:mopsfin_t187ap03_O_csv|esb:tpex_openapi_esb"
"8048.TWO","德勝科技股份有限公司","TPEX","通信網路業","ec.Hardware","2026-09-13T13:36:04Z","tw_boards|twse:twse_openapi|tpex:mopsfin_t187ap03_O_csv|esb:tpex_openapi_esb"
"8049.TWO","晶采光電科技股份有限公司","TPEX","光電業","ec.Hardware","2026-09-13T13:36:04Z","tw_boards|twse:twse_openapi|tpex:mopsfin_t187ap03_O_csv|esb:tpex_openapi_esb"
"8050.TWO","廣積科技股份有限公司","TPEX","電腦及週邊設備業","ec.Hardware","2026-09-13T13:36:04Z","tw_boards|twse:twse_openapi|tpex:mopsfin_t187ap03_O_csv|esb:tpex_openapi_esb"
"8054.TWO","安國國際科技股份有限公司","TPEX","半導體業","sc.Foundry","2026-09-13T13:36:04Z","tw_boards|twse:twse_openapi|tpex:mopsfin_t187ap03_O_csv|esb:tpex_openapi_esb"
"8059.TWO","凱碩科技股份有限公司","TPEX","通信網路業","ec.Hardware","2026-09-13T13:36:04Z","tw_boards|twse:twse_openapi|tpex:mopsfin_t187ap03_O_csv|esb:tpex_openapi_esb"
"8064.TWO","東捷科技股份有限公司","TPEX","光電業","ec.Hardware","2026-09-13T13:36:04Z","tw_boards|twse:twse_openapi|tpex:mopsfin_t187ap03_O_csv|esb:tpex_openapi_esb"
"8066.TWO","來思達國際企業股份有限公司","TPEX","居家生活","lab.Unmapped","2026-09-13T13:36:04Z","tw_boards|twse:twse_openapi|tpex:mopsfin_t187ap03_O_csv|esb:tpex_openapi_esb"
"8067.TWO","志旭國際股份有限公司","TPEX","電子通路業","lab.Unmapped","2026-09-13T13:36:04Z","tw_boards|twse:twse_openapi|tpex:mopsfin_t187ap03_O_csv|esb:tpex_openapi_esb"
"8068.TWO","全達國際股份有限公司","TPEX","電子通路業","lab.Unmapped","2026-09-13T13:36:04Z","tw_boards|twse:twse_openapi|tpex:mopsfin_t187ap03_O_csv|esb:tpex_openapi_esb"
"8069.TWO","元太科技工業股份有限公司","TPEX","光電業","ec.Hardware","2026-09-13T13:36:04Z","tw_boards|twse:twse_openapi|tpex:mopsfin_t187ap03_O_csv|esb:tpex_openapi_esb"
"8071.TWO","能率網通股份有限公司","TPEX","電子零組件業","ec.Hardware","2026-09-13T13:36:04Z","tw_boards|twse:twse_openapi|tpex:mopsfin_t187ap03_O_csv|esb:tpex_openapi_esb"
"8074.TWO","鉅橡企業股份有限公司","TPEX","電子零組件業","ec.Hardware","2026-09-13T13:36:04Z","tw_boards|twse:twse_openapi|tpex:mopsfin_t187ap03_O_csv|esb:tpex_openapi_esb"
"8076.TWO","伍豐科技股份有限公司","TPEX","電腦及週邊設備業","ec.Hardware","2026-09-13T13:36:04Z","tw_boards|twse:twse_openapi|tpex:mopsfin_t187ap03_O_csv|esb:tpex_openapi_esb"
"8077.TWO","洛碁實業股份有限公司","TPEX","觀光餐旅","retail.Brick_Mortar","2026-09-13T13:36:04Z","tw_boards|twse:twse_openapi|tpex:mopsfin_t187ap03_O_csv|esb:tpex_openapi_esb"
"8080.TWO","泰霖事業股份有限公司","TPEX","建材營造業","ind.Machinery","2026-09-13T13:36:04Z","tw_boards|twse:twse_openapi|tpex:mopsfin_t187ap03_O_csv|esb:tpex_openapi_esb"
"8083.TWO","瑞穎股份有限公司","TPEX","電機機械","ind.Machinery","2026-09-13T13:36:04Z","tw_boards|twse:twse_openapi|tpex:mopsfin_t187ap03_O_csv|esb:tpex_openapi_esb"
"8084.TWO","巨虹電子股份有限公司","TPEX","電子通路業","lab.Unmapped","2026-09-13T13:36:04Z","tw_boards|twse:twse_openapi|tpex:mopsfin_t187ap03_O_csv|esb:tpex_openapi_esb"
"8085.TWO","福華電子股份有限公司","TPEX","其他電子業","ec.Hardware","2026-09-13T13:36:04Z","tw_boards|twse:twse_openapi|tpex:mopsfin_t187ap03_O_csv|esb:tpex_openapi_esb"
"8086.TWO","宏捷科技股份有限公司","TPEX","半導體業","sc.Foundry","2026-09-13T13:36:04Z","tw_boards|twse:twse_openapi|tpex:mopsfin_t187ap03_O_csv|esb:tpex_openapi_esb"
"8087.TWO","麗升能源科技股份有限公司","TPEX","綠能環保","lab.Unmapped","2026-09-13T13:36:04Z","tw_boards|twse:twse_openapi|tpex:mopsfin_t187ap03_O_csv|esb:tpex_openapi_esb"
"8088.TWO","品安科技股份有限公司","TPEX","半導體業","sc.Foundry","2026-09-13T13:36:04Z","tw_boards|twse:twse_openapi|tpex:mopsfin_t187ap03_O_csv|esb:tpex_openapi_esb"
"8089.TWO","康全電訊股份有限公司","TPEX","通信網路業","ec.Hardware","2026-09-13T13:36:04Z","tw_boards|twse:twse_openapi|tpex:mopsfin_t187ap03_O_csv|esb:tpex_openapi_esb"
"8091.TWO","翔名科技股份有限公司","TPEX","半導體業","sc.Foundry","2026-09-13T13:36:04Z","tw_boards|twse:twse_openapi|tpex:mopsfin_t187ap03_O_csv|esb:tpex_openapi_esb"
"8092.TWO","建暐精密科技股份有限公司","TPEX","其他電子業","ec.Hardware","2026-09-13T13:36:04Z","tw_boards|twse:twse_openapi|tpex:mopsfin_t187ap03_O_csv|esb:tpex_openapi_esb"
"8093.TWO","保銳科技股份有限公司","TPEX","電子零組件業","ec.Hardware","2026-09-13T13:36:04Z","tw_boards|twse:twse_openapi|tpex:mopsfin_t187ap03_O_csv|esb:tpex_openapi_esb"
"8096.TWO","擎亞電子股份有限公司","TPEX","電子通路業","lab.Unmapped","2026-09-13T13:36:04Z","tw_boards|twse:twse_openapi|tpex:mopsfin_t187ap03_O_csv|esb:tpex_openapi_esb"
"8097.TWO","常珵科技股份有限公司","TPEX","通信網路業","ec.Hardware","2026-09-13T13:36:04Z","tw_boards|twse:twse_openapi|tpex:mopsfin_t187ap03_O_csv|esb:tpex_openapi_esb"
"8099.TWO","大同世界科技股份有限公司","TPEX","資訊服務業","ec.Hardware","2026-09-13T13:36:04Z","tw_boards|twse:twse_openapi|tpex:mopsfin_t187ap03_O_csv|esb:tpex_openapi_esb"
"8102.TWO","傑霖科技股份有限公司","TPEX","半導體業","sc.Foundry","2026-09-13T13:36:04Z","tw_boards|twse:twse_openapi|tpex:mopsfin_t187ap03_O_csv|esb:tpex_openapi_esb"
"8107.TWO","大億金茂股份有限公司","TPEX","電機機械","ind.Machinery","2026-09-13T13:36:04Z","tw_boards|twse:twse_openapi|tpex:mopsfin_t187ap03_O_csv|esb:tpex_openapi_esb"
"8109.TWO","博大科技股份有限公司","TPEX","電子零組件業","ec.Hardware","2026-09-13T13:36:04Z","tw_boards|twse:twse_openapi|tpex:mopsfin_t187ap03_O_csv|esb:tpex_openapi_esb"
"8111.TWO","立碁電子工業股份有限公司","TPEX","光電業","ec.Hardware","2026-09-13T13:36:04Z","tw_boards|twse:twse_openapi|tpex:mopsfin_t187ap03_O_csv|esb:tpex_openapi_esb"
"8121.TWO","越峰電子材料股份有限公司","TPEX","電子零組件業","ec.Hardware","2026-09-13T13:36:04Z","tw_boards|twse:twse_openapi|tpex:mopsfin_t187ap03_O_csv|esb:tpex_openapi_esb"
"8147.TWO","正淩精密工業股份有限公司","TPEX","電子零組件業","ec.Hardware","2026-09-13T13:36:04Z","tw_boards|twse:twse_openapi|tpex:mopsfin_t187ap03_O_csv|esb:tpex_openapi_esb"
"8155.TWO","博智電子股份有限公司","TPEX","電子零組件業","ec.Hardware","2026-09-13T13:36:04Z","tw_boards|twse:twse_openapi|tpex:mopsfin_t187ap03_O_csv|esb:tpex_openapi_esb"
"8171.TWO","天宇工業股份有限公司","TPEX","綠能環保","lab.Unmapped","2026-09-13T13:36:04Z","tw_boards|twse:twse_openapi|tpex:mopsfin_t187ap03_O_csv|esb:tpex_openapi_esb"
"8176.TWO","智捷科技股份有限公司","TPEX","通信網路業","ec.Hardware","2026-09-13T13:36:04Z","tw_boards|twse:twse_openapi|tpex:mopsfin_t187ap03_O_csv|esb:tpex_openapi_esb"
"8182.TWO","加高電子股份有限公司","TPEX","電子零組件業","ec.Hardware","2026-09-13T13:36:04Z","tw_boards|twse:twse_openapi|tpex:mopsfin_t187ap03_O_csv|esb:tpex_openapi_esb"
"8183.TWO","台灣精星科技股份有限公司","TPEX","其他電子業","ec.Hardware","2026-09-13T13:36:04Z","tw_boards|twse:twse_openapi|tpex:mopsfin_t187ap03_O_csv|esb:tpex_openapi_esb"
"8227.TWO","巨有科技股份有限公司","TPEX","半導體業","sc.Foundry","2026-09-13T13:36:04Z","tw_boards|twse:twse_openapi|tpex:mopsfin_t187ap03_O_csv|esb:tpex_openapi_esb"
"8234.TWO","新漢股份有限公司","TPEX","電腦及週邊設備業","ec.Hardware","2026-09-13T13:36:04Z","tw_boards|twse:twse_openapi|tpex:mopsfin_t187ap03_O_csv|esb:tpex_openapi_esb"
"8240.TWO","華宏新技股份有限公司","TPEX","光電業","ec.Hardware","2026-09-13T13:36:04Z","tw_boards|twse:twse_openapi|tpex:mopsfin_t187ap03_O_csv|esb:tpex_openapi_esb"
"8255.TWO","朋程科技股份有限公司","TPEX","電機機械","ind.Machinery","2026-09-13T13:36:04Z","tw_boards|twse:twse_openapi|tpex:mopsfin_t187ap03_O_csv|esb:tpex_openapi_esb"
"8272.TWO","全景軟體股份有限公司","TPEX","資訊服務業","ec.Hardware","2026-09-13T13:36:04Z","tw_boards|twse:twse_openapi|tpex:mopsfin_t187ap03_O_csv|esb:tpex_openapi_esb"
"8277.TWO","商丞科技股份有限公司","TPEX","半導體業","sc.Foundry","2026-09-13T13:36:04Z","tw_boards|twse:twse_openapi|tpex:mopsfin_t187ap03_O_csv|esb:tpex_openapi_esb"
"8279.TWO","生展生物科技股份有限公司","TPEX","生技醫療業","hc.Medtech","2026-09-13T13:36:04Z","tw_boards|twse:twse_openapi|tpex:mopsfin_t187ap03_O_csv|esb:tpex_openapi_esb"
"8284.TWO","三竹資訊股份有限公司","TPEX","資訊服務業","ec.Hardware","2026-09-13T13:36:04Z","tw_boards|twse:twse_openapi|tpex:mopsfin_t187ap03_O_csv|esb:tpex_openapi_esb"
"8289.TWO","泰藝電子股份有限公司","TPEX","電子零組件業","ec.Hardware","2026-09-13T13:36:04Z","tw_boards|twse:twse_openapi|tpex:mopsfin_t187ap03_O_csv|esb:tpex_openapi_esb"
"8291.TWO","尚茂電子材料股份有限公司","TPEX","電子零組件業","ec.Hardware","2026-09-13T13:36:04Z","tw_boards|twse:twse_openapi|tpex:mopsfin_t187ap03_O_csv|esb:tpex_openapi_esb"
"8299.TWO","群聯電子股份有限公司","TPEX","半導體業","sc.Foundry","2026-09-13T13:36:04Z","tw_boards|twse:twse_openapi|tpex:mopsfin_t187ap03_O_csv|esb:tpex_openapi_esb"
"8342.TWO","益張實業股份有限公司","TPEX","其他業","lab.Unmapped","2026-09-13T13:36:04Z","tw_boards|twse:twse_openapi|tpex:mopsfin_t187ap03_O_csv|esb:tpex_openapi_esb"
"8349.TWO","恒耀國際股份有限公司","TPEX","鋼鐵工業","mat.Metals_Mining","2026-09-13T13:36:04Z","tw_boards|twse:twse_openapi|tpex:mopsfin_t187ap03_O_csv|esb:tpex_openapi_esb"
"8354.TWO","冠好科技股份有限公司","TPEX","其他業","lab.Unmapped","2026-09-13T13:36:04Z","tw_boards|twse:twse_openapi|tpex:mopsfin_t187ap03_O_csv|esb:tpex_openapi_esb"
"8358.TWO","金居開發股份有限公司","TPEX","電子零組件業","ec.Hardware","2026-09-13T13:36:04Z","tw_boards|twse:twse_openapi|tpex:mopsfin_t187ap03_O_csv|esb:tpex_openapi_esb"
"8383.TWO","千附實業股份有限公司","TPEX","半導體業","sc.Foundry","2026-09-13T13:36:04Z","tw_boards|twse:twse_openapi|tpex:mopsfin_t187ap03_O_csv|esb:tpex_openapi_esb"
"8390.TWO","金益鼎企業股份有限公司","TPEX","綠能環保","lab.Unmapped","2026-09-13T13:36:04Z","tw_boards|twse:twse_openapi|tpex:mopsfin_t187ap03_O_csv|esb:tpex_openapi_esb"
"8401.TWO","白紗科技印刷股份有限公司","TPEX","其他業","lab.Unmapped","2026-09-13T13:36:04Z","tw_boards|twse:twse_openapi|tpex:mopsfin_t187ap03_O_csv|esb:tpex_openapi_esb"
"8403.TWO","盛弘醫藥股份有限公司","TPEX","生技醫療業","hc.Medtech","2026-09-13T13:36:04Z","tw_boards|twse:twse_openapi|tpex:mopsfin_t187ap03_O_csv|esb:tpex_openapi_esb"
"8409.TWO","商之器科技股份有限公司","TPEX","生技醫療業","hc.Medtech","2026-09-13T13:36:04Z","tw_boards|twse:twse_openapi|tpex:mopsfin_t187ap03_O_csv|esb:tpex_openapi_esb"
"8410.TWO","森田印刷廠股份有限公司","TPEX","電腦及週邊設備業","ec.Hardware","2026-09-13T13:36:04Z","tw_boards|twse:twse_openapi|tpex:mopsfin_t187ap03_O_csv|esb:tpex_openapi_esb"
"8415.TWO","大成國際鋼鐵股份有限公司","TPEX","鋼鐵工業","mat.Metals_Mining","2026-09-13T13:36:04Z","tw_boards|twse:twse_openapi|tpex:mopsfin_t187ap03_O_csv|esb:tpex_openapi_esb"
"8416.TWO","實威國際股份有限公司","TPEX","資訊服務業","ec.Hardware","2026-09-13T13:36:04Z","tw_boards|twse:twse_openapi|tpex:mopsfin_t187ap03_O_csv|esb:tpex_openapi_esb"
"8421.TWO","旭源包裝科技股份有限公司","TPEX","其他業","lab.Unmapped","2026-09-13T13:36:04Z","tw_boards|twse:twse_openapi|tpex:mopsfin_t187ap03_O_csv|esb:tpex_openapi_esb"
"8423.TWO","保綠資源股份有限公司","TPEX","綠能環保","lab.Unmapped","2026-09-13T13:36:04Z","tw_boards|twse:twse_openapi|tpex:mopsfin_t187ap03_O_csv|esb:tpex_openapi_esb"
"8424.TWO","惠普股份有限公司","TPEX","建材營造業","ind.Machinery","2026-09-13T13:36:04Z","tw_boards|twse:twse_openapi|tpex:mopsfin_t187ap03_O_csv|esb:tpex_openapi_esb"
"8426.TWO","紅木集團有限公司","TPEX","其他業","lab.Unmapped","2026-09-13T13:36:04Z","tw_boards|twse:twse_openapi|tpex:mopsfin_t187ap03_O_csv|esb:tpex_openapi_esb"
"8431.TWO","匯鑽科技股份有限公司","TPEX","其他電子業","ec.Hardware","2026-09-13T13:36:04Z","tw_boards|twse:twse_openapi|tpex:mopsfin_t187ap03_O_csv|esb:tpex_openapi_esb"
"8432.TWO","東生華製藥股份有限公司","TPEX","生技醫療業","hc.Medtech","2026-09-13T13:36:04Z","tw_boards|twse:twse_openapi|tpex:mopsfin_t187ap03_O_csv|esb:tpex_openapi_esb"
"8433.TWO","弘帆股份有限公司","TPEX","居家生活","lab.Unmapped","2026-09-13T13:36:04Z","tw_boards|twse:twse_openapi|tpex:mopsfin_t187ap03_O_csv|esb:tpex_openapi_esb"
"8435.TWO","台灣鉅邁股份有限公司","TPEX","其他業","lab.Unmapped","2026-09-13T13:36:04Z","tw_boards|twse:twse_openapi|tpex:mopsfin_t187ap03_O_csv|esb:tpex_openapi_esb"
"8436.TWO","大江生醫股份有限公司","TPEX","生技醫療業","hc.Medtech","2026-09-13T13:36:04Z","tw_boards|twse:twse_openapi|tpex:mopsfin_t187ap03_O_csv|esb:tpex_openapi_esb"
"8437.TWO","大地幼教股份有限公司","TPEX","其他業","lab.Unmapped","2026-09-13T13:36:04Z","tw_boards|twse:twse_openapi|tpex:mopsfin_t187ap03_O_csv|esb:tpex_openapi_esb"
"8440.TWO","綠電再生股份有限公司","TPEX","綠能環保","lab.Unmapped","2026-09-13T13:36:04Z","tw_boards|twse:twse_openapi|tpex:mopsfin_t187ap03_O_csv|esb:tpex_openapi_esb"
"8444.TWO","綠河股份有限公司","TPEX","其他業","lab.Unmapped","2026-09-13T13:36:04Z","tw_boards|twse:twse_openapi|tpex:mopsfin_t187ap03_O_csv|esb:tpex_openapi_esb"
"8446.TWO","華研國際音樂股份有限公司","TPEX","文化創意業","media.Entertainment","2026-09-13T13:36:04Z","tw_boards|twse:twse_openapi|tpex:mopsfin_t187ap03_O_csv|esb:tpex_openapi_esb"
"8450.TWO","霹靂國際多媒體股份有限公司","TPEX","文化創意業","media.Entertainment","2026-09-13T13:36:04Z","tw_boards|twse:twse_openapi|tpex:mopsfin_t187ap03_O_csv|esb:tpex_openapi_esb"
"8455.TWO","蓋曼群島商日本大拓股份有限公司","TPEX","其他電子業","ec.Hardware","2026-09-13T13:36:04Z","tw_boards|twse:twse_openapi|tpex:mopsfin_t187ap03_O_csv|esb:tpex_openapi_esb"
"8472.TWO","納維康生技股份有限公司","TPEX","數位雲端","lab.Unmapped","2026-09-13T13:36:04Z","tw_boards|twse:twse_openapi|tpex:mopsfin_t187ap03_O_csv|esb:tpex_openapi_esb"
"8477.TWO","創業家數位股份有限公司","TPEX","數位雲端","lab.Unmapped","2026-09-13T13:36:04Z","tw_boards|twse:twse_openapi|tpex:mopsfin_t187ap03_O_csv|esb:tpex_openapi_esb"
"8489.TWO","三貝德數位文創股份有限公司","TPEX","其他業","lab.Unmapped","2026-09-13T13:36:04Z","tw_boards|twse:twse_openapi|tpex:mopsfin_t187ap03_O_csv|esb:tpex_openapi_esb"
"8905.TWO","裕國冷凍冷藏股份有限公司","TPEX","其他業","lab.Unmapped","2026-09-13T13:36:04Z","tw_boards|twse:twse_openapi|tpex:mopsfin_t187ap03_O_csv|esb:tpex_openapi_esb"
"8906.TWO","花王企業股份有限公司","TPEX","其他業","lab.Unmapped","2026-09-13T13:36:04Z","tw_boards|twse:twse_openapi|tpex:mopsfin_t187ap03_O_csv|esb:tpex_openapi_esb"
"8908.TWO","欣雄天然氣股份有限公司","TPEX","油電燃氣業","en.Utilities","2026-09-13T13:36:04Z","tw_boards|twse:twse_openapi|tpex:mopsfin_t187ap03_O_csv|esb:tpex_openapi_esb"
"8916.TWO","光隆實業股份有限公司","TPEX","其他業","lab.Unmapped","2026-09-13T13:36:04Z","tw_boards|twse:twse_openapi|tpex:mopsfin_t187ap03_O_csv|esb:tpex_openapi_esb"
"8917.TWO","欣泰石油氣股份有限公司","TPEX","油電燃氣業","en.Utilities","2026-09-13T13:36:04Z","tw_boards|twse:twse_openapi|tpex:mopsfin_t187ap03_O_csv|esb:tpex_openapi_esb"
"8921.TWO","沈氏藝術印刷股份有限公司","TPEX","其他業","lab.Unmapped","2026-09-13T13:36:04Z","tw_boards|twse:twse_openapi|tpex:mopsfin_t187ap03_O_csv|esb:tpex_openapi_esb"
"8923.TWO","時報文化出版企業股份有限公司","TPEX","文化創意業","media.Entertainment","2026-09-13T13:36:04Z","tw_boards|twse:twse_openapi|tpex:mopsfin_t187ap03_O_csv|esb:tpex_openapi_esb"
"8924.TWO","大田精密工業股份有限公司","TPEX","運動休閒","lab.Unmapped","2026-09-13T13:36:04Z","tw_boards|twse:twse_openapi|tpex:mopsfin_t187ap03_O_csv|esb:tpex_openapi_esb"
"8927.TWO","北基國際股份有限公司","TPEX","油電燃氣業","en.Utilities","2026-09-13T13:36:04Z","tw_boards|twse:twse_openapi|tpex:mopsfin_t187ap03_O_csv|esb:tpex_openapi_esb"
"8928.TWO","鉅明股份有限公司","TPEX","運動休閒","lab.Unmapped","2026-09-13T13:36:04Z","tw_boards|twse:twse_openapi|tpex:mopsfin_t187ap03_O_csv|esb:tpex_openapi_esb"
"8929.TWO","富堡工業股份有限公司","TPEX","其他業","lab.Unmapped","2026-09-13T13:36:04Z","tw_boards|twse:twse_openapi|tpex:mopsfin_t187ap03_O_csv|esb:tpex_openapi_esb"
"8930.TWO","青鋼應用材料股份有限公司","TPEX","鋼鐵工業","mat.Metals_Mining","2026-09-13T13:36:04Z","tw_boards|twse:twse_openapi|tpex:mopsfin_t187ap03_O_csv|esb:tpex_openapi_esb"
"8931.TWO","大園汽電共生股份有限公司","TPEX","油電燃氣業","en.Utilities","2026-09-13T13:36:04Z","tw_boards|twse:twse_openapi|tpex:mopsfin_t187ap03_O_csv|esb:tpex_openapi_esb"
"8932.TWO","智通科創股份有限公司","TPEX","數位雲端","lab.Unmapped","2026-09-13T13:36:04Z","tw_boards|twse:twse_openapi|tpex:mopsfin_t187ap03_O_csv|esb:tpex_openapi_esb"
"8933.TWO","愛地雅工業股份有限公司","TPEX","運動休閒","lab.Unmapped","2026-09-13T13:36:04Z","tw_boards|twse:twse_openapi|tpex:mopsfin_t187ap03_O_csv|esb:tpex_openapi_esb"
"8935.TWO","邦泰複合材料股份有限公司","TPEX","其他業","lab.Unmapped","2026-09-13T13:36:04Z","tw_boards|twse:twse_openapi|tpex:mopsfin_t187ap03_O_csv|esb:tpex_openapi_esb"
"8936.TWO","國統國際股份有限公司","TPEX","其他業","lab.Unmapped","2026-09-13T13:36:04Z","tw_boards|twse:twse_openapi|tpex:mopsfin_t187ap03_O_csv|esb:tpex_openapi_esb"
"8937.TWO","合騏工業股份有限公司","TPEX","其他業","lab.Unmapped","2026-09-13T13:36:04Z","tw_boards|twse:twse_openapi|tpex:mopsfin_t187ap03_O_csv|esb:tpex_openapi_esb"
"8938.TWO","明安國際企業股份有限公司","TPEX","運動休閒","lab.Unmapped","2026-09-13T13:36:04Z","tw_boards|twse:twse_openapi|tpex:mopsfin_t187ap03_O_csv|esb:tpex_openapi_esb"
"8941.TWO","關中股份有限公司","TPEX","居家生活","lab.Unmapped","2026-09-13T13:36:04Z","tw_boards|twse:twse_openapi|tpex:mopsfin_t187ap03_O_csv|esb:tpex_openapi_esb"
"8942.TWO","森鉅科技材料股份有限公司","TPEX","其他業","lab.Unmapped","2026-09-13T13:36:04Z","tw_boards|twse:twse_openapi|tpex:mopsfin_t187ap03_O_csv|esb:tpex_openapi_esb"
"9949.TWO","琉園股份有限公司","TPEX","文化創意業","media.Entertainment","2026-09-13T13:36:04Z","tw_boards|twse:twse_openapi|tpex:mopsfin_t187ap03_O_csv|esb:tpex_openapi_esb"
"9950.TWO","萬國通路股份有限公司","TPEX","塑膠工業","mat.Chemicals","2026-09-13T13:36:04Z","tw_boards|twse:twse_openapi|tpex:mopsfin_t187ap03_O_csv|esb:tpex_openapi_esb"
"9951.TWO","皇田工業股份有限公司","TPEX","電機機械","ind.Machinery","2026-09-13T13:36:04Z","tw_boards|twse:twse_openapi|tpex:mopsfin_t187ap03_O_csv|esb:tpex_openapi_esb"
"9960.TWO","邁達康網路事業股份有限公司","TPEX","運動休閒","lab.Unmapped","2026-09-13T13:36:04Z","tw_boards|twse:twse_openapi|tpex:mopsfin_t187ap03_O_csv|esb:tpex_openapi_esb"
"9962.TWO","有益鋼鐵股份有限公司","TPEX","鋼鐵工業","mat.Metals_Mining","2026-09-13T13:36:04Z","tw_boards|twse:twse_openapi|tpex:mopsfin_t187ap03_O_csv|esb:tpex_openapi_esb"
"1260.TWO","富味鄉食品股份有限公司","ESB","食品工業","fmcg.Food_Beverages","2026-09-13T13:36:04Z","tw_boards|twse:twse_openapi|tpex:mopsfin_t187ap03_O_csv|esb:tpex_openapi_esb"
"1269.TWO","乾杯股份有限公司","ESB","觀光餐旅","retail.Brick_Mortar","2026-09-13T13:36:04Z","tw_boards|twse:twse_openapi|tpex:mopsfin_t187ap03_O_csv|esb:tpex_openapi_esb"
"1271.TWO","晨暉生物科技股份有限公司","ESB","生技醫療業","hc.Medtech","2026-09-13T13:36:04Z","tw_boards|twse:twse_openapi|tpex:mopsfin_t187ap03_O_csv|esb:tpex_openapi_esb"
"1293.TWO","利統股份有限公司","ESB","食品工業","fmcg.Food_Beverages","2026-09-13T13:36:04Z","tw_boards|twse:twse_openapi|tpex:mopsfin_t187ap03_O_csv|esb:tpex_openapi_esb"
"1343.TWO","旭東環保科技股份有限公司","ESB","綠能環保","lab.Unmapped","2026-09-13T13:36:04Z","tw_boards|twse:twse_openapi|tpex:mopsfin_t187ap03_O_csv|esb:tpex_openapi_esb"
"1480.TWO","東盟開發實業股份有限公司","ESB","鋼鐵工業","mat.Metals_Mining","2026-09-13T13:36:04Z","tw_boards|twse:twse_openapi|tpex:mopsfin_t187ap03_O_csv|esb:tpex_openapi_esb"
"1594.TWO","日高工程實業股份有限公司","ESB","電機機械","ind.Machinery","2026-09-13T13:36:04Z","tw_boards|twse:twse_openapi|tpex:mopsfin_t187ap03_O_csv|esb:tpex_openapi_esb"
"2071.TWO","震南鐵線股份有限公司","ESB","鋼鐵工業","mat.Metals_Mining","2026-09-13T13:36:04Z","tw_boards|twse:twse_openapi|tpex:mopsfin_t187ap03_O_csv|esb:tpex_openapi_esb"
"2245.TWO","詠勝昌股份有限公司","ESB","電機機械","ind.Machinery","2026-09-13T13:36:04Z","tw_boards|twse:twse_openapi|tpex:mopsfin_t187ap03_O_csv|esb:tpex_openapi_esb"
"2249.TWO","湧盛電機股份有限公司","ESB","電機機械","ind.Machinery","2026-09-13T13:36:04Z","tw_boards|twse:twse_openapi|tpex:mopsfin_t187ap03_O_csv|esb:tpex_openapi_esb"
"2252.TWO","為昇科科技股份有限公司","ESB","其他電子業","ec.Hardware","2026-09-13T13:36:04Z","tw_boards|twse:twse_openapi|tpex:mopsfin_t187ap03_O_csv|esb:tpex_openapi_esb"
"2255.TWO","凱銳光電股份有限公司","ESB","其他電子業","ec.Hardware","2026-09-13T13:36:04Z","tw_boards|twse:twse_openapi|tpex:mopsfin_t187ap03_O_csv|esb:tpex_openapi_esb"
"2256.TWO","歐特明電子股份有限公司","ESB","其他電子業","ec.Hardware","2026-09-13T13:36:04Z","tw_boards|twse:twse_openapi|tpex:mopsfin_t187ap03_O_csv|esb:tpex_openapi_esb"
"2644.TWO","中信造船股份有限公司","ESB","航運業","tr.Logistics_Shipping","2026-09-13T13:36:04Z","tw_boards|twse:twse_openapi|tpex:mopsfin_t187ap03_O_csv|esb:tpex_openapi_esb"
"2733.TWO","維格餅家股份有限公司","ESB","觀光餐旅","retail.Brick_Mortar","2026-09-13T13:36:04Z","tw_boards|twse:twse_openapi|tpex:mopsfin_t187ap03_O_csv|esb:tpex_openapi_esb"
"2741.TWO","人杰老四川餐飲管理顧問(股)公司","ESB","觀光餐旅","retail.Brick_Mortar","2026-09-13T13:36:04Z","tw_boards|twse:twse_openapi|tpex:mopsfin_t187ap03_O_csv|esb:tpex_openapi_esb"
"2758.TWO","路易莎職人咖啡股份有限公司","ESB","觀光餐旅","retail.Brick_Mortar","2026-09-13T13:36:04Z","tw_boards|twse:twse_openapi|tpex:mopsfin_t187ap03_O_csv|esb:tpex_openapi_esb"
"2760.TWO","巨宇翔股份有限公司","ESB","觀光餐旅","retail.Brick_Mortar","2026-09-13T13:36:04Z","tw_boards|twse:twse_openapi|tpex:mopsfin_t187ap03_O_csv|esb:tpex_openapi_esb"
"2761.TWO","橘焱胡同國際股份有限公司","ESB","觀光餐旅","retail.Brick_Mortar","2026-09-13T13:36:04Z","tw_boards|twse:twse_openapi|tpex:mopsfin_t187ap03_O_csv|esb:tpex_openapi_esb"
"2938.TWO","床的世界股份有限公司","ESB","居家生活","lab.Unmapped","2026-09-13T13:36:04Z","tw_boards|twse:twse_openapi|tpex:mopsfin_t187ap03_O_csv|esb:tpex_openapi_esb"
"2940.TWO","歐都納股份有限公司","ESB","運動休閒","lab.Unmapped","2026-09-13T13:36:04Z","tw_boards|twse:twse_openapi|tpex:mopsfin_t187ap03_O_csv|esb:tpex_openapi_esb"
"2942.TWO","京站實業股份有限公司","ESB","居家生活","lab.Unmapped","2026-09-13T13:36:04Z","tw_boards|twse:twse_openapi|tpex:mopsfin_t187ap03_O_csv|esb:tpex_openapi_esb"
"3097.TWO","拍檔科技股份有限公司","ESB","電腦及週邊設備業","ec.Hardware","2026-09-13T13:36:04Z","tw_boards|twse:twse_openapi|tpex:mopsfin_t187ap03_O_csv|esb:tpex_openapi_esb"
"3117.TWO","年程科技股份有限公司","ESB","電子零組件業","ec.Hardware","2026-09-13T13:36:04Z","tw_boards|twse:twse_openapi|tpex:mopsfin_t187ap03_O_csv|esb:tpex_openapi_esb"
"3184.TWO","微邦科技股份有限公司","ESB","生技醫療業","hc.Medtech","2026-09-13T13:36:04Z","tw_boards|twse:twse_openapi|tpex:mopsfin_t187ap03_O_csv|esb:tpex_openapi_esb"
"3194.TWO","圓方科技股份有限公司","ESB","資訊服務業","ec.Hardware","2026-09-13T13:36:04Z","tw_boards|twse:twse_openapi|tpex:mopsfin_t187ap03_O_csv|esb:tpex_openapi_esb"
"3473.TWO","智通聯網科技股份有限公司","ESB","通信網路業","ec.Hardware","2026-09-13T13:36:04Z","tw_boards|twse:twse_openapi|tpex:mopsfin_t187ap03_O_csv|esb:tpex_openapi_esb"
"3585.TWO","聯致科技股份有限公司","ESB","電子零組件業","ec.Hardware","2026-09-13T13:36:04Z","tw_boards|twse:twse_openapi|tpex:mopsfin_t187ap03_O_csv|esb:tpex_openapi_esb"
"3595.TWO","山太士股份有限公司","ESB","光電業","ec.Hardware","2026-09-13T13:36:04Z","tw_boards|twse:twse_openapi|tpex:mopsfin_t187ap03_O_csv|esb:tpex_openapi_esb"
"3603.TWO","建祥國際股份有限公司","ESB","電子通路業","lab.Unmapped","2026-09-13T13:36:04Z","tw_boards|twse:twse_openapi|tpex:mopsfin_t187ap03_O_csv|esb:tpex_openapi_esb"
"3633.TWO","云光科技股份有限公司","ESB","光電業","ec.Hardware","2026-09-13T13:36:04Z","tw_boards|twse:twse_openapi|tpex:mopsfin_t187ap03_O_csv|esb:tpex_openapi_esb"
"3644.TWO","凌嘉科技股份有限公司","ESB","半導體業","sc.Foundry","2026-09-13T13:36:04Z","tw_boards|twse:twse_openapi|tpex:mopsfin_t187ap03_O_csv|esb:tpex_openapi_esb"
"3659.TWO","百辰光電股份有限公司","ESB","光電業","ec.Hardware","2026-09-13T13:36:04Z","tw_boards|twse:twse_openapi|tpex:mopsfin_t187ap03_O_csv|esb:tpex_openapi_esb"
"3678.TWO","聯享光電股份有限公司","ESB","光電業","ec.Hardware","2026-09-13T13:36:04Z","tw_boards|twse:twse_openapi|tpex:mopsfin_t187ap03_O_csv|esb:tpex_openapi_esb"
"4115.TWO","善德生化科技股份有限公司","ESB","生技醫療業","hc.Medtech","2026-09-13T13:36:04Z","tw_boards|twse:twse_openapi|tpex:mopsfin_t187ap03_O_csv|esb:tpex_openapi_esb"
"4117.TWO","普生股份有限公司","ESB","生技醫療業","hc.Medtech","2026-09-13T13:36:04Z","tw_boards|twse:twse_openapi|tpex:mopsfin_t187ap03_O_csv|esb:tpex_openapi_esb"
"4170.TWO","鑫品生醫科技股份有限公司","ESB","生技醫療業","hc.Medtech","2026-09-13T13:36:04Z","tw_boards|twse:twse_openapi|tpex:mopsfin_t187ap03_O_csv|esb:tpex_openapi_esb"
"4172.TWO","因華生技製藥股份有限公司","ESB","生技醫療業","hc.Medtech","2026-09-13T13:36:04Z","tw_boards|twse:twse_openapi|tpex:mopsfin_t187ap03_O_csv|esb:tpex_openapi_esb"
"4186.TWO","台灣尖端先進生技醫藥(股)公司","ESB","生技醫療業","hc.Medtech","2026-09-13T13:36:04Z","tw_boards|twse:twse_openapi|tpex:mopsfin_t187ap03_O_csv|esb:tpex_openapi_esb"
"4194.TWO","禾伸堂生技股份有限公司","ESB","生技醫療業","hc.Medtech","2026-09-13T13:36:04Z","tw_boards|twse:twse_openapi|tpex:mopsfin_t187ap03_O_csv|esb:tpex_openapi_esb"
"4197.TWO","暐世生物科技股份有限公司","ESB","生技醫療業","hc.Medtech","2026-09-13T13:36:04Z","tw_boards|twse:twse_openapi|tpex:mopsfin_t187ap03_O_csv|esb:tpex_openapi_esb"
"4431.TWO","敏成健康科技股份有限公司","ESB","其他業","lab.Unmapped","2026-09-13T13:36:04Z","tw_boards|twse:twse_openapi|tpex:mopsfin_t187ap03_O_csv|esb:tpex_openapi_esb"
"4537.TWO","旭東機械工業股份有限公司","ESB","光電業","ec.Hardware","2026-09-13T13:36:04Z","tw_boards|twse:twse_openapi|tpex:mopsfin_t187ap03_O_csv|esb:tpex_openapi_esb"
"4544.TWO","春日機械工業股份有限公司","ESB","電機機械","ind.Machinery","2026-09-13T13:36:04Z","tw_boards|twse:twse_openapi|tpex:mopsfin_t187ap03_O_csv|esb:tpex_openapi_esb"
"4553.TWO","盛復工業股份有限公司","ESB","電機機械","ind.Machinery","2026-09-13T13:36:04Z","tw_boards|twse:twse_openapi|tpex:mopsfin_t187ap03_O_csv|esb:tpex_openapi_esb"
"4559.TWO","久裕興業科技股份有限公司","ESB","運動休閒","lab.Unmapped","2026-09-13T13:36:04Z","tw_boards|twse:twse_openapi|tpex:mopsfin_t187ap03_O_csv|esb:tpex_openapi_esb"
"4565.TWO","宏偉電機工業股份有限公司","ESB","電機機械","ind.Machinery","2026-09-13T13:36:04Z","tw_boards|twse:twse_openapi|tpex:mopsfin_t187ap03_O_csv|esb:tpex_openapi_esb"
"4570.TWO","傑生工業股份有限公司","ESB","電機機械","ind.Machinery","2026-09-13T13:36:04Z","tw_boards|twse:twse_openapi|tpex:mopsfin_t187ap03_O_csv|esb:tpex_openapi_esb"
"4573.TWO","高明鐵企業股份有限公司","ESB","電機機械","ind.Machinery","2026-09-13T13:36:04Z","tw_boards|twse:twse_openapi|tpex:mopsfin_t187ap03_O_csv|esb:tpex_openapi_esb"
"4575.TWO","銓寶工業股份有限公司","ESB","電機機械","ind.Machinery","2026-09-13T13:36:04Z","tw_boards|twse:twse_openapi|tpex:mopsfin_t187ap03_O_csv|esb:tpex_openapi_esb"
"4587.TWO","寶元數控股份有限公司","ESB","電機機械","ind.Machinery","2026-09-13T13:36:04Z","tw_boards|twse:twse_openapi|tpex:mopsfin_t187ap03_O_csv|esb:tpex_openapi_esb"
"4589.TWO","碩陽電機股份有限公司","ESB","電機機械","ind.Machinery","2026-09-13T13:36:04Z","tw_boards|twse:twse_openapi|tpex:mopsfin_t187ap03_O_csv|esb:tpex_openapi_esb"
"4724.TWO","宣捷幹細胞生技股份有限公司","ESB","生技醫療業","hc.Medtech","2026-09-13T13:36:04Z","tw_boards|twse:twse_openapi|tpex:mopsfin_t187ap03_O_csv|esb:tpex_openapi_esb"
"4732.TWO","彥臣生技藥品股份有限公司","ESB","生技醫療業","hc.Medtech","2026-09-13T13:36:04Z","tw_boards|twse:twse_openapi|tpex:mopsfin_t187ap03_O_csv|esb:tpex_openapi_esb"
"4738.TWO","大同精密化學股份有限公司","ESB","化學工業","mat.Chemicals","2026-09-13T13:36:04Z","tw_boards|twse:twse_openapi|tpex:mopsfin_t187ap03_O_csv|esb:tpex_openapi_esb"
"4765.TWO","磐采股份有限公司","ESB","化學工業","mat.Chemicals","2026-09-13T13:36:04Z","tw_boards|twse:twse_openapi|tpex:mopsfin_t187ap03_O_csv|esb:tpex_openapi_esb"
"4925.TWO","智微科技股份有限公司","ESB","半導體業","sc.Foundry","2026-09-13T13:36:04Z","tw_boards|twse:twse_openapi|tpex:mopsfin_t187ap03_O_csv|esb:tpex_openapi_esb"
"4980.TWO","佐臻股份有限公司","ESB","電子零組件業","ec.Hardware","2026-09-13T13:36:04Z","tw_boards|twse:twse_openapi|tpex:mopsfin_t187ap03_O_csv|esb:tpex_openapi_esb"
"5240.TWO","建騰創達科技股份有限公司","ESB","光電業","ec.Hardware","2026-09-13T13:36:04Z","tw_boards|twse:twse_openapi|tpex:mopsfin_t187ap03_O_csv|esb:tpex_openapi_esb"
"5246.TWO","勵威電子股份有限公司","ESB","半導體業","sc.Foundry","2026-09-13T13:36:04Z","tw_boards|twse:twse_openapi|tpex:mopsfin_t187ap03_O_csv|esb:tpex_openapi_esb"
"5248.TWO","景傳光電股份有限公司","ESB","光電業","ec.Hardware","2026-09-13T13:36:04Z","tw_boards|twse:twse_openapi|tpex:mopsfin_t187ap03_O_csv|esb:tpex_openapi_esb"
"5254.TWO","欣訊科技股份有限公司","ESB","電子零組件業","ec.Hardware","2026-09-13T13:36:04Z","tw_boards|twse:twse_openapi|tpex:mopsfin_t187ap03_O_csv|esb:tpex_openapi_esb"
"5262.TWO","立達國際電子股份有限公司","ESB","半導體業","sc.Foundry","2026-09-13T13:36:04Z","tw_boards|twse:twse_openapi|tpex:mopsfin_t187ap03_O_csv|esb:tpex_openapi_esb"
"5267.TWO","龍翩真空科技股份有限公司","ESB","光電業","ec.Hardware","2026-09-13T13:36:04Z","tw_boards|twse:twse_openapi|tpex:mopsfin_t187ap03_O_csv|esb:tpex_openapi_esb"
"5271.TWO","紘通企業股份有限公司","ESB","電子零組件業","ec.Hardware","2026-09-13T13:36:04Z","tw_boards|twse:twse_openapi|tpex:mopsfin_t187ap03_O_csv|esb:tpex_openapi_esb"
"5297.TWO","廣化科技股份有限公司","ESB","半導體業","sc.Foundry","2026-09-13T13:36:04Z","tw_boards|twse:twse_openapi|tpex:mopsfin_t187ap03_O_csv|esb:tpex_openapi_esb"
"5859.TWO","遠雄人壽保險事業股份有限公司","ESB","金融保險業","fn.Banking","2026-09-13T13:36:04Z","tw_boards|twse:twse_openapi|tpex:mopsfin_t187ap03_O_csv|esb:tpex_openapi_esb"
"5863.TWO","瑞興商業銀行股份有限公司","ESB","金融保險業","fn.Banking","2026-09-13T13:36:04Z","tw_boards|twse:twse_openapi|tpex:mopsfin_t187ap03_O_csv|esb:tpex_openapi_esb"
"6027.TWO","德信綜合證券(股)公司","ESB","金融保險業","fn.Banking","2026-09-13T13:36:04Z","tw_boards|twse:twse_openapi|tpex:mopsfin_t187ap03_O_csv|esb:tpex_openapi_esb"
"6035.TWO","悠遊卡股份有限公司","ESB","金融保險業","fn.Banking","2026-09-13T13:36:04Z","tw_boards|twse:twse_openapi|tpex:mopsfin_t187ap03_O_csv|esb:tpex_openapi_esb"
"6407.TWO","相互股份有限公司","ESB","電子零組件業","ec.Hardware","2026-09-13T13:36:04Z","tw_boards|twse:twse_openapi|tpex:mopsfin_t187ap03_O_csv|esb:tpex_openapi_esb"
"6428.TWO","台灣淘米科技股份有限公司","ESB","文化創意業","media.Entertainment","2026-09-13T13:36:04Z","tw_boards|twse:twse_openapi|tpex:mopsfin_t187ap03_O_csv|esb:tpex_openapi_esb"
"6434.TWO","達輝光電股份有限公司","ESB","光電業","ec.Hardware","2026-09-13T13:36:04Z","tw_boards|twse:twse_openapi|tpex:mopsfin_t187ap03_O_csv|esb:tpex_openapi_esb"
"6467.TWO","泰合生技藥品股份有限公司","ESB","生技醫療業","hc.Medtech","2026-09-13T13:36:04Z","tw_boards|twse:twse_openapi|tpex:mopsfin_t187ap03_O_csv|esb:tpex_openapi_esb"
"6473.TWO","美賣科技股份有限公司","ESB","數位雲端","lab.Unmapped","2026-09-13T13:36:04Z","tw_boards|twse:twse_openapi|tpex:mopsfin_t187ap03_O_csv|esb:tpex_openapi_esb"
"6483.TWO","原創生醫股份有限公司","ESB","生技醫療業","hc.Medtech","2026-09-13T13:36:04Z","tw_boards|twse:twse_openapi|tpex:mopsfin_t187ap03_O_csv|esb:tpex_openapi_esb"
"6493.TWO","雷虎生技股份有限公司","ESB","生技醫療業","hc.Medtech","2026-09-13T13:36:04Z","tw_boards|twse:twse_openapi|tpex:mopsfin_t187ap03_O_csv|esb:tpex_openapi_esb"
"6518.TWO","康科特股份有限公司","ESB","生技醫療業","hc.Medtech","2026-09-13T13:36:04Z","tw_boards|twse:twse_openapi|tpex:mopsfin_t187ap03_O_csv|esb:tpex_openapi_esb"
"6536.TWO","碩豐數位科技股份有限公司","ESB","資訊服務業","ec.Hardware","2026-09-13T13:36:04Z","tw_boards|twse:twse_openapi|tpex:mopsfin_t187ap03_O_csv|esb:tpex_openapi_esb"
"6539.TWO","麗彤生醫科技股份有限公司","ESB","生技醫療業","hc.Medtech","2026-09-13T13:36:04Z","tw_boards|twse:twse_openapi|tpex:mopsfin_t187ap03_O_csv|esb:tpex_openapi_esb"
"6543.TWO","普惠醫工股份有限公司","ESB","生技醫療業","hc.Medtech","2026-09-13T13:36:04Z","tw_boards|twse:twse_openapi|tpex:mopsfin_t187ap03_O_csv|esb:tpex_openapi_esb"
"6549.TWO","景凱生物科技股份有限公司","ESB","生技醫療業","hc.Medtech","2026-09-13T13:36:04Z","tw_boards|twse:twse_openapi|tpex:mopsfin_t187ap03_O_csv|esb:tpex_openapi_esb"
"6555.TWO","榮炭科技股份有限公司","ESB","電子零組件業","ec.Hardware","2026-09-13T13:36:04Z","tw_boards|twse:twse_openapi|tpex:mopsfin_t187ap03_O_csv|esb:tpex_openapi_esb"
"6559.TWO","研晶光電股份有限公司","ESB","光電業","ec.Hardware","2026-09-13T13:36:04Z","tw_boards|twse:twse_openapi|tpex:mopsfin_t187ap03_O_csv|esb:tpex_openapi_esb"
"6563.TWO","映智科技股份有限公司","ESB","半導體業","sc.Foundry","2026-09-13T13:36:04Z","tw_boards|twse:twse_openapi|tpex:mopsfin_t187ap03_O_csv|esb:tpex_openapi_esb"
"6564.TWO","安特羅生物科技股份有限公司","ESB","生技醫療業","hc.Medtech","2026-09-13T13:36:04Z","tw_boards|twse:twse_openapi|tpex:mopsfin_t187ap03_O_csv|esb:tpex_openapi_esb"
"6565.TWO","物聯智慧股份有限公司","ESB","數位雲端","lab.Unmapped","2026-09-13T13:36:04Z","tw_boards|twse:twse_openapi|tpex:mopsfin_t187ap03_O_csv|esb:tpex_openapi_esb"
"6572.TWO","博錸生技股份有限公司","ESB","生技醫療業","hc.Medtech","2026-09-13T13:36:04Z","tw_boards|twse:twse_openapi|tpex:mopsfin_t187ap03_O_csv|esb:tpex_openapi_esb"
"6580.TWO","台睿生物科技股份有限公司","ESB","生技醫療業","hc.Medtech","2026-09-13T13:36:04Z","tw_boards|twse:twse_openapi|tpex:mopsfin_t187ap03_O_csv|esb:tpex_openapi_esb"
"6583.TWO","友松娛樂股份有限公司","ESB","文化創意業","media.Entertainment","2026-09-13T13:36:04Z","tw_boards|twse:twse_openapi|tpex:mopsfin_t187ap03_O_csv|esb:tpex_openapi_esb"
"6586.TWO","醣基生醫股份有限公司","ESB","生技醫療業","hc.Medtech","2026-09-13T13:36:04Z","tw_boards|twse:twse_openapi|tpex:mopsfin_t187ap03_O_csv|esb:tpex_openapi_esb"
"6595.TWO","光禹國際數位娛樂開發(股)公司","ESB","文化創意業","media.Entertainment","2026-09-13T13:36:04Z","tw_boards|twse:twse_openapi|tpex:mopsfin_t187ap03_O_csv|esb:tpex_openapi_esb"
"6599.TWO","普達系統股份有限公司","ESB","電腦及週邊設備業","ec.Hardware","2026-09-13T13:36:04Z","tw_boards|twse:twse_openapi|tpex:mopsfin_t187ap03_O_csv|esb:tpex_openapi_esb"
"6604.TWO","儒億科技股份有限公司","ESB","電機機械","ind.Machinery","2026-09-13T13:36:04Z","tw_boards|twse:twse_openapi|tpex:mopsfin_t187ap03_O_csv|esb:tpex_openapi_esb"
"6610.TWO","安成生物科技股份有限公司","ESB","生技醫療業","hc.Medtech","2026-09-13T13:36:04Z","tw_boards|twse:twse_openapi|tpex:mopsfin_t187ap03_O_csv|esb:tpex_openapi_esb"
"6618.TWO","永虹先進材料股份有限公司","ESB","化學工業","mat.Chemicals","2026-09-13T13:36:04Z","tw_boards|twse:twse_openapi|tpex:mopsfin_t187ap03_O_csv|esb:tpex_openapi_esb"
"6621.TWO","華宇藥品股份有限公司","ESB","生技醫療業","hc.Medtech","2026-09-13T13:36:04Z","tw_boards|twse:twse_openapi|tpex:mopsfin_t187ap03_O_csv|esb:tpex_openapi_esb"
"6622.TWO","百聿數碼創意股份有限公司","ESB","文化創意業","media.Entertainment","2026-09-13T13:36:04Z","tw_boards|twse:twse_openapi|tpex:mopsfin_t187ap03_O_csv|esb:tpex_openapi_esb"
"6634.TWO","欣耀生醫股份有限公司","ESB","生技醫療業","hc.Medtech","2026-09-13T13:36:04Z","tw_boards|twse:twse_openapi|tpex:mopsfin_t187ap03_O_csv|esb:tpex_openapi_esb"
"6638.TWO","沅聖科技股份有限公司","ESB","電腦及週邊設備業","ec.Hardware","2026-09-13T13:36:04Z","tw_boards|twse:twse_openapi|tpex:mopsfin_t187ap03_O_csv|esb:tpex_openapi_esb"
"6639.TWO","源大環能股份有限公司","ESB","油電燃氣業","en.Utilities","2026-09-13T13:36:04Z","tw_boards|twse:twse_openapi|tpex:mopsfin_t187ap03_O_csv|esb:tpex_openapi_esb"
"6648.TWO","斯其大科技股份有限公司","ESB","其他電子業","ec.Hardware","2026-09-13T13:36:04Z","tw_boards|twse:twse_openapi|tpex:mopsfin_t187ap03_O_csv|esb:tpex_openapi_esb"
"6650.TWO","帝圖科技文化股份有限公司","ESB","文化創意業","media.Entertainment","2026-09-13T13:36:04Z","tw_boards|twse:twse_openapi|tpex:mopsfin_t187ap03_O_csv|esb:tpex_openapi_esb"
"6659.TWO","天明製藥股份有限公司","ESB","生技醫療業","hc.Medtech","2026-09-13T13:36:04Z","tw_boards|twse:twse_openapi|tpex:mopsfin_t187ap03_O_csv|esb:tpex_openapi_esb"
"6665.TWO","康聯生醫科技股份有限公司","ESB","生技醫療業","hc.Medtech","2026-09-13T13:36:04Z","tw_boards|twse:twse_openapi|tpex:mopsfin_t187ap03_O_csv|esb:tpex_openapi_esb"
"6673.TWO","和詮科技股份有限公司","ESB","光電業","ec.Hardware","2026-09-13T13:36:04Z","tw_boards|twse:twse_openapi|tpex:mopsfin_t187ap03_O_csv|esb:tpex_openapi_esb"
"6676.TWO","祥翊製藥股份有限公司","ESB","生技醫療業","hc.Medtech","2026-09-13T13:36:04Z","tw_boards|twse:twse_openapi|tpex:mopsfin_t187ap03_O_csv|esb:tpex_openapi_esb"
"6677.TWO","瑩碩生技醫藥股份有限公司","ESB","生技醫療業","hc.Medtech","2026-09-13T13:36:04Z","tw_boards|twse:twse_openapi|tpex:mopsfin_t187ap03_O_csv|esb:tpex_openapi_esb"
"6682.TWO","華旭先進股份有限公司","ESB","光電業","ec.Hardware","2026-09-13T13:36:04Z","tw_boards|twse:twse_openapi|tpex:mopsfin_t187ap03_O_csv|esb:tpex_openapi_esb"
"6696.TWO","仁新醫藥股份有限公司","ESB","生技醫療業","hc.Medtech","2026-09-13T13:36:04Z","tw_boards|twse:twse_openapi|tpex:mopsfin_t187ap03_O_csv|esb:tpex_openapi_esb"
"6704.TWO","國璽幹細胞應用技術股份有限公司","ESB","生技醫療業","hc.Medtech","2026-09-13T13:36:04Z","tw_boards|twse:twse_openapi|tpex:mopsfin_t187ap03_O_csv|esb:tpex_openapi_esb"
"6705.TWO","振躍精密滑軌股份有限公司","ESB","電機機械","ind.Machinery","2026-09-13T13:36:04Z","tw_boards|twse:twse_openapi|tpex:mopsfin_t187ap03_O_csv|esb:tpex_openapi_esb"
"6707.TWO","富基電通股份有限公司","ESB","電子通路業","lab.Unmapped","2026-09-13T13:36:04Z","tw_boards|twse:twse_openapi|tpex:mopsfin_t187ap03_O_csv|esb:tpex_openapi_esb"
"6709.TWO","昱厚生技股份有限公司","ESB","生技醫療業","hc.Medtech","2026-09-13T13:36:04Z","tw_boards|twse:twse_openapi|tpex:mopsfin_t187ap03_O_csv|esb:tpex_openapi_esb"
"6723.TWO","傑智環境科技股份有限公司","ESB","綠能環保","lab.Unmapped","2026-09-13T13:36:04Z","tw_boards|twse:twse_openapi|tpex:mopsfin_t187ap03_O_csv|esb:tpex_openapi_esb"
"6729.TWO","機光科技股份有限公司","ESB","光電業","ec.Hardware","2026-09-13T13:36:04Z","tw_boards|twse:twse_openapi|tpex:mopsfin_t187ap03_O_csv|esb:tpex_openapi_esb"
"6734.TWO","安盛生科股份有限公司","ESB","生技醫療業","hc.Medtech","2026-09-13T13:36:04Z","tw_boards|twse:twse_openapi|tpex:mopsfin_t187ap03_O_csv|esb:tpex_openapi_esb"
"6737.TWO","秀育企業股份有限公司","ESB","電腦及週邊設備業","ec.Hardware","2026-09-13T13:36:04Z","tw_boards|twse:twse_openapi|tpex:mopsfin_t187ap03_O_csv|esb:tpex_openapi_esb"
"6738.TWO","鼎恒數位科技股份有限公司","ESB","資訊服務業","ec.Hardware","2026-09-13T13:36:04Z","tw_boards|twse:twse_openapi|tpex:mopsfin_t187ap03_O_csv|esb:tpex_openapi_esb"
"6744.TWO","豐技生物科技股份有限公司","ESB","生技醫療業","hc.Medtech","2026-09-13T13:36:04Z","tw_boards|twse:twse_openapi|tpex:mopsfin_t187ap03_O_csv|esb:tpex_openapi_esb"
"6748.TWO","亞果生醫股份有限公司","ESB","生技醫療業","hc.Medtech","2026-09-13T13:36:04Z","tw_boards|twse:twse_openapi|tpex:mopsfin_t187ap03_O_csv|esb:tpex_openapi_esb"
"6750.TWO","泰創工程股份有限公司","ESB","其他電子業","ec.Hardware","2026-09-13T13:36:04Z","tw_boards|twse:twse_openapi|tpex:mopsfin_t187ap03_O_csv|esb:tpex_openapi_esb"
"6755.TWO","連鋐科技股份有限公司","ESB","電子零組件業","ec.Hardware","2026-09-13T13:36:04Z","tw_boards|twse:twse_openapi|tpex:mopsfin_t187ap03_O_csv|esb:tpex_openapi_esb"
"6758.TWO","冠亞生技股份有限公司","ESB","生技醫療業","hc.Medtech","2026-09-13T13:36:04Z","tw_boards|twse:twse_openapi|tpex:mopsfin_t187ap03_O_csv|esb:tpex_openapi_esb"
"6775.TWO","穎台科技股份有限公司","ESB","光電業","ec.Hardware","2026-09-13T13:36:04Z","tw_boards|twse:twse_openapi|tpex:mopsfin_t187ap03_O_csv|esb:tpex_openapi_esb"
"6780.TWO","學習王科技股份有限公司","ESB","文化創意業","media.Entertainment","2026-09-13T13:36:04Z","tw_boards|twse:twse_openapi|tpex:mopsfin_t187ap03_O_csv|esb:tpex_openapi_esb"
"6784.TWO","天凱科技股份有限公司","ESB","通信網路業","ec.Hardware","2026-09-13T13:36:04Z","tw_boards|twse:twse_openapi|tpex:mopsfin_t187ap03_O_csv|esb:tpex_openapi_esb"
"6786.TWO","芯測科技股份有限公司","ESB","半導體業","sc.Foundry","2026-09-13T13:36:04Z","tw_boards|twse:twse_openapi|tpex:mopsfin_t187ap03_O_csv|esb:tpex_openapi_esb"
"6787.TWO","晶瑞光電股份有限公司","ESB","光電業","ec.Hardware","2026-09-13T13:36:04Z","tw_boards|twse:twse_openapi|tpex:mopsfin_t187ap03_O_csv|esb:tpex_openapi_esb"
"6793.TWO","天力離岸風電科技股份有限公司","ESB","其他業","lab.Unmapped","2026-09-13T13:36:04Z","tw_boards|twse:twse_openapi|tpex:mopsfin_t187ap03_O_csv|esb:tpex_openapi_esb"
"6797.TWO","台灣圓點奈米技術股份有限公司","ESB","生技醫療業","hc.Medtech","2026-09-13T13:36:04Z","tw_boards|twse:twse_openapi|tpex:mopsfin_t187ap03_O_csv|esb:tpex_openapi_esb"
"6798.TWO","展逸國際企業股份有限公司","ESB","運動休閒","lab.Unmapped","2026-09-13T13:36:04Z","tw_boards|twse:twse_openapi|tpex:mopsfin_t187ap03_O_csv|esb:tpex_openapi_esb"
"6808.TWO","三鼎生物科技股份有限公司","ESB","生技醫療業","hc.Medtech","2026-09-13T13:36:04Z","tw_boards|twse:twse_openapi|tpex:mopsfin_t187ap03_O_csv|esb:tpex_openapi_esb"
"6810.TWO","新穎生醫股份有限公司","ESB","生技醫療業","hc.Medtech","2026-09-13T13:36:04Z","tw_boards|twse:twse_openapi|tpex:mopsfin_t187ap03_O_csv|esb:tpex_openapi_esb"
"6812.TWO","梭特科技股份有限公司","ESB","光電業","ec.Hardware","2026-09-13T13:36:04Z","tw_boards|twse:twse_openapi|tpex:mopsfin_t187ap03_O_csv|esb:tpex_openapi_esb"
"6814.TWO","路迦生醫股份有限公司","ESB","生技醫療業","hc.Medtech","2026-09-13T13:36:04Z","tw_boards|twse:twse_openapi|tpex:mopsfin_t187ap03_O_csv|esb:tpex_openapi_esb"
"6815.TWO","晶鑽生醫股份有限公司","ESB","生技醫療業","hc.Medtech","2026-09-13T13:36:04Z","tw_boards|twse:twse_openapi|tpex:mopsfin_t187ap03_O_csv|esb:tpex_openapi_esb"
"6816.TWO","捷智商訊科技股份有限公司","ESB","資訊服務業","ec.Hardware","2026-09-13T13:36:04Z","tw_boards|twse:twse_openapi|tpex:mopsfin_t187ap03_O_csv|esb:tpex_openapi_esb"
"6817.TWO","溫士頓醫藥股份有限公司","ESB","生技醫療業","hc.Medtech","2026-09-13T13:36:04Z","tw_boards|twse:twse_openapi|tpex:mopsfin_t187ap03_O_csv|esb:tpex_openapi_esb"
"6818.TWO","連騰科技股份有限公司","ESB","通信網路業","ec.Hardware","2026-09-13T13:36:04Z","tw_boards|twse:twse_openapi|tpex:mopsfin_t187ap03_O_csv|esb:tpex_openapi_esb"
"6819.TWO","眾智光電科技股份有限公司","ESB","半導體業","sc.Foundry","2026-09-13T13:36:04Z","tw_boards|twse:twse_openapi|tpex:mopsfin_t187ap03_O_csv|esb:tpex_openapi_esb"
"6820.TWO","連訊通信股份有限公司","ESB","通信網路業","ec.Hardware","2026-09-13T13:36:04Z","tw_boards|twse:twse_openapi|tpex:mopsfin_t187ap03_O_csv|esb:tpex_openapi_esb"
"6825.TWO","和暢科技股份有限公司","ESB","電腦及週邊設備業","ec.Hardware","2026-09-13T13:36:04Z","tw_boards|twse:twse_openapi|tpex:mopsfin_t187ap03_O_csv|esb:tpex_openapi_esb"
"6826.TWO","和淞科技股份有限公司","ESB","其他電子業","ec.Hardware","2026-09-13T13:36:04Z","tw_boards|twse:twse_openapi|tpex:mopsfin_t187ap03_O_csv|esb:tpex_openapi_esb"
"6827.TWO","巨生生醫股份有限公司","ESB","生技醫療業","hc.Medtech","2026-09-13T13:36:04Z","tw_boards|twse:twse_openapi|tpex:mopsfin_t187ap03_O_csv|esb:tpex_openapi_esb"
"6832.TWO","金鼎聯合科技纖維股份有限公司","ESB","其他業","lab.Unmapped","2026-09-13T13:36:04Z","tw_boards|twse:twse_openapi|tpex:mopsfin_t187ap03_O_csv|esb:tpex_openapi_esb"
"6833.TWO","太康精密股份有限公司","ESB","電子零組件業","ec.Hardware","2026-09-13T13:36:04Z","tw_boards|twse:twse_openapi|tpex:mopsfin_t187ap03_O_csv|esb:tpex_openapi_esb"
"6839.TWO","開陽能源股份有限公司","ESB","綠能環保","lab.Unmapped","2026-09-13T13:36:04Z","tw_boards|twse:twse_openapi|tpex:mopsfin_t187ap03_O_csv|esb:tpex_openapi_esb"
"6842.TWO","瑞宇國際股份有限公司","ESB","半導體業","sc.Foundry","2026-09-13T13:36:04Z","tw_boards|twse:twse_openapi|tpex:mopsfin_t187ap03_O_csv|esb:tpex_openapi_esb"
"6847.TWO","普瑞博生技股份有限公司","ESB","生技醫療業","hc.Medtech","2026-09-13T13:36:04Z","tw_boards|twse:twse_openapi|tpex:mopsfin_t187ap03_O_csv|esb:tpex_openapi_esb"
"6848.TWO","拉法生醫股份有限公司","ESB","生技醫療業","hc.Medtech","2026-09-13T13:36:04Z","tw_boards|twse:twse_openapi|tpex:mopsfin_t187ap03_O_csv|esb:tpex_openapi_esb"
"6849.TWO","奇鼎科技股份有限公司","ESB","其他電子業","ec.Hardware","2026-09-13T13:36:04Z","tw_boards|twse:twse_openapi|tpex:mopsfin_t187ap03_O_csv|esb:tpex_openapi_esb"
"6850.TWO","光鼎生物科技股份有限公司","ESB","生技醫療業","hc.Medtech","2026-09-13T13:36:04Z","tw_boards|twse:twse_openapi|tpex:mopsfin_t187ap03_O_csv|esb:tpex_openapi_esb"
"6857.TWO","宏碁智醫股份有限公司","ESB","生技醫療業","hc.Medtech","2026-09-13T13:36:04Z","tw_boards|twse:twse_openapi|tpex:mopsfin_t187ap03_O_csv|esb:tpex_openapi_esb"
"6858.TWO","愛比科技股份有限公司","ESB","電腦及週邊設備業","ec.Hardware","2026-09-13T13:36:04Z","tw_boards|twse:twse_openapi|tpex:mopsfin_t187ap03_O_csv|esb:tpex_openapi_esb"
"6864.TWO","元樟生物科技股份有限公司","ESB","生技醫療業","hc.Medtech","2026-09-13T13:36:04Z","tw_boards|twse:twse_openapi|tpex:mopsfin_t187ap03_O_csv|esb:tpex_openapi_esb"
"6867.TWO","坦德科技股份有限公司","ESB","光電業","ec.Hardware","2026-09-13T13:36:04Z","tw_boards|twse:twse_openapi|tpex:mopsfin_t187ap03_O_csv|esb:tpex_openapi_esb"
"6868.TWO","采威國際資訊股份有限公司","ESB","資訊服務業","ec.Hardware","2026-09-13T13:36:04Z","tw_boards|twse:twse_openapi|tpex:mopsfin_t187ap03_O_csv|esb:tpex_openapi_esb"
"6876.TWO","朗齊生物醫學股份有限公司","ESB","生技醫療業","hc.Medtech","2026-09-13T13:36:04Z","tw_boards|twse:twse_openapi|tpex:mopsfin_t187ap03_O_csv|esb:tpex_openapi_esb"
"6878.TWO","歐付寶電子支付股份有限公司","ESB","金融保險業","fn.Banking","2026-09-13T13:36:04Z","tw_boards|twse:twse_openapi|tpex:mopsfin_t187ap03_O_csv|esb:tpex_openapi_esb"
"6879.TWO","大江基因醫學股份有限公司","ESB","生技醫療業","hc.Medtech","2026-09-13T13:36:04Z","tw_boards|twse:twse_openapi|tpex:mopsfin_t187ap03_O_csv|esb:tpex_openapi_esb"
"6882.TWO","甲尚股份有限公司","ESB","資訊服務業","ec.Hardware","2026-09-13T13:36:04Z","tw_boards|twse:twse_openapi|tpex:mopsfin_t187ap03_O_csv|esb:tpex_openapi_esb"
"6886.TWO","遠東生物科技股份有限公司","ESB","食品工業","fmcg.Food_Beverages","2026-09-13T13:36:04Z","tw_boards|twse:twse_openapi|tpex:mopsfin_t187ap03_O_csv|esb:tpex_openapi_esb"
"6891.TWO","樂迦再生科技股份有限公司","ESB","生技醫療業","hc.Medtech","2026-09-13T13:36:04Z","tw_boards|twse:twse_openapi|tpex:mopsfin_t187ap03_O_csv|esb:tpex_openapi_esb"
"6892.TWO","台寶生醫股份有限公司","ESB","生技醫療業","hc.Medtech","2026-09-13T13:36:04Z","tw_boards|twse:twse_openapi|tpex:mopsfin_t187ap03_O_csv|esb:tpex_openapi_esb"
"6898.TWO","程曦資訊整合股份有限公司","ESB","資訊服務業","ec.Hardware","2026-09-13T13:36:04Z","tw_boards|twse:twse_openapi|tpex:mopsfin_t187ap03_O_csv|esb:tpex_openapi_esb"
"6911.TWO","群運環保股份有限公司","ESB","其他業","lab.Unmapped","2026-09-13T13:36:04Z","tw_boards|twse:twse_openapi|tpex:mopsfin_t187ap03_O_csv|esb:tpex_openapi_esb"
"6912.TWO","益鈞環保科技股份有限公司","ESB","綠能環保","lab.Unmapped","2026-09-13T13:36:04Z","tw_boards|twse:twse_openapi|tpex:mopsfin_t187ap03_O_csv|esb:tpex_openapi_esb"
"6915.TWO","美強光學股份有限公司","ESB","電子零組件業","ec.Hardware","2026-09-13T13:36:04Z","tw_boards|twse:twse_openapi|tpex:mopsfin_t187ap03_O_csv|esb:tpex_openapi_esb"
"6917.TWO","竟天生物科技股份有限公司","ESB","生技醫療業","hc.Medtech","2026-09-13T13:36:04Z","tw_boards|twse:twse_openapi|tpex:mopsfin_t187ap03_O_csv|esb:tpex_openapi_esb"
"6920.TWO","恆勁科技股份有限公司","ESB","半導體業","sc.Foundry","2026-09-13T13:36:04Z","tw_boards|twse:twse_openapi|tpex:mopsfin_t187ap03_O_csv|esb:tpex_openapi_esb"
"6926.TWO","聖安生醫股份有限公司","ESB","生技醫療業","hc.Medtech","2026-09-13T13:36:04Z","tw_boards|twse:twse_openapi|tpex:mopsfin_t187ap03_O_csv|esb:tpex_openapi_esb"
"6927.TWO","聯合聚晶股份有限公司","ESB","半導體業","sc.Foundry","2026-09-13T13:36:04Z","tw_boards|twse:twse_openapi|tpex:mopsfin_t187ap03_O_csv|esb:tpex_openapi_esb"
"6932.TWO","水星生醫股份有限公司","ESB","生技醫療業","hc.Medtech","2026-09-13T13:36:04Z","tw_boards|twse:twse_openapi|tpex:mopsfin_t187ap03_O_csv|esb:tpex_openapi_esb"
"6935.TWO","王子製藥股份有限公司","ESB","食品工業","fmcg.Food_Beverages","2026-09-13T13:36:04Z","tw_boards|twse:twse_openapi|tpex:mopsfin_t187ap03_O_csv|esb:tpex_openapi_esb"
"6938.TWO","藍新資訊股份有限公司","ESB","資訊服務業","ec.Hardware","2026-09-13T13:36:04Z","tw_boards|twse:twse_openapi|tpex:mopsfin_t187ap03_O_csv|esb:tpex_openapi_esb"
"6939.TWO","啟弘生物科技股份有限公司","ESB","生技醫療業","hc.Medtech","2026-09-13T13:36:04Z","tw_boards|twse:twse_openapi|tpex:mopsfin_t187ap03_O_csv|esb:tpex_openapi_esb"
"6940.TWO","格斯科技股份有限公司","ESB","電子零組件業","ec.Hardware","2026-09-13T13:36:04Z","tw_boards|twse:twse_openapi|tpex:mopsfin_t187ap03_O_csv|esb:tpex_openapi_esb"
"6946.TWO","三地能源股份有限公司","ESB","綠能環保","lab.Unmapped","2026-09-13T13:36:04Z","tw_boards|twse:twse_openapi|tpex:mopsfin_t187ap03_O_csv|esb:tpex_openapi_esb"
"6950.TWO","科科科技股份有限公司","ESB","數位雲端","lab.Unmapped","2026-09-13T13:36:04Z","tw_boards|twse:twse_openapi|tpex:mopsfin_t187ap03_O_csv|esb:tpex_openapi_esb"
"6959.TWO","兆捷科技國際股份有限公司","ESB","化學工業","mat.Chemicals","2026-09-13T13:36:04Z","tw_boards|twse:twse_openapi|tpex:mopsfin_t187ap03_O_csv|esb:tpex_openapi_esb"
"6963.TWO","品元實業股份有限公司","ESB","食品工業","fmcg.Food_Beverages","2026-09-13T13:36:04Z","tw_boards|twse:twse_openapi|tpex:mopsfin_t187ap03_O_csv|esb:tpex_openapi_esb"
"6972.TWO","博瑞達應用材料股份有限公司","ESB","化學工業","mat.Chemicals","2026-09-13T13:36:04Z","tw_boards|twse:twse_openapi|tpex:mopsfin_t187ap03_O_csv|esb:tpex_openapi_esb"
"6973.TWO","永立榮生醫股份有限公司","ESB","生技醫療業","hc.Medtech","2026-09-13T13:36:04Z","tw_boards|twse:twse_openapi|tpex:mopsfin_t187ap03_O_csv|esb:tpex_openapi_esb"
"6976.TWO","英屬開曼群島商育世博(股)公司","ESB","生技醫療業","hc.Medtech","2026-09-13T13:36:04Z","tw_boards|twse:twse_openapi|tpex:mopsfin_t187ap03_O_csv|esb:tpex_openapi_esb"
"6977.TWO","聯純科技股份有限公司","ESB","綠能環保","lab.Unmapped","2026-09-13T13:36:04Z","tw_boards|twse:twse_openapi|tpex:mopsfin_t187ap03_O_csv|esb:tpex_openapi_esb"
"6979.TWO","勝釩科技股份有限公司","ESB","光電業","ec.Hardware","2026-09-13T13:36:04Z","tw_boards|twse:twse_openapi|tpex:mopsfin_t187ap03_O_csv|esb:tpex_openapi_esb"
"6980.TWO","鐳洋科技股份有限公司","ESB","通信網路業","ec.Hardware","2026-09-13T13:36:04Z","tw_boards|twse:twse_openapi|tpex:mopsfin_t187ap03_O_csv|esb:tpex_openapi_esb"
"6984.TWO","交流資服股份有限公司","ESB","數位雲端","lab.Unmapped","2026-09-13T13:36:04Z","tw_boards|twse:twse_openapi|tpex:mopsfin_t187ap03_O_csv|esb:tpex_openapi_esb"
"6987.TWO","寶晶能源股份有限公司","ESB","綠能環保","lab.Unmapped","2026-09-13T13:36:04Z","tw_boards|twse:twse_openapi|tpex:mopsfin_t187ap03_O_csv|esb:tpex_openapi_esb"
"6990.TWO","華鉬實業股份有限公司","ESB","綠能環保","lab.Unmapped","2026-09-13T13:36:04Z","tw_boards|twse:twse_openapi|tpex:mopsfin_t187ap03_O_csv|esb:tpex_openapi_esb"
"6992.TWO","萬勝發科技股份有限公司","ESB","半導體業","sc.Foundry","2026-09-13T13:36:04Z","tw_boards|twse:twse_openapi|tpex:mopsfin_t187ap03_O_csv|esb:tpex_openapi_esb"
"6995.TWO","野獸國股份有限公司","ESB","其他業","lab.Unmapped","2026-09-13T13:36:04Z","tw_boards|twse:twse_openapi|tpex:mopsfin_t187ap03_O_csv|esb:tpex_openapi_esb"
"6999.TWO","瀚醫生技股份有限公司","ESB","生技醫療業","hc.Medtech","2026-09-13T13:36:04Z","tw_boards|twse:twse_openapi|tpex:mopsfin_t187ap03_O_csv|esb:tpex_openapi_esb"
"7415.TWO","元澄半導體科技股份有限公司","ESB","半導體業","sc.Foundry","2026-09-13T13:36:04Z","tw_boards|twse:twse_openapi|tpex:mopsfin_t187ap03_O_csv|esb:tpex_openapi_esb"
"7418.TWO","香繼光股份有限公司","ESB","觀光餐旅","retail.Brick_Mortar","2026-09-13T13:36:04Z","tw_boards|twse:twse_openapi|tpex:mopsfin_t187ap03_O_csv|esb:tpex_openapi_esb"
"7419.TWO","達勝科技股份有限公司","ESB","電子零組件業","ec.Hardware","2026-09-13T13:36:04Z","tw_boards|twse:twse_openapi|tpex:mopsfin_t187ap03_O_csv|esb:tpex_openapi_esb"
"7422.TWO","鴻林堂生物科技股份有限公司","ESB","生技醫療業","hc.Medtech","2026-09-13T13:36:04Z","tw_boards|twse:twse_openapi|tpex:mopsfin_t187ap03_O_csv|esb:tpex_openapi_esb"
"7427.TWO","華上生技醫藥股份有限公司","ESB","生技醫療業","hc.Medtech","2026-09-13T13:36:04Z","tw_boards|twse:twse_openapi|tpex:mopsfin_t187ap03_O_csv|esb:tpex_openapi_esb"
"7443.TWO","凡事康流體科技股份有限公司","ESB","其他業","lab.Unmapped","2026-09-13T13:36:04Z","tw_boards|twse:twse_openapi|tpex:mopsfin_t187ap03_O_csv|esb:tpex_openapi_esb"
"7455.TWO","樺緯物聯股份有限公司","ESB","電腦及週邊設備業","ec.Hardware","2026-09-13T13:36:04Z","tw_boards|twse:twse_openapi|tpex:mopsfin_t187ap03_O_csv|esb:tpex_openapi_esb"
"7507.TWO","環拓科技股份有限公司","ESB","綠能環保","lab.Unmapped","2026-09-13T13:36:04Z","tw_boards|twse:twse_openapi|tpex:mopsfin_t187ap03_O_csv|esb:tpex_openapi_esb"
"7516.TWO","清淨海生技股份有限公司","ESB","其他業","lab.Unmapped","2026-09-13T13:36:04Z","tw_boards|twse:twse_openapi|tpex:mopsfin_t187ap03_O_csv|esb:tpex_openapi_esb"
"7530.TWO","鋒魁科技股份有限公司","ESB","半導體業","sc.Foundry","2026-09-13T13:36:04Z","tw_boards|twse:twse_openapi|tpex:mopsfin_t187ap03_O_csv|esb:tpex_openapi_esb"
"7551.TWO","知識科技股份有限公司","ESB","數位雲端","lab.Unmapped","2026-09-13T13:36:04Z","tw_boards|twse:twse_openapi|tpex:mopsfin_t187ap03_O_csv|esb:tpex_openapi_esb"
"7558.TWO","群利科技股份有限公司","ESB","其他業","lab.Unmapped","2026-09-13T13:36:04Z","tw_boards|twse:twse_openapi|tpex:mopsfin_t187ap03_O_csv|esb:tpex_openapi_esb"
"7561.TWO","光晟生物科技股份有限公司","ESB","生技醫療業","hc.Medtech","2026-09-13T13:36:04Z","tw_boards|twse:twse_openapi|tpex:mopsfin_t187ap03_O_csv|esb:tpex_openapi_esb"
"7562.TWO","博來科技股份有限公司","ESB","電腦及週邊設備業","ec.Hardware","2026-09-13T13:36:04Z","tw_boards|twse:twse_openapi|tpex:mopsfin_t187ap03_O_csv|esb:tpex_openapi_esb"
"7566.TWO","亞果遊艇開發股份有限公司","ESB","觀光餐旅","retail.Brick_Mortar","2026-09-13T13:36:04Z","tw_boards|twse:twse_openapi|tpex:mopsfin_t187ap03_O_csv|esb:tpex_openapi_esb"
"7578.TWO","利百景股份有限公司","ESB","其他業","lab.Unmapped","2026-09-13T13:36:04Z","tw_boards|twse:twse_openapi|tpex:mopsfin_t187ap03_O_csv|esb:tpex_openapi_esb"
"7583.TWO","國際海洋股份有限公司","ESB","綠能環保","lab.Unmapped","2026-09-13T13:36:04Z","tw_boards|twse:twse_openapi|tpex:mopsfin_t187ap03_O_csv|esb:tpex_openapi_esb"
"7590.TWO","怡和國際股份有限公司","ESB","其他業","lab.Unmapped","2026-09-13T13:36:04Z","tw_boards|twse:twse_openapi|tpex:mopsfin_t187ap03_O_csv|esb:tpex_openapi_esb"
"7595.TWO","世基生物醫學股份有限公司","ESB","生技醫療業","hc.Medtech","2026-09-13T13:36:04Z","tw_boards|twse:twse_openapi|tpex:mopsfin_t187ap03_O_csv|esb:tpex_openapi_esb"
"7607.TWO","通用幹細胞股份有限公司","ESB","生技醫療業","hc.Medtech","2026-09-13T13:36:04Z","tw_boards|twse:twse_openapi|tpex:mopsfin_t187ap03_O_csv|esb:tpex_openapi_esb"
"7669.TWO","碩正科技股份有限公司","ESB","半導體業","sc.Foundry","2026-09-13T13:36:04Z","tw_boards|twse:twse_openapi|tpex:mopsfin_t187ap03_O_csv|esb:tpex_openapi_esb"
"7686.TWO","捷立康生物科技股份有限公司","ESB","生技醫療業","hc.Medtech","2026-09-13T13:36:04Z","tw_boards|twse:twse_openapi|tpex:mopsfin_t187ap03_O_csv|esb:tpex_openapi_esb"
"7702.TWO","前端離岸風電設備製造（股）公司","ESB","綠能環保","lab.Unmapped","2026-09-13T13:36:04Z","tw_boards|twse:twse_openapi|tpex:mopsfin_t187ap03_O_csv|esb:tpex_openapi_esb"
"7706.TWO","宏碁創達股份有限公司","ESB","其他業","lab.Unmapped","2026-09-13T13:36:04Z","tw_boards|twse:twse_openapi|tpex:mopsfin_t187ap03_O_csv|esb:tpex_openapi_esb"
"7707.TWO","益芯科技股份有限公司","ESB","半導體業","sc.Foundry","2026-09-13T13:36:04Z","tw_boards|twse:twse_openapi|tpex:mopsfin_t187ap03_O_csv|esb:tpex_openapi_esb"
"7710.TWO","東擎科技股份有限公司","ESB","電腦及週邊設備業","ec.Hardware","2026-09-13T13:36:04Z","tw_boards|twse:twse_openapi|tpex:mopsfin_t187ap03_O_csv|esb:tpex_openapi_esb"
"7719.TWO","碳基科技股份有限公司","ESB","其他業","lab.Unmapped","2026-09-13T13:36:04Z","tw_boards|twse:twse_openapi|tpex:mopsfin_t187ap03_O_csv|esb:tpex_openapi_esb"
"7724.TWO","諾亞克科技股份有限公司","ESB","生技醫療業","hc.Medtech","2026-09-13T13:36:04Z","tw_boards|twse:twse_openapi|tpex:mopsfin_t187ap03_O_csv|esb:tpex_openapi_esb"
"7725.TWO","列特博生技股份有限公司","ESB","生技醫療業","hc.Medtech","2026-09-13T13:36:04Z","tw_boards|twse:twse_openapi|tpex:mopsfin_t187ap03_O_csv|esb:tpex_openapi_esb"
"7726.TWO","暄達醫學科技股份有限公司","ESB","生技醫療業","hc.Medtech","2026-09-13T13:36:04Z","tw_boards|twse:twse_openapi|tpex:mopsfin_t187ap03_O_csv|esb:tpex_openapi_esb"
"7729.TWO","仲恩生醫科技股份有限公司","ESB","生技醫療業","hc.Medtech","2026-09-13T13:36:04Z","tw_boards|twse:twse_openapi|tpex:mopsfin_t187ap03_O_csv|esb:tpex_openapi_esb"
"7731.TWO","火星生技股份有限公司","ESB","食品工業","fmcg.Food_Beverages","2026-09-13T13:36:04Z","tw_boards|twse:twse_openapi|tpex:mopsfin_t187ap03_O_csv|esb:tpex_openapi_esb"
"7735.TWO","台灣智慧雲端服務股份有限公司","ESB","資訊服務業","ec.Hardware","2026-09-13T13:36:04Z","tw_boards|twse:twse_openapi|tpex:mopsfin_t187ap03_O_csv|esb:tpex_openapi_esb"
"7737.TWO","凱鈿行動科技股份有限公司","ESB","數位雲端","lab.Unmapped","2026-09-13T13:36:04Z","tw_boards|twse:twse_openapi|tpex:mopsfin_t187ap03_O_csv|esb:tpex_openapi_esb"
"7742.TWO","天弘化學股份有限公司","ESB","化學工業","mat.Chemicals","2026-09-13T13:36:04Z","tw_boards|twse:twse_openapi|tpex:mopsfin_t187ap03_O_csv|esb:tpex_openapi_esb"
"7745.TWO","紅陽科技股份有限公司","ESB","數位雲端","lab.Unmapped","2026-09-13T13:36:04Z","tw_boards|twse:twse_openapi|tpex:mopsfin_t187ap03_O_csv|esb:tpex_openapi_esb"
"7748.TWO","鑫囍創業股份有限公司","ESB","其他業","lab.Unmapped","2026-09-13T13:36:04Z","tw_boards|twse:twse_openapi|tpex:mopsfin_t187ap03_O_csv|esb:tpex_openapi_esb"
"7752.TWO","世紀樺欣風能股份有限公司","ESB","綠能環保","lab.Unmapped","2026-09-13T13:36:04Z","tw_boards|twse:twse_openapi|tpex:mopsfin_t187ap03_O_csv|esb:tpex_openapi_esb"
"7754.TWO","安基生技新藥股份有限公司","ESB","生技醫療業","hc.Medtech","2026-09-13T13:36:04Z","tw_boards|twse:twse_openapi|tpex:mopsfin_t187ap03_O_csv|esb:tpex_openapi_esb"
"7756.TWO","多那之國際股份有限公司","ESB","觀光餐旅","retail.Brick_Mortar","2026-09-13T13:36:04Z","tw_boards|twse:twse_openapi|tpex:mopsfin_t187ap03_O_csv|esb:tpex_openapi_esb"
"7758.TWO","睿騰能源股份有限公司","ESB","電子零組件業","ec.Hardware","2026-09-13T13:36:04Z","tw_boards|twse:twse_openapi|tpex:mopsfin_t187ap03_O_csv|esb:tpex_openapi_esb"
"7759.TWO","視航生物醫學股份有限公司","ESB","生技醫療業","hc.Medtech","2026-09-13T13:36:04Z","tw_boards|twse:twse_openapi|tpex:mopsfin_t187ap03_O_csv|esb:tpex_openapi_esb"
"7761.TWO","三大未來科技股份有限公司","ESB","綠能環保","lab.Unmapped","2026-09-13T13:36:04Z","tw_boards|twse:twse_openapi|tpex:mopsfin_t187ap03_O_csv|esb:tpex_openapi_esb"
"7762.TWO","吉晟生技股份有限公司","ESB","生技醫療業","hc.Medtech","2026-09-13T13:36:04Z","tw_boards|twse:twse_openapi|tpex:mopsfin_t187ap03_O_csv|esb:tpex_openapi_esb"
"7763.TWO","崇舜股份有限公司","ESB","化學工業","mat.Chemicals","2026-09-13T13:36:04Z","tw_boards|twse:twse_openapi|tpex:mopsfin_t187ap03_O_csv|esb:tpex_openapi_esb"
"7764.TWO","聖州企業股份有限公司","ESB","其他業","lab.Unmapped","2026-09-13T13:36:04Z","tw_boards|twse:twse_openapi|tpex:mopsfin_t187ap03_O_csv|esb:tpex_openapi_esb"
"7771.TWO","綠基企業股份有限公司","ESB","光電業","ec.Hardware","2026-09-13T13:36:04Z","tw_boards|twse:twse_openapi|tpex:mopsfin_t187ap03_O_csv|esb:tpex_openapi_esb"
"7773.TWO","富禾生醫股份有限公司","ESB","生技醫療業","hc.Medtech","2026-09-13T13:36:04Z","tw_boards|twse:twse_openapi|tpex:mopsfin_t187ap03_O_csv|esb:tpex_openapi_esb"
"7776.TWO","奧孟亞股份有限公司","ESB","生技醫療業","hc.Medtech","2026-09-13T13:36:04Z","tw_boards|twse:twse_openapi|tpex:mopsfin_t187ap03_O_csv|esb:tpex_openapi_esb"
"7779.TWO","鍇睿國際數位股份有限公司","ESB","運動休閒","lab.Unmapped","2026-09-13T13:36:04Z","tw_boards|twse:twse_openapi|tpex:mopsfin_t187ap03_O_csv|esb:tpex_openapi_esb"
"7781.TWO","昕力資訊股份有限公司","ESB","數位雲端","lab.Unmapped","2026-09-13T13:36:04Z","tw_boards|twse:twse_openapi|tpex:mopsfin_t187ap03_O_csv|esb:tpex_openapi_esb"
"7783.TWO","佳運重機械工程股份有限公司","ESB","綠能環保","lab.Unmapped","2026-09-13T13:36:04Z","tw_boards|twse:twse_openapi|tpex:mopsfin_t187ap03_O_csv|esb:tpex_openapi_esb"
"7784.TWO","安邦生技股份有限公司","ESB","生技醫療業","hc.Medtech","2026-09-13T13:36:04Z","tw_boards|twse:twse_openapi|tpex:mopsfin_t187ap03_O_csv|esb:tpex_openapi_esb"
"7785.TWO","北祥科技服務股份有限公司","ESB","數位雲端","lab.Unmapped","2026-09-13T13:36:04Z","tw_boards|twse:twse_openapi|tpex:mopsfin_t187ap03_O_csv|esb:tpex_openapi_esb"
"7789.TWO","開展餐飲股份有限公司","ESB","觀光餐旅","retail.Brick_Mortar","2026-09-13T13:36:04Z","tw_boards|twse:twse_openapi|tpex:mopsfin_t187ap03_O_csv|esb:tpex_openapi_esb"
"7790.TWO","思必瑞特生技股份有限公司","ESB","生技醫療業","hc.Medtech","2026-09-13T13:36:04Z","tw_boards|twse:twse_openapi|tpex:mopsfin_t187ap03_O_csv|esb:tpex_openapi_esb"
"7796.TWO","擷發科技股份有限公司","ESB","半導體業","sc.Foundry","2026-09-13T13:36:04Z","tw_boards|twse:twse_openapi|tpex:mopsfin_t187ap03_O_csv|esb:tpex_openapi_esb"
"7797.TWO","饗樂餐飲實業股份有限公司","ESB","觀光餐旅","retail.Brick_Mortar","2026-09-13T13:36:04Z","tw_boards|twse:twse_openapi|tpex:mopsfin_t187ap03_O_csv|esb:tpex_openapi_esb"
"7798.TWO","將捷股份有限公司","ESB","建材營造業","ind.Machinery","2026-09-13T13:36:04Z","tw_boards|twse:twse_openapi|tpex:mopsfin_t187ap03_O_csv|esb:tpex_openapi_esb"
"7801.TWO","華芸科技股份有限公司","ESB","資訊服務業","ec.Hardware","2026-09-13T13:36:04Z","tw_boards|twse:twse_openapi|tpex:mopsfin_t187ap03_O_csv|esb:tpex_openapi_esb"
"7806.TWO","精華生醫股份有限公司","ESB","食品工業","fmcg.Food_Beverages","2026-09-13T13:36:04Z","tw_boards|twse:twse_openapi|tpex:mopsfin_t187ap03_O_csv|esb:tpex_openapi_esb"
"7808.TWO","訊聯細胞智藥股份有限公司","ESB","生技醫療業","hc.Medtech","2026-09-13T13:36:04Z","tw_boards|twse:twse_openapi|tpex:mopsfin_t187ap03_O_csv|esb:tpex_openapi_esb"
"7812.TWO","稜研科技股份有限公司","ESB","通信網路業","ec.Hardware","2026-09-13T13:36:04Z","tw_boards|twse:twse_openapi|tpex:mopsfin_t187ap03_O_csv|esb:tpex_openapi_esb"
"7813.TWO","宇辰系統科技股份有限公司","ESB","其他電子業","ec.Hardware","2026-09-13T13:36:04Z","tw_boards|twse:twse_openapi|tpex:mopsfin_t187ap03_O_csv|esb:tpex_openapi_esb"
"7815.TWO","新特系統股份有限公司","ESB","半導體業","sc.Foundry","2026-09-13T13:36:04Z","tw_boards|twse:twse_openapi|tpex:mopsfin_t187ap03_O_csv|esb:tpex_openapi_esb"
"7816.TWO","來穎科技股份有限公司","ESB","電子零組件業","ec.Hardware","2026-09-13T13:36:04Z","tw_boards|twse:twse_openapi|tpex:mopsfin_t187ap03_O_csv|esb:tpex_openapi_esb"
"7824.TWO","智寶國際開發股份有限公司","ESB","其他業","lab.Unmapped","2026-09-13T13:36:04Z","tw_boards|twse:twse_openapi|tpex:mopsfin_t187ap03_O_csv|esb:tpex_openapi_esb"
"7826.TWO","極風雲創股份有限公司","ESB","數位雲端","lab.Unmapped","2026-09-13T13:36:04Z","tw_boards|twse:twse_openapi|tpex:mopsfin_t187ap03_O_csv|esb:tpex_openapi_esb"
"7829.TWO","英屬開曼群島商思捷優達(股)公司","ESB","生技醫療業","hc.Medtech","2026-09-13T13:36:04Z","tw_boards|twse:twse_openapi|tpex:mopsfin_t187ap03_O_csv|esb:tpex_openapi_esb"
"7831.TWO","捷博股份有限公司","ESB","居家生活","lab.Unmapped","2026-09-13T13:36:04Z","tw_boards|twse:twse_openapi|tpex:mopsfin_t187ap03_O_csv|esb:tpex_openapi_esb"
"7832.TWO","智新生技股份有限公司","ESB","生技醫療業","hc.Medtech","2026-09-13T13:36:04Z","tw_boards|twse:twse_openapi|tpex:mopsfin_t187ap03_O_csv|esb:tpex_openapi_esb"
"7833.TWO","綠岩能源股份有限公司","ESB","綠能環保","lab.Unmapped","2026-09-13T13:36:04Z","tw_boards|twse:twse_openapi|tpex:mopsfin_t187ap03_O_csv|esb:tpex_openapi_esb"
"7836.TWO","智生活科技股份有限公司","ESB","其他業","lab.Unmapped","2026-09-13T13:36:04Z","tw_boards|twse:twse_openapi|tpex:mopsfin_t187ap03_O_csv|esb:tpex_openapi_esb"
"7837.TWO","啟新生物科技股份有限公司","ESB","生技醫療業","hc.Medtech","2026-09-13T13:36:04Z","tw_boards|twse:twse_openapi|tpex:mopsfin_t187ap03_O_csv|esb:tpex_openapi_esb"
"7840.TWO","祥圃實業股份有限公司","ESB","農業科技業","lab.Unmapped","2026-09-13T13:36:04Z","tw_boards|twse:twse_openapi|tpex:mopsfin_t187ap03_O_csv|esb:tpex_openapi_esb"
"7841.TWO","經貿聯網科技股份有限公司","ESB","資訊服務業","ec.Hardware","2026-09-13T13:36:04Z","tw_boards|twse:twse_openapi|tpex:mopsfin_t187ap03_O_csv|esb:tpex_openapi_esb"
"7843.TWO","英柏得科技股份有限公司","ESB","半導體業","sc.Foundry","2026-09-13T13:36:04Z","tw_boards|twse:twse_openapi|tpex:mopsfin_t187ap03_O_csv|esb:tpex_openapi_esb"
"7846.TWO","德揚科技股份有限公司","ESB","綠能環保","lab.Unmapped","2026-09-13T13:36:04Z","tw_boards|twse:twse_openapi|tpex:mopsfin_t187ap03_O_csv|esb:tpex_openapi_esb"
"7847.TWO","豊漁股份有限公司","ESB","觀光餐旅","retail.Brick_Mortar","2026-09-13T13:36:04Z","tw_boards|twse:twse_openapi|tpex:mopsfin_t187ap03_O_csv|esb:tpex_openapi_esb"
"7848.TWO","騏億鑫科技股份有限公司","ESB","其他電子業","ec.Hardware","2026-09-13T13:36:04Z","tw_boards|twse:twse_openapi|tpex:mopsfin_t187ap03_O_csv|esb:tpex_openapi_esb"
"7849.TWO","旭誼工程股份有限公司","ESB","其他電子業","ec.Hardware","2026-09-13T13:36:04Z","tw_boards|twse:twse_openapi|tpex:mopsfin_t187ap03_O_csv|esb:tpex_openapi_esb"
"7850.TWO","寶泰生醫股份有限公司","ESB","生技醫療業","hc.Medtech","2026-09-13T13:36:04Z","tw_boards|twse:twse_openapi|tpex:mopsfin_t187ap03_O_csv|esb:tpex_openapi_esb"
"7851.TWO","英屬開曼群島商慧康生活科技(股)","ESB","生技醫療業","hc.Medtech","2026-09-13T13:36:04Z","tw_boards|twse:twse_openapi|tpex:mopsfin_t187ap03_O_csv|esb:tpex_openapi_esb"
"7853.TWO","政美應用股份有限公司","ESB","半導體業","sc.Foundry","2026-09-13T13:36:04Z","tw_boards|twse:twse_openapi|tpex:mopsfin_t187ap03_O_csv|esb:tpex_openapi_esb"
"7854.TWO","佐茂股份有限公司","ESB","電腦及週邊設備業","ec.Hardware","2026-09-13T13:36:04Z","tw_boards|twse:twse_openapi|tpex:mopsfin_t187ap03_O_csv|esb:tpex_openapi_esb"
"7856.TWO","漢民測試系統股份有限公司","ESB","半導體業","sc.Foundry","2026-09-13T13:36:04Z","tw_boards|twse:twse_openapi|tpex:mopsfin_t187ap03_O_csv|esb:tpex_openapi_esb"
"7857.TWO","合水先進環境技術股份有限公司","ESB","綠能環保","lab.Unmapped","2026-09-13T13:36:04Z","tw_boards|twse:twse_openapi|tpex:mopsfin_t187ap03_O_csv|esb:tpex_openapi_esb"
"7858.TWO","芝普企業股份有限公司","ESB","化學工業","mat.Chemicals","2026-09-13T13:36:04Z","tw_boards|twse:twse_openapi|tpex:mopsfin_t187ap03_O_csv|esb:tpex_openapi_esb"
"7860.TWO","得生製藥股份有限公司","ESB","生技醫療業","hc.Medtech","2026-09-13T13:36:04Z","tw_boards|twse:twse_openapi|tpex:mopsfin_t187ap03_O_csv|esb:tpex_openapi_esb"
"7861.TWO","貝爾威勒電子股份有限公司","ESB","電子零組件業","ec.Hardware","2026-09-13T13:36:04Z","tw_boards|twse:twse_openapi|tpex:mopsfin_t187ap03_O_csv|esb:tpex_openapi_esb"
"7862.TWO","聚泰環保材料科技股份有限公司","ESB","紡織纖維","lab.Unmapped","2026-09-13T13:36:04Z","tw_boards|twse:twse_openapi|tpex:mopsfin_t187ap03_O_csv|esb:tpex_openapi_esb"
"7863.TWO","中科國際物流股份有限公司","ESB","航運業","tr.Logistics_Shipping","2026-09-13T13:36:04Z","tw_boards|twse:twse_openapi|tpex:mopsfin_t187ap03_O_csv|esb:tpex_openapi_esb"
"7865.TWO","金聯成資源科技股份有限公司","ESB","綠能環保","lab.Unmapped","2026-09-13T13:36:04Z","tw_boards|twse:twse_openapi|tpex:mopsfin_t187ap03_O_csv|esb:tpex_openapi_esb"
"7866.TWO","丹立電子股份有限公司","ESB","半導體業","sc.Foundry","2026-09-13T13:36:04Z","tw_boards|twse:twse_openapi|tpex:mopsfin_t187ap03_O_csv|esb:tpex_openapi_esb"
"7867.TWO","特力屋股份有限公司","ESB","居家生活","lab.Unmapped","2026-09-13T13:36:04Z","tw_boards|twse:twse_openapi|tpex:mopsfin_t187ap03_O_csv|esb:tpex_openapi_esb"
"7868.TWO","聖育科技股份有限公司","ESB","資訊服務業","ec.Hardware","2026-09-13T13:36:04Z","tw_boards|twse:twse_openapi|tpex:mopsfin_t187ap03_O_csv|esb:tpex_openapi_esb"
"7869.TWO","宏于電機股份有限公司","ESB","電機機械","ind.Machinery","2026-09-13T13:36:04Z","tw_boards|twse:twse_openapi|tpex:mopsfin_t187ap03_O_csv|esb:tpex_openapi_esb"
"7870.TWO","聯剛科技股份有限公司","ESB","其他電子業","ec.Hardware","2026-09-13T13:36:04Z","tw_boards|twse:twse_openapi|tpex:mopsfin_t187ap03_O_csv|esb:tpex_openapi_esb"
"7871.TWO","安立璽榮醫藥股份有限公司","ESB","生技醫療業","hc.Medtech","2026-09-13T13:36:04Z","tw_boards|twse:twse_openapi|tpex:mopsfin_t187ap03_O_csv|esb:tpex_openapi_esb"
"7872.TWO","登豐微電子股份有限公司","ESB","半導體業","sc.Foundry","2026-09-13T13:36:04Z","tw_boards|twse:twse_openapi|tpex:mopsfin_t187ap03_O_csv|esb:tpex_openapi_esb"
"7873.TWO","瑞峰半導體股份有限公司","ESB","半導體業","sc.Foundry","2026-09-13T13:36:04Z","tw_boards|twse:twse_openapi|tpex:mopsfin_t187ap03_O_csv|esb:tpex_openapi_esb"
"7875.TWO","安圖斯科技股份有限公司","ESB","電腦及週邊設備業","ec.Hardware","2026-09-13T13:36:04Z","tw_boards|twse:twse_openapi|tpex:mopsfin_t187ap03_O_csv|esb:tpex_openapi_esb"
"7876.TWO","鼎晉生技股份有限公司","ESB","生技醫療業","hc.Medtech","2026-09-13T13:36:04Z","tw_boards|twse:twse_openapi|tpex:mopsfin_t187ap03_O_csv|esb:tpex_openapi_esb"
"7877.TWO","海利普電子科技股份有限公司","ESB","綠能環保","lab.Unmapped","2026-09-13T13:36:04Z","tw_boards|twse:twse_openapi|tpex:mopsfin_t187ap03_O_csv|esb:tpex_openapi_esb"
"7878.TWO","藥祇生醫股份有限公司","ESB","生技醫療業","hc.Medtech","2026-09-13T13:36:04Z","tw_boards|twse:twse_openapi|tpex:mopsfin_t187ap03_O_csv|esb:tpex_openapi_esb"
"7879.TWO","益材科技股份有限公司","ESB","電機機械","ind.Machinery","2026-09-13T13:36:04Z","tw_boards|twse:twse_openapi|tpex:mopsfin_t187ap03_O_csv|esb:tpex_openapi_esb"
"7880.TWO","聖凰科技股份有限公司","ESB","半導體業","sc.Foundry","2026-09-13T13:36:04Z","tw_boards|twse:twse_openapi|tpex:mopsfin_t187ap03_O_csv|esb:tpex_openapi_esb"
"7881.TWO","科明儀器股份有限公司","ESB","生技醫療業","hc.Medtech","2026-09-13T13:36:04Z","tw_boards|twse:twse_openapi|tpex:mopsfin_t187ap03_O_csv|esb:tpex_openapi_esb"
"7882.TWO","倍利生技創業投資股份有限公司","ESB","其他業","lab.Unmapped","2026-09-13T13:36:04Z","tw_boards|twse:twse_openapi|tpex:mopsfin_t187ap03_O_csv|esb:tpex_openapi_esb"
"7883.TWO","饗賓餐旅事業股份有限公司","ESB","觀光餐旅","retail.Brick_Mortar","2026-09-13T13:36:04Z","tw_boards|twse:twse_openapi|tpex:mopsfin_t187ap03_O_csv|esb:tpex_openapi_esb"
"7885.TWO","宏羚股份有限公司","ESB","其他電子業","ec.Hardware","2026-09-13T13:36:04Z","tw_boards|twse:twse_openapi|tpex:mopsfin_t187ap03_O_csv|esb:tpex_openapi_esb"
"7886.TWO","科建國際實業股份有限公司","ESB","半導體業","sc.Foundry","2026-09-13T13:36:04Z","tw_boards|twse:twse_openapi|tpex:mopsfin_t187ap03_O_csv|esb:tpex_openapi_esb"
"7887.TWO","宇川精密材料科技股份有限公司","ESB","半導體業","sc.Foundry","2026-09-13T13:36:04Z","tw_boards|twse:twse_openapi|tpex:mopsfin_t187ap03_O_csv|esb:tpex_openapi_esb"
"7888.TWO","麗寶新藥生物科技股份有限公司","ESB","生技醫療業","hc.Medtech","2026-09-13T13:36:04Z","tw_boards|twse:twse_openapi|tpex:mopsfin_t187ap03_O_csv|esb:tpex_openapi_esb"
"7889.TWO","騰勢股份有限公司","ESB","食品工業","fmcg.Food_Beverages","2026-09-13T13:36:04Z","tw_boards|twse:twse_openapi|tpex:mopsfin_t187ap03_O_csv|esb:tpex_openapi_esb"
"7890.TWO","明曜科技股份有限公司","ESB","綠能環保","lab.Unmapped","2026-09-13T13:36:04Z","tw_boards|twse:twse_openapi|tpex:mopsfin_t187ap03_O_csv|esb:tpex_openapi_esb"
"7891.TWO","博研醫藥開發股份有限公司","ESB","生技醫療業","hc.Medtech","2026-09-13T13:36:04Z","tw_boards|twse:twse_openapi|tpex:mopsfin_t187ap03_O_csv|esb:tpex_openapi_esb"
"7892.TWO","元鈦科技股份有限公司","ESB","電腦及週邊設備業","ec.Hardware","2026-09-13T13:36:04Z","tw_boards|twse:twse_openapi|tpex:mopsfin_t187ap03_O_csv|esb:tpex_openapi_esb"
"7893.TWO","睿信電子股份有限公司","ESB","電子零組件業","ec.Hardware","2026-09-13T13:36:04Z","tw_boards|twse:twse_openapi|tpex:mopsfin_t187ap03_O_csv|esb:tpex_openapi_esb"
"7894.TWO","瀚軒股份有限公司","ESB","半導體業","sc.Foundry","2026-09-13T13:36:04Z","tw_boards|twse:twse_openapi|tpex:mopsfin_t187ap03_O_csv|esb:tpex_openapi_esb"
"7895.TWO","元進莊企業股份有限公司","ESB","農業科技業","lab.Unmapped","2026-09-13T13:36:04Z","tw_boards|twse:twse_openapi|tpex:mopsfin_t187ap03_O_csv|esb:tpex_openapi_esb"
"7896.TWO","喬越實業股份有限公司","ESB","電子零組件業","ec.Hardware","2026-09-13T13:36:04Z","tw_boards|twse:twse_openapi|tpex:mopsfin_t187ap03_O_csv|esb:tpex_openapi_esb"
"7897.TWO","禾迅綠電股份有限公司","ESB","綠能環保","lab.Unmapped","2026-09-13T13:36:04Z","tw_boards|twse:twse_openapi|tpex:mopsfin_t187ap03_O_csv|esb:tpex_openapi_esb"
"7898.TWO","乾瞻科技股份有限公司","ESB","半導體業","sc.Foundry","2026-09-13T13:36:04Z","tw_boards|twse:twse_openapi|tpex:mopsfin_t187ap03_O_csv|esb:tpex_openapi_esb"
"7899.TWO","景美科技股份有限公司","ESB","半導體業","sc.Foundry","2026-09-13T13:36:04Z","tw_boards|twse:twse_openapi|tpex:mopsfin_t187ap03_O_csv|esb:tpex_openapi_esb"
"7901.TWO","大大寬頻股份有限公司","ESB","通信網路業","ec.Hardware","2026-09-13T13:36:04Z","tw_boards|twse:twse_openapi|tpex:mopsfin_t187ap03_O_csv|esb:tpex_openapi_esb"
"7902.TWO","宇越生醫科技股份有限公司","ESB","生技醫療業","hc.Medtech","2026-09-13T13:36:04Z","tw_boards|twse:twse_openapi|tpex:mopsfin_t187ap03_O_csv|esb:tpex_openapi_esb"
"7904.TWO","任開數位媒體行銷股份有限公司","ESB","數位雲端","lab.Unmapped","2026-09-13T13:36:04Z","tw_boards|twse:twse_openapi|tpex:mopsfin_t187ap03_O_csv|esb:tpex_openapi_esb"
"7907.TWO","錸恩帕斯科技股份有限公司","ESB","其他電子業","ec.Hardware","2026-09-13T13:36:04Z","tw_boards|twse:twse_openapi|tpex:mopsfin_t187ap03_O_csv|esb:tpex_openapi_esb"
"7909.TWO","鈺祥企業股份有限公司","ESB","半導體業","sc.Foundry","2026-09-13T13:36:04Z","tw_boards|twse:twse_openapi|tpex:mopsfin_t187ap03_O_csv|esb:tpex_openapi_esb"
"7911.TWO","阿波羅電力股份有限公司","ESB","綠能環保","lab.Unmapped","2026-09-13T13:36:04Z","tw_boards|twse:twse_openapi|tpex:mopsfin_t187ap03_O_csv|esb:tpex_openapi_esb"
"7912.TWO","新聿科技股份有限公司","ESB","電子零組件業","ec.Hardware","2026-09-13T13:36:04Z","tw_boards|twse:twse_openapi|tpex:mopsfin_t187ap03_O_csv|esb:tpex_openapi_esb"
"7913.TWO","通寶半導體設計股份有限公司","ESB","半導體業","sc.Foundry","2026-09-13T13:36:04Z","tw_boards|twse:twse_openapi|tpex:mopsfin_t187ap03_O_csv|esb:tpex_openapi_esb"
"7914.TWO","碩明綠能股份有限公司","ESB","綠能環保","lab.Unmapped","2026-09-13T13:36:04Z","tw_boards|twse:twse_openapi|tpex:mopsfin_t187ap03_O_csv|esb:tpex_openapi_esb"
"7915.TWO","廌家科技股份有限公司","ESB","通信網路業","ec.Hardware","2026-09-13T13:36:04Z","tw_boards|twse:twse_openapi|tpex:mopsfin_t187ap03_O_csv|esb:tpex_openapi_esb"
"7917.TWO","源傑科技股份有限公司","ESB","通信網路業","ec.Hardware","2026-09-13T13:36:04Z","tw_boards|twse:twse_openapi|tpex:mopsfin_t187ap03_O_csv|esb:tpex_openapi_esb"
"7918.TWO","創鉅先進材料股份有限公司","ESB","半導體業","sc.Foundry","2026-09-13T13:36:04Z","tw_boards|twse:twse_openapi|tpex:mopsfin_t187ap03_O_csv|esb:tpex_openapi_esb"
"7919.TWO","禾蒼科技股份有限公司","ESB","光電業","ec.Hardware","2026-09-13T13:36:04Z","tw_boards|twse:twse_openapi|tpex:mopsfin_t187ap03_O_csv|esb:tpex_openapi_esb"
"7920.TWO","瀚陽生物科技股份有限公司","ESB","生技醫療業","hc.Medtech","2026-09-13T13:36:04Z","tw_boards|twse:twse_openapi|tpex:mopsfin_t187ap03_O_csv|esb:tpex_openapi_esb"
"7921.TWO","台普威能源股份有限公司","ESB","綠能環保","lab.Unmapped","2026-09-13T13:36:04Z","tw_boards|twse:twse_openapi|tpex:mopsfin_t187ap03_O_csv|esb:tpex_openapi_esb"
"7922.TWO","源點科技股份有限公司","ESB","綠能環保","lab.Unmapped","2026-09-13T13:36:04Z","tw_boards|twse:twse_openapi|tpex:mopsfin_t187ap03_O_csv|esb:tpex_openapi_esb"
"7924.TWO","TLC BioSciences Corp.","ESB","生技醫療業","hc.Medtech","2026-09-13T13:36:04Z","tw_boards|twse:twse_openapi|tpex:mopsfin_t187ap03_O_csv|esb:tpex_openapi_esb"
"7925.TWO","健生實業股份有限公司","ESB","電機機械","ind.Machinery","2026-09-13T13:36:04Z","tw_boards|twse:twse_openapi|tpex:mopsfin_t187ap03_O_csv|esb:tpex_openapi_esb"
"7926.TWO","中華立鼎光電股份有限公司","ESB","光電業","ec.Hardware","2026-09-13T13:36:04Z","tw_boards|twse:twse_openapi|tpex:mopsfin_t187ap03_O_csv|esb:tpex_openapi_esb"
"7927.TWO","連距電機股份有限公司","ESB","電機機械","ind.Machinery","2026-09-13T13:36:04Z","tw_boards|twse:twse_openapi|tpex:mopsfin_t187ap03_O_csv|esb:tpex_openapi_esb"
"7928.TWO","合聖科技股份有限公司","ESB","通信網路業","ec.Hardware","2026-09-13T13:36:04Z","tw_boards|twse:twse_openapi|tpex:mopsfin_t187ap03_O_csv|esb:tpex_openapi_esb"
"7929.TWO","碩通散熱股份有限公司","ESB","電腦及週邊設備業","ec.Hardware","2026-09-13T13:36:04Z","tw_boards|twse:twse_openapi|tpex:mopsfin_t187ap03_O_csv|esb:tpex_openapi_esb"
"7930.TWO","威世波股份有限公司","ESB","通信網路業","ec.Hardware","2026-09-13T13:36:04Z","tw_boards|twse:twse_openapi|tpex:mopsfin_t187ap03_O_csv|esb:tpex_openapi_esb"
"7931.TWO","續升綠能股份有限公司","ESB","綠能環保","lab.Unmapped","2026-09-13T13:36:04Z","tw_boards|twse:twse_openapi|tpex:mopsfin_t187ap03_O_csv|esb:tpex_openapi_esb"
"7932.TWO","昱鐳應材股份有限公司","ESB","電子零組件業","ec.Hardware","2026-09-13T13:36:04Z","tw_boards|twse:twse_openapi|tpex:mopsfin_t187ap03_O_csv|esb:tpex_openapi_esb"
"7933.TWO","威旭數據科技股份有限公司","ESB","數位雲端","lab.Unmapped","2026-09-13T13:36:04Z","tw_boards|twse:twse_openapi|tpex:mopsfin_t187ap03_O_csv|esb:tpex_openapi_esb"
"7934.TWO","鋒霈環境科技股份有限公司","ESB","綠能環保","lab.Unmapped","2026-09-13T13:36:04Z","tw_boards|twse:twse_openapi|tpex:mopsfin_t187ap03_O_csv|esb:tpex_openapi_esb"
"7935.TWO","安富科技股份有限公司","ESB","通信網路業","ec.Hardware","2026-09-13T13:36:04Z","tw_boards|twse:twse_openapi|tpex:mopsfin_t187ap03_O_csv|esb:tpex_openapi_esb"
"7936.TWO","寰聖國際實業股份有限公司","ESB","電子零組件業","ec.Hardware","2026-09-13T13:36:04Z","tw_boards|twse:twse_openapi|tpex:mopsfin_t187ap03_O_csv|esb:tpex_openapi_esb"
"7939.TWO","技宸股份有限公司","ESB","電腦及週邊設備業","ec.Hardware","2026-09-13T13:36:04Z","tw_boards|twse:twse_openapi|tpex:mopsfin_t187ap03_O_csv|esb:tpex_openapi_esb"
"7942.TWO","東佑達自動化科技股份有限公司","ESB","電機機械","ind.Machinery","2026-09-13T13:36:04Z","tw_boards|twse:twse_openapi|tpex:mopsfin_t187ap03_O_csv|esb:tpex_openapi_esb"
"7943.TWO","鴻璟科技股份有限公司","ESB","數位雲端","lab.Unmapped","2026-09-13T13:36:04Z","tw_boards|twse:twse_openapi|tpex:mopsfin_t187ap03_O_csv|esb:tpex_openapi_esb"
"7944.TWO","睿禾金碳股份有限公司","ESB","綠能環保","lab.Unmapped","2026-09-13T13:36:04Z","tw_boards|twse:twse_openapi|tpex:mopsfin_t187ap03_O_csv|esb:tpex_openapi_esb"
"7945.TWO","廣盛科技股份有限公司","ESB","電腦及週邊設備業","ec.Hardware","2026-09-13T13:36:04Z","tw_boards|twse:twse_openapi|tpex:mopsfin_t187ap03_O_csv|esb:tpex_openapi_esb"
"8058.TWO","耐特科技材料股份有限公司","ESB","其他電子業","ec.Hardware","2026-09-13T13:36:04Z","tw_boards|twse:twse_openapi|tpex:mopsfin_t187ap03_O_csv|esb:tpex_openapi_esb"
"8098.TWO","慶康科技股份有限公司","ESB","半導體業","sc.Foundry","2026-09-13T13:36:04Z","tw_boards|twse:twse_openapi|tpex:mopsfin_t187ap03_O_csv|esb:tpex_openapi_esb"
"8119.TWO","公信電子股份有限公司","ESB","電腦及週邊設備業","ec.Hardware","2026-09-13T13:36:04Z","tw_boards|twse:twse_openapi|tpex:mopsfin_t187ap03_O_csv|esb:tpex_openapi_esb"
"8298.TWO","威睿科技股份有限公司","ESB","資訊服務業","ec.Hardware","2026-09-13T13:36:04Z","tw_boards|twse:twse_openapi|tpex:mopsfin_t187ap03_O_csv|esb:tpex_openapi_esb"
"8329.TWO","臺灣電視事業股份有限公司","ESB","文化創意業","media.Entertainment","2026-09-13T13:36:04Z","tw_boards|twse:twse_openapi|tpex:mopsfin_t187ap03_O_csv|esb:tpex_openapi_esb"
"8345.TWO","超秦企業股份有限公司","ESB","農業科技業","lab.Unmapped","2026-09-13T13:36:04Z","tw_boards|twse:twse_openapi|tpex:mopsfin_t187ap03_O_csv|esb:tpex_openapi_esb"
"8359.TWO","錢櫃企業股份有限公司","ESB","觀光餐旅","retail.Brick_Mortar","2026-09-13T13:36:04Z","tw_boards|twse:twse_openapi|tpex:mopsfin_t187ap03_O_csv|esb:tpex_openapi_esb"
"8458.TWO","影一製作所股份有限公司","ESB","文化創意業","media.Entertainment","2026-09-13T13:36:04Z","tw_boards|twse:twse_openapi|tpex:mopsfin_t187ap03_O_csv|esb:tpex_openapi_esb"
"8999.TWO","台灣積層工業股份有限公司","ESB","其他業","lab.Unmapped","2026-09-13T13:36:04Z","tw_boards|twse:twse_openapi|tpex:mopsfin_t187ap03_O_csv|esb:tpex_openapi_esb"
"9957.TWO","燁聯鋼鐵股份有限公司","ESB","鋼鐵工業","mat.Metals_Mining","2026-09-13T13:36:04Z","tw_boards|twse:twse_openapi|tpex:mopsfin_t187ap03_O_csv|esb:tpex_openapi_esb"
