ticker,market_cap,ret_1y,paid_in_capital,snapshot_at,source
NVDA,5367153557504.0,0.2611225660512744,,2026-09-21T08:08:28Z,cluster_seed|yahoo_ret
AAPL,4905541566464.0,0.37422265452616776,,2026-09-21T08:08:28Z,cluster_seed|yahoo_ret
GOOGL,4274851676160.0,0.3758206667387787,,2026-09-21T08:08:28Z,cluster_seed|yahoo_ret
MSFT,3666585845760.0,-0.03878391738530318,,2026-09-21T08:08:28Z,cluster_seed|yahoo_ret
AMZN,2736595664896.0,0.09603426385273361,,2026-09-21T08:08:28Z,cluster_seed|yahoo_ret
META,1696002211840.0,-0.14189467085862706,,2026-09-21T08:08:28Z,cluster_seed|yahoo_ret
AVGO,1707097718784.0,0.04432722935967548,,2026-09-21T08:08:28Z,cluster_seed|yahoo_ret
TSLA,1438701584384.0,-0.14504662907079502,,2026-09-21T08:08:28Z,cluster_seed|yahoo_ret
MU,1147237564416.0,5.252260418889393,,2026-09-21T08:08:28Z,cluster_seed|yahoo_ret
BRK-B,1091269558272.0,0.03433089723164673,,2026-09-21T08:08:28Z,cluster_seed|yahoo_ret
LLY,1028115464192.0,0.5428415355979517,,2026-09-21T08:08:28Z,cluster_seed|yahoo_ret
JPM,929488044032.0,0.13209055509551493,,2026-09-21T08:08:28Z,cluster_seed|yahoo_ret
AMD,913892179968.0,2.5568969406898554,,2026-09-21T08:08:28Z,cluster_seed|yahoo_ret
WMT,849365827584.0,0.05177971872424236,,2026-09-21T08:08:28Z,cluster_seed|yahoo_ret
V,691411156992.0,0.08672296591203499,,2026-09-21T08:08:28Z,cluster_seed|yahoo_ret
XOM,672462077952.0,0.4915779186908775,,2026-09-21T08:08:28Z,cluster_seed|yahoo_ret
JNJ,650648485888.0,0.5669131205873166,,2026-09-21T08:08:28Z,cluster_seed|yahoo_ret
ASML,645257297920.0,0.8140696294082728,,2026-09-21T08:08:28Z,yahoo_mcap|yahoo_ret
INTC,574070980608.0,2.671399552205093,,2026-09-21T08:08:28Z,cluster_seed|yahoo_ret
MA,495155838976.0,-0.026358642941964106,,2026-09-21T08:08:28Z,cluster_seed|yahoo_ret
ABBV,466448285696.0,0.22330551865954962,,2026-09-21T08:08:28Z,cluster_seed|yahoo_ret
ORCL,446333681664.0,-0.5163208366399366,,2026-09-21T08:08:28Z,cluster_seed|yahoo_ret
CSCO,431752708096.0,0.6387269992232036,,2026-09-21T08:08:28Z,cluster_seed|yahoo_ret
PLTR,426879287296.0,-0.026043094555049273,,2026-09-21T08:08:28Z,cluster_seed|yahoo_ret
CVX,410975502336.0,0.3940571845368048,,2026-09-21T08:08:28Z,cluster_seed|yahoo_ret
BAC,403691372544.0,0.12843182622464844,,2026-09-21T08:08:28Z,cluster_seed|yahoo_ret
COST,397051002880.0,-0.05322579770699898,,2026-09-21T08:08:28Z,cluster_seed|yahoo_ret
KO,379699953664.0,0.3637816936089828,,2026-09-21T08:08:28Z,cluster_seed|yahoo_ret
DELL,361179774976.0,3.360306019428392,,2026-09-21T08:08:28Z,cluster_seed|yahoo_ret
CAT,371872366592.0,0.7496295672461015,,2026-09-21T08:08:28Z,cluster_seed|yahoo_ret
MRK,362353491968.0,0.8547745799584214,,2026-09-21T08:08:28Z,cluster_seed|yahoo_ret
HSBC,348479455232.0,0.5276841825502581,,2026-09-21T08:08:28Z,yahoo_mcap|yahoo_ret
PG,340016005120.0,-0.03425491591745489,,2026-09-21T08:08:28Z,cluster_seed|yahoo_ret
UNH,338303483904.0,0.1492349373121773,,2026-09-21T08:08:28Z,cluster_seed|yahoo_ret
LRCX,360518057984.0,1.2825758677038546,,2026-09-21T08:08:28Z,cluster_seed|yahoo_ret
AMAT,352809615360.0,1.351546203287929,,2026-09-21T08:08:28Z,cluster_seed|yahoo_ret
GE,326074761216.0,0.04890069635075611,,2026-09-21T08:08:28Z,cluster_seed|yahoo_ret
MS,318165319680.0,0.295555906641944,,2026-09-21T08:08:28Z,cluster_seed|yahoo_ret
NFLX,298929225728.0,-0.4149001056513557,,2026-09-21T08:08:28Z,cluster_seed|yahoo_ret
PANW,297408430080.0,0.7463854282560609,,2026-09-21T08:08:28Z,cluster_seed|yahoo_ret
HD,299286921216.0,-0.25792041408964106,,2026-09-21T08:08:28Z,cluster_seed|yahoo_ret
PM,293985648640.0,0.1994544458818155,,2026-09-21T08:08:28Z,cluster_seed|yahoo_ret
RY,281454575616.0,0.3983608592810246,,2026-09-21T08:08:28Z,yahoo_mcap|yahoo_ret
ARM,294351077376.0,0.9285562821984359,,2026-09-21T08:08:28Z,yahoo_mcap|yahoo_ret
GS,274283446272.0,0.19320192263981673,,2026-09-21T08:08:28Z,cluster_seed|yahoo_ret
SHEL,269986201600.0,0.3851841360660049,,2026-09-21T08:08:28Z,yahoo_mcap|yahoo_ret
BABA,281472008192.0,-0.2980775887899685,,2026-09-21T08:08:28Z,yahoo_mcap|yahoo_ret
NVS,266803331072.0,0.1766241179672321,,2026-09-21T08:08:28Z,yahoo_mcap|yahoo_ret
MUFG,260345839616.0,0.4593059056205411,,2026-09-21T08:08:28Z,yahoo_mcap|yahoo_ret
WFC,260426825728.0,0.03967376046957338,,2026-09-21T08:08:28Z,cluster_seed|yahoo_ret
RTX,261465063424.0,0.2441828945285045,,2026-09-21T08:08:28Z,cluster_seed|yahoo_ret
AZN,257572782080.0,0.09997015668397813,,2026-09-21T08:08:28Z,yahoo_mcap|yahoo_ret
CRWD,243338117120.0,0.8915530766613968,,2026-09-21T08:08:28Z,cluster_seed|yahoo_ret
ANET,251475591168.0,0.33273175975010716,,2026-09-21T08:08:28Z,cluster_seed|yahoo_ret
GEV,250441465856.0,0.5099495424636484,,2026-09-21T08:08:28Z,cluster_seed|yahoo_ret
SAP,241748082688.0,-0.20163720466017931,,2026-09-21T08:08:28Z,yahoo_mcap|yahoo_ret
TMO,240871882752.0,0.36314958888167936,,2026-09-21T08:08:28Z,cluster_seed|yahoo_ret
TXN,243508379648.0,0.525033224383189,,2026-09-21T08:08:28Z,cluster_seed|yahoo_ret
SNDK,262356500480.0,16.53076961490032,,2026-09-21T08:08:28Z,cluster_seed|yahoo_ret
TM,226806644736.0,-0.03729579433406904,,2026-09-21T08:08:28Z,yahoo_mcap|yahoo_ret
IBM,216266948608.0,-0.11592483586729851,,2026-09-21T08:08:28Z,cluster_seed|yahoo_ret
C,221035855872.0,0.3104556043521307,,2026-09-21T08:08:28Z,cluster_seed|yahoo_ret
KLAC,231245725696.0,0.7031307344593696,,2026-09-21T08:08:28Z,cluster_seed|yahoo_ret
BHP,219253194752.0,0.7239857258206159,,2026-09-21T08:08:28Z,yahoo_mcap|yahoo_ret
MRVL,219508604928.0,2.2961270450388063,,2026-09-21T08:08:28Z,cluster_seed|yahoo_ret
SAN,207619588096.0,0.4146905237819265,,2026-09-21T08:08:28Z,yahoo_mcap|yahoo_ret
AXP,210399526912.0,-0.0768861439038685,,2026-09-21T08:08:28Z,cluster_seed|yahoo_ret
LIN,212235255808.0,-0.02581240324804379,,2026-09-21T08:08:28Z,cluster_seed|yahoo_ret
AMGN,208494723072.0,0.3886968656629981,,2026-09-21T08:08:28Z,cluster_seed|yahoo_ret
TTE,200624553984.0,0.564734953701878,,2026-09-21T08:08:28Z,yahoo_mcap|yahoo_ret
QCOM,189815717888.0,0.08732978173692763,,2026-09-21T08:08:28Z,cluster_seed|yahoo_ret
VZ,199803142144.0,0.18157722524743614,,2026-09-21T08:08:28Z,cluster_seed|yahoo_ret
CRM,195808165888.0,-0.028944897632797395,,2026-09-21T08:08:28Z,cluster_seed|yahoo_ret
TD,200439054336.0,0.5785116188772768,,2026-09-21T08:08:28Z,yahoo_mcap|yahoo_ret
APH,191235735552.0,0.2581984981408876,,2026-09-21T08:08:28Z,cluster_seed|yahoo_ret
NVO,191028920320.0,-0.26060877774011826,,2026-09-21T08:08:28Z,yahoo_mcap|yahoo_ret
GILD,186129678336.0,0.3482317630975753,,2026-09-21T08:08:28Z,cluster_seed|yahoo_ret
DE,184421072896.0,0.4746883153583703,,2026-09-21T08:08:28Z,cluster_seed|yahoo_ret
DIS,177278943232.0,-0.08441737546300765,,2026-09-21T08:08:28Z,cluster_seed|yahoo_ret
PEP,177238507520.0,-0.04763389557153419,,2026-09-21T08:08:28Z,cluster_seed|yahoo_ret
STX,195282829312.0,2.913939542127087,,2026-09-21T08:08:28Z,cluster_seed|yahoo_ret
SCHW,182012575744.0,0.1300247018591434,,2026-09-21T08:08:28Z,cluster_seed|yahoo_ret
TMUS,180401897472.0,-0.2789486396390479,,2026-09-21T08:08:28Z,cluster_seed|yahoo_ret
ABT,177554636800.0,-0.22830260975859706,,2026-09-21T08:08:28Z,cluster_seed|yahoo_ret
MCD,175664939008.0,-0.15793073198889263,,2026-09-21T08:08:28Z,cluster_seed|yahoo_ret
ADI,182060941312.0,0.5506425202451688,,2026-09-21T08:08:28Z,cluster_seed|yahoo_ret
T,174050590720.0,-0.08315285895376445,,2026-09-21T08:08:28Z,cluster_seed|yahoo_ret
BLK,173813792768.0,-0.043932484270163275,,2026-09-21T08:08:28Z,cluster_seed|yahoo_ret
SMFG,166165233664.0,0.5581947466363726,,2026-09-21T08:08:28Z,yahoo_mcap|yahoo_ret
NEE,167858667520.0,0.1646402382952561,,2026-09-21T08:08:28Z,cluster_seed|yahoo_ret
UNP,165966872576.0,0.293041817796339,,2026-09-21T08:08:28Z,cluster_seed|yahoo_ret
WELL,164917313536.0,0.4058933034868615,,2026-09-21T08:08:28Z,cluster_seed|yahoo_ret
SHOP,166748618752.0,-0.1617743154472393,,2026-09-21T08:08:28Z,yahoo_mcap|yahoo_ret
SCCO,165238063104.0,0.8890499748429006,,2026-09-21T08:08:28Z,yahoo_mcap|yahoo_ret
COP,158372315136.0,0.4793967180058136,,2026-09-21T08:08:28Z,cluster_seed|yahoo_ret
RIO,158358618112.0,0.6398010007779831,,2026-09-21T08:08:28Z,yahoo_mcap|yahoo_ret
ETN,164980670464.0,0.1468780533384706,,2026-09-21T08:08:28Z,cluster_seed|yahoo_ret
BBVA,156499148800.0,0.5423285925315231,,2026-09-21T08:08:28Z,yahoo_mcap|yahoo_ret
PFE,157652975616.0,0.23178771720826719,,2026-09-21T08:08:28Z,cluster_seed|yahoo_ret
BA,156651339776.0,-0.08091814255565655,,2026-09-21T08:08:28Z,cluster_seed|yahoo_ret
BUD,153060392960.0,0.3289087362780807,,2026-09-21T08:08:28Z,yahoo_mcap|yahoo_ret
UBS,155199700992.0,0.2295495607865592,,2026-09-21T08:08:28Z,yahoo_mcap|yahoo_ret
WDC,159128338432.0,3.1468953088777347,,2026-09-21T08:08:28Z,cluster_seed|yahoo_ret
IBKR,154519044096.0,0.40048759964565206,,2026-09-21T08:08:28Z,cluster_seed|yahoo_ret
BX,149364408320.0,-0.30695554624467913,,2026-09-21T08:08:28Z,cluster_seed|yahoo_ret
DHR,148899479552.0,0.10389873751121903,,2026-09-21T08:08:28Z,cluster_seed|yahoo_ret
UBER,144000483328.0,-0.284336631091482,,2026-09-21T08:08:28Z,cluster_seed|yahoo_ret
NOW,140057280512.0,-0.295271267587634,,2026-09-21T08:08:28Z,cluster_seed|yahoo_ret
SONY,137131507712.0,-0.20095372626793206,,2026-09-21T08:08:28Z,yahoo_mcap|yahoo_ret
TJX,139960696832.0,-0.07860665507429832,,2026-09-21T08:08:28Z,cluster_seed|yahoo_ret
ISRG,140921503744.0,-0.10346009874667994,,2026-09-21T08:08:28Z,cluster_seed|yahoo_ret
PBR,134042812416.0,0.7196031341803211,,2026-09-21T08:08:28Z,yahoo_mcap|yahoo_ret
MFG,132407238656.0,0.6475903313795697,,2026-09-21T08:08:28Z,yahoo_mcap|yahoo_ret
UL,133114822656.0,-0.07179429726905229,,2026-09-21T08:08:28Z,yahoo_mcap|yahoo_ret
CB,131418873856.0,0.2550542163885883,,2026-09-21T08:08:28Z,cluster_seed|yahoo_ret
NEM,130036170752.0,0.524320856445458,,2026-09-21T08:08:28Z,cluster_seed|yahoo_ret
PLD,131076800512.0,0.22520783561877056,,2026-09-21T08:08:28Z,cluster_seed|yahoo_ret
VRTX,128844324864.0,0.32684277202081624,,2026-09-21T08:08:28Z,cluster_seed|yahoo_ret
BMY,128813588480.0,0.46794285370247324,,2026-09-21T08:08:28Z,cluster_seed|yahoo_ret
BKNG,126156775424.0,-0.22197208318210804,,2026-09-21T08:08:28Z,cluster_seed|yahoo_ret
GLW,129320239104.0,0.9034596274265245,,2026-09-21T08:08:28Z,cluster_seed|yahoo_ret
FTNT,124613926912.0,1.0168625838307026,,2026-09-21T08:08:28Z,cluster_seed|yahoo_ret
PGR,123903787008.0,-0.06185543160768936,,2026-09-21T08:08:28Z,cluster_seed|yahoo_ret
COF,124187738112.0,-0.09961296757481897,,2026-09-21T08:08:28Z,cluster_seed|yahoo_ret
LMT,123099168768.0,0.15693797216286587,,2026-09-21T08:08:28Z,cluster_seed|yahoo_ret
BMO,121286647808.0,0.35926130417030433,,2026-09-21T08:08:28Z,yahoo_mcap|yahoo_ret
BTI,120193425408.0,0.07931885544339767,,2026-09-21T08:08:28Z,yahoo_mcap|yahoo_ret
SPGI,119488339968.0,-0.1477378730071277,,2026-09-21T08:08:28Z,cluster_seed|yahoo_ret
SNOW,117281300480.0,0.44233772491371415,,2026-09-21T08:08:28Z,yahoo_mcap|yahoo_ret
MDT,117846974464.0,0.000479375224784917,,2026-09-21T08:08:28Z,cluster_seed|yahoo_ret
NET,115227394048.0,0.4322386589662708,,2026-09-21T08:08:28Z,yahoo_mcap|yahoo_ret
MPC,119319642112.0,1.3292727862989309,,2026-09-21T08:08:28Z,cluster_seed|yahoo_ret
VLO,118994657280.0,1.5952675280597957,,2026-09-21T08:08:28Z,cluster_seed|yahoo_ret
BP,114811535360.0,0.37387451993546317,,2026-09-21T08:08:28Z,yahoo_mcap|yahoo_ret
CVS,113623719936.0,0.22343532693782042,,2026-09-21T08:08:28Z,cluster_seed|yahoo_ret
HDB,119015997440.0,-0.346685490861137,,2026-09-21T08:08:28Z,yahoo_mcap|yahoo_ret
PH,118992109568.0,0.2589936559060797,,2026-09-21T08:08:28Z,cluster_seed|yahoo_ret
ACN,110938972160.0,-0.22809451625176203,,2026-09-21T08:08:28Z,cluster_seed|yahoo_ret
MO,116080590848.0,0.1438080377019666,,2026-09-21T08:08:28Z,cluster_seed|yahoo_ret
BNS,114655330304.0,0.4789425140303776,,2026-09-21T08:08:28Z,yahoo_mcap|yahoo_ret
PDD,112305987584.0,-0.3905924091915258,,2026-09-21T08:08:28Z,yahoo_mcap|yahoo_ret
SBUX,109246201856.0,0.16219839526587054,,2026-09-21T08:08:28Z,cluster_seed|yahoo_ret
SPOT,104734875648.0,-0.3067952647175314,,2026-09-21T08:08:28Z,yahoo_mcap|yahoo_ret
PSX,109507379200.0,1.1678847193894653,,2026-09-21T08:08:28Z,cluster_seed|yahoo_ret
LOW,107997290496.0,-0.25925935712412584,,2026-09-21T08:08:28Z,cluster_seed|yahoo_ret
SYK,105528614912.0,-0.26247611979274044,,2026-09-21T08:08:28Z,cluster_seed|yahoo_ret
ADP,107745607680.0,-0.04420710591680799,,2026-09-21T08:08:28Z,cluster_seed|yahoo_ret
ENB,106431610880.0,0.025060229207612972,,2026-09-21T08:08:28Z,yahoo_mcap|yahoo_ret
APP,103489527808.0,-0.5257624273422906,,2026-09-21T08:08:28Z,cluster_seed|yahoo_ret
EQNR,104535195648.0,0.9161712216769071,,2026-09-21T08:08:28Z,yahoo_mcap|yahoo_ret
ING,103704469504.0,0.4955736809343485,,2026-09-21T08:08:28Z,yahoo_mcap|yahoo_ret
BNY,104347148288.0,0.4405449977849656,,2026-09-21T08:08:28Z,cluster_seed|yahoo_ret
CNQ,102332858368.0,0.6175056373544949,,2026-09-21T08:08:28Z,yahoo_mcap|yahoo_ret
ASX,108390596608.0,2.6691781677434365,,2026-09-21T08:08:28Z,yahoo_mcap|yahoo_ret
SNY,101787918336.0,-0.05884450419886256,,2026-09-21T08:08:28Z,yahoo_mcap|yahoo_ret
CM,104294547456.0,0.42898316036358763,,2026-09-21T08:08:28Z,yahoo_mcap|yahoo_ret
MCK,101975760896.0,0.25745517558241127,,2026-09-21T08:08:28Z,cluster_seed|yahoo_ret
AEM,101014732800.0,0.24850196785181522,,2026-09-21T08:08:28Z,yahoo_mcap|yahoo_ret
GSK,100580900864.0,0.27855279430357194,,2026-09-21T08:08:28Z,yahoo_mcap|yahoo_ret
FCX,102732693504.0,0.6090135664396743,,2026-09-21T08:08:28Z,cluster_seed|yahoo_ret
IBN,101027078144.0,-0.11211514926224808,,2026-09-21T08:08:28Z,yahoo_mcap|yahoo_ret
EQIX,100777345024.0,0.3184149492323536,,2026-09-21T08:08:28Z,cluster_seed|yahoo_ret
ADBE,98945695744.0,-0.31970483104362524,,2026-09-21T08:08:28Z,cluster_seed|yahoo_ret
SO,98379038720.0,-0.03764873407017044,,2026-09-21T08:08:28Z,cluster_seed|yahoo_ret
ABNB,99530153984.0,0.3084068011871923,,2026-09-21T08:08:28Z,cluster_seed|yahoo_ret
CME,99247472640.0,0.09632826902171532,,2026-09-21T08:08:28Z,cluster_seed|yahoo_ret
HOOD,107728044032.0,-0.03974995298121131,,2026-09-21T08:08:28Z,cluster_seed|yahoo_ret
GD,95520210944.0,0.10861040267536692,,2026-09-21T08:08:28Z,cluster_seed|yahoo_ret
USB,93576568832.0,0.23892118492983383,,2026-09-21T08:08:28Z,cluster_seed|yahoo_ret
HCA,92599853056.0,0.07043400569219838,,2026-09-21T08:08:28Z,cluster_seed|yahoo_ret
VRT,96012197888.0,0.73854811226214,,2026-09-21T08:08:28Z,cluster_seed|yahoo_ret
PWR,95725142016.0,0.6399512503974365,,2026-09-21T08:08:28Z,cluster_seed|yahoo_ret
CEG,90245636096.0,-0.2259478301030683,,2026-09-21T08:08:28Z,cluster_seed|yahoo_ret
PNC,93021700096.0,0.17186982476587764,,2026-09-21T08:08:28Z,cluster_seed|yahoo_ret
TT,94414143488.0,0.06286686320891999,,2026-09-21T08:08:28Z,cluster_seed|yahoo_ret
MELI,90614956032.0,-0.2711492082707594,,2026-09-21T08:08:28Z,yahoo_mcap|yahoo_ret
DUK,91638398976.0,0.004746768775656163,,2026-09-21T08:08:28Z,cluster_seed|yahoo_ret
ITUB,90379345920.0,0.24565942461765466,,2026-09-21T08:08:28Z,yahoo_mcap|yahoo_ret
KKR,91259977728.0,-0.3316795642900652,,2026-09-21T08:08:28Z,cluster_seed|yahoo_ret
ELV,89122439168.0,0.33601680764646313,,2026-09-21T08:08:28Z,cluster_seed|yahoo_ret
HWM,91592720384.0,0.20984162782269067,,2026-09-21T08:08:28Z,cluster_seed|yahoo_ret
CSX,87251566592.0,0.44649552062550746,,2026-09-21T08:08:28Z,cluster_seed|yahoo_ret
WMB,88129224704.0,0.23514091708749252,,2026-09-21T08:08:28Z,cluster_seed|yahoo_ret
MNST,87589199872.0,0.39435524713326653,,2026-09-21T08:08:28Z,cluster_seed|yahoo_ret
MAR,88378916864.0,0.2726881116637254,,2026-09-21T08:08:28Z,cluster_seed|yahoo_ret
ICE,87280001024.0,-0.07203501553259606,,2026-09-21T08:08:28Z,cluster_seed|yahoo_ret
LYG,83912499200.0,0.3557599183547757,,2026-09-21T08:08:28Z,yahoo_mcap|yahoo_ret
BCS,83283468288.0,0.22832520450195393,,2026-09-21T08:08:28Z,yahoo_mcap|yahoo_ret
JCI,86790635520.0,0.32596703650893555,,2026-09-21T08:08:28Z,cluster_seed|yahoo_ret
UPS,84278419456.0,0.2558507262253402,,2026-09-21T08:08:28Z,cluster_seed|yahoo_ret
DDOG,82558525440.0,0.6562453971923479,,2026-09-21T08:08:28Z,cluster_seed|yahoo_ret
MMM,85553192960.0,0.07887764945708131,,2026-09-21T08:08:28Z,cluster_seed|yahoo_ret
WM,84379877376.0,-0.008201204254139505,,2026-09-21T08:08:28Z,cluster_seed|yahoo_ret
DASH,83600506880.0,-0.27272043338663665,,2026-09-21T08:08:28Z,cluster_seed|yahoo_ret
INTU,81023287296.0,-0.5543143260400072,,2026-09-21T08:08:28Z,cluster_seed|yahoo_ret
BN,83735502848.0,-0.21136616784928075,,2026-09-21T08:08:28Z,yahoo_mcap|yahoo_ret
EPD,83982065664.0,0.30666734511444216,,2026-09-21T08:08:28Z,yahoo_mcap|yahoo_ret
MRSH,83516743680.0,-0.09237569644878874,,2026-09-21T08:08:28Z,cluster_seed|yahoo_ret
EMR,83625377792.0,0.15063228136579343,,2026-09-21T08:08:28Z,cluster_seed|yahoo_ret
BE,78235303936.0,2.1276345688017684,,2026-09-21T08:08:28Z,yahoo_mcap|yahoo_ret
SU,81955528704.0,0.7054929019561309,,2026-09-21T08:08:28Z,yahoo_mcap|yahoo_ret
AMT,81067728896.0,-0.06522788341125185,,2026-09-21T08:08:28Z,cluster_seed|yahoo_ret
CMCSA,80696000512.0,-0.19471335794205358,,2026-09-21T08:08:28Z,cluster_seed|yahoo_ret
HPE,80656760832.0,1.4752148581246396,,2026-09-21T08:08:28Z,cluster_seed|yahoo_ret
LITE,83502620672.0,4.517157569586745,,2026-09-21T08:08:28Z,cluster_seed|yahoo_ret
REGN,80785489920.0,0.33258090784753325,,2026-09-21T08:08:28Z,yahoo_mcap|yahoo_ret
MCO,81150877696.0,-0.016819031713738775,,2026-09-21T08:08:28Z,cluster_seed|yahoo_ret
E,78428291072.0,0.6089982642786844,,2026-09-21T08:08:28Z,yahoo_mcap|yahoo_ret
MDLZ,77663346688.0,-0.011712947201498847,,2026-09-21T08:08:28Z,cluster_seed|yahoo_ret
CTAS,79089516544.0,-0.002512176211052042,,2026-09-21T08:08:28Z,cluster_seed|yahoo_ret
TRV,78136377344.0,0.3730885977884586,,2026-09-21T08:08:28Z,cluster_seed|yahoo_ret
GM,74345914368.0,0.40571664016788045,,2026-09-21T08:08:28Z,cluster_seed|yahoo_ret
CP,76901851136.0,0.16450551994014462,,2026-09-21T08:08:28Z,yahoo_mcap|yahoo_ret
SPG,77944299520.0,0.18875711055695255,,2026-09-21T08:08:28Z,cluster_seed|yahoo_ret
SHW,77859823616.0,-0.06640006886285765,,2026-09-21T08:08:28Z,cluster_seed|yahoo_ret
NGG,77212180480.0,0.1405775193943377,,2026-09-21T08:08:28Z,yahoo_mcap|yahoo_ret
SLB,75869396992.0,0.5210500747426572,,2026-09-21T08:08:28Z,cluster_seed|yahoo_ret
ECL,75537342464.0,0.02606513494779139,,2026-09-21T08:08:28Z,cluster_seed|yahoo_ret
CDNS,77908672512.0,-0.2422659990045719,,2026-09-21T08:08:28Z,cluster_seed|yahoo_ret
EOG,75652841472.0,0.28658439438156846,,2026-09-21T08:08:28Z,cluster_seed|yahoo_ret
ITW,76730818560.0,0.05487419386560588,,2026-09-21T08:08:28Z,cluster_seed|yahoo_ret
MSI,75907039232.0,-0.025655844639106862,,2026-09-21T08:08:28Z,cluster_seed|yahoo_ret
APO,74355294208.0,-0.11576127164508199,,2026-09-21T08:08:28Z,cluster_seed|yahoo_ret
NWG,74071867392.0,0.4256220292886983,,2026-09-21T08:08:28Z,yahoo_mcap|yahoo_ret
NTES,74390667264.0,-0.21734638374780202,,2026-09-21T08:08:28Z,yahoo_mcap|yahoo_ret
NOC,74922622976.0,-0.06464206862240363,,2026-09-21T08:08:28Z,cluster_seed|yahoo_ret
ROST,72692203520.0,0.5631134760596326,,2026-09-21T08:08:28Z,cluster_seed|yahoo_ret
CI,72740118528.0,-0.030448248564676983,,2026-09-21T08:08:28Z,cluster_seed|yahoo_ret
DB,71364419584.0,0.08623309768639631,,2026-09-21T08:08:28Z,yahoo_mcap|yahoo_ret
MFC,73637486592.0,0.44450035895376705,,2026-09-21T08:08:28Z,yahoo_mcap|yahoo_ret
CVNA,72172077056.0,-0.16928217128106915,,2026-09-21T08:08:28Z,cluster_seed|yahoo_ret
FDX,71864975360.0,0.6536047992083971,,2026-09-21T08:08:28Z,cluster_seed|yahoo_ret
BAM,73569411072.0,-0.20224726598957232,,2026-09-21T08:08:28Z,yahoo_mcap|yahoo_ret
SNPS,73774358528.0,-0.22306760601270814,,2026-09-21T08:08:28Z,cluster_seed|yahoo_ret
ET,72791351296.0,0.31348611171682284,,2026-09-21T08:08:28Z,yahoo_mcap|yahoo_ret
RACE,71418724352.0,-0.1422180518108248,,2026-09-21T08:08:28Z,yahoo_mcap|yahoo_ret
CNI,71952850944.0,0.2966250686942047,,2026-09-21T08:08:28Z,yahoo_mcap|yahoo_ret
TGT,71865204736.0,0.8676464216732693,,2026-09-21T08:08:28Z,cluster_seed|yahoo_ret
CMI,73269166080.0,0.27469594238528283,,2026-09-21T08:08:28Z,cluster_seed|yahoo_ret
B,71316176896.0,0.3409043286299902,,2026-09-21T08:08:28Z,yahoo_mcap|yahoo_ret
NSC,70562963456.0,0.1268454889652959,,2026-09-21T08:08:28Z,cluster_seed|yahoo_ret
WBD,69698396160.0,0.4381789625858714,,2026-09-21T08:08:28Z,cluster_seed|yahoo_ret
KMI,70901383168.0,0.20787656270870425,,2026-09-21T08:08:28Z,cluster_seed|yahoo_ret
CL,69728706560.0,0.1045622559265047,,2026-09-21T08:08:28Z,cluster_seed|yahoo_ret
DLR,68780113920.0,0.08865581733767391,,2026-09-21T08:08:28Z,cluster_seed|yahoo_ret
WPM,68582694912.0,0.40897157766064884,,2026-09-21T08:08:28Z,yahoo_mcap|yahoo_ret
AMX,67087794176.0,0.12592166215188527,,2026-09-21T08:08:28Z,yahoo_mcap|yahoo_ret
ORLY,68527067136.0,-0.1849321770832898,,2026-09-21T08:08:28Z,cluster_seed|yahoo_ret
HLT,68809097216.0,0.14042585307730748,,2026-09-21T08:08:28Z,cluster_seed|yahoo_ret
NU,65938898944.0,-0.1558441834182872,,2026-09-21T08:08:28Z,yahoo_mcap|yahoo_ret
RSG,66775867392.0,-0.028011009780804175,,2026-09-21T08:08:28Z,cluster_seed|yahoo_ret
RCL,65742393344.0,-0.23463645692079105,,2026-09-21T08:08:28Z,cluster_seed|yahoo_ret
AEP,65327685632.0,0.1556385120554613,,2026-09-21T08:08:28Z,cluster_seed|yahoo_ret
HON,65435435008.0,0.01714590061402088,,2026-09-21T08:08:28Z,cluster_seed|yahoo_ret
ALL,63171502080.0,0.23598895972209966,,2026-09-21T08:08:28Z,cluster_seed|yahoo_ret
APD,63282774016.0,0.0055260681705340264,,2026-09-21T08:08:28Z,cluster_seed|yahoo_ret
MRNA,61498294272.0,5.103010882844736,,2026-09-21T08:08:28Z,cluster_seed|yahoo_ret
AON,62712766464.0,-0.15434469852477173,,2026-09-21T08:08:28Z,cluster_seed|yahoo_ret
BSX,62809608192.0,-0.5569866161565352,,2026-09-21T08:08:28Z,cluster_seed|yahoo_ret
URI,63108280320.0,0.08568037737355927,,2026-09-21T08:08:28Z,cluster_seed|yahoo_ret
AJG,61388537856.0,-0.19139830849911288,,2026-09-21T08:08:28Z,cluster_seed|yahoo_ret
MET,61666680832.0,0.26086641458379756,,2026-09-21T08:08:28Z,cluster_seed|yahoo_ret
PCAR,61089914880.0,0.1956688352462952,,2026-09-21T08:08:28Z,cluster_seed|yahoo_ret
SE,62344802304.0,-0.47193399140755055,,2026-09-21T08:08:28Z,yahoo_mcap|yahoo_ret
ARGX,61585793024.0,0.3441554837364953,,2026-09-21T08:08:28Z,yahoo_mcap|yahoo_ret
VALE,60474388480.0,0.41702747919289074,,2026-09-21T08:08:28Z,yahoo_mcap|yahoo_ret
UMC,61719633920.0,2.5074191715909095,,2026-09-21T08:08:28Z,yahoo_mcap|yahoo_ret
TRGP,62654603264.0,0.8151979246283358,,2026-09-21T08:08:28Z,cluster_seed|yahoo_ret
TAK,60389142528.0,0.25564404518744355,,2026-09-21T08:08:28Z,yahoo_mcap|yahoo_ret
CVE,60159270912.0,0.9520465342540898,,2026-09-21T08:08:28Z,yahoo_mcap|yahoo_ret
NUE,56351383552.0,0.8882851681081838,,2026-09-21T08:08:28Z,cluster_seed|yahoo_ret
RELX,58109386752.0,-0.2699958799780855,,2026-09-21T08:08:28Z,yahoo_mcap|yahoo_ret
TDG,60033073152.0,-0.1531509116010109,,2026-09-21T08:08:28Z,cluster_seed|yahoo_ret
MPLX,60263731200.0,0.27662365848464954,,2026-09-21T08:08:28Z,yahoo_mcap|yahoo_ret
GWW,59658526720.0,0.2930978123039134,,2026-09-21T08:08:28Z,cluster_seed|yahoo_ret
COR,58923614208.0,0.07279869102503511,,2026-09-21T08:08:28Z,cluster_seed|yahoo_ret
OXY,58818662400.0,0.30177044222824323,,2026-09-21T08:08:28Z,cluster_seed|yahoo_ret
TEL,59471802368.0,-0.03939661194488864,,2026-09-21T08:08:28Z,cluster_seed|yahoo_ret
TFC,59322171392.0,0.10111328263196406,,2026-09-21T08:08:28Z,cluster_seed|yahoo_ret
OKE,58918043648.0,0.3771257078573018,,2026-09-21T08:08:28Z,cluster_seed|yahoo_ret
NOK,59793526784.0,1.2531647301443591,,2026-09-21T08:08:28Z,yahoo_mcap|yahoo_ret
AFL,58321264640.0,0.09924131789232327,,2026-09-21T08:08:28Z,cluster_seed|yahoo_ret
NBIS,60770516992.0,1.2509314145762849,,2026-09-21T08:08:28Z,yahoo_mcap|yahoo_ret
COHR,62149316608.0,1.9086241735521878,,2026-09-21T08:08:28Z,cluster_seed|yahoo_ret
CRH,57314258944.0,-0.22967862062924593,,2026-09-21T08:08:28Z,cluster_seed|yahoo_ret
MPWR,59846348800.0,0.3382529419860709,,2026-09-21T08:08:28Z,cluster_seed|yahoo_ret
NXPI,57490911232.0,0.035559022461809864,,2026-09-21T08:08:28Z,cluster_seed|yahoo_ret
MT,54574583808.0,1.0815866444260616,,2026-09-21T08:08:28Z,yahoo_mcap|yahoo_ret
KEYS,57031991296.0,0.8804378977113785,,2026-09-21T08:08:28Z,cluster_seed|yahoo_ret
D,55920263168.0,0.10771490446714971,,2026-09-21T08:08:28Z,cluster_seed|yahoo_ret
BKR,56830590976.0,0.2282465180605977,,2026-09-21T08:08:28Z,cluster_seed|yahoo_ret
FAST,56238854144.0,0.05242921645789034,,2026-09-21T08:08:28Z,cluster_seed|yahoo_ret
PSA,55366201344.0,0.10599652714653285,,2026-09-21T08:08:28Z,cluster_seed|yahoo_ret
FIX,58118856704.0,1.0743772144586976,,2026-09-21T08:08:28Z,cluster_seed|yahoo_ret
LNG,55421374464.0,0.17054478007235763,,2026-09-21T08:08:28Z,yahoo_mcap|yahoo_ret
TER,58075897856.0,2.105461262190972,,2026-09-21T08:08:28Z,cluster_seed|yahoo_ret
FANG,53881405440.0,0.4108601137599406,,2026-09-21T08:08:28Z,cluster_seed|yahoo_ret
CTVA,53729296384.0,0.14714417263891466,,2026-09-21T08:08:28Z,cluster_seed|yahoo_ret
F,52676141056.0,0.1898362237674176,,2026-09-21T08:08:28Z,cluster_seed|yahoo_ret
O,53612716032.0,0.010034327928174491,,2026-09-21T08:08:28Z,cluster_seed|yahoo_ret
GRMN,52853166080.0,0.18487780301725398,,2026-09-21T08:08:28Z,cluster_seed|yahoo_ret
NKE,52679036928.0,-0.48256697056144626,,2026-09-21T08:08:28Z,cluster_seed|yahoo_ret
SRE,53168635904.0,0.00556769831074444,,2026-09-21T08:08:28Z,cluster_seed|yahoo_ret
AME,54481641472.0,0.2726543294014512,,2026-09-21T08:08:28Z,cluster_seed|yahoo_ret
DVN,53471002624.0,0.46787488041598246,,2026-09-21T08:08:28Z,cluster_seed|yahoo_ret
CAH,52417916928.0,0.5222190537603248,,2026-09-21T08:08:28Z,cluster_seed|yahoo_ret
MSTR,61149593600.0,-0.5535315499087881,,2026-09-21T08:08:28Z,yahoo_mcap|yahoo_ret
HONA,51853467648.0,-0.18199996948242192,,2026-09-21T08:08:28Z,cluster_seed|yahoo_ret
NTRA,53245419520.0,1.039589273941643,,2026-09-21T08:08:28Z,yahoo_mcap|yahoo_ret
DAL,52359946240.0,0.3469051372349705,,2026-09-21T08:08:28Z,cluster_seed|yahoo_ret
AU,52240904192.0,0.593643871026978,,2026-09-21T08:08:28Z,yahoo_mcap|yahoo_ret
FNV,51290931200.0,0.24983751312283675,,2026-09-21T08:08:28Z,yahoo_mcap|yahoo_ret
NDAQ,52286742528.0,0.05810606869362367,,2026-09-21T08:08:28Z,cluster_seed|yahoo_ret
EW,50873065472.0,0.1861308667180419,,2026-09-21T08:08:28Z,cluster_seed|yahoo_ret
STT,50234707968.0,0.6526774235919415,,2026-09-21T08:08:28Z,cluster_seed|yahoo_ret
ALAB,52609355776.0,0.23674552925875947,,2026-09-21T08:08:28Z,yahoo_mcap|yahoo_ret
EBAY,49768800256.0,0.24317068187895252,,2026-09-21T08:08:28Z,cluster_seed|yahoo_ret
BDX,49285672960.0,0.26128723352996364,,2026-09-21T08:08:28Z,cluster_seed|yahoo_ret
CIEN,49462812672.0,1.5207776259409789,,2026-09-21T08:08:28Z,cluster_seed|yahoo_ret
ETR,48738082816.0,0.17909828356568314,,2026-09-21T08:08:28Z,cluster_seed|yahoo_ret
VMRK,47370760192.0,-0.016427546698752016,,2026-09-21T08:08:28Z,cluster_seed|yahoo_ret
TEAM,48607715328.0,0.13587696424749796,,2026-09-21T08:08:28Z,yahoo_mcap|yahoo_ret
AMP,48082419712.0,0.12673015836919,,2026-09-21T08:08:28Z,cluster_seed|yahoo_ret
DEO,47579545600.0,-0.09136559139001132,,2026-09-21T08:08:28Z,yahoo_mcap|yahoo_ret
FITB,47983685632.0,0.18717534119640056,,2026-09-21T08:08:28Z,cluster_seed|yahoo_ret
VST,47213801472.0,-0.33142826683839754,,2026-09-21T08:08:28Z,cluster_seed|yahoo_ret
WDAY,46722670592.0,-0.17014810731444785,,2026-09-21T08:08:28Z,cluster_seed|yahoo_ret
WAB,47333888000.0,0.49199460010533635,,2026-09-21T08:08:28Z,cluster_seed|yahoo_ret
CBRS,47125577728.0,-0.3622979057880289,,2026-09-21T08:08:28Z,yahoo_mcap|yahoo_ret
LHX,46049013760.0,-0.11462641110812344,,2026-09-21T08:08:28Z,cluster_seed|yahoo_ret
HUM,46377414656.0,0.5506726911247313,,2026-09-21T08:08:28Z,cluster_seed|yahoo_ret
XYZ,45828640768.0,-0.009736466466121474,,2026-09-21T08:08:28Z,cluster_seed|yahoo_ret
ABEV,45324472320.0,0.2819118899426827,,2026-09-21T08:08:28Z,yahoo_mcap|yahoo_ret
XEL,45161062400.0,0.033784602689987286,,2026-09-21T08:08:28Z,cluster_seed|yahoo_ret
TEVA,45462085632.0,1.12425061209259,,2026-09-21T08:08:28Z,yahoo_mcap|yahoo_ret
ADSK,45342547968.0,-0.3276412808132523,,2026-09-21T08:08:28Z,cluster_seed|yahoo_ret
KB,44565897216.0,0.514316401423389,,2026-09-21T08:08:28Z,yahoo_mcap|yahoo_ret
ROK,46247677952.0,0.2109126063769109,,2026-09-21T08:08:28Z,cluster_seed|yahoo_ret
PYPL,44834705408.0,-0.2231828377217756,,2026-09-21T08:08:28Z,cluster_seed|yahoo_ret
COIN,51250323456.0,-0.43278045655887787,,2026-09-21T08:08:28Z,cluster_seed|yahoo_ret
VTR,44467322880.0,0.3244611880555679,,2026-09-21T08:08:28Z,cluster_seed|yahoo_ret
SLF,45188198400.0,0.38951848417792356,,2026-09-21T08:08:28Z,yahoo_mcap|yahoo_ret
CARR,44414636032.0,-0.09407693373390424,,2026-09-21T08:08:28Z,cluster_seed|yahoo_ret
INFY,43824717824.0,-0.3388244078023157,,2026-09-21T08:08:28Z,yahoo_mcap|yahoo_ret
BSBR,43053281280.0,0.084180389721912,,2026-09-21T08:08:28Z,yahoo_mcap|yahoo_ret
IQV,43852734464.0,0.4230317898228555,,2026-09-21T08:08:28Z,cluster_seed|yahoo_ret
CCEP,43946881024.0,0.13891491990787697,,2026-09-21T08:08:28Z,yahoo_mcap|yahoo_ret
A,44119191552.0,0.24861940882338796,,2026-09-21T08:08:28Z,cluster_seed|yahoo_ret
EXC,43342782464.0,0.004713181046006376,,2026-09-21T08:08:28Z,cluster_seed|yahoo_ret
CRWV,44873015296.0,-0.3483901953176317,,2026-09-21T08:08:28Z,yahoo_mcap|yahoo_ret
STM,44756955136.0,0.8241645200011538,,2026-09-21T08:08:28Z,yahoo_mcap|yahoo_ret
MDLN,42569506816.0,-0.22829269781345274,,2026-09-21T08:08:28Z,yahoo_mcap|yahoo_ret
RKLB,41286766592.0,0.3511194487934175,,2026-09-21T08:08:28Z,yahoo_mcap|yahoo_ret
KDP,42131169280.0,0.18045764238581663,,2026-09-21T08:08:28Z,cluster_seed|yahoo_ret
TRI,40894599168.0,-0.3946946345241924,,2026-09-21T08:08:28Z,yahoo_mcap|yahoo_ret
VEEV,42130300928.0,-0.0632852750245726,,2026-09-21T08:08:28Z,cluster_seed|yahoo_ret
CMG,42302922752.0,-0.14979652684035372,,2026-09-21T08:08:28Z,cluster_seed|yahoo_ret
ADM,41053319168.0,0.42203995697470265,,2026-09-21T08:08:28Z,cluster_seed|yahoo_ret
HMC,41785044992.0,-0.03448269156815753,,2026-09-21T08:08:28Z,yahoo_mcap|yahoo_ret
WAT,41398104064.0,0.4013694011547728,,2026-09-21T08:08:28Z,cluster_seed|yahoo_ret
CLS,41948344320.0,0.31510700397320957,,2026-09-21T08:08:28Z,yahoo_mcap|yahoo_ret
RVMD,40927539200.0,3.3856222538604754,,2026-09-21T08:08:28Z,yahoo_mcap|yahoo_ret
ARES,41073860608.0,-0.29551520032953815,,2026-09-21T08:08:28Z,cluster_seed|yahoo_ret
IX,40871456768.0,0.45286507746797167,,2026-09-21T08:08:28Z,yahoo_mcap|yahoo_ret
FERG,41482063872.0,-0.04738739447150675,,2026-09-21T08:08:28Z,cluster_seed|yahoo_ret
PAYX,41343574016.0,-0.06726674518126896,,2026-09-21T08:08:28Z,cluster_seed|yahoo_ret
HEI,41678454784.0,-0.06372504918233202,,2026-09-21T08:08:28Z,yahoo_mcap|yahoo_ret
FMX,40445706240.0,0.26968652976086105,,2026-09-21T08:08:28Z,yahoo_mcap|yahoo_ret
FLEX,40083918848.0,0.8501278655270141,,2026-09-21T08:08:28Z,cluster_seed|yahoo_ret
PRU,40847998976.0,0.20351330800248313,,2026-09-21T08:08:28Z,cluster_seed|yahoo_ret
HLN,40809951232.0,0.03328249809500594,,2026-09-21T08:08:28Z,yahoo_mcap|yahoo_ret
CBRE,40395755520.0,-0.1501157516831474,,2026-09-21T08:08:28Z,cluster_seed|yahoo_ret
VOD,39172018176.0,0.5461114176071631,,2026-09-21T08:08:28Z,yahoo_mcap|yahoo_ret
CCJ,39903535104.0,0.06519370428906446,,2026-09-21T08:08:28Z,yahoo_mcap|yahoo_ret
IDXX,40308359168.0,-0.22023589545626843,,2026-09-21T08:08:28Z,cluster_seed|yahoo_ret
MSCI,40193650688.0,0.0018872580384881044,,2026-09-21T08:08:28Z,cluster_seed|yahoo_ret
ONC,39687778304.0,0.049162687624017654,,2026-09-21T08:08:28Z,yahoo_mcap|yahoo_ret
AIG,39389544448.0,0.002671379136799157,,2026-09-21T08:08:28Z,cluster_seed|yahoo_ret
FER,39661944832.0,-0.026127373663358933,,2026-09-21T08:08:28Z,yahoo_mcap|yahoo_ret
ED,38991032320.0,0.13076733300138654,,2026-09-21T08:08:28Z,cluster_seed|yahoo_ret
TTWO,38415130624.0,-0.18098468427598402,,2026-09-21T08:08:28Z,cluster_seed|yahoo_ret
DHI,38604369920.0,-0.17007329829673468,,2026-09-21T08:08:28Z,cluster_seed|yahoo_ret
LYV,38932189184.0,0.020767126014743953,,2026-09-21T08:08:28Z,cluster_seed|yahoo_ret
WCN,39076253696.0,-0.1013497444422885,,2026-09-21T08:08:28Z,yahoo_mcap|yahoo_ret
SHG,37735067648.0,0.6144238592871587,,2026-09-21T08:08:28Z,yahoo_mcap|yahoo_ret
NTAP,38849716224.0,0.6079536760622792,,2026-09-21T08:08:28Z,cluster_seed|yahoo_ret
GFI,37872009216.0,0.0828009244054464,,2026-09-21T08:08:28Z,yahoo_mcap|yahoo_ret
MCHP,39786246144.0,0.1540920679615192,,2026-09-21T08:08:28Z,cluster_seed|yahoo_ret
SYY,37909872640.0,-0.01331625318050711,,2026-09-21T08:08:28Z,cluster_seed|yahoo_ret
VIK,37584596992.0,0.3520244096489529,,2026-09-21T08:08:28Z,yahoo_mcap|yahoo_ret
NTR,36788121600.0,0.38407103453499913,,2026-09-21T08:08:28Z,yahoo_mcap|yahoo_ret
TWLO,37447778304.0,1.289577430402729,,2026-09-21T08:08:28Z,yahoo_mcap|yahoo_ret
YUM,37657624576.0,-0.03425989416845798,,2026-09-21T08:08:28Z,cluster_seed|yahoo_ret
ROP,36864311296.0,-0.2548487065672387,,2026-09-21T08:08:28Z,cluster_seed|yahoo_ret
AXON,36374867968.0,-0.42189457757744353,,2026-09-21T08:08:28Z,cluster_seed|yahoo_ret
BBD,36257542144.0,0.07590470570137109,,2026-09-21T08:08:28Z,yahoo_mcap|yahoo_ret
ILMN,36182618112.0,1.332068078999392,,2026-09-21T08:08:28Z,yahoo_mcap|yahoo_ret
ODFL,35978514432.0,0.235978184428983,,2026-09-21T08:08:28Z,cluster_seed|yahoo_ret
KR,35760001024.0,-0.06434830239784306,,2026-09-21T08:08:28Z,cluster_seed|yahoo_ret
HIG,35725307904.0,0.025231469153478736,,2026-09-21T08:08:28Z,cluster_seed|yahoo_ret
JD,36355461120.0,-0.20570605148395837,,2026-09-21T08:08:28Z,yahoo_mcap|yahoo_ret
UI,35680268288.0,-0.06752048660978294,,2026-09-21T08:08:28Z,yahoo_mcap|yahoo_ret
VG,35051302912.0,0.06676467632323013,,2026-09-21T08:08:28Z,yahoo_mcap|yahoo_ret
TKO,35821182976.0,-0.04398856702681886,,2026-09-21T08:08:28Z,cluster_seed|yahoo_ret
EC,36141576192.0,1.0780542234044304,,2026-09-21T08:08:28Z,yahoo_mcap|yahoo_ret
RKT,34800885760.0,-0.40078011581167816,,2026-09-21T08:08:28Z,yahoo_mcap|yahoo_ret
CHT,35606679552.0,0.08410286517038168,,2026-09-21T08:08:28Z,yahoo_mcap|yahoo_ret
STLD,33719367680.0,0.7094413991298678,,2026-09-21T08:08:28Z,cluster_seed|yahoo_ret
PEG,34774765568.0,-0.11567083461826078,,2026-09-21T08:08:28Z,cluster_seed|yahoo_ret
MLM,34844950528.0,-0.20235432427535482,,2026-09-21T08:08:28Z,cluster_seed|yahoo_ret
UAL,35283976192.0,0.022575501655487606,,2026-09-21T08:08:28Z,cluster_seed|yahoo_ret
ESLT,34835070976.0,0.5312575456959963,,2026-09-21T08:08:28Z,yahoo_mcap|yahoo_ret
KVUE,34208974848.0,0.017831957103891405,,2026-09-21T08:08:28Z,cluster_seed|yahoo_ret
P,34702286848.0,0.1851598513088617,,2026-09-21T08:08:28Z,yahoo_mcap|yahoo_ret
HSY,34115166208.0,-0.08029174818308282,,2026-09-21T08:08:28Z,cluster_seed|yahoo_ret
EXPE,33528168448.0,0.26522466044329174,,2026-09-21T08:08:28Z,cluster_seed|yahoo_ret
EL,33802840064.0,0.07926040601012874,,2026-09-21T08:08:28Z,cluster_seed|yahoo_ret
RBLX,34161457152.0,-0.6462494282751088,,2026-09-21T08:08:28Z,yahoo_mcap|yahoo_ret
RPRX,33751369728.0,0.6430117364181778,,2026-09-21T08:08:28Z,yahoo_mcap|yahoo_ret
IRM,34039339008.0,0.18317337183882954,,2026-09-21T08:08:28Z,cluster_seed|yahoo_ret
WEC,33617879040.0,-0.031073756616599946,,2026-09-21T08:08:28Z,cluster_seed|yahoo_ret
QSR,33387126784.0,0.19597599816607092,,2026-09-21T08:08:28Z,yahoo_mcap|yahoo_ret
KGC,33309640704.0,0.20014283991877635,,2026-09-21T08:08:28Z,yahoo_mcap|yahoo_ret
OKTA,31882092544.0,0.9531968485870421,,2026-09-21T08:08:28Z,yahoo_mcap|yahoo_ret
ERIC,33193183232.0,0.30229590325804234,,2026-09-21T08:08:28Z,yahoo_mcap|yahoo_ret
CNC,32164016128.0,1.0494176793264902,,2026-09-21T08:08:28Z,cluster_seed|yahoo_ret
DXCM,33717184512.0,0.32468498912881927,,2026-09-21T08:08:28Z,cluster_seed|yahoo_ret
RMD,32455325696.0,-0.1677207780566916,,2026-09-21T08:08:28Z,cluster_seed|yahoo_ret
ACGL,33061689344.0,0.09604069815863192,,2026-09-21T08:08:28Z,cluster_seed|yahoo_ret
PUK,32237692928.0,-0.034380242859968546,,2026-09-21T08:08:28Z,yahoo_mcap|yahoo_ret
KMB,32546185216.0,-0.17453270446132596,,2026-09-21T08:08:28Z,cluster_seed|yahoo_ret
MTB,32827258880.0,0.15742715786100892,,2026-09-21T08:08:28Z,cluster_seed|yahoo_ret
NTRS,32545980416.0,0.3814197358829323,,2026-09-21T08:08:28Z,cluster_seed|yahoo_ret
ALNY,32055312384.0,-0.47182291461308623,,2026-09-21T08:08:28Z,yahoo_mcap|yahoo_ret
BIIB,31840987136.0,0.512280701754386,,2026-09-21T08:08:28Z,cluster_seed|yahoo_ret
CCI,31927218176.0,-0.17924911319989323,,2026-09-21T08:08:28Z,cluster_seed|yahoo_ret
TECK,32144109568.0,0.6772689995627066,,2026-09-21T08:08:28Z,yahoo_mcap|yahoo_ret
CQP,31395983360.0,0.3092768001106396,,2026-09-21T08:08:28Z,yahoo_mcap|yahoo_ret
ZS,32172322816.0,-0.3294933057226347,,2026-09-21T08:08:28Z,yahoo_mcap|yahoo_ret
EME,33086396416.0,0.18916816020569516,,2026-09-21T08:08:28Z,cluster_seed|yahoo_ret
HBAN,32084187136.0,-0.0693802767751085,,2026-09-21T08:08:28Z,cluster_seed|yahoo_ret
MDB,30850469888.0,0.1859135090884696,,2026-09-21T08:08:28Z,yahoo_mcap|yahoo_ret
VMC,31206447104.0,-0.18523471826776838,,2026-09-21T08:08:28Z,cluster_seed|yahoo_ret
EQT,31275802624.0,0.028449086819096303,,2026-09-21T08:08:28Z,cluster_seed|yahoo_ret
ALC,31440336896.0,-0.15393617752951305,,2026-09-21T08:08:28Z,yahoo_mcap|yahoo_ret
RJF,31648475136.0,-0.04056120436002553,,2026-09-21T08:08:28Z,cluster_seed|yahoo_ret
JBL,31391068160.0,0.3368791653158363,,2026-09-21T08:08:28Z,cluster_seed|yahoo_ret
CRDO,33058863104.0,0.037331929241549267,,2026-09-21T08:08:28Z,yahoo_mcap|yahoo_ret
HPQ,31021611008.0,0.283846976299863,,2026-09-21T08:08:28Z,cluster_seed|yahoo_ret
BIDU,30666000384.0,-0.33557446435283234,,2026-09-21T08:08:28Z,yahoo_mcap|yahoo_ret
EXR,30172246016.0,0.02761230938063597,,2026-09-21T08:08:28Z,cluster_seed|yahoo_ret
CCL,29913137152.0,-0.2729042510950933,,2026-09-21T08:08:28Z,cluster_seed|yahoo_ret
BAP,30324678656.0,0.5227053609264696,,2026-09-21T08:08:28Z,yahoo_mcap|yahoo_ret
SUNB,30154596352.0,0.01174539093892224,,2026-09-21T08:08:28Z,yahoo_mcap|yahoo_ret
ZTS,29504165888.0,-0.5011564207979415,,2026-09-21T08:08:28Z,cluster_seed|yahoo_ret
NMR,29430497280.0,0.34805889928490386,,2026-09-21T08:08:28Z,yahoo_mcap|yahoo_ret
PCG,39631245312.0,-0.10530336403199037,,2026-09-21T08:08:28Z,cluster_seed|yahoo_ret
KHC,28969674752.0,-0.01201935147907962,,2026-09-21T08:08:28Z,cluster_seed|yahoo_ret
GEHC,28966637568.0,-0.14227689232010676,,2026-09-21T08:08:28Z,cluster_seed|yahoo_ret
RDDT,29023014912.0,-0.42963551180692605,,2026-09-21T08:08:28Z,cluster_seed|yahoo_ret
WTW,28788443136.0,-0.06789312006900805,,2026-09-21T08:08:28Z,cluster_seed|yahoo_ret
FTI,28243677184.0,0.8334282436909537,,2026-09-21T08:08:28Z,yahoo_mcap|yahoo_ret
ROIV,28726786048.0,1.644281952036903,,2026-09-21T08:08:28Z,yahoo_mcap|yahoo_ret
AEE,28301688832.0,0.060595550189406655,,2026-09-21T08:08:28Z,cluster_seed|yahoo_ret
IR,27869999104.0,-0.11896459903956313,,2026-09-21T08:08:28Z,cluster_seed|yahoo_ret
TS,28396118016.0,0.6425756097082795,,2026-09-21T08:08:28Z,yahoo_mcap|yahoo_ret
CFG,28235694080.0,0.2895754244343107,,2026-09-21T08:08:28Z,cluster_seed|yahoo_ret
HAL,28026505216.0,0.5247067171460182,,2026-09-21T08:08:28Z,cluster_seed|yahoo_ret
MTD,27897303040.0,0.10013510211943566,,2026-09-21T08:08:28Z,cluster_seed|yahoo_ret
TDY,27973795840.0,0.06729638781663039,,2026-09-21T08:08:28Z,cluster_seed|yahoo_ret
FTS,27639689216.0,0.12536470031093172,,2026-09-21T08:08:28Z,yahoo_mcap|yahoo_ret
PBA,27641309184.0,0.22905637201954154,,2026-09-21T08:08:28Z,yahoo_mcap|yahoo_ret
CTSH,26968094720.0,-0.08543553075417576,,2026-09-21T08:08:28Z,cluster_seed|yahoo_ret
FOXA,27176863744.0,0.07311599012172154,,2026-09-21T08:08:28Z,cluster_seed|yahoo_ret
CPRT,27107760128.0,-0.3613958198238134,,2026-09-21T08:08:28Z,cluster_seed|yahoo_ret
RYAAY,27727724544.0,-0.03451499664183921,,2026-09-21T08:08:28Z,yahoo_mcap|yahoo_ret
ATO,27088867328.0,0.006666442439624776,,2026-09-21T08:08:28Z,cluster_seed|yahoo_ret
AWK,27007268864.0,0.03367029040888059,,2026-09-21T08:08:28Z,cluster_seed|yahoo_ret
DGX,27201513472.0,0.3658783006677446,,2026-09-21T08:08:28Z,cluster_seed|yahoo_ret
DG,27005702144.0,0.22315051601406521,,2026-09-21T08:08:28Z,cluster_seed|yahoo_ret
ECHO,27149262848.0,0.2896370568539901,,2026-09-21T08:08:28Z,cluster_seed|yahoo_ret
VRSN,27402047488.0,0.08720757581479255,,2026-09-21T08:08:28Z,cluster_seed|yahoo_ret
DTE,26743478272.0,-0.02895164384547133,,2026-09-21T08:08:28Z,cluster_seed|yahoo_ret
ZM,25901639680.0,0.0547765301848786,,2026-09-21T08:08:28Z,yahoo_mcap|yahoo_ret
SYM,25358731264.0,-0.26573181507711474,,2026-09-21T08:08:28Z,yahoo_mcap|yahoo_ret
INSM,26205779968.0,-0.17104169277698267,,2026-09-21T08:08:28Z,yahoo_mcap|yahoo_ret
ON,27244519424.0,0.37027616555920684,,2026-09-21T08:08:28Z,cluster_seed|yahoo_ret
CPAY,26116763648.0,0.31739151265024557,,2026-09-21T08:08:28Z,cluster_seed|yahoo_ret
LVS,25895092224.0,-0.2417676706985804,,2026-09-21T08:08:28Z,cluster_seed|yahoo_ret
SMCI,25680777216.0,-0.14669288407009617,,2026-09-21T08:08:28Z,cluster_seed|yahoo_ret
VICI,26117558272.0,-0.20279484708522388,,2026-09-21T08:08:28Z,cluster_seed|yahoo_ret
FE,26189242368.0,0.08952455972769968,,2026-09-21T08:08:28Z,cluster_seed|yahoo_ret
CPNG,25686441984.0,-0.565124780997375,,2026-09-21T08:08:28Z,yahoo_mcap|yahoo_ret
LH,26009579520.0,0.16836981724044575,,2026-09-21T08:08:28Z,cluster_seed|yahoo_ret
FISV,25094070272.0,-0.641957530090667,,2026-09-21T08:08:28Z,cluster_seed|yahoo_ret
OTIS,26083463168.0,-0.21493427287748101,,2026-09-21T08:08:28Z,cluster_seed|yahoo_ret
CINF,25937790976.0,0.10682026156756064,,2026-09-21T08:08:28Z,cluster_seed|yahoo_ret
WRB,25982214144.0,-0.01991676845453272,,2026-09-21T08:08:28Z,cluster_seed|yahoo_ret
LPLA,25834557440.0,-0.01927630523282675,,2026-09-21T08:08:28Z,yahoo_mcap|yahoo_ret
WSM,26406090752.0,0.14682068680280214,,2026-09-21T08:08:28Z,cluster_seed|yahoo_ret
ES,25508415488.0,0.05702963368825298,,2026-09-21T08:08:28Z,cluster_seed|yahoo_ret
WST,25497841664.0,0.4260948468904453,,2026-09-21T08:08:28Z,cluster_seed|yahoo_ret
INCY,25400053760.0,0.4481682575566539,,2026-09-21T08:08:28Z,cluster_seed|yahoo_ret
DOV,25241767936.0,0.10504584910909043,,2026-09-21T08:08:28Z,cluster_seed|yahoo_ret
TCOM,25616408576.0,-0.4819154095217607,,2026-09-21T08:08:28Z,yahoo_mcap|yahoo_ret
CNP,25176289280.0,0.02812310866137402,,2026-09-21T08:08:28Z,cluster_seed|yahoo_ret
GFS,26655758336.0,0.45559000697504803,,2026-09-21T08:08:28Z,yahoo_mcap|yahoo_ret
PPL,25089845248.0,-0.03559965718080316,,2026-09-21T08:08:28Z,cluster_seed|yahoo_ret
XYL,25113841664.0,-0.23664782467351753,,2026-09-21T08:08:28Z,cluster_seed|yahoo_ret
PFG,25193693184.0,0.4897327602577257,,2026-09-21T08:08:28Z,cluster_seed|yahoo_ret
BNTX,24130691072.0,-0.0016628939937588516,,2026-09-21T08:08:28Z,yahoo_mcap|yahoo_ret
ATI,26094331904.0,1.3737148137546078,,2026-09-21T08:08:28Z,yahoo_mcap|yahoo_ret
FFIV,24464642048.0,0.31439957275948016,,2026-09-21T08:08:28Z,cluster_seed|yahoo_ret
EXPD,24820410368.0,0.6057867353992064,,2026-09-21T08:08:28Z,cluster_seed|yahoo_ret
TSEM,25273786368.0,2.3363177753403885,,2026-09-21T08:08:28Z,yahoo_mcap|yahoo_ret
ASTS,22774081536.0,0.2975610296604141,,2026-09-21T08:08:28Z,yahoo_mcap|yahoo_ret
Q,25115486208.0,0.2629449458304831,,2026-09-21T08:08:28Z,cluster_seed|yahoo_ret
NVT,25554130944.0,0.6055834972320011,,2026-09-21T08:08:28Z,yahoo_mcap|yahoo_ret
GH,24072110080.0,2.03262891386962,,2026-09-21T08:08:28Z,yahoo_mcap|yahoo_ret
SYF,24415827968.0,-0.0039157174355913815,,2026-09-21T08:08:28Z,cluster_seed|yahoo_ret
RF,24279992320.0,0.09176300319348285,,2026-09-21T08:08:28Z,cluster_seed|yahoo_ret
BSP,24189153280.0,-0.0597530412085262,,2026-09-21T08:08:28Z,yahoo_mcap|yahoo_ret
PHG,24122910720.0,-0.08715977738130265,,2026-09-21T08:08:28Z,yahoo_mcap|yahoo_ret
TPL,24325302272.0,0.21645014764191872,,2026-09-21T08:08:28Z,cluster_seed|yahoo_ret
SW,23252101120.0,0.041656885035695757,,2026-09-21T08:08:28Z,cluster_seed|yahoo_ret
FCNCA,23849826304.0,0.1359619716803373,,2026-09-21T08:08:28Z,yahoo_mcap|yahoo_ret
AFRM,24027766784.0,-0.2274897065662701,,2026-09-21T08:08:28Z,yahoo_mcap|yahoo_ret
SN,23457003520.0,0.4418058569938472,,2026-09-21T08:08:28Z,yahoo_mcap|yahoo_ret
TPR,22930042880.0,0.020062158142902797,,2026-09-21T08:08:28Z,cluster_seed|yahoo_ret
IOT,23160684544.0,-0.013223617010503341,,2026-09-21T08:08:28Z,yahoo_mcap|yahoo_ret
HUBB,23611934720.0,0.02476623510303555,,2026-09-21T08:08:28Z,cluster_seed|yahoo_ret
DRI,23762020352.0,0.16883141010487068,,2026-09-21T08:08:28Z,cluster_seed|yahoo_ret
PPG,23234795520.0,-0.019783429488869686,,2026-09-21T08:08:28Z,cluster_seed|yahoo_ret
ULTA,23130937344.0,0.03741348660847832,,2026-09-21T08:08:28Z,cluster_seed|yahoo_ret
VLTO,23036033024.0,-0.11137814027734494,,2026-09-21T08:08:28Z,cluster_seed|yahoo_ret
CIB,22820669440.0,0.9590335661655354,,2026-09-21T08:08:28Z,yahoo_mcap|yahoo_ret
CRCL,25018687488.0,-0.36325794943850853,,2026-09-21T08:08:28Z,yahoo_mcap|yahoo_ret
VRSK,22830667776.0,-0.27229832523159603,,2026-09-21T08:08:28Z,cluster_seed|yahoo_ret
ROKU,22817175552.0,0.5095303717069846,,2026-09-21T08:08:28Z,yahoo_mcap|yahoo_ret
BG,22205128704.0,0.4973440439383485,,2026-09-21T08:08:28Z,cluster_seed|yahoo_ret
GPN,22508439552.0,-0.004367074285271388,,2026-09-21T08:08:28Z,cluster_seed|yahoo_ret
CHD,22475069440.0,0.06228118751040346,,2026-09-21T08:08:28Z,cluster_seed|yahoo_ret
RIVN,21703430144.0,0.04242000360380116,,2026-09-21T08:08:28Z,yahoo_mcap|yahoo_ret
CASY,22082961408.0,0.09588804314630561,,2026-09-21T08:08:28Z,cluster_seed|yahoo_ret
PHM,22336430080.0,-0.10340898776093277,,2026-09-21T08:08:28Z,cluster_seed|yahoo_ret
AER,22263549952.0,0.18791519358658926,,2026-09-21T08:08:28Z,yahoo_mcap|yahoo_ret
IHG,22398711808.0,0.29477016614071383,,2026-09-21T08:08:28Z,yahoo_mcap|yahoo_ret
JBHT,21999572992.0,0.7821254712354131,,2026-09-21T08:08:28Z,cluster_seed|yahoo_ret
NRG,21790418944.0,-0.3615176894470835,,2026-09-21T08:08:28Z,cluster_seed|yahoo_ret
KEY,22206945280.0,0.13553598449820714,,2026-09-21T08:08:28Z,cluster_seed|yahoo_ret
RBRK,21963966464.0,0.330051036016199,,2026-09-21T08:08:28Z,yahoo_mcap|yahoo_ret
MKL,22008653824.0,-0.08197627800198215,,2026-09-21T08:08:28Z,yahoo_mcap|yahoo_ret
TW,22460459008.0,-0.06776721331437063,,2026-09-21T08:08:28Z,yahoo_mcap|yahoo_ret
L,22031173632.0,0.11715751789013495,,2026-09-21T08:08:28Z,cluster_seed|yahoo_ret
TROW,22218979328.0,0.03441754601570968,,2026-09-21T08:08:28Z,cluster_seed|yahoo_ret
CNH,21629734912.0,0.2379057008179386,,2026-09-21T08:08:28Z,yahoo_mcap|yahoo_ret
BRO,21756364800.0,-0.284324626005223,,2026-09-21T08:08:28Z,cluster_seed|yahoo_ret
IFF,21167241216.0,0.3437628483331012,,2026-09-21T08:08:28Z,cluster_seed|yahoo_ret
OMC,21006669824.0,0.06313425670516581,,2026-09-21T08:08:28Z,cluster_seed|yahoo_ret
FWONA,21495744512.0,-0.0827985153531765,,2026-09-21T08:08:28Z,yahoo_mcap|yahoo_ret
SOFI,21905031168.0,-0.4252796017306135,,2026-09-21T08:08:28Z,yahoo_mcap|yahoo_ret
FSLR,21059780608.0,-0.07779188833344286,,2026-09-21T08:08:28Z,cluster_seed|yahoo_ret
EIX,21284061184.0,0.04885190196112332,,2026-09-21T08:08:28Z,cluster_seed|yahoo_ret
HSAI,20767913984.0,-0.4313252705119429,,2026-09-21T08:08:28Z,yahoo_mcap|yahoo_ret
DOW,20752848896.0,0.2834391903256519,,2026-09-21T08:08:28Z,cluster_seed|yahoo_ret
DLTR,21007089664.0,0.1753096428064287,,2026-09-21T08:08:28Z,cluster_seed|yahoo_ret
RGLD,21152309248.0,0.3137402285872035,,2026-09-21T08:08:28Z,yahoo_mcap|yahoo_ret
YPF,21548445696.0,1.3024716025203849,,2026-09-21T08:08:28Z,yahoo_mcap|yahoo_ret
UTHR,21215023104.0,0.18454389972209184,,2026-09-21T08:08:28Z,yahoo_mcap|yahoo_ret
GMAB,21361715200.0,0.2284300153808645,,2026-09-21T08:08:28Z,yahoo_mcap|yahoo_ret
ARXS,22411585536.0,0.34245162471648194,,2026-09-21T08:08:28Z,yahoo_mcap|yahoo_ret
THC,21095172096.0,0.37787941030485883,,2026-09-21T08:08:28Z,yahoo_mcap|yahoo_ret
STZ,20320593920.0,-0.07879417876961503,,2026-09-21T08:08:28Z,cluster_seed|yahoo_ret
CW,20988737536.0,0.1057782912706502,,2026-09-21T08:08:28Z,yahoo_mcap|yahoo_ret
FICO,20510842880.0,-0.3571123822688861,,2026-09-21T08:08:28Z,cluster_seed|yahoo_ret
AMRZ,20531589120.0,-0.24594719699595247,,2026-09-21T08:08:28Z,yahoo_mcap|yahoo_ret
PKG,20739409920.0,0.1296220559400365,,2026-09-21T08:08:28Z,cluster_seed|yahoo_ret
BCH,20607483904.0,0.47522969009621385,,2026-09-21T08:08:28Z,yahoo_mcap|yahoo_ret
BCE,20571518976.0,0.0010039645347796888,,2026-09-21T08:08:28Z,yahoo_mcap|yahoo_ret
CMS,20489129984.0,-0.03905710894587211,,2026-09-21T08:08:28Z,cluster_seed|yahoo_ret
LYB,20005740544.0,0.26576570290026535,,2026-09-21T08:08:28Z,cluster_seed|yahoo_ret
PAAS,20726753280.0,0.3839901257765854,,2026-09-21T08:08:28Z,yahoo_mcap|yahoo_ret
DINO,20605149184.0,1.278764569810059,,2026-09-21T08:08:28Z,yahoo_mcap|yahoo_ret
CDE,20311994368.0,0.13560222176135261,,2026-09-21T08:08:28Z,yahoo_mcap|yahoo_ret
SQM,19343392768.0,0.6057205516385775,,2026-09-21T08:08:28Z,yahoo_mcap|yahoo_ret
XPO,20402317312.0,0.3307621563393077,,2026-09-21T08:08:28Z,yahoo_mcap|yahoo_ret
EXE,20254265344.0,-0.09175583585551017,,2026-09-21T08:08:28Z,cluster_seed|yahoo_ret
RS,19918934016.0,0.37537260958605523,,2026-09-21T08:08:28Z,yahoo_mcap|yahoo_ret
ENTG,21735800832.0,0.5296077885414157,,2026-09-21T08:08:28Z,yahoo_mcap|yahoo_ret
STE,19991422976.0,-0.1687345867938459,,2026-09-21T08:08:28Z,cluster_seed|yahoo_ret
CF,19325878272.0,0.531823379224873,,2026-09-21T08:08:28Z,cluster_seed|yahoo_ret
USFD,20209614848.0,0.19264644433990097,,2026-09-21T08:08:28Z,yahoo_mcap|yahoo_ret
CRS,20225843200.0,0.7056032431427983,,2026-09-21T08:08:28Z,yahoo_mcap|yahoo_ret
RL,19966009344.0,0.08406026516467113,,2026-09-21T08:08:28Z,cluster_seed|yahoo_ret
MTSI,21067683840.0,1.1700753570742015,,2026-09-21T08:08:28Z,yahoo_mcap|yahoo_ret
FTAI,19590350848.0,0.07452137810098503,,2026-09-21T08:08:28Z,yahoo_mcap|yahoo_ret
BBY,19473215488.0,0.3539386931202757,,2026-09-21T08:08:28Z,cluster_seed|yahoo_ret
LUV,20047751168.0,0.28263725609885326,,2026-09-21T08:08:28Z,cluster_seed|yahoo_ret
VTRS,19468615680.0,0.7728201406915882,,2026-09-21T08:08:28Z,cluster_seed|yahoo_ret
GIS,19417741312.0,-0.2337683784385407,,2026-09-21T08:08:28Z,cluster_seed|yahoo_ret
AMCR,19372285952.0,0.0762082368995094,,2026-09-21T08:08:28Z,cluster_seed|yahoo_ret
NI,19460548608.0,0.03340340361052818,,2026-09-21T08:08:28Z,cluster_seed|yahoo_ret
PR,19062798336.0,0.7774694540134626,,2026-09-21T08:08:28Z,yahoo_mcap|yahoo_ret
WES,19539025920.0,0.34518976644497124,,2026-09-21T08:08:28Z,yahoo_mcap|yahoo_ret
SNA,19250249728.0,0.13341464065241415,,2026-09-21T08:08:28Z,cluster_seed|yahoo_ret
SBAC,18946275328.0,-0.08011189176575662,,2026-09-21T08:08:28Z,cluster_seed|yahoo_ret
WF,18924077056.0,0.3545249916675668,,2026-09-21T08:08:28Z,yahoo_mcap|yahoo_ret
VIV,19093747712.0,0.0030683261724380184,,2026-09-21T08:08:28Z,yahoo_mcap|yahoo_ret
STLA,18158501888.0,-0.5121457372640803,,2026-09-21T08:08:28Z,yahoo_mcap|yahoo_ret
EFX,18664824832.0,-0.3761708961668889,,2026-09-21T08:08:28Z,cluster_seed|yahoo_ret
RCI,18951104512.0,0.020009507949209082,,2026-09-21T08:08:28Z,yahoo_mcap|yahoo_ret
LEN,18411616256.0,-0.38761405863011544,,2026-09-21T08:08:28Z,cluster_seed|yahoo_ret
FIS,18369443840.0,-0.4320245633646963,,2026-09-21T08:08:28Z,cluster_seed|yahoo_ret
IP,18286047232.0,-0.2194557456737497,,2026-09-21T08:08:28Z,cluster_seed|yahoo_ret
WWD,18997401600.0,0.3562106389221813,,2026-09-21T08:08:28Z,yahoo_mcap|yahoo_ret
SSNC,18755973120.0,-0.0846963324634823,,2026-09-21T08:08:28Z,yahoo_mcap|yahoo_ret
NTNX,18885799936.0,-0.09456471179710901,,2026-09-21T08:08:28Z,yahoo_mcap|yahoo_ret
BR,18600376320.0,-0.30896127796252426,,2026-09-21T08:08:28Z,cluster_seed|yahoo_ret
CDW,18276296704.0,-0.07476254637434154,,2026-09-21T08:08:28Z,cluster_seed|yahoo_ret
ESS,18615324672.0,0.04958454874555707,,2026-09-21T08:08:28Z,cluster_seed|yahoo_ret
EVRG,18394648576.0,0.1420921747277204,,2026-09-21T08:08:28Z,cluster_seed|yahoo_ret
KSPI,18533359616.0,0.1832837346124403,,2026-09-21T08:08:28Z,yahoo_mcap|yahoo_ret
SBS,18673108992.0,0.08698366607446095,,2026-09-21T08:08:28Z,yahoo_mcap|yahoo_ret
U,18219681792.0,-0.10097715066712476,,2026-09-21T08:08:28Z,yahoo_mcap|yahoo_ret
TSN,18564564992.0,0.01932424283152545,,2026-09-21T08:08:28Z,cluster_seed|yahoo_ret
GEN,17365008384.0,0.020658380435746082,,2026-09-21T08:08:28Z,cluster_seed|yahoo_ret
FDXF,17961613312.0,-0.20443710428200024,,2026-09-21T08:08:28Z,cluster_seed|yahoo_ret
TPG,18149664768.0,-0.24002592007759804,,2026-09-21T08:08:28Z,yahoo_mcap|yahoo_ret
PKX,17607540736.0,0.15909991377052513,,2026-09-21T08:08:28Z,yahoo_mcap|yahoo_ret
GPC,17657077760.0,-0.03351418706380571,,2026-09-21T08:08:28Z,cluster_seed|yahoo_ret
ZBH,18188746752.0,-0.03723450635551773,,2026-09-21T08:08:28Z,cluster_seed|yahoo_ret
PAA,17900222464.0,0.6137144999326667,,2026-09-21T08:08:28Z,yahoo_mcap|yahoo_ret
CHRW,17877073920.0,0.14149028799699082,,2026-09-21T08:08:28Z,cluster_seed|yahoo_ret
TOST,17189720064.0,-0.27692684175072435,,2026-09-21T08:08:28Z,yahoo_mcap|yahoo_ret
SITM,18400778240.0,0.9634649434144511,,2026-09-21T08:08:28Z,yahoo_mcap|yahoo_ret
BEKE,17929996288.0,-0.16001618675069973,,2026-09-21T08:08:28Z,yahoo_mcap|yahoo_ret
DD,17421893632.0,0.3391295023657461,,2026-09-21T08:08:28Z,cluster_seed|yahoo_ret
OVV,17251540992.0,0.5468343007953511,,2026-09-21T08:08:28Z,yahoo_mcap|yahoo_ret
NDSN,17354252288.0,0.4014971182522451,,2026-09-21T08:08:28Z,cluster_seed|yahoo_ret
CHTR,16656665600.0,-0.5118263030733312,,2026-09-21T08:08:28Z,cluster_seed|yahoo_ret
MGA,16893878272.0,0.37621294896278545,,2026-09-21T08:08:28Z,yahoo_mcap|yahoo_ret
MEDP,17091144704.0,0.22809869553574846,,2026-09-21T08:08:28Z,yahoo_mcap|yahoo_ret
EWBC,17389545472.0,0.19495705687432996,,2026-09-21T08:08:28Z,yahoo_mcap|yahoo_ret
PS,19932000256.0,1.0662872277808613,,2026-09-21T08:08:28Z,yahoo_mcap|yahoo_ret
LNT,17010373632.0,0.05423587938047514,,2026-09-21T08:08:28Z,cluster_seed|yahoo_ret
TSCO,16782701568.0,-0.44710917534735184,,2026-09-21T08:08:28Z,cluster_seed|yahoo_ret
IREN,18394658816.0,0.20807456114197653,,2026-09-21T08:08:28Z,yahoo_mcap|yahoo_ret
MTZ,17215774720.0,0.06677944725615537,,2026-09-21T08:08:28Z,yahoo_mcap|yahoo_ret
BEN,16771617792.0,0.4237851208774863,,2026-09-21T08:08:28Z,cluster_seed|yahoo_ret
J,16783335424.0,-0.028438994470250112,,2026-09-21T08:08:28Z,cluster_seed|yahoo_ret
CLH,16670212096.0,0.34635057588658524,,2026-09-21T08:08:28Z,yahoo_mcap|yahoo_ret
FTV,16610937856.0,0.1360010728170642,,2026-09-21T08:08:28Z,cluster_seed|yahoo_ret
WIT,16422944768.0,-0.4004094929404213,,2026-09-21T08:08:28Z,yahoo_mcap|yahoo_ret
NVR,16471900160.0,-0.2401855453021744,,2026-09-21T08:08:28Z,cluster_seed|yahoo_ret
SMTC,17265240064.0,2.039264058588537,,2026-09-21T08:08:28Z,yahoo_mcap|yahoo_ret
RVTY,16007068672.0,0.6587481039189176,,2026-09-21T08:08:28Z,cluster_seed|yahoo_ret
WCC,16771411968.0,0.6591952339454852,,2026-09-21T08:08:28Z,yahoo_mcap|yahoo_ret
IONQ,15852958720.0,-0.4442550911388071,,2026-09-21T08:08:28Z,yahoo_mcap|yahoo_ret
LDOS,16024099840.0,-0.31091638993393333,,2026-09-21T08:08:28Z,cluster_seed|yahoo_ret
IEX,16492615680.0,0.40995860630056646,,2026-09-21T08:08:28Z,cluster_seed|yahoo_ret
ZBRA,16399294464.0,0.0881835737564165,,2026-09-21T08:08:28Z,cluster_seed|yahoo_ret
BSAC,15942542336.0,0.38812195696345353,,2026-09-21T08:08:28Z,yahoo_mcap|yahoo_ret
NWSA,15963761664.0,-0.020082682285128994,,2026-09-21T08:08:28Z,cluster_seed|yahoo_ret
MKSI,17045035008.0,0.9680876854503075,,2026-09-21T08:08:28Z,yahoo_mcap|yahoo_ret
RGA,16043312128.0,0.3400728360343612,,2026-09-21T08:08:28Z,yahoo_mcap|yahoo_ret
BALL,15921907712.0,0.25211382066046784,,2026-09-21T08:08:28Z,cluster_seed|yahoo_ret
NLY,15865688064.0,0.12430234498473824,,2026-09-21T08:08:28Z,yahoo_mcap|yahoo_ret
TIGO,15808345088.0,1.075685417285138,,2026-09-21T08:08:28Z,yahoo_mcap|yahoo_ret
INVH,15893670912.0,-0.05191986598411513,,2026-09-21T08:08:28Z,cluster_seed|yahoo_ret
DT,16003219456.0,0.13996279940583145,,2026-09-21T08:08:28Z,yahoo_mcap|yahoo_ret
APG,16158473216.0,0.06981397921159216,,2026-09-21T08:08:28Z,yahoo_mcap|yahoo_ret
ROL,15603546112.0,-0.40729410596704285,,2026-09-21T08:08:28Z,cluster_seed|yahoo_ret
JAZZ,15627535360.0,0.876383474410726,,2026-09-21T08:08:28Z,yahoo_mcap|yahoo_ret
FLUT,15542161408.0,-0.685202117544486,,2026-09-21T08:08:28Z,yahoo_mcap|yahoo_ret
APA,15720271872.0,0.9776379179723531,,2026-09-21T08:08:28Z,cluster_seed|yahoo_ret
OWL,15420820480.0,-0.43792832275829674,,2026-09-21T08:08:28Z,yahoo_mcap|yahoo_ret
ZTO,15787990016.0,0.14487847796496633,,2026-09-21T08:08:28Z,yahoo_mcap|yahoo_ret
RBA,15408638976.0,-0.2954183478394078,,2026-09-21T08:08:28Z,yahoo_mcap|yahoo_ret
DOCN,15301803008.0,2.5586546479536136,,2026-09-21T08:08:28Z,yahoo_mcap|yahoo_ret
ASND,15572239360.0,0.19749094491799246,,2026-09-21T08:08:28Z,yahoo_mcap|yahoo_ret
WY,15294017536.0,-0.08740963212047703,,2026-09-21T08:08:28Z,cluster_seed|yahoo_ret
FUTU,15703185408.0,-0.3606024912217376,,2026-09-21T08:08:28Z,yahoo_mcap|yahoo_ret
RML,16258695168.0,-0.45431036934982927,,2026-09-21T08:08:28Z,yahoo_mcap|yahoo_ret
JLL,15476071424.0,0.056204450135028505,,2026-09-21T08:08:28Z,yahoo_mcap|yahoo_ret
CRBG,15517205504.0,0.09981536831303717,,2026-09-21T08:08:28Z,yahoo_mcap|yahoo_ret
GFL,15348665344.0,-0.08363854786131741,,2026-09-21T08:08:28Z,yahoo_mcap|yahoo_ret
PHYS,15665335296.0,0.1650793063440703,,2026-09-21T08:08:28Z,yahoo_mcap|yahoo_ret
RBC,15861598208.0,0.3185167516184202,,2026-09-21T08:08:28Z,yahoo_mcap|yahoo_ret
VNOM,15183167488.0,0.19693333568093352,,2026-09-21T08:08:28Z,yahoo_mcap|yahoo_ret
LSCC,15759678464.0,0.5381203219194177,,2026-09-21T08:08:28Z,yahoo_mcap|yahoo_ret
AKAM,15021259776.0,0.37021497529748437,,2026-09-21T08:08:28Z,cluster_seed|yahoo_ret
INIO,15862499328.0,-0.37277583473084885,,2026-09-21T08:08:28Z,yahoo_mcap|yahoo_ret
NBIX,14864159744.0,0.006885629893400802,,2026-09-21T08:08:28Z,yahoo_mcap|yahoo_ret
AS,15552102400.0,-0.2862483578721752,,2026-09-21T08:08:28Z,yahoo_mcap|yahoo_ret
ONTO,16101746688.0,1.1474687911299752,,2026-09-21T08:08:28Z,yahoo_mcap|yahoo_ret
STRL,15865652224.0,0.439777911660739,,2026-09-21T08:08:28Z,yahoo_mcap|yahoo_ret
HST,15172826112.0,0.3569071979498115,,2026-09-21T08:08:28Z,cluster_seed|yahoo_ret
JHX,14989090816.0,0.33990654288861855,,2026-09-21T08:08:28Z,yahoo_mcap|yahoo_ret
OHI,14898411520.0,0.19164384774761256,,2026-09-21T08:08:28Z,yahoo_mcap|yahoo_ret
KIM,15112885248.0,0.0759156552430833,,2026-09-21T08:08:28Z,cluster_seed|yahoo_ret
WPC,15095146496.0,0.04150917556258937,,2026-09-21T08:08:28Z,yahoo_mcap|yahoo_ret
EMA,15136352256.0,0.08711417140218125,,2026-09-21T08:08:28Z,yahoo_mcap|yahoo_ret
UNM,15069224960.0,0.279232424291048,,2026-09-21T08:08:28Z,yahoo_mcap|yahoo_ret
ARMK,14881633280.0,0.5168874612757779,,2026-09-21T08:08:28Z,yahoo_mcap|yahoo_ret
SOLV,15122675712.0,0.2051003101847655,,2026-09-21T08:08:28Z,cluster_seed|yahoo_ret
BURL,14894739456.0,-0.09877994633935183,,2026-09-21T08:08:28Z,yahoo_mcap|yahoo_ret
AGI,14952552448.0,0.1079505211297569,,2026-09-21T08:08:28Z,yahoo_mcap|yahoo_ret
LAMR,14908508160.0,0.2306301080584494,,2026-09-21T08:08:28Z,yahoo_mcap|yahoo_ret
EQH,14715714560.0,0.021547478041235246,,2026-09-21T08:08:28Z,yahoo_mcap|yahoo_ret
GIB,14364821504.0,-0.2469415189552403,,2026-09-21T08:08:28Z,yahoo_mcap|yahoo_ret
CX,14516102144.0,0.11750310185789425,,2026-09-21T08:08:28Z,yahoo_mcap|yahoo_ret
SUN,14671787008.0,0.6865240368139156,,2026-09-21T08:08:28Z,yahoo_mcap|yahoo_ret
QNT,13703654400.0,-0.1457436085026429,,2026-09-21T08:08:28Z,yahoo_mcap|yahoo_ret
LOGI,14490658816.0,-0.08121119412816824,,2026-09-21T08:08:28Z,yahoo_mcap|yahoo_ret
H,14610462720.0,0.08772600873203884,,2026-09-21T08:08:28Z,yahoo_mcap|yahoo_ret
WMG,14657536000.0,-0.14285019122652198,,2026-09-21T08:08:28Z,yahoo_mcap|yahoo_ret
PNFP,14620147712.0,0.025459773121799367,,2026-09-21T08:08:28Z,yahoo_mcap|yahoo_ret
DOC,14412898304.0,0.17615950820730375,,2026-09-21T08:08:28Z,cluster_seed|yahoo_ret
PTC,14744915968.0,-0.3401796484425329,,2026-09-21T08:08:28Z,cluster_seed|yahoo_ret
SUI,14372619264.0,-0.08082525141236718,,2026-09-21T08:08:28Z,yahoo_mcap|yahoo_ret
KEP,14136049664.0,-0.16018302690998387,,2026-09-21T08:08:28Z,yahoo_mcap|yahoo_ret
BMNR,15677852672.0,-0.5758258779415305,,2026-09-21T08:08:28Z,yahoo_mcap|yahoo_ret
EG,14372774912.0,0.13754661334258955,,2026-09-21T08:08:28Z,cluster_seed|yahoo_ret
TEM,14045040640.0,-0.11786040092538397,,2026-09-21T08:08:28Z,yahoo_mcap|yahoo_ret
CG,14288945152.0,-0.3953096112185531,,2026-09-21T08:08:28Z,yahoo_mcap|yahoo_ret
BEP,14511414272.0,0.23887981484029552,,2026-09-21T08:08:28Z,yahoo_mcap|yahoo_ret
MAA,14148364288.0,-0.11560716564802553,,2026-09-21T08:08:28Z,cluster_seed|yahoo_ret
EXEL,14460539904.0,0.45536166660990607,,2026-09-21T08:08:28Z,yahoo_mcap|yahoo_ret
PFGC,14439671808.0,-0.1287081940679018,,2026-09-21T08:08:28Z,yahoo_mcap|yahoo_ret
EQX,14534875136.0,0.15757665610627303,,2026-09-21T08:08:28Z,yahoo_mcap|yahoo_ret
SMMT,14239831040.0,-0.05505553423938281,,2026-09-21T08:08:28Z,yahoo_mcap|yahoo_ret
ARCC,13929643008.0,-0.005558834666612222,,2026-09-21T08:08:28Z,yahoo_mcap|yahoo_ret
YUMC,13945132032.0,-0.04297781521256516,,2026-09-21T08:08:28Z,yahoo_mcap|yahoo_ret
AIZ,13920647168.0,0.36608787376958696,,2026-09-21T08:08:28Z,cluster_seed|yahoo_ret
TLN,14005338112.0,-0.30989708783220726,,2026-09-21T08:08:28Z,yahoo_mcap|yahoo_ret
TLK,13968919552.0,-0.21348926143382807,,2026-09-21T08:08:28Z,yahoo_mcap|yahoo_ret
PAG,13960583168.0,0.24765009157510787,,2026-09-21T08:08:28Z,yahoo_mcap|yahoo_ret
LECO,14018881536.0,0.09314111806385306,,2026-09-21T08:08:28Z,yahoo_mcap|yahoo_ret
CACI,13853130752.0,0.25669088160628384,,2026-09-21T08:08:28Z,yahoo_mcap|yahoo_ret
TU,13781250048.0,-0.41450976941229867,,2026-09-21T08:08:28Z,yahoo_mcap|yahoo_ret
W,14033747968.0,0.14723997184359527,,2026-09-21T08:08:28Z,yahoo_mcap|yahoo_ret
TRU,13877587968.0,-0.18916983375903818,,2026-09-21T08:08:28Z,yahoo_mcap|yahoo_ret
TXT,13705637888.0,-0.04612619655130212,,2026-09-21T08:08:28Z,cluster_seed|yahoo_ret
TYL,13821391872.0,-0.36835604998184324,,2026-09-21T08:08:28Z,cluster_seed|yahoo_ret
CHKP,13549775872.0,-0.3290357893794844,,2026-09-21T08:08:28Z,yahoo_mcap|yahoo_ret
SGI,13328757760.0,-0.25273944721203545,,2026-09-21T08:08:28Z,yahoo_mcap|yahoo_ret
FN,13923636224.0,0.014146589515519725,,2026-09-21T08:08:28Z,yahoo_mcap|yahoo_ret
SKM,13781653504.0,0.6422690083951259,,2026-09-21T08:08:28Z,yahoo_mcap|yahoo_ret
CRL,13393518592.0,0.7894330307663104,,2026-09-21T08:08:28Z,cluster_seed|yahoo_ret
REG,13638639616.0,0.08092530179974822,,2026-09-21T08:08:28Z,cluster_seed|yahoo_ret
RNR,13592455168.0,0.3514740795749547,,2026-09-21T08:08:28Z,yahoo_mcap|yahoo_ret
ALB,13087941632.0,0.3707439455225028,,2026-09-21T08:08:28Z,cluster_seed|yahoo_ret
SWKS,13355964416.0,0.16070331294694484,,2026-09-21T08:08:28Z,cluster_seed|yahoo_ret
AEG,13379115008.0,0.2255952684562652,,2026-09-21T08:08:28Z,yahoo_mcap|yahoo_ret
TRMB,13421832192.0,-0.3046629352247989,,2026-09-21T08:08:28Z,cluster_seed|yahoo_ret
IVZ,13478988800.0,0.4006312176394424,,2026-09-21T08:08:28Z,cluster_seed|yahoo_ret
MKC,13098447872.0,-0.23192150906831532,,2026-09-21T08:08:28Z,cluster_seed|yahoo_ret
PSLV,13717379072.0,0.5013830585891728,,2026-09-21T08:08:28Z,yahoo_mcap|yahoo_ret
GLXY,14549751808.0,-0.24885910141884227,,2026-09-21T08:08:28Z,yahoo_mcap|yahoo_ret
BWXT,13516075008.0,-0.14976835099733377,,2026-09-21T08:08:28Z,yahoo_mcap|yahoo_ret
MAS,13420575744.0,-0.04033921763973036,,2026-09-21T08:08:28Z,cluster_seed|yahoo_ret
SWK,13528071168.0,0.2185099210327388,,2026-09-21T08:08:28Z,cluster_seed|yahoo_ret
HTHT,13358833664.0,0.171785669303395,,2026-09-21T08:08:28Z,yahoo_mcap|yahoo_ret
COKE,12785670144.0,0.7072911882996387,,2026-09-21T08:08:28Z,yahoo_mcap|yahoo_ret
GL,13327230976.0,0.20212998094087298,,2026-09-21T08:08:28Z,cluster_seed|yahoo_ret
MLI,13286366208.0,0.21859326717312566,,2026-09-21T08:08:28Z,yahoo_mcap|yahoo_ret
SJM,13133910016.0,0.17679934103392836,,2026-09-21T08:08:28Z,cluster_seed|yahoo_ret
DOCU,12909351936.0,-0.1834731920435666,,2026-09-21T08:08:28Z,yahoo_mcap|yahoo_ret
EMBJ,13359325184.0,0.3003452935907389,,2026-09-21T08:08:28Z,yahoo_mcap|yahoo_ret
AUR,12646219776.0,0.04125412580207599,,2026-09-21T08:08:28Z,yahoo_mcap|yahoo_ret
ICLR,12661777408.0,-0.05683907695200252,,2026-09-21T08:08:28Z,yahoo_mcap|yahoo_ret
ALLE,12949401600.0,-0.14107101575930414,,2026-09-21T08:08:28Z,cluster_seed|yahoo_ret
BBIO,13021788160.0,0.2719114372522349,,2026-09-21T08:08:28Z,yahoo_mcap|yahoo_ret
BWA,12896153600.0,0.44912517979883493,,2026-09-21T08:08:28Z,yahoo_mcap|yahoo_ret
AVY,12710429696.0,0.043577126466411986,,2026-09-21T08:08:28Z,cluster_seed|yahoo_ret
CNA,12994256896.0,0.1446117483474576,,2026-09-21T08:08:28Z,yahoo_mcap|yahoo_ret
FIVE,12890351616.0,0.5404960255770184,,2026-09-21T08:08:28Z,yahoo_mcap|yahoo_ret
ULS,12927540224.0,-0.05355921499637717,,2026-09-21T08:08:28Z,yahoo_mcap|yahoo_ret
JBS,12808093696.0,-0.1523403197444294,,2026-09-21T08:08:28Z,yahoo_mcap|yahoo_ret
DTM,12839645184.0,0.19497154569570108,,2026-09-21T08:08:28Z,yahoo_mcap|yahoo_ret
AMH,12716710912.0,-0.03254556878126691,,2026-09-21T08:08:28Z,yahoo_mcap|yahoo_ret
ERIE,12499893248.0,-0.23232087677741375,,2026-09-21T08:08:28Z,cluster_seed|yahoo_ret
HL,12709859328.0,0.7278621950535507,,2026-09-21T08:08:28Z,yahoo_mcap|yahoo_ret
CSL,12498037760.0,-0.05675638988916065,,2026-09-21T08:08:28Z,yahoo_mcap|yahoo_ret
TME,12646977536.0,-0.6826726667913052,,2026-09-21T08:08:28Z,yahoo_mcap|yahoo_ret
NXT,12363278336.0,0.12782064389097214,,2026-09-21T08:08:28Z,yahoo_mcap|yahoo_ret
RPM,12556241920.0,-0.18038509759533794,,2026-09-21T08:08:28Z,yahoo_mcap|yahoo_ret
BMRN,12377106432.0,0.17623248544506342,,2026-09-21T08:08:28Z,yahoo_mcap|yahoo_ret
IESC,12837661696.0,0.6981708516199241,,2026-09-21T08:08:28Z,yahoo_mcap|yahoo_ret
SEIC,12626017280.0,0.22771947347787758,,2026-09-21T08:08:28Z,yahoo_mcap|yahoo_ret
HAS,12351263744.0,0.2190839198465977,,2026-09-21T08:08:28Z,cluster_seed|yahoo_ret
WSO,12861195264.0,-0.1735970004456362,,2026-09-21T08:08:28Z,yahoo_mcap|yahoo_ret
UDR,12453647360.0,-0.053385553978340994,,2026-09-21T08:08:28Z,cluster_seed|yahoo_ret
PEN,12510081024.0,0.2425665043798575,,2026-09-21T08:08:28Z,yahoo_mcap|yahoo_ret
FIG,12093993984.0,-0.6005984864361361,,2026-09-21T08:08:28Z,yahoo_mcap|yahoo_ret
UHAL,12564412416.0,0.14115761703338192,,2026-09-21T08:08:28Z,yahoo_mcap|yahoo_ret
GDDY,12343085056.0,-0.32674770114148943,,2026-09-21T08:08:28Z,cluster_seed|yahoo_ret
HMY,12449550336.0,0.2027973244085528,,2026-09-21T08:08:28Z,yahoo_mcap|yahoo_ret
AA,11725496320.0,0.37957061182177276,,2026-09-21T08:08:28Z,yahoo_mcap|yahoo_ret
HALO,12762849280.0,0.4451870000839322,,2026-09-21T08:08:28Z,yahoo_mcap|yahoo_ret
ALLY,12167987200.0,-0.06906272641954092,,2026-09-21T08:08:28Z,yahoo_mcap|yahoo_ret
GGG,12350599168.0,-0.08625204633520878,,2026-09-21T08:08:28Z,yahoo_mcap|yahoo_ret
LII,12415232000.0,-0.3273151475869406,,2026-09-21T08:08:28Z,cluster_seed|yahoo_ret
TOL,12261080064.0,-0.040386388796573636,,2026-09-21T08:08:28Z,yahoo_mcap|yahoo_ret
CORT,11922172928.0,0.36972187672122114,,2026-09-21T08:08:28Z,yahoo_mcap|yahoo_ret
MDGL,12280305664.0,0.2081922769084048,,2026-09-21T08:08:28Z,yahoo_mcap|yahoo_ret
ELS,12110859264.0,0.032205183915211766,,2026-09-21T08:08:28Z,yahoo_mcap|yahoo_ret
BF-B,11902939136.0,-0.023250464224295664,,2026-09-21T08:08:28Z,cluster_seed|yahoo_ret
EHC,12011049984.0,-0.011591521250048697,,2026-09-21T08:08:28Z,yahoo_mcap|yahoo_ret
GNRC,12252223488.0,0.13802942632544624,,2026-09-21T08:08:28Z,cluster_seed|yahoo_ret
MANH,12329169920.0,-0.028707913312474798,,2026-09-21T08:08:28Z,yahoo_mcap|yahoo_ret
PAYP,11992203264.0,-0.02477977790311381,,2026-09-21T08:08:28Z,yahoo_mcap|yahoo_ret
FRO,11447269376.0,1.5459583322000707,,2026-09-21T08:08:28Z,yahoo_mcap|yahoo_ret
QXO,11806644224.0,-0.4481086493076981,,2026-09-21T08:08:28Z,yahoo_mcap|yahoo_ret
TTMI,12428005376.0,1.2634306147027599,,2026-09-21T08:08:28Z,yahoo_mcap|yahoo_ret
AMKR,12497159168.0,0.7891419662247603,,2026-09-21T08:08:28Z,yahoo_mcap|yahoo_ret
CCK,11876647936.0,0.16789229685632456,,2026-09-21T08:08:28Z,yahoo_mcap|yahoo_ret
PSKY,11455066112.0,-0.4503497576981349,,2026-09-21T08:08:28Z,cluster_seed|yahoo_ret
GLPI,11857253376.0,-0.08725285234555502,,2026-09-21T08:08:28Z,yahoo_mcap|yahoo_ret
CSGP,11787198464.0,-0.6660160658759251,,2026-09-21T08:08:28Z,cluster_seed|yahoo_ret
BAX,11787508736.0,-0.00764791847710411,,2026-09-21T08:08:28Z,cluster_seed|yahoo_ret
IT,11731816448.0,-0.27540080281972457,,2026-09-21T08:08:28Z,cluster_seed|yahoo_ret
AFG,11800553472.0,0.06093932845372185,,2026-09-21T08:08:28Z,yahoo_mcap|yahoo_ret
DVA,11730268160.0,0.4125691106128533,,2026-09-21T08:08:28Z,cluster_seed|yahoo_ret
FPS,12580760576.0,0.3599999526451374,,2026-09-21T08:08:28Z,yahoo_mcap|yahoo_ret
GWRE,11830722560.0,-0.41050786139007767,,2026-09-21T08:08:28Z,yahoo_mcap|yahoo_ret
CHYM,11482486784.0,0.27705262836657063,,2026-09-21T08:08:28Z,yahoo_mcap|yahoo_ret
HUBS,11063335936.0,-0.5834554314804412,,2026-09-21T08:08:28Z,yahoo_mcap|yahoo_ret
FMS,11815270400.0,-0.0871516799376083,,2026-09-21T08:08:28Z,yahoo_mcap|yahoo_ret
AGNC,11700702208.0,0.13354028763456993,,2026-09-21T08:08:28Z,yahoo_mcap|yahoo_ret
PAC,12065778688.0,-0.18991693493899287,,2026-09-21T08:08:28Z,yahoo_mcap|yahoo_ret
BJ,11624740864.0,-0.041653650430560685,,2026-09-21T08:08:28Z,yahoo_mcap|yahoo_ret
WTRG,11640298496.0,0.1494868525395816,,2026-09-21T08:08:28Z,yahoo_mcap|yahoo_ret
HBM,11947494400.0,0.9396583463151869,,2026-09-21T08:08:28Z,yahoo_mcap|yahoo_ret
MAIR,12046360576.0,-0.24377952035017836,,2026-09-21T08:08:28Z,yahoo_mcap|yahoo_ret
AIT,11822437376.0,0.24402488273183942,,2026-09-21T08:08:28Z,yahoo_mcap|yahoo_ret
WTS,11706100736.0,0.25722172639123264,,2026-09-21T08:08:28Z,yahoo_mcap|yahoo_ret
LI,11864113152.0,-0.5285436759874659,,2026-09-21T08:08:28Z,yahoo_mcap|yahoo_ret
CPT,11471413248.0,-0.044392263346383576,,2026-09-21T08:08:28Z,cluster_seed|yahoo_ret
GRAB,11435189248.0,-0.5625977879978965,,2026-09-21T08:08:28Z,yahoo_mcap|yahoo_ret
FNF,11398195200.0,-0.21589608753886436,,2026-09-21T08:08:28Z,yahoo_mcap|yahoo_ret
AHR,11368636416.0,0.26192899942251935,,2026-09-21T08:08:28Z,yahoo_mcap|yahoo_ret
SNN,11534307328.0,-0.23446206217156607,,2026-09-21T08:08:28Z,yahoo_mcap|yahoo_ret
FROG,11443594240.0,0.8636545980009913,,2026-09-21T08:08:28Z,yahoo_mcap|yahoo_ret
BXP,11426026496.0,-0.13678963549307133,,2026-09-21T08:08:28Z,cluster_seed|yahoo_ret
WSE,11263702016.0,-0.2564935004616651,,2026-09-21T08:08:28Z,yahoo_mcap|yahoo_ret
PNW,11417991168.0,0.131039878010333,,2026-09-21T08:08:28Z,cluster_seed|yahoo_ret
IAG,11619850240.0,0.7945326373585342,,2026-09-21T08:08:28Z,yahoo_mcap|yahoo_ret
MICC,11519449088.0,0.2721179252802568,,2026-09-21T08:08:28Z,yahoo_mcap|yahoo_ret
ELAN,11197659136.0,0.1677082909064178,,2026-09-21T08:08:28Z,yahoo_mcap|yahoo_ret
HRL,11463806976.0,-0.11672099750365272,,2026-09-21T08:08:28Z,cluster_seed|yahoo_ret
BTSG,11234731008.0,1.0790919036855269,,2026-09-21T08:08:28Z,yahoo_mcap|yahoo_ret
SAIL,11321177088.0,-0.12796833230878346,,2026-09-21T08:08:28Z,yahoo_mcap|yahoo_ret
SF,11444420608.0,0.005973289413497396,,2026-09-21T08:08:28Z,yahoo_mcap|yahoo_ret
SUZ,11441199104.0,-0.02507170392628666,,2026-09-21T08:08:28Z,yahoo_mcap|yahoo_ret
GME,11421901824.0,-0.13190186135433013,,2026-09-21T08:08:28Z,yahoo_mcap|yahoo_ret
FHN,11342225408.0,0.06546502369217655,,2026-09-21T08:08:28Z,yahoo_mcap|yahoo_ret
CR,11422505984.0,0.09112823032947026,,2026-09-21T08:08:28Z,yahoo_mcap|yahoo_ret
TECH,11348936704.0,0.369331190006289,,2026-09-21T08:08:28Z,cluster_seed|yahoo_ret
NYT,11323720704.0,0.21619298140351306,,2026-09-21T08:08:28Z,yahoo_mcap|yahoo_ret
HUT,12170640384.0,1.7246135013961434,,2026-09-21T08:08:28Z,yahoo_mcap|yahoo_ret
MOG-A,11548574720.0,0.8638926645827489,,2026-09-21T08:08:28Z,yahoo_mcap|yahoo_ret
DKNG,10797875200.0,-0.4994246347965178,,2026-09-21T08:08:28Z,yahoo_mcap|yahoo_ret
DKS,10773452800.0,-0.4391258707049315,,2026-09-21T08:08:28Z,yahoo_mcap|yahoo_ret
EGO,11272222720.0,0.5571994538053917,,2026-09-21T08:08:28Z,yahoo_mcap|yahoo_ret
TXRH,10998794240.0,0.0765179605236006,,2026-09-21T08:08:28Z,yahoo_mcap|yahoo_ret
AXSM,10883685376.0,0.7919793380593689,,2026-09-21T08:08:28Z,yahoo_mcap|yahoo_ret
JKHY,10856937472.0,0.03443098421624424,,2026-09-21T08:08:28Z,cluster_seed|yahoo_ret
ARW,11164068864.0,0.8017580952939698,,2026-09-21T08:08:28Z,yahoo_mcap|yahoo_ret
RTO,10744344576.0,-0.10591178746329832,,2026-09-21T08:08:28Z,yahoo_mcap|yahoo_ret
NVMI,11326491648.0,0.1502632176877554,,2026-09-21T08:08:28Z,yahoo_mcap|yahoo_ret
AR,10717324288.0,0.09968453537409605,,2026-09-21T08:08:28Z,yahoo_mcap|yahoo_ret
KRSA,1593494528.0,1.1002402160226903,,2026-09-21T08:08:28Z,yahoo_mcap|yahoo_ret
LULU,10856224768.0,-0.4218842095187787,,2026-09-21T08:08:28Z,cluster_seed|yahoo_ret
SCI,10598033408.0,-0.011049064377935625,,2026-09-21T08:08:28Z,yahoo_mcap|yahoo_ret
HII,10751938560.0,0.008231433211183692,,2026-09-21T08:08:28Z,cluster_seed|yahoo_ret
DECK,10680742912.0,-0.3107478717449107,,2026-09-21T08:08:28Z,cluster_seed|yahoo_ret
KNX,10852570112.0,0.6858632653687142,,2026-09-21T08:08:28Z,yahoo_mcap|yahoo_ret
MOH,10481238016.0,0.14645423082033204,,2026-09-21T08:08:28Z,yahoo_mcap|yahoo_ret
ALGN,10486193152.0,0.1234492830204017,,2026-09-21T08:08:28Z,cluster_seed|yahoo_ret
EGP,10882105344.0,0.26081650591458705,,2026-09-21T08:08:28Z,yahoo_mcap|yahoo_ret
AVTR,10497089536.0,0.24160003662109375,,2026-09-21T08:08:28Z,yahoo_mcap|yahoo_ret
GSAT,10733031424.0,1.3601139583800208,,2026-09-21T08:08:28Z,yahoo_mcap|yahoo_ret
UHS,10413493248.0,-0.059268900422719706,,2026-09-21T08:08:28Z,cluster_seed|yahoo_ret
AES,10580295680.0,0.1929693712829943,,2026-09-21T08:08:28Z,cluster_seed|yahoo_ret
FRHC,10491794432.0,-0.031844156110103605,,2026-09-21T08:08:28Z,yahoo_mcap|yahoo_ret
SANM,10695887872.0,0.6868976535130233,,2026-09-21T08:08:28Z,yahoo_mcap|yahoo_ret
ENLT,10492821504.0,1.5711347207349329,,2026-09-21T08:08:28Z,yahoo_mcap|yahoo_ret
QRVO,10337810432.0,0.2763315915610467,,2026-09-21T08:08:28Z,yahoo_mcap|yahoo_ret
CART,10503157760.0,0.0932529863104763,,2026-09-21T08:08:28Z,yahoo_mcap|yahoo_ret
TWST,11071633408.0,4.987451027164365,,2026-09-21T08:08:28Z,yahoo_mcap|yahoo_ret
DAR,10313998336.0,1.0469777634094433,,2026-09-21T08:08:28Z,yahoo_mcap|yahoo_ret
PINS,10533422080.0,-0.48059202267044354,,2026-09-21T08:08:28Z,yahoo_mcap|yahoo_ret
TFII,10287280128.0,0.34974443259296506,,2026-09-21T08:08:28Z,yahoo_mcap|yahoo_ret
XP,10153933824.0,0.03609553961540923,,2026-09-21T08:08:28Z,yahoo_mcap|yahoo_ret
BPOP,10334029824.0,0.29495270418133535,,2026-09-21T08:08:28Z,yahoo_mcap|yahoo_ret
RYAN,10319951872.0,-0.23457009884316204,,2026-09-21T08:08:28Z,yahoo_mcap|yahoo_ret
PAYC,10198806528.0,0.054556824733834386,,2026-09-21T08:08:28Z,yahoo_mcap|yahoo_ret
COO,10513686528.0,-0.18893938095021723,,2026-09-21T08:08:28Z,cluster_seed|yahoo_ret
CLX,10049367040.0,-0.285114057633991,,2026-09-21T08:08:28Z,cluster_seed|yahoo_ret
BNT,10261588992.0,-0.2151384465031415,,2026-09-21T08:08:28Z,yahoo_mcap|yahoo_ret
UMBF,10216798208.0,0.11365881052325677,,2026-09-21T08:08:28Z,yahoo_mcap|yahoo_ret
LFUS,10359641088.0,0.566550254414453,,2026-09-21T08:08:28Z,yahoo_mcap|yahoo_ret
BIO,10064517120.0,0.32506070319665903,,2026-09-21T08:08:28Z,yahoo_mcap|yahoo_ret
AEIS,10501225472.0,0.5060855495970211,,2026-09-21T08:08:28Z,yahoo_mcap|yahoo_ret
CGNX,10355859456.0,0.3330178713078491,,2026-09-21T08:08:28Z,yahoo_mcap|yahoo_ret
XPEV,10159024128.0,-0.5096952926881975,,2026-09-21T08:08:28Z,yahoo_mcap|yahoo_ret
MTCH,10077114368.0,0.14779177742087768,,2026-09-21T08:08:28Z,yahoo_mcap|yahoo_ret
ENSG,10135898112.0,0.060112898351580624,,2026-09-21T08:08:28Z,yahoo_mcap|yahoo_ret
RDY,10154130432.0,-0.17442162678869577,,2026-09-21T08:08:28Z,yahoo_mcap|yahoo_ret
EVR,10099012608.0,-0.25406598363966915,,2026-09-21T08:08:28Z,yahoo_mcap|yahoo_ret
AM,10058342400.0,0.1945111247733209,,2026-09-21T08:08:28Z,yahoo_mcap|yahoo_ret
TXG,9980303360.0,4.874233029003474,,2026-09-21T08:08:28Z,yahoo_mcap|yahoo_ret
OSCR,9916764160.0,0.6937270548816714,,2026-09-21T08:08:28Z,yahoo_mcap|yahoo_ret
DDS,9938031616.0,0.11023301030432431,,2026-09-21T08:08:28Z,yahoo_mcap|yahoo_ret
SSB,10031046656.0,0.0458408234118719,,2026-09-21T08:08:28Z,yahoo_mcap|yahoo_ret
GMED,9946123264.0,0.32498662195012695,,2026-09-21T08:08:28Z,yahoo_mcap|yahoo_ret
VICR,10268891136.0,3.211800240582737,,2026-09-21T08:08:28Z,yahoo_mcap|yahoo_ret
VSAT,10521788416.0,1.5795337953054878,,2026-09-21T08:08:28Z,yahoo_mcap|yahoo_ret
RGEN,9982897152.0,0.44636136529602477,,2026-09-21T08:08:28Z,yahoo_mcap|yahoo_ret
GGB,9691302912.0,0.6260503476255113,,2026-09-21T08:08:28Z,yahoo_mcap|yahoo_ret
WTFC,9951023104.0,0.10806874610743833,,2026-09-21T08:08:28Z,yahoo_mcap|yahoo_ret
KRYS,9965040640.0,1.0582625075048573,,2026-09-21T08:08:28Z,yahoo_mcap|yahoo_ret
FDS,10094567424.0,-0.0008209980401115979,,2026-09-21T08:08:28Z,cluster_seed|yahoo_ret
CFR,9931375616.0,0.29355843865176423,,2026-09-21T08:08:28Z,yahoo_mcap|yahoo_ret
MOD,10023430144.0,0.21794130324340122,,2026-09-21T08:08:28Z,yahoo_mcap|yahoo_ret
DPZ,9732646912.0,-0.29890773891534006,,2026-09-21T08:08:28Z,cluster_seed|yahoo_ret
RRX,9855625216.0,0.040822320653048916,,2026-09-21T08:08:28Z,yahoo_mcap|yahoo_ret
MGM,9673735168.0,0.05614531226441177,,2026-09-21T08:08:28Z,cluster_seed|yahoo_ret
DRS,9925695488.0,-0.09478262548958039,,2026-09-21T08:08:28Z,yahoo_mcap|yahoo_ret
OC,9794131968.0,-0.12720883360386215,,2026-09-21T08:08:28Z,yahoo_mcap|yahoo_ret
FRT,9695567872.0,0.1615311069928551,,2026-09-21T08:08:28Z,cluster_seed|yahoo_ret
ALSN,9669888000.0,0.3402151307917569,,2026-09-21T08:08:28Z,yahoo_mcap|yahoo_ret
PODD,9751200768.0,-0.5750211351111272,,2026-09-21T08:08:28Z,cluster_seed|yahoo_ret
ORI,9645245440.0,0.09362779103362584,,2026-09-21T08:08:28Z,yahoo_mcap|yahoo_ret
KYMR,9685830656.0,1.3967025735812229,,2026-09-21T08:08:28Z,yahoo_mcap|yahoo_ret
JEF,9742477312.0,-0.28987375317732156,,2026-09-21T08:08:28Z,yahoo_mcap|yahoo_ret
ONB,9667544064.0,0.16975443095956577,,2026-09-21T08:08:28Z,yahoo_mcap|yahoo_ret
CYTK,9562031104.0,0.4134812781540691,,2026-09-21T08:08:28Z,yahoo_mcap|yahoo_ret
ARE,9172678656.0,-0.3439275614870332,,2026-09-21T08:08:28Z,cluster_seed|yahoo_ret
ZION,9520538624.0,0.14516146098771165,,2026-09-21T08:08:28Z,yahoo_mcap|yahoo_ret
BRKR,9353337856.0,0.8599387964975453,,2026-09-21T08:08:28Z,yahoo_mcap|yahoo_ret
MUSA,9669718016.0,0.3814334746346404,,2026-09-21T08:08:28Z,yahoo_mcap|yahoo_ret
PSO,9441629184.0,0.15197801881192707,,2026-09-21T08:08:28Z,yahoo_mcap|yahoo_ret
AG,9779262464.0,0.8718401966805656,,2026-09-21T08:08:28Z,yahoo_mcap|yahoo_ret
ARWR,9390597120.0,1.1661779798002523,,2026-09-21T08:08:28Z,yahoo_mcap|yahoo_ret
SNAP,9352324096.0,-0.32230388318424386,,2026-09-21T08:08:28Z,yahoo_mcap|yahoo_ret
GKOS,9662158848.0,0.9625014395946101,,2026-09-21T08:08:28Z,yahoo_mcap|yahoo_ret
LINE,9230028800.0,-0.0345789950178802,,2026-09-21T08:08:28Z,yahoo_mcap|yahoo_ret
OGE,9401513984.0,0.06976516260284349,,2026-09-21T08:08:28Z,yahoo_mcap|yahoo_ret
FCFS,9497991168.0,0.508730766788626,,2026-09-21T08:08:28Z,yahoo_mcap|yahoo_ret
MSGS,9601875968.0,0.866632380462578,,2026-09-21T08:08:28Z,yahoo_mcap|yahoo_ret
WMS,9504843776.0,-0.1150358396637039,,2026-09-21T08:08:28Z,yahoo_mcap|yahoo_ret
HSIC,9455124480.0,0.2502209781140039,,2026-09-21T08:08:28Z,cluster_seed|yahoo_ret
JAN,9426115584.0,0.29984441317454325,,2026-09-21T08:08:28Z,yahoo_mcap|yahoo_ret
BAH,9270363136.0,-0.2230831030410274,,2026-09-21T08:08:28Z,yahoo_mcap|yahoo_ret
BSY,9842187264.0,-0.379053330739225,,2026-09-21T08:08:28Z,yahoo_mcap|yahoo_ret
SIRI,9205296128.0,0.2346832007328954,,2026-09-21T08:08:28Z,yahoo_mcap|yahoo_ret
HLI,9123682304.0,-0.3636261059731961,,2026-09-21T08:08:28Z,yahoo_mcap|yahoo_ret
FLS,9391091712.0,0.3202918887582116,,2026-09-21T08:08:28Z,yahoo_mcap|yahoo_ret
KT,9229988864.0,-0.0005157415779587504,,2026-09-21T08:08:28Z,yahoo_mcap|yahoo_ret
SOLS,9103543296.0,0.18785412917924016,,2026-09-21T08:08:28Z,yahoo_mcap|yahoo_ret
ELPC,9257760768.0,0.40009435510821234,,2026-09-21T08:08:28Z,yahoo_mcap|yahoo_ret
ESTC,9130041344.0,-0.02489348747596143,,2026-09-21T08:08:28Z,yahoo_mcap|yahoo_ret
ABVX,9165138944.0,0.2763061606385182,,2026-09-21T08:08:28Z,yahoo_mcap|yahoo_ret
PTGX,9253284864.0,1.2990353415751645,,2026-09-21T08:08:28Z,yahoo_mcap|yahoo_ret
TTEK,9136946176.0,-0.0021347206582298384,,2026-09-21T08:08:28Z,yahoo_mcap|yahoo_ret
IBRX,8987411456.0,2.106226916846063,,2026-09-21T08:08:28Z,yahoo_mcap|yahoo_ret
RMBS,9501236224.0,-0.14411333873863708,,2026-09-21T08:08:28Z,yahoo_mcap|yahoo_ret
LTH,9106074624.0,0.464247219249486,,2026-09-21T08:08:28Z,yahoo_mcap|yahoo_ret
SAIA,9104799744.0,0.10379303247606075,,2026-09-21T08:08:28Z,yahoo_mcap|yahoo_ret
AMG,9200963584.0,0.46517556784432834,,2026-09-21T08:08:28Z,yahoo_mcap|yahoo_ret
QGEN,8947429376.0,-0.04830505179957956,,2026-09-21T08:08:28Z,yahoo_mcap|yahoo_ret
R,9147261952.0,0.3212522053681037,,2026-09-21T08:08:28Z,yahoo_mcap|yahoo_ret
RRC,8982640640.0,0.12522334312371175,,2026-09-21T08:08:28Z,yahoo_mcap|yahoo_ret
VMI,9162858496.0,0.2739020593748127,,2026-09-21T08:08:28Z,yahoo_mcap|yahoo_ret
KNTK,9052192768.0,0.3393844546183571,,2026-09-21T08:08:28Z,yahoo_mcap|yahoo_ret
APTV,9050736640.0,-0.4888602160349692,,2026-09-21T08:08:28Z,cluster_seed|yahoo_ret
PBF,9149859840.0,1.6285681030617032,,2026-09-21T08:08:28Z,yahoo_mcap|yahoo_ret
ONON,9110692864.0,-0.3973026640553884,,2026-09-21T08:08:28Z,yahoo_mcap|yahoo_ret
CUBE,8952417280.0,0.04014906288922959,,2026-09-21T08:08:28Z,yahoo_mcap|yahoo_ret
NIO,9170741248.0,-0.5033921109005494,,2026-09-21T08:08:28Z,yahoo_mcap|yahoo_ret
VOYA,9201871872.0,0.3577785111923806,,2026-09-21T08:08:28Z,yahoo_mcap|yahoo_ret
CTRE,8870447104.0,0.13700733107284901,,2026-09-21T08:08:28Z,yahoo_mcap|yahoo_ret
WLK,8826907648.0,-0.1460011259438364,,2026-09-21T08:08:28Z,yahoo_mcap|yahoo_ret
SPXC,9104106496.0,-0.03334391213326138,,2026-09-21T08:08:28Z,yahoo_mcap|yahoo_ret
TIMB,8978502656.0,-0.11803119498288406,,2026-09-21T08:08:28Z,yahoo_mcap|yahoo_ret
SSL,8795037696.0,1.0662651420037603,,2026-09-21T08:08:28Z,yahoo_mcap|yahoo_ret
PRI,8943590400.0,0.07318284062095026,,2026-09-21T08:08:28Z,yahoo_mcap|yahoo_ret
PCVX,8650051584.0,0.8308661753737081,,2026-09-21T08:08:28Z,yahoo_mcap|yahoo_ret
LGN,9167099904.0,0.7810405162126766,,2026-09-21T08:08:28Z,yahoo_mcap|yahoo_ret
AYI,9069273088.0,-0.09800844660252395,,2026-09-21T08:08:28Z,yahoo_mcap|yahoo_ret
OSK,9051664384.0,0.11692235834157327,,2026-09-21T08:08:28Z,yahoo_mcap|yahoo_ret
KTOS,8909253632.0,-0.412405583050785,,2026-09-21T08:08:28Z,yahoo_mcap|yahoo_ret
PNR,8924831744.0,-0.48681272055116787,,2026-09-21T08:08:28Z,cluster_seed|yahoo_ret
MP,8417080320.0,-0.35454797140633854,,2026-09-21T08:08:28Z,yahoo_mcap|yahoo_ret
SM,8793464832.0,0.5011788049773056,,2026-09-21T08:08:28Z,yahoo_mcap|yahoo_ret
BVN,8719369216.0,0.7001586730931884,,2026-09-21T08:08:28Z,yahoo_mcap|yahoo_ret
JXN,8985572352.0,0.3586287736916711,,2026-09-21T08:08:28Z,yahoo_mcap|yahoo_ret
CAI,8474767360.0,-0.07980362623368797,,2026-09-21T08:08:28Z,yahoo_mcap|yahoo_ret
REXR,8777277440.0,-0.04101787699744508,,2026-09-21T08:08:28Z,yahoo_mcap|yahoo_ret
TTC,8850078720.0,0.2173963624311881,,2026-09-21T08:08:28Z,yahoo_mcap|yahoo_ret
FORM,9247931392.0,2.360204336974097,,2026-09-21T08:08:28Z,yahoo_mcap|yahoo_ret
SBSW,8434497536.0,0.3120248343040135,,2026-09-21T08:08:28Z,yahoo_mcap|yahoo_ret
TGTX,8705863680.0,0.7568736734145289,,2026-09-21T08:08:28Z,yahoo_mcap|yahoo_ret
LLYVA,8557420032.0,-0.011057957275716457,,2026-09-21T08:08:28Z,yahoo_mcap|yahoo_ret
MHK,8541102080.0,-0.03497632937495487,,2026-09-21T08:08:28Z,yahoo_mcap|yahoo_ret
WAL,8568781824.0,-0.11879428222667532,,2026-09-21T08:08:28Z,yahoo_mcap|yahoo_ret
WYNN,8410907136.0,-0.36345879887935995,,2026-09-21T08:08:28Z,cluster_seed|yahoo_ret
GIL,8679941120.0,-0.15462625925139006,,2026-09-21T08:08:28Z,yahoo_mcap|yahoo_ret
BRX,8601631744.0,0.059222897411851605,,2026-09-21T08:08:28Z,yahoo_mcap|yahoo_ret
DY,8800966656.0,0.08242452083788754,,2026-09-21T08:08:28Z,yahoo_mcap|yahoo_ret
PRAX,8346680832.0,6.080767493214501,,2026-09-21T08:08:28Z,yahoo_mcap|yahoo_ret
AAL,8579130368.0,0.040963874433339376,,2026-09-21T08:08:28Z,yahoo_mcap|yahoo_ret
ALV,8567289856.0,-0.04921240128700577,,2026-09-21T08:08:28Z,yahoo_mcap|yahoo_ret
VIAV,8725073920.0,1.888888992774982,,2026-09-21T08:08:28Z,yahoo_mcap|yahoo_ret
SIMO,9226638336.0,1.9864391080338861,,2026-09-21T08:08:28Z,yahoo_mcap|yahoo_ret
FR,8467772416.0,0.23528381944702326,,2026-09-21T08:08:28Z,yahoo_mcap|yahoo_ret
ADC,8487667712.0,-0.0031205814534794873,,2026-09-21T08:08:28Z,yahoo_mcap|yahoo_ret
AGCO,8389100544.0,0.1038051507483373,,2026-09-21T08:08:28Z,yahoo_mcap|yahoo_ret
PB,8414776832.0,0.09816633072121306,,2026-09-21T08:08:28Z,yahoo_mcap|yahoo_ret
COLB,8467265024.0,0.185101170129506,,2026-09-21T08:08:28Z,yahoo_mcap|yahoo_ret
YMM,8503119872.0,-0.3896533385798562,,2026-09-21T08:08:28Z,yahoo_mcap|yahoo_ret
CHWY,8287740416.0,-0.4642764369956044,,2026-09-21T08:08:28Z,yahoo_mcap|yahoo_ret
EAT,8215595008.0,0.44268425308706494,,2026-09-21T08:08:28Z,yahoo_mcap|yahoo_ret
RHP,8411944448.0,0.33821309519613174,,2026-09-21T08:08:28Z,yahoo_mcap|yahoo_ret
IDCC,8336630784.0,-0.026354562792286984,,2026-09-21T08:08:28Z,yahoo_mcap|yahoo_ret
AAOI,8929594368.0,2.627802656063589,,2026-09-21T08:08:28Z,yahoo_mcap|yahoo_ret
AVAV,8128771584.0,-0.42577632756126904,,2026-09-21T08:08:28Z,yahoo_mcap|yahoo_ret
HESM,8280123392.0,0.23582285256809077,,2026-09-21T08:08:28Z,yahoo_mcap|yahoo_ret
GTLB,8202456576.0,-0.01932273318647504,,2026-09-21T08:08:28Z,yahoo_mcap|yahoo_ret
KMX,8118734336.0,-0.020879705875939458,,2026-09-21T08:08:28Z,yahoo_mcap|yahoo_ret
CBSH,8188542976.0,0.03291392301728058,,2026-09-21T08:08:28Z,yahoo_mcap|yahoo_ret
UGI,8077880320.0,0.19231138052590313,,2026-09-21T08:08:28Z,yahoo_mcap|yahoo_ret
WULF,8487457280.0,0.5491804133005784,,2026-09-21T08:08:28Z,yahoo_mcap|yahoo_ret
DBX,7932306944.0,0.19176735755763663,,2026-09-21T08:08:28Z,yahoo_mcap|yahoo_ret
LEA,8031579648.0,0.174184280206356,,2026-09-21T08:08:28Z,yahoo_mcap|yahoo_ret
NEU,8201998336.0,0.11042913968783141,,2026-09-21T08:08:28Z,yahoo_mcap|yahoo_ret
KNSL,8128480768.0,-0.16546176489941877,,2026-09-21T08:08:28Z,yahoo_mcap|yahoo_ret
ACM,7977891328.0,-0.525855777681038,,2026-09-21T08:08:28Z,yahoo_mcap|yahoo_ret
LNC,8079077376.0,0.07104771678776989,,2026-09-21T08:08:28Z,yahoo_mcap|yahoo_ret
SYRE,7957681664.0,5.065188125396123,,2026-09-21T08:08:28Z,yahoo_mcap|yahoo_ret
RIOT,8912400384.0,0.36025207590767305,,2026-09-21T08:08:28Z,yahoo_mcap|yahoo_ret
VIST,7994319872.0,1.1445102375945084,,2026-09-21T08:08:28Z,yahoo_mcap|yahoo_ret
S,7834585600.0,0.17853401985899398,,2026-09-21T08:08:28Z,yahoo_mcap|yahoo_ret
MOS,7782085120.0,-0.2531163288614249,,2026-09-21T08:08:28Z,cluster_seed|yahoo_ret
TKR,8117431808.0,0.5320754709450193,,2026-09-21T08:08:28Z,yahoo_mcap|yahoo_ret
BOKF,8066801664.0,0.21540428774217713,,2026-09-21T08:08:28Z,yahoo_mcap|yahoo_ret
ESI,7976003584.0,0.24643128023567784,,2026-09-21T08:08:28Z,yahoo_mcap|yahoo_ret
CHRD,7903296000.0,0.5016907565578566,,2026-09-21T08:08:28Z,yahoo_mcap|yahoo_ret
UGP,8077399552.0,1.006381860637445,,2026-09-21T08:08:28Z,yahoo_mcap|yahoo_ret
SNEX,8081321472.0,0.6253369606478083,,2026-09-21T08:08:28Z,yahoo_mcap|yahoo_ret
THG,7914983936.0,0.3259259905379168,,2026-09-21T08:08:28Z,yahoo_mcap|yahoo_ret
PCTY,7957754880.0,-0.12477168031211106,,2026-09-21T08:08:28Z,yahoo_mcap|yahoo_ret
ATR,7912035840.0,-0.060368227627015325,,2026-09-21T08:08:28Z,yahoo_mcap|yahoo_ret
COMP,7737857536.0,0.07234046093313595,,2026-09-21T08:08:28Z,yahoo_mcap|yahoo_ret
NNN,7904811520.0,0.04338662017251771,,2026-09-21T08:08:28Z,yahoo_mcap|yahoo_ret
STN,7761200128.0,-0.36720730148917247,,2026-09-21T08:08:28Z,yahoo_mcap|yahoo_ret
PCOR,7790750720.0,-0.28102647296213523,,2026-09-21T08:08:28Z,yahoo_mcap|yahoo_ret
CNM,7859138048.0,-0.16336146956548703,,2026-09-21T08:08:28Z,yahoo_mcap|yahoo_ret
SFD,7804470272.0,-0.13144874806994655,,2026-09-21T08:08:28Z,yahoo_mcap|yahoo_ret
HQY,7869533184.0,0.014934943010277202,,2026-09-21T08:08:28Z,yahoo_mcap|yahoo_ret
ALKS,7279247872.0,0.5613529312769749,,2026-09-21T08:08:28Z,yahoo_mcap|yahoo_ret
APPF,7601549312.0,-0.23773839791227125,,2026-09-21T08:08:28Z,yahoo_mcap|yahoo_ret
CAE,7585982976.0,-0.15670844180880794,,2026-09-21T08:08:28Z,yahoo_mcap|yahoo_ret
AOS,7739993600.0,-0.20345136017403265,,2026-09-21T08:08:28Z,cluster_seed|yahoo_ret
IONS,7385230848.0,-0.2715948229911016,,2026-09-21T08:08:28Z,yahoo_mcap|yahoo_ret
CEF,7826591744.0,0.2876515079225408,,2026-09-21T08:08:28Z,yahoo_mcap|yahoo_ret
AVT,7888854528.0,0.8484982046358587,,2026-09-21T08:08:28Z,yahoo_mcap|yahoo_ret
PRMB,7427085312.0,-0.06652402129789059,,2026-09-21T08:08:28Z,yahoo_mcap|yahoo_ret
IDA,7610856448.0,0.07384451120875868,,2026-09-21T08:08:28Z,yahoo_mcap|yahoo_ret
LEVI,7627738112.0,-0.1024142436384009,,2026-09-21T08:08:28Z,yahoo_mcap|yahoo_ret
MORN,7646391296.0,-0.12426157813427541,,2026-09-21T08:08:28Z,yahoo_mcap|yahoo_ret
HNGE,7657900032.0,0.6675452781642264,,2026-09-21T08:08:28Z,yahoo_mcap|yahoo_ret
NFG,7691048960.0,-0.04060680589746157,,2026-09-21T08:08:28Z,yahoo_mcap|yahoo_ret
FIGR,7963170816.0,-0.2106316191913894,,2026-09-21T08:08:28Z,yahoo_mcap|yahoo_ret
EMN,7510116352.0,0.059364820596422785,,2026-09-21T08:08:28Z,yahoo_mcap|yahoo_ret
IMVT,7632121856.0,1.5000000967869758,,2026-09-21T08:08:28Z,yahoo_mcap|yahoo_ret
CWEN,7601321472.0,0.15504902320297687,,2026-09-21T08:08:28Z,yahoo_mcap|yahoo_ret
VLY,7509905408.0,0.2841679061386644,,2026-09-21T08:08:28Z,yahoo_mcap|yahoo_ret
ZWS,7641358848.0,-0.008636382441769008,,2026-09-21T08:08:28Z,yahoo_mcap|yahoo_ret
ZETA,7535057408.0,0.4067007847466071,,2026-09-21T08:08:28Z,yahoo_mcap|yahoo_ret
VFS,7556701696.0,0.0,,2026-09-21T08:08:28Z,yahoo_mcap|yahoo_ret
CBC,7628238848.0,0.3686359852361554,,2026-09-21T08:08:28Z,yahoo_mcap|yahoo_ret
APLD,7994623488.0,0.37304694666818405,,2026-09-21T08:08:28Z,yahoo_mcap|yahoo_ret
SOBO,7484142080.0,0.32256348815926117,,2026-09-21T08:08:28Z,yahoo_mcap|yahoo_ret
OKLO,7068670464.0,-0.7189972550427179,,2026-09-21T08:08:28Z,yahoo_mcap|yahoo_ret
SARO,7379503104.0,-0.1914431001178919,,2026-09-21T08:08:28Z,yahoo_mcap|yahoo_ret
FAF,7105138688.0,0.08433445618867008,,2026-09-21T08:08:28Z,yahoo_mcap|yahoo_ret
CLF,7131750400.0,0.07665808524041506,,2026-09-21T08:08:28Z,yahoo_mcap|yahoo_ret
FLR,7342384640.0,0.23094178036204038,,2026-09-21T08:08:28Z,yahoo_mcap|yahoo_ret
RAL,7519094784.0,0.5710095125791919,,2026-09-21T08:08:28Z,yahoo_mcap|yahoo_ret
SSRM,7408025600.0,0.5921312337050573,,2026-09-21T08:08:28Z,yahoo_mcap|yahoo_ret
NOV,7154515456.0,0.6264414870670167,,2026-09-21T08:08:28Z,yahoo_mcap|yahoo_ret
AUGO,7398601216.0,1.8374400863857452,,2026-09-21T08:08:28Z,yahoo_mcap|yahoo_ret
STAG,7399968256.0,0.1124315396680271,,2026-09-21T08:08:28Z,yahoo_mcap|yahoo_ret
KEX,7304880128.0,0.6460440342675537,,2026-09-21T08:08:28Z,yahoo_mcap|yahoo_ret
SLAB,7357370368.0,0.6073772545034453,,2026-09-21T08:08:28Z,yahoo_mcap|yahoo_ret
AXS,7238258688.0,0.04907478588206127,,2026-09-21T08:08:28Z,yahoo_mcap|yahoo_ret
GAP,7215089152.0,-0.04888096275657938,,2026-09-21T08:08:28Z,yahoo_mcap|yahoo_ret
TAP,6997616128.0,-0.15778043861871138,,2026-09-21T08:08:28Z,cluster_seed|yahoo_ret
CAG,7240697856.0,-0.11936508623752173,,2026-09-21T08:08:28Z,yahoo_mcap|yahoo_ret
PATH,6978271232.0,0.12805395723827173,,2026-09-21T08:08:28Z,yahoo_mcap|yahoo_ret
MAAS,7437393408.0,3.54594580488017,,2026-09-21T08:08:28Z,yahoo_mcap|yahoo_ret
GGAL,7076375552.0,0.6485518911809343,,2026-09-21T08:08:28Z,yahoo_mcap|yahoo_ret
TRNO,7164797952.0,0.16321119773047865,,2026-09-21T08:08:28Z,yahoo_mcap|yahoo_ret
NTSK,7146199552.0,-0.29190286514644037,,2026-09-21T08:08:28Z,yahoo_mcap|yahoo_ret
CELH,7090041856.0,-0.48803214521973404,,2026-09-21T08:08:28Z,yahoo_mcap|yahoo_ret
ACA,7161736704.0,0.5261432977336433,,2026-09-21T08:08:28Z,yahoo_mcap|yahoo_ret
MTDR,7030477312.0,0.2906495340414381,,2026-09-21T08:08:28Z,yahoo_mcap|yahoo_ret
BROS,7021118976.0,-0.3171272687020873,,2026-09-21T08:08:28Z,yahoo_mcap|yahoo_ret
CIFR,7611663360.0,0.4934853869211331,,2026-09-21T08:08:28Z,yahoo_mcap|yahoo_ret
NE,7065764352.0,0.6430657238723185,,2026-09-21T08:08:28Z,yahoo_mcap|yahoo_ret
LAD,6952600064.0,-0.0411797718712229,,2026-09-21T08:08:28Z,yahoo_mcap|yahoo_ret
MGY,6916822016.0,0.07589757272996134,,2026-09-21T08:08:28Z,yahoo_mcap|yahoo_ret
BTG,7252678144.0,0.23803566630031092,,2026-09-21T08:08:28Z,yahoo_mcap|yahoo_ret
PPC,7107539456.0,-0.2664044878616404,,2026-09-21T08:08:28Z,yahoo_mcap|yahoo_ret
MATX,6965113344.0,1.2657874247135101,,2026-09-21T08:08:28Z,yahoo_mcap|yahoo_ret
OMF,6995672064.0,0.07367273995468615,,2026-09-21T08:08:28Z,yahoo_mcap|yahoo_ret
SSD,7017806336.0,-0.05216952165754574,,2026-09-21T08:08:28Z,yahoo_mcap|yahoo_ret
AXTA,6891444224.0,0.06375950697023436,,2026-09-21T08:08:28Z,yahoo_mcap|yahoo_ret
MBLY,6818504704.0,-0.4621059329416638,,2026-09-21T08:08:28Z,yahoo_mcap|yahoo_ret
ZG,6802467328.0,-0.6385470293040213,,2026-09-21T08:08:28Z,yahoo_mcap|yahoo_ret
MSA,6930975232.0,0.06339868389691583,,2026-09-21T08:08:28Z,yahoo_mcap|yahoo_ret
FSS,6948366848.0,-0.08672987441371682,,2026-09-21T08:08:28Z,yahoo_mcap|yahoo_ret
OR,6888598528.0,-0.00907384568309677,,2026-09-21T08:08:28Z,yahoo_mcap|yahoo_ret
PDI,6802658304.0,-0.1534697979921913,,2026-09-21T08:08:28Z,yahoo_mcap|yahoo_ret
VNO,6911904768.0,-0.1443547475980873,,2026-09-21T08:08:28Z,yahoo_mcap|yahoo_ret
SEI,7009632768.0,0.8666364912906934,,2026-09-21T08:08:28Z,yahoo_mcap|yahoo_ret
MXL,7357031936.0,4.010500313198651,,2026-09-21T08:08:28Z,yahoo_mcap|yahoo_ret
LUMN,6601250304.0,0.12084063968664704,,2026-09-21T08:08:28Z,yahoo_mcap|yahoo_ret
RYTM,6727536640.0,0.01717678084337293,,2026-09-21T08:08:28Z,yahoo_mcap|yahoo_ret
BLTE,6884925952.0,1.4353278368361528,,2026-09-21T08:08:28Z,yahoo_mcap|yahoo_ret
DSGX,6612903424.0,-0.24104070486168094,,2026-09-21T08:08:28Z,yahoo_mcap|yahoo_ret
PACS,6669095936.0,2.5187968247505967,,2026-09-21T08:08:28Z,yahoo_mcap|yahoo_ret
DUOL,6611563008.0,-0.512203517106367,,2026-09-21T08:08:28Z,yahoo_mcap|yahoo_ret
QBTS,6495411712.0,-0.3634672193247347,,2026-09-21T08:08:28Z,yahoo_mcap|yahoo_ret
ESE,6889340928.0,0.25330257633711994,,2026-09-21T08:08:28Z,yahoo_mcap|yahoo_ret
TFPM,6826939904.0,0.1756506949605683,,2026-09-21T08:08:28Z,yahoo_mcap|yahoo_ret
AWI,6746414592.0,-0.1816306866980152,,2026-09-21T08:08:28Z,yahoo_mcap|yahoo_ret
CAMT,6959158272.0,0.5277122649804931,,2026-09-21T08:08:28Z,yahoo_mcap|yahoo_ret
TTD,6581307904.0,-0.6869799933845413,,2026-09-21T08:08:28Z,cluster_seed|yahoo_ret
CGON,6614345216.0,1.0222222130329488,,2026-09-21T08:08:28Z,yahoo_mcap|yahoo_ret
ACT,6661083648.0,0.28712524819787033,,2026-09-21T08:08:28Z,yahoo_mcap|yahoo_ret
WEX,6597177856.0,0.1843490236951888,,2026-09-21T08:08:28Z,yahoo_mcap|yahoo_ret
ETSY,6663354368.0,0.11709495092311695,,2026-09-21T08:08:28Z,yahoo_mcap|yahoo_ret
MAC,6676536832.0,0.340481847072158,,2026-09-21T08:08:28Z,yahoo_mcap|yahoo_ret
LB,6626261504.0,0.684419253207019,,2026-09-21T08:08:28Z,yahoo_mcap|yahoo_ret
HXL,6666207744.0,0.43668815565079044,,2026-09-21T08:08:28Z,yahoo_mcap|yahoo_ret
NCLH,6483732480.0,-0.4403487855034849,,2026-09-21T08:08:28Z,cluster_seed|yahoo_ret
TEX,6748272128.0,0.14938494058162344,,2026-09-21T08:08:28Z,yahoo_mcap|yahoo_ret
CHE,6588044288.0,0.1205083352752403,,2026-09-21T08:08:28Z,yahoo_mcap|yahoo_ret
LNTH,6565902848.0,0.9946439864335714,,2026-09-21T08:08:28Z,yahoo_mcap|yahoo_ret
SFM,6600999424.0,-0.41209202921232413,,2026-09-21T08:08:28Z,yahoo_mcap|yahoo_ret
SGHC,6442414080.0,0.09103895146907659,,2026-09-21T08:08:28Z,yahoo_mcap|yahoo_ret
PLXS,6575872512.0,0.7498581257272274,,2026-09-21T08:08:28Z,yahoo_mcap|yahoo_ret
URBN,6425370624.0,0.050413083454738494,,2026-09-21T08:08:28Z,yahoo_mcap|yahoo_ret
HIMS,6530442240.0,-0.5159114507289819,,2026-09-21T08:08:28Z,yahoo_mcap|yahoo_ret
BZ,6495301632.0,-0.38615688685937455,,2026-09-21T08:08:28Z,yahoo_mcap|yahoo_ret
PJT,6452198400.0,-0.18792182835714055,,2026-09-21T08:08:28Z,yahoo_mcap|yahoo_ret
TAL,6551022080.0,0.06014363156600244,,2026-09-21T08:08:28Z,yahoo_mcap|yahoo_ret
POWL,6702134784.0,0.8601478088880667,,2026-09-21T08:08:28Z,yahoo_mcap|yahoo_ret
GTES,6483201536.0,0.012653210092521183,,2026-09-21T08:08:28Z,yahoo_mcap|yahoo_ret
PAGP,6447121920.0,0.6316055790442583,,2026-09-21T08:08:28Z,yahoo_mcap|yahoo_ret
GLBE,6389479936.0,0.03285362542264103,,2026-09-21T08:08:28Z,yahoo_mcap|yahoo_ret
UBSI,6415126528.0,0.30118211180726284,,2026-09-21T08:08:28Z,yahoo_mcap|yahoo_ret
VCTR,6554459648.0,0.6296156976657357,,2026-09-21T08:08:28Z,yahoo_mcap|yahoo_ret
FNB,6382433280.0,0.13300238912590645,,2026-09-21T08:08:28Z,yahoo_mcap|yahoo_ret
MBGL,6236800000.0,-0.06918708146602148,,2026-09-21T08:08:28Z,yahoo_mcap|yahoo_ret
LW,6416338432.0,-0.13557681498691698,,2026-09-21T08:08:28Z,yahoo_mcap|yahoo_ret
HR,6336179712.0,0.06186856054598033,,2026-09-21T08:08:28Z,yahoo_mcap|yahoo_ret
OGC,6326407680.0,0.43250030574799503,,2026-09-21T08:08:28Z,yahoo_mcap|yahoo_ret
GATX,6280416256.0,0.04919703328358338,,2026-09-21T08:08:28Z,yahoo_mcap|yahoo_ret
CPB,6169887232.0,-0.3417942133451922,,2026-09-21T08:08:28Z,yahoo_mcap|yahoo_ret
MIRM,5962724352.0,0.2346061471094616,,2026-09-21T08:08:28Z,yahoo_mcap|yahoo_ret
DOX,6191809536.0,-0.2685762560661282,,2026-09-21T08:08:28Z,yahoo_mcap|yahoo_ret
AAON,6329141760.0,-0.15802899983815144,,2026-09-21T08:08:28Z,yahoo_mcap|yahoo_ret
NXE,6269232640.0,0.061293976859597255,,2026-09-21T08:08:28Z,yahoo_mcap|yahoo_ret
RIG,6299203584.0,0.6987951746663881,,2026-09-21T08:08:28Z,yahoo_mcap|yahoo_ret
AMRX,6516618240.0,0.9072373378352723,,2026-09-21T08:08:28Z,yahoo_mcap|yahoo_ret
ORKA,6287272960.0,5.106752277794347,,2026-09-21T08:08:28Z,yahoo_mcap|yahoo_ret
MMED,6130614784.0,0.17847491537365312,,2026-09-21T08:08:28Z,yahoo_mcap|yahoo_ret
ENS,6423937536.0,0.6294680468454517,,2026-09-21T08:08:28Z,yahoo_mcap|yahoo_ret
GDS,6570382336.0,-0.15836751319135267,,2026-09-21T08:08:28Z,yahoo_mcap|yahoo_ret
SWX,6219476480.0,0.1271861114625472,,2026-09-21T08:08:28Z,yahoo_mcap|yahoo_ret
AVAL,6018971136.0,0.6579555564426349,,2026-09-21T08:08:28Z,yahoo_mcap|yahoo_ret
INGR,6138017280.0,-0.18170682880076516,,2026-09-21T08:08:28Z,yahoo_mcap|yahoo_ret
INGM,6135084032.0,0.2861358568259724,,2026-09-21T08:08:28Z,yahoo_mcap|yahoo_ret
STVN,5926838272.0,-0.18737771791923896,,2026-09-21T08:08:28Z,yahoo_mcap|yahoo_ret
NICE,6150946816.0,-0.3158889497490216,,2026-09-21T08:08:28Z,yahoo_mcap|yahoo_ret
RSI,5690955264.0,0.058128917015784154,,2026-09-21T08:08:28Z,yahoo_mcap|yahoo_ret
ANDG,6425191936.0,1.340000071424119,,2026-09-21T08:08:28Z,yahoo_mcap|yahoo_ret
PL,5974384128.0,0.47794784731836826,,2026-09-21T08:08:28Z,yahoo_mcap|yahoo_ret
RNG,6000752640.0,1.314077777748432,,2026-09-21T08:08:28Z,yahoo_mcap|yahoo_ret
QLYS,6052741632.0,0.29064628109220325,,2026-09-21T08:08:28Z,yahoo_mcap|yahoo_ret
ALGM,6356309504.0,0.08426065649907355,,2026-09-21T08:08:28Z,yahoo_mcap|yahoo_ret
VSXY,6216011776.0,1.9274980408836084,,2026-09-21T08:08:28Z,yahoo_mcap|yahoo_ret
BLDR,6253506048.0,-0.5318566394075337,,2026-09-21T08:08:28Z,cluster_seed|yahoo_ret
ST,6105229312.0,0.35832821348187194,,2026-09-21T08:08:28Z,yahoo_mcap|yahoo_ret
STEP,5977877504.0,-0.2594354369727737,,2026-09-21T08:08:28Z,yahoo_mcap|yahoo_ret
TBBB,6190898176.0,1.0145154545000818,,2026-09-21T08:08:28Z,yahoo_mcap|yahoo_ret
CVLT,5990396928.0,-0.25728383519441533,,2026-09-21T08:08:28Z,yahoo_mcap|yahoo_ret
CACC,6002985472.0,0.13995932954814871,,2026-09-21T08:08:28Z,yahoo_mcap|yahoo_ret
KNSA,6026574848.0,1.1806889287614402,,2026-09-21T08:08:28Z,yahoo_mcap|yahoo_ret
JOBY,6082511360.0,-0.6308805842146767,,2026-09-21T08:08:28Z,yahoo_mcap|yahoo_ret
CIG,6121859584.0,0.09337505040034011,,2026-09-21T08:08:28Z,yahoo_mcap|yahoo_ret
ACI,5993772544.0,-0.28066647499124575,,2026-09-21T08:08:28Z,yahoo_mcap|yahoo_ret
MTG,6090156544.0,0.07157566346898903,,2026-09-21T08:08:28Z,yahoo_mcap|yahoo_ret
POOL,6103792128.0,-0.4583960267974089,,2026-09-21T08:08:28Z,yahoo_mcap|yahoo_ret
ESNT,6038801920.0,0.04715941951783753,,2026-09-21T08:08:28Z,yahoo_mcap|yahoo_ret
TVTX,5915825152.0,1.5255532136060808,,2026-09-21T08:08:28Z,yahoo_mcap|yahoo_ret
NPO,6191546368.0,0.30651886068639334,,2026-09-21T08:08:28Z,yahoo_mcap|yahoo_ret
RDNT,5981029888.0,-0.005756180368302943,,2026-09-21T08:08:28Z,yahoo_mcap|yahoo_ret
CRUS,5954968576.0,-0.01082253598095928,,2026-09-21T08:08:28Z,yahoo_mcap|yahoo_ret
IFS,6069665792.0,0.42788654680393634,,2026-09-21T08:08:28Z,yahoo_mcap|yahoo_ret
LQDA,5986354176.0,1.8124472381103325,,2026-09-21T08:08:28Z,yahoo_mcap|yahoo_ret
EPAM,5880915968.0,-0.2701664390059202,,2026-09-21T08:08:28Z,yahoo_mcap|yahoo_ret
CZR,6039960576.0,0.15962441349587975,,2026-09-21T08:08:28Z,yahoo_mcap|yahoo_ret
TXNM,6022014464.0,0.06331670352488183,,2026-09-21T08:08:28Z,yahoo_mcap|yahoo_ret
LKQ,5894948352.0,-0.20696908961380223,,2026-09-21T08:08:28Z,yahoo_mcap|yahoo_ret
CAVA,6031872000.0,-0.18715566847331888,,2026-09-21T08:08:28Z,yahoo_mcap|yahoo_ret
RYN,6026885632.0,-0.12639519002581645,,2026-09-21T08:08:28Z,yahoo_mcap|yahoo_ret
HWC,6012717568.0,0.21129030517929048,,2026-09-21T08:08:28Z,yahoo_mcap|yahoo_ret
DPC,6089259520.0,-0.13054613069845822,,2026-09-21T08:08:28Z,yahoo_mcap|yahoo_ret
BLCO,6018234368.0,0.1092824784031059,,2026-09-21T08:08:28Z,yahoo_mcap|yahoo_ret
CROX,5860806144.0,0.5219123297836195,,2026-09-21T08:08:28Z,yahoo_mcap|yahoo_ret
ORA,5986112000.0,0.05688038678934726,,2026-09-21T08:08:28Z,yahoo_mcap|yahoo_ret
HOMB,5959478784.0,0.04851077747628607,,2026-09-21T08:08:28Z,yahoo_mcap|yahoo_ret
LOAR,6036348416.0,-0.1947256769788247,,2026-09-21T08:08:28Z,yahoo_mcap|yahoo_ret
CMBT,5887544832.0,1.3413713165724186,,2026-09-21T08:08:28Z,yahoo_mcap|yahoo_ret
ENIC,5796157952.0,0.14222882801352354,,2026-09-21T08:08:28Z,yahoo_mcap|yahoo_ret
BILI,6137759744.0,-0.45119705974652,,2026-09-21T08:08:28Z,yahoo_mcap|yahoo_ret
KGS,5937839616.0,0.8330621869086283,,2026-09-21T08:08:28Z,yahoo_mcap|yahoo_ret
PEGA,5762393088.0,-0.40957876933714266,,2026-09-21T08:08:28Z,yahoo_mcap|yahoo_ret
SRRK,5681283584.0,0.5126459563899952,,2026-09-21T08:08:28Z,yahoo_mcap|yahoo_ret
BXSL,5786976256.0,0.013273303479202303,,2026-09-21T08:08:28Z,yahoo_mcap|yahoo_ret
HLNE,5880516096.0,-0.4065774619441471,,2026-09-21T08:08:28Z,yahoo_mcap|yahoo_ret
WFRD,5866137600.0,0.3024886428756559,,2026-09-21T08:08:28Z,yahoo_mcap|yahoo_ret
ANF,5760890880.0,0.49350926543368145,,2026-09-21T08:08:28Z,yahoo_mcap|yahoo_ret
USAR,5769786368.0,-0.05415385319636423,,2026-09-21T08:08:28Z,yahoo_mcap|yahoo_ret
G,5736694272.0,-0.15606241874376625,,2026-09-21T08:08:28Z,yahoo_mcap|yahoo_ret
GBCI,5816567808.0,-0.07532341844984514,,2026-09-21T08:08:28Z,yahoo_mcap|yahoo_ret
AN,5563802624.0,-0.22738964453509525,,2026-09-21T08:08:28Z,yahoo_mcap|yahoo_ret
LYFT,5715957760.0,-0.33126658846368306,,2026-09-21T08:08:28Z,yahoo_mcap|yahoo_ret
VIPS,5853405184.0,-0.3024374429594877,,2026-09-21T08:08:28Z,yahoo_mcap|yahoo_ret
VAL,5815943680.0,0.6642161551551695,,2026-09-21T08:08:28Z,yahoo_mcap|yahoo_ret
LSTR,5779118592.0,0.39895543323885896,,2026-09-21T08:08:28Z,yahoo_mcap|yahoo_ret
EPRT,5800625152.0,-0.07545031793643797,,2026-09-21T08:08:28Z,yahoo_mcap|yahoo_ret
FSV,5638203904.0,-0.35464989634863464,,2026-09-21T08:08:28Z,yahoo_mcap|yahoo_ret
STWD,5673747968.0,-0.17785826271148641,,2026-09-21T08:08:28Z,yahoo_mcap|yahoo_ret
RUSHA,5710451712.0,0.30229959376521043,,2026-09-21T08:08:28Z,yahoo_mcap|yahoo_ret
NAVN,5562368512.0,0.06800003051757808,,2026-09-21T08:08:28Z,yahoo_mcap|yahoo_ret
MKTX,5751222272.0,-0.06586298681039437,,2026-09-21T08:08:28Z,yahoo_mcap|yahoo_ret
ECG,5919295488.0,0.4103124952739601,,2026-09-21T08:08:28Z,yahoo_mcap|yahoo_ret
JBTM,5706449920.0,-0.18184120004553295,,2026-09-21T08:08:28Z,yahoo_mcap|yahoo_ret
BGC,5810201088.0,0.2635310971597469,,2026-09-21T08:08:28Z,yahoo_mcap|yahoo_ret
CHDN,5709147136.0,-0.13716724795045132,,2026-09-21T08:08:28Z,yahoo_mcap|yahoo_ret
M,5730215424.0,0.2946027003380205,,2026-09-21T08:08:28Z,yahoo_mcap|yahoo_ret
SNDR,5716562432.0,0.47460780482394305,,2026-09-21T08:08:28Z,yahoo_mcap|yahoo_ret
COGT,5466036736.0,1.631578888662709,,2026-09-21T08:08:28Z,yahoo_mcap|yahoo_ret
OTEX,5479316480.0,-0.36308939563980924,,2026-09-21T08:08:28Z,yahoo_mcap|yahoo_ret
OBDC,5543731200.0,-0.09892850861921332,,2026-09-21T08:08:28Z,yahoo_mcap|yahoo_ret
LGND,5651545088.0,0.7025403854826056,,2026-09-21T08:08:28Z,yahoo_mcap|yahoo_ret
CWST,5668419072.0,0.02745411450445645,,2026-09-21T08:08:28Z,yahoo_mcap|yahoo_ret
ASB,5601281024.0,0.16907226508464634,,2026-09-21T08:08:28Z,yahoo_mcap|yahoo_ret
WFG,5596374528.0,0.002574043482937327,,2026-09-21T08:08:28Z,yahoo_mcap|yahoo_ret
POR,5555789824.0,0.1538008153771746,,2026-09-21T08:08:28Z,yahoo_mcap|yahoo_ret
PTCT,5455832576.0,0.08085322819704643,,2026-09-21T08:08:28Z,yahoo_mcap|yahoo_ret
SAIC,5580346368.0,0.30061353715434147,,2026-09-21T08:08:28Z,yahoo_mcap|yahoo_ret
DNTH,5415006720.0,1.634285647852891,,2026-09-21T08:08:28Z,yahoo_mcap|yahoo_ret
CORZ,5780914688.0,0.08243073782828736,,2026-09-21T08:08:28Z,yahoo_mcap|yahoo_ret
AUB,5574065152.0,0.11086911251248321,,2026-09-21T08:08:28Z,yahoo_mcap|yahoo_ret
ABCB,5603454464.0,0.11125131970151148,,2026-09-21T08:08:28Z,yahoo_mcap|yahoo_ret
XENE,3849407232.0,0.07577805627189393,,2026-09-21T08:08:28Z,yahoo_mcap|yahoo_ret
CRGY,5468302848.0,0.7241563848660129,,2026-09-21T08:08:28Z,yahoo_mcap|yahoo_ret
WPP,5483218944.0,0.1108851213305615,,2026-09-21T08:08:28Z,yahoo_mcap|yahoo_ret
XMTR,5570704896.0,0.8059839774211897,,2026-09-21T08:08:28Z,yahoo_mcap|yahoo_ret
BEPC,5556293120.0,-0.07713405625951575,,2026-09-21T08:08:28Z,yahoo_mcap|yahoo_ret
CRSP,5468936704.0,-0.0924261609393362,,2026-09-21T08:08:28Z,yahoo_mcap|yahoo_ret
RLI,5450396672.0,-0.001240564098057062,,2026-09-21T08:08:28Z,yahoo_mcap|yahoo_ret
FTDR,5393657344.0,0.17060412874831954,,2026-09-21T08:08:28Z,yahoo_mcap|yahoo_ret
ELF,5690731520.0,-0.3109460001772706,,2026-09-21T08:08:28Z,yahoo_mcap|yahoo_ret
INSW,5505405440.0,1.7218659939031662,,2026-09-21T08:08:28Z,yahoo_mcap|yahoo_ret
AROC,5533673472.0,0.3462255024040657,,2026-09-21T08:08:28Z,yahoo_mcap|yahoo_ret
PI,5537375744.0,-0.054123225707905065,,2026-09-21T08:08:28Z,yahoo_mcap|yahoo_ret
VRNS,5462765056.0,-0.18084739496458657,,2026-09-21T08:08:28Z,yahoo_mcap|yahoo_ret
HRB,5454516736.0,-0.08078790658546664,,2026-09-21T08:08:28Z,yahoo_mcap|yahoo_ret
SXT,5516140544.0,0.2786927548031526,,2026-09-21T08:08:28Z,yahoo_mcap|yahoo_ret
EXP,5424011264.0,-0.23150582620606308,,2026-09-21T08:08:28Z,yahoo_mcap|yahoo_ret
BYD,5301665792.0,-0.1156877721717553,,2026-09-21T08:08:28Z,yahoo_mcap|yahoo_ret
YOU,5173525504.0,0.02163221822782968,,2026-09-21T08:08:28Z,yahoo_mcap|yahoo_ret
BKH,5372033536.0,0.24887678785976708,,2026-09-21T08:08:28Z,yahoo_mcap|yahoo_ret
NJR,5410270720.0,0.18021374105616128,,2026-09-21T08:08:28Z,yahoo_mcap|yahoo_ret
RRR,5192195072.0,-0.1340742308049918,,2026-09-21T08:08:28Z,yahoo_mcap|yahoo_ret
SHC,5345069568.0,0.19833649424808697,,2026-09-21T08:08:28Z,yahoo_mcap|yahoo_ret
DLB,5400006144.0,-0.1759654756810446,,2026-09-21T08:08:28Z,yahoo_mcap|yahoo_ret
MUR,5359840256.0,0.46633755134822064,,2026-09-21T08:08:28Z,yahoo_mcap|yahoo_ret
CVI,5397487616.0,0.576880791176869,,2026-09-21T08:08:28Z,yahoo_mcap|yahoo_ret
EXLS,5329179648.0,-0.18953187937393934,,2026-09-21T08:08:28Z,yahoo_mcap|yahoo_ret
GXO,5266315264.0,-0.07531215646311962,,2026-09-21T08:08:28Z,yahoo_mcap|yahoo_ret
AGX,5469534208.0,0.5028798538932087,,2026-09-21T08:08:28Z,yahoo_mcap|yahoo_ret
MAIN,5254240256.0,-0.08289722836413893,,2026-09-21T08:08:28Z,yahoo_mcap|yahoo_ret
ROAD,5353751552.0,-0.29430685177513705,,2026-09-21T08:08:28Z,yahoo_mcap|yahoo_ret
RGTI,5260195328.0,-0.4474053304374449,,2026-09-21T08:08:28Z,yahoo_mcap|yahoo_ret
CPA,5377142784.0,0.1568118219411303,,2026-09-21T08:08:28Z,yahoo_mcap|yahoo_ret
BLSH,5814197760.0,-0.4457935821992265,,2026-09-21T08:08:28Z,yahoo_mcap|yahoo_ret
TFX,5276210688.0,0.026711986612867777,,2026-09-21T08:08:28Z,yahoo_mcap|yahoo_ret
IBP,5252842496.0,-0.2286301411634214,,2026-09-21T08:08:28Z,yahoo_mcap|yahoo_ret
ERAS,5165985792.0,7.027174016210779,,2026-09-21T08:08:28Z,yahoo_mcap|yahoo_ret
RITM,5221106176.0,-0.14806333199978172,,2026-09-21T08:08:28Z,yahoo_mcap|yahoo_ret
KLAR,5232409088.0,-0.6791443680706721,,2026-09-21T08:08:28Z,yahoo_mcap|yahoo_ret
PECO,5256153600.0,0.09584131858182876,,2026-09-21T08:08:28Z,yahoo_mcap|yahoo_ret
NIQ,5365247488.0,0.06623687593725336,,2026-09-21T08:08:28Z,yahoo_mcap|yahoo_ret
ZGN,3304650496.0,0.30728319203136434,,2026-09-21T08:08:28Z,yahoo_mcap|yahoo_ret
BCPC,5325223424.0,0.07384188266118996,,2026-09-21T08:08:28Z,yahoo_mcap|yahoo_ret
TTAN,5309593600.0,-0.52338067790485,,2026-09-21T08:08:28Z,yahoo_mcap|yahoo_ret
FLG,5209415168.0,0.032646679786462185,,2026-09-21T08:08:28Z,yahoo_mcap|yahoo_ret
MTRN,5240306688.0,1.0945214181446445,,2026-09-21T08:08:28Z,yahoo_mcap|yahoo_ret
BBUC,5279859712.0,-0.2664380685169455,,2026-09-21T08:08:28Z,yahoo_mcap|yahoo_ret
OZK,5220721152.0,-0.0544799722900583,,2026-09-21T08:08:28Z,yahoo_mcap|yahoo_ret
KRG,5218147840.0,0.20768321894170327,,2026-09-21T08:08:28Z,yahoo_mcap|yahoo_ret
PRM,5267445248.0,0.47007771596345416,,2026-09-21T08:08:28Z,yahoo_mcap|yahoo_ret
SIGI,5164642304.0,0.1422499443396572,,2026-09-21T08:08:28Z,yahoo_mcap|yahoo_ret
SPHR,5214297088.0,1.4315860771661328,,2026-09-21T08:08:28Z,yahoo_mcap|yahoo_ret
BLLN,4998051328.0,-0.027721720256847382,,2026-09-21T08:08:28Z,yahoo_mcap|yahoo_ret
AX,5150884352.0,0.025643971515431963,,2026-09-21T08:08:28Z,yahoo_mcap|yahoo_ret
GLNG,5287603712.0,0.3515601574194236,,2026-09-21T08:08:28Z,yahoo_mcap|yahoo_ret
MRCY,5190446592.0,0.12551144988206508,,2026-09-21T08:08:28Z,yahoo_mcap|yahoo_ret
PSMT,5204936192.0,0.47334033971743383,,2026-09-21T08:08:28Z,yahoo_mcap|yahoo_ret
MWH,5355152384.0,-0.1439663793240692,,2026-09-21T08:08:28Z,yahoo_mcap|yahoo_ret
BETA,5067048960.0,-0.4194444550408257,,2026-09-21T08:08:28Z,yahoo_mcap|yahoo_ret
SBRA,5042834432.0,0.12073351231378582,,2026-09-21T08:08:28Z,yahoo_mcap|yahoo_ret
BIRK,5046256640.0,-0.35879144851483336,,2026-09-21T08:08:28Z,yahoo_mcap|yahoo_ret
CLMT,5185995776.0,2.1874661950538568,,2026-09-21T08:08:28Z,yahoo_mcap|yahoo_ret
CNO,5108104704.0,0.41580981446915044,,2026-09-21T08:08:28Z,yahoo_mcap|yahoo_ret
ACIW,5075019776.0,-0.012183119263524333,,2026-09-21T08:08:28Z,yahoo_mcap|yahoo_ret
CE,4983698944.0,0.028675819873611674,,2026-09-21T08:08:28Z,yahoo_mcap|yahoo_ret
DFTX,5214781440.0,3.2931417629492676,,2026-09-21T08:08:28Z,yahoo_mcap|yahoo_ret
MMSI,5097478656.0,0.021661144577213243,,2026-09-21T08:08:28Z,yahoo_mcap|yahoo_ret
PIPR,5113701888.0,-0.18880328776730748,,2026-09-21T08:08:28Z,yahoo_mcap|yahoo_ret
WH,5050808832.0,-0.16277512272464578,,2026-09-21T08:08:28Z,yahoo_mcap|yahoo_ret
ADT,5040858624.0,-0.16926021162399107,,2026-09-21T08:08:28Z,yahoo_mcap|yahoo_ret
VSNT,4896003584.0,-0.213274771427031,,2026-09-21T08:08:28Z,yahoo_mcap|yahoo_ret
NOVT,5035057664.0,0.16086839790301743,,2026-09-21T08:08:28Z,yahoo_mcap|yahoo_ret
VFC,5028191232.0,-0.09411884222881572,,2026-09-21T08:08:28Z,yahoo_mcap|yahoo_ret
WAY,4920264192.0,-0.321164011499395,,2026-09-21T08:08:28Z,yahoo_mcap|yahoo_ret
GVA,5152186880.0,0.05875377814901239,,2026-09-21T08:08:28Z,yahoo_mcap|yahoo_ret
VIRT,5099364352.0,0.6626233789938891,,2026-09-21T08:08:28Z,yahoo_mcap|yahoo_ret
FND,5034845696.0,-0.4328895619325712,,2026-09-21T08:08:28Z,yahoo_mcap|yahoo_ret
GRFS,4975043072.0,-0.23938812598163917,,2026-09-21T08:08:28Z,yahoo_mcap|yahoo_ret
MIDD,5077564928.0,0.03495761296423172,,2026-09-21T08:08:28Z,yahoo_mcap|yahoo_ret
IRDM,4956756992.0,1.6404698131261584,,2026-09-21T08:08:28Z,yahoo_mcap|yahoo_ret
CNX,4865865728.0,0.08333329145040413,,2026-09-21T08:08:28Z,yahoo_mcap|yahoo_ret
UEC,4854697984.0,-0.20566800675278618,,2026-09-21T08:08:28Z,yahoo_mcap|yahoo_ret
OTF,4852183040.0,-0.17176895077447563,,2026-09-21T08:08:28Z,yahoo_mcap|yahoo_ret
IEP,4955078144.0,0.09848608562152217,,2026-09-21T08:08:28Z,yahoo_mcap|yahoo_ret
OCTV,5051999232.0,-0.1429872277120744,,2026-09-21T08:08:28Z,yahoo_mcap|yahoo_ret
NXST,4822423040.0,-0.22267013020550952,,2026-09-21T08:08:28Z,yahoo_mcap|yahoo_ret
PSN,4787017728.0,-0.4527472666693185,,2026-09-21T08:08:28Z,yahoo_mcap|yahoo_ret
EWTX,4921938944.0,2.178120544699169,,2026-09-21T08:08:28Z,yahoo_mcap|yahoo_ret
MTN,4981567488.0,0.014224935304219422,,2026-09-21T08:08:28Z,yahoo_mcap|yahoo_ret
HAE,4931880448.0,1.1422925848766399,,2026-09-21T08:08:28Z,yahoo_mcap|yahoo_ret
DK,4783457792.0,1.5517214568021869,,2026-09-21T08:08:28Z,yahoo_mcap|yahoo_ret
GBTG,4941652992.0,0.16216211783172896,,2026-09-21T08:08:28Z,yahoo_mcap|yahoo_ret
MDA,4873246720.0,-0.02370128442594066,,2026-09-21T08:08:28Z,yahoo_mcap|yahoo_ret
LAUR,4976884736.0,0.20876553382024654,,2026-09-21T08:08:28Z,yahoo_mcap|yahoo_ret
OUT,4928264192.0,0.568051323251054,,2026-09-21T08:08:28Z,yahoo_mcap|yahoo_ret
BMA,4799263744.0,0.9861127247199093,,2026-09-21T08:08:28Z,yahoo_mcap|yahoo_ret
EBC,4935849472.0,0.23134314077055418,,2026-09-21T08:08:28Z,yahoo_mcap|yahoo_ret
AMTM,4792325632.0,-0.12304250349275214,,2026-09-21T08:08:28Z,yahoo_mcap|yahoo_ret
GTX,4899182080.0,0.9592545269823711,,2026-09-21T08:08:28Z,yahoo_mcap|yahoo_ret
VSEC,4906598912.0,0.08851863671001081,,2026-09-21T08:08:28Z,yahoo_mcap|yahoo_ret
PBLS,5155042304.0,0.32056958982528516,,2026-09-21T08:08:28Z,yahoo_mcap|yahoo_ret
WTM,4919748096.0,0.16519273270964474,,2026-09-21T08:08:28Z,yahoo_mcap|yahoo_ret
HAFN,5057786880.0,0.9729027707231606,,2026-09-21T08:08:28Z,yahoo_mcap|yahoo_ret
VSH,4986356736.0,1.1543177162612,,2026-09-21T08:08:28Z,yahoo_mcap|yahoo_ret
LFST,4778537472.0,1.4034416154841698,,2026-09-21T08:08:28Z,yahoo_mcap|yahoo_ret
HCC,4642887680.0,0.4033199712350821,,2026-09-21T08:08:28Z,yahoo_mcap|yahoo_ret
FRVO,4984445440.0,-0.5372195012664502,,2026-09-21T08:08:28Z,yahoo_mcap|yahoo_ret
CRC,4802491904.0,0.012351666158614494,,2026-09-21T08:08:28Z,yahoo_mcap|yahoo_ret
VEON,4725943296.0,0.24600571844432384,,2026-09-21T08:08:28Z,yahoo_mcap|yahoo_ret
SON,4829054976.0,0.10018996004531688,,2026-09-21T08:08:28Z,yahoo_mcap|yahoo_ret
GOLF,4704526336.0,0.09373191957651517,,2026-09-21T08:08:28Z,yahoo_mcap|yahoo_ret
CAKE,4802398720.0,0.8005108424131575,,2026-09-21T08:08:28Z,yahoo_mcap|yahoo_ret
ENPH,4577490432.0,-0.09838623007411351,,2026-09-21T08:08:28Z,yahoo_mcap|yahoo_ret
HASI,4719650304.0,0.3345827816203444,,2026-09-21T08:08:28Z,yahoo_mcap|yahoo_ret
OGS,4726163456.0,0.025542664953007055,,2026-09-21T08:08:28Z,yahoo_mcap|yahoo_ret
MRP,4793803776.0,-0.07017107808576395,,2026-09-21T08:08:28Z,yahoo_mcap|yahoo_ret
GHC,4842343936.0,0.0006085704928020519,,2026-09-21T08:08:28Z,yahoo_mcap|yahoo_ret
REYN,4662696448.0,0.008942831406230756,,2026-09-21T08:08:28Z,yahoo_mcap|yahoo_ret
HGTY,4790099968.0,0.09591189369050745,,2026-09-21T08:08:28Z,yahoo_mcap|yahoo_ret
BOX,4626409984.0,0.04818163319804225,,2026-09-21T08:08:28Z,yahoo_mcap|yahoo_ret
UNF,4731181056.0,0.5626321406535237,,2026-09-21T08:08:28Z,yahoo_mcap|yahoo_ret
XE,6408393728.0,-0.45993150528342086,,2026-09-21T08:08:28Z,yahoo_mcap|yahoo_ret
FFIN,4702575616.0,-0.03452810449299215,,2026-09-21T08:08:28Z,yahoo_mcap|yahoo_ret
GEF,4701911040.0,0.4333961490162972,,2026-09-21T08:08:28Z,yahoo_mcap|yahoo_ret
SR,4683508224.0,0.07834002568950993,,2026-09-21T08:08:28Z,yahoo_mcap|yahoo_ret
GNTX,4685597184.0,-0.20882750098403235,,2026-09-21T08:08:28Z,yahoo_mcap|yahoo_ret
FBIN,4700161024.0,-0.2767744838029217,,2026-09-21T08:08:28Z,yahoo_mcap|yahoo_ret
KVYO,4614894592.0,-0.5623048459649479,,2026-09-21T08:08:28Z,yahoo_mcap|yahoo_ret
MEOH,4716512256.0,0.5957306926652031,,2026-09-21T08:08:28Z,yahoo_mcap|yahoo_ret
WHD,4649807872.0,0.7066715068581693,,2026-09-21T08:08:28Z,yahoo_mcap|yahoo_ret
JMKE,4558893056.0,-0.09477574279239553,,2026-09-21T08:08:28Z,yahoo_mcap|yahoo_ret
ACAD,4702217728.0,0.117526651526078,,2026-09-21T08:08:28Z,yahoo_mcap|yahoo_ret
SLM,4718799872.0,-0.09756347612988103,,2026-09-21T08:08:28Z,yahoo_mcap|yahoo_ret
TFSL,4739482624.0,0.38157504819860133,,2026-09-21T08:08:28Z,yahoo_mcap|yahoo_ret
CSW,4687310336.0,0.12466339250721359,,2026-09-21T08:08:28Z,yahoo_mcap|yahoo_ret
BB,4682941952.0,0.8978621612162632,,2026-09-21T08:08:28Z,yahoo_mcap|yahoo_ret
HRI,4521936896.0,0.15782256867388456,,2026-09-21T08:08:28Z,yahoo_mcap|yahoo_ret
ACMR,4771666944.0,0.9088883616975052,,2026-09-21T08:08:28Z,yahoo_mcap|yahoo_ret
OMAB,4704026112.0,-0.041231364555911365,,2026-09-21T08:08:28Z,yahoo_mcap|yahoo_ret
CUZ,4657299456.0,0.029082897602140445,,2026-09-21T08:08:28Z,yahoo_mcap|yahoo_ret
IOVA,4642957312.0,4.000000116301749,,2026-09-21T08:08:28Z,yahoo_mcap|yahoo_ret
CNR,4520870400.0,0.20357199027305617,,2026-09-21T08:08:28Z,yahoo_mcap|yahoo_ret
DOCS,4654002688.0,-0.6414446481766827,,2026-09-21T08:08:28Z,yahoo_mcap|yahoo_ret
RELY,4642231296.0,0.28170657643975283,,2026-09-21T08:08:28Z,yahoo_mcap|yahoo_ret
SKY,4591556608.0,0.13680946344268285,,2026-09-21T08:08:28Z,yahoo_mcap|yahoo_ret
KRMN,4738080256.0,-0.45931641689400804,,2026-09-21T08:08:28Z,yahoo_mcap|yahoo_ret
LPX,4567396864.0,-0.24859564046921567,,2026-09-21T08:08:28Z,yahoo_mcap|yahoo_ret
KBR,4480448000.0,-0.2584785969876552,,2026-09-21T08:08:28Z,yahoo_mcap|yahoo_ret
RDN,4631868928.0,-0.0314839495090915,,2026-09-21T08:08:28Z,yahoo_mcap|yahoo_ret
OII,4607227392.0,0.900246295390355,,2026-09-21T08:08:28Z,yahoo_mcap|yahoo_ret
EQPT,4568368640.0,-0.44625307351996846,,2026-09-21T08:08:28Z,yahoo_mcap|yahoo_ret
NSIT,4546430464.0,0.30099944620091446,,2026-09-21T08:08:28Z,yahoo_mcap|yahoo_ret
PTEN,4492713472.0,1.2976700892684003,,2026-09-21T08:08:28Z,yahoo_mcap|yahoo_ret
DAVE,4309065216.0,0.4161986116893943,,2026-09-21T08:08:28Z,yahoo_mcap|yahoo_ret
PAY,4412925440.0,0.014182393322347497,,2026-09-21T08:08:28Z,yahoo_mcap|yahoo_ret
AIR,4539989504.0,0.4976094564770923,,2026-09-21T08:08:28Z,yahoo_mcap|yahoo_ret
CIGI,4579413504.0,-0.45346371874067026,,2026-09-21T08:08:28Z,yahoo_mcap|yahoo_ret
CON,4523054080.0,0.7342991407166783,,2026-09-21T08:08:28Z,yahoo_mcap|yahoo_ret
NNI,4510713856.0,0.0021852576409722158,,2026-09-21T08:08:28Z,yahoo_mcap|yahoo_ret
OLLI,4505078272.0,-0.4483561340211849,,2026-09-21T08:08:28Z,yahoo_mcap|yahoo_ret
MMYT,4507291136.0,-0.5294579743507298,,2026-09-21T08:08:28Z,yahoo_mcap|yahoo_ret
CHEF,4522245632.0,0.707223131882303,,2026-09-21T08:08:28Z,yahoo_mcap|yahoo_ret
ADPT,4566036992.0,1.1414671665842788,,2026-09-21T08:08:28Z,yahoo_mcap|yahoo_ret
MANE,4460029440.0,1.8278145695364238,,2026-09-21T08:08:28Z,yahoo_mcap|yahoo_ret
ALK,4524390400.0,-0.29187771326589795,,2026-09-21T08:08:28Z,yahoo_mcap|yahoo_ret
TPC,4472249856.0,0.3026177177953131,,2026-09-21T08:08:28Z,yahoo_mcap|yahoo_ret
SFBS,4532351488.0,0.003067025643321619,,2026-09-21T08:08:28Z,yahoo_mcap|yahoo_ret
CHH,4406238208.0,-0.11699878766058425,,2026-09-21T08:08:28Z,yahoo_mcap|yahoo_ret
FULT,4467400704.0,0.2525296714630312,,2026-09-21T08:08:28Z,yahoo_mcap|yahoo_ret
PAM,4371387392.0,0.41974242690594243,,2026-09-21T08:08:28Z,yahoo_mcap|yahoo_ret
MARA,5114602496.0,-0.27610721113315895,,2026-09-21T08:08:28Z,yahoo_mcap|yahoo_ret
STNG,4365090816.0,0.5081741575128895,,2026-09-21T08:08:28Z,yahoo_mcap|yahoo_ret
BIPC,4476537856.0,-0.07000726588812245,,2026-09-21T08:08:28Z,yahoo_mcap|yahoo_ret
CGAU,4502885376.0,1.432786053846948,,2026-09-21T08:08:28Z,yahoo_mcap|yahoo_ret
TKC,4439942656.0,-0.1383162892157439,,2026-09-21T08:08:28Z,yahoo_mcap|yahoo_ret
AXTI,4592092160.0,15.135943851877244,,2026-09-21T08:08:28Z,yahoo_mcap|yahoo_ret
ATAT,4442678784.0,-0.1779948525742786,,2026-09-21T08:08:28Z,yahoo_mcap|yahoo_ret
BCO,4370130944.0,-0.06059266561343757,,2026-09-21T08:08:28Z,yahoo_mcap|yahoo_ret
ENVA,4350243840.0,0.38644664239733717,,2026-09-21T08:08:28Z,yahoo_mcap|yahoo_ret
BC,4377066496.0,0.09051215648348654,,2026-09-21T08:08:28Z,yahoo_mcap|yahoo_ret
MC,4424851968.0,-0.19453516735534915,,2026-09-21T08:08:28Z,yahoo_mcap|yahoo_ret
TREX,4348624896.0,-0.1972546374251497,,2026-09-21T08:08:28Z,yahoo_mcap|yahoo_ret
IBOC,4368331776.0,0.02720530110184871,,2026-09-21T08:08:28Z,yahoo_mcap|yahoo_ret
TDW,4313368064.0,0.5485888379831005,,2026-09-21T08:08:28Z,yahoo_mcap|yahoo_ret
BDC,4334553088.0,-0.14716004441324215,,2026-09-21T08:08:28Z,yahoo_mcap|yahoo_ret
UFPI,4368790016.0,-0.1557151370131683,,2026-09-21T08:08:28Z,yahoo_mcap|yahoo_ret
EPR,4345257984.0,0.06798173267243879,,2026-09-21T08:08:28Z,yahoo_mcap|yahoo_ret
TGS,4263638528.0,0.3747572412813567,,2026-09-21T08:08:28Z,yahoo_mcap|yahoo_ret
ONDS,4303129600.0,0.09970239541850301,,2026-09-21T08:08:28Z,yahoo_mcap|yahoo_ret
HTFL,4412896256.0,0.5434914340441996,,2026-09-21T08:08:28Z,yahoo_mcap|yahoo_ret
RUM,4506914816.0,0.18205462743175316,,2026-09-21T08:08:28Z,yahoo_mcap|yahoo_ret
LIVN,4285365248.0,0.4183636752041904,,2026-09-21T08:08:28Z,yahoo_mcap|yahoo_ret
ARX,4269926656.0,0.2046568759218268,,2026-09-21T08:08:28Z,yahoo_mcap|yahoo_ret
MYRG,4348179968.0,0.5615319499494673,,2026-09-21T08:08:28Z,yahoo_mcap|yahoo_ret
KLIC,4350642688.0,1.0038079855160849,,2026-09-21T08:08:28Z,yahoo_mcap|yahoo_ret
PARR,4226905856.0,1.4126393995271824,,2026-09-21T08:08:28Z,yahoo_mcap|yahoo_ret
CVSA,4313399296.0,-0.09865563324898796,,2026-09-21T08:08:28Z,yahoo_mcap|yahoo_ret
ITGR,4293149696.0,0.22234054557667915,,2026-09-21T08:08:28Z,yahoo_mcap|yahoo_ret
SKT,4279599872.0,0.10887118928564976,,2026-09-21T08:08:28Z,yahoo_mcap|yahoo_ret
ALH,4289868544.0,-0.1305398795711432,,2026-09-21T08:08:28Z,yahoo_mcap|yahoo_ret
COLD,4133463552.0,0.20531609715738064,,2026-09-21T08:08:28Z,yahoo_mcap|yahoo_ret
NWE,4212127232.0,0.26903176460956124,,2026-09-21T08:08:28Z,yahoo_mcap|yahoo_ret
VNT,4239872000.0,-0.27307958668431376,,2026-09-21T08:08:28Z,yahoo_mcap|yahoo_ret
GFF,4275687424.0,0.24212669506619244,,2026-09-21T08:08:28Z,yahoo_mcap|yahoo_ret
FELE,4222637056.0,0.012750507095781405,,2026-09-21T08:08:28Z,yahoo_mcap|yahoo_ret
TLX,4277884160.0,0.261523119245225,,2026-09-21T08:08:28Z,yahoo_mcap|yahoo_ret
FHI,4263101952.0,0.11248018487698364,,2026-09-21T08:08:28Z,yahoo_mcap|yahoo_ret
EE,4084743936.0,0.5137126918235879,,2026-09-21T08:08:28Z,yahoo_mcap|yahoo_ret
DLO,4181564160.0,-0.036092829725592135,,2026-09-21T08:08:28Z,yahoo_mcap|yahoo_ret
SIM,3988800512.0,-0.07539120824902479,,2026-09-21T08:08:28Z,yahoo_mcap|yahoo_ret
FBP,4210590976.0,0.2794208079680889,,2026-09-21T08:08:28Z,yahoo_mcap|yahoo_ret
MTH,4122261248.0,-0.1380141572603788,,2026-09-21T08:08:28Z,yahoo_mcap|yahoo_ret
CELC,3944401152.0,0.5537779288885445,,2026-09-21T08:08:28Z,yahoo_mcap|yahoo_ret
TDS,4132664576.0,-0.05094909930637681,,2026-09-21T08:08:28Z,yahoo_mcap|yahoo_ret
RLAY,4128628480.0,3.0429186200618705,,2026-09-21T08:08:28Z,yahoo_mcap|yahoo_ret
GEO,4180238080.0,0.4562127925989623,,2026-09-21T08:08:28Z,yahoo_mcap|yahoo_ret
DIOD,4253796096.0,0.7124583815032581,,2026-09-21T08:08:28Z,yahoo_mcap|yahoo_ret
KFY,4189028608.0,0.08312784626629166,,2026-09-21T08:08:28Z,yahoo_mcap|yahoo_ret
BFH,4169643008.0,0.7296372298605285,,2026-09-21T08:08:28Z,yahoo_mcap|yahoo_ret
OPLN,4183334400.0,0.1780680741837315,,2026-09-21T08:08:28Z,yahoo_mcap|yahoo_ret
NP,4088173824.0,0.20120975128942153,,2026-09-21T08:08:28Z,yahoo_mcap|yahoo_ret
UCB,4154606848.0,0.10986846866704236,,2026-09-21T08:08:28Z,yahoo_mcap|yahoo_ret
DOO,4127429120.0,-0.0412631441971919,,2026-09-21T08:08:28Z,yahoo_mcap|yahoo_ret
ESAB,4035109888.0,-0.40965865645198707,,2026-09-21T08:08:28Z,yahoo_mcap|yahoo_ret
HP,4088502272.0,1.0496852694802135,,2026-09-21T08:08:28Z,yahoo_mcap|yahoo_ret
SUNC,4193500160.0,0.7137770069084293,,2026-09-21T08:08:28Z,yahoo_mcap|yahoo_ret
INDV,4116954112.0,0.5495335723436314,,2026-09-21T08:08:28Z,yahoo_mcap|yahoo_ret
CATY,4152935168.0,0.29890952171989893,,2026-09-21T08:08:28Z,yahoo_mcap|yahoo_ret
CECO,4069432064.0,0.4211496057339841,,2026-09-21T08:08:28Z,yahoo_mcap|yahoo_ret
CVCO,4083379968.0,-0.045801753594025496,,2026-09-21T08:08:28Z,yahoo_mcap|yahoo_ret
ACHR,4050341120.0,-0.4665313983738595,,2026-09-21T08:08:28Z,yahoo_mcap|yahoo_ret
BULL,4451868672.0,-0.37923250386151985,,2026-09-21T08:08:28Z,yahoo_mcap|yahoo_ret
PRIM,4184683008.0,-0.3996651168955456,,2026-09-21T08:08:28Z,yahoo_mcap|yahoo_ret
TCBI,4125717504.0,0.09550770548872678,,2026-09-21T08:08:28Z,yahoo_mcap|yahoo_ret
AQN,4118974976.0,-0.002450094778133849,,2026-09-21T08:08:28Z,yahoo_mcap|yahoo_ret
BNL,4087614976.0,0.1154442521654655,,2026-09-21T08:08:28Z,yahoo_mcap|yahoo_ret
ABCL,4092718080.0,1.8004433422328834,,2026-09-21T08:08:28Z,yahoo_mcap|yahoo_ret
BILL,4056616704.0,-0.09113489575578126,,2026-09-21T08:08:28Z,yahoo_mcap|yahoo_ret
AYA,4099268864.0,1.4324785938830025,,2026-09-21T08:08:28Z,yahoo_mcap|yahoo_ret
SEB,4092025856.0,0.22311415787776,,2026-09-21T08:08:28Z,yahoo_mcap|yahoo_ret
KRC,4020058624.0,-0.17785168272981577,,2026-09-21T08:08:28Z,yahoo_mcap|yahoo_ret
ALM,3992573440.0,1.7297829751458749,,2026-09-21T08:08:28Z,yahoo_mcap|yahoo_ret
WSFS,4049374464.0,0.4372729359440275,,2026-09-21T08:08:28Z,yahoo_mcap|yahoo_ret
TENB,3902259712.0,0.1720145829203268,,2026-09-21T08:08:28Z,yahoo_mcap|yahoo_ret
CAR,4158194176.0,-0.25339340130459453,,2026-09-21T08:08:28Z,yahoo_mcap|yahoo_ret
CENX,3861728256.0,0.4149437342524398,,2026-09-21T08:08:28Z,yahoo_mcap|yahoo_ret
WK,3982198528.0,-0.08134575770821662,,2026-09-21T08:08:28Z,yahoo_mcap|yahoo_ret
SLGN,3930313984.0,-0.11288958408118832,,2026-09-21T08:08:28Z,yahoo_mcap|yahoo_ret
CBT,3998305280.0,0.023413694637396176,,2026-09-21T08:08:28Z,yahoo_mcap|yahoo_ret
CVBF,3995142144.0,0.18467198826530162,,2026-09-21T08:08:28Z,yahoo_mcap|yahoo_ret
CDP,3982732544.0,0.17768581785100346,,2026-09-21T08:08:28Z,yahoo_mcap|yahoo_ret
TNGX,3667275520.0,1.8618421411745438,,2026-09-21T08:08:28Z,yahoo_mcap|yahoo_ret
AZZ,3988435200.0,0.1729089542824529,,2026-09-21T08:08:28Z,yahoo_mcap|yahoo_ret
SLG,3996006144.0,-0.11742910822681307,,2026-09-21T08:08:28Z,yahoo_mcap|yahoo_ret
ITRI,3960073984.0,-0.2502693815750402,,2026-09-21T08:08:28Z,yahoo_mcap|yahoo_ret
LOPE,3942857984.0,-0.2790487132205891,,2026-09-21T08:08:28Z,yahoo_mcap|yahoo_ret
BWLP,3895562752.0,0.8645023490207511,,2026-09-21T08:08:28Z,yahoo_mcap|yahoo_ret
BRC,3944224000.0,0.06294169485661283,,2026-09-21T08:08:28Z,yahoo_mcap|yahoo_ret
CNK,4055756032.0,0.28280081420285974,,2026-09-21T08:08:28Z,yahoo_mcap|yahoo_ret
PTRN,3896418304.0,0.25207930592035277,,2026-09-21T08:08:28Z,yahoo_mcap|yahoo_ret
SKE,4029861888.0,0.7775317916073281,,2026-09-21T08:08:28Z,yahoo_mcap|yahoo_ret
MDU,3904085760.0,0.14215072990220423,,2026-09-21T08:08:28Z,yahoo_mcap|yahoo_ret
SIG,3846284800.0,0.05524848895105605,,2026-09-21T08:08:28Z,yahoo_mcap|yahoo_ret
TNL,3869963776.0,0.07012860178038949,,2026-09-21T08:08:28Z,yahoo_mcap|yahoo_ret
FSLY,3800898048.0,1.7647740780936592,,2026-09-21T08:08:28Z,yahoo_mcap|yahoo_ret
MIR,3924912128.0,-0.3551554875410101,,2026-09-21T08:08:28Z,yahoo_mcap|yahoo_ret
INDB,3895634688.0,0.19430473439160023,,2026-09-21T08:08:28Z,yahoo_mcap|yahoo_ret
ARIS,4004755200.0,1.0399578498024158,,2026-09-21T08:08:28Z,yahoo_mcap|yahoo_ret
CAAP,3858833152.0,0.3635975540062979,,2026-09-21T08:08:28Z,yahoo_mcap|yahoo_ret
FCN,3898202112.0,-0.12711767107150107,,2026-09-21T08:08:28Z,yahoo_mcap|yahoo_ret
SITE,3949503488.0,-0.33128830135010234,,2026-09-21T08:08:28Z,yahoo_mcap|yahoo_ret
DNP,3822118656.0,0.09375175742418684,,2026-09-21T08:08:28Z,yahoo_mcap|yahoo_ret
CCC,3857915392.0,-0.3134171680371153,,2026-09-21T08:08:28Z,yahoo_mcap|yahoo_ret
GNW,3797403136.0,0.11295686466516153,,2026-09-21T08:08:28Z,yahoo_mcap|yahoo_ret
JOYY,3855684096.0,0.35654287854028177,,2026-09-21T08:08:28Z,yahoo_mcap|yahoo_ret
SEZL,3924823296.0,0.2723799671752791,,2026-09-21T08:08:28Z,yahoo_mcap|yahoo_ret
TAC,3865186048.0,-0.09373354493886255,,2026-09-21T08:08:28Z,yahoo_mcap|yahoo_ret
WBI,3809858560.0,0.3442089490039768,,2026-09-21T08:08:28Z,yahoo_mcap|yahoo_ret
ICUI,3817324288.0,0.15898554487289762,,2026-09-21T08:08:28Z,yahoo_mcap|yahoo_ret
MNDY,3598795776.0,-0.6115446058664771,,2026-09-21T08:08:28Z,yahoo_mcap|yahoo_ret
NVST,3750423552.0,0.1156235088871691,,2026-09-21T08:08:28Z,yahoo_mcap|yahoo_ret
CRK,3770087936.0,-0.24023666021215362,,2026-09-21T08:08:28Z,yahoo_mcap|yahoo_ret
MAT,3788381952.0,-0.2236533789161369,,2026-09-21T08:08:28Z,yahoo_mcap|yahoo_ret
USAC,3894627840.0,0.24618365836447764,,2026-09-21T08:08:28Z,yahoo_mcap|yahoo_ret
IOND,3812975872.0,0.347217739397113,,2026-09-21T08:08:28Z,yahoo_mcap|yahoo_ret
PLNT,3753778176.0,-0.5099999833815169,,2026-09-21T08:08:28Z,yahoo_mcap|yahoo_ret
LMND,3644606720.0,-0.22752623261468596,,2026-09-21T08:08:28Z,yahoo_mcap|yahoo_ret
MIAX,3849166592.0,0.02025251048113641,,2026-09-21T08:08:28Z,yahoo_mcap|yahoo_ret
WSBC,3775814656.0,0.2733065975288822,,2026-09-21T08:08:28Z,yahoo_mcap|yahoo_ret
RHI,3826285056.0,0.17738659627858833,,2026-09-21T08:08:28Z,yahoo_mcap|yahoo_ret
TRMD,3920627456.0,0.9607625044583838,,2026-09-21T08:08:28Z,yahoo_mcap|yahoo_ret
CNS,3794394880.0,0.11609299948948548,,2026-09-21T08:08:28Z,yahoo_mcap|yahoo_ret
BOOT,3722612992.0,-0.3018686144392666,,2026-09-21T08:08:28Z,yahoo_mcap|yahoo_ret
AVNT,3701801216.0,0.1845996355106294,,2026-09-21T08:08:28Z,yahoo_mcap|yahoo_ret
IDYA,3706161152.0,0.4922299995709578,,2026-09-21T08:08:28Z,yahoo_mcap|yahoo_ret
SKYW,3742079744.0,-0.07540292374740587,,2026-09-21T08:08:28Z,yahoo_mcap|yahoo_ret
SMR,3393921536.0,-0.8231772423172838,,2026-09-21T08:08:28Z,yahoo_mcap|yahoo_ret
OTTR,3670379264.0,0.06560102044915839,,2026-09-21T08:08:28Z,yahoo_mcap|yahoo_ret
AMLX,4136376320.0,1.4350111814906654,,2026-09-21T08:08:28Z,yahoo_mcap|yahoo_ret
SBLK,3769998592.0,0.7685027424509641,,2026-09-21T08:08:28Z,yahoo_mcap|yahoo_ret
MSGE,3738059264.0,0.7501659794579192,,2026-09-21T08:08:28Z,yahoo_mcap|yahoo_ret
BMI,3848293888.0,-0.24163489873077015,,2026-09-21T08:08:28Z,yahoo_mcap|yahoo_ret
DHT,3751951616.0,1.1094382727485477,,2026-09-21T08:08:28Z,yahoo_mcap|yahoo_ret
APLE,3678168576.0,0.34089133969841945,,2026-09-21T08:08:28Z,yahoo_mcap|yahoo_ret
HHH,3596306176.0,-0.2734072971000291,,2026-09-21T08:08:28Z,yahoo_mcap|yahoo_ret
RNST,3712849152.0,0.08631158055473431,,2026-09-21T08:08:28Z,yahoo_mcap|yahoo_ret
BANF,3638407936.0,-0.16409048688425687,,2026-09-21T08:08:28Z,yahoo_mcap|yahoo_ret
IRTC,3603845376.0,-0.3753285386688935,,2026-09-21T08:08:28Z,yahoo_mcap|yahoo_ret
DORM,3633482752.0,-0.21733571637301985,,2026-09-21T08:08:28Z,yahoo_mcap|yahoo_ret
TARS,3653962752.0,0.41981811523437496,,2026-09-21T08:08:28Z,yahoo_mcap|yahoo_ret
SRAD,3586934016.0,-0.5978765716325234,,2026-09-21T08:08:28Z,yahoo_mcap|yahoo_ret
AKO-A,3661650432.0,0.20125832417652112,,2026-09-21T08:08:28Z,yahoo_mcap|yahoo_ret
FLY,3510475264.0,-0.5360619699248259,,2026-09-21T08:08:28Z,yahoo_mcap|yahoo_ret
JOE,3634440192.0,0.2751031018519894,,2026-09-21T08:08:28Z,yahoo_mcap|yahoo_ret
SYNA,3695760384.0,0.2964355472847715,,2026-09-21T08:08:28Z,yahoo_mcap|yahoo_ret
QTWO,3662091264.0,-0.2487848642493775,,2026-09-21T08:08:28Z,yahoo_mcap|yahoo_ret
IRT,3574539008.0,-0.1019538956598176,,2026-09-21T08:08:28Z,yahoo_mcap|yahoo_ret
OPCH,3639781376.0,-0.1416460722193218,,2026-09-21T08:08:28Z,yahoo_mcap|yahoo_ret
MGNI,3607117568.0,-0.029706807696652127,,2026-09-21T08:08:28Z,yahoo_mcap|yahoo_ret
ELVN,3623239168.0,1.6081225290478347,,2026-09-21T08:08:28Z,yahoo_mcap|yahoo_ret
ZIM,3627641856.0,1.165319745157209,,2026-09-21T08:08:28Z,yahoo_mcap|yahoo_ret
PLMR,3604526592.0,0.17812108577159957,,2026-09-21T08:08:28Z,yahoo_mcap|yahoo_ret
FA,3558736384.0,0.35248039987589785,,2026-09-21T08:08:28Z,yahoo_mcap|yahoo_ret
PLSE,3842148864.0,2.0590571870973555,,2026-09-21T08:08:28Z,yahoo_mcap|yahoo_ret
KTB,3626814208.0,-0.1504735230655212,,2026-09-21T08:08:28Z,yahoo_mcap|yahoo_ret
ATMU,3581227776.0,-0.04132345440851648,,2026-09-21T08:08:28Z,yahoo_mcap|yahoo_ret
BATRA,3583135232.0,0.22429290518173217,,2026-09-21T08:08:28Z,yahoo_mcap|yahoo_ret
LIFE,3450184448.0,1.1364984679519594,,2026-09-21T08:08:28Z,yahoo_mcap|yahoo_ret
VAC,3543405824.0,0.40988384021527313,,2026-09-21T08:08:28Z,yahoo_mcap|yahoo_ret
OGN,3592497152.0,0.3197620392638896,,2026-09-21T08:08:28Z,yahoo_mcap|yahoo_ret
EROC,3577505024.0,-0.3018666585286458,,2026-09-21T08:08:28Z,yahoo_mcap|yahoo_ret
LXP,3585191424.0,0.3964746170376807,,2026-09-21T08:08:28Z,yahoo_mcap|yahoo_ret
THO,3527927808.0,-0.3246558958795699,,2026-09-21T08:08:28Z,yahoo_mcap|yahoo_ret
MHO,3510296064.0,-0.05966812003236743,,2026-09-21T08:08:28Z,yahoo_mcap|yahoo_ret
CRVL,3570006016.0,-0.11050974344299369,,2026-09-21T08:08:28Z,yahoo_mcap|yahoo_ret
CSTM,3462733312.0,0.6558651154718482,,2026-09-21T08:08:28Z,yahoo_mcap|yahoo_ret
IPAR,3603220480.0,0.14712176257213216,,2026-09-21T08:08:28Z,yahoo_mcap|yahoo_ret
FIBK,3559627008.0,0.17612679821579946,,2026-09-21T08:08:28Z,yahoo_mcap|yahoo_ret
GRAL,3607691520.0,0.9392555506361888,,2026-09-21T08:08:28Z,yahoo_mcap|yahoo_ret
POST,3470350336.0,-0.2619759065559112,,2026-09-21T08:08:28Z,yahoo_mcap|yahoo_ret
OLED,3599203328.0,-0.4369819769507378,,2026-09-21T08:08:28Z,yahoo_mcap|yahoo_ret
LAZ,3483858176.0,-0.34429976953076347,,2026-09-21T08:08:28Z,yahoo_mcap|yahoo_ret
FSM,3536690688.0,0.46446078832403415,,2026-09-21T08:08:28Z,yahoo_mcap|yahoo_ret
GPGI,3472882944.0,-0.39366508760765606,,2026-09-21T08:08:28Z,yahoo_mcap|yahoo_ret
NIC,3521281280.0,0.26905613929543226,,2026-09-21T08:08:28Z,yahoo_mcap|yahoo_ret
NHC,3478552576.0,0.9274459561865644,,2026-09-21T08:08:28Z,yahoo_mcap|yahoo_ret
LBTYA,3366534144.0,-0.16071431178045636,,2026-09-21T08:08:28Z,yahoo_mcap|yahoo_ret
TNK,3499916800.0,0.931230271108062,,2026-09-21T08:08:28Z,yahoo_mcap|yahoo_ret
CXW,3484017664.0,0.6848397799771628,,2026-09-21T08:08:28Z,yahoo_mcap|yahoo_ret
PFSI,3447506432.0,-0.462255115830814,,2026-09-21T08:08:28Z,yahoo_mcap|yahoo_ret
CALM,3404399616.0,-0.24971264936500148,,2026-09-21T08:08:28Z,yahoo_mcap|yahoo_ret
HG,3447558656.0,0.5344501235907779,,2026-09-21T08:08:28Z,yahoo_mcap|yahoo_ret
ERO,3564020736.0,1.0135533029783526,,2026-09-21T08:08:28Z,yahoo_mcap|yahoo_ret
HIW,3416879616.0,0.03565967191683628,,2026-09-21T08:08:28Z,yahoo_mcap|yahoo_ret
VVV,3412865536.0,-0.3079906517716887,,2026-09-21T08:08:28Z,yahoo_mcap|yahoo_ret
BBWI,3508628224.0,-0.276395651018257,,2026-09-21T08:08:28Z,yahoo_mcap|yahoo_ret
AWR,3391620352.0,0.2222604487079871,,2026-09-21T08:08:28Z,yahoo_mcap|yahoo_ret
CLSK,3716143104.0,0.062408251733611086,,2026-09-21T08:08:28Z,yahoo_mcap|yahoo_ret
VKTX,3381768704.0,0.1413385908072553,,2026-09-21T08:08:28Z,yahoo_mcap|yahoo_ret
PVH,3384209920.0,-0.15066512950987665,,2026-09-21T08:08:28Z,yahoo_mcap|yahoo_ret
LEGN,3424941056.0,-0.4822110708778863,,2026-09-21T08:08:28Z,yahoo_mcap|yahoo_ret
MWA,3419152384.0,-0.12483383751198962,,2026-09-21T08:08:28Z,yahoo_mcap|yahoo_ret
MCHB,3409968128.0,0.2510143917937282,,2026-09-21T08:08:28Z,yahoo_mcap|yahoo_ret
NHI,3329687552.0,-0.0949868092687991,,2026-09-21T08:08:28Z,yahoo_mcap|yahoo_ret
BTE,3384128000.0,1.0467425726502535,,2026-09-21T08:08:28Z,yahoo_mcap|yahoo_ret
NMRK,3411618816.0,-0.2665450927916122,,2026-09-21T08:08:28Z,yahoo_mcap|yahoo_ret
NATL,3372656128.0,0.17417032785689868,,2026-09-21T08:08:28Z,yahoo_mcap|yahoo_ret
FFBC,3368052736.0,0.2609968832595422,,2026-09-21T08:08:28Z,yahoo_mcap|yahoo_ret
ABG,3286277632.0,-0.2410447766387177,,2026-09-21T08:08:28Z,yahoo_mcap|yahoo_ret
WT,3495384320.0,0.584201837755882,,2026-09-21T08:08:28Z,yahoo_mcap|yahoo_ret
LION,3195790848.0,0.565597603802964,,2026-09-21T08:08:28Z,yahoo_mcap|yahoo_ret
AB,3379561216.0,0.015470742582628372,,2026-09-21T08:08:28Z,yahoo_mcap|yahoo_ret
WIX,3284768000.0,-0.569008618201339,,2026-09-21T08:08:28Z,yahoo_mcap|yahoo_ret
ECO,3316843520.0,2.385504928518898,,2026-09-21T08:08:28Z,yahoo_mcap|yahoo_ret
BTU,3074317824.0,0.12224699215868262,,2026-09-21T08:08:28Z,yahoo_mcap|yahoo_ret
ARLP,3328403200.0,0.20351337825583116,,2026-09-21T08:08:28Z,yahoo_mcap|yahoo_ret
LRN,3279071744.0,-0.4432291455240044,,2026-09-21T08:08:28Z,yahoo_mcap|yahoo_ret
HTGC,3243552000.0,-0.0030162182079375155,,2026-09-21T08:08:28Z,yahoo_mcap|yahoo_ret
HNI,3328302848.0,0.04842803795985584,,2026-09-21T08:08:28Z,yahoo_mcap|yahoo_ret
GBDC,3256030976.0,-0.026401131551109236,,2026-09-21T08:08:28Z,yahoo_mcap|yahoo_ret
UTG,3286842112.0,-0.002152808079362134,,2026-09-21T08:08:28Z,yahoo_mcap|yahoo_ret
PRK,3312424960.0,0.11928421461267247,,2026-09-21T08:08:28Z,yahoo_mcap|yahoo_ret
FRSH,3196279296.0,-0.049650917476839695,,2026-09-21T08:08:28Z,yahoo_mcap|yahoo_ret
SFNC,3307920640.0,0.1891166802495956,,2026-09-21T08:08:28Z,yahoo_mcap|yahoo_ret
VGNT,3248505344.0,0.5226310095353122,,2026-09-21T08:08:28Z,yahoo_mcap|yahoo_ret
USLM,3256129280.0,-0.10880626888968603,,2026-09-21T08:08:28Z,yahoo_mcap|yahoo_ret
CURB,3259027200.0,0.29574924449924533,,2026-09-21T08:08:28Z,yahoo_mcap|yahoo_ret
DAN,3206860800.0,0.4819398294894839,,2026-09-21T08:08:28Z,yahoo_mcap|yahoo_ret
SA,3338614272.0,0.5359802158247844,,2026-09-21T08:08:28Z,yahoo_mcap|yahoo_ret
DYN,3195231488.0,0.30312265508156977,,2026-09-21T08:08:28Z,yahoo_mcap|yahoo_ret
COCO,3229976832.0,0.404983648073866,,2026-09-21T08:08:28Z,yahoo_mcap|yahoo_ret
WSC,3292239872.0,-0.18429568181555467,,2026-09-21T08:08:28Z,yahoo_mcap|yahoo_ret
CBU,3262185984.0,0.055020131026122465,,2026-09-21T08:08:28Z,yahoo_mcap|yahoo_ret
FOUR,3077865472.0,-0.5513868130274129,,2026-09-21T08:08:28Z,yahoo_mcap|yahoo_ret
DKL,3335482112.0,0.39662551690311143,,2026-09-21T08:08:28Z,yahoo_mcap|yahoo_ret
RXO,3341403392.0,0.25526648048548295,,2026-09-21T08:08:28Z,yahoo_mcap|yahoo_ret
LIF,3228252160.0,-0.6150408119241537,,2026-09-21T08:08:28Z,yahoo_mcap|yahoo_ret
CSQ,3289181184.0,0.1376063853196723,,2026-09-21T08:08:28Z,yahoo_mcap|yahoo_ret
IPGP,3256019200.0,-0.05958228971997215,,2026-09-21T08:08:28Z,yahoo_mcap|yahoo_ret
NG,3189935104.0,-0.0345285818907638,,2026-09-21T08:08:28Z,yahoo_mcap|yahoo_ret
SBCF,3262928384.0,0.1152779167346547,,2026-09-21T08:08:28Z,yahoo_mcap|yahoo_ret
BFAM,3193880320.0,-0.3976334599977088,,2026-09-21T08:08:28Z,yahoo_mcap|yahoo_ret
FSK,3119881728.0,-0.15601176123101246,,2026-09-21T08:08:28Z,yahoo_mcap|yahoo_ret
EXPO,3247397632.0,0.002780991669346644,,2026-09-21T08:08:28Z,yahoo_mcap|yahoo_ret
NESR,3285750272.0,2.200393011234995,,2026-09-21T08:08:28Z,yahoo_mcap|yahoo_ret
NMIH,3226845696.0,0.08717695188087005,,2026-09-21T08:08:28Z,yahoo_mcap|yahoo_ret
QS,3091104000.0,-0.6255588623845127,,2026-09-21T08:08:28Z,yahoo_mcap|yahoo_ret
ACLS,3375964160.0,0.142916863051453,,2026-09-21T08:08:28Z,yahoo_mcap|yahoo_ret
VCYT,3199148800.0,0.16666659210989554,,2026-09-21T08:08:28Z,yahoo_mcap|yahoo_ret
AAMI,3220374016.0,0.8656463353342783,,2026-09-21T08:08:28Z,yahoo_mcap|yahoo_ret
SII,3288121600.0,0.7676925939603658,,2026-09-21T08:08:28Z,yahoo_mcap|yahoo_ret
RCUS,3174514432.0,1.0371266401716088,,2026-09-21T08:08:28Z,yahoo_mcap|yahoo_ret
ASH,3162489856.0,0.42725526323942975,,2026-09-21T08:08:28Z,yahoo_mcap|yahoo_ret
AD,3077785856.0,0.12306598281462122,,2026-09-21T08:08:28Z,yahoo_mcap|yahoo_ret
ADX,3210627328.0,0.2424544202000105,,2026-09-21T08:08:28Z,yahoo_mcap|yahoo_ret
ARQT,3190061824.0,0.4602992167030193,,2026-09-21T08:08:28Z,yahoo_mcap|yahoo_ret
NEA,3114934784.0,-0.017783138222240424,,2026-09-21T08:08:28Z,yahoo_mcap|yahoo_ret
DNLI,3152190720.0,0.5466666128121169,,2026-09-21T08:08:28Z,yahoo_mcap|yahoo_ret
UUUU,3097850624.0,-0.2126514078344668,,2026-09-21T08:08:28Z,yahoo_mcap|yahoo_ret
BKU,3189067776.0,0.18162491779299827,,2026-09-21T08:08:28Z,yahoo_mcap|yahoo_ret
ATKR,3185475328.0,0.5929266630369818,,2026-09-21T08:08:28Z,yahoo_mcap|yahoo_ret
KAI,3136029184.0,-0.12661317268075045,,2026-09-21T08:08:28Z,yahoo_mcap|yahoo_ret
PII,3076773632.0,0.018267662932692552,,2026-09-21T08:08:28Z,yahoo_mcap|yahoo_ret
OSIS,3151886592.0,-0.1602531232428478,,2026-09-21T08:08:28Z,yahoo_mcap|yahoo_ret
SXI,3208041472.0,0.2747994174484423,,2026-09-21T08:08:28Z,yahoo_mcap|yahoo_ret
SMG,3048413440.0,-0.057330429520651816,,2026-09-21T08:08:28Z,yahoo_mcap|yahoo_ret
INFQ,2981473792.0,-0.15137912682828358,,2026-09-21T08:08:28Z,yahoo_mcap|yahoo_ret
CPK,3167106304.0,0.04497498739766814,,2026-09-21T08:08:28Z,yahoo_mcap|yahoo_ret
AGO,3093937152.0,-0.14654205195728842,,2026-09-21T08:08:28Z,yahoo_mcap|yahoo_ret
BSM,3152370688.0,0.2491058464332243,,2026-09-21T08:08:28Z,yahoo_mcap|yahoo_ret
FHB,3134511616.0,0.044598667449503804,,2026-09-21T08:08:28Z,yahoo_mcap|yahoo_ret
EROK,3110437632.0,0.08287543284325061,,2026-09-21T08:08:28Z,yahoo_mcap|yahoo_ret
LBRT,3154490112.0,0.7924601084479994,,2026-09-21T08:08:28Z,yahoo_mcap|yahoo_ret
TNET,3088929792.0,0.011633660640795851,,2026-09-21T08:08:28Z,yahoo_mcap|yahoo_ret
FRMI,3189527296.0,-0.846910537782039,,2026-09-21T08:08:28Z,yahoo_mcap|yahoo_ret
BWIN,3092055808.0,0.044829871177196834,,2026-09-21T08:08:28Z,yahoo_mcap|yahoo_ret
KNF,3090200576.0,-0.2799894433639808,,2026-09-21T08:08:28Z,yahoo_mcap|yahoo_ret
VTMX,3128814592.0,0.2778476811235524,,2026-09-21T08:08:28Z,yahoo_mcap|yahoo_ret
ASO,2973644800.0,0.02145790940470782,,2026-09-21T08:08:28Z,yahoo_mcap|yahoo_ret
CLDX,3002969600.0,0.5538399321445822,,2026-09-21T08:08:28Z,yahoo_mcap|yahoo_ret
BTDR,3525015808.0,-0.21155017231067919,,2026-09-21T08:08:28Z,yahoo_mcap|yahoo_ret
MBX,3029751552.0,5.290999984741211,,2026-09-21T08:08:28Z,yahoo_mcap|yahoo_ret
AVA,3036040192.0,0.04635328583661891,,2026-09-21T08:08:28Z,yahoo_mcap|yahoo_ret
SHOO,3081487616.0,0.342714226990664,,2026-09-21T08:08:28Z,yahoo_mcap|yahoo_ret
AVAH,2984033792.0,0.6876542509265358,,2026-09-21T08:08:28Z,yahoo_mcap|yahoo_ret
QURE,3052122368.0,2.17231437368728,,2026-09-21T08:08:28Z,yahoo_mcap|yahoo_ret
DX,3022673152.0,0.15830644723913512,,2026-09-21T08:08:28Z,yahoo_mcap|yahoo_ret
FG,3024603392.0,-0.272611482718337,,2026-09-21T08:08:28Z,yahoo_mcap|yahoo_ret
UCTT,3198369280.0,1.5511014094334885,,2026-09-21T08:08:28Z,yahoo_mcap|yahoo_ret
KYIV,3009568000.0,0.15661040975668872,,2026-09-21T08:08:28Z,yahoo_mcap|yahoo_ret
LEU,2970404864.0,-0.5068423357549259,,2026-09-21T08:08:28Z,yahoo_mcap|yahoo_ret
YETI,3080857088.0,0.2202948510630367,,2026-09-21T08:08:28Z,yahoo_mcap|yahoo_ret
WGS,3015058688.0,-0.21993748846952121,,2026-09-21T08:08:28Z,yahoo_mcap|yahoo_ret
PK,3018061568.0,0.364482075700842,,2026-09-21T08:08:28Z,yahoo_mcap|yahoo_ret
TGB,3162441728.0,1.2978724375630248,,2026-09-21T08:08:28Z,yahoo_mcap|yahoo_ret
GPI,2937874688.0,-0.45631917677845146,,2026-09-21T08:08:28Z,yahoo_mcap|yahoo_ret
PFS,3007545344.0,0.21089843354460647,,2026-09-21T08:08:28Z,yahoo_mcap|yahoo_ret
CARG,2958130176.0,-0.11060527721580637,,2026-09-21T08:08:28Z,yahoo_mcap|yahoo_ret
KN,3036337152.0,0.5737051348796902,,2026-09-21T08:08:28Z,yahoo_mcap|yahoo_ret
AAUC,3192460032.0,0.4499999728383901,,2026-09-21T08:08:28Z,yahoo_mcap|yahoo_ret
PLUG,2920137984.0,-0.04128447239993338,,2026-09-21T08:08:28Z,yahoo_mcap|yahoo_ret
LPL,2910000128.0,-0.39248431962305375,,2026-09-21T08:08:28Z,yahoo_mcap|yahoo_ret
EXK,3023635200.0,0.5103549840908508,,2026-09-21T08:08:28Z,yahoo_mcap|yahoo_ret
SDRL,2970093312.0,0.5314415133165964,,2026-09-21T08:08:28Z,yahoo_mcap|yahoo_ret
BBAR,2910372864.0,0.7713732195380387,,2026-09-21T08:08:28Z,yahoo_mcap|yahoo_ret
FIZZ,2958243584.0,-0.08098049376708727,,2026-09-21T08:08:28Z,yahoo_mcap|yahoo_ret
TMDX,2996625920.0,-0.29331917963889365,,2026-09-21T08:08:28Z,yahoo_mcap|yahoo_ret
AMBA,2919925248.0,-0.20233930685575563,,2026-09-21T08:08:28Z,yahoo_mcap|yahoo_ret
PONY,2956184576.0,-0.6714147692338297,,2026-09-21T08:08:28Z,yahoo_mcap|yahoo_ret
KBH,2888914432.0,-0.2500713821657571,,2026-09-21T08:08:28Z,yahoo_mcap|yahoo_ret
DBRG,2977425152.0,0.3226153226479682,,2026-09-21T08:08:28Z,yahoo_mcap|yahoo_ret
WRBY,2781181184.0,-0.20997189741410938,,2026-09-21T08:08:28Z,yahoo_mcap|yahoo_ret
MMS,2928893184.0,-0.3588466516373915,,2026-09-21T08:08:28Z,yahoo_mcap|yahoo_ret
CSQR,2994412544.0,-0.13062412931657585,,2026-09-21T08:08:28Z,yahoo_mcap|yahoo_ret
FRPT,2952687872.0,0.1953306770968699,,2026-09-21T08:08:28Z,yahoo_mcap|yahoo_ret
CWT,2929936640.0,0.07203045715510359,,2026-09-21T08:08:28Z,yahoo_mcap|yahoo_ret
ATRC,2955331840.0,0.594839362816765,,2026-09-21T08:08:28Z,yahoo_mcap|yahoo_ret
CBZ,2964435712.0,0.01580517493699851,,2026-09-21T08:08:28Z,yahoo_mcap|yahoo_ret
AEHR,3053340928.0,2.121535742311411,,2026-09-21T08:08:28Z,yahoo_mcap|yahoo_ret
SLDE,2914452480.0,0.7004862205025091,,2026-09-21T08:08:28Z,yahoo_mcap|yahoo_ret
BOH,2944577536.0,0.16381306927659,,2026-09-21T08:08:28Z,yahoo_mcap|yahoo_ret
LFTO,2775343616.0,-0.42390161862494713,,2026-09-21T08:08:28Z,yahoo_mcap|yahoo_ret
COLM,2909820928.0,0.08815760156218677,,2026-09-21T08:08:28Z,yahoo_mcap|yahoo_ret
CWK,2910449920.0,-0.2548076878990646,,2026-09-21T08:08:28Z,yahoo_mcap|yahoo_ret
BANC,2902398208.0,0.11379267799427817,,2026-09-21T08:08:28Z,yahoo_mcap|yahoo_ret
EXTR,2911246592.0,0.00044844077237526925,,2026-09-21T08:08:28Z,yahoo_mcap|yahoo_ret
PPTA,2907226368.0,0.2692517995069228,,2026-09-21T08:08:28Z,yahoo_mcap|yahoo_ret
NVTS,2984298752.0,0.6305278077000831,,2026-09-21T08:08:28Z,yahoo_mcap|yahoo_ret
CHRN,2973916928.0,3.6199094397789198,,2026-09-21T08:08:28Z,yahoo_mcap|yahoo_ret
CLBT,2920583168.0,-0.3401476727531412,,2026-09-21T08:08:28Z,yahoo_mcap|yahoo_ret
GPK,2756426496.0,-0.5031824135227103,,2026-09-21T08:08:28Z,yahoo_mcap|yahoo_ret
WOR,2807418880.0,-0.046898022717828725,,2026-09-21T08:08:28Z,yahoo_mcap|yahoo_ret
AGYS,2824245504.0,-0.051978842552546034,,2026-09-21T08:08:28Z,yahoo_mcap|yahoo_ret
ZLAB,2885242112.0,-0.21286371939158322,,2026-09-21T08:08:28Z,yahoo_mcap|yahoo_ret
WTTR,2966007552.0,1.1232026831616406,,2026-09-21T08:08:28Z,yahoo_mcap|yahoo_ret
ABM,2917248256.0,0.13472402014008167,,2026-09-21T08:08:28Z,yahoo_mcap|yahoo_ret
ARCB,2877289728.0,0.8526385298439878,,2026-09-21T08:08:28Z,yahoo_mcap|yahoo_ret
SPSC,2870653952.0,-0.2560873584515667,,2026-09-21T08:08:28Z,yahoo_mcap|yahoo_ret
GRBK,2847738112.0,-0.0708672874034375,,2026-09-21T08:08:28Z,yahoo_mcap|yahoo_ret
DNOW,2818451968.0,0.033134525841224116,,2026-09-21T08:08:28Z,yahoo_mcap|yahoo_ret
RDW,2684920576.0,0.35094339984781997,,2026-09-21T08:08:28Z,yahoo_mcap|yahoo_ret
HGV,2766202368.0,-0.20076350486821515,,2026-09-21T08:08:28Z,yahoo_mcap|yahoo_ret
TALO,2840082688.0,0.9048151900983619,,2026-09-21T08:08:28Z,yahoo_mcap|yahoo_ret
AMBP,2767380224.0,0.285080524873468,,2026-09-21T08:08:28Z,yahoo_mcap|yahoo_ret
GPOR,2824113408.0,-0.045313258526833544,,2026-09-21T08:08:28Z,yahoo_mcap|yahoo_ret
GRDN,2849770240.0,0.7691703161053427,,2026-09-21T08:08:28Z,yahoo_mcap|yahoo_ret
AVPT,2790547968.0,-0.15826422998315526,,2026-09-21T08:08:28Z,yahoo_mcap|yahoo_ret
IHS,2848828928.0,0.23099413573964145,,2026-09-21T08:08:28Z,yahoo_mcap|yahoo_ret
DXPE,2874706688.0,0.5954184475102333,,2026-09-21T08:08:28Z,yahoo_mcap|yahoo_ret
NTCT,2778146304.0,0.47928761894438043,,2026-09-21T08:08:28Z,yahoo_mcap|yahoo_ret
SPNT,2875084032.0,0.3990954919616956,,2026-09-21T08:08:28Z,yahoo_mcap|yahoo_ret
MGEE,2796262144.0,-0.0960902407806653,,2026-09-21T08:08:28Z,yahoo_mcap|yahoo_ret
BHF,2872702720.0,-0.13266190952258794,,2026-09-21T08:08:28Z,yahoo_mcap|yahoo_ret
KD,2629066240.0,-0.6149920399376287,,2026-09-21T08:08:28Z,yahoo_mcap|yahoo_ret
IMAX,2894018304.0,0.6511264696312611,,2026-09-21T08:08:28Z,yahoo_mcap|yahoo_ret
WING,2835404288.0,-0.5862075513110288,,2026-09-21T08:08:28Z,yahoo_mcap|yahoo_ret
TR,2826130688.0,-0.03440113725099492,,2026-09-21T08:08:28Z,yahoo_mcap|yahoo_ret
BRZE,2774867456.0,-0.23751561775591512,,2026-09-21T08:08:28Z,yahoo_mcap|yahoo_ret
BELFA,2870995968.0,0.6857603599594295,,2026-09-21T08:08:28Z,yahoo_mcap|yahoo_ret
AKR,2810945536.0,-0.011361504661674293,,2026-09-21T08:08:28Z,yahoo_mcap|yahoo_ret
NEOG,2835377920.0,1.3172904974346418,,2026-09-21T08:08:28Z,yahoo_mcap|yahoo_ret
REZI,2789436416.0,-0.371932158921884,,2026-09-21T08:08:28Z,yahoo_mcap|yahoo_ret
CDNA,2784853248.0,2.68951345223301,,2026-09-21T08:08:28Z,yahoo_mcap|yahoo_ret
HOS,2750070016.0,0.3520900532302078,,2026-09-21T08:08:28Z,yahoo_mcap|yahoo_ret
KC,2969747200.0,-0.39915203278190436,,2026-09-21T08:08:28Z,yahoo_mcap|yahoo_ret
INTA,2770468864.0,-0.1870229380294134,,2026-09-21T08:08:28Z,yahoo_mcap|yahoo_ret
UNFI,2824045824.0,0.5727241845780391,,2026-09-21T08:08:28Z,yahoo_mcap|yahoo_ret
BKD,2734457344.0,0.44753476992938235,,2026-09-21T08:08:28Z,yahoo_mcap|yahoo_ret
PGEN,2785514240.0,1.07466672261556,,2026-09-21T08:08:28Z,yahoo_mcap|yahoo_ret
ADEA,2737153280.0,0.5058587969492294,,2026-09-21T08:08:28Z,yahoo_mcap|yahoo_ret
PPLI,2694849536.0,-0.0011040826948041094,,2026-09-21T08:08:28Z,yahoo_mcap|yahoo_ret
UE,2755119616.0,0.013451925818933841,,2026-09-21T08:08:28Z,yahoo_mcap|yahoo_ret
MZTI,2726916608.0,-0.4172569051247539,,2026-09-21T08:08:28Z,yahoo_mcap|yahoo_ret
HOG,2698599936.0,-0.05360580072463117,,2026-09-21T08:08:28Z,yahoo_mcap|yahoo_ret
ATRO,2826125568.0,0.9791979193093534,,2026-09-21T08:08:28Z,yahoo_mcap|yahoo_ret
EFXT,2776619520.0,1.127659661799755,,2026-09-21T08:08:28Z,yahoo_mcap|yahoo_ret
LCLN,2746912256.0,0.16263827560226707,,2026-09-21T08:08:28Z,yahoo_mcap|yahoo_ret
HAYW,2755433472.0,-0.12935658815728268,,2026-09-21T08:08:28Z,yahoo_mcap|yahoo_ret
POWI,2815455232.0,0.19375411302451284,,2026-09-21T08:08:28Z,yahoo_mcap|yahoo_ret
TRMK,2719721728.0,0.17461005398809726,,2026-09-21T08:08:28Z,yahoo_mcap|yahoo_ret
FUL,2657636096.0,-0.17435208247570932,,2026-09-21T08:08:28Z,yahoo_mcap|yahoo_ret
NMM,2688942592.0,0.9300342653882196,,2026-09-21T08:08:28Z,yahoo_mcap|yahoo_ret
DGII,2735376640.0,0.9198828277700215,,2026-09-21T08:08:28Z,yahoo_mcap|yahoo_ret
ASST,2857610240.0,-0.6501162772954896,,2026-09-21T08:08:28Z,yahoo_mcap|yahoo_ret
APPN,2685462016.0,0.1484543177424651,,2026-09-21T08:08:28Z,yahoo_mcap|yahoo_ret
TDC,2686769920.0,0.3131817904385654,,2026-09-21T08:08:28Z,yahoo_mcap|yahoo_ret
IMNM,2722455808.0,1.5527154884929906,,2026-09-21T08:08:28Z,yahoo_mcap|yahoo_ret
MRVI,2581393152.0,1.5814813581840839,,2026-09-21T08:08:28Z,yahoo_mcap|yahoo_ret
MGRC,2708561920.0,-0.0661564203965126,,2026-09-21T08:08:28Z,yahoo_mcap|yahoo_ret
KWR,2657213184.0,0.1281040345607698,,2026-09-21T08:08:28Z,yahoo_mcap|yahoo_ret
NOG,2669055488.0,0.0781301627307085,,2026-09-21T08:08:28Z,yahoo_mcap|yahoo_ret
FBK,2666833408.0,0.005772259661447121,,2026-09-21T08:08:28Z,yahoo_mcap|yahoo_ret
SVM,2641203200.0,1.2941614036386473,,2026-09-21T08:08:28Z,yahoo_mcap|yahoo_ret
SOUN,2633585152.0,-0.6350769336407001,,2026-09-21T08:08:28Z,yahoo_mcap|yahoo_ret
GRND,2676837632.0,-0.03689807135917378,,2026-09-21T08:08:28Z,yahoo_mcap|yahoo_ret
BHE,2708363008.0,0.9041470875515314,,2026-09-21T08:08:28Z,yahoo_mcap|yahoo_ret
NBTB,2676462592.0,0.23071073783289964,,2026-09-21T08:08:28Z,yahoo_mcap|yahoo_ret
ALRM,2648908544.0,-0.024760576563239822,,2026-09-21T08:08:28Z,yahoo_mcap|yahoo_ret
PENG,2731235840.0,0.9360696660976029,,2026-09-21T08:08:28Z,yahoo_mcap|yahoo_ret
JPC,2667860480.0,-0.05171643717473562,,2026-09-21T08:08:28Z,yahoo_mcap|yahoo_ret
CALY,2622319616.0,0.5812701443168966,,2026-09-21T08:08:28Z,yahoo_mcap|yahoo_ret
PHVS,2553337856.0,0.4341481883497704,,2026-09-21T08:08:28Z,yahoo_mcap|yahoo_ret
AXGN,2595041024.0,1.5715114872284164,,2026-09-21T08:08:28Z,yahoo_mcap|yahoo_ret
MAN,2680580864.0,0.620170603868728,,2026-09-21T08:08:28Z,yahoo_mcap|yahoo_ret
TSAT,2508756992.0,1.0211093600766348,,2026-09-21T08:08:28Z,yahoo_mcap|yahoo_ret
PAGS,2552482048.0,-0.07425830080145401,,2026-09-21T08:08:28Z,yahoo_mcap|yahoo_ret
NRIX,2640206080.0,2.0142182226153933,,2026-09-21T08:08:28Z,yahoo_mcap|yahoo_ret
HTO,2623165952.0,0.3283681604285045,,2026-09-21T08:08:28Z,yahoo_mcap|yahoo_ret
ACHC,2637530624.0,0.2795844943406707,,2026-09-21T08:08:28Z,yahoo_mcap|yahoo_ret
IRON,2669454336.0,0.14377360967496067,,2026-09-21T08:08:28Z,yahoo_mcap|yahoo_ret
CUBI,2621960704.0,0.1668921683596596,,2026-09-21T08:08:28Z,yahoo_mcap|yahoo_ret
BCC,2640926464.0,-0.036370439125331555,,2026-09-21T08:08:28Z,yahoo_mcap|yahoo_ret
CXT,2625371136.0,-0.180297615803371,,2026-09-21T08:08:28Z,yahoo_mcap|yahoo_ret
MNSO,2541618432.0,-0.64844040196623,,2026-09-21T08:08:28Z,yahoo_mcap|yahoo_ret
VC,2525654528.0,-0.2318216691109628,,2026-09-21T08:08:28Z,yahoo_mcap|yahoo_ret
DNN,2589036544.0,0.07116097879128391,,2026-09-21T08:08:28Z,yahoo_mcap|yahoo_ret
BANR,2591510016.0,0.08751438468730233,,2026-09-21T08:08:28Z,yahoo_mcap|yahoo_ret
APAM,2604149248.0,-0.11601009108768601,,2026-09-21T08:08:28Z,yahoo_mcap|yahoo_ret
BBT,2584049920.0,0.2759696886331584,,2026-09-21T08:08:28Z,yahoo_mcap|yahoo_ret
PRVA,2535524096.0,-0.11265088794024514,,2026-09-21T08:08:28Z,yahoo_mcap|yahoo_ret
FBNC,2622298112.0,0.204175825593498,,2026-09-21T08:08:28Z,yahoo_mcap|yahoo_ret
COHU,2733794560.0,1.5643871592414174,,2026-09-21T08:08:28Z,yahoo_mcap|yahoo_ret
FRME,2566694144.0,0.05247561751189278,,2026-09-21T08:08:28Z,yahoo_mcap|yahoo_ret
BEAM,2577027328.0,0.025904649507430433,,2026-09-21T08:08:28Z,yahoo_mcap|yahoo_ret
KALU,2454489344.0,0.9902217601236338,,2026-09-21T08:08:28Z,yahoo_mcap|yahoo_ret
TTAM,2455852800.0,-0.1121550820661904,,2026-09-21T08:08:28Z,yahoo_mcap|yahoo_ret
OUST,2527537408.0,0.011252146317523914,,2026-09-21T08:08:28Z,yahoo_mcap|yahoo_ret
EEFT,2469759488.0,-0.25983634730482075,,2026-09-21T08:08:28Z,yahoo_mcap|yahoo_ret
CENT,2506833664.0,0.14855177699587596,,2026-09-21T08:08:28Z,yahoo_mcap|yahoo_ret
NAMS,2629170432.0,-0.15736233341696892,,2026-09-21T08:08:28Z,yahoo_mcap|yahoo_ret
BRVE,2629137920.0,-0.020134177499404382,,2026-09-21T08:08:28Z,yahoo_mcap|yahoo_ret
NN,2400476928.0,-0.16695954767120214,,2026-09-21T08:08:28Z,yahoo_mcap|yahoo_ret
GPCR,2495844864.0,0.48430874101966803,,2026-09-21T08:08:28Z,yahoo_mcap|yahoo_ret
FIVN,2426273024.0,0.2257456210363924,,2026-09-21T08:08:28Z,yahoo_mcap|yahoo_ret
WDFC,2540479232.0,-0.08306493046878272,,2026-09-21T08:08:28Z,yahoo_mcap|yahoo_ret
NEO,2557946112.0,1.3368543166297062,,2026-09-21T08:08:28Z,yahoo_mcap|yahoo_ret
AAP,2570019840.0,-0.260569353987826,,2026-09-21T08:08:28Z,yahoo_mcap|yahoo_ret
DRH,2513962496.0,0.5350029167228534,,2026-09-21T08:08:28Z,yahoo_mcap|yahoo_ret
NAD,2481725184.0,-0.020454228685994336,,2026-09-21T08:08:28Z,yahoo_mcap|yahoo_ret
HWKN,2550939136.0,-0.2927301106868463,,2026-09-21T08:08:28Z,yahoo_mcap|yahoo_ret
SKWD,2499966464.0,0.18872709822648392,,2026-09-21T08:08:28Z,yahoo_mcap|yahoo_ret
GDV,2509850368.0,0.13116051333263767,,2026-09-21T08:08:28Z,yahoo_mcap|yahoo_ret
LPG,2487812864.0,1.0048635157080485,,2026-09-21T08:08:28Z,yahoo_mcap|yahoo_ret
VECO,2607350528.0,0.4963223244240442,,2026-09-21T08:08:28Z,yahoo_mcap|yahoo_ret
FCPT,2482690048.0,-0.03991641827486847,,2026-09-21T08:08:28Z,yahoo_mcap|yahoo_ret
AEO,2523654400.0,-0.17999446875312863,,2026-09-21T08:08:28Z,yahoo_mcap|yahoo_ret
PURR,2787531776.0,2.6128204636006362,,2026-09-21T08:08:28Z,yahoo_mcap|yahoo_ret
OPEN,2485993216.0,-0.7324973851186143,,2026-09-21T08:08:28Z,yahoo_mcap|yahoo_ret
BUSE,2503733504.0,0.27517204268988227,,2026-09-21T08:08:28Z,yahoo_mcap|yahoo_ret
PTY,2456245248.0,-0.12486935448496672,,2026-09-21T08:08:28Z,yahoo_mcap|yahoo_ret
RNW,2493598208.0,-0.10118265012052197,,2026-09-21T08:08:28Z,yahoo_mcap|yahoo_ret
BKV,2513786880.0,0.07487124058430727,,2026-09-21T08:08:28Z,yahoo_mcap|yahoo_ret
SYBT,2465759744.0,0.06930137923343249,,2026-09-21T08:08:28Z,yahoo_mcap|yahoo_ret
MLYS,2477160960.0,-0.2864782243152706,,2026-09-21T08:08:28Z,yahoo_mcap|yahoo_ret
NVG,2477629952.0,0.012011659572235711,,2026-09-21T08:08:28Z,yahoo_mcap|yahoo_ret
MH,2460231424.0,-0.0502215884114906,,2026-09-21T08:08:28Z,yahoo_mcap|yahoo_ret
WLY,2437896960.0,0.23771205877193768,,2026-09-21T08:08:28Z,yahoo_mcap|yahoo_ret
VERA,2450153472.0,0.32864399364068064,,2026-09-21T08:08:28Z,yahoo_mcap|yahoo_ret
VRDN,2492430080.0,0.13226966826859088,,2026-09-21T08:08:28Z,yahoo_mcap|yahoo_ret
SUPN,2445414144.0,-0.08774980093809737,,2026-09-21T08:08:28Z,yahoo_mcap|yahoo_ret
DCO,2510338304.0,0.7691816307369848,,2026-09-21T08:08:28Z,yahoo_mcap|yahoo_ret
HRMY,2447093248.0,0.2913337208209079,,2026-09-21T08:08:28Z,yahoo_mcap|yahoo_ret
CLOV,2368956928.0,0.4719472212078286,,2026-09-21T08:08:28Z,yahoo_mcap|yahoo_ret
HURN,2519041792.0,0.11625779694665006,,2026-09-21T08:08:28Z,yahoo_mcap|yahoo_ret
EMAT,2512361984.0,-0.7884210536354467,,2026-09-21T08:08:28Z,yahoo_mcap|yahoo_ret
ATHM,2416285696.0,-0.25398835402320774,,2026-09-21T08:08:28Z,yahoo_mcap|yahoo_ret
KYN,2440488704.0,0.2739691518475684,,2026-09-21T08:08:28Z,yahoo_mcap|yahoo_ret
ANDE,2364359680.0,0.8275732074678184,,2026-09-21T08:08:28Z,yahoo_mcap|yahoo_ret
CDLR,2460015104.0,0.21892924985674367,,2026-09-21T08:08:28Z,yahoo_mcap|yahoo_ret
AGM,2397908224.0,0.2460392205458657,,2026-09-21T08:08:28Z,yahoo_mcap|yahoo_ret
UPST,2432826112.0,-0.6317572510714753,,2026-09-21T08:08:28Z,yahoo_mcap|yahoo_ret
RH,2395802112.0,-0.43684912045337143,,2026-09-21T08:08:28Z,yahoo_mcap|yahoo_ret
WAFD,2397233152.0,0.06396100751227163,,2026-09-21T08:08:28Z,yahoo_mcap|yahoo_ret
INTR,2362097152.0,-0.3836494567925297,,2026-09-21T08:08:28Z,yahoo_mcap|yahoo_ret
DJT,2459780352.0,-0.4925458652259186,,2026-09-21T08:08:28Z,yahoo_mcap|yahoo_ret
IVT,2403295232.0,0.07045629693560462,,2026-09-21T08:08:28Z,yahoo_mcap|yahoo_ret
PAYO,2416006656.0,0.08194232918810629,,2026-09-21T08:08:28Z,yahoo_mcap|yahoo_ret
HIMX,2445451520.0,0.6784418763429443,,2026-09-21T08:08:28Z,yahoo_mcap|yahoo_ret
AMC,2410032384.0,-0.10299001453878087,,2026-09-21T08:08:28Z,yahoo_mcap|yahoo_ret
NWL,2333932032.0,0.05886759770488248,,2026-09-21T08:08:28Z,yahoo_mcap|yahoo_ret
HCM,2376039680.0,-0.19776999167661757,,2026-09-21T08:08:28Z,yahoo_mcap|yahoo_ret
MBIN,2391995648.0,0.6317313227455228,,2026-09-21T08:08:28Z,yahoo_mcap|yahoo_ret
SHAK,2347849984.0,-0.44910660956593706,,2026-09-21T08:08:28Z,yahoo_mcap|yahoo_ret
LUNR,2233496064.0,0.43357363765267265,,2026-09-21T08:08:28Z,yahoo_mcap|yahoo_ret
PLUS,2376837120.0,0.24503203330245604,,2026-09-21T08:08:28Z,yahoo_mcap|yahoo_ret
PBI,2309970176.0,0.4727698341230864,,2026-09-21T08:08:28Z,yahoo_mcap|yahoo_ret
SIND,2412033280.0,0.26583329836527514,,2026-09-21T08:08:28Z,yahoo_mcap|yahoo_ret
VVX,2408577280.0,0.39709084250710225,,2026-09-21T08:08:28Z,yahoo_mcap|yahoo_ret
VIA,2382274560.0,-0.44240734611254373,,2026-09-21T08:08:28Z,yahoo_mcap|yahoo_ret
AMR,2208943360.0,0.048886181931426353,,2026-09-21T08:08:28Z,yahoo_mcap|yahoo_ret
ROG,2318774016.0,0.5874006638833142,,2026-09-21T08:08:28Z,yahoo_mcap|yahoo_ret
NKTR,2290994688.0,0.21690241597496174,,2026-09-21T08:08:28Z,yahoo_mcap|yahoo_ret
PENN,2208649984.0,-0.1382922665556161,,2026-09-21T08:08:28Z,yahoo_mcap|yahoo_ret
SSMR,2469223168.0,0.0017493112135753552,,2026-09-21T08:08:28Z,yahoo_mcap|yahoo_ret
NGVT,2344573952.0,0.21029279139312207,,2026-09-21T08:08:28Z,yahoo_mcap|yahoo_ret
UNIT,2293752576.0,0.4719625696204526,,2026-09-21T08:08:28Z,yahoo_mcap|yahoo_ret
LTC,2294220800.0,0.2632237494260956,,2026-09-21T08:08:28Z,yahoo_mcap|yahoo_ret
CHA,2292975360.0,-0.26139627860782577,,2026-09-21T08:08:28Z,yahoo_mcap|yahoo_ret
NTB,2336398592.0,0.360917368484567,,2026-09-21T08:08:28Z,yahoo_mcap|yahoo_ret
SLS,2320356096.0,6.049079634804169,,2026-09-21T08:08:28Z,yahoo_mcap|yahoo_ret
XNDU,2258598400.0,-0.07365794453544627,,2026-09-21T08:08:28Z,yahoo_mcap|yahoo_ret
HCI,2334402048.0,0.04538672193040494,,2026-09-21T08:08:28Z,yahoo_mcap|yahoo_ret
RAMP,2289539072.0,0.3649873011646094,,2026-09-21T08:08:28Z,yahoo_mcap|yahoo_ret
IOSP,2294382080.0,0.19919407164231062,,2026-09-21T08:08:28Z,yahoo_mcap|yahoo_ret
BVC,2380560128.0,8.84027743974219,,2026-09-21T08:08:28Z,yahoo_mcap|yahoo_ret
NCNO,2225746432.0,-0.2895713859846113,,2026-09-21T08:08:28Z,yahoo_mcap|yahoo_ret
ASAN,2177505792.0,-0.3302816650267274,,2026-09-21T08:08:28Z,yahoo_mcap|yahoo_ret
KMT,2274131200.0,0.45322666319065386,,2026-09-21T08:08:28Z,yahoo_mcap|yahoo_ret
PHIN,2250311424.0,0.0681031622211028,,2026-09-21T08:08:28Z,yahoo_mcap|yahoo_ret
BXMT,2236573440.0,-0.24290341174897168,,2026-09-21T08:08:28Z,yahoo_mcap|yahoo_ret
TRN,2230745600.0,0.03849437082618867,,2026-09-21T08:08:28Z,yahoo_mcap|yahoo_ret
VOYG,2189112320.0,0.23817741739985254,,2026-09-21T08:08:28Z,yahoo_mcap|yahoo_ret
BGSI,2266758656.0,-0.4831043946865925,,2026-09-21T08:08:28Z,yahoo_mcap|yahoo_ret
DRD,2284829696.0,0.06674973458469524,,2026-09-21T08:08:28Z,yahoo_mcap|yahoo_ret
NWBI,2263290112.0,0.30430981824126957,,2026-09-21T08:08:28Z,yahoo_mcap|yahoo_ret
NZF,2246667008.0,0.004274801568032727,,2026-09-21T08:08:28Z,yahoo_mcap|yahoo_ret
EFSC,2229459200.0,0.044717506647688365,,2026-09-21T08:08:28Z,yahoo_mcap|yahoo_ret
STNE,2197576192.0,-0.40536607229033816,,2026-09-21T08:08:28Z,yahoo_mcap|yahoo_ret
PATK,2206845952.0,-0.3397281376644813,,2026-09-21T08:08:28Z,yahoo_mcap|yahoo_ret
STUB,2261972480.0,-0.6793065888462875,,2026-09-21T08:08:28Z,yahoo_mcap|yahoo_ret
HLIO,2283145472.0,0.2831047476892723,,2026-09-21T08:08:28Z,yahoo_mcap|yahoo_ret
CALX,2218851072.0,-0.4393890974181187,,2026-09-21T08:08:28Z,yahoo_mcap|yahoo_ret
TRLV,2131696896.0,0.4508518386353084,,2026-09-21T08:08:28Z,yahoo_mcap|yahoo_ret
FLOC,2203113472.0,0.3575659992170568,,2026-09-21T08:08:28Z,yahoo_mcap|yahoo_ret
AUPH,2248564736.0,0.2999999706561749,,2026-09-21T08:08:28Z,yahoo_mcap|yahoo_ret
SEDG,2133712896.0,-0.021720745872836567,,2026-09-21T08:08:28Z,yahoo_mcap|yahoo_ret
KEEL,2476468736.0,0.28525653075890167,,2026-09-21T08:08:28Z,yahoo_mcap|yahoo_ret
LASR,2298377472.0,0.27774213478678433,,2026-09-21T08:08:28Z,yahoo_mcap|yahoo_ret
ETOR,2233120512.0,-0.36398643367550687,,2026-09-21T08:08:28Z,yahoo_mcap|yahoo_ret
OCUL,2193962496.0,-0.17438021023394967,,2026-09-21T08:08:28Z,yahoo_mcap|yahoo_ret
HTH,2214120192.0,0.14902372518146234,,2026-09-21T08:08:28Z,yahoo_mcap|yahoo_ret
PBH,2130432256.0,-0.2873216749894778,,2026-09-21T08:08:28Z,yahoo_mcap|yahoo_ret
BCRX,2218044672.0,0.12727279482935105,,2026-09-21T08:08:28Z,yahoo_mcap|yahoo_ret
OFG,2218938624.0,0.21299521387887865,,2026-09-21T08:08:28Z,yahoo_mcap|yahoo_ret
PVLA,2169329664.0,1.585164718741082,,2026-09-21T08:08:28Z,yahoo_mcap|yahoo_ret
ALMR,2418337792.0,0.5840908397327771,,2026-09-21T08:08:28Z,yahoo_mcap|yahoo_ret
ADUS,2186200320.0,0.04620194904778141,,2026-09-21T08:08:28Z,yahoo_mcap|yahoo_ret
AADX,2199741440.0,-0.32877432534190054,,2026-09-21T08:08:28Z,yahoo_mcap|yahoo_ret
OSW,2219777024.0,-0.0024354081355316692,,2026-09-21T08:08:28Z,yahoo_mcap|yahoo_ret
MCRI,2177048576.0,0.2016207255800586,,2026-09-21T08:08:28Z,yahoo_mcap|yahoo_ret
ALGT,2136719104.0,0.281311535444416,,2026-09-21T08:08:28Z,yahoo_mcap|yahoo_ret
CNXN,2187638528.0,0.3968658393207054,,2026-09-21T08:08:28Z,yahoo_mcap|yahoo_ret
DBD,2145424384.0,0.1109158277551181,,2026-09-21T08:08:28Z,yahoo_mcap|yahoo_ret
COTY,2140068224.0,-0.40875912705157436,,2026-09-21T08:08:28Z,yahoo_mcap|yahoo_ret
SRPT,2124159488.0,0.15375790351420493,,2026-09-21T08:08:28Z,yahoo_mcap|yahoo_ret
FIGS,2169791488.0,0.7988980727109649,,2026-09-21T08:08:28Z,yahoo_mcap|yahoo_ret
MPT,2030480000.0,-0.26673645900873966,,2026-09-21T08:08:28Z,yahoo_mcap|yahoo_ret
FLYW,2109717504.0,0.3216463646218226,,2026-09-21T08:08:28Z,yahoo_mcap|yahoo_ret
CC,2158155520.0,-0.13854074798315963,,2026-09-21T08:08:28Z,yahoo_mcap|yahoo_ret
GENB,2199960576.0,0.35494070407251366,,2026-09-21T08:08:28Z,yahoo_mcap|yahoo_ret
WERN,2139385088.0,0.3436393800421902,,2026-09-21T08:08:28Z,yahoo_mcap|yahoo_ret
RVT,2153230336.0,0.1608260675590525,,2026-09-21T08:08:28Z,yahoo_mcap|yahoo_ret
AERO,2249830656.0,-0.2422604527155161,,2026-09-21T08:08:28Z,yahoo_mcap|yahoo_ret
WHR,2084424064.0,-0.6031437930613528,,2026-09-21T08:08:28Z,yahoo_mcap|yahoo_ret
CEPU,2018814848.0,0.7526042108074771,,2026-09-21T08:08:28Z,yahoo_mcap|yahoo_ret
SDGR,2170859520.0,0.4920308133385347,,2026-09-21T08:08:28Z,yahoo_mcap|yahoo_ret
ECPG,2111180288.0,1.2046511085602818,,2026-09-21T08:08:28Z,yahoo_mcap|yahoo_ret
TRVI,2130013824.0,0.834355890676856,,2026-09-21T08:08:28Z,yahoo_mcap|yahoo_ret
MTX,2083448064.0,0.07124477994551492,,2026-09-21T08:08:28Z,yahoo_mcap|yahoo_ret
UFPT,2143182592.0,0.43533742962589184,,2026-09-21T08:08:28Z,yahoo_mcap|yahoo_ret
FCF,2132280064.0,0.23885165575877676,,2026-09-21T08:08:28Z,yahoo_mcap|yahoo_ret
URGN,2114084352.0,1.4094706496779823,,2026-09-21T08:08:28Z,yahoo_mcap|yahoo_ret
PTON,2181192704.0,-0.3990327067605012,,2026-09-21T08:08:28Z,yahoo_mcap|yahoo_ret
UAA,2096182272.0,0.010352006526844537,,2026-09-21T08:08:28Z,yahoo_mcap|yahoo_ret
INSP,2219738624.0,-0.03880819455071338,,2026-09-21T08:08:28Z,yahoo_mcap|yahoo_ret
BFLY,2098327296.0,3.25945946642567,,2026-09-21T08:08:28Z,yahoo_mcap|yahoo_ret
NUVB,2054070912.0,0.8167701405758876,,2026-09-21T08:08:28Z,yahoo_mcap|yahoo_ret
BHC,2120526464.0,-0.15750370576157446,,2026-09-21T08:08:28Z,yahoo_mcap|yahoo_ret
TMC,2138863616.0,-0.3471502597074245,,2026-09-21T08:08:28Z,yahoo_mcap|yahoo_ret
KARO,2059656192.0,0.20354356969113585,,2026-09-21T08:08:28Z,yahoo_mcap|yahoo_ret
ARR,2077998720.0,0.19281442471181776,,2026-09-21T08:08:28Z,yahoo_mcap|yahoo_ret
RLX,2053387648.0,-0.3359683926695616,,2026-09-21T08:08:28Z,yahoo_mcap|yahoo_ret
LCII,2081065088.0,-0.08514279657043611,,2026-09-21T08:08:28Z,yahoo_mcap|yahoo_ret
RUN,2034825344.0,-0.4855247423267468,,2026-09-21T08:08:28Z,yahoo_mcap|yahoo_ret
MD,2106897408.0,0.5937307667869536,,2026-09-21T08:08:28Z,yahoo_mcap|yahoo_ret
PGNY,2081598080.0,0.2548565267182745,,2026-09-21T08:08:28Z,yahoo_mcap|yahoo_ret
SAH,2012598272.0,-0.17176319816851826,,2026-09-21T08:08:28Z,yahoo_mcap|yahoo_ret
EVT,2092415872.0,0.24566673779475456,,2026-09-21T08:08:28Z,yahoo_mcap|yahoo_ret
ZBIO,2053066752.0,0.6631467324067486,,2026-09-21T08:08:28Z,yahoo_mcap|yahoo_ret
DV,2086132864.0,0.05651493563297105,,2026-09-21T08:08:28Z,yahoo_mcap|yahoo_ret
BKE,2075435904.0,-0.2781060041399377,,2026-09-21T08:08:28Z,yahoo_mcap|yahoo_ret
CTOS,2122626688.0,0.614186779418026,,2026-09-21T08:08:28Z,yahoo_mcap|yahoo_ret
CMPS,2103462784.0,2.099999854029444,,2026-09-21T08:08:28Z,yahoo_mcap|yahoo_ret
PICS,2004843392.0,-0.5115789614225689,,2026-09-21T08:08:28Z,yahoo_mcap|yahoo_ret
SRCE,2068147200.0,0.38126736866750366,,2026-09-21T08:08:28Z,yahoo_mcap|yahoo_ret
TBBK,2048721408.0,-0.3566030518946395,,2026-09-21T08:08:28Z,yahoo_mcap|yahoo_ret
ESTA,2065271168.0,0.7562089371417922,,2026-09-21T08:08:28Z,yahoo_mcap|yahoo_ret
DEI,2061075968.0,-0.3223749344072875,,2026-09-21T08:08:28Z,yahoo_mcap|yahoo_ret
KOD,2055805696.0,2.4323189927597806,,2026-09-21T08:08:28Z,yahoo_mcap|yahoo_ret
STGW,1985140736.0,0.5952848019917365,,2026-09-21T08:08:28Z,yahoo_mcap|yahoo_ret
PRDO,2036883072.0,-0.04990680325130836,,2026-09-21T08:08:28Z,yahoo_mcap|yahoo_ret
UTZ,2050021760.0,0.14166671763943084,,2026-09-21T08:08:28Z,yahoo_mcap|yahoo_ret
NMZ,2030917632.0,-0.04150975073522001,,2026-09-21T08:08:28Z,yahoo_mcap|yahoo_ret
SHO,2052820992.0,0.1716147540958719,,2026-09-21T08:08:28Z,yahoo_mcap|yahoo_ret
HUBG,2000942976.0,-0.07305891513331053,,2026-09-21T08:08:28Z,yahoo_mcap|yahoo_ret
GNL,2028657664.0,0.18857432079224923,,2026-09-21T08:08:28Z,yahoo_mcap|yahoo_ret
NWN,2034801536.0,0.183565657466634,,2026-09-21T08:08:28Z,yahoo_mcap|yahoo_ret
STDN,2063048192.0,0.043902435242219706,,2026-09-21T08:08:28Z,yahoo_mcap|yahoo_ret
PRLB,2099146368.0,0.7359050707099992,,2026-09-21T08:08:28Z,yahoo_mcap|yahoo_ret
WU,1927411968.0,-0.14676623826345936,,2026-09-21T08:08:28Z,yahoo_mcap|yahoo_ret
VCEL,2049288832.0,0.263257578038133,,2026-09-21T08:08:28Z,yahoo_mcap|yahoo_ret
ZD,1971171584.0,0.5010444601481159,,2026-09-21T08:08:28Z,yahoo_mcap|yahoo_ret
ALG,2028291200.0,-0.1540247745165778,,2026-09-21T08:08:28Z,yahoo_mcap|yahoo_ret
PEB,2035682816.0,0.5129764625504512,,2026-09-21T08:08:28Z,yahoo_mcap|yahoo_ret
PLBL,2022458752.0,-0.3866666687859429,,2026-09-21T08:08:28Z,yahoo_mcap|yahoo_ret
MFP,1915057536.0,-0.6168325778046344,,2026-09-21T08:08:28Z,yahoo_mcap|yahoo_ret
INVX,2014151680.0,0.6599422826422374,,2026-09-21T08:08:28Z,yahoo_mcap|yahoo_ret
CHCO,2012387072.0,0.17692318351241076,,2026-09-21T08:08:28Z,yahoo_mcap|yahoo_ret
DRVN,2025952000.0,-0.26113122064453465,,2026-09-21T08:08:28Z,yahoo_mcap|yahoo_ret
SHAZ,2060849792.0,0.8157728702828471,,2026-09-21T08:08:28Z,yahoo_mcap|yahoo_ret
ALKT,2045800064.0,-0.2435745959573562,,2026-09-21T08:08:28Z,yahoo_mcap|yahoo_ret
AGIO,1974341120.0,-0.12281169693414706,,2026-09-21T08:08:28Z,yahoo_mcap|yahoo_ret
ADMA,2040500224.0,-0.4274041644218456,,2026-09-21T08:08:28Z,yahoo_mcap|yahoo_ret
BHVN,2057216256.0,-0.04888266928651841,,2026-09-21T08:08:28Z,yahoo_mcap|yahoo_ret
STC,1927782144.0,-0.13401091761389972,,2026-09-21T08:08:28Z,yahoo_mcap|yahoo_ret
VERX,1940127104.0,-0.5244532715883239,,2026-09-21T08:08:28Z,yahoo_mcap|yahoo_ret
RAPP,1940721792.0,0.5345219964469483,,2026-09-21T08:08:28Z,yahoo_mcap|yahoo_ret
PLGO,1947425152.0,0.36272427814779995,,2026-09-21T08:08:28Z,yahoo_mcap|yahoo_ret
HYMC,1994087936.0,2.3126934198391713,,2026-09-21T08:08:28Z,yahoo_mcap|yahoo_ret
CMPR,1950636544.0,0.2856684134930938,,2026-09-21T08:08:28Z,yahoo_mcap|yahoo_ret
ICHR,2052491648.0,1.97180030639631,,2026-09-21T08:08:28Z,yahoo_mcap|yahoo_ret
PLPC,2016002560.0,1.0503628227792028,,2026-09-21T08:08:28Z,yahoo_mcap|yahoo_ret
CLM,1966496128.0,-0.07107790698712702,,2026-09-21T08:08:28Z,yahoo_mcap|yahoo_ret
TILE,1980243712.0,0.16334770400158294,,2026-09-21T08:08:28Z,yahoo_mcap|yahoo_ret
TH,2075133056.0,1.4468823218732365,,2026-09-21T08:08:28Z,yahoo_mcap|yahoo_ret
BLKB,1944965504.0,-0.3557360231871184,,2026-09-21T08:08:28Z,yahoo_mcap|yahoo_ret
UWMC,2008144640.0,-0.7856179251887161,,2026-09-21T08:08:28Z,yahoo_mcap|yahoo_ret
SPB,1981530496.0,0.6796977325329698,,2026-09-21T08:08:28Z,yahoo_mcap|yahoo_ret
HMN,1959441152.0,0.08845225208509078,,2026-09-21T08:08:28Z,yahoo_mcap|yahoo_ret
ZYME,1900000512.0,0.6350769042968749,,2026-09-21T08:08:28Z,yahoo_mcap|yahoo_ret
TIC,1977076480.0,-0.3708332875260588,,2026-09-21T08:08:28Z,yahoo_mcap|yahoo_ret
DHC,1939453312.0,0.760395628717665,,2026-09-21T08:08:28Z,yahoo_mcap|yahoo_ret
BXDC,1945562624.0,-0.02423016431987035,,2026-09-21T08:08:28Z,yahoo_mcap|yahoo_ret
NVCR,1943481088.0,0.3152089114216894,,2026-09-21T08:08:28Z,yahoo_mcap|yahoo_ret
BSTZ,1994955264.0,0.5043998354684207,,2026-09-21T08:08:28Z,yahoo_mcap|yahoo_ret
ATEN,1898725888.0,0.4539024021928584,,2026-09-21T08:08:28Z,yahoo_mcap|yahoo_ret
GHRS,1939831040.0,1.1200300368062486,,2026-09-21T08:08:28Z,yahoo_mcap|yahoo_ret
GSHD,1949518336.0,-0.30037195866330113,,2026-09-21T08:08:28Z,yahoo_mcap|yahoo_ret
INOD,1964624768.0,-0.19030750125057416,,2026-09-21T08:08:28Z,yahoo_mcap|yahoo_ret
EZPW,1883239424.0,0.7296840184091442,,2026-09-21T08:08:28Z,yahoo_mcap|yahoo_ret
FTRE,1895342976.0,0.9674235024700917,,2026-09-21T08:08:28Z,yahoo_mcap|yahoo_ret
CTRI,1953635200.0,-0.09410113162205347,,2026-09-21T08:08:28Z,yahoo_mcap|yahoo_ret
VET,1913056128.0,0.7060701148203412,,2026-09-21T08:08:28Z,yahoo_mcap|yahoo_ret
KSS,1876380160.0,-0.012120330294882686,,2026-09-21T08:08:28Z,yahoo_mcap|yahoo_ret
BOBS,1942009856.0,-0.12690956186791058,,2026-09-21T08:08:28Z,yahoo_mcap|yahoo_ret
MESO,1964704384.0,-0.11052322687502403,,2026-09-21T08:08:28Z,yahoo_mcap|yahoo_ret
OLN,1919465088.0,-0.2770379437144912,,2026-09-21T08:08:28Z,yahoo_mcap|yahoo_ret
XXI,2013956480.0,-0.7399283839258836,,2026-09-21T08:08:28Z,yahoo_mcap|yahoo_ret
GOF,1930588672.0,-0.29933182171621187,,2026-09-21T08:08:28Z,yahoo_mcap|yahoo_ret
QUBT,1969217664.0,-0.6261280774335989,,2026-09-21T08:08:28Z,yahoo_mcap|yahoo_ret
BLBD,1912403328.0,0.01205830232361138,,2026-09-21T08:08:28Z,yahoo_mcap|yahoo_ret
ALVO,2094515840.0,-0.2550761674734372,,2026-09-21T08:08:28Z,yahoo_mcap|yahoo_ret
SFL,1890076032.0,0.8347432194236604,,2026-09-21T08:08:28Z,yahoo_mcap|yahoo_ret
IMOS,2131456384.0,2.2045006992521703,,2026-09-21T08:08:28Z,yahoo_mcap|yahoo_ret
LIME,1980962432.0,0.19000002054067755,,2026-09-21T08:08:28Z,yahoo_mcap|yahoo_ret
COAG,1924071936.0,0.2114705478443819,,2026-09-21T08:08:28Z,yahoo_mcap|yahoo_ret
SONO,1837105408.0,-0.002569040631794195,,2026-09-21T08:08:28Z,yahoo_mcap|yahoo_ret
BRSL,1860317184.0,-0.33890012518438106,,2026-09-21T08:08:28Z,yahoo_mcap|yahoo_ret
NSP,1921604224.0,0.07598066370687229,,2026-09-21T08:08:28Z,yahoo_mcap|yahoo_ret
TOP,1881560832.0,1.055405384071384,,2026-09-21T08:08:28Z,yahoo_mcap|yahoo_ret
GRC,1934550400.0,0.6509271847669376,,2026-09-21T08:08:28Z,yahoo_mcap|yahoo_ret
ATS,1897774208.0,-0.3058147979579732,,2026-09-21T08:08:28Z,yahoo_mcap|yahoo_ret
GCT,1887643136.0,0.7882273871910697,,2026-09-21T08:08:28Z,yahoo_mcap|yahoo_ret
KRP,1878833792.0,0.22031796668929493,,2026-09-21T08:08:28Z,yahoo_mcap|yahoo_ret
XRAY,1901835904.0,-0.2549520211390308,,2026-09-21T08:08:28Z,yahoo_mcap|yahoo_ret
CMRE,1868999680.0,0.27800723398015537,,2026-09-21T08:08:28Z,yahoo_mcap|yahoo_ret
RXRX,2053918208.0,-0.21995925809962813,,2026-09-21T08:08:28Z,yahoo_mcap|yahoo_ret
NEXT,1828693888.0,0.04407294304187337,,2026-09-21T08:08:28Z,yahoo_mcap|yahoo_ret
HAPN,1867292800.0,-0.08172533856248487,,2026-09-21T08:08:28Z,yahoo_mcap|yahoo_ret
LKFT,1869587328.0,-0.16373755865627904,,2026-09-21T08:08:28Z,yahoo_mcap|yahoo_ret
GEL,1790439680.0,-0.07393245925737302,,2026-09-21T08:08:28Z,yahoo_mcap|yahoo_ret
SNDA,1838796672.0,0.42320570198659335,,2026-09-21T08:08:28Z,yahoo_mcap|yahoo_ret
PDFS,1869821056.0,1.0118127359758966,,2026-09-21T08:08:28Z,yahoo_mcap|yahoo_ret
ALHC,1732083584.0,-0.49516324550919744,,2026-09-21T08:08:28Z,yahoo_mcap|yahoo_ret
GTY,1835685248.0,0.15427767100266476,,2026-09-21T08:08:28Z,yahoo_mcap|yahoo_ret
VIR,1793689216.0,1.046332187788789,,2026-09-21T08:08:28Z,yahoo_mcap|yahoo_ret
PRGO,1876267136.0,-0.3171353524871289,,2026-09-21T08:08:28Z,yahoo_mcap|yahoo_ret
WRD,1809258752.0,-0.5229835102014618,,2026-09-21T08:08:28Z,yahoo_mcap|yahoo_ret
GABC,1846246912.0,0.23787274198000663,,2026-09-21T08:08:28Z,yahoo_mcap|yahoo_ret
RBCAA,1842468736.0,0.2857878053234797,,2026-09-21T08:08:28Z,yahoo_mcap|yahoo_ret
NTST,1852071296.0,0.055640721615212385,,2026-09-21T08:08:28Z,yahoo_mcap|yahoo_ret
XPRO,1849266944.0,0.37166659037272143,,2026-09-21T08:08:28Z,yahoo_mcap|yahoo_ret
TY,1847351040.0,0.0725097082588646,,2026-09-21T08:08:28Z,yahoo_mcap|yahoo_ret
STOK,1834481024.0,0.2414847501643942,,2026-09-21T08:08:28Z,yahoo_mcap|yahoo_ret
SEPN,1805931008.0,1.4643311526587803,,2026-09-21T08:08:28Z,yahoo_mcap|yahoo_ret
LMAT,1803698304.0,-0.13638763527086584,,2026-09-21T08:08:28Z,yahoo_mcap|yahoo_ret
NBHC,1824785280.0,0.05813598119874741,,2026-09-21T08:08:28Z,yahoo_mcap|yahoo_ret
EPAC,1822566400.0,-0.13713024453530032,,2026-09-21T08:08:28Z,yahoo_mcap|yahoo_ret
WKC,1838900736.0,0.405243779994362,,2026-09-21T08:08:28Z,yahoo_mcap|yahoo_ret
GAB,1857682688.0,-0.0025519096507760075,,2026-09-21T08:08:28Z,yahoo_mcap|yahoo_ret
VSTS,1826452608.0,2.3301203318648662,,2026-09-21T08:08:28Z,yahoo_mcap|yahoo_ret
MNR,1858132352.0,-0.026917203861230643,,2026-09-21T08:08:28Z,yahoo_mcap|yahoo_ret
DXC,1722414208.0,-0.21827412887660136,,2026-09-21T08:08:28Z,yahoo_mcap|yahoo_ret
FORTY,1827892224.0,-0.05052973328531629,,2026-09-21T08:08:28Z,yahoo_mcap|yahoo_ret
LIND,1807166208.0,1.1217258772554985,,2026-09-21T08:08:28Z,yahoo_mcap|yahoo_ret
AMPL,1750574080.0,0.09362055865879415,,2026-09-21T08:08:28Z,yahoo_mcap|yahoo_ret
XNCR,1838016000.0,1.402332303692536,,2026-09-21T08:08:28Z,yahoo_mcap|yahoo_ret
PRCH,1804965376.0,-0.15694596479475476,,2026-09-21T08:08:28Z,yahoo_mcap|yahoo_ret
SBET,2031040768.0,-0.46047314352958113,,2026-09-21T08:08:28Z,yahoo_mcap|yahoo_ret
NBTX,1679314944.0,1.8565255063788202,,2026-09-21T08:08:28Z,yahoo_mcap|yahoo_ret
SMA,1803365248.0,-0.07657480323476717,,2026-09-21T08:08:28Z,yahoo_mcap|yahoo_ret
BLFS,1794996992.0,0.4348845938443884,,2026-09-21T08:08:28Z,yahoo_mcap|yahoo_ret
MLCO,1764332416.0,-0.5161626910679998,,2026-09-21T08:08:28Z,yahoo_mcap|yahoo_ret
DCOM,1798498176.0,0.3575925081911382,,2026-09-21T08:08:28Z,yahoo_mcap|yahoo_ret
STRA,1773051520.0,0.003206683552963163,,2026-09-21T08:08:28Z,yahoo_mcap|yahoo_ret
HOPE,1783276032.0,0.33575646690863636,,2026-09-21T08:08:28Z,yahoo_mcap|yahoo_ret
NUV,1766179072.0,-0.01005138127032601,,2026-09-21T08:08:28Z,yahoo_mcap|yahoo_ret
ASTH,1704406144.0,0.23730644738774287,,2026-09-21T08:08:28Z,yahoo_mcap|yahoo_ret
SAM,1765743744.0,-0.2314549224938427,,2026-09-21T08:08:28Z,yahoo_mcap|yahoo_ret
ACVA,1779587584.0,0.0076923006385032355,,2026-09-21T08:08:28Z,yahoo_mcap|yahoo_ret
SGRY,1734666880.0,-0.3871415594047767,,2026-09-21T08:08:28Z,yahoo_mcap|yahoo_ret
LOB,1770348416.0,0.033858184094042176,,2026-09-21T08:08:28Z,yahoo_mcap|yahoo_ret
FLNG,1753674752.0,0.44243573120417823,,2026-09-21T08:08:28Z,yahoo_mcap|yahoo_ret
ETV,1779339648.0,0.1668537638218115,,2026-09-21T08:08:28Z,yahoo_mcap|yahoo_ret
VNET,1856189568.0,-0.3229491273682046,,2026-09-21T08:08:28Z,yahoo_mcap|yahoo_ret
ETG,1756930304.0,0.16954916708295165,,2026-09-21T08:08:28Z,yahoo_mcap|yahoo_ret
OCFC,1727050112.0,0.022429991193311682,,2026-09-21T08:08:28Z,yahoo_mcap|yahoo_ret
STBA,1769269632.0,0.3204477595007027,,2026-09-21T08:08:28Z,yahoo_mcap|yahoo_ret
NTLA,1701138048.0,-0.22129568797293742,,2026-09-21T08:08:28Z,yahoo_mcap|yahoo_ret
HE,1692734464.0,-0.17019476354490015,,2026-09-21T08:08:28Z,yahoo_mcap|yahoo_ret
TSLX,1706642048.0,-0.16417165913095277,,2026-09-21T08:08:28Z,yahoo_mcap|yahoo_ret
XHR,1753009024.0,0.24292594915023624,,2026-09-21T08:08:28Z,yahoo_mcap|yahoo_ret
STEW,1737875968.0,0.033325360000358684,,2026-09-21T08:08:28Z,yahoo_mcap|yahoo_ret
PDO,1736523776.0,-0.03652394645792778,,2026-09-21T08:08:28Z,yahoo_mcap|yahoo_ret
CPRI,1693242496.0,-0.2804878048780488,,2026-09-21T08:08:28Z,yahoo_mcap|yahoo_ret
PGY,1703555712.0,-0.5172576727045599,,2026-09-21T08:08:28Z,yahoo_mcap|yahoo_ret
FSUN,1729007488.0,-0.008318579067032927,,2026-09-21T08:08:28Z,yahoo_mcap|yahoo_ret
PSNL,1751517824.0,1.6885245696603208,,2026-09-21T08:08:28Z,yahoo_mcap|yahoo_ret
IQMX,1807793920.0,-0.05731224607360874,,2026-09-21T08:08:28Z,yahoo_mcap|yahoo_ret
CCS,1721043456.0,-0.06527200675227651,,2026-09-21T08:08:28Z,yahoo_mcap|yahoo_ret
NAT,1746942976.0,1.827026738652088,,2026-09-21T08:08:28Z,yahoo_mcap|yahoo_ret
DAO,1768503680.0,0.656497086498149,,2026-09-21T08:08:28Z,yahoo_mcap|yahoo_ret
UROY,1737666944.0,0.2291104840681124,,2026-09-21T08:08:28Z,yahoo_mcap|yahoo_ret
GLP,1657923072.0,0.06245031586429395,,2026-09-21T08:08:28Z,yahoo_mcap|yahoo_ret
WS,1698050944.0,0.010824068396635633,,2026-09-21T08:08:28Z,yahoo_mcap|yahoo_ret
ANIP,1748962560.0,-0.21334850016068319,,2026-09-21T08:08:28Z,yahoo_mcap|yahoo_ret
FRNM,1838415104.0,0.6141509428869665,,2026-09-21T08:08:28Z,yahoo_mcap|yahoo_ret
TCBK,1713731072.0,0.2206706768698874,,2026-09-21T08:08:28Z,yahoo_mcap|yahoo_ret
AI,1684972800.0,-0.41452515276104707,,2026-09-21T08:08:28Z,yahoo_mcap|yahoo_ret
AGRO,1653769344.0,0.46337153946279064,,2026-09-21T08:08:28Z,yahoo_mcap|yahoo_ret
NEXA,1723026304.0,1.6501223755880563,,2026-09-21T08:08:28Z,yahoo_mcap|yahoo_ret
CNXC,1700581504.0,-0.48723324782253474,,2026-09-21T08:08:28Z,yahoo_mcap|yahoo_ret
AAT,1703007360.0,0.12865401295604184,,2026-09-21T08:08:28Z,yahoo_mcap|yahoo_ret
USAS,1751656320.0,0.7266666094462078,,2026-09-21T08:08:28Z,yahoo_mcap|yahoo_ret
BY,1695394560.0,0.33735701685136443,,2026-09-21T08:08:28Z,yahoo_mcap|yahoo_ret
BDJ,1696899584.0,0.16675761313611237,,2026-09-21T08:08:28Z,yahoo_mcap|yahoo_ret
AIN,1719575296.0,0.0978400286390384,,2026-09-21T08:08:28Z,yahoo_mcap|yahoo_ret
GENI,1509416064.0,-0.5590305016960714,,2026-09-21T08:08:28Z,yahoo_mcap|yahoo_ret
AESI,1692470656.0,0.2476980312244923,,2026-09-21T08:08:28Z,yahoo_mcap|yahoo_ret
NVAX,1667601280.0,0.16073474309973923,,2026-09-21T08:08:28Z,yahoo_mcap|yahoo_ret
LCID,1611747072.0,-0.8061611337135435,,2026-09-21T08:08:28Z,yahoo_mcap|yahoo_ret
LILA,1647518976.0,0.5552159687098841,,2026-09-21T08:08:28Z,yahoo_mcap|yahoo_ret
PRGS,1645029248.0,-0.04408957374848199,,2026-09-21T08:08:28Z,yahoo_mcap|yahoo_ret
KOS,1625681408.0,0.6153845719765916,,2026-09-21T08:08:28Z,yahoo_mcap|yahoo_ret
BFC,1687451136.0,0.21175654891427786,,2026-09-21T08:08:28Z,yahoo_mcap|yahoo_ret
RLJ,1652454016.0,0.5135610184964208,,2026-09-21T08:08:28Z,yahoo_mcap|yahoo_ret
TYRA,1769090176.0,1.058399963378906,,2026-09-21T08:08:28Z,yahoo_mcap|yahoo_ret
JBLU,1648854272.0,-0.1312127826480577,,2026-09-21T08:08:28Z,yahoo_mcap|yahoo_ret
EVTC,1652157824.0,-0.1742681626323236,,2026-09-21T08:08:28Z,yahoo_mcap|yahoo_ret
PLAB,1717407616.0,0.1672012825580924,,2026-09-21T08:08:28Z,yahoo_mcap|yahoo_ret
PSQL,1621923840.0,-0.23216080271966832,,2026-09-21T08:08:28Z,yahoo_mcap|yahoo_ret
KLRA,1663328384.0,-0.5065384644728441,,2026-09-21T08:08:28Z,yahoo_mcap|yahoo_ret
MQ,1620818816.0,-0.3159051169487115,,2026-09-21T08:08:28Z,yahoo_mcap|yahoo_ret
CBL,1681429376.0,0.8899667173911732,,2026-09-21T08:08:28Z,yahoo_mcap|yahoo_ret
ALNT,1707979392.0,1.1613984655074763,,2026-09-21T08:08:28Z,yahoo_mcap|yahoo_ret
OBK,1657553152.0,0.5302708498497053,,2026-09-21T08:08:28Z,yahoo_mcap|yahoo_ret
EFC,1633665664.0,0.06312470659572811,,2026-09-21T08:08:28Z,yahoo_mcap|yahoo_ret
BL,1635645056.0,-0.4691567575806226,,2026-09-21T08:08:28Z,yahoo_mcap|yahoo_ret
ADIG,1571610240.0,-0.014285677955264142,,2026-09-21T08:08:28Z,yahoo_mcap|yahoo_ret
IMCR,1647955712.0,-0.01840486203081859,,2026-09-21T08:08:28Z,yahoo_mcap|yahoo_ret
QCRH,1637233920.0,0.2892120718200275,,2026-09-21T08:08:28Z,yahoo_mcap|yahoo_ret
CTS,1664826240.0,0.40241018625643066,,2026-09-21T08:08:28Z,yahoo_mcap|yahoo_ret
HAWK,1593899520.0,-0.5214705747716567,,2026-09-21T08:08:28Z,yahoo_mcap|yahoo_ret
TSHA,1635684352.0,0.7738516311875099,,2026-09-21T08:08:28Z,yahoo_mcap|yahoo_ret
GLOB,1536760448.0,-0.37561403241073876,,2026-09-21T08:08:28Z,yahoo_mcap|yahoo_ret
PAX,1613938432.0,-0.29709865231032995,,2026-09-21T08:08:28Z,yahoo_mcap|yahoo_ret
TRIN,1584719104.0,0.25590328541536445,,2026-09-21T08:08:28Z,yahoo_mcap|yahoo_ret
PRKS,1550219264.0,-0.3323569764117471,,2026-09-21T08:08:28Z,yahoo_mcap|yahoo_ret
AGBK,1613382784.0,-0.42511629503826764,,2026-09-21T08:08:28Z,yahoo_mcap|yahoo_ret
OPRA,1605847936.0,0.00666364517912732,,2026-09-21T08:08:28Z,yahoo_mcap|yahoo_ret
NYAX,1617352192.0,-0.09230119320726182,,2026-09-21T08:08:28Z,yahoo_mcap|yahoo_ret
ANAB,1634388096.0,2.9731286246716824,,2026-09-21T08:08:28Z,yahoo_mcap|yahoo_ret
ARCO,1586292864.0,0.16095466804487368,,2026-09-21T08:08:28Z,yahoo_mcap|yahoo_ret
PIII,1563054464.0,-0.06917472216711851,,2026-09-21T08:08:28Z,yahoo_mcap|yahoo_ret
PBT,1645290496.0,1.0205686259182287,,2026-09-21T08:08:28Z,yahoo_mcap|yahoo_ret
ABSI,1656075136.0,2.697318010112785,,2026-09-21T08:08:28Z,yahoo_mcap|yahoo_ret
DSGR,1611076480.0,0.12718453919228034,,2026-09-21T08:08:28Z,yahoo_mcap|yahoo_ret
CASH,1582306944.0,0.0003926918631420584,,2026-09-21T08:08:28Z,yahoo_mcap|yahoo_ret
TGLS,1586922368.0,-0.4862076632823301,,2026-09-21T08:08:28Z,yahoo_mcap|yahoo_ret
WB,1606698624.0,-0.44128731388123843,,2026-09-21T08:08:28Z,yahoo_mcap|yahoo_ret
MGRT,1677225088.0,28.678831969436015,,2026-09-21T08:08:28Z,yahoo_mcap|yahoo_ret
ETON,1586364032.0,2.026172275803858,,2026-09-21T08:08:28Z,yahoo_mcap|yahoo_ret
WWW,1553515776.0,-0.35728555736635026,,2026-09-21T08:08:28Z,yahoo_mcap|yahoo_ret
TEN,1569346944.0,1.3523215924097727,,2026-09-21T08:08:28Z,yahoo_mcap|yahoo_ret
BAND,1616440960.0,1.8637398472294295,,2026-09-21T08:08:28Z,yahoo_mcap|yahoo_ret
HUN,1594191744.0,-0.04387457882930168,,2026-09-21T08:08:28Z,yahoo_mcap|yahoo_ret
CNOB,1589603456.0,0.2572845187811257,,2026-09-21T08:08:28Z,yahoo_mcap|yahoo_ret
SID,1458703360.0,-0.2666666507720947,,2026-09-21T08:08:28Z,yahoo_mcap|yahoo_ret
ITG,1566230400.0,-0.28571427032871877,,2026-09-21T08:08:28Z,yahoo_mcap|yahoo_ret
SNDX,1573414784.0,0.19215163447714678,,2026-09-21T08:08:28Z,yahoo_mcap|yahoo_ret
LTGO,1495050240.0,0.23561639655126276,,2026-09-21T08:08:28Z,yahoo_mcap|yahoo_ret
KMPR,1558989696.0,-0.46767849760459757,,2026-09-21T08:08:28Z,yahoo_mcap|yahoo_ret
IMKTA,1571594624.0,0.2017430481634821,,2026-09-21T08:08:28Z,yahoo_mcap|yahoo_ret
WLTH,1577382144.0,-0.2759856258376696,,2026-09-21T08:08:28Z,yahoo_mcap|yahoo_ret
HYT,1565260544.0,-0.0703860056468738,,2026-09-21T08:08:28Z,yahoo_mcap|yahoo_ret
ELE,1542409344.0,0.3034971711910879,,2026-09-21T08:08:28Z,yahoo_mcap|yahoo_ret
ATEC,1572311936.0,-0.34491632367019043,,2026-09-21T08:08:28Z,yahoo_mcap|yahoo_ret
IIPR,1533518336.0,0.11702285038138882,,2026-09-21T08:08:28Z,yahoo_mcap|yahoo_ret
KARD,1555901440.0,-0.24363639137961646,,2026-09-21T08:08:28Z,yahoo_mcap|yahoo_ret
ICFI,1528146176.0,-0.0982252016966727,,2026-09-21T08:08:28Z,yahoo_mcap|yahoo_ret
INBX,1609376128.0,2.96195641169401,,2026-09-21T08:08:28Z,yahoo_mcap|yahoo_ret
LYNX,1587347072.0,-0.087941414281835,,2026-09-21T08:08:28Z,yahoo_mcap|yahoo_ret
GAM,1547657472.0,0.16949698520324885,,2026-09-21T08:08:28Z,yahoo_mcap|yahoo_ret
FOIL,1575214080.0,-0.1697959121392698,,2026-09-21T08:08:28Z,yahoo_mcap|yahoo_ret
RQI,1529464320.0,0.00972040311546829,,2026-09-21T08:08:28Z,yahoo_mcap|yahoo_ret
NVGS,1537328256.0,0.5364867542022103,,2026-09-21T08:08:28Z,yahoo_mcap|yahoo_ret
GIC,1538814848.0,0.16035276982343416,,2026-09-21T08:08:28Z,yahoo_mcap|yahoo_ret
APC,1553971584.0,0.11604411106353041,,2026-09-21T08:08:28Z,yahoo_mcap|yahoo_ret
CSWC,1492647168.0,0.13359159784224017,,2026-09-21T08:08:28Z,yahoo_mcap|yahoo_ret
NOMD,1490173824.0,-0.1526764046521225,,2026-09-21T08:08:28Z,yahoo_mcap|yahoo_ret
IE,1517703424.0,0.0010526556717722624,,2026-09-21T08:08:28Z,yahoo_mcap|yahoo_ret
ARDT,1478161024.0,-0.18252731733937655,,2026-09-21T08:08:28Z,yahoo_mcap|yahoo_ret
BCAT,1517820928.0,0.1901619605792657,,2026-09-21T08:08:28Z,yahoo_mcap|yahoo_ret
INVA,1527269632.0,0.10161536223670464,,2026-09-21T08:08:28Z,yahoo_mcap|yahoo_ret
SAFT,1519576704.0,0.5142438509241485,,2026-09-21T08:08:28Z,yahoo_mcap|yahoo_ret
AGL,1497104384.0,2.0744828849003234,,2026-09-21T08:08:28Z,yahoo_mcap|yahoo_ret
ATEX,1509757440.0,2.4602246230907654,,2026-09-21T08:08:28Z,yahoo_mcap|yahoo_ret
IAUX,1549964032.0,0.8842105098048074,,2026-09-21T08:08:28Z,yahoo_mcap|yahoo_ret
AMBQ,1583119744.0,1.0974047101795583,,2026-09-21T08:08:28Z,yahoo_mcap|yahoo_ret
TFIN,1505833728.0,0.11539823819050743,,2026-09-21T08:08:28Z,yahoo_mcap|yahoo_ret
RVLV,1468624896.0,-0.1234620231264204,,2026-09-21T08:08:28Z,yahoo_mcap|yahoo_ret
VISN,1515215616.0,0.435737057015426,,2026-09-21T08:08:28Z,yahoo_mcap|yahoo_ret
ESQ,1491284608.0,0.199867857583109,,2026-09-21T08:08:28Z,yahoo_mcap|yahoo_ret
LKFN,1484013056.0,-0.05764662705168888,,2026-09-21T08:08:28Z,yahoo_mcap|yahoo_ret
BCAX,1498155264.0,1.168582404178336,,2026-09-21T08:08:28Z,yahoo_mcap|yahoo_ret
GT,1453888768.0,-0.4044810774361094,,2026-09-21T08:08:28Z,yahoo_mcap|yahoo_ret
JJSF,1456605056.0,-0.18997092761738432,,2026-09-21T08:08:28Z,yahoo_mcap|yahoo_ret
NUTX,1429788288.0,1.1724065337654883,,2026-09-21T08:08:28Z,yahoo_mcap|yahoo_ret
AZTA,1456190976.0,0.06915411757242929,,2026-09-21T08:08:28Z,yahoo_mcap|yahoo_ret
OMCL,1465785216.0,0.028398193532712668,,2026-09-21T08:08:28Z,yahoo_mcap|yahoo_ret
SBH,1478295936.0,0.01805285163373438,,2026-09-21T08:08:28Z,yahoo_mcap|yahoo_ret
INNV,1490049536.0,,,2026-09-21T08:08:28Z,yahoo_mcap
HCSG,1473533312.0,0.3562854969570981,,2026-09-21T08:08:28Z,yahoo_mcap|yahoo_ret
XZO,1491822848.0,-0.21180393690915655,,2026-09-21T08:08:28Z,yahoo_mcap|yahoo_ret
ENR,1464180224.0,-0.2108639295231396,,2026-09-21T08:08:28Z,yahoo_mcap|yahoo_ret
COUR,1443247488.0,-0.5673819633576214,,2026-09-21T08:08:28Z,yahoo_mcap|yahoo_ret
SECZ,1773065216.0,-0.11707321233558321,,2026-09-21T08:08:28Z,yahoo_mcap|yahoo_ret
CRSR,1447407744.0,0.5612602789848009,,2026-09-21T08:08:28Z,yahoo_mcap|yahoo_ret
ADNT,1386348672.0,-0.2810085321079142,,2026-09-21T08:08:28Z,yahoo_mcap|yahoo_ret
SLVM,1414271872.0,-0.15218359643829282,,2026-09-21T08:08:28Z,yahoo_mcap|yahoo_ret
DMC,1432301952.0,-0.11920547123447844,,2026-09-21T08:08:28Z,yahoo_mcap|yahoo_ret
DCH,1399491072.0,-0.04846529692433876,,2026-09-21T08:08:28Z,yahoo_mcap|yahoo_ret
QQQX,1475057152.0,0.2157553239006038,,2026-09-21T08:08:28Z,yahoo_mcap|yahoo_ret
DMLP,1462433152.0,0.33055951338883527,,2026-09-21T08:08:28Z,yahoo_mcap|yahoo_ret
XERS,1495026432.0,0.0621761699635448,,2026-09-21T08:08:28Z,yahoo_mcap|yahoo_ret
MLKN,1420025088.0,0.07403552080428888,,2026-09-21T08:08:28Z,yahoo_mcap|yahoo_ret
DMRA,1394605440.0,6.871080506397759,,2026-09-21T08:08:28Z,yahoo_mcap|yahoo_ret
DRTS,1409367040.0,2.7261611742178706,,2026-09-21T08:08:28Z,yahoo_mcap|yahoo_ret
EOSE,1432281856.0,-0.5942623006884238,,2026-09-21T08:08:28Z,yahoo_mcap|yahoo_ret
AVLN,1397379200.0,0.06883691768060451,,2026-09-21T08:08:28Z,yahoo_mcap|yahoo_ret
FLNC,1360856704.0,-0.21794867092335546,,2026-09-21T08:08:28Z,yahoo_mcap|yahoo_ret
ARLO,1424800128.0,-0.2672938575139826,,2026-09-21T08:08:28Z,yahoo_mcap|yahoo_ret
AAPG,1406437504.0,-0.612355186329067,,2026-09-21T08:08:28Z,yahoo_mcap|yahoo_ret
PRG,1413226240.0,0.016660858759868447,,2026-09-21T08:08:28Z,yahoo_mcap|yahoo_ret
NFJ,1435992832.0,0.2870723840319169,,2026-09-21T08:08:28Z,yahoo_mcap|yahoo_ret
BXBL,1486657792.0,-0.5773092347366868,,2026-09-21T08:08:28Z,yahoo_mcap|yahoo_ret
BHRB,1411073536.0,0.15010924674134896,,2026-09-21T08:08:28Z,yahoo_mcap|yahoo_ret
SVV,1385240448.0,-0.2853754755367076,,2026-09-21T08:08:28Z,yahoo_mcap|yahoo_ret
KMTS,1455094656.0,-0.02044908652609645,,2026-09-21T08:08:28Z,yahoo_mcap|yahoo_ret
ATLC,1411116928.0,0.324128066093472,,2026-09-21T08:08:28Z,yahoo_mcap|yahoo_ret
ECAT,1428364800.0,0.08671576303029682,,2026-09-21T08:08:28Z,yahoo_mcap|yahoo_ret
REX,1434182912.0,0.4159842309190016,,2026-09-21T08:08:28Z,yahoo_mcap|yahoo_ret
WBTN,1419537792.0,-0.5091506194139455,,2026-09-21T08:08:28Z,yahoo_mcap|yahoo_ret
FCEL,1447970432.0,1.1662681045551069,,2026-09-21T08:08:28Z,yahoo_mcap|yahoo_ret
PEBO,1415767808.0,0.35768702354212545,,2026-09-21T08:08:28Z,yahoo_mcap|yahoo_ret
TMP,1428797696.0,0.48387032072915925,,2026-09-21T08:08:28Z,yahoo_mcap|yahoo_ret
PNTG,1383889792.0,0.6426201307356174,,2026-09-21T08:08:28Z,yahoo_mcap|yahoo_ret
VZLA,1448631936.0,0.027707781940327303,,2026-09-21T08:08:28Z,yahoo_mcap|yahoo_ret
PAHC,1403191552.0,-0.12218422209985791,,2026-09-21T08:08:28Z,yahoo_mcap|yahoo_ret
AMSC,1462468352.0,-0.5095044531555479,,2026-09-21T08:08:28Z,yahoo_mcap|yahoo_ret
SCL,1405500544.0,0.3135804778505229,,2026-09-21T08:08:28Z,yahoo_mcap|yahoo_ret
TRAX,1379210496.0,1.0315788670590051,,2026-09-21T08:08:28Z,yahoo_mcap|yahoo_ret
BTT,1411211648.0,0.012340434200398098,,2026-09-21T08:08:28Z,yahoo_mcap|yahoo_ret
HLMN,1387105792.0,-0.24789024696946838,,2026-09-21T08:08:28Z,yahoo_mcap|yahoo_ret
AMAL,1417267072.0,0.7163508751670769,,2026-09-21T08:08:28Z,yahoo_mcap|yahoo_ret
UFCS,1398118912.0,0.7603062026481364,,2026-09-21T08:08:28Z,yahoo_mcap|yahoo_ret
WABC,1402846976.0,0.28049979930001245,,2026-09-21T08:08:28Z,yahoo_mcap|yahoo_ret
CNMD,1360385664.0,-0.09178164980284631,,2026-09-21T08:08:28Z,yahoo_mcap|yahoo_ret
TRS,1366077056.0,-0.0420582222669621,,2026-09-21T08:08:28Z,yahoo_mcap|yahoo_ret
CTBI,1379492736.0,0.3910821602950705,,2026-09-21T08:08:28Z,yahoo_mcap|yahoo_ret
AMPX,1387765888.0,-0.19286324294629442,,2026-09-21T08:08:28Z,yahoo_mcap|yahoo_ret
AVBP,1424993280.0,0.6373937814813841,,2026-09-21T08:08:28Z,yahoo_mcap|yahoo_ret
RARE,1430524544.0,-0.4841805665917266,,2026-09-21T08:08:28Z,yahoo_mcap|yahoo_ret
TPB,1366133504.0,-0.3307313680962264,,2026-09-21T08:08:28Z,yahoo_mcap|yahoo_ret
GOLD,1325375232.0,0.7665739728186001,,2026-09-21T08:08:28Z,yahoo_mcap|yahoo_ret
EVCM,1372689024.0,-0.34375001006835204,,2026-09-21T08:08:28Z,yahoo_mcap|yahoo_ret
ULCC,1339855872.0,0.12138730394895592,,2026-09-21T08:08:28Z,yahoo_mcap|yahoo_ret
BORR,1375966848.0,0.5118643952731052,,2026-09-21T08:08:28Z,yahoo_mcap|yahoo_ret
BBAI,1342584576.0,-0.5912408771826874,,2026-09-21T08:08:28Z,yahoo_mcap|yahoo_ret
LBRX,1370047232.0,1.6744333069671615,,2026-09-21T08:08:28Z,yahoo_mcap|yahoo_ret
WEN,1285115264.0,-0.23141474175122856,,2026-09-21T08:08:28Z,yahoo_mcap|yahoo_ret
IRS,1308754176.0,0.3010933406504508,,2026-09-21T08:08:28Z,yahoo_mcap|yahoo_ret
ASIC,1323262464.0,0.34289889725374256,,2026-09-21T08:08:28Z,yahoo_mcap|yahoo_ret
NMAX,1332937856.0,-0.19626171556203353,,2026-09-21T08:08:28Z,yahoo_mcap|yahoo_ret
EFOR,1343159936.0,-0.3346873029076375,,2026-09-21T08:08:28Z,yahoo_mcap|yahoo_ret
PRSU,1341171072.0,0.3346080250142438,,2026-09-21T08:08:28Z,yahoo_mcap|yahoo_ret
IMTX,1312180096.0,0.28656718372422363,,2026-09-21T08:08:28Z,yahoo_mcap|yahoo_ret
UMH,1336257536.0,0.12622745264800228,,2026-09-21T08:08:28Z,yahoo_mcap|yahoo_ret
TBN,1333257728.0,0.7410105232342765,,2026-09-21T08:08:28Z,yahoo_mcap|yahoo_ret
FMBH,1329563520.0,0.3056080544183848,,2026-09-21T08:08:28Z,yahoo_mcap|yahoo_ret
APPS,1290033152.0,0.931159399319937,,2026-09-21T08:08:28Z,yahoo_mcap|yahoo_ret
FOR,1327478656.0,-0.027289702513507597,,2026-09-21T08:08:28Z,yahoo_mcap|yahoo_ret
OMER,1293579392.0,3.27511999356612,,2026-09-21T08:08:28Z,yahoo_mcap|yahoo_ret
AMN,1326889472.0,0.8301281825952189,,2026-09-21T08:08:28Z,yahoo_mcap|yahoo_ret
LQDT,1343499776.0,0.5441123644680119,,2026-09-21T08:08:28Z,yahoo_mcap|yahoo_ret
EYE,1334294656.0,-0.37314264665027563,,2026-09-21T08:08:28Z,yahoo_mcap|yahoo_ret
WD,1296483328.0,-0.542032607650919,,2026-09-21T08:08:28Z,yahoo_mcap|yahoo_ret
CCEC,1304200064.0,0.010126187519441165,,2026-09-21T08:08:28Z,yahoo_mcap|yahoo_ret
GBX,1293897600.0,-0.06851532831148333,,2026-09-21T08:08:28Z,yahoo_mcap|yahoo_ret
ORIC,1325717504.0,0.21117419068410137,,2026-09-21T08:08:28Z,yahoo_mcap|yahoo_ret
MBC,1347107072.0,-0.49465651200108096,,2026-09-21T08:08:28Z,yahoo_mcap|yahoo_ret
BRUN,1372748160.0,0.4836769715106193,,2026-09-21T08:08:28Z,yahoo_mcap|yahoo_ret
HBT,1309525632.0,0.42975812203449704,,2026-09-21T08:08:28Z,yahoo_mcap|yahoo_ret
RMIX,1291677184.0,0.19296657891831148,,2026-09-21T08:08:28Z,yahoo_mcap|yahoo_ret
RES,1298910080.0,0.33498483148429203,,2026-09-21T08:08:28Z,yahoo_mcap|yahoo_ret
CGEM,1295535616.0,2.400000092291066,,2026-09-21T08:08:28Z,yahoo_mcap|yahoo_ret
ROCK,1230673152.0,-0.32918346480110594,,2026-09-21T08:08:28Z,yahoo_mcap|yahoo_ret
RDWR,1225862784.0,0.06158887003706193,,2026-09-21T08:08:28Z,yahoo_mcap|yahoo_ret
NBR,1295538176.0,1.266879351424382,,2026-09-21T08:08:28Z,yahoo_mcap|yahoo_ret
VOR,1266073088.0,-0.21439060945881083,,2026-09-21T08:08:28Z,yahoo_mcap|yahoo_ret
FLO,1259621120.0,-0.5052471178264983,,2026-09-21T08:08:28Z,yahoo_mcap|yahoo_ret
MAZE,1250967296.0,-0.018308634111424582,,2026-09-21T08:08:28Z,yahoo_mcap|yahoo_ret
CERT,1284376576.0,-0.2665504867560551,,2026-09-21T08:08:28Z,yahoo_mcap|yahoo_ret
CXM,1237473280.0,-0.3157894801275206,,2026-09-21T08:08:28Z,yahoo_mcap|yahoo_ret
POET,1349853056.0,0.5116279886416646,,2026-09-21T08:08:28Z,yahoo_mcap|yahoo_ret
TK,1289939968.0,0.8555493842465127,,2026-09-21T08:08:28Z,yahoo_mcap|yahoo_ret
ESRT,1203939200.0,-0.4569317442406372,,2026-09-21T08:08:28Z,yahoo_mcap|yahoo_ret
PSNY,1291241856.0,-0.7353535376563913,,2026-09-21T08:08:28Z,yahoo_mcap|yahoo_ret
RYZ,1259580288.0,0.10489948903325308,,2026-09-21T08:08:28Z,yahoo_mcap|yahoo_ret
FUN,1250305408.0,-0.452508941124112,,2026-09-21T08:08:28Z,yahoo_mcap|yahoo_ret
HPP,1276124288.0,-0.40853027901394967,,2026-09-21T08:08:28Z,yahoo_mcap|yahoo_ret
FMC,1263538816.0,-0.7115233058994874,,2026-09-21T08:08:28Z,yahoo_mcap|yahoo_ret
BJRI,1266639872.0,1.0013445685891544,,2026-09-21T08:08:28Z,yahoo_mcap|yahoo_ret
RDVT,1218607360.0,0.45311911367046376,,2026-09-21T08:08:28Z,yahoo_mcap|yahoo_ret
TE,1228177920.0,1.1384615252944377,,2026-09-21T08:08:28Z,yahoo_mcap|yahoo_ret
PUMP,1287194624.0,1.1608246903729134,,2026-09-21T08:08:28Z,yahoo_mcap|yahoo_ret
OSBC,1271384192.0,0.4159122386573191,,2026-09-21T08:08:28Z,yahoo_mcap|yahoo_ret
SHLS,1279079680.0,0.0425239978603158,,2026-09-21T08:08:28Z,yahoo_mcap|yahoo_ret
NSSC,1292313600.0,-0.13905381086961877,,2026-09-21T08:08:28Z,yahoo_mcap|yahoo_ret
PWP,1261388288.0,-0.4231026062711143,,2026-09-21T08:08:28Z,yahoo_mcap|yahoo_ret
AMRC,1260322560.0,-0.2291463676832115,,2026-09-21T08:08:28Z,yahoo_mcap|yahoo_ret
ALX,1262266752.0,0.14551083941660292,,2026-09-21T08:08:28Z,yahoo_mcap|yahoo_ret
LUXE,1408174208.0,0.172092962393962,,2026-09-21T08:08:28Z,yahoo_mcap|yahoo_ret
WOLF,1354493184.0,0.15791853895371144,,2026-09-21T08:08:28Z,yahoo_mcap|yahoo_ret
MSDL,1230457856.0,-0.05667025350054511,,2026-09-21T08:08:28Z,yahoo_mcap|yahoo_ret
EPC,1252696704.0,0.37611536613366003,,2026-09-21T08:08:28Z,yahoo_mcap|yahoo_ret
PFBC,1249555456.0,0.16430022300795644,,2026-09-21T08:08:28Z,yahoo_mcap|yahoo_ret
AKTS,1216954624.0,-0.023214306545501162,,2026-09-21T08:08:28Z,yahoo_mcap|yahoo_ret
XPEL,1233790976.0,0.35114738656947786,,2026-09-21T08:08:28Z,yahoo_mcap|yahoo_ret
DOLE,1230798208.0,-0.017096814734844923,,2026-09-21T08:08:28Z,yahoo_mcap|yahoo_ret
MGTX,1272569600.0,0.7526455159110028,,2026-09-21T08:08:28Z,yahoo_mcap|yahoo_ret
SENEA,1248133760.0,0.7889374152752247,,2026-09-21T08:08:28Z,yahoo_mcap|yahoo_ret
USPH,1230674944.0,0.07796408490994011,,2026-09-21T08:08:28Z,yahoo_mcap|yahoo_ret
HROW,1240098048.0,-0.2539467361926929,,2026-09-21T08:08:28Z,yahoo_mcap|yahoo_ret
VTOL,1236960640.0,0.13475292734471545,,2026-09-21T08:08:28Z,yahoo_mcap|yahoo_ret
CRON,1234183040.0,0.27862597364874,,2026-09-21T08:08:28Z,yahoo_mcap|yahoo_ret
YSS,1174407552.0,-0.745611424115787,,2026-09-21T08:08:28Z,yahoo_mcap|yahoo_ret
LSPD,1216709120.0,-0.25376684348842726,,2026-09-21T08:08:28Z,yahoo_mcap|yahoo_ret
GNK,1218681344.0,0.6132681808482201,,2026-09-21T08:08:28Z,yahoo_mcap|yahoo_ret
TV,1238590976.0,-0.13602945591390703,,2026-09-21T08:08:28Z,yahoo_mcap|yahoo_ret
UVE,1228988544.0,0.761272802349362,,2026-09-21T08:08:28Z,yahoo_mcap|yahoo_ret
SLSR,1244683520.0,0.44100574455031394,,2026-09-21T08:08:28Z,yahoo_mcap|yahoo_ret
HLF,1232629376.0,0.30230013080901763,,2026-09-21T08:08:28Z,yahoo_mcap|yahoo_ret
OPY,1233240960.0,0.5058127495047313,,2026-09-21T08:08:28Z,yahoo_mcap|yahoo_ret
OPK,1246368128.0,0.15172407045942937,,2026-09-21T08:08:28Z,yahoo_mcap|yahoo_ret
OMDA,1250657280.0,-0.10079221291317042,,2026-09-21T08:08:28Z,yahoo_mcap|yahoo_ret
LADR,1196339840.0,-0.09313669608295316,,2026-09-21T08:08:28Z,yahoo_mcap|yahoo_ret
HLIT,1210637568.0,0.0871694750242411,,2026-09-21T08:08:28Z,yahoo_mcap|yahoo_ret
AZUL,1179385344.0,-0.29125135275484626,,2026-09-21T08:08:28Z,yahoo_mcap|yahoo_ret
WLDN,1217805568.0,-0.22626540664384176,,2026-09-21T08:08:28Z,yahoo_mcap|yahoo_ret
HBNB,1174046848.0,0.6779264823954194,,2026-09-21T08:08:28Z,yahoo_mcap|yahoo_ret
CCO,1211643392.0,0.7000001106943421,,2026-09-21T08:08:28Z,yahoo_mcap|yahoo_ret
ORC,1192340096.0,0.04191678236621299,,2026-09-21T08:08:28Z,yahoo_mcap|yahoo_ret
CLVT,1208964992.0,-0.5286783347087488,,2026-09-21T08:08:28Z,yahoo_mcap|yahoo_ret
UMAC,1157991808.0,0.7694656206242911,,2026-09-21T08:08:28Z,yahoo_mcap|yahoo_ret
REPL,1231450624.0,3.0527132035104083,,2026-09-21T08:08:28Z,yahoo_mcap|yahoo_ret
CLBK,1204994304.0,0.6499922579179349,,2026-09-21T08:08:28Z,yahoo_mcap|yahoo_ret
ANRO,1187858560.0,7.408333683234684,,2026-09-21T08:08:28Z,yahoo_mcap|yahoo_ret
CNL,1204727680.0,-0.02914800747287216,,2026-09-21T08:08:28Z,yahoo_mcap|yahoo_ret
GIII,1182105344.0,0.06084850883198856,,2026-09-21T08:08:28Z,yahoo_mcap|yahoo_ret
LZB,1195174784.0,-0.09031560759209123,,2026-09-21T08:08:28Z,yahoo_mcap|yahoo_ret
XTND,1126076416.0,-0.26978999367632284,,2026-09-21T08:08:28Z,yahoo_mcap|yahoo_ret
NBXG,1195599488.0,0.09129556976362174,,2026-09-21T08:08:28Z,yahoo_mcap|yahoo_ret
AFYA,1203303808.0,-0.10231159595040928,,2026-09-21T08:08:28Z,yahoo_mcap|yahoo_ret
LNN,1170743680.0,-0.16058951514472541,,2026-09-21T08:08:28Z,yahoo_mcap|yahoo_ret
DFIN,1175427200.0,-0.10047036687266753,,2026-09-21T08:08:28Z,yahoo_mcap|yahoo_ret
TNDM,1173792768.0,0.3420844271125745,,2026-09-21T08:08:28Z,yahoo_mcap|yahoo_ret
CRCT,1183828352.0,-0.13773188159307292,,2026-09-21T08:08:28Z,yahoo_mcap|yahoo_ret
IART,1183697536.0,0.0771408452767035,,2026-09-21T08:08:28Z,yahoo_mcap|yahoo_ret
NHP,1166478080.0,0.3397621711198524,,2026-09-21T08:08:28Z,yahoo_mcap|yahoo_ret
MYE,1165407872.0,0.9158920108934641,,2026-09-21T08:08:28Z,yahoo_mcap|yahoo_ret
UVSP,1171630976.0,0.3954746198069734,,2026-09-21T08:08:28Z,yahoo_mcap|yahoo_ret
DSL,1168625152.0,-0.0674785941567203,,2026-09-21T08:08:28Z,yahoo_mcap|yahoo_ret
MMI,1142946944.0,-0.02785363417686304,,2026-09-21T08:08:28Z,yahoo_mcap|yahoo_ret
PDM,1142462720.0,0.017837217686628604,,2026-09-21T08:08:28Z,yahoo_mcap|yahoo_ret
JCAP,1179520512.0,0.20180863736387855,,2026-09-21T08:08:28Z,yahoo_mcap|yahoo_ret
GTM,1112040320.0,-0.6770921421911487,,2026-09-21T08:08:28Z,yahoo_mcap|yahoo_ret
REAL,1149792000.0,-0.13223144983099644,,2026-09-21T08:08:28Z,yahoo_mcap|yahoo_ret
APMD,1207292672.0,0.15999999999999992,,2026-09-21T08:08:28Z,yahoo_mcap|yahoo_ret
THRM,1117363328.0,0.03857138497488832,,2026-09-21T08:08:28Z,yahoo_mcap|yahoo_ret
TDOC,1144609280.0,-0.20754712680713794,,2026-09-21T08:08:28Z,yahoo_mcap|yahoo_ret
ECVT,1142850048.0,0.13973796444252318,,2026-09-21T08:08:28Z,yahoo_mcap|yahoo_ret
GDRX,1153071360.0,-0.1815980579219737,,2026-09-21T08:08:28Z,yahoo_mcap|yahoo_ret
AORT,1138457728.0,-0.4241676739631337,,2026-09-21T08:08:28Z,yahoo_mcap|yahoo_ret
AIIR,1193276416.0,-0.27555990987360246,,2026-09-21T08:08:28Z,yahoo_mcap|yahoo_ret
AMTB,1167857664.0,0.46307340912191797,,2026-09-21T08:08:28Z,yahoo_mcap|yahoo_ret
BRAI,1147911424.0,-0.6247473475143184,,2026-09-21T08:08:28Z,yahoo_mcap|yahoo_ret
SCSC,1145723136.0,0.29863018399295527,,2026-09-21T08:08:28Z,yahoo_mcap|yahoo_ret
HZO,1160878848.0,1.0807601305242605,,2026-09-21T08:08:28Z,yahoo_mcap|yahoo_ret
PSEC,1144134912.0,-0.0031618131639009617,,2026-09-21T08:08:28Z,yahoo_mcap|yahoo_ret
WLFC,1148548096.0,0.1279367250498673,,2026-09-21T08:08:28Z,yahoo_mcap|yahoo_ret
HFWA,1153409664.0,0.18095292505939842,,2026-09-21T08:08:28Z,yahoo_mcap|yahoo_ret
AVEX,1121001344.0,-0.39844037952625233,,2026-09-21T08:08:28Z,yahoo_mcap|yahoo_ret
DEA,1146735872.0,0.10387582154056774,,2026-09-21T08:08:28Z,yahoo_mcap|yahoo_ret
LGIH,1129401088.0,-0.14093717972647912,,2026-09-21T08:08:28Z,yahoo_mcap|yahoo_ret
GO,1116682368.0,-0.3190331735770314,,2026-09-21T08:08:28Z,yahoo_mcap|yahoo_ret
ODTX,1171666816.0,0.48477460703333053,,2026-09-21T08:08:28Z,yahoo_mcap|yahoo_ret
SPTX,1145018496.0,0.07812496094453758,,2026-09-21T08:08:28Z,yahoo_mcap|yahoo_ret
PD,1101098240.0,-0.14215684670386308,,2026-09-21T08:08:28Z,yahoo_mcap|yahoo_ret
TNC,1149123072.0,-0.14988689219712048,,2026-09-21T08:08:28Z,yahoo_mcap|yahoo_ret
MNKD,1138267392.0,-0.3480662847578515,,2026-09-21T08:08:28Z,yahoo_mcap|yahoo_ret
PCT,1149175552.0,-0.5887850573013609,,2026-09-21T08:08:28Z,yahoo_mcap|yahoo_ret
UTI,1182894592.0,-0.24107463349107217,,2026-09-21T08:08:28Z,yahoo_mcap|yahoo_ret
GSBD,1091919872.0,0.012862953727323934,,2026-09-21T08:08:28Z,yahoo_mcap|yahoo_ret
ESBA,1117971072.0,-0.44419666090358767,,2026-09-21T08:08:28Z,yahoo_mcap|yahoo_ret
SPH,1117432448.0,-0.015990640630719866,,2026-09-21T08:08:28Z,yahoo_mcap|yahoo_ret
TRUP,1093565184.0,-0.445231235745006,,2026-09-21T08:08:28Z,yahoo_mcap|yahoo_ret
LOMA,1109784960.0,0.3190014117289772,,2026-09-21T08:08:28Z,yahoo_mcap|yahoo_ret
EOS,1126567424.0,-0.05347801517380468,,2026-09-21T08:08:28Z,yahoo_mcap|yahoo_ret
PDS,1103291776.0,0.5377193250154193,,2026-09-21T08:08:28Z,yahoo_mcap|yahoo_ret
BH-A,1087593728.0,0.10874122706589717,,2026-09-21T08:08:28Z,yahoo_mcap|yahoo_ret
OCSL,1093141248.0,0.04634990087969171,,2026-09-21T08:08:28Z,yahoo_mcap|yahoo_ret
AIP,1096091904.0,1.2593717827381083,,2026-09-21T08:08:28Z,yahoo_mcap|yahoo_ret
CSTL,1079619584.0,0.44776732378122297,,2026-09-21T08:08:28Z,yahoo_mcap|yahoo_ret
CDRE,1125757184.0,-0.212592413849521,,2026-09-21T08:08:28Z,yahoo_mcap|yahoo_ret
MUX,1135061632.0,0.30853990364999784,,2026-09-21T08:08:28Z,yahoo_mcap|yahoo_ret
LMRI,1064510720.0,-0.4017278806782498,,2026-09-21T08:08:28Z,yahoo_mcap|yahoo_ret
MRTN,1102432512.0,0.24153630884607735,,2026-09-21T08:08:28Z,yahoo_mcap|yahoo_ret
VCX,1124388096.0,-0.5875788033471563,,2026-09-21T08:08:28Z,yahoo_mcap|yahoo_ret
BOW,1111496960.0,0.2189306830375244,,2026-09-21T08:08:28Z,yahoo_mcap|yahoo_ret
NXRT,1085744000.0,-0.3035664454868586,,2026-09-21T08:08:28Z,yahoo_mcap|yahoo_ret
FSBC,1091143296.0,0.38156394462956755,,2026-09-21T08:08:28Z,yahoo_mcap|yahoo_ret
YELP,1065194816.0,-0.3832862328677936,,2026-09-21T08:08:28Z,yahoo_mcap|yahoo_ret
MCB,1105757824.0,0.14016073399033702,,2026-09-21T08:08:28Z,yahoo_mcap|yahoo_ret
SVRA,1103320320.0,0.5212464388335105,,2026-09-21T08:08:28Z,yahoo_mcap|yahoo_ret
UVV,1099053184.0,-0.1496926491301518,,2026-09-21T08:08:28Z,yahoo_mcap|yahoo_ret
AOD,1107396608.0,0.2546618575683528,,2026-09-21T08:08:28Z,yahoo_mcap|yahoo_ret
NEWP,1113551360.0,1.40963854498791,,2026-09-21T08:08:28Z,yahoo_mcap|yahoo_ret
PRCT,1098533632.0,-0.4838192149742633,,2026-09-21T08:08:28Z,yahoo_mcap|yahoo_ret
DLX,1068910080.0,0.2629818565280495,,2026-09-21T08:08:28Z,yahoo_mcap|yahoo_ret
IQ,974674944.0,-0.611538450957755,,2026-09-21T08:08:28Z,yahoo_mcap|yahoo_ret
RCAT,1030822016.0,-0.3546845147817239,,2026-09-21T08:08:28Z,yahoo_mcap|yahoo_ret
HSLV,1119378816.0,-0.17168673033256732,,2026-09-21T08:08:28Z,yahoo_mcap|yahoo_ret
CFFN,1097988096.0,0.459566630830438,,2026-09-21T08:08:28Z,yahoo_mcap|yahoo_ret
AVO,1131051264.0,0.030351369558534014,,2026-09-21T08:08:28Z,yahoo_mcap|yahoo_ret
CRI,1088119424.0,-0.023232083810013737,,2026-09-21T08:08:28Z,yahoo_mcap|yahoo_ret
ABTC,1230379136.0,-0.9052977005441586,,2026-09-21T08:08:28Z,yahoo_mcap|yahoo_ret
OBX,1096468608.0,0.014285714285714235,,2026-09-21T08:08:28Z,yahoo_mcap|yahoo_ret
BW,1096382976.0,1.2507645799523952,,2026-09-21T08:08:28Z,yahoo_mcap|yahoo_ret
NPKI,1080902912.0,0.16575086568650144,,2026-09-21T08:08:28Z,yahoo_mcap|yahoo_ret
AEVA,1031645248.0,-0.19037201122497582,,2026-09-21T08:08:28Z,yahoo_mcap|yahoo_ret
JBIO,1077339776.0,1.2830189164254846,,2026-09-21T08:08:28Z,yahoo_mcap|yahoo_ret
STAA,1043997760.0,-0.23568282416437092,,2026-09-21T08:08:28Z,yahoo_mcap|yahoo_ret
IGIC,1059516800.0,0.10796212878315203,,2026-09-21T08:08:28Z,yahoo_mcap|yahoo_ret
FTK,1137321472.0,1.4116742330686192,,2026-09-21T08:08:28Z,yahoo_mcap|yahoo_ret
TUYA,1005501440.0,-0.3528505905355134,,2026-09-21T08:08:28Z,yahoo_mcap|yahoo_ret
FSCO,1061915648.0,-0.18841070278903915,,2026-09-21T08:08:28Z,yahoo_mcap|yahoo_ret
ASA,1075342336.0,0.3843131330031355,,2026-09-21T08:08:28Z,yahoo_mcap|yahoo_ret
NPK,1060276864.0,0.3256760293729739,,2026-09-21T08:08:28Z,yahoo_mcap|yahoo_ret
CRVS,1056559104.0,1.1396934692479017,,2026-09-21T08:08:28Z,yahoo_mcap|yahoo_ret
SBR,1071290304.0,0.018748080163081493,,2026-09-21T08:08:28Z,yahoo_mcap|yahoo_ret
GPRE,1061944192.0,0.5699482090588588,,2026-09-21T08:08:28Z,yahoo_mcap|yahoo_ret
CPAC,1060848768.0,0.723226737791228,,2026-09-21T08:08:28Z,yahoo_mcap|yahoo_ret
ASM,1083676544.0,0.37204300722423667,,2026-09-21T08:08:28Z,yahoo_mcap|yahoo_ret
UPWK,1042943168.0,-0.5839561281297339,,2026-09-21T08:08:28Z,yahoo_mcap|yahoo_ret
XIFR,1031641984.0,0.10728739409557853,,2026-09-21T08:08:28Z,yahoo_mcap|yahoo_ret
MSEX,1042447104.0,0.07587162755321697,,2026-09-21T08:08:28Z,yahoo_mcap|yahoo_ret
IRMD,1050067712.0,0.18058369372307093,,2026-09-21T08:08:28Z,yahoo_mcap|yahoo_ret
GLUE,1034851520.0,0.9162717631344157,,2026-09-21T08:08:28Z,yahoo_mcap|yahoo_ret
BFS,1050205056.0,0.02351272422893591,,2026-09-21T08:08:28Z,yahoo_mcap|yahoo_ret
DFH,1027573632.0,-0.5875726674173156,,2026-09-21T08:08:28Z,yahoo_mcap|yahoo_ret
ARHS,1102597120.0,-0.26093910343930293,,2026-09-21T08:08:28Z,yahoo_mcap|yahoo_ret
BRBR,1044178112.0,-0.7505555682712131,,2026-09-21T08:08:28Z,yahoo_mcap|yahoo_ret
WINA,1025133184.0,-0.4164571099658798,,2026-09-21T08:08:28Z,yahoo_mcap|yahoo_ret
ATTO,1010718976.0,0.010958893849253526,,2026-09-21T08:08:28Z,yahoo_mcap|yahoo_ret
LAC,1038302784.0,-0.12000003227820766,,2026-09-21T08:08:28Z,yahoo_mcap|yahoo_ret
HPK,1053351808.0,0.2526090949785933,,2026-09-21T08:08:28Z,yahoo_mcap|yahoo_ret
MLTX,1054471872.0,-0.7696169463638515,,2026-09-21T08:08:28Z,yahoo_mcap|yahoo_ret
CRF,1035203136.0,-0.07755394609210597,,2026-09-21T08:08:28Z,yahoo_mcap|yahoo_ret
KURA,1043507968.0,0.42181812633167604,,2026-09-21T08:08:28Z,yahoo_mcap|yahoo_ret
LZ,1012175040.0,-0.4602739771363764,,2026-09-21T08:08:28Z,yahoo_mcap|yahoo_ret
CII,1044528192.0,0.23466682720986487,,2026-09-21T08:08:28Z,yahoo_mcap|yahoo_ret
MBWM,1037674240.0,0.3154838085146259,,2026-09-21T08:08:28Z,yahoo_mcap|yahoo_ret
ETW,1044710656.0,0.1584649367807327,,2026-09-21T08:08:28Z,yahoo_mcap|yahoo_ret
LU,1022692864.0,-0.6445783219051597,,2026-09-21T08:08:28Z,yahoo_mcap|yahoo_ret
UPBD,998668736.0,-0.3006848824941848,,2026-09-21T08:08:28Z,yahoo_mcap|yahoo_ret
ENOV,1040357760.0,-0.4425216138668251,,2026-09-21T08:08:28Z,yahoo_mcap|yahoo_ret
ITRN,1021842112.0,0.5439786826683468,,2026-09-21T08:08:28Z,yahoo_mcap|yahoo_ret
HRTG,1023389696.0,0.21197178279140338,,2026-09-21T08:08:28Z,yahoo_mcap|yahoo_ret
VMET,1033880320.0,-0.0471414497934487,,2026-09-21T08:08:28Z,yahoo_mcap|yahoo_ret
BMEZ,1031273152.0,0.2600823497837472,,2026-09-21T08:08:28Z,yahoo_mcap|yahoo_ret
TRIP,1028632768.0,-0.5305363681144385,,2026-09-21T08:08:28Z,yahoo_mcap|yahoo_ret
CRAI,1038067136.0,-0.20463104615877536,,2026-09-21T08:08:28Z,yahoo_mcap|yahoo_ret
JANX,1014259072.0,-0.2925373299429975,,2026-09-21T08:08:28Z,yahoo_mcap|yahoo_ret
BTX,1023549376.0,0.3665201948938188,,2026-09-21T08:08:28Z,yahoo_mcap|yahoo_ret
PSIX,1058012160.0,-0.5829241904729136,,2026-09-21T08:08:28Z,yahoo_mcap|yahoo_ret
SGML,1122306048.0,0.6452145810509475,,2026-09-21T08:08:28Z,yahoo_mcap|yahoo_ret
SLBT,964506752.0,-0.8334140377352077,,2026-09-21T08:08:28Z,yahoo_mcap|yahoo_ret
EQBK,1009649728.0,0.18698396975236098,,2026-09-21T08:08:28Z,yahoo_mcap|yahoo_ret
HELP,903754368.0,1.0616666475931802,,2026-09-21T08:08:28Z,yahoo_mcap|yahoo_ret
MCBS,1006767360.0,0.2487191833931106,,2026-09-21T08:08:28Z,yahoo_mcap|yahoo_ret
BFST,1003187392.0,0.3004881370959325,,2026-09-21T08:08:28Z,yahoo_mcap|yahoo_ret
QFIN,983605184.0,-0.7018336902222239,,2026-09-21T08:08:28Z,yahoo_mcap|yahoo_ret
CCNE,1011553216.0,0.3392526099231534,,2026-09-21T08:08:28Z,yahoo_mcap|yahoo_ret
QNST,1004270464.0,0.051527781634758796,,2026-09-21T08:08:28Z,yahoo_mcap|yahoo_ret
CMP,1002083456.0,0.3246393026005354,,2026-09-21T08:08:28Z,yahoo_mcap|yahoo_ret
CSR,991120704.0,0.010952047544289023,,2026-09-21T08:08:28Z,yahoo_mcap|yahoo_ret
TBLA,972559360.0,0.028571401323590928,,2026-09-21T08:08:28Z,yahoo_mcap|yahoo_ret
PTA,998238592.0,-0.08535509013056952,,2026-09-21T08:08:28Z,yahoo_mcap|yahoo_ret
AMPH,1004746304.0,-0.14544134005735843,,2026-09-21T08:08:28Z,yahoo_mcap|yahoo_ret
HBNC,1000191232.0,0.225095142187137,,2026-09-21T08:08:28Z,yahoo_mcap|yahoo_ret
ALMS,1005711808.0,0.8633093138530683,,2026-09-21T08:08:28Z,yahoo_mcap|yahoo_ret
QMCO,988796928.0,1.1119528544523627,,2026-09-21T08:08:28Z,yahoo_mcap|yahoo_ret
BV,986189952.0,-0.20284431944521275,,2026-09-21T08:08:28Z,yahoo_mcap|yahoo_ret
ABUS,992509824.0,0.1788235832663143,,2026-09-21T08:08:28Z,yahoo_mcap|yahoo_ret
RXT,968516800.0,1.6388887509151795,,2026-09-21T08:08:28Z,yahoo_mcap|yahoo_ret
CRML,988561280.0,-0.06267406964120525,,2026-09-21T08:08:28Z,yahoo_mcap|yahoo_ret
SIFY,989456832.0,0.1478991836387309,,2026-09-21T08:08:28Z,yahoo_mcap|yahoo_ret
CHY,1001428864.0,0.21056201663603802,,2026-09-21T08:08:28Z,yahoo_mcap|yahoo_ret
NBBK,998185216.0,0.25155258870273745,,2026-09-21T08:08:28Z,yahoo_mcap|yahoo_ret
SBGI,943925824.0,-0.008422933717103787,,2026-09-21T08:08:28Z,yahoo_mcap|yahoo_ret
SGP,972667264.0,0.10151516454169474,,2026-09-21T08:08:28Z,yahoo_mcap|yahoo_ret
NWPX,976537728.0,0.9216765164181373,,2026-09-21T08:08:28Z,yahoo_mcap|yahoo_ret
KRT,993994880.0,1.2077507495610038,,2026-09-21T08:08:28Z,yahoo_mcap|yahoo_ret
GHM,986380288.0,0.5664491803413902,,2026-09-21T08:08:28Z,yahoo_mcap|yahoo_ret
CHI,980969024.0,0.22970365337961374,,2026-09-21T08:08:28Z,yahoo_mcap|yahoo_ret
ANL,1013623488.0,7.9127969887437,,2026-09-21T08:08:28Z,yahoo_mcap|yahoo_ret
PCRX,984190016.0,-0.07389344803562403,,2026-09-21T08:08:28Z,yahoo_mcap|yahoo_ret
CBRL,1007156800.0,0.0635842298425,,2026-09-21T08:08:28Z,yahoo_mcap|yahoo_ret
IBTA,965505920.0,0.5939417107527731,,2026-09-21T08:08:28Z,yahoo_mcap|yahoo_ret
CAC,972425088.0,0.48403765931772424,,2026-09-21T08:08:28Z,yahoo_mcap|yahoo_ret
OI,932714688.0,-0.5376999147939581,,2026-09-21T08:08:28Z,yahoo_mcap|yahoo_ret
GFR,1601155200.0,0.32405558044019744,,2026-09-21T08:08:28Z,yahoo_mcap|yahoo_ret
PSTL,940484736.0,0.5320137663195574,,2026-09-21T08:08:28Z,yahoo_mcap|yahoo_ret
GLIBA,962508416.0,-0.33148559824980683,,2026-09-21T08:08:28Z,yahoo_mcap|yahoo_ret
SAFE,930525952.0,-0.1538770477351824,,2026-09-21T08:08:28Z,yahoo_mcap|yahoo_ret
UTL,946848064.0,0.18887908239135043,,2026-09-21T08:08:28Z,yahoo_mcap|yahoo_ret
CPF,969133312.0,0.25857047256756815,,2026-09-21T08:08:28Z,yahoo_mcap|yahoo_ret
DEC,948586368.0,0.06176113599485755,,2026-09-21T08:08:28Z,yahoo_mcap|yahoo_ret
MUC,956908608.0,-0.0007819454544039095,,2026-09-21T08:08:28Z,yahoo_mcap|yahoo_ret
FRBT,895991296.0,-0.024861920080407884,,2026-09-21T08:08:28Z,yahoo_mcap|yahoo_ret
TRST,964961984.0,0.49514897091194143,,2026-09-21T08:08:28Z,yahoo_mcap|yahoo_ret
BBNX,1152330368.0,-0.025378438025773442,,2026-09-21T08:08:28Z,yahoo_mcap|yahoo_ret
CBLL,935274304.0,0.9893878236108897,,2026-09-21T08:08:28Z,yahoo_mcap|yahoo_ret
NXDR,963252544.0,0.07792210875148964,,2026-09-21T08:08:28Z,yahoo_mcap|yahoo_ret
PXED,960302080.0,-0.2865301887403514,,2026-09-21T08:08:28Z,yahoo_mcap|yahoo_ret
FEIM,964204224.0,1.7823682308435402,,2026-09-21T08:08:28Z,yahoo_mcap|yahoo_ret
JMIA,928699584.0,-0.40189329795929285,,2026-09-21T08:08:28Z,yahoo_mcap|yahoo_ret
BCX,950688960.0,0.3383056794875037,,2026-09-21T08:08:28Z,yahoo_mcap|yahoo_ret
HAFC,958263936.0,0.3331034000415234,,2026-09-21T08:08:28Z,yahoo_mcap|yahoo_ret
HEPS,893063040.0,-0.14675769862118393,,2026-09-21T08:08:28Z,yahoo_mcap|yahoo_ret
LAR,946857024.0,0.7591463509927117,,2026-09-21T08:08:28Z,yahoo_mcap|yahoo_ret
SABR,912098048.0,0.20212765755077022,,2026-09-21T08:08:28Z,yahoo_mcap|yahoo_ret
KRO,921931136.0,0.3830848589389442,,2026-09-21T08:08:28Z,yahoo_mcap|yahoo_ret
VYX,930591104.0,-0.4870624356913983,,2026-09-21T08:08:28Z,yahoo_mcap|yahoo_ret
KODK,934945024.0,0.5428110020120371,,2026-09-21T08:08:28Z,yahoo_mcap|yahoo_ret
BBDC,915138112.0,0.06857644698588472,,2026-09-21T08:08:28Z,yahoo_mcap|yahoo_ret
DXYZ,953879936.0,0.19549441876592133,,2026-09-21T08:08:28Z,yahoo_mcap|yahoo_ret
FET,941679168.0,2.1090910233741966,,2026-09-21T08:08:28Z,yahoo_mcap|yahoo_ret
ASTE,951894912.0,-0.12477019975967552,,2026-09-21T08:08:28Z,yahoo_mcap|yahoo_ret
SBSI,937460992.0,0.09322014682386603,,2026-09-21T08:08:28Z,yahoo_mcap|yahoo_ret
BKSY,886841472.0,0.03239639412056827,,2026-09-21T08:08:28Z,yahoo_mcap|yahoo_ret
SANA,928017984.0,0.00323624295826086,,2026-09-21T08:08:28Z,yahoo_mcap|yahoo_ret
RNP,926401536.0,-0.06638365638701482,,2026-09-21T08:08:28Z,yahoo_mcap|yahoo_ret
HTLD,917938048.0,0.4277366584259723,,2026-09-21T08:08:28Z,yahoo_mcap|yahoo_ret
SLDB,955376896.0,0.7402343840949472,,2026-09-21T08:08:28Z,yahoo_mcap|yahoo_ret
MTA,951788032.0,0.7461407269975551,,2026-09-21T08:08:28Z,yahoo_mcap|yahoo_ret
REPX,946811136.0,0.7266423718465849,,2026-09-21T08:08:28Z,yahoo_mcap|yahoo_ret
NAVI,891884160.0,-0.23397452516706174,,2026-09-21T08:08:28Z,yahoo_mcap|yahoo_ret
MPB,935882816.0,0.2123135798201774,,2026-09-21T08:08:28Z,yahoo_mcap|yahoo_ret
NX,920648512.0,0.4887550923126882,,2026-09-21T08:08:28Z,yahoo_mcap|yahoo_ret
ACEL,915050496.0,0.01898734450086481,,2026-09-21T08:08:28Z,yahoo_mcap|yahoo_ret
TDAY,916143872.0,0.45116267310019764,,2026-09-21T08:08:28Z,yahoo_mcap|yahoo_ret
AEBI,930462912.0,-0.03231103418985115,,2026-09-21T08:08:28Z,yahoo_mcap|yahoo_ret
CIM,909232192.0,-0.11800550754170447,,2026-09-21T08:08:28Z,yahoo_mcap|yahoo_ret
FMNB,921892224.0,0.11754676261752306,,2026-09-21T08:08:28Z,yahoo_mcap|yahoo_ret
PDX,924986752.0,0.06084221384742139,,2026-09-21T08:08:28Z,yahoo_mcap|yahoo_ret
PLOW,920543360.0,0.27089947205696285,,2026-09-21T08:08:28Z,yahoo_mcap|yahoo_ret
BBN,920708416.0,-0.02300803165638221,,2026-09-21T08:08:28Z,yahoo_mcap|yahoo_ret
DJCO,897777088.0,0.45453539604449444,,2026-09-21T08:08:28Z,yahoo_mcap|yahoo_ret
STK,931645440.0,0.5915100136724356,,2026-09-21T08:08:28Z,yahoo_mcap|yahoo_ret
RHLD,924667136.0,0.6904932831876496,,2026-09-21T08:08:28Z,yahoo_mcap|yahoo_ret
KFRC,929118912.0,0.8020678151024334,,2026-09-21T08:08:28Z,yahoo_mcap|yahoo_ret
TTI,900282496.0,0.14716975564165824,,2026-09-21T08:08:28Z,yahoo_mcap|yahoo_ret
ACDC,941574720.0,0.4401114762951823,,2026-09-21T08:08:28Z,yahoo_mcap|yahoo_ret
HSHP,907079104.0,1.4215697648026069,,2026-09-21T08:08:28Z,yahoo_mcap|yahoo_ret
SB,1044991296.0,1.0824388903671878,,2026-09-21T08:08:28Z,yahoo_mcap|yahoo_ret
THFF,910324672.0,0.35547004130486903,,2026-09-21T08:08:28Z,yahoo_mcap|yahoo_ret
NNE,844671808.0,-0.6603325615250684,,2026-09-21T08:08:28Z,yahoo_mcap|yahoo_ret
ABR,867676992.0,-0.5887243303547904,,2026-09-21T08:08:28Z,yahoo_mcap|yahoo_ret
MAKO,923366336.0,1.0912698495294921,,2026-09-21T08:08:28Z,yahoo_mcap|yahoo_ret
FSSL,895070016.0,-0.07638310250340175,,2026-09-21T08:08:28Z,yahoo_mcap|yahoo_ret
EVLV,901155776.0,-0.3760896145101018,,2026-09-21T08:08:28Z,yahoo_mcap|yahoo_ret
ANGX,984205824.0,-0.12166666984558105,,2026-09-21T08:08:28Z,yahoo_mcap|yahoo_ret
CRESY,905005568.0,0.5589864827862634,,2026-09-21T08:08:28Z,yahoo_mcap|yahoo_ret
LXRX,912159616.0,0.7226889527254048,,2026-09-21T08:08:28Z,yahoo_mcap|yahoo_ret
REF,864330432.0,-0.029840836309138696,,2026-09-21T08:08:28Z,yahoo_mcap|yahoo_ret
RZLV,905338624.0,-0.6591591542140092,,2026-09-21T08:08:28Z,yahoo_mcap|yahoo_ret
ABX,857638080.0,0.4509521308701576,,2026-09-21T08:08:28Z,yahoo_mcap|yahoo_ret
SMPL,895909440.0,-0.6157056191241941,,2026-09-21T08:08:28Z,yahoo_mcap|yahoo_ret
KOPN,881036096.0,0.7620816618182316,,2026-09-21T08:08:28Z,yahoo_mcap|yahoo_ret
HSTM,894317824.0,0.013586210833001822,,2026-09-21T08:08:28Z,yahoo_mcap|yahoo_ret
ODD,835315648.0,-0.7102863366401164,,2026-09-21T08:08:28Z,yahoo_mcap|yahoo_ret
FTH,891494656.0,2.8333333333333335,,2026-09-21T08:08:28Z,yahoo_mcap|yahoo_ret
EIG,879526016.0,0.19606263968762883,,2026-09-21T08:08:28Z,yahoo_mcap|yahoo_ret
BZH,888965056.0,0.3376154114383032,,2026-09-21T08:08:28Z,yahoo_mcap|yahoo_ret
FCBC,887083456.0,0.3713216857214514,,2026-09-21T08:08:28Z,yahoo_mcap|yahoo_ret
OXLC,891094976.0,-0.28254776356664735,,2026-09-21T08:08:28Z,yahoo_mcap|yahoo_ret
AVTX,888648896.0,0.40067623006655406,,2026-09-21T08:08:28Z,yahoo_mcap|yahoo_ret
SMBK,883819968.0,0.41254008472599146,,2026-09-21T08:08:28Z,yahoo_mcap|yahoo_ret
JBGS,867297280.0,-0.5047472814427327,,2026-09-21T08:08:28Z,yahoo_mcap|yahoo_ret
WVE,857159552.0,-0.3686502193139538,,2026-09-21T08:08:28Z,yahoo_mcap|yahoo_ret
IMMX,894241408.0,4.7077624079448475,,2026-09-21T08:08:28Z,yahoo_mcap|yahoo_ret
TBPH,883657152.0,0.22622480673151157,,2026-09-21T08:08:28Z,yahoo_mcap|yahoo_ret
BUR,871750464.0,-0.6765323087973707,,2026-09-21T08:08:28Z,yahoo_mcap|yahoo_ret
KBDC,863114112.0,0.0286127042250095,,2026-09-21T08:08:28Z,yahoo_mcap|yahoo_ret
RPC,867576512.0,-0.33053189429301943,,2026-09-21T08:08:28Z,yahoo_mcap|yahoo_ret
KOP,857261440.0,0.5775412488688336,,2026-09-21T08:08:28Z,yahoo_mcap|yahoo_ret
RERE,868244224.0,-0.04506165289058439,,2026-09-21T08:08:28Z,yahoo_mcap|yahoo_ret
BVS,881819392.0,0.8629148870422285,,2026-09-21T08:08:28Z,yahoo_mcap|yahoo_ret
PLTK,842934208.0,-0.32194722483630056,,2026-09-21T08:08:28Z,yahoo_mcap|yahoo_ret
IVA,892914048.0,-0.33097346768381797,,2026-09-21T08:08:28Z,yahoo_mcap|yahoo_ret
ARDX,883001472.0,-0.44927535341618885,,2026-09-21T08:08:28Z,yahoo_mcap|yahoo_ret
CADL,830226496.0,1.2557173618592326,,2026-09-21T08:08:28Z,yahoo_mcap|yahoo_ret
MNTN,844527680.0,-0.4416419216000448,,2026-09-21T08:08:28Z,yahoo_mcap|yahoo_ret
ELVR,867049600.0,1.0652872721354165,,2026-09-21T08:08:28Z,yahoo_mcap|yahoo_ret
GSBC,859922304.0,0.2882586324225189,,2026-09-21T08:08:28Z,yahoo_mcap|yahoo_ret
MFA,845095104.0,-0.014198380810836131,,2026-09-21T08:08:28Z,yahoo_mcap|yahoo_ret
EGBN,863306048.0,0.34002861671382867,,2026-09-21T08:08:28Z,yahoo_mcap|yahoo_ret
VRTS,827836224.0,-0.3031689650238796,,2026-09-21T08:08:28Z,yahoo_mcap|yahoo_ret
NRK,847054784.0,0.045509463489168844,,2026-09-21T08:08:28Z,yahoo_mcap|yahoo_ret
AWF,861434496.0,-0.053941618661292434,,2026-09-21T08:08:28Z,yahoo_mcap|yahoo_ret
CVLG,857768896.0,0.5388747736314679,,2026-09-21T08:08:28Z,yahoo_mcap|yahoo_ret
CCBG,857204992.0,0.183750209713071,,2026-09-21T08:08:28Z,yahoo_mcap|yahoo_ret
CYRX,862047680.0,0.7071213642841612,,2026-09-21T08:08:28Z,yahoo_mcap|yahoo_ret
WRLD,848847616.0,0.058092250699760095,,2026-09-21T08:08:28Z,yahoo_mcap|yahoo_ret
RIGL,871228864.0,0.3433179075419375,,2026-09-21T08:08:28Z,yahoo_mcap|yahoo_ret
SVC,839221504.0,-0.5304233325289102,,2026-09-21T08:08:28Z,yahoo_mcap|yahoo_ret
OLMA,859226496.0,0.20195833575545596,,2026-09-21T08:08:28Z,yahoo_mcap|yahoo_ret
CAPL,837521280.0,0.151291019865609,,2026-09-21T08:08:28Z,yahoo_mcap|yahoo_ret
PCN,840926976.0,-0.06897353941898832,,2026-09-21T08:08:28Z,yahoo_mcap|yahoo_ret
HTD,837962624.0,0.0464463651773368,,2026-09-21T08:08:28Z,yahoo_mcap|yahoo_ret
MCS,853434176.0,0.8012089652031849,,2026-09-21T08:08:28Z,yahoo_mcap|yahoo_ret
SATL,785610944.0,0.396174867125616,,2026-09-21T08:08:28Z,yahoo_mcap|yahoo_ret
HIVE,935285760.0,-0.10026382054013194,,2026-09-21T08:08:28Z,yahoo_mcap|yahoo_ret
TIGR,850668544.0,-0.575784737139124,,2026-09-21T08:08:28Z,yahoo_mcap|yahoo_ret
GERN,835215424.0,-0.015151590409901994,,2026-09-21T08:08:28Z,yahoo_mcap|yahoo_ret
DAKT,837292992.0,-0.21364045495176665,,2026-09-21T08:08:28Z,yahoo_mcap|yahoo_ret
BLZE,814603968.0,0.31731733222443625,,2026-09-21T08:08:28Z,yahoo_mcap|yahoo_ret
AIO,848922304.0,0.1573252090626298,,2026-09-21T08:08:28Z,yahoo_mcap|yahoo_ret
INMD,825758912.0,-0.023809485192973434,,2026-09-21T08:08:28Z,yahoo_mcap|yahoo_ret
HIPO,824404224.0,-0.16336369460477784,,2026-09-21T08:08:28Z,yahoo_mcap|yahoo_ret
RPD,806785664.0,-0.4100542273574509,,2026-09-21T08:08:28Z,yahoo_mcap|yahoo_ret
OGG,831878912.0,-0.13375798161215757,,2026-09-21T08:08:28Z,yahoo_mcap|yahoo_ret
CODI,829852736.0,0.5319444479397786,,2026-09-21T08:08:28Z,yahoo_mcap|yahoo_ret
CEVA,852223744.0,0.1457229511866749,,2026-09-21T08:08:28Z,yahoo_mcap|yahoo_ret
ARI,825254720.0,0.017540473291757674,,2026-09-21T08:08:28Z,yahoo_mcap|yahoo_ret
SMP,821452544.0,-0.03845046940584751,,2026-09-21T08:08:28Z,yahoo_mcap|yahoo_ret
SOC,874925248.0,-0.806451610944587,,2026-09-21T08:08:28Z,yahoo_mcap|yahoo_ret
ADSE,872157440.0,0.24330123004566806,,2026-09-21T08:08:28Z,yahoo_mcap|yahoo_ret
YALA,825949696.0,-0.27369823451832564,,2026-09-21T08:08:28Z,yahoo_mcap|yahoo_ret
VPG,833307648.0,0.9030985726171468,,2026-09-21T08:08:28Z,yahoo_mcap|yahoo_ret
SKYH,822009088.0,-0.0009920862061038038,,2026-09-21T08:08:28Z,yahoo_mcap|yahoo_ret
CRTO,818259264.0,-0.23813865397746148,,2026-09-21T08:08:28Z,yahoo_mcap|yahoo_ret
RSKD,819954368.0,0.30188680565586856,,2026-09-21T08:08:28Z,yahoo_mcap|yahoo_ret
ORRF,827304512.0,0.22370748693055975,,2026-09-21T08:08:28Z,yahoo_mcap|yahoo_ret
SXC,805462272.0,0.27393199387856315,,2026-09-21T08:08:28Z,yahoo_mcap|yahoo_ret
SPFI,826659904.0,0.1371301668395002,,2026-09-21T08:08:28Z,yahoo_mcap|yahoo_ret
EVER,815447808.0,-0.09254904354319848,,2026-09-21T08:08:28Z,yahoo_mcap|yahoo_ret
AVR,795261120.0,0.5572519472974797,,2026-09-21T08:08:28Z,yahoo_mcap|yahoo_ret
RJET,827768768.0,-0.1203980114609825,,2026-09-21T08:08:28Z,yahoo_mcap|yahoo_ret
SCZM,886197440.0,0.4139465959344042,,2026-09-21T08:08:28Z,yahoo_mcap|yahoo_ret
ADAM,800828864.0,0.3679106563453196,,2026-09-21T08:08:28Z,yahoo_mcap|yahoo_ret
ALRS,816376448.0,0.4660050770141311,,2026-09-21T08:08:28Z,yahoo_mcap|yahoo_ret
TXO,808408640.0,0.16493573636957626,,2026-09-21T08:08:28Z,yahoo_mcap|yahoo_ret
SG,859478272.0,-0.15948781583938665,,2026-09-21T08:08:28Z,yahoo_mcap|yahoo_ret
FOXF,788921920.0,-0.271916215755306,,2026-09-21T08:08:28Z,yahoo_mcap|yahoo_ret
LXU,794852416.0,0.33980585782891404,,2026-09-21T08:08:28Z,yahoo_mcap|yahoo_ret
OBE,818055488.0,0.9774194525878492,,2026-09-21T08:08:28Z,yahoo_mcap|yahoo_ret
APEI,803071744.0,0.221603655482693,,2026-09-21T08:08:28Z,yahoo_mcap|yahoo_ret
DC,819796992.0,0.28092246497821005,,2026-09-21T08:08:28Z,yahoo_mcap|yahoo_ret
LINC,804773952.0,0.20924696819746091,,2026-09-21T08:08:28Z,yahoo_mcap|yahoo_ret
MTUS,792095872.0,0.1645338688632132,,2026-09-21T08:08:28Z,yahoo_mcap|yahoo_ret
PHK,799297024.0,-0.01947926240739639,,2026-09-21T08:08:28Z,yahoo_mcap|yahoo_ret
DQ,816730240.0,-0.5565760470499896,,2026-09-21T08:08:28Z,yahoo_mcap|yahoo_ret
PEO,801328384.0,0.4441737325490225,,2026-09-21T08:08:28Z,yahoo_mcap|yahoo_ret
PGC,802721664.0,0.5669818923972887,,2026-09-21T08:08:28Z,yahoo_mcap|yahoo_ret
CGBD,785060288.0,-0.03682559085367465,,2026-09-21T08:08:28Z,yahoo_mcap|yahoo_ret
SIBN,810768064.0,0.23904107396789254,,2026-09-21T08:08:28Z,yahoo_mcap|yahoo_ret
ACHV,821161856.0,1.8297873077950957,,2026-09-21T08:08:28Z,yahoo_mcap|yahoo_ret
BBSI,794913856.0,-0.2815985344425387,,2026-09-21T08:08:28Z,yahoo_mcap|yahoo_ret
CSIQ,774022976.0,-0.025641042361154165,,2026-09-21T08:08:28Z,yahoo_mcap|yahoo_ret
EOI,805274304.0,0.005865602810206427,,2026-09-21T08:08:28Z,yahoo_mcap|yahoo_ret
FINV,779110208.0,-0.5418631507940238,,2026-09-21T08:08:28Z,yahoo_mcap|yahoo_ret
ROOT,772183680.0,-0.5136612166278212,,2026-09-21T08:08:28Z,yahoo_mcap|yahoo_ret
ACRS,809593920.0,1.8795812021551792,,2026-09-21T08:08:28Z,yahoo_mcap|yahoo_ret
FDMT,840816896.0,1.3060606798411958,,2026-09-21T08:08:28Z,yahoo_mcap|yahoo_ret
SUPV,759846016.0,0.6015936239842632,,2026-09-21T08:08:28Z,yahoo_mcap|yahoo_ret
CLYM,806979392.0,5.082251315482283,,2026-09-21T08:08:28Z,yahoo_mcap|yahoo_ret
FISI,800866432.0,0.5604267531349603,,2026-09-21T08:08:28Z,yahoo_mcap|yahoo_ret
SMBC,798352576.0,0.3155840288798486,,2026-09-21T08:08:28Z,yahoo_mcap|yahoo_ret
DSGN,765999424.0,1.0231403942536788,,2026-09-21T08:08:28Z,yahoo_mcap|yahoo_ret
BTGO,888644928.0,-0.5800000031789143,,2026-09-21T08:08:28Z,yahoo_mcap|yahoo_ret
GCMG,803199168.0,0.05681556960880618,,2026-09-21T08:08:28Z,yahoo_mcap|yahoo_ret
JBSS,787088192.0,0.12534398260360669,,2026-09-21T08:08:28Z,yahoo_mcap|yahoo_ret
THQ,788555200.0,0.2402398187896586,,2026-09-21T08:08:28Z,yahoo_mcap|yahoo_ret
TRNS,804943936.0,0.1398277465669746,,2026-09-21T08:08:28Z,yahoo_mcap|yahoo_ret
MTW,805985024.0,1.2394790988599098,,2026-09-21T08:08:28Z,yahoo_mcap|yahoo_ret
PUBM,799403520.0,1.0336035926226055,,2026-09-21T08:08:28Z,yahoo_mcap|yahoo_ret
APOG,767953216.0,-0.13623739206323948,,2026-09-21T08:08:28Z,yahoo_mcap|yahoo_ret
ANNX,801919744.0,0.4790210399401986,,2026-09-21T08:08:28Z,yahoo_mcap|yahoo_ret
GROY,773813568.0,-0.08991829843716947,,2026-09-21T08:08:28Z,yahoo_mcap|yahoo_ret
SLN,758279872.0,1.4948875546765978,,2026-09-21T08:08:28Z,yahoo_mcap|yahoo_ret
DBVT,776178944.0,0.30000004015470805,,2026-09-21T08:08:28Z,yahoo_mcap|yahoo_ret
FDUS,769958912.0,0.04447775268569143,,2026-09-21T08:08:28Z,yahoo_mcap|yahoo_ret
MITK,754897344.0,0.6418057145402771,,2026-09-21T08:08:28Z,yahoo_mcap|yahoo_ret
STRW,776011264.0,0.1735584913055117,,2026-09-21T08:08:28Z,yahoo_mcap|yahoo_ret
HTB,778406912.0,0.14266990791045697,,2026-09-21T08:08:28Z,yahoo_mcap|yahoo_ret
ASC,778228160.0,0.6158218980841845,,2026-09-21T08:08:28Z,yahoo_mcap|yahoo_ret
VREX,779321216.0,0.5057003398357924,,2026-09-21T08:08:28Z,yahoo_mcap|yahoo_ret
BLSM,818143552.0,0.6087499856948853,,2026-09-21T08:08:28Z,yahoo_mcap|yahoo_ret
SHBI,775237952.0,0.3863787759644153,,2026-09-21T08:08:28Z,yahoo_mcap|yahoo_ret
KPLT,806066048.0,-0.5143149151644264,,2026-09-21T08:08:28Z,yahoo_mcap|yahoo_ret
NRGV,816459648.0,0.4437298786403394,,2026-09-21T08:08:28Z,yahoo_mcap|yahoo_ret
PHAR,746709248.0,-0.29099461629061585,,2026-09-21T08:08:28Z,yahoo_mcap|yahoo_ret
GILT,756431168.0,-0.1556320207915759,,2026-09-21T08:08:28Z,yahoo_mcap|yahoo_ret
LWLG,786252928.0,0.21718373149994186,,2026-09-21T08:08:28Z,yahoo_mcap|yahoo_ret
AOSL,768585088.0,-0.11250877450321461,,2026-09-21T08:08:28Z,yahoo_mcap|yahoo_ret
KDK,658027584.0,-0.5874213773480632,,2026-09-21T08:08:28Z,yahoo_mcap|yahoo_ret
PRAA,790608192.0,0.26658625432043803,,2026-09-21T08:08:28Z,yahoo_mcap|yahoo_ret
CTO,760205056.0,0.3417036061555607,,2026-09-21T08:08:28Z,yahoo_mcap|yahoo_ret
MFIC,743001088.0,-0.17379717098770842,,2026-09-21T08:08:28Z,yahoo_mcap|yahoo_ret
GRPN,775893824.0,-0.1527531289579389,,2026-09-21T08:08:28Z,yahoo_mcap|yahoo_ret
AHCO,761766336.0,-0.3577053073529145,,2026-09-21T08:08:28Z,yahoo_mcap|yahoo_ret
WGO,747146816.0,-0.16702291434606742,,2026-09-21T08:08:28Z,yahoo_mcap|yahoo_ret
QDEL,728270976.0,-0.6309937584370187,,2026-09-21T08:08:28Z,yahoo_mcap|yahoo_ret
WEST,765398720.0,0.5433071398293072,,2026-09-21T08:08:28Z,yahoo_mcap|yahoo_ret
GYRE,800554880.0,0.041379336653084575,,2026-09-21T08:08:28Z,yahoo_mcap|yahoo_ret
NABL,725397184.0,-0.5317073166476765,,2026-09-21T08:08:28Z,yahoo_mcap|yahoo_ret
VBNK,738830848.0,0.8005724417957105,,2026-09-21T08:08:28Z,yahoo_mcap|yahoo_ret
GLAS,751112768.0,0.15173406102909182,,2026-09-21T08:08:28Z,yahoo_mcap|yahoo_ret
BUUU,772143744.0,4.929487034492321,,2026-09-21T08:08:28Z,yahoo_mcap|yahoo_ret
WLKP,747917568.0,0.09757671470973395,,2026-09-21T08:08:28Z,yahoo_mcap|yahoo_ret
GDOT,750494848.0,-0.09172413266938306,,2026-09-21T08:08:28Z,yahoo_mcap|yahoo_ret
MQY,743477952.0,-0.07083105809089907,,2026-09-21T08:08:28Z,yahoo_mcap|yahoo_ret
WASH,749811520.0,0.4129396325711232,,2026-09-21T08:08:28Z,yahoo_mcap|yahoo_ret
LYTS,758268224.0,-0.12118409330228352,,2026-09-21T08:08:28Z,yahoo_mcap|yahoo_ret
IBCP,746429888.0,0.1932059898771663,,2026-09-21T08:08:28Z,yahoo_mcap|yahoo_ret
BTO,740963136.0,0.09257777380626875,,2026-09-21T08:08:28Z,yahoo_mcap|yahoo_ret
RVI,756110272.0,0.3214285714285714,,2026-09-21T08:08:28Z,yahoo_mcap|yahoo_ret
VTS,737246592.0,-0.16715334075977406,,2026-09-21T08:08:28Z,yahoo_mcap|yahoo_ret
FFC,747239168.0,-0.011667171668003018,,2026-09-21T08:08:28Z,yahoo_mcap|yahoo_ret
TASK,744498624.0,-0.28965882597826453,,2026-09-21T08:08:28Z,yahoo_mcap|yahoo_ret
MOV,736750336.0,0.7874304907816978,,2026-09-21T08:08:28Z,yahoo_mcap|yahoo_ret
SWIM,729405696.0,-0.19270834012422722,,2026-09-21T08:08:28Z,yahoo_mcap|yahoo_ret
HNRG,712807552.0,-0.22421754422157025,,2026-09-21T08:08:28Z,yahoo_mcap|yahoo_ret
LUCK,753893952.0,-0.40412314021798645,,2026-09-21T08:08:28Z,yahoo_mcap|yahoo_ret
VLRS,749482944.0,-0.03407407689977571,,2026-09-21T08:08:28Z,yahoo_mcap|yahoo_ret
BCSF,719391744.0,-0.13302402535817426,,2026-09-21T08:08:28Z,yahoo_mcap|yahoo_ret
TCBX,738980992.0,0.1015392322874169,,2026-09-21T08:08:28Z,yahoo_mcap|yahoo_ret
SMWB,726286784.0,-0.15067080509504216,,2026-09-21T08:08:28Z,yahoo_mcap|yahoo_ret
MEGI,733349760.0,0.08949879225093804,,2026-09-21T08:08:28Z,yahoo_mcap|yahoo_ret
FPH,727680320.0,-0.2102728633657952,,2026-09-21T08:08:28Z,yahoo_mcap|yahoo_ret
IPX,755049600.0,-0.5046329221695721,,2026-09-21T08:08:28Z,yahoo_mcap|yahoo_ret
BWMN,735991104.0,-0.01048708376927654,,2026-09-21T08:08:28Z,yahoo_mcap|yahoo_ret
HYLN,750108288.0,1.1212120044475902,,2026-09-21T08:08:28Z,yahoo_mcap|yahoo_ret
EVC,719848768.0,2.260858648858959,,2026-09-21T08:08:28Z,yahoo_mcap|yahoo_ret
HQ,730781952.0,0.3746192322312085,,2026-09-21T08:08:28Z,yahoo_mcap|yahoo_ret
GOOS,728548160.0,-0.4550766788308329,,2026-09-21T08:08:28Z,yahoo_mcap|yahoo_ret
EVEX,710912128.0,-0.49000000953674316,,2026-09-21T08:08:28Z,yahoo_mcap|yahoo_ret
PROK,762438656.0,-0.28731346304311955,,2026-09-21T08:08:28Z,yahoo_mcap|yahoo_ret
RMT,726708032.0,0.38479571280116787,,2026-09-21T08:08:28Z,yahoo_mcap|yahoo_ret
INDI,711653248.0,-0.1542700175050462,,2026-09-21T08:08:28Z,yahoo_mcap|yahoo_ret
PFLT,695517504.0,-0.1769462198572197,,2026-09-21T08:08:28Z,yahoo_mcap|yahoo_ret
GPRK,716449088.0,0.8646901577707953,,2026-09-21T08:08:28Z,yahoo_mcap|yahoo_ret
NAK,736379328.0,0.5057470524133099,,2026-09-21T08:08:28Z,yahoo_mcap|yahoo_ret
IVR,703049984.0,0.08167722051169446,,2026-09-21T08:08:28Z,yahoo_mcap|yahoo_ret
LPTH,693358912.0,0.3674033054563608,,2026-09-21T08:08:28Z,yahoo_mcap|yahoo_ret
MLAB,708101248.0,0.7413166197912395,,2026-09-21T08:08:28Z,yahoo_mcap|yahoo_ret
SOPH,697196864.0,1.4668673930917064,,2026-09-21T08:08:28Z,yahoo_mcap|yahoo_ret
IRWD,720446208.0,2.0921987494522503,,2026-09-21T08:08:28Z,yahoo_mcap|yahoo_ret
PFIS,706131328.0,0.43551275948340407,,2026-09-21T08:08:28Z,yahoo_mcap|yahoo_ret
MOMO,700942144.0,-0.32021454808733374,,2026-09-21T08:08:28Z,yahoo_mcap|yahoo_ret
AROW,700937728.0,0.3361303739578976,,2026-09-21T08:08:28Z,yahoo_mcap|yahoo_ret
BAK,677423168.0,-0.4603174615188641,,2026-09-21T08:08:28Z,yahoo_mcap|yahoo_ret
ZVRA,689445696.0,0.5136896403118503,,2026-09-21T08:08:28Z,yahoo_mcap|yahoo_ret
CWBC,706764544.0,0.23167647378969014,,2026-09-21T08:08:28Z,yahoo_mcap|yahoo_ret
OIO,682123328.0,-0.8316151219642085,,2026-09-21T08:08:28Z,yahoo_mcap|yahoo_ret
CARE,713217472.0,0.568101885841588,,2026-09-21T08:08:28Z,yahoo_mcap|yahoo_ret
CCB,702712448.0,-0.5953523184514086,,2026-09-21T08:08:28Z,yahoo_mcap|yahoo_ret
HOV,680500224.0,-0.20686305237455094,,2026-09-21T08:08:28Z,yahoo_mcap|yahoo_ret
HDL,683092928.0,-0.39401850742381606,,2026-09-21T08:08:28Z,yahoo_mcap|yahoo_ret
CASS,699358272.0,0.35563632825268354,,2026-09-21T08:08:28Z,yahoo_mcap|yahoo_ret
MSBI,696025856.0,0.9735530322611345,,2026-09-21T08:08:28Z,yahoo_mcap|yahoo_ret
BCAL,700881728.0,0.270943079498952,,2026-09-21T08:08:28Z,yahoo_mcap|yahoo_ret
NFGC,707217856.0,-0.13207540910156224,,2026-09-21T08:08:28Z,yahoo_mcap|yahoo_ret
SSYS,700696000.0,-0.24026588766658163,,2026-09-21T08:08:28Z,yahoo_mcap|yahoo_ret
PAYS,696743040.0,1.1957296092293954,,2026-09-21T08:08:28Z,yahoo_mcap|yahoo_ret
VSTM,673792000.0,-0.1779005634897861,,2026-09-21T08:08:28Z,yahoo_mcap|yahoo_ret
SGMT,689339456.0,0.7009202737776641,,2026-09-21T08:08:28Z,yahoo_mcap|yahoo_ret
OFRM,695365184.0,-0.21330165956553038,,2026-09-21T08:08:28Z,yahoo_mcap|yahoo_ret
DGICA,695244096.0,0.009384998536790201,,2026-09-21T08:08:28Z,yahoo_mcap|yahoo_ret
MDXG,696106624.0,-0.32051282138366055,,2026-09-21T08:08:28Z,yahoo_mcap|yahoo_ret
ELMT,699959232.0,0.28308206242429446,,2026-09-21T08:08:28Z,yahoo_mcap|yahoo_ret
NIE,697157504.0,0.11868233970746034,,2026-09-21T08:08:28Z,yahoo_mcap|yahoo_ret
BLMN,690960768.0,0.1815519450906995,,2026-09-21T08:08:28Z,yahoo_mcap|yahoo_ret
WYFI,736948800.0,-0.2787072295187375,,2026-09-21T08:08:28Z,yahoo_mcap|yahoo_ret
WOOF,675949632.0,-0.32954548071484935,,2026-09-21T08:08:28Z,yahoo_mcap|yahoo_ret
UAMY,692969216.0,-0.28659471837805417,,2026-09-21T08:08:28Z,yahoo_mcap|yahoo_ret
BOT,719578816.0,-0.24230771187024236,,2026-09-21T08:08:28Z,yahoo_mcap|yahoo_ret
MNPR,647523264.0,0.5242534338000857,,2026-09-21T08:08:28Z,yahoo_mcap|yahoo_ret
DSP,790302912.0,0.3069306837204755,,2026-09-21T08:08:28Z,yahoo_mcap|yahoo_ret
TRON,711573120.0,-0.4966442985237409,,2026-09-21T08:08:28Z,yahoo_mcap|yahoo_ret
COLL,705851648.0,-0.3630769102723448,,2026-09-21T08:08:28Z,yahoo_mcap|yahoo_ret
ISOU,604927104.0,-0.015923526254289277,,2026-09-21T08:08:28Z,yahoo_mcap|yahoo_ret
GMRS,676892032.0,-0.10371958918055768,,2026-09-21T08:08:28Z,yahoo_mcap|yahoo_ret
STLN,709336128.0,1.2307693248199558,,2026-09-21T08:08:28Z,yahoo_mcap|yahoo_ret
SSII,653256512.0,-0.4320557281436612,,2026-09-21T08:08:28Z,yahoo_mcap|yahoo_ret
CTKB,688911296.0,0.4021164631877612,,2026-09-21T08:08:28Z,yahoo_mcap|yahoo_ret
NMFC,660222208.0,-0.18550608874688623,,2026-09-21T08:08:28Z,yahoo_mcap|yahoo_ret
BUI,679915392.0,0.09864641718713951,,2026-09-21T08:08:28Z,yahoo_mcap|yahoo_ret
CDNL,630631232.0,0.31361705698865516,,2026-09-21T08:08:28Z,yahoo_mcap|yahoo_ret
BHB,671481472.0,0.33712170177669165,,2026-09-21T08:08:28Z,yahoo_mcap|yahoo_ret
TROX,672337152.0,-0.10063559494685925,,2026-09-21T08:08:28Z,yahoo_mcap|yahoo_ret
CSHR,835264192.0,-0.32055747527286327,,2026-09-21T08:08:28Z,yahoo_mcap|yahoo_ret
AURA,667858944.0,0.059210549018389846,,2026-09-21T08:08:28Z,yahoo_mcap|yahoo_ret
NGVC,713960512.0,-0.11891540906773135,,2026-09-21T08:08:28Z,yahoo_mcap|yahoo_ret
YSWY,667370944.0,0.008007540271290914,,2026-09-21T08:08:28Z,yahoo_mcap|yahoo_ret
MATV,661729216.0,0.014318166434354351,,2026-09-21T08:08:28Z,yahoo_mcap|yahoo_ret
SLRC,654655616.0,-0.1757364135577405,,2026-09-21T08:08:28Z,yahoo_mcap|yahoo_ret
CCXI,718529984.0,0.2573098762918986,,2026-09-21T08:08:28Z,yahoo_mcap|yahoo_ret
NVCT,718169472.0,2.5087719404983275,,2026-09-21T08:08:28Z,yahoo_mcap|yahoo_ret
RRBI,672500608.0,0.5605684711569745,,2026-09-21T08:08:28Z,yahoo_mcap|yahoo_ret
CNNE,648878464.0,-0.18265631667716564,,2026-09-21T08:08:28Z,yahoo_mcap|yahoo_ret
PZZA,651191040.0,-0.567566678370113,,2026-09-21T08:08:28Z,yahoo_mcap|yahoo_ret
CCD,675135424.0,0.21665046656967912,,2026-09-21T08:08:28Z,yahoo_mcap|yahoo_ret
PKOH,667409856.0,1.1757255126991244,,2026-09-21T08:08:28Z,yahoo_mcap|yahoo_ret
TBLD,663132544.0,0.09508329610479138,,2026-09-21T08:08:28Z,yahoo_mcap|yahoo_ret
BIT,664209920.0,-0.027667221871523706,,2026-09-21T08:08:28Z,yahoo_mcap|yahoo_ret
CCSI,640089536.0,0.20573010469744357,,2026-09-21T08:08:28Z,yahoo_mcap|yahoo_ret
GDYN,615753024.0,0.007968119669025553,,2026-09-21T08:08:28Z,yahoo_mcap|yahoo_ret
RA,659741056.0,-0.0012698713041791043,,2026-09-21T08:08:28Z,yahoo_mcap|yahoo_ret
SPT,616222784.0,-0.28581458990463393,,2026-09-21T08:08:28Z,yahoo_mcap|yahoo_ret
KRNT,660825344.0,0.0628887236087774,,2026-09-21T08:08:28Z,yahoo_mcap|yahoo_ret
BLDP,654269120.0,-0.20802917199229087,,2026-09-21T08:08:28Z,yahoo_mcap|yahoo_ret
SCHL,648961088.0,0.46907367039577963,,2026-09-21T08:08:28Z,yahoo_mcap|yahoo_ret
OSPN,645281536.0,0.160520658242701,,2026-09-21T08:08:28Z,yahoo_mcap|yahoo_ret
ARRY,624535104.0,-0.49690209463285784,,2026-09-21T08:08:28Z,yahoo_mcap|yahoo_ret
PKE,659931776.0,0.6269835733644706,,2026-09-21T08:08:28Z,yahoo_mcap|yahoo_ret
LEGH,668500800.0,0.03269659513034684,,2026-09-21T08:08:28Z,yahoo_mcap|yahoo_ret
MUA,651255680.0,-0.10027220445091256,,2026-09-21T08:08:28Z,yahoo_mcap|yahoo_ret
ACNB,656672384.0,0.4864547677605153,,2026-09-21T08:08:28Z,yahoo_mcap|yahoo_ret
WHK,626534208.0,0.01683498880962464,,2026-09-21T08:08:28Z,yahoo_mcap|yahoo_ret
GRNT,646311168.0,-0.009346671039558663,,2026-09-21T08:08:28Z,yahoo_mcap|yahoo_ret
VLGEA,662576640.0,0.1864650203771374,,2026-09-21T08:08:28Z,yahoo_mcap|yahoo_ret
HTZ,648741568.0,-0.7323529409702261,,2026-09-21T08:08:28Z,yahoo_mcap|yahoo_ret
EGY,637462144.0,0.5414017435817635,,2026-09-21T08:08:28Z,yahoo_mcap|yahoo_ret
DLY,649937984.0,-0.03690627342924191,,2026-09-21T08:08:28Z,yahoo_mcap|yahoo_ret
PAR,630781312.0,-0.6396502809553402,,2026-09-21T08:08:28Z,yahoo_mcap|yahoo_ret
TIPT,652439424.0,-0.24701001808711986,,2026-09-21T08:08:28Z,yahoo_mcap|yahoo_ret
IMC,701848000.0,0.2943469236567926,,2026-09-21T08:08:28Z,yahoo_mcap|yahoo_ret
ASGI,636688640.0,0.0848877362622722,,2026-09-21T08:08:28Z,yahoo_mcap|yahoo_ret
DMII,647828992.0,0.029352222519628768,,2026-09-21T08:08:28Z,yahoo_mcap|yahoo_ret
NGNE,642165248.0,0.8656976005333479,,2026-09-21T08:08:28Z,yahoo_mcap|yahoo_ret
GFUZ,641748160.0,-0.21287133574263561,,2026-09-21T08:08:28Z,yahoo_mcap|yahoo_ret
ENVX,656151104.0,-0.703667000562942,,2026-09-21T08:08:28Z,yahoo_mcap|yahoo_ret
VEL,631703296.0,-0.1341991127525869,,2026-09-21T08:08:28Z,yahoo_mcap|yahoo_ret
NKX,635992192.0,-0.03461189816669252,,2026-09-21T08:08:28Z,yahoo_mcap|yahoo_ret
PFN,640347136.0,-0.03332790110392814,,2026-09-21T08:08:28Z,yahoo_mcap|yahoo_ret
CTGO,626344128.0,-0.2195833524068197,,2026-09-21T08:08:28Z,yahoo_mcap|yahoo_ret
AHG,643641856.0,-0.5757062173908709,,2026-09-21T08:08:28Z,yahoo_mcap|yahoo_ret
WDI,638519040.0,-0.07733821261443063,,2026-09-21T08:08:28Z,yahoo_mcap|yahoo_ret
PHR,623192256.0,-0.5793883699680897,,2026-09-21T08:08:28Z,yahoo_mcap|yahoo_ret
FBRT,620349248.0,-0.25550039273922875,,2026-09-21T08:08:28Z,yahoo_mcap|yahoo_ret
MG,660885248.0,1.1773347934324359,,2026-09-21T08:08:28Z,yahoo_mcap|yahoo_ret
AGNT,633376960.0,-0.6456557441290629,,2026-09-21T08:08:28Z,yahoo_mcap|yahoo_ret
HELE,625158912.0,0.18603628581304266,,2026-09-21T08:08:28Z,yahoo_mcap|yahoo_ret
ANGO,638172032.0,0.43361178497009334,,2026-09-21T08:08:28Z,yahoo_mcap|yahoo_ret
SHEN,640569344.0,-0.15086172805875697,,2026-09-21T08:08:28Z,yahoo_mcap|yahoo_ret
RGR,654469376.0,0.043174999128049674,,2026-09-21T08:08:28Z,yahoo_mcap|yahoo_ret
MTC,686160000.0,7.10588196850154,,2026-09-21T08:08:28Z,yahoo_mcap|yahoo_ret
CGNT,621038464.0,0.002383731021569302,,2026-09-21T08:08:28Z,yahoo_mcap|yahoo_ret
OABI,649895040.0,1.776397360543458,,2026-09-21T08:08:28Z,yahoo_mcap|yahoo_ret
BWMX,683486208.0,0.3744177928413981,,2026-09-21T08:08:28Z,yahoo_mcap|yahoo_ret
PAXS,629007680.0,-0.07103190341709809,,2026-09-21T08:08:28Z,yahoo_mcap|yahoo_ret
LOT,571854208.0,-0.5645320119228083,,2026-09-21T08:08:28Z,yahoo_mcap|yahoo_ret
DDI,631806336.0,0.3463568786149871,,2026-09-21T08:08:28Z,yahoo_mcap|yahoo_ret
CLDT,635561216.0,0.9155343311326634,,2026-09-21T08:08:28Z,yahoo_mcap|yahoo_ret
FWRG,628232640.0,-0.36135504559837706,,2026-09-21T08:08:28Z,yahoo_mcap|yahoo_ret
MLR,611769216.0,0.4371131390358698,,2026-09-21T08:08:28Z,yahoo_mcap|yahoo_ret
VALN,622041856.0,-0.355599239084083,,2026-09-21T08:08:28Z,yahoo_mcap|yahoo_ret
MAMA,622818048.0,0.2345794648247026,,2026-09-21T08:08:28Z,yahoo_mcap|yahoo_ret
YEXT,607729216.0,-0.3030647475550595,,2026-09-21T08:08:28Z,yahoo_mcap|yahoo_ret
MATW,639245760.0,-0.14924021321649084,,2026-09-21T08:08:28Z,yahoo_mcap|yahoo_ret
GOOD,615692544.0,0.0828697966832066,,2026-09-21T08:08:28Z,yahoo_mcap|yahoo_ret
IGR,624743616.0,2.699957457349493,,2026-09-21T08:08:28Z,yahoo_mcap|yahoo_ret
WCCB,625672832.0,0.44321943941225417,,2026-09-21T08:08:28Z,yahoo_mcap|yahoo_ret
ALT,632182528.0,-0.14021163370403633,,2026-09-21T08:08:28Z,yahoo_mcap|yahoo_ret
METC,587159808.0,-0.6969099196612469,,2026-09-21T08:08:28Z,yahoo_mcap|yahoo_ret
NRDY,647906880.0,-0.5635036204355661,,2026-09-21T08:08:28Z,yahoo_mcap|yahoo_ret
NUAI,624437696.0,9.772058483548353,,2026-09-21T08:08:28Z,yahoo_mcap|yahoo_ret
NTGR,590056512.0,-0.25446433864030804,,2026-09-21T08:08:28Z,yahoo_mcap|yahoo_ret
INN,602900864.0,0.010025226765184359,,2026-09-21T08:08:28Z,yahoo_mcap|yahoo_ret
OOMA,627347968.0,0.7757811877760115,,2026-09-21T08:08:28Z,yahoo_mcap|yahoo_ret
ONT,635976576.0,-0.36611827778099715,,2026-09-21T08:08:28Z,yahoo_mcap|yahoo_ret
PHAT,605139008.0,-0.33273862679576405,,2026-09-21T08:08:28Z,yahoo_mcap|yahoo_ret
SCTX,624745472.0,0.73958888742651,,2026-09-21T08:08:28Z,yahoo_mcap|yahoo_ret
RSVR,617771072.0,0.18607592056279332,,2026-09-21T08:08:28Z,yahoo_mcap|yahoo_ret
CTMX,601401984.0,0.39393937569493587,,2026-09-21T08:08:28Z,yahoo_mcap|yahoo_ret
KRNY,603936576.0,0.5508944566869027,,2026-09-21T08:08:28Z,yahoo_mcap|yahoo_ret
GCBC,607128768.0,0.5103400652505723,,2026-09-21T08:08:28Z,yahoo_mcap|yahoo_ret
VINP,611869824.0,-0.04948070614860023,,2026-09-21T08:08:28Z,yahoo_mcap|yahoo_ret
CARS,596354432.0,-0.1667912910489212,,2026-09-21T08:08:28Z,yahoo_mcap|yahoo_ret
NCDL,595608000.0,-0.089658425752696,,2026-09-21T08:08:28Z,yahoo_mcap|yahoo_ret
CBIO,627409984.0,0.30727548683523476,,2026-09-21T08:08:28Z,yahoo_mcap|yahoo_ret
JBI,586673920.0,-0.5771877916935249,,2026-09-21T08:08:28Z,yahoo_mcap|yahoo_ret
VTEX,601808960.0,-0.196468005228156,,2026-09-21T08:08:28Z,yahoo_mcap|yahoo_ret
FAC,671349952.0,-0.3768693752349125,,2026-09-21T08:08:28Z,yahoo_mcap|yahoo_ret
OPFI,556409856.0,-0.4437819133631544,,2026-09-21T08:08:28Z,yahoo_mcap|yahoo_ret
FBIZ,592477056.0,0.38440098600866923,,2026-09-21T08:08:28Z,yahoo_mcap|yahoo_ret
CRMD,601730112.0,-0.31071429270870843,,2026-09-21T08:08:28Z,yahoo_mcap|yahoo_ret
DRUG,598339456.0,0.1445195371500545,,2026-09-21T08:08:28Z,yahoo_mcap|yahoo_ret
EVAC,602012928.0,0.03621736675542997,,2026-09-21T08:08:28Z,yahoo_mcap|yahoo_ret
AHRT,596555200.0,-0.07907185687716867,,2026-09-21T08:08:28Z,yahoo_mcap|yahoo_ret
SWBI,611613248.0,0.5141154712602793,,2026-09-21T08:08:28Z,yahoo_mcap|yahoo_ret
KE,590786432.0,-0.21968979109007958,,2026-09-21T08:08:28Z,yahoo_mcap|yahoo_ret
HY,601385216.0,-0.04424826667402948,,2026-09-21T08:08:28Z,yahoo_mcap|yahoo_ret
BCSS,600936000.0,0.020833337275439456,,2026-09-21T08:08:28Z,yahoo_mcap|yahoo_ret
ALLO,583879616.0,0.4568966429738197,,2026-09-21T08:08:28Z,yahoo_mcap|yahoo_ret
CRD-A,587757952.0,0.1428975637498373,,2026-09-21T08:08:28Z,yahoo_mcap|yahoo_ret
CXII,591329792.0,0.05550044177142599,,2026-09-21T08:08:28Z,yahoo_mcap|yahoo_ret
FLGT,596806720.0,-0.028225769237474108,,2026-09-21T08:08:28Z,yahoo_mcap|yahoo_ret
DCBO,576039936.0,-0.2303333282470703,,2026-09-21T08:08:28Z,yahoo_mcap|yahoo_ret
WTI,579620864.0,1.2112131207678587,,2026-09-21T08:08:28Z,yahoo_mcap|yahoo_ret
NML,598318272.0,0.34351620830382656,,2026-09-21T08:08:28Z,yahoo_mcap|yahoo_ret
UNTY,584377600.0,0.14452462769386099,,2026-09-21T08:08:28Z,yahoo_mcap|yahoo_ret
DDD,603113728.0,0.48163267093517015,,2026-09-21T08:08:28Z,yahoo_mcap|yahoo_ret
CEPF,590931008.0,0.01472037079308186,,2026-09-21T08:08:28Z,yahoo_mcap|yahoo_ret
NVRI,581280320.0,0.6791531993172375,,2026-09-21T08:08:28Z,yahoo_mcap|yahoo_ret
ACP,583438656.0,-0.06399929894180911,,2026-09-21T08:08:28Z,yahoo_mcap|yahoo_ret
NRDS,578504768.0,-0.18321297355137478,,2026-09-21T08:08:28Z,yahoo_mcap|yahoo_ret
SFST,584217856.0,0.3652058408266494,,2026-09-21T08:08:28Z,yahoo_mcap|yahoo_ret
DSU,590820416.0,-0.025770936778599762,,2026-09-21T08:08:28Z,yahoo_mcap|yahoo_ret
EVO,568622592.0,-0.5604395665576556,,2026-09-21T08:08:28Z,yahoo_mcap|yahoo_ret
BXC,582992256.0,-0.022664398926556584,,2026-09-21T08:08:28Z,yahoo_mcap|yahoo_ret
CBNK,584338624.0,0.11474409540765662,,2026-09-21T08:08:28Z,yahoo_mcap|yahoo_ret
SLDP,563607616.0,-0.4076738648874504,,2026-09-21T08:08:28Z,yahoo_mcap|yahoo_ret
ADTN,586666112.0,-0.2421052832352487,,2026-09-21T08:08:28Z,yahoo_mcap|yahoo_ret
BWB,579704704.0,0.19827091979384814,,2026-09-21T08:08:28Z,yahoo_mcap|yahoo_ret
IIIN,574165632.0,-0.20133586776706702,,2026-09-21T08:08:28Z,yahoo_mcap|yahoo_ret
WEAV,583299904.0,-0.042049956116570586,,2026-09-21T08:08:28Z,yahoo_mcap|yahoo_ret
GEMI,753279296.0,-0.7593206259453781,,2026-09-21T08:08:28Z,yahoo_mcap|yahoo_ret
LMB,616999168.0,-0.509573443806002,,2026-09-21T08:08:28Z,yahoo_mcap|yahoo_ret
AGMB,599347840.0,-0.16928324961179275,,2026-09-21T08:08:28Z,yahoo_mcap|yahoo_ret
AUXX,611156224.0,-0.19359143572425896,,2026-09-21T08:08:28Z,yahoo_mcap|yahoo_ret
SPPP,593441472.0,0.17408903256037056,,2026-09-21T08:08:28Z,yahoo_mcap|yahoo_ret
STTK,603183168.0,1.635965045744474,,2026-09-21T08:08:28Z,yahoo_mcap|yahoo_ret
CMDB,581048640.0,1.03143576189419,,2026-09-21T08:08:28Z,yahoo_mcap|yahoo_ret
AQST,578608704.0,-0.18694884100819686,,2026-09-21T08:08:28Z,yahoo_mcap|yahoo_ret
NPB,568871296.0,-0.10496040392161465,,2026-09-21T08:08:28Z,yahoo_mcap|yahoo_ret
ALOY,573400384.0,0.22551936340963774,,2026-09-21T08:08:28Z,yahoo_mcap|yahoo_ret
TMQ,583237824.0,0.6138613966560496,,2026-09-21T08:08:28Z,yahoo_mcap|yahoo_ret
TWN,568519296.0,1.014255610898156,,2026-09-21T08:08:28Z,yahoo_mcap|yahoo_ret
HNST,571825728.0,0.3596938316249101,,2026-09-21T08:08:28Z,yahoo_mcap|yahoo_ret
KIDS,569715584.0,0.13764334450693538,,2026-09-21T08:08:28Z,yahoo_mcap|yahoo_ret
PRME,565895808.0,-0.36196319616642414,,2026-09-21T08:08:28Z,yahoo_mcap|yahoo_ret
IMSR,537272128.0,-0.6918518631546586,,2026-09-21T08:08:28Z,yahoo_mcap|yahoo_ret
FAX,574654208.0,-0.05284730898617351,,2026-09-21T08:08:28Z,yahoo_mcap|yahoo_ret
MSIF,564094592.0,-0.014423004272855922,,2026-09-21T08:08:28Z,yahoo_mcap|yahoo_ret
MAX,555715200.0,-0.1887084668575687,,2026-09-21T08:08:28Z,yahoo_mcap|yahoo_ret
JKS,544126272.0,-0.5481661685369652,,2026-09-21T08:08:28Z,yahoo_mcap|yahoo_ret
NRIM,565906880.0,0.14641437772928945,,2026-09-21T08:08:28Z,yahoo_mcap|yahoo_ret
IIM,564748608.0,0.030060914257052707,,2026-09-21T08:08:28Z,yahoo_mcap|yahoo_ret
RYAM,564152704.0,0.1697054724720508,,2026-09-21T08:08:28Z,yahoo_mcap|yahoo_ret
ENRD,560272192.0,-0.7378252083546197,,2026-09-21T08:08:28Z,yahoo_mcap|yahoo_ret
NMCO,555885248.0,-0.03793180423014675,,2026-09-21T08:08:28Z,yahoo_mcap|yahoo_ret
CIVB,567474752.0,0.3508482561394597,,2026-09-21T08:08:28Z,yahoo_mcap|yahoo_ret
YB,571394432.0,-0.4298245737127714,,2026-09-21T08:08:28Z,yahoo_mcap|yahoo_ret
TITN,558200256.0,0.29830315922487527,,2026-09-21T08:08:28Z,yahoo_mcap|yahoo_ret
UHT,553028672.0,0.03701823566390061,,2026-09-21T08:08:28Z,yahoo_mcap|yahoo_ret
ITRG,566015872.0,-0.047781604680685485,,2026-09-21T08:08:28Z,yahoo_mcap|yahoo_ret
DCTH,558997632.0,0.3960139223228134,,2026-09-21T08:08:28Z,yahoo_mcap|yahoo_ret
TRTX,551201472.0,-0.1299633092194975,,2026-09-21T08:08:28Z,yahoo_mcap|yahoo_ret
XMAX,560708544.0,0.667946164444569,,2026-09-21T08:08:28Z,yahoo_mcap|yahoo_ret
NDMO,554640256.0,-0.0770150647446809,,2026-09-21T08:08:28Z,yahoo_mcap|yahoo_ret
KELYA,560573568.0,0.18213742034165725,,2026-09-21T08:08:28Z,yahoo_mcap|yahoo_ret
ITIC,545630848.0,0.18239237771322658,,2026-09-21T08:08:28Z,yahoo_mcap|yahoo_ret
NOAH,556030656.0,-0.1978355877012361,,2026-09-21T08:08:28Z,yahoo_mcap|yahoo_ret
DBCA,557040448.0,0.01725889032590877,,2026-09-21T08:08:28Z,yahoo_mcap|yahoo_ret
TLRY,560286016.0,-0.67024794349204,,2026-09-21T08:08:28Z,yahoo_mcap|yahoo_ret
PANL,548670208.0,0.5957233777321924,,2026-09-21T08:08:28Z,yahoo_mcap|yahoo_ret
CAPR,526739264.0,0.36240605859962893,,2026-09-21T08:08:28Z,yahoo_mcap|yahoo_ret
BMM,549482112.0,0.1592919896526337,,2026-09-21T08:08:28Z,yahoo_mcap|yahoo_ret
EPRX,566909504.0,0.43959729342110343,,2026-09-21T08:08:28Z,yahoo_mcap|yahoo_ret
AEXA,549508480.0,0.047125354965052546,,2026-09-21T08:08:28Z,yahoo_mcap|yahoo_ret
OCS,563053504.0,-0.3898917069013539,,2026-09-21T08:08:28Z,yahoo_mcap|yahoo_ret
BTBT,623896000.0,-0.44551279406105415,,2026-09-21T08:08:28Z,yahoo_mcap|yahoo_ret
TMS,598859968.0,-0.20294115034629134,,2026-09-21T08:08:28Z,yahoo_mcap|yahoo_ret
GUT,557274240.0,0.13850083870059038,,2026-09-21T08:08:28Z,yahoo_mcap|yahoo_ret
ROMA,558120064.0,1.9465407826592025,,2026-09-21T08:08:28Z,yahoo_mcap|yahoo_ret
ETJ,557931776.0,0.007757091993029208,,2026-09-21T08:08:28Z,yahoo_mcap|yahoo_ret
THW,541682624.0,0.2528138898902239,,2026-09-21T08:08:28Z,yahoo_mcap|yahoo_ret
BWAY,547675008.0,0.7595345083069223,,2026-09-21T08:08:28Z,yahoo_mcap|yahoo_ret
CTEV,522151360.0,-0.4044075055367681,,2026-09-21T08:08:28Z,yahoo_mcap|yahoo_ret
WRN,547344512.0,0.37500005079941334,,2026-09-21T08:08:28Z,yahoo_mcap|yahoo_ret
GAU,557190464.0,-0.15476185295136657,,2026-09-21T08:08:28Z,yahoo_mcap|yahoo_ret
ETD,539585600.0,-0.0972437277372179,,2026-09-21T08:08:28Z,yahoo_mcap|yahoo_ret
IBEX,533801088.0,-0.018075180473669183,,2026-09-21T08:08:28Z,yahoo_mcap|yahoo_ret
HBCP,539697344.0,0.24787431740004817,,2026-09-21T08:08:28Z,yahoo_mcap|yahoo_ret
ESEA,547427008.0,0.29873787191351253,,2026-09-21T08:08:28Z,yahoo_mcap|yahoo_ret
HKD,537417728.0,-0.1275510179256708,,2026-09-21T08:08:28Z,yahoo_mcap|yahoo_ret
DNA,530641408.0,-0.3069480920180814,,2026-09-21T08:08:28Z,yahoo_mcap|yahoo_ret
GHXI,544773568.0,0.013065338385219505,,2026-09-21T08:08:28Z,yahoo_mcap|yahoo_ret
RGNX,530085920.0,-0.09673797268157658,,2026-09-21T08:08:28Z,yahoo_mcap|yahoo_ret
BRSP,525075328.0,-0.19653055760709015,,2026-09-21T08:08:28Z,yahoo_mcap|yahoo_ret
YORW,530512288.0,0.096504647020486,,2026-09-21T08:08:28Z,yahoo_mcap|yahoo_ret
DNUT,523969984.0,-0.11695908960355594,,2026-09-21T08:08:28Z,yahoo_mcap|yahoo_ret
FVR,524970400.0,0.33378027580622294,,2026-09-21T08:08:28Z,yahoo_mcap|yahoo_ret
VRRM,528900160.0,-0.8573185688331562,,2026-09-21T08:08:28Z,yahoo_mcap|yahoo_ret
BWFG,532208864.0,0.48713587942977954,,2026-09-21T08:08:28Z,yahoo_mcap|yahoo_ret
ARVN,534880736.0,0.1023936147446165,,2026-09-21T08:08:28Z,yahoo_mcap|yahoo_ret
NB,521201600.0,-0.39011925153298677,,2026-09-21T08:08:28Z,yahoo_mcap|yahoo_ret
IPI,504490720.0,0.327079705432453,,2026-09-21T08:08:28Z,yahoo_mcap|yahoo_ret
SD,524986176.0,0.3318387058058869,,2026-09-21T08:08:28Z,yahoo_mcap|yahoo_ret
BALY,525387680.0,-0.0019175893747335193,,2026-09-21T08:08:28Z,yahoo_mcap|yahoo_ret
TECX,527832896.0,0.8024032593507833,,2026-09-21T08:08:28Z,yahoo_mcap|yahoo_ret
VGM,524423136.0,0.03475037360177424,,2026-09-21T08:08:28Z,yahoo_mcap|yahoo_ret
CERS,534040992.0,0.8150685110466183,,2026-09-21T08:08:28Z,yahoo_mcap|yahoo_ret
OVID,525351232.0,1.2231404730697357,,2026-09-21T08:08:28Z,yahoo_mcap|yahoo_ret
XRN,519980960.0,0.03205065446629085,,2026-09-21T08:08:28Z,yahoo_mcap|yahoo_ret
CLB,516201120.0,-0.05749441618525286,,2026-09-21T08:08:28Z,yahoo_mcap|yahoo_ret
FWRD,500970208.0,-0.42939591941873934,,2026-09-21T08:08:28Z,yahoo_mcap|yahoo_ret
BSRR,520998912.0,0.36687340352167297,,2026-09-21T08:08:28Z,yahoo_mcap|yahoo_ret
BGY,523751584.0,0.09281717200038586,,2026-09-21T08:08:28Z,yahoo_mcap|yahoo_ret
SLI,523182400.0,-0.304918059441583,,2026-09-21T08:08:28Z,yahoo_mcap|yahoo_ret
BSVN,515825120.0,0.1758459467722775,,2026-09-21T08:08:28Z,yahoo_mcap|yahoo_ret
LAES,503844448.0,-0.4778554709895161,,2026-09-21T08:08:28Z,yahoo_mcap|yahoo_ret
PBAM,510045024.0,0.506511081040542,,2026-09-21T08:08:28Z,yahoo_mcap|yahoo_ret
MPLT,506445920.0,-0.40458015346564413,,2026-09-21T08:08:28Z,yahoo_mcap|yahoo_ret
EOLS,519156480.0,0.24960257252511275,,2026-09-21T08:08:28Z,yahoo_mcap|yahoo_ret
CLMB,520631840.0,-0.15433225905181325,,2026-09-21T08:08:28Z,yahoo_mcap|yahoo_ret
ENTX,512499808.0,0.6444445092001096,,2026-09-21T08:08:28Z,yahoo_mcap|yahoo_ret
IIIV,514094400.0,-0.5391331501834552,,2026-09-21T08:08:28Z,yahoo_mcap|yahoo_ret
MMU,515055744.0,-0.03058079630619459,,2026-09-21T08:08:28Z,yahoo_mcap|yahoo_ret
ILPT,514610752.0,0.2878023239319787,,2026-09-21T08:08:28Z,yahoo_mcap|yahoo_ret
ASMB,508404064.0,0.020850378085483623,,2026-09-21T08:08:28Z,yahoo_mcap|yahoo_ret
OBT,516072512.0,0.5112524386730504,,2026-09-21T08:08:28Z,yahoo_mcap|yahoo_ret
AII,517658368.0,0.29668918386973053,,2026-09-21T08:08:28Z,yahoo_mcap|yahoo_ret
NEXN,496046976.0,-0.08219175466632156,,2026-09-21T08:08:28Z,yahoo_mcap|yahoo_ret
GCGR,512438272.0,-0.007827780980020682,,2026-09-21T08:08:28Z,yahoo_mcap|yahoo_ret
AUTL,516355360.0,0.4477612006688174,,2026-09-21T08:08:28Z,yahoo_mcap|yahoo_ret
BDN,500876096.0,-0.2788315720160979,,2026-09-21T08:08:28Z,yahoo_mcap|yahoo_ret
INDP,473010240.0,0.27697841325573,,2026-09-21T08:08:28Z,yahoo_mcap|yahoo_ret
TCMD,502880768.0,0.5789473755609365,,2026-09-21T08:08:28Z,yahoo_mcap|yahoo_ret
VOGX,482790336.0,1.5,,2026-09-21T08:08:28Z,yahoo_mcap|yahoo_ret
OIS,507313216.0,0.47027974753305535,,2026-09-21T08:08:28Z,yahoo_mcap|yahoo_ret
ALTI,503697248.0,-0.16752579283392421,,2026-09-21T08:08:28Z,yahoo_mcap|yahoo_ret
WTBA,498870400.0,0.49182848246439925,,2026-09-21T08:08:28Z,yahoo_mcap|yahoo_ret
ASPI,466060512.0,-0.6916835631130756,,2026-09-21T08:08:28Z,yahoo_mcap|yahoo_ret
OLP,500425376.0,0.08595078405227086,,2026-09-21T08:08:28Z,yahoo_mcap|yahoo_ret
NWAX,501984000.0,-0.012248897690790517,,2026-09-21T08:08:28Z,yahoo_mcap|yahoo_ret
QUAD,485280128.0,0.509834120246693,,2026-09-21T08:08:28Z,yahoo_mcap|yahoo_ret
MEVO,501249984.0,0.017241387648408324,,2026-09-21T08:08:28Z,yahoo_mcap|yahoo_ret
KMDA,510736224.0,0.3468867234769799,,2026-09-21T08:08:28Z,yahoo_mcap|yahoo_ret
COFS,498617024.0,0.15374730411853132,,2026-09-21T08:08:28Z,yahoo_mcap|yahoo_ret
IGD,501603744.0,0.16926227323764076,,2026-09-21T08:08:28Z,yahoo_mcap|yahoo_ret
GOTU,507720608.0,-0.3810888023128105,,2026-09-21T08:08:28Z,yahoo_mcap|yahoo_ret
ETO,498199392.0,0.18839078858836222,,2026-09-21T08:08:28Z,yahoo_mcap|yahoo_ret
BBCP,491839776.0,0.3643048147055503,,2026-09-21T08:08:28Z,yahoo_mcap|yahoo_ret
SENS,506533408.0,0.041304361121641264,,2026-09-21T08:08:28Z,yahoo_mcap|yahoo_ret
AAC,497646816.0,-0.007881766178592153,,2026-09-21T08:08:28Z,yahoo_mcap|yahoo_ret
CTNM,509013920.0,0.08239997863769521,,2026-09-21T08:08:28Z,yahoo_mcap|yahoo_ret
RWT,494912992.0,-0.2522958605872281,,2026-09-21T08:08:28Z,yahoo_mcap|yahoo_ret
VITL,514748928.0,-0.7300157664419165,,2026-09-21T08:08:28Z,yahoo_mcap|yahoo_ret
ARCT,455621792.0,-0.2165199704817743,,2026-09-21T08:08:28Z,yahoo_mcap|yahoo_ret
CSV,484092384.0,-0.30012112321194795,,2026-09-21T08:08:28Z,yahoo_mcap|yahoo_ret
WNC,483142848.0,0.1257603182082141,,2026-09-21T08:08:28Z,yahoo_mcap|yahoo_ret
FMAO,489360416.0,0.41006590417340605,,2026-09-21T08:08:28Z,yahoo_mcap|yahoo_ret
GLRE,490599392.0,0.16874029037529747,,2026-09-21T08:08:28Z,yahoo_mcap|yahoo_ret
MCFT,482406336.0,-0.08621488212031736,,2026-09-21T08:08:28Z,yahoo_mcap|yahoo_ret
URG,473457856.0,-0.27878783368757754,,2026-09-21T08:08:28Z,yahoo_mcap|yahoo_ret
GRVY,481906208.0,0.08038628815172544,,2026-09-21T08:08:28Z,yahoo_mcap|yahoo_ret
CTRN,461921952.0,0.7100957219329433,,2026-09-21T08:08:28Z,yahoo_mcap|yahoo_ret
PDLB,491256224.0,0.3603482284525821,,2026-09-21T08:08:28Z,yahoo_mcap|yahoo_ret
DPG,485240896.0,0.15479207776323278,,2026-09-21T08:08:28Z,yahoo_mcap|yahoo_ret
NPCE,490150592.0,0.4366197520926389,,2026-09-21T08:08:28Z,yahoo_mcap|yahoo_ret
TATT,494059168.0,-0.07943818167271288,,2026-09-21T08:08:28Z,yahoo_mcap|yahoo_ret
PBYI,495552640.0,1.1719457501727186,,2026-09-21T08:08:28Z,yahoo_mcap|yahoo_ret
ARKO,473423712.0,-0.10623441713836046,,2026-09-21T08:08:28Z,yahoo_mcap|yahoo_ret
ECC,482829056.0,-0.3252030264653951,,2026-09-21T08:08:28Z,yahoo_mcap|yahoo_ret
DDL,498538240.0,0.0805687605431018,,2026-09-21T08:08:28Z,yahoo_mcap|yahoo_ret
PRTH,480627328.0,-0.20136989433158214,,2026-09-21T08:08:28Z,yahoo_mcap|yahoo_ret
SBC,488522976.0,0.09195404692801223,,2026-09-21T08:08:28Z,yahoo_mcap|yahoo_ret
KRSP,483027296.0,0.00961542164785767,,2026-09-21T08:08:28Z,yahoo_mcap|yahoo_ret
NVEC,486473888.0,0.5975001898119834,,2026-09-21T08:08:28Z,yahoo_mcap|yahoo_ret
AMCX,475199712.0,0.3714286882050237,,2026-09-21T08:08:28Z,yahoo_mcap|yahoo_ret
OWLS,485833728.0,-0.9009900976500709,,2026-09-21T08:08:28Z,yahoo_mcap|yahoo_ret
CIX,460897504.0,0.5678018637307287,,2026-09-21T08:08:28Z,yahoo_mcap|yahoo_ret
MEI,473009856.0,0.6929831546728,,2026-09-21T08:08:28Z,yahoo_mcap|yahoo_ret
FPI,477451008.0,0.044865610619144514,,2026-09-21T08:08:28Z,yahoo_mcap|yahoo_ret
GORO,486964192.0,0.180921039216406,,2026-09-21T08:08:28Z,yahoo_mcap|yahoo_ret
ULH,466710144.0,-0.25969339641644584,,2026-09-21T08:08:28Z,yahoo_mcap|yahoo_ret
GTN,457250656.0,-0.13836214171815386,,2026-09-21T08:08:28Z,yahoo_mcap|yahoo_ret
GIW,479957824.0,0.0221550157697199,,2026-09-21T08:08:28Z,yahoo_mcap|yahoo_ret
SPIR,445911520.0,0.08262107384817563,,2026-09-21T08:08:28Z,yahoo_mcap|yahoo_ret
BRTM,479179168.0,-0.006085138745593244,,2026-09-21T08:08:28Z,yahoo_mcap|yahoo_ret
VCV,473957792.0,-0.008235595304183607,,2026-09-21T08:08:28Z,yahoo_mcap|yahoo_ret
SRTA,472412768.0,-0.06479857847411774,,2026-09-21T08:08:28Z,yahoo_mcap|yahoo_ret
GUG,479200608.0,0.02322678706454817,,2026-09-21T08:08:28Z,yahoo_mcap|yahoo_ret
PWRL,491601472.0,-0.5885115528270792,,2026-09-21T08:08:28Z,yahoo_mcap|yahoo_ret
BLW,468015808.0,-0.05924749573356358,,2026-09-21T08:08:28Z,yahoo_mcap|yahoo_ret
GTEN,474639744.0,0.03134179173639806,,2026-09-21T08:08:28Z,yahoo_mcap|yahoo_ret
IFN,472936736.0,-0.17812131514944973,,2026-09-21T08:08:28Z,yahoo_mcap|yahoo_ret
CRAN,473690016.0,0.022222250051103565,,2026-09-21T08:08:28Z,yahoo_mcap|yahoo_ret
VHI,468998912.0,0.028577585604335765,,2026-09-21T08:08:28Z,yahoo_mcap|yahoo_ret
NRC,454778272.0,0.43757733854385994,,2026-09-21T08:08:28Z,yahoo_mcap|yahoo_ret
CMCL,466168800.0,-0.26796526563004375,,2026-09-21T08:08:28Z,yahoo_mcap|yahoo_ret
HUYA,472717792.0,-0.36527096655383107,,2026-09-21T08:08:28Z,yahoo_mcap|yahoo_ret
EIM,463894560.0,-0.0302351950608023,,2026-09-21T08:08:28Z,yahoo_mcap|yahoo_ret
EIKN,484777024.0,-0.40333334604899085,,2026-09-21T08:08:28Z,yahoo_mcap|yahoo_ret
FISN,498933280.0,-0.418269229194721,,2026-09-21T08:08:28Z,yahoo_mcap|yahoo_ret
ASTL,449061248.0,-0.0318906311488506,,2026-09-21T08:08:28Z,yahoo_mcap|yahoo_ret
JOUT,465087776.0,0.11769855348984448,,2026-09-21T08:08:28Z,yahoo_mcap|yahoo_ret
SPCE,465399424.0,-0.06686931038331045,,2026-09-21T08:08:28Z,yahoo_mcap|yahoo_ret
CZNC,462898944.0,0.3527043845347211,,2026-09-21T08:08:28Z,yahoo_mcap|yahoo_ret
APXT,466034400.0,0.022177446102500387,,2026-09-21T08:08:28Z,yahoo_mcap|yahoo_ret
FWDI,568620992.0,-0.7471264493813488,,2026-09-21T08:08:28Z,yahoo_mcap|yahoo_ret
CMCO,454900480.0,0.06375593390014855,,2026-09-21T08:08:28Z,yahoo_mcap|yahoo_ret
MFI,466641312.0,-0.7659788676915409,,2026-09-21T08:08:28Z,yahoo_mcap|yahoo_ret
BMRC,457163616.0,0.18055105224355072,,2026-09-21T08:08:28Z,yahoo_mcap|yahoo_ret
MBUU,457902848.0,-0.27462596229538216,,2026-09-21T08:08:28Z,yahoo_mcap|yahoo_ret
NGS,456212320.0,0.3254896892865662,,2026-09-21T08:08:28Z,yahoo_mcap|yahoo_ret
NKLR,439793632.0,-0.6769480423976364,,2026-09-21T08:08:28Z,yahoo_mcap|yahoo_ret
XRX,449095648.0,-0.12794366856494965,,2026-09-21T08:08:28Z,yahoo_mcap|yahoo_ret
CCOI,461453792.0,-0.752653853995958,,2026-09-21T08:08:28Z,yahoo_mcap|yahoo_ret
NMAI,471301632.0,0.2075838133745942,,2026-09-21T08:08:28Z,yahoo_mcap|yahoo_ret
IDR,453103232.0,-0.07376255897446715,,2026-09-21T08:08:28Z,yahoo_mcap|yahoo_ret
LXFR,464822944.0,0.2677813991566136,,2026-09-21T08:08:28Z,yahoo_mcap|yahoo_ret
TWI,451796480.0,-0.14215684670386308,,2026-09-21T08:08:28Z,yahoo_mcap|yahoo_ret
GHY,460812608.0,-0.05329402314648479,,2026-09-21T08:08:28Z,yahoo_mcap|yahoo_ret
BMBL,427474784.0,-0.6042553352665642,,2026-09-21T08:08:28Z,yahoo_mcap|yahoo_ret
AMSF,456357760.0,-0.39327700717747205,,2026-09-21T08:08:28Z,yahoo_mcap|yahoo_ret
EVGO,478063872.0,-0.6584269559378872,,2026-09-21T08:08:28Z,yahoo_mcap|yahoo_ret
NMG,457528000.0,-0.38766519939460586,,2026-09-21T08:08:28Z,yahoo_mcap|yahoo_ret
ATNI,442538432.0,0.9854180562948782,,2026-09-21T08:08:28Z,yahoo_mcap|yahoo_ret
CWCO,451562816.0,-0.15442514504101612,,2026-09-21T08:08:28Z,yahoo_mcap|yahoo_ret
ETB,454426880.0,0.12476281236206099,,2026-09-21T08:08:28Z,yahoo_mcap|yahoo_ret
RBB,451656256.0,0.4133224859227993,,2026-09-21T08:08:28Z,yahoo_mcap|yahoo_ret
ALIT,433305024.0,-0.8206975781139858,,2026-09-21T08:08:28Z,yahoo_mcap|yahoo_ret
ZKH,463844224.0,0.01379308984055716,,2026-09-21T08:08:28Z,yahoo_mcap|yahoo_ret
MASS,435243904.0,0.4424656791565338,,2026-09-21T08:08:28Z,yahoo_mcap|yahoo_ret
RLMD,439479776.0,1.692810433072553,,2026-09-21T08:08:28Z,yahoo_mcap|yahoo_ret
CBK,451593856.0,0.38829918340313707,,2026-09-21T08:08:28Z,yahoo_mcap|yahoo_ret
ASIX,437689216.0,-0.176398784373619,,2026-09-21T08:08:28Z,yahoo_mcap|yahoo_ret
SMC,448105408.0,0.47504523462291104,,2026-09-21T08:08:28Z,yahoo_mcap|yahoo_ret
ADUR,446232704.0,-0.056928854469303514,,2026-09-21T08:08:28Z,yahoo_mcap|yahoo_ret
MTLS,448671872.0,0.4688090807102332,,2026-09-21T08:08:28Z,yahoo_mcap|yahoo_ret
IEAG,443033600.0,0.018000030517578036,,2026-09-21T08:08:28Z,yahoo_mcap|yahoo_ret
PHOE,421200000.0,1.2674417598883267,,2026-09-21T08:08:28Z,yahoo_mcap|yahoo_ret
BGR,447774080.0,0.42194025329867957,,2026-09-21T08:08:28Z,yahoo_mcap|yahoo_ret
GLAD,436272128.0,-0.09003469444619216,,2026-09-21T08:08:28Z,yahoo_mcap|yahoo_ret
MEC,438605728.0,0.201956691724553,,2026-09-21T08:08:28Z,yahoo_mcap|yahoo_ret
MCTA,445550176.0,3.193571363176618,,2026-09-21T08:08:28Z,yahoo_mcap|yahoo_ret
VVR,443304096.0,-0.05657896124151485,,2026-09-21T08:08:28Z,yahoo_mcap|yahoo_ret
KBON,444111360.0,0.005982095833907408,,2026-09-21T08:08:28Z,yahoo_mcap|yahoo_ret
ACTG,440116512.0,0.3625378570534372,,2026-09-21T08:08:28Z,yahoo_mcap|yahoo_ret
CBAN,439497344.0,0.20724931935201707,,2026-09-21T08:08:28Z,yahoo_mcap|yahoo_ret
WCT,436889152.0,-0.4634482613925276,,2026-09-21T08:08:28Z,yahoo_mcap|yahoo_ret
KREF,436599808.0,-0.20179324990305259,,2026-09-21T08:08:28Z,yahoo_mcap|yahoo_ret
MBVI,442031264.0,0.01585726907755025,,2026-09-21T08:08:28Z,yahoo_mcap|yahoo_ret
CDRO,409229248.0,0.2949640643157976,,2026-09-21T08:08:28Z,yahoo_mcap|yahoo_ret
SGHT,441805728.0,1.2277779639503152,,2026-09-21T08:08:28Z,yahoo_mcap|yahoo_ret
KIO,434852576.0,-0.05410459118519373,,2026-09-21T08:08:28Z,yahoo_mcap|yahoo_ret
PBFS,438378848.0,0.36418353745719134,,2026-09-21T08:08:28Z,yahoo_mcap|yahoo_ret
OXM,426431456.0,-0.3148952308948376,,2026-09-21T08:08:28Z,yahoo_mcap|yahoo_ret
IRD,430954368.0,2.407894666670431,,2026-09-21T08:08:28Z,yahoo_mcap|yahoo_ret
ZURA,427397952.0,1.2412060385794805,,2026-09-21T08:08:28Z,yahoo_mcap|yahoo_ret
LOCO,432756352.0,0.4349142770917609,,2026-09-21T08:08:28Z,yahoo_mcap|yahoo_ret
IACO,437062496.0,0.017311617268536805,,2026-09-21T08:08:28Z,yahoo_mcap|yahoo_ret
EDIT,414666080.0,-0.0459363531897542,,2026-09-21T08:08:28Z,yahoo_mcap|yahoo_ret
PLBC,436399872.0,0.4850675238880231,,2026-09-21T08:08:28Z,yahoo_mcap|yahoo_ret
MESH,434484352.0,0.016129016752173708,,2026-09-21T08:08:28Z,yahoo_mcap|yahoo_ret
KYTX,440943776.0,0.22931032413251407,,2026-09-21T08:08:28Z,yahoo_mcap|yahoo_ret
ADV,431830688.0,-0.2659887109099135,,2026-09-21T08:08:28Z,yahoo_mcap|yahoo_ret
ACIC,433934176.0,-0.12861198510572558,,2026-09-21T08:08:28Z,yahoo_mcap|yahoo_ret
PRTA,440471264.0,0.06319705677423126,,2026-09-21T08:08:28Z,yahoo_mcap|yahoo_ret
TLNC,432514144.0,0.03333332691128388,,2026-09-21T08:08:28Z,yahoo_mcap|yahoo_ret
CABA,432340864.0,0.16438350944736313,,2026-09-21T08:08:28Z,yahoo_mcap|yahoo_ret
KRAQ,432112512.0,0.010080683538369994,,2026-09-21T08:08:28Z,yahoo_mcap|yahoo_ret
STRZ,423823264.0,0.7175572700956587,,2026-09-21T08:08:28Z,yahoo_mcap|yahoo_ret
TRC,436666528.0,-0.00615008487466695,,2026-09-21T08:08:28Z,yahoo_mcap|yahoo_ret
NPFD,429880064.0,-0.010508544378562634,,2026-09-21T08:08:28Z,yahoo_mcap|yahoo_ret
WEYS,426928960.0,0.5841550119539933,,2026-09-21T08:08:28Z,yahoo_mcap|yahoo_ret
GNE,421903584.0,0.10131898758196001,,2026-09-21T08:08:28Z,yahoo_mcap|yahoo_ret
HVT,425394112.0,0.27280282621665153,,2026-09-21T08:08:28Z,yahoo_mcap|yahoo_ret
ASPN,420753152.0,-0.2587719212633117,,2026-09-21T08:08:28Z,yahoo_mcap|yahoo_ret
USCB,427314464.0,0.37953633000078724,,2026-09-21T08:08:28Z,yahoo_mcap|yahoo_ret
GLOO,446671488.0,-0.38999998569488525,,2026-09-21T08:08:28Z,yahoo_mcap|yahoo_ret
PACB,425838144.0,0.07874017743599016,,2026-09-21T08:08:28Z,yahoo_mcap|yahoo_ret
GMTL,417473696.0,-0.2222222222222222,,2026-09-21T08:08:28Z,yahoo_mcap|yahoo_ret
RLGT,408918080.0,0.4655463103461486,,2026-09-21T08:08:28Z,yahoo_mcap|yahoo_ret
TTRX,453693472.0,1.1342856543404713,,2026-09-21T08:08:28Z,yahoo_mcap|yahoo_ret
PTOR,422717024.0,0.012170374212723045,,2026-09-21T08:08:28Z,yahoo_mcap|yahoo_ret
TRVG,462157888.0,0.9436203006423012,,2026-09-21T08:08:28Z,yahoo_mcap|yahoo_ret
EVH,417188960.0,-0.5596658703068953,,2026-09-21T08:08:28Z,yahoo_mcap|yahoo_ret
JRI,418090080.0,-0.05540846288230106,,2026-09-21T08:08:28Z,yahoo_mcap|yahoo_ret
HBB,425315392.0,1.225947654683059,,2026-09-21T08:08:28Z,yahoo_mcap|yahoo_ret
CGC,419825120.0,-0.3182481664175598,,2026-09-21T08:08:28Z,yahoo_mcap|yahoo_ret
CAL,405088416.0,-0.16131706857121675,,2026-09-21T08:08:28Z,yahoo_mcap|yahoo_ret
CLFD,409692096.0,-0.11215782267823404,,2026-09-21T08:08:28Z,yahoo_mcap|yahoo_ret
KRUS,422206816.0,-0.5266312727629485,,2026-09-21T08:08:28Z,yahoo_mcap|yahoo_ret
CCCC,417055232.0,0.07278481418554295,,2026-09-21T08:08:28Z,yahoo_mcap|yahoo_ret
AVIR,427491008.0,0.8506943444135051,,2026-09-21T08:08:28Z,yahoo_mcap|yahoo_ret
HPS,416908416.0,-0.07659220810707157,,2026-09-21T08:08:28Z,yahoo_mcap|yahoo_ret
CARL,425376736.0,0.10106009496304935,,2026-09-21T08:08:28Z,yahoo_mcap|yahoo_ret
SGU,414405664.0,0.1741759255507609,,2026-09-21T08:08:28Z,yahoo_mcap|yahoo_ret
KFII,418862176.0,0.04505387232402591,,2026-09-21T08:08:28Z,yahoo_mcap|yahoo_ret
MAGN,409400000.0,0.030465963910092153,,2026-09-21T08:08:28Z,yahoo_mcap|yahoo_ret
TRX,422441472.0,1.388888723320438,,2026-09-21T08:08:28Z,yahoo_mcap|yahoo_ret
ISTR,414826272.0,0.33098146771826675,,2026-09-21T08:08:28Z,yahoo_mcap|yahoo_ret
PRE,405892640.0,1.0158333778381348,,2026-09-21T08:08:28Z,yahoo_mcap|yahoo_ret
SHIP,402811808.0,1.2287068648143107,,2026-09-21T08:08:28Z,yahoo_mcap|yahoo_ret
SPRY,408728608.0,-0.5801838458090787,,2026-09-21T08:08:28Z,yahoo_mcap|yahoo_ret
CLPT,421873472.0,0.23482144278835304,,2026-09-21T08:08:28Z,yahoo_mcap|yahoo_ret
CHCT,406024928.0,0.05459441297101719,,2026-09-21T08:08:28Z,yahoo_mcap|yahoo_ret
ECX,400850688.0,-0.5384615550587244,,2026-09-21T08:08:28Z,yahoo_mcap|yahoo_ret
BCCQ,413755008.0,0.004028193416286019,,2026-09-21T08:08:28Z,yahoo_mcap|yahoo_ret
ARTV,420943904.0,1.989583095328685,,2026-09-21T08:08:28Z,yahoo_mcap|yahoo_ret
BOC,407311200.0,0.027355669796786275,,2026-09-21T08:08:28Z,yahoo_mcap|yahoo_ret
CPS,406914848.0,-0.3968923128176235,,2026-09-21T08:08:28Z,yahoo_mcap|yahoo_ret
LAND,406777888.0,0.08173813310292588,,2026-09-21T08:08:28Z,yahoo_mcap|yahoo_ret
AVBC,417271200.0,0.4503355954953343,,2026-09-21T08:08:28Z,yahoo_mcap|yahoo_ret
FRPH,403740256.0,-0.14163262503487728,,2026-09-21T08:08:28Z,yahoo_mcap|yahoo_ret
CYH,404696832.0,-0.0559210784299885,,2026-09-21T08:08:28Z,yahoo_mcap|yahoo_ret
CLBR,406969504.0,0.009930524776592176,,2026-09-21T08:08:28Z,yahoo_mcap|yahoo_ret
EVN,404019488.0,-0.03564077845306135,,2026-09-21T08:08:28Z,yahoo_mcap|yahoo_ret
FINS,408688096.0,0.03689524677524769,,2026-09-21T08:08:28Z,yahoo_mcap|yahoo_ret
RMNI,408899296.0,-0.04575164077686844,,2026-09-21T08:08:28Z,yahoo_mcap|yahoo_ret
GBLI,381827200.0,-0.07030548133955283,,2026-09-21T08:08:28Z,yahoo_mcap|yahoo_ret
CINT,381406272.0,-0.45620437797419566,,2026-09-21T08:08:28Z,yahoo_mcap|yahoo_ret
SOHU,377922080.0,-0.1931964212850804,,2026-09-21T08:08:28Z,yahoo_mcap|yahoo_ret
DFP,402958240.0,-0.035197527621977476,,2026-09-21T08:08:28Z,yahoo_mcap|yahoo_ret
CRAQ,404344960.0,0.03959894626401561,,2026-09-21T08:08:28Z,yahoo_mcap|yahoo_ret
FCBM,394263712.0,0.007142793348318577,,2026-09-21T08:08:28Z,yahoo_mcap|yahoo_ret
ACCO,384922560.0,0.10831668030339436,,2026-09-21T08:08:28Z,yahoo_mcap|yahoo_ret
OPTU,411946080.0,-0.598513003739006,,2026-09-21T08:08:28Z,yahoo_mcap|yahoo_ret
AIOT,386570656.0,-0.4606741512834599,,2026-09-21T08:08:28Z,yahoo_mcap|yahoo_ret
SWRD,453972448.0,-0.03587440494251337,,2026-09-21T08:08:28Z,yahoo_mcap|yahoo_ret
OSPR,403187264.0,-0.012060290237125626,,2026-09-21T08:08:28Z,yahoo_mcap|yahoo_ret
NPAC,401951936.0,0.03663365065192603,,2026-09-21T08:08:28Z,yahoo_mcap|yahoo_ret
TKNO,418231456.0,0.6788793504326731,,2026-09-21T08:08:28Z,yahoo_mcap|yahoo_ret
LRMR,393716320.0,-0.097619015721776,,2026-09-21T08:08:28Z,yahoo_mcap|yahoo_ret
MVBF,396048736.0,0.2893875759339595,,2026-09-21T08:08:28Z,yahoo_mcap|yahoo_ret
NATH,405586496.0,0.001695163637531527,,2026-09-21T08:08:28Z,yahoo_mcap|yahoo_ret
NXG,406495328.0,0.2946247277489009,,2026-09-21T08:08:28Z,yahoo_mcap|yahoo_ret
CHMG,400037536.0,0.5974033890666957,,2026-09-21T08:08:28Z,yahoo_mcap|yahoo_ret
OTLY,399222368.0,-0.2679929714928948,,2026-09-21T08:08:28Z,yahoo_mcap|yahoo_ret
PKBK,398360992.0,0.5790083768841143,,2026-09-21T08:08:28Z,yahoo_mcap|yahoo_ret
ALLT,394424768.0,-0.18616479531122088,,2026-09-21T08:08:28Z,yahoo_mcap|yahoo_ret
BTQ,383880544.0,-0.5038023229039563,,2026-09-21T08:08:28Z,yahoo_mcap|yahoo_ret
ISD,397794368.0,-0.10555499188783235,,2026-09-21T08:08:28Z,yahoo_mcap|yahoo_ret
RTAC,398521664.0,-0.0386740413970188,,2026-09-21T08:08:28Z,yahoo_mcap|yahoo_ret
FNLC,396912736.0,0.38912000154242476,,2026-09-21T08:08:28Z,yahoo_mcap|yahoo_ret
FSTR,393544320.0,0.34762246177830725,,2026-09-21T08:08:28Z,yahoo_mcap|yahoo_ret
VOXR,397512992.0,0.5647916214046407,,2026-09-21T08:08:28Z,yahoo_mcap|yahoo_ret
AEF,397487936.0,0.6641258720683536,,2026-09-21T08:08:28Z,yahoo_mcap|yahoo_ret
GEVO,388162272.0,-0.22277224392250972,,2026-09-21T08:08:28Z,yahoo_mcap|yahoo_ret
CZFS,391281696.0,0.3251216944525672,,2026-09-21T08:08:28Z,yahoo_mcap|yahoo_ret
MYGN,372077152.0,-0.49935648462635884,,2026-09-21T08:08:28Z,yahoo_mcap|yahoo_ret
PCAP,393334080.0,0.018664005372052817,,2026-09-21T08:08:28Z,yahoo_mcap|yahoo_ret
SAAQ,392531968.0,0.016145292621158935,,2026-09-21T08:08:28Z,yahoo_mcap|yahoo_ret
DGXX,414712480.0,0.6831275885707826,,2026-09-21T08:08:28Z,yahoo_mcap|yahoo_ret
FRST,394553216.0,0.5201093125812433,,2026-09-21T08:08:28Z,yahoo_mcap|yahoo_ret
ZKP,392301568.0,0.01107750788485995,,2026-09-21T08:08:28Z,yahoo_mcap|yahoo_ret
TACO,392070944.0,0.020507816683675628,,2026-09-21T08:08:28Z,yahoo_mcap|yahoo_ret
BBOT,382431232.0,-0.5823117382609957,,2026-09-21T08:08:28Z,yahoo_mcap|yahoo_ret
RDAG,390750016.0,0.017578155195224765,,2026-09-21T08:08:28Z,yahoo_mcap|yahoo_ret
MCI,393830144.0,-0.036207645260555976,,2026-09-21T08:08:28Z,yahoo_mcap|yahoo_ret
HFRO,390394688.0,0.13846753825326452,,2026-09-21T08:08:28Z,yahoo_mcap|yahoo_ret
BNTC,384407680.0,-0.18066909932798225,,2026-09-21T08:08:28Z,yahoo_mcap|yahoo_ret
GUAC,390724000.0,-0.012935334524746156,,2026-09-21T08:08:28Z,yahoo_mcap|yahoo_ret
REAX,360261664.0,-0.6626530472113161,,2026-09-21T08:08:28Z,yahoo_mcap|yahoo_ret
WENN,390101216.0,0.02292177102903481,,2026-09-21T08:08:28Z,yahoo_mcap|yahoo_ret
PCB,388192800.0,0.33598502357996995,,2026-09-21T08:08:28Z,yahoo_mcap|yahoo_ret
MTAL,389850016.0,0.015984000374991147,,2026-09-21T08:08:28Z,yahoo_mcap|yahoo_ret
KNOP,390449184.0,0.2733776588370551,,2026-09-21T08:08:28Z,yahoo_mcap|yahoo_ret
RNGR,380516928.0,0.2039640928765356,,2026-09-21T08:08:28Z,yahoo_mcap|yahoo_ret
SFIX,378929408.0,-0.4991181876622466,,2026-09-21T08:08:28Z,yahoo_mcap|yahoo_ret
ORBS,446968480.0,-0.918686476547702,,2026-09-21T08:08:28Z,yahoo_mcap|yahoo_ret
HTT,392867264.0,-0.3529411979917473,,2026-09-21T08:08:28Z,yahoo_mcap|yahoo_ret
AUNA,377687232.0,-0.20930231698508794,,2026-09-21T08:08:28Z,yahoo_mcap|yahoo_ret
DSC,345500192.0,-0.23841062077353092,,2026-09-21T08:08:28Z,yahoo_mcap|yahoo_ret
RCKT,369940384.0,0.09771985629960533,,2026-09-21T08:08:28Z,yahoo_mcap|yahoo_ret
AXG,361104160.0,-0.2695312318101055,,2026-09-21T08:08:28Z,yahoo_mcap|yahoo_ret
MNRO,378295136.0,-0.28369031284240986,,2026-09-21T08:08:28Z,yahoo_mcap|yahoo_ret
DSX,386926656.0,0.7016963104627771,,2026-09-21T08:08:28Z,yahoo_mcap|yahoo_ret
IHRT,365302432.0,-0.221122139478647,,2026-09-21T08:08:28Z,yahoo_mcap|yahoo_ret
CCCT,383743648.0,0.0030580766246657287,,2026-09-21T08:08:28Z,yahoo_mcap|yahoo_ret
SDHY,380211776.0,-0.012568027982020724,,2026-09-21T08:08:28Z,yahoo_mcap|yahoo_ret
PPHC,396138720.0,0.18204478807027247,,2026-09-21T08:08:28Z,yahoo_mcap|yahoo_ret
RR,375920224.0,-0.6247190946822904,,2026-09-21T08:08:28Z,yahoo_mcap|yahoo_ret
NREF,374765440.0,0.2806662938343798,,2026-09-21T08:08:28Z,yahoo_mcap|yahoo_ret
YICC,380458336.0,0.0,,2026-09-21T08:08:28Z,yahoo_mcap|yahoo_ret
REI,380387840.0,0.4897959282973168,,2026-09-21T08:08:28Z,yahoo_mcap|yahoo_ret
KEYY,379883328.0,-0.0010080875811416812,,2026-09-21T08:08:28Z,yahoo_mcap|yahoo_ret
NWFL,378956064.0,0.37051526952207325,,2026-09-21T08:08:28Z,yahoo_mcap|yahoo_ret
PESI,370260256.0,0.9091903837495572,,2026-09-21T08:08:28Z,yahoo_mcap|yahoo_ret
VKI,374381248.0,0.034119343942552005,,2026-09-21T08:08:28Z,yahoo_mcap|yahoo_ret
QNC,366430816.0,-0.5593667615056781,,2026-09-21T08:08:28Z,yahoo_mcap|yahoo_ret
FENC,372413248.0,0.2249134708310958,,2026-09-21T08:08:28Z,yahoo_mcap|yahoo_ret
IMXI,364654336.0,-0.16180555454374834,,2026-09-21T08:08:28Z,yahoo_mcap|yahoo_ret
SWMR,382168800.0,-0.22645162766979587,,2026-09-21T08:08:28Z,yahoo_mcap|yahoo_ret
RZLT,369762528.0,-0.501298700092333,,2026-09-21T08:08:28Z,yahoo_mcap|yahoo_ret
HACQ,376366240.0,0.014098628937147861,,2026-09-21T08:08:28Z,yahoo_mcap|yahoo_ret
NECB,375675776.0,0.3209081958177793,,2026-09-21T08:08:28Z,yahoo_mcap|yahoo_ret
BIOA,369929088.0,0.6448980128055104,,2026-09-21T08:08:28Z,yahoo_mcap|yahoo_ret
MZYX,374624992.0,0.01011116525015332,,2026-09-21T08:08:28Z,yahoo_mcap|yahoo_ret
ALOV,374812320.0,0.017311617268536805,,2026-09-21T08:08:28Z,yahoo_mcap|yahoo_ret
CLNE,372552064.0,-0.36226415230142295,,2026-09-21T08:08:28Z,yahoo_mcap|yahoo_ret
GALT,392305152.0,-0.18958334368136154,,2026-09-21T08:08:28Z,yahoo_mcap|yahoo_ret
SERV,382380064.0,-0.68454935680873,,2026-09-21T08:08:28Z,yahoo_mcap|yahoo_ret
SLP,372946016.0,0.20918036288902409,,2026-09-21T08:08:28Z,yahoo_mcap|yahoo_ret
CCAP,360353408.0,-0.2929492685920786,,2026-09-21T08:08:28Z,yahoo_mcap|yahoo_ret
DMAC,369391008.0,0.0043987877149691545,,2026-09-21T08:08:28Z,yahoo_mcap|yahoo_ret
BNED,368835392.0,0.1476308102874866,,2026-09-21T08:08:28Z,yahoo_mcap|yahoo_ret
FVAV,370409376.0,0.02295404508271459,,2026-09-21T08:08:28Z,yahoo_mcap|yahoo_ret
WSBF,367809984.0,0.3991731039320119,,2026-09-21T08:08:28Z,yahoo_mcap|yahoo_ret
WDH,362894976.0,-0.46997272132681767,,2026-09-21T08:08:28Z,yahoo_mcap|yahoo_ret
FDMM,369667840.0,0.001015154804088203,,2026-09-21T08:08:28Z,yahoo_mcap|yahoo_ret
LWAY,361051232.0,-0.09332325246059547,,2026-09-21T08:08:28Z,yahoo_mcap|yahoo_ret
CWH,357436512.0,-0.6587321361113533,,2026-09-21T08:08:28Z,yahoo_mcap|yahoo_ret
TREE,359553152.0,-0.6563799673982341,,2026-09-21T08:08:28Z,yahoo_mcap|yahoo_ret
FCRS,367820288.0,-0.0004882924367850539,,2026-09-21T08:08:28Z,yahoo_mcap|yahoo_ret
ENTA,355329888.0,0.5968586416843935,,2026-09-21T08:08:28Z,yahoo_mcap|yahoo_ret
GSRV,367621216.0,-0.0020181134608774354,,2026-09-21T08:08:28Z,yahoo_mcap|yahoo_ret
SI,378072224.0,0.2593619799813047,,2026-09-21T08:08:28Z,yahoo_mcap|yahoo_ret
OPRT,375255968.0,0.14929576859401328,,2026-09-21T08:08:28Z,yahoo_mcap|yahoo_ret
GIX,365833600.0,0.020387339521943826,,2026-09-21T08:08:28Z,yahoo_mcap|yahoo_ret
SDHI,367889280.0,0.04090684505937503,,2026-09-21T08:08:28Z,yahoo_mcap|yahoo_ret
CRNC,349629888.0,-0.38110487103864377,,2026-09-21T08:08:28Z,yahoo_mcap|yahoo_ret
CNCK,373464480.0,-0.5868643783129197,,2026-09-21T08:08:28Z,yahoo_mcap|yahoo_ret
GTE,364414016.0,1.6478148876524492,,2026-09-21T08:08:28Z,yahoo_mcap|yahoo_ret
ORN,366482368.0,0.12143748859608738,,2026-09-21T08:08:28Z,yahoo_mcap|yahoo_ret
EAD,364008768.0,-0.041871084514993884,,2026-09-21T08:08:28Z,yahoo_mcap|yahoo_ret
OIM,366795616.0,0.011964096585627138,,2026-09-21T08:08:28Z,yahoo_mcap|yahoo_ret
GASS,355967392.0,0.3475783566737878,,2026-09-21T08:08:28Z,yahoo_mcap|yahoo_ret
GBAB,358984896.0,-0.069282110311501,,2026-09-21T08:08:28Z,yahoo_mcap|yahoo_ret
LEO,361286976.0,-0.011748618895628393,,2026-09-21T08:08:28Z,yahoo_mcap|yahoo_ret
ARTNA,355666048.0,0.1327002649944098,,2026-09-21T08:08:28Z,yahoo_mcap|yahoo_ret
ALUB,363328128.0,0.013026064168715212,,2026-09-21T08:08:28Z,yahoo_mcap|yahoo_ret
PERI,357683008.0,-0.11902340644707132,,2026-09-21T08:08:28Z,yahoo_mcap|yahoo_ret
GCO,354468160.0,-0.011168208109058164,,2026-09-21T08:08:28Z,yahoo_mcap|yahoo_ret
SHOE,355292480.0,-0.396082138435762,,2026-09-21T08:08:28Z,yahoo_mcap|yahoo_ret
TSBK,356980928.0,0.35477893520616166,,2026-09-21T08:08:28Z,yahoo_mcap|yahoo_ret
OPI,386822016.0,-0.479468193988127,,2026-09-21T08:08:28Z,yahoo_mcap|yahoo_ret
TACH,362595008.0,0.038537583768085915,,2026-09-21T08:08:28Z,yahoo_mcap|yahoo_ret
VALU,384666016.0,0.11893122998479311,,2026-09-21T08:08:28Z,yahoo_mcap|yahoo_ret
OTGA,361745120.0,0.022432740524418238,,2026-09-21T08:08:28Z,yahoo_mcap|yahoo_ret
MRAM,372068128.0,0.9220125911403774,,2026-09-21T08:08:28Z,yahoo_mcap|yahoo_ret
LSAK,360461184.0,0.02689478058030037,,2026-09-21T08:08:28Z,yahoo_mcap|yahoo_ret
TCI,353766272.0,-0.13754011347969586,,2026-09-21T08:08:28Z,yahoo_mcap|yahoo_ret
TWIN,361728224.0,0.8836067913775609,,2026-09-21T08:08:28Z,yahoo_mcap|yahoo_ret
MOBI,350888160.0,-0.10297872665080621,,2026-09-21T08:08:28Z,yahoo_mcap|yahoo_ret
CION,350815296.0,-0.17343513303693658,,2026-09-21T08:08:28Z,yahoo_mcap|yahoo_ret
PFL,358076960.0,-0.04869384870424964,,2026-09-21T08:08:28Z,yahoo_mcap|yahoo_ret
PRLD,388642976.0,3.9441622485606844,,2026-09-21T08:08:28Z,yahoo_mcap|yahoo_ret
ERII,356803680.0,-0.5241661013760373,,2026-09-21T08:08:28Z,yahoo_mcap|yahoo_ret
JILL,355819680.0,0.35448345180362284,,2026-09-21T08:08:28Z,yahoo_mcap|yahoo_ret
KCHV,357989664.0,0.042914104975743106,,2026-09-21T08:08:28Z,yahoo_mcap|yahoo_ret
BRBS,354265728.0,0.13350176731849306,,2026-09-21T08:08:28Z,yahoo_mcap|yahoo_ret
CCII,357341312.0,0.01980196056547401,,2026-09-21T08:08:28Z,yahoo_mcap|yahoo_ret
GRRR,354597824.0,-0.4001861107208349,,2026-09-21T08:08:28Z,yahoo_mcap|yahoo_ret
ACAA,356468288.0,-0.005970190893330951,,2026-09-21T08:08:28Z,yahoo_mcap|yahoo_ret
ARCI,356146208.0,0.02538070967695716,,2026-09-21T08:08:28Z,yahoo_mcap|yahoo_ret
AMAC,355650176.0,-0.008097158176053498,,2026-09-21T08:08:28Z,yahoo_mcap|yahoo_ret
SOUL,355491392.0,0.038690510543115675,,2026-09-21T08:08:28Z,yahoo_mcap|yahoo_ret
HCIC,354424864.0,0.011144848830058063,,2026-09-21T08:08:28Z,yahoo_mcap|yahoo_ret
DIN,353316864.0,0.24374714995255053,,2026-09-21T08:08:28Z,yahoo_mcap|yahoo_ret
EH,347371744.0,-0.7448468117526674,,2026-09-21T08:08:28Z,yahoo_mcap|yahoo_ret
PAII,354928768.0,0.03625374074657417,,2026-09-21T08:08:28Z,yahoo_mcap|yahoo_ret
BDCI,353026144.0,0.0009852442618401014,,2026-09-21T08:08:28Z,yahoo_mcap|yahoo_ret
MIY,350473472.0,0.12111970502565517,,2026-09-21T08:08:28Z,yahoo_mcap|yahoo_ret
VELO,340137664.0,2.306249926891179,,2026-09-21T08:08:28Z,yahoo_mcap|yahoo_ret
OBIO,365438688.0,1.4918031889852181,,2026-09-21T08:08:28Z,yahoo_mcap|yahoo_ret
VFF,347293056.0,0.07984782912187627,,2026-09-21T08:08:28Z,yahoo_mcap|yahoo_ret
OYSE,352029952.0,0.03489535301972002,,2026-09-21T08:08:28Z,yahoo_mcap|yahoo_ret
EBS,348658688.0,-0.17174175893552757,,2026-09-21T08:08:28Z,yahoo_mcap|yahoo_ret
AXIN,350531360.0,0.03610828957224599,,2026-09-21T08:08:28Z,yahoo_mcap|yahoo_ret
BLZR,350968736.0,0.005911371612976168,,2026-09-21T08:08:28Z,yahoo_mcap|yahoo_ret
SBXE,350419520.0,0.014056259315918584,,2026-09-21T08:08:28Z,yahoo_mcap|yahoo_ret
OFIX,352072576.0,-0.40788579092048893,,2026-09-21T08:08:28Z,yahoo_mcap|yahoo_ret
FOF,349488832.0,0.05387781237681866,,2026-09-21T08:08:28Z,yahoo_mcap|yahoo_ret
CURR,358179232.0,0.969135831994375,,2026-09-21T08:08:28Z,yahoo_mcap|yahoo_ret
FSBW,344912416.0,0.0944141398953573,,2026-09-21T08:08:28Z,yahoo_mcap|yahoo_ret
SCD,349321632.0,0.057675826677985986,,2026-09-21T08:08:28Z,yahoo_mcap|yahoo_ret
MYN,348650208.0,-0.01835660945445372,,2026-09-21T08:08:28Z,yahoo_mcap|yahoo_ret
SORN,348028032.0,0.01417007507096324,,2026-09-21T08:08:28Z,yahoo_mcap|yahoo_ret
HCMA,348127968.0,0.02482621723697709,,2026-09-21T08:08:28Z,yahoo_mcap|yahoo_ret
CVEO,354864384.0,0.5136684907019278,,2026-09-21T08:08:28Z,yahoo_mcap|yahoo_ret
JONE,347646944.0,-0.0010162834071913984,,2026-09-21T08:08:28Z,yahoo_mcap|yahoo_ret
NOA,341806464.0,-0.04278567606631212,,2026-09-21T08:08:28Z,yahoo_mcap|yahoo_ret
TWFG,344291296.0,0.06494020462127015,,2026-09-21T08:08:28Z,yahoo_mcap|yahoo_ret
OCGN,359456992.0,-0.2089552862868843,,2026-09-21T08:08:28Z,yahoo_mcap|yahoo_ret
DSAC,345626240.0,0.015999984741210893,,2026-09-21T08:08:28Z,yahoo_mcap|yahoo_ret
NEWT,333907520.0,0.0012016197914082039,,2026-09-21T08:08:28Z,yahoo_mcap|yahoo_ret
LZM,347969344.0,-0.2586206817803346,,2026-09-21T08:08:28Z,yahoo_mcap|yahoo_ret
RPAY,350973888.0,-0.2697247415848738,,2026-09-21T08:08:28Z,yahoo_mcap|yahoo_ret
NAN,343080224.0,-0.042580176321929786,,2026-09-21T08:08:28Z,yahoo_mcap|yahoo_ret
API,338199136.0,0.03896106469689564,,2026-09-21T08:08:28Z,yahoo_mcap|yahoo_ret
AVBH,344881280.0,0.1971025606755752,,2026-09-21T08:08:28Z,yahoo_mcap|yahoo_ret
AIV,336317344.0,-0.2571751187160437,,2026-09-21T08:08:28Z,yahoo_mcap|yahoo_ret
FBYD,337312896.0,-0.5356904506725153,,2026-09-21T08:08:28Z,yahoo_mcap|yahoo_ret
PACK,341317984.0,-0.21343872251365936,,2026-09-21T08:08:28Z,yahoo_mcap|yahoo_ret
XFOR,354945344.0,0.12933748818436652,,2026-09-21T08:08:28Z,yahoo_mcap|yahoo_ret
LXEO,344594272.0,-0.1844660715553863,,2026-09-21T08:08:28Z,yahoo_mcap|yahoo_ret
ELA,323504896.0,0.5653266304565956,,2026-09-21T08:08:28Z,yahoo_mcap|yahoo_ret
SUPX,316077600.0,-0.8676923087279721,,2026-09-21T08:08:28Z,yahoo_mcap|yahoo_ret
EVMN,350218880.0,-0.52298567291695,,2026-09-21T08:08:28Z,yahoo_mcap|yahoo_ret
RFAI,337922496.0,2.8135593631287414,,2026-09-21T08:08:28Z,yahoo_mcap|yahoo_ret
AACI,341659520.0,0.017223918770523428,,2026-09-21T08:08:28Z,yahoo_mcap|yahoo_ret
CLW,336908992.0,-0.007129349779077532,,2026-09-21T08:08:28Z,yahoo_mcap|yahoo_ret
RCEL,340813888.0,1.0146253894787751,,2026-09-21T08:08:28Z,yahoo_mcap|yahoo_ret
BEAG,339800320.0,0.04527940865577951,,2026-09-21T08:08:28Z,yahoo_mcap|yahoo_ret
CMPX,342167040.0,-0.4395280479757243,,2026-09-21T08:08:28Z,yahoo_mcap|yahoo_ret
VMD,339366112.0,0.32392270760182584,,2026-09-21T08:08:28Z,yahoo_mcap|yahoo_ret
ARQQ,350310528.0,-0.5176132427130186,,2026-09-21T08:08:28Z,yahoo_mcap|yahoo_ret
CGCF,339937504.0,-0.017051160656047615,,2026-09-21T08:08:28Z,yahoo_mcap|yahoo_ret
BKKT,388048000.0,-0.17528735605934453,,2026-09-21T08:08:28Z,yahoo_mcap|yahoo_ret
GOGO,329284096.0,-0.7263513473602929,,2026-09-21T08:08:28Z,yahoo_mcap|yahoo_ret
AWP,334783808.0,0.021283758006095166,,2026-09-21T08:08:28Z,yahoo_mcap|yahoo_ret
HIX,339562816.0,-0.0016783771310382445,,2026-09-21T08:08:28Z,yahoo_mcap|yahoo_ret
CAII,338305344.0,0.005035169740577494,,2026-09-21T08:08:28Z,yahoo_mcap|yahoo_ret
IPFX,338176640.0,-0.00199009526209859,,2026-09-21T08:08:28Z,yahoo_mcap|yahoo_ret
FOSL,323485120.0,0.8233332633972168,,2026-09-21T08:08:28Z,yahoo_mcap|yahoo_ret
CYPH,387951776.0,11.413793131797691,,2026-09-21T08:08:28Z,yahoo_mcap|yahoo_ret
IPSC,336800128.0,2.899371114764308,,2026-09-21T08:08:28Z,yahoo_mcap|yahoo_ret
PINE,334114144.0,0.3056149601178697,,2026-09-21T08:08:28Z,yahoo_mcap|yahoo_ret
OPAL,326670304.0,-0.15000001625581183,,2026-09-21T08:08:28Z,yahoo_mcap|yahoo_ret
TCPC,335611104.0,-0.2699890836990665,,2026-09-21T08:08:28Z,yahoo_mcap|yahoo_ret
JGH,334134944.0,-0.0338220525680446,,2026-09-21T08:08:28Z,yahoo_mcap|yahoo_ret
SION,269095968.0,-0.7424373295008319,,2026-09-21T08:08:28Z,yahoo_mcap|yahoo_ret
FLXS,326070848.0,0.6798846530867604,,2026-09-21T08:08:28Z,yahoo_mcap|yahoo_ret
SPXX,332745824.0,0.1225283764699785,,2026-09-21T08:08:28Z,yahoo_mcap|yahoo_ret
BLUW,335033952.0,0.03803805036507879,,2026-09-21T08:08:28Z,yahoo_mcap|yahoo_ret
PNRG,334260960.0,0.27603915697220716,,2026-09-21T08:08:28Z,yahoo_mcap|yahoo_ret
EMF,333487584.0,0.4672105330299281,,2026-09-21T08:08:28Z,yahoo_mcap|yahoo_ret
IA,328986752.0,0.6122806820879714,,2026-09-21T08:08:28Z,yahoo_mcap|yahoo_ret
FIP,354545216.0,-0.3399677277998011,,2026-09-21T08:08:28Z,yahoo_mcap|yahoo_ret
XRPN,333274496.0,0.019323652356883825,,2026-09-21T08:08:28Z,yahoo_mcap|yahoo_ret
SNDL,337185568.0,-0.44534413404876927,,2026-09-21T08:08:28Z,yahoo_mcap|yahoo_ret
SUJA,331016352.0,-0.5198879825391587,,2026-09-21T08:08:28Z,yahoo_mcap|yahoo_ret
BCML,328695520.0,0.05254147202693682,,2026-09-21T08:08:28Z,yahoo_mcap|yahoo_ret
KTF,330710464.0,-0.0033070006852983225,,2026-09-21T08:08:28Z,yahoo_mcap|yahoo_ret
OEC,323106944.0,-0.31678194559877515,,2026-09-21T08:08:28Z,yahoo_mcap|yahoo_ret
RREV,330333312.0,-0.0010080875811416812,,2026-09-21T08:08:28Z,yahoo_mcap|yahoo_ret
FERA,328925376.0,0.034414983170508506,,2026-09-21T08:08:28Z,yahoo_mcap|yahoo_ret
FVCB,324796032.0,0.36821317367993944,,2026-09-21T08:08:28Z,yahoo_mcap|yahoo_ret
RCKY,328670112.0,0.534042169476658,,2026-09-21T08:08:28Z,yahoo_mcap|yahoo_ret
PSFE,325302400.0,-0.5505050379945646,,2026-09-21T08:08:28Z,yahoo_mcap|yahoo_ret
AGEN,354521024.0,0.7922373743212963,,2026-09-21T08:08:28Z,yahoo_mcap|yahoo_ret
SZZL,327362016.0,0.03972200440186535,,2026-09-21T08:08:28Z,yahoo_mcap|yahoo_ret
JMSB,326695904.0,0.14061445410624396,,2026-09-21T08:08:28Z,yahoo_mcap|yahoo_ret
DRDB,327520032.0,0.037900908140773515,,2026-09-21T08:08:28Z,yahoo_mcap|yahoo_ret
OBA,326844384.0,0.03973847831374244,,2026-09-21T08:08:28Z,yahoo_mcap|yahoo_ret
PACH,326686240.0,0.038190967007564414,,2026-09-21T08:08:28Z,yahoo_mcap|yahoo_ret
NNDM,331017248.0,0.1294964522371682,,2026-09-21T08:08:28Z,yahoo_mcap|yahoo_ret
TMCR,322913184.0,-0.6578571455819267,,2026-09-21T08:08:28Z,yahoo_mcap|yahoo_ret
CEPV,326486464.0,0.005825190760321952,,2026-09-21T08:08:28Z,yahoo_mcap|yahoo_ret
HLLY,307934720.0,-0.22085890512776196,,2026-09-21T08:08:28Z,yahoo_mcap|yahoo_ret
COSO,321694144.0,0.1339037924313078,,2026-09-21T08:08:28Z,yahoo_mcap|yahoo_ret
NXH,336590016.0,-0.6355042162019642,,2026-09-21T08:08:28Z,yahoo_mcap|yahoo_ret
CATX,328756800.0,-0.09717866370499473,,2026-09-21T08:08:28Z,yahoo_mcap|yahoo_ret
MOVE,347390560.0,1.5427857555989504,,2026-09-21T08:08:28Z,yahoo_mcap|yahoo_ret
ELVA,327244448.0,-0.05571426664079937,,2026-09-21T08:08:28Z,yahoo_mcap|yahoo_ret
MPTI,319335584.0,0.39889566984652536,,2026-09-21T08:08:28Z,yahoo_mcap|yahoo_ret
EYPT,322788992.0,-0.7094339694616929,,2026-09-21T08:08:28Z,yahoo_mcap|yahoo_ret
RMR,319912640.0,0.25865141369452926,,2026-09-21T08:08:28Z,yahoo_mcap|yahoo_ret
LDI,310031872.0,-0.8123655891236521,,2026-09-21T08:08:28Z,yahoo_mcap|yahoo_ret
EVOX,323520000.0,0.022244621407220277,,2026-09-21T08:08:28Z,yahoo_mcap|yahoo_ret
TDUP,325707456.0,-0.764482423365293,,2026-09-21T08:08:28Z,yahoo_mcap|yahoo_ret
KOYN,322837472.0,0.029175047695710665,,2026-09-21T08:08:28Z,yahoo_mcap|yahoo_ret
SMTI,322224384.0,0.06628155505110467,,2026-09-21T08:08:28Z,yahoo_mcap|yahoo_ret
ALDF,322579712.0,0.039385192451663054,,2026-09-21T08:08:28Z,yahoo_mcap|yahoo_ret
IACQ,321101888.0,0.0,,2026-09-21T08:08:28Z,yahoo_mcap|yahoo_ret
QTTB,313770176.0,4.697297203253447,,2026-09-21T08:08:28Z,yahoo_mcap|yahoo_ret
PMTR,320893440.0,0.016601570321654657,,2026-09-21T08:08:28Z,yahoo_mcap|yahoo_ret
CAES,320729504.0,-0.003956475095091561,,2026-09-21T08:08:28Z,yahoo_mcap|yahoo_ret
BBW,301084544.0,-0.6586473818868062,,2026-09-21T08:08:28Z,yahoo_mcap|yahoo_ret
IKT,320932576.0,0.4024390075477653,,2026-09-21T08:08:28Z,yahoo_mcap|yahoo_ret
FTW,316421792.0,0.010648406203129568,,2026-09-21T08:08:28Z,yahoo_mcap|yahoo_ret
PSBD,316627104.0,-0.11633238196359619,,2026-09-21T08:08:28Z,yahoo_mcap|yahoo_ret
BGT,320615744.0,0.0004294708792740298,,2026-09-21T08:08:28Z,yahoo_mcap|yahoo_ret
CD,385013312.0,-0.65,,2026-09-21T08:08:28Z,yahoo_mcap|yahoo_ret
RNGT,318592224.0,0.017000007629394576,,2026-09-21T08:08:28Z,yahoo_mcap|yahoo_ret
BRW,314022144.0,-0.11095198234522685,,2026-09-21T08:08:28Z,yahoo_mcap|yahoo_ret
JACS,318832224.0,0.03805390170851952,,2026-09-21T08:08:28Z,yahoo_mcap|yahoo_ret
ASG,319862720.0,-0.026032981851581316,,2026-09-21T08:08:28Z,yahoo_mcap|yahoo_ret
FCCO,317052928.0,0.18273993020696144,,2026-09-21T08:08:28Z,yahoo_mcap|yahoo_ret
BKT,315468384.0,-0.05976046982470684,,2026-09-21T08:08:28Z,yahoo_mcap|yahoo_ret
FATE,303145888.0,1.6354166957704979,,2026-09-21T08:08:28Z,yahoo_mcap|yahoo_ret
TVA,317400000.0,0.04442248807318716,,2026-09-21T08:08:28Z,yahoo_mcap|yahoo_ret
MNTK,320267552.0,0.07655506813467117,,2026-09-21T08:08:28Z,yahoo_mcap|yahoo_ret
SABS,319362144.0,0.4210526112577391,,2026-09-21T08:08:28Z,yahoo_mcap|yahoo_ret
POLE,316347200.0,0.024856618349295534,,2026-09-21T08:08:28Z,yahoo_mcap|yahoo_ret
CV,356509376.0,0.41350213771943056,,2026-09-21T08:08:28Z,yahoo_mcap|yahoo_ret
FVRR,305581184.0,-0.6812898396818768,,2026-09-21T08:08:28Z,yahoo_mcap|yahoo_ret
XNET,315515200.0,-0.3604651220099414,,2026-09-21T08:08:28Z,yahoo_mcap|yahoo_ret
PLTS,316034432.0,1.454417912919237,,2026-09-21T08:08:28Z,yahoo_mcap|yahoo_ret
ZTR,314959712.0,0.11172014797963503,,2026-09-21T08:08:28Z,yahoo_mcap|yahoo_ret
SAC,316489696.0,0.009000015258789018,,2026-09-21T08:08:28Z,yahoo_mcap|yahoo_ret
FDBC,318480512.0,0.2896187944296451,,2026-09-21T08:08:28Z,yahoo_mcap|yahoo_ret
SEG,309222176.0,0.0,,2026-09-21T08:08:28Z,yahoo_mcap|yahoo_ret
AEAQ,315621600.0,0.017154397468365223,,2026-09-21T08:08:28Z,yahoo_mcap|yahoo_ret
ATII,315725312.0,0.0460784584134879,,2026-09-21T08:08:28Z,yahoo_mcap|yahoo_ret
HRZN,313048352.0,-0.13993049856491158,,2026-09-21T08:08:28Z,yahoo_mcap|yahoo_ret
ABEO,318514976.0,0.03531599501465865,,2026-09-21T08:08:28Z,yahoo_mcap|yahoo_ret
ZIP,304236800.0,-0.2687746858646711,,2026-09-21T08:08:28Z,yahoo_mcap|yahoo_ret
IPXG,315196608.0,0.02548419870605545,,2026-09-21T08:08:28Z,yahoo_mcap|yahoo_ret
BLND,281450848.0,-0.6994949379401261,,2026-09-21T08:08:28Z,yahoo_mcap|yahoo_ret
ALTO,310273856.0,3.347826008084592,,2026-09-21T08:08:28Z,yahoo_mcap|yahoo_ret
HPF,312854464.0,-0.05997585530254912,,2026-09-21T08:08:28Z,yahoo_mcap|yahoo_ret
ABAT,310819520.0,-0.3393939096189833,,2026-09-21T08:08:28Z,yahoo_mcap|yahoo_ret
DBI,307762880.0,0.5165315246380042,,2026-09-21T08:08:28Z,yahoo_mcap|yahoo_ret
MKDW,89941904.0,-0.6015151284176672,,2026-09-21T08:08:28Z,yahoo_mcap|yahoo_ret
CFFI,304358272.0,0.33350351301293024,,2026-09-21T08:08:28Z,yahoo_mcap|yahoo_ret
AACO,313303072.0,0.012158043257392004,,2026-09-21T08:08:28Z,yahoo_mcap|yahoo_ret
MGPI,302580896.0,-0.46486666469704885,,2026-09-21T08:08:28Z,yahoo_mcap|yahoo_ret
LEGO,312666688.0,0.005025144893802347,,2026-09-21T08:08:28Z,yahoo_mcap|yahoo_ret
ILLU,312290848.0,0.015259371281227896,,2026-09-21T08:08:28Z,yahoo_mcap|yahoo_ret
SVIV,311573344.0,0.012973967547663667,,2026-09-21T08:08:28Z,yahoo_mcap|yahoo_ret
MLP,318739424.0,-0.157922366905639,,2026-09-21T08:08:28Z,yahoo_mcap|yahoo_ret
AIRJ,317594208.0,-0.08649786228056944,,2026-09-21T08:08:28Z,yahoo_mcap|yahoo_ret
CAQ,312525376.0,0.008040193491417158,,2026-09-21T08:08:28Z,yahoo_mcap|yahoo_ret
TLS,304178752.0,-0.40058907297097357,,2026-09-21T08:08:28Z,yahoo_mcap|yahoo_ret
RAC,311157792.0,0.032195114507907796,,2026-09-21T08:08:28Z,yahoo_mcap|yahoo_ret
LPBB,311074976.0,0.03639847985769418,,2026-09-21T08:08:28Z,yahoo_mcap|yahoo_ret
LWAC,310674752.0,0.03610828957224599,,2026-09-21T08:08:28Z,yahoo_mcap|yahoo_ret
NODK,305050624.0,0.0693848568519797,,2026-09-21T08:08:28Z,yahoo_mcap|yahoo_ret
BRR,332269600.0,-0.6288252766055596,,2026-09-21T08:08:28Z,yahoo_mcap|yahoo_ret
VHCP,308813344.0,0.01003003260953883,,2026-09-21T08:08:28Z,yahoo_mcap|yahoo_ret
TMTS,307893344.0,0.01209676256413017,,2026-09-21T08:08:28Z,yahoo_mcap|yahoo_ret
ITHA,308813344.0,0.018200136021531144,,2026-09-21T08:08:28Z,yahoo_mcap|yahoo_ret
GTERA,308017120.0,0.04513538587890564,,2026-09-21T08:08:28Z,yahoo_mcap|yahoo_ret
AFRI,300646528.0,0.21857924408539509,,2026-09-21T08:08:28Z,yahoo_mcap|yahoo_ret
IFRX,307999584.0,0.5597013896333292,,2026-09-21T08:08:28Z,yahoo_mcap|yahoo_ret
TEI,307929280.0,0.16051181091001188,,2026-09-21T08:08:28Z,yahoo_mcap|yahoo_ret
EFR,305569472.0,-0.03125561237806296,,2026-09-21T08:08:28Z,yahoo_mcap|yahoo_ret
MXF,302532960.0,0.16468965079096165,,2026-09-21T08:08:28Z,yahoo_mcap|yahoo_ret
CBNA,308536640.0,0.44899843920695215,,2026-09-21T08:08:28Z,yahoo_mcap|yahoo_ret
VNDA,310173600.0,0.14253905923103694,,2026-09-21T08:08:28Z,yahoo_mcap|yahoo_ret
FUND,297844512.0,0.3102735852009584,,2026-09-21T08:08:28Z,yahoo_mcap|yahoo_ret
AGCC,299870336.0,1.1752065177726267,,2026-09-21T08:08:28Z,yahoo_mcap|yahoo_ret
BIXI,303742624.0,0.023326623115538014,,2026-09-21T08:08:28Z,yahoo_mcap|yahoo_ret
JENA,303657984.0,0.034040385354046965,,2026-09-21T08:08:28Z,yahoo_mcap|yahoo_ret
LE,297509632.0,-0.3473752757187972,,2026-09-21T08:08:28Z,yahoo_mcap|yahoo_ret
TLSI,314030464.0,0.04081628681073313,,2026-09-21T08:08:28Z,yahoo_mcap|yahoo_ret
FUBO,303250944.0,-0.807662838790969,,2026-09-21T08:08:28Z,yahoo_mcap|yahoo_ret
FNKO,301257248.0,0.554913310729966,,2026-09-21T08:08:28Z,yahoo_mcap|yahoo_ret
EFTY,302052224.0,0.6651884363083036,,2026-09-21T08:08:28Z,yahoo_mcap|yahoo_ret
BDSX,308092640.0,3.095371710275085,,2026-09-21T08:08:28Z,yahoo_mcap|yahoo_ret
LVWR,334822304.0,-0.6901140828318687,,2026-09-21T08:08:28Z,yahoo_mcap|yahoo_ret
HVMC,301746592.0,0.031155821664241357,,2026-09-21T08:08:28Z,yahoo_mcap|yahoo_ret
FRD,297239104.0,0.8284343141526886,,2026-09-21T08:08:28Z,yahoo_mcap|yahoo_ret
RFMZ,299770112.0,0.02027125776063543,,2026-09-21T08:08:28Z,yahoo_mcap|yahoo_ret
GSRF,301112320.0,0.014866166131008551,,2026-09-21T08:08:28Z,yahoo_mcap|yahoo_ret
QLEP,301293984.0,0.010050289787604694,,2026-09-21T08:08:28Z,yahoo_mcap|yahoo_ret
RBBN,307576192.0,-0.5555555350199323,,2026-09-21T08:08:28Z,yahoo_mcap|yahoo_ret
FXHO,318469152.0,-0.9979630252293178,,2026-09-21T08:08:28Z,yahoo_mcap|yahoo_ret
BPRN,296510496.0,0.41661209326674764,,2026-09-21T08:08:28Z,yahoo_mcap|yahoo_ret
BACC,295839680.0,0.06012028146198478,,2026-09-21T08:08:28Z,yahoo_mcap|yahoo_ret
MYFW,299008256.0,0.3152920934748278,,2026-09-21T08:08:28Z,yahoo_mcap|yahoo_ret
RM,289597664.0,-0.2648902668691233,,2026-09-21T08:08:28Z,yahoo_mcap|yahoo_ret
GPAC,297041024.0,0.021750141386917443,,2026-09-21T08:08:28Z,yahoo_mcap|yahoo_ret
SVAQ,296434816.0,0.021212125882702715,,2026-09-21T08:08:28Z,yahoo_mcap|yahoo_ret
XFLT,292889888.0,-0.1517178624119866,,2026-09-21T08:08:28Z,yahoo_mcap|yahoo_ret
CUVL,297524576.0,-0.2403639245343996,,2026-09-21T08:08:28Z,yahoo_mcap|yahoo_ret
TII,290012352.0,0.9112851150287999,,2026-09-21T08:08:28Z,yahoo_mcap|yahoo_ret
IRHO,294959200.0,0.021319800001432965,,2026-09-21T08:08:28Z,yahoo_mcap|yahoo_ret
HCAC,294892672.0,0.016096660748576852,,2026-09-21T08:08:28Z,yahoo_mcap|yahoo_ret
PALI,277090208.0,1.6499999503294647,,2026-09-21T08:08:28Z,yahoo_mcap|yahoo_ret
AACP,294245376.0,0.012060290237125626,,2026-09-21T08:08:28Z,yahoo_mcap|yahoo_ret
BRBI,293725472.0,-0.5009343122329986,,2026-09-21T08:08:28Z,yahoo_mcap|yahoo_ret
CDZI,301450368.0,-0.17782909803551894,,2026-09-21T08:08:28Z,yahoo_mcap|yahoo_ret
VCRE,291379008.0,-0.36307689960186296,,2026-09-21T08:08:28Z,yahoo_mcap|yahoo_ret
ACGC,292750720.0,0.013091652612856164,,2026-09-21T08:08:28Z,yahoo_mcap|yahoo_ret
EMBC,299729280.0,-0.6189521168960467,,2026-09-21T08:08:28Z,yahoo_mcap|yahoo_ret
MTNE,292548352.0,0.00101012416840085,,2026-09-21T08:08:28Z,yahoo_mcap|yahoo_ret
TMCI,292005120.0,-0.3483309349600332,,2026-09-21T08:08:28Z,yahoo_mcap|yahoo_ret
ZNTL,294429632.0,1.046052588237619,,2026-09-21T08:08:28Z,yahoo_mcap|yahoo_ret
ISBA,294093056.0,0.12981125485603084,,2026-09-21T08:08:28Z,yahoo_mcap|yahoo_ret
AMRN,287904224.0,-0.11205213187519947,,2026-09-21T08:08:28Z,yahoo_mcap|yahoo_ret
SLNH,308184128.0,0.16666661147718287,,2026-09-21T08:08:28Z,yahoo_mcap|yahoo_ret
RFI,289293312.0,-0.01606861535034787,,2026-09-21T08:08:28Z,yahoo_mcap|yahoo_ret
UPB,292477376.0,-0.6739926479741056,,2026-09-21T08:08:28Z,yahoo_mcap|yahoo_ret
LAB,302207168.0,-0.45000000425747466,,2026-09-21T08:08:28Z,yahoo_mcap|yahoo_ret
PHOS,298848352.0,0.31666668256123853,,2026-09-21T08:08:28Z,yahoo_mcap|yahoo_ret
ADAC,290087520.0,0.02436545805314516,,2026-09-21T08:08:28Z,yahoo_mcap|yahoo_ret
FGII,289689408.0,0.012133456157066735,,2026-09-21T08:08:28Z,yahoo_mcap|yahoo_ret
KPET,289560128.0,-0.0010000228881835715,,2026-09-21T08:08:28Z,yahoo_mcap|yahoo_ret
SAR,283667360.0,-0.17880122225644712,,2026-09-21T08:08:28Z,yahoo_mcap|yahoo_ret
ATLO,282633888.0,0.5939743874595123,,2026-09-21T08:08:28Z,yahoo_mcap|yahoo_ret
LPCV,289081248.0,0.018218654158990155,,2026-09-21T08:08:28Z,yahoo_mcap|yahoo_ret
ARDC,287831680.0,-0.09166926265681341,,2026-09-21T08:08:28Z,yahoo_mcap|yahoo_ret
UCFI,287814784.0,-0.4571428141905992,,2026-09-21T08:08:28Z,yahoo_mcap|yahoo_ret
REFI,281320160.0,-0.04396754956609561,,2026-09-21T08:08:28Z,yahoo_mcap|yahoo_ret
FULC,286877696.0,-0.49120432227404487,,2026-09-21T08:08:28Z,yahoo_mcap|yahoo_ret
OVLY,290995584.0,0.2595255187112768,,2026-09-21T08:08:28Z,yahoo_mcap|yahoo_ret
IMRX,289844352.0,-0.5161987140021426,,2026-09-21T08:08:28Z,yahoo_mcap|yahoo_ret
ALCO,290139936.0,0.17225567401843933,,2026-09-21T08:08:28Z,yahoo_mcap|yahoo_ret
RIV,285692192.0,0.004234490625557363,,2026-09-21T08:08:28Z,yahoo_mcap|yahoo_ret
FRAF,287028352.0,0.3378056013833295,,2026-09-21T08:08:28Z,yahoo_mcap|yahoo_ret
SHOT,286550560.0,0.0030518548529023803,,2026-09-21T08:08:28Z,yahoo_mcap|yahoo_ret
NC,278323904.0,-0.10038495020695148,,2026-09-21T08:08:28Z,yahoo_mcap|yahoo_ret
HVII,260233312.0,-0.03660887381997735,,2026-09-21T08:08:28Z,yahoo_mcap|yahoo_ret
WLCO,284624992.0,0.0,,2026-09-21T08:08:28Z,yahoo_mcap|yahoo_ret
CUB,284389984.0,0.03523808433896014,,2026-09-21T08:08:28Z,yahoo_mcap|yahoo_ret
RCMT,280092800.0,0.43759123861481664,,2026-09-21T08:08:28Z,yahoo_mcap|yahoo_ret
PDYN,280242752.0,-0.28101268863662665,,2026-09-21T08:08:28Z,yahoo_mcap|yahoo_ret
NXDT,271371808.0,0.4222926850341726,,2026-09-21T08:08:28Z,yahoo_mcap|yahoo_ret
ATLQ,283619584.0,0.005045428002495855,,2026-09-21T08:08:28Z,yahoo_mcap|yahoo_ret
KINS,276638912.0,0.41392111565366974,,2026-09-21T08:08:28Z,yahoo_mcap|yahoo_ret
MTRX,279241248.0,-0.23010919496793214,,2026-09-21T08:08:28Z,yahoo_mcap|yahoo_ret
CMRC,275920448.0,-0.3379722097799013,,2026-09-21T08:08:28Z,yahoo_mcap|yahoo_ret
RWAY,280377248.0,-0.24481227673972117,,2026-09-21T08:08:28Z,yahoo_mcap|yahoo_ret
KLC,265478160.0,-0.6776978315092081,,2026-09-21T08:08:28Z,yahoo_mcap|yahoo_ret
TVAI,282428736.0,0.03436257652785235,,2026-09-21T08:08:28Z,yahoo_mcap|yahoo_ret
SSP,279860352.0,0.3995119584110607,,2026-09-21T08:08:28Z,yahoo_mcap|yahoo_ret
SAMO,281750016.0,-0.00203660944102646,,2026-09-21T08:08:28Z,yahoo_mcap|yahoo_ret
FNRN,282982944.0,0.44983997498046957,,2026-09-21T08:08:28Z,yahoo_mcap|yahoo_ret
FUNC,285969472.0,0.19195556282994497,,2026-09-21T08:08:28Z,yahoo_mcap|yahoo_ret
XCBE,281531264.0,0.01111117319092303,,2026-09-21T08:08:28Z,yahoo_mcap|yahoo_ret
FXNC,279507648.0,0.3257588425415838,,2026-09-21T08:08:28Z,yahoo_mcap|yahoo_ret
KWY,279473440.0,-0.3305613552934409,,2026-09-21T08:08:28Z,yahoo_mcap|yahoo_ret
SY,276689280.0,-0.2801046994612052,,2026-09-21T08:08:28Z,yahoo_mcap|yahoo_ret
PYXS,277748800.0,0.4799999660915799,,2026-09-21T08:08:28Z,yahoo_mcap|yahoo_ret
NCZ,283150624.0,0.16705359490969074,,2026-09-21T08:08:28Z,yahoo_mcap|yahoo_ret
ANIK,278499520.0,1.3382022874040191,,2026-09-21T08:08:28Z,yahoo_mcap|yahoo_ret
HLXC,279548512.0,0.03414637867997339,,2026-09-21T08:08:28Z,yahoo_mcap|yahoo_ret
HWBK,283262656.0,0.20712939474442638,,2026-09-21T08:08:28Z,yahoo_mcap|yahoo_ret
NNBR,273341280.0,0.4776785395925447,,2026-09-21T08:08:28Z,yahoo_mcap|yahoo_ret
QNBC,284013536.0,0.3359466283925623,,2026-09-21T08:08:28Z,yahoo_mcap|yahoo_ret
JAKK,276168128.0,0.4051778371642021,,2026-09-21T08:08:28Z,yahoo_mcap|yahoo_ret
GBFH,274651360.0,-0.5387615830044916,,2026-09-21T08:08:28Z,yahoo_mcap|yahoo_ret
ISNR,278680512.0,-0.007070676517319963,,2026-09-21T08:08:28Z,yahoo_mcap|yahoo_ret
ELLO,294961120.0,0.2186788308300105,,2026-09-21T08:08:28Z,yahoo_mcap|yahoo_ret
RC,274748256.0,-0.5986978758702797,,2026-09-21T08:08:28Z,yahoo_mcap|yahoo_ret
TBI,272172416.0,0.3925232825766676,,2026-09-21T08:08:28Z,yahoo_mcap|yahoo_ret
TTGT,277757408.0,-0.4294205195711186,,2026-09-21T08:08:28Z,yahoo_mcap|yahoo_ret
LCNB,267851232.0,0.23481508054510813,,2026-09-21T08:08:28Z,yahoo_mcap|yahoo_ret
EOD,276052480.0,0.2363282329568912,,2026-09-21T08:08:28Z,yahoo_mcap|yahoo_ret
WNEB,278236704.0,0.12426617595462597,,2026-09-21T08:08:28Z,yahoo_mcap|yahoo_ret
SBXD,276823136.0,0.036701643210884205,,2026-09-21T08:08:28Z,yahoo_mcap|yahoo_ret
OIA,272732160.0,-0.018855837821722177,,2026-09-21T08:08:28Z,yahoo_mcap|yahoo_ret
SRV,277928448.0,0.1884779759391375,,2026-09-21T08:08:28Z,yahoo_mcap|yahoo_ret
PMTS,279830432.0,0.5454545177024117,,2026-09-21T08:08:28Z,yahoo_mcap|yahoo_ret
XSLL,276246816.0,0.017329165682774983,,2026-09-21T08:08:28Z,yahoo_mcap|yahoo_ret
MFIN,275063776.0,0.20021661710805083,,2026-09-21T08:08:28Z,yahoo_mcap|yahoo_ret
NHIV,276119584.0,0.0,,2026-09-21T08:08:28Z,yahoo_mcap|yahoo_ret
ONIT,265590192.0,-0.25914702799877565,,2026-09-21T08:08:28Z,yahoo_mcap|yahoo_ret
CEPO,274635008.0,0.03757228699643034,,2026-09-21T08:08:28Z,yahoo_mcap|yahoo_ret
LTRX,273226080.0,0.22641507925043602,,2026-09-21T08:08:28Z,yahoo_mcap|yahoo_ret
PTLO,271945056.0,-0.4085173643932315,,2026-09-21T08:08:28Z,yahoo_mcap|yahoo_ret
NPCT,272597376.0,-0.028191299816744064,,2026-09-21T08:08:28Z,yahoo_mcap|yahoo_ret
TSI,274606976.0,-0.05949863998262739,,2026-09-21T08:08:28Z,yahoo_mcap|yahoo_ret
VACI,244661280.0,-0.21309825766348167,,2026-09-21T08:08:28Z,yahoo_mcap|yahoo_ret
MUZE,273202080.0,0.018329970546806962,,2026-09-21T08:08:28Z,yahoo_mcap|yahoo_ret
NEGG,286295104.0,-0.751818188753995,,2026-09-21T08:08:28Z,yahoo_mcap|yahoo_ret
TROO,246763536.0,0.4744525356903475,,2026-09-21T08:08:28Z,yahoo_mcap|yahoo_ret
GPRO,270326816.0,-0.4609053881518136,,2026-09-21T08:08:28Z,yahoo_mcap|yahoo_ret
NKSH,271324704.0,0.44794838660813685,,2026-09-21T08:08:28Z,yahoo_mcap|yahoo_ret
STRT,268811072.0,-0.04073804459205321,,2026-09-21T08:08:28Z,yahoo_mcap|yahoo_ret
OPTX,273500384.0,2.9941175125874486,,2026-09-21T08:08:28Z,yahoo_mcap|yahoo_ret
KF,270084704.0,1.2225862513810188,,2026-09-21T08:08:28Z,yahoo_mcap|yahoo_ret
LAW,266799120.0,-0.3489827958791418,,2026-09-21T08:08:28Z,yahoo_mcap|yahoo_ret
DSM,267903520.0,-0.03512076138657627,,2026-09-21T08:08:28Z,yahoo_mcap|yahoo_ret
DUOT,268775136.0,0.1296296331337241,,2026-09-21T08:08:28Z,yahoo_mcap|yahoo_ret
BKTI,276823936.0,-0.05397391421171582,,2026-09-21T08:08:28Z,yahoo_mcap|yahoo_ret
DNMX,269674976.0,0.010050289787604694,,2026-09-21T08:08:28Z,yahoo_mcap|yahoo_ret
XPER,267757296.0,-0.10147305218463598,,2026-09-21T08:08:28Z,yahoo_mcap|yahoo_ret
PCYO,266275936.0,-0.029850758765535224,,2026-09-21T08:08:28Z,yahoo_mcap|yahoo_ret
TRDA,262822512.0,0.24538743634399984,,2026-09-21T08:08:28Z,yahoo_mcap|yahoo_ret
SILC,264303888.0,1.7180851933270302,,2026-09-21T08:08:28Z,yahoo_mcap|yahoo_ret
CUE,269146528.0,0.8377975951134031,,2026-09-21T08:08:28Z,yahoo_mcap|yahoo_ret
XTER,267976528.0,-0.0030487533034541103,,2026-09-21T08:08:28Z,yahoo_mcap|yahoo_ret
ESCA,267474816.0,0.6116562930697813,,2026-09-21T08:08:28Z,yahoo_mcap|yahoo_ret
HCKT,258232320.0,-0.45609048465340507,,2026-09-21T08:08:28Z,yahoo_mcap|yahoo_ret
ACIU,261492832.0,0.07346941357302339,,2026-09-21T08:08:28Z,yahoo_mcap|yahoo_ret
PRQR,258247856.0,-0.12857136856130724,,2026-09-21T08:08:28Z,yahoo_mcap|yahoo_ret
ZH,272080640.0,-0.3826922777136391,,2026-09-21T08:08:28Z,yahoo_mcap|yahoo_ret
ACV,264682864.0,0.145944715288578,,2026-09-21T08:08:28Z,yahoo_mcap|yahoo_ret
RMM,264905808.0,0.03223008113030956,,2026-09-21T08:08:28Z,yahoo_mcap|yahoo_ret
CHPT,277095328.0,-0.04884798783515942,,2026-09-21T08:08:28Z,yahoo_mcap|yahoo_ret
CNDT,250388496.0,-0.4330985693793469,,2026-09-21T08:08:28Z,yahoo_mcap|yahoo_ret
USNA,261258192.0,-0.5245460507012264,,2026-09-21T08:08:28Z,yahoo_mcap|yahoo_ret
OACC,264785920.0,0.02678743026313235,,2026-09-21T08:08:28Z,yahoo_mcap|yahoo_ret
ASLE,261065392.0,-0.3441247373965195,,2026-09-21T08:08:28Z,yahoo_mcap|yahoo_ret
IONR,275078528.0,-0.03921564960882995,,2026-09-21T08:08:28Z,yahoo_mcap|yahoo_ret
LCTX,260494672.0,-0.32679739173186173,,2026-09-21T08:08:28Z,yahoo_mcap|yahoo_ret
GLSI,278739168.0,0.6570680373390956,,2026-09-21T08:08:28Z,yahoo_mcap|yahoo_ret
AVNW,261919472.0,-0.13888893571633099,,2026-09-21T08:08:28Z,yahoo_mcap|yahoo_ret
DMAA,263161728.0,0.054474750404963634,,2026-09-21T08:08:28Z,yahoo_mcap|yahoo_ret
NTWO,262868496.0,0.05415855490120336,,2026-09-21T08:08:28Z,yahoo_mcap|yahoo_ret
OFLX,258414640.0,-0.20923592941094682,,2026-09-21T08:08:28Z,yahoo_mcap|yahoo_ret
IMPP,255909280.0,0.22776565802336424,,2026-09-21T08:08:28Z,yahoo_mcap|yahoo_ret
LYEL,269801600.0,-0.15889991592512231,,2026-09-21T08:08:28Z,yahoo_mcap|yahoo_ret
TRGS,260930448.0,0.00707077284806279,,2026-09-21T08:08:28Z,yahoo_mcap|yahoo_ret
FACT,260726032.0,0.0408163340963037,,2026-09-21T08:08:28Z,yahoo_mcap|yahoo_ret
EGHT,255650832.0,-0.16509430355005283,,2026-09-21T08:08:28Z,yahoo_mcap|yahoo_ret
WLII,260693968.0,0.01785717326767622,,2026-09-21T08:08:28Z,yahoo_mcap|yahoo_ret
NHIC,239402672.0,-0.14665352298186174,,2026-09-21T08:08:28Z,yahoo_mcap|yahoo_ret
BRT,259723072.0,-0.0858563827622979,,2026-09-21T08:08:28Z,yahoo_mcap|yahoo_ret
MGNX,263718768.0,1.5555554656171342,,2026-09-21T08:08:28Z,yahoo_mcap|yahoo_ret
RMBI,253234384.0,0.09904623291740378,,2026-09-21T08:08:28Z,yahoo_mcap|yahoo_ret
BCYC,255473984.0,-0.4733044464962892,,2026-09-21T08:08:28Z,yahoo_mcap|yahoo_ret
VNME,257250000.0,0.0372608131105725,,2026-09-21T08:08:28Z,yahoo_mcap|yahoo_ret
VABK,255368016.0,0.2171968871860943,,2026-09-21T08:08:28Z,yahoo_mcap|yahoo_ret
PAMT,251935328.0,-0.029055738529141784,,2026-09-21T08:08:28Z,yahoo_mcap|yahoo_ret
STRO,254355168.0,0.7235955966390373,,2026-09-21T08:08:28Z,yahoo_mcap|yahoo_ret
SMHI,246908720.0,0.33235731817284386,,2026-09-21T08:08:28Z,yahoo_mcap|yahoo_ret
JACK,250482064.0,-0.30972513916739397,,2026-09-21T08:08:28Z,yahoo_mcap|yahoo_ret
III,251265888.0,0.0028695090682124835,,2026-09-21T08:08:28Z,yahoo_mcap|yahoo_ret
TDF,253765840.0,-0.08876386528845881,,2026-09-21T08:08:28Z,yahoo_mcap|yahoo_ret
CAMP,266073552.0,0.8596490457557675,,2026-09-21T08:08:28Z,yahoo_mcap|yahoo_ret
BGS,234073952.0,-0.28077812882694797,,2026-09-21T08:08:28Z,yahoo_mcap|yahoo_ret
IPVV,252851104.0,0.007121026995677626,,2026-09-21T08:08:28Z,yahoo_mcap|yahoo_ret
SCII,251966304.0,0.020161270940217024,,2026-09-21T08:08:28Z,yahoo_mcap|yahoo_ret
FOA,242469536.0,-0.45123384833239233,,2026-09-21T08:08:28Z,yahoo_mcap|yahoo_ret
USAU,254706688.0,-0.032642840414429886,,2026-09-21T08:08:28Z,yahoo_mcap|yahoo_ret
PMM,246292032.0,-0.018145935633343324,,2026-09-21T08:08:28Z,yahoo_mcap|yahoo_ret
VLOS,250552000.0,0.015194667755890068,,2026-09-21T08:08:28Z,yahoo_mcap|yahoo_ret
THEO,258270992.0,0.005081320117837018,,2026-09-21T08:08:28Z,yahoo_mcap|yahoo_ret
AENT,256315568.0,-0.27206941810683916,,2026-09-21T08:08:28Z,yahoo_mcap|yahoo_ret
OHAC,250132048.0,0.010121399457197144,,2026-09-21T08:08:28Z,yahoo_mcap|yahoo_ret
QADR,249750000.0,0.01011116525015332,,2026-09-21T08:08:28Z,yahoo_mcap|yahoo_ret
CPZ,251095760.0,-0.13122013572394808,,2026-09-21T08:08:28Z,yahoo_mcap|yahoo_ret
RELL,238719328.0,0.6340661345318981,,2026-09-21T08:08:28Z,yahoo_mcap|yahoo_ret
MVST,245063840.0,-0.8235456945070669,,2026-09-21T08:08:28Z,yahoo_mcap|yahoo_ret
MKLY,249529600.0,0.040609096755241936,,2026-09-21T08:08:28Z,yahoo_mcap|yahoo_ret
YSG,233563376.0,-0.7489919364529891,,2026-09-21T08:08:28Z,yahoo_mcap|yahoo_ret
PPIH,250362720.0,0.28145969133914917,,2026-09-21T08:08:28Z,yahoo_mcap|yahoo_ret
EFSI,248555472.0,0.2052795649400161,,2026-09-21T08:08:28Z,yahoo_mcap|yahoo_ret
INFU,255935776.0,0.2850000381469726,,2026-09-21T08:08:28Z,yahoo_mcap|yahoo_ret
GENC,254164560.0,0.14531042003809524,,2026-09-21T08:08:28Z,yahoo_mcap|yahoo_ret
ERC,246873440.0,0.0009163662822766483,,2026-09-21T08:08:28Z,yahoo_mcap|yahoo_ret
POWW,254173440.0,0.5208333126372768,,2026-09-21T08:08:28Z,yahoo_mcap|yahoo_ret
AZ,248749552.0,-0.3475750352286858,,2026-09-21T08:08:28Z,yahoo_mcap|yahoo_ret
GWRS,244760496.0,-0.11777630711284692,,2026-09-21T08:08:28Z,yahoo_mcap|yahoo_ret
NGEN,220421392.0,-0.20542635157463462,,2026-09-21T08:08:28Z,yahoo_mcap|yahoo_ret
FHTX,245855200.0,-0.17529882824391985,,2026-09-21T08:08:28Z,yahoo_mcap|yahoo_ret
NNNN,230428800.0,-0.8767316275841573,,2026-09-21T08:08:28Z,yahoo_mcap|yahoo_ret
CAF,245445520.0,0.16675799986826711,,2026-09-21T08:08:28Z,yahoo_mcap|yahoo_ret
IMMR,239415552.0,0.016555152703459308,,2026-09-21T08:08:28Z,yahoo_mcap|yahoo_ret
ASUR,234211344.0,0.03841225558203232,,2026-09-21T08:08:28Z,yahoo_mcap|yahoo_ret
RILY,240394544.0,-0.11407407124837243,,2026-09-21T08:08:28Z,yahoo_mcap|yahoo_ret
RLTY,243311008.0,0.02429411849219476,,2026-09-21T08:08:28Z,yahoo_mcap|yahoo_ret
ACB,245009920.0,-0.2396857034294052,,2026-09-21T08:08:28Z,yahoo_mcap|yahoo_ret
MCGA,243830144.0,-0.03183521937008915,,2026-09-21T08:08:28Z,yahoo_mcap|yahoo_ret
TSSI,238733328.0,-0.468258949133613,,2026-09-21T08:08:28Z,yahoo_mcap|yahoo_ret
INR,237126608.0,-0.012422348291186713,,2026-09-21T08:08:28Z,yahoo_mcap|yahoo_ret
ACRE,243007280.0,0.037039554273521125,,2026-09-21T08:08:28Z,yahoo_mcap|yahoo_ret
ASYS,248615024.0,0.5707964457064454,,2026-09-21T08:08:28Z,yahoo_mcap|yahoo_ret
SSAC,242884752.0,0.02226723324701685,,2026-09-21T08:08:28Z,yahoo_mcap|yahoo_ret
AUDC,243943232.0,0.04546696576399145,,2026-09-21T08:08:28Z,yahoo_mcap|yahoo_ret
INBK,242531360.0,0.16274269530225527,,2026-09-21T08:08:28Z,yahoo_mcap|yahoo_ret
SOCA,242707504.0,0.03603609795791507,,2026-09-21T08:08:28Z,yahoo_mcap|yahoo_ret
ALXO,235070896.0,0.40495867280065756,,2026-09-21T08:08:28Z,yahoo_mcap|yahoo_ret
LTBR,229744720.0,-0.64293538339535,,2026-09-21T08:08:28Z,yahoo_mcap|yahoo_ret
RNAC,242950464.0,-0.14936439725507467,,2026-09-21T08:08:28Z,yahoo_mcap|yahoo_ret
BAFN,249136416.0,0.087058796602137,,2026-09-21T08:08:28Z,yahoo_mcap|yahoo_ret
AKBA,253746192.0,-0.6751772942314455,,2026-09-21T08:08:28Z,yahoo_mcap|yahoo_ret
RAIL,241015904.0,-0.19230773664588774,,2026-09-21T08:08:28Z,yahoo_mcap|yahoo_ret
DYNC,240810656.0,0.013035413995002187,,2026-09-21T08:08:28Z,yahoo_mcap|yahoo_ret
IGAC,241087008.0,0.021233572381901267,,2026-09-21T08:08:28Z,yahoo_mcap|yahoo_ret
OSUR,245528304.0,0.05325438527933213,,2026-09-21T08:08:28Z,yahoo_mcap|yahoo_ret
DAAQ,240350000.0,0.02250484698893196,,2026-09-21T08:08:28Z,yahoo_mcap|yahoo_ret
KGEI,244631328.0,0.23550728174398694,,2026-09-21T08:08:28Z,yahoo_mcap|yahoo_ret
TG,239600304.0,-0.14956736901419077,,2026-09-21T08:08:28Z,yahoo_mcap|yahoo_ret
UXIN,230979264.0,-0.7293814635705025,,2026-09-21T08:08:28Z,yahoo_mcap|yahoo_ret
FF,243880064.0,0.4969915197143997,,2026-09-21T08:08:28Z,yahoo_mcap|yahoo_ret
NUW,239291312.0,-0.011209415071080309,,2026-09-21T08:08:28Z,yahoo_mcap|yahoo_ret
YDES,225951984.0,-0.8387259885499301,,2026-09-21T08:08:28Z,yahoo_mcap|yahoo_ret
HITI,229987936.0,-0.3192612269988976,,2026-09-21T08:08:28Z,yahoo_mcap|yahoo_ret
AIBZ,274710560.0,-0.5439153407649961,,2026-09-21T08:08:28Z,yahoo_mcap|yahoo_ret
MACI,238270288.0,0.04454978753854122,,2026-09-21T08:08:28Z,yahoo_mcap|yahoo_ret
TDWD,238039936.0,0.02535497045689028,,2026-09-21T08:08:28Z,yahoo_mcap|yahoo_ret
NAGE,236586736.0,-0.6967545523683767,,2026-09-21T08:08:28Z,yahoo_mcap|yahoo_ret
BETR,229122880.0,-0.6462305554228288,,2026-09-21T08:08:28Z,yahoo_mcap|yahoo_ret
NVA,231377152.0,1.2084548234147205,,2026-09-21T08:08:28Z,yahoo_mcap|yahoo_ret
ACU,235780112.0,0.43526468459727874,,2026-09-21T08:08:28Z,yahoo_mcap|yahoo_ret
TWLV,236484384.0,0.020263405428986747,,2026-09-21T08:08:28Z,yahoo_mcap|yahoo_ret
UTMD,235475184.0,0.21214601167258618,,2026-09-21T08:08:28Z,yahoo_mcap|yahoo_ret
MMT,238922384.0,-0.005995014873923288,,2026-09-21T08:08:28Z,yahoo_mcap|yahoo_ret
PEBK,234191600.0,0.44790990721331525,,2026-09-21T08:08:28Z,yahoo_mcap|yahoo_ret
PDEX,232401888.0,1.111466873196179,,2026-09-21T08:08:28Z,yahoo_mcap|yahoo_ret
FBLA,233842624.0,0.3114820759315817,,2026-09-21T08:08:28Z,yahoo_mcap|yahoo_ret
PNNT,222006736.0,-0.39492946277386287,,2026-09-21T08:08:28Z,yahoo_mcap|yahoo_ret
PLAY,234410240.0,-0.6568077608564219,,2026-09-21T08:08:28Z,yahoo_mcap|yahoo_ret
LATA,234372288.0,0.007912950190183121,,2026-09-21T08:08:28Z,yahoo_mcap|yahoo_ret
COPL,234013776.0,0.045589695856346646,,2026-09-21T08:08:28Z,yahoo_mcap|yahoo_ret
SUMA,233759120.0,0.0020100962961877578,,2026-09-21T08:08:28Z,yahoo_mcap|yahoo_ret
CMTV,233781664.0,0.9355504114898756,,2026-09-21T08:08:28Z,yahoo_mcap|yahoo_ret
RCS,233889248.0,-0.28392540056553683,,2026-09-21T08:08:28Z,yahoo_mcap|yahoo_ret
CGEN,235863120.0,0.8721803978883285,,2026-09-21T08:08:28Z,yahoo_mcap|yahoo_ret
LMNR,230820448.0,-0.1470331825389497,,2026-09-21T08:08:28Z,yahoo_mcap|yahoo_ret
DYOR,232990000.0,0.017068280687032367,,2026-09-21T08:08:28Z,yahoo_mcap|yahoo_ret
AMWL,233870416.0,1.1417445228345575,,2026-09-21T08:08:28Z,yahoo_mcap|yahoo_ret
BLRK,232875008.0,0.01809048327902185,,2026-09-21T08:08:28Z,yahoo_mcap|yahoo_ret
HMH,227003488.0,-0.022302919598629733,,2026-09-21T08:08:28Z,yahoo_mcap|yahoo_ret
LIEN,232085408.0,0.07450117495658781,,2026-09-21T08:08:28Z,yahoo_mcap|yahoo_ret
CAN,272853952.0,-0.5205655561458136,,2026-09-21T08:08:28Z,yahoo_mcap|yahoo_ret
MBI,223962176.0,-0.4371795180594733,,2026-09-21T08:08:28Z,yahoo_mcap|yahoo_ret
HQI,240582032.0,0.7946635021250277,,2026-09-21T08:08:28Z,yahoo_mcap|yahoo_ret
SHMD,243388352.0,0.43579772493007707,,2026-09-21T08:08:28Z,yahoo_mcap|yahoo_ret
SVCO,231778608.0,0.3003802005616887,,2026-09-21T08:08:28Z,yahoo_mcap|yahoo_ret
NATR,229093680.0,-0.19480517029485578,,2026-09-21T08:08:28Z,yahoo_mcap|yahoo_ret
SBMT,241543136.0,-0.23906973905341566,,2026-09-21T08:08:28Z,yahoo_mcap|yahoo_ret
OPBK,230111600.0,0.0842673113444492,,2026-09-21T08:08:28Z,yahoo_mcap|yahoo_ret
MRBK,227248352.0,0.22922370630229572,,2026-09-21T08:08:28Z,yahoo_mcap|yahoo_ret
BIII,231150000.0,0.0070140933576485764,,2026-09-21T08:08:28Z,yahoo_mcap|yahoo_ret
SVCC,230415088.0,0.0359572290506065,,2026-09-21T08:08:28Z,yahoo_mcap|yahoo_ret
AIRO,220891408.0,-0.6415770735335122,,2026-09-21T08:08:28Z,yahoo_mcap|yahoo_ret
WHWK,239437824.0,1.1874999495533594,,2026-09-21T08:08:28Z,yahoo_mcap|yahoo_ret
CURV,229354688.0,0.27071824587147253,,2026-09-21T08:08:28Z,yahoo_mcap|yahoo_ret
EVI,233230224.0,-0.4159616682971189,,2026-09-21T08:08:28Z,yahoo_mcap|yahoo_ret
LTGR,229195008.0,0.00707077284806279,,2026-09-21T08:08:28Z,yahoo_mcap|yahoo_ret
IRAB,229046688.0,0.012145737264080303,,2026-09-21T08:08:28Z,yahoo_mcap|yahoo_ret
SCM,224991504.0,-0.35527655180556406,,2026-09-21T08:08:28Z,yahoo_mcap|yahoo_ret
CRAC,228608624.0,0.032323299073625744,,2026-09-21T08:08:28Z,yahoo_mcap|yahoo_ret
VUZI,232139136.0,0.07003893830070251,,2026-09-21T08:08:28Z,yahoo_mcap|yahoo_ret
CFBK,223981312.0,0.4318395118176257,,2026-09-21T08:08:28Z,yahoo_mcap|yahoo_ret
AIAI,250146160.0,-0.7654075595720966,,2026-09-21T08:08:28Z,yahoo_mcap|yahoo_ret
EIC,226602496.0,-0.20895847951218116,,2026-09-21T08:08:28Z,yahoo_mcap|yahoo_ret
MRCO,227699984.0,0.0010110490253187887,,2026-09-21T08:08:28Z,yahoo_mcap|yahoo_ret
SNFCA,226844704.0,0.03105970882045117,,2026-09-21T08:08:28Z,yahoo_mcap|yahoo_ret
RGCO,222665920.0,-0.0226724625742033,,2026-09-21T08:08:28Z,yahoo_mcap|yahoo_ret
TBCH,227095152.0,-0.17069978176513578,,2026-09-21T08:08:28Z,yahoo_mcap|yahoo_ret
CRDL,227836768.0,0.6741071357296742,,2026-09-21T08:08:28Z,yahoo_mcap|yahoo_ret
DGAC,225409360.0,0.008072646310579579,,2026-09-21T08:08:28Z,yahoo_mcap|yahoo_ret
PSF,225167648.0,-0.044128463312196664,,2026-09-21T08:08:28Z,yahoo_mcap|yahoo_ret
MAGH,236600016.0,3.9343067192359324,,2026-09-21T08:08:28Z,yahoo_mcap|yahoo_ret
NUS,222938976.0,-0.6075189658492127,,2026-09-21T08:08:28Z,yahoo_mcap|yahoo_ret
OSS,225753952.0,0.3192419846351393,,2026-09-21T08:08:28Z,yahoo_mcap|yahoo_ret
AVXL,224326352.0,-0.7139479828153751,,2026-09-21T08:08:28Z,yahoo_mcap|yahoo_ret
STIM,220971952.0,0.043165512666415884,,2026-09-21T08:08:28Z,yahoo_mcap|yahoo_ret
RDNW,220022528.0,0.27313771671200215,,2026-09-21T08:08:28Z,yahoo_mcap|yahoo_ret
ADAG,222244464.0,0.6146341559859987,,2026-09-21T08:08:28Z,yahoo_mcap|yahoo_ret
LGI,223673760.0,0.07243962897647105,,2026-09-21T08:08:28Z,yahoo_mcap|yahoo_ret
BNC,246219616.0,-0.382868908355831,,2026-09-21T08:08:28Z,yahoo_mcap|yahoo_ret
SND,228106944.0,1.6737375927617681,,2026-09-21T08:08:28Z,yahoo_mcap|yahoo_ret
ONCH,222524992.0,-0.004826181343386526,,2026-09-21T08:08:28Z,yahoo_mcap|yahoo_ret
SMRT,229934160.0,-0.24050631956342838,,2026-09-21T08:08:28Z,yahoo_mcap|yahoo_ret
EDRY,218694880.0,4.46740852117862,,2026-09-21T08:08:28Z,yahoo_mcap|yahoo_ret
REA,225878048.0,-0.40421054237767273,,2026-09-21T08:08:28Z,yahoo_mcap|yahoo_ret
GLDG,216947152.0,-0.13675211323945546,,2026-09-21T08:08:28Z,yahoo_mcap|yahoo_ret
MSC,190662304.0,-0.7543424421846808,,2026-09-21T08:08:28Z,yahoo_mcap|yahoo_ret
IVVD,222631280.0,-0.38114755940482126,,2026-09-21T08:08:28Z,yahoo_mcap|yahoo_ret
ELMD,221954304.0,0.07105370191183003,,2026-09-21T08:08:28Z,yahoo_mcap|yahoo_ret
TARA,209788976.0,0.112852629667193,,2026-09-21T08:08:28Z,yahoo_mcap|yahoo_ret
SIGA,225608096.0,-0.5957214565417868,,2026-09-21T08:08:28Z,yahoo_mcap|yahoo_ret
PTAC,219187504.0,0.0,,2026-09-21T08:08:28Z,yahoo_mcap|yahoo_ret
KROS,221866224.0,-0.2808483754103297,,2026-09-21T08:08:28Z,yahoo_mcap|yahoo_ret
RICK,214198896.0,0.03875316387135386,,2026-09-21T08:08:28Z,yahoo_mcap|yahoo_ret
PLX,216737712.0,0.42328046432838584,,2026-09-21T08:08:28Z,yahoo_mcap|yahoo_ret
SABA,216439872.0,-0.033248004894058214,,2026-09-21T08:08:28Z,yahoo_mcap|yahoo_ret
PROF,214126416.0,0.3502303980381558,,2026-09-21T08:08:28Z,yahoo_mcap|yahoo_ret
HDSN,217597792.0,-0.47565920321378585,,2026-09-21T08:08:28Z,yahoo_mcap|yahoo_ret
TORO,206664784.0,2.2900981207750495,,2026-09-21T08:08:28Z,yahoo_mcap|yahoo_ret
KLTR,204418640.0,-0.19760474981217402,,2026-09-21T08:08:28Z,yahoo_mcap|yahoo_ret
SPOK,217339440.0,-0.33517733305222275,,2026-09-21T08:08:28Z,yahoo_mcap|yahoo_ret
CCAQ,216491088.0,0.0604558619873552,,2026-09-21T08:08:28Z,yahoo_mcap|yahoo_ret
MAMK,216124992.0,5.341463562138803,,2026-09-21T08:08:28Z,yahoo_mcap|yahoo_ret
NSLR,208873712.0,-0.11295473554769841,,2026-09-21T08:08:28Z,yahoo_mcap|yahoo_ret
DPRO,208774704.0,-0.08319742567057853,,2026-09-21T08:08:28Z,yahoo_mcap|yahoo_ret
GSHR,215586304.0,0.03944769279950511,,2026-09-21T08:08:28Z,yahoo_mcap|yahoo_ret
RXST,216284928.0,-0.44739639813116316,,2026-09-21T08:08:28Z,yahoo_mcap|yahoo_ret
AREC,211803120.0,-0.2994219130445933,,2026-09-21T08:08:28Z,yahoo_mcap|yahoo_ret
FORR,211332912.0,0.00817440061007435,,2026-09-21T08:08:28Z,yahoo_mcap|yahoo_ret
VRXA,206455408.0,-0.8600191758937473,,2026-09-21T08:08:28Z,yahoo_mcap|yahoo_ret
DHX,211672688.0,0.7073171744788769,,2026-09-21T08:08:28Z,yahoo_mcap|yahoo_ret
ANGI,214948144.0,-0.7068583952931531,,2026-09-21T08:08:28Z,yahoo_mcap|yahoo_ret
FUFU,228374400.0,-0.6441558341027751,,2026-09-21T08:08:28Z,yahoo_mcap|yahoo_ret
ELDN,212904208.0,0.027450954726180976,,2026-09-21T08:08:28Z,yahoo_mcap|yahoo_ret
AESP,213246736.0,0.01115624890281497,,2026-09-21T08:08:28Z,yahoo_mcap|yahoo_ret
EGHA,213200000.0,0.037924066208217644,,2026-09-21T08:08:28Z,yahoo_mcap|yahoo_ret
IDAC,212529984.0,0.002999973297119096,,2026-09-21T08:08:28Z,yahoo_mcap|yahoo_ret
EXFY,204258128.0,0.1487179255187714,,2026-09-21T08:08:28Z,yahoo_mcap|yahoo_ret
DERM,206320336.0,0.0013698290114252387,,2026-09-21T08:08:28Z,yahoo_mcap|yahoo_ret
CMT,214146624.0,0.12558143083439322,,2026-09-21T08:08:28Z,yahoo_mcap|yahoo_ret
MFM,210880672.0,0.006108377744553417,,2026-09-21T08:08:28Z,yahoo_mcap|yahoo_ret
HAVA,211484384.0,0.03441297051109693,,2026-09-21T08:08:28Z,yahoo_mcap|yahoo_ret
OVBC,211288432.0,0.17876053847087037,,2026-09-21T08:08:28Z,yahoo_mcap|yahoo_ret
IPHA,212230656.0,0.01604276540816718,,2026-09-21T08:08:28Z,yahoo_mcap|yahoo_ret
CMTG,201750416.0,-0.61866668065389,,2026-09-21T08:08:28Z,yahoo_mcap|yahoo_ret
CTAA,210886400.0,0.007077825317921116,,2026-09-21T08:08:28Z,yahoo_mcap|yahoo_ret
PALO,210535360.0,0.011144848830058063,,2026-09-21T08:08:28Z,yahoo_mcap|yahoo_ret
TDAC,209500528.0,0.04932303881583544,,2026-09-21T08:08:28Z,yahoo_mcap|yahoo_ret
SLE,237428048.0,-0.8704268337005238,,2026-09-21T08:08:28Z,yahoo_mcap|yahoo_ret
CHCI,216640720.0,0.30061720386000257,,2026-09-21T08:08:28Z,yahoo_mcap|yahoo_ret
ZUMZ,202364096.0,-0.3510324626233752,,2026-09-21T08:08:28Z,yahoo_mcap|yahoo_ret
SLGL,196439936.0,0.9672131147540983,,2026-09-21T08:08:28Z,yahoo_mcap|yahoo_ret
CATL,208116000.0,-0.004048579088026694,,2026-09-21T08:08:28Z,yahoo_mcap|yahoo_ret
NCMI,204132864.0,-0.5329969054048895,,2026-09-21T08:08:28Z,yahoo_mcap|yahoo_ret
GDEV,208186096.0,-0.46451913043067883,,2026-09-21T08:08:28Z,yahoo_mcap|yahoo_ret
BGIN,203644688.0,-0.6370967865982611,,2026-09-21T08:08:28Z,yahoo_mcap|yahoo_ret
ALMU,245155680.0,-0.34710105023568816,,2026-09-21T08:08:28Z,yahoo_mcap|yahoo_ret
LOVE,194716352.0,-0.24412096648107218,,2026-09-21T08:08:28Z,yahoo_mcap|yahoo_ret
EAF,214477600.0,-0.3893016163645978,,2026-09-21T08:08:28Z,yahoo_mcap|yahoo_ret
NEOV,200723680.0,-0.4028020905342564,,2026-09-21T08:08:28Z,yahoo_mcap|yahoo_ret
IIF,207069744.0,-0.12803674404027776,,2026-09-21T08:08:28Z,yahoo_mcap|yahoo_ret
CZWI,211050560.0,0.3354493729798529,,2026-09-21T08:08:28Z,yahoo_mcap|yahoo_ret
BYND,197902528.0,-0.8644287394344345,,2026-09-21T08:08:28Z,yahoo_mcap|yahoo_ret
SRI,199660112.0,-0.17159761443725252,,2026-09-21T08:08:28Z,yahoo_mcap|yahoo_ret
CPSS,201321040.0,0.14601234230146076,,2026-09-21T08:08:28Z,yahoo_mcap|yahoo_ret
PMA,206149520.0,-0.5430711633897656,,2026-09-21T08:08:28Z,yahoo_mcap|yahoo_ret
TVIV,205840000.0,0.002020248336801478,,2026-09-21T08:08:28Z,yahoo_mcap|yahoo_ret
ALEC,213264720.0,-0.36963696876032015,,2026-09-21T08:08:28Z,yahoo_mcap|yahoo_ret
SIDU,199413904.0,0.8240740280828376,,2026-09-21T08:08:28Z,yahoo_mcap|yahoo_ret
MSLE,197737216.0,0.6524822545131919,,2026-09-21T08:08:28Z,yahoo_mcap|yahoo_ret
MPAA,201449344.0,-0.3574878812523403,,2026-09-21T08:08:28Z,yahoo_mcap|yahoo_ret
MRLN,197082176.0,-0.8114119904344808,,2026-09-21T08:08:28Z,yahoo_mcap|yahoo_ret
PEPG,197132256.0,0.5159573999261791,,2026-09-21T08:08:28Z,yahoo_mcap|yahoo_ret
FCAP,208269808.0,0.38344788963203125,,2026-09-21T08:08:28Z,yahoo_mcap|yahoo_ret
MITT,200679936.0,-0.09106670194416377,,2026-09-21T08:08:28Z,yahoo_mcap|yahoo_ret
ESOA,200959376.0,0.06980517096882899,,2026-09-21T08:08:28Z,yahoo_mcap|yahoo_ret
MTAK,277653760.0,-0.0020161751622832513,,2026-09-21T08:08:28Z,yahoo_mcap|yahoo_ret
OSG,202731696.0,-0.5065789411768027,,2026-09-21T08:08:28Z,yahoo_mcap|yahoo_ret
GSIT,204461392.0,0.453551925383064,,2026-09-21T08:08:28Z,yahoo_mcap|yahoo_ret
RBKB,203111200.0,0.5072283545231617,,2026-09-21T08:08:28Z,yahoo_mcap|yahoo_ret
ENHA,196614912.0,-0.8515463829344598,,2026-09-21T08:08:28Z,yahoo_mcap|yahoo_ret
KTWO,202415728.0,0.023302988710988792,,2026-09-21T08:08:28Z,yahoo_mcap|yahoo_ret
TPVG,197442160.0,-0.06574186824125439,,2026-09-21T08:08:28Z,yahoo_mcap|yahoo_ret
AOMR,196825728.0,-0.06449081199312823,,2026-09-21T08:08:28Z,yahoo_mcap|yahoo_ret
BANX,202431984.0,0.03422929069771952,,2026-09-21T08:08:28Z,yahoo_mcap|yahoo_ret
AOUT,207240512.0,0.8346369191310801,,2026-09-21T08:08:28Z,yahoo_mcap|yahoo_ret
BEBE,200800000.0,0.009045241639510815,,2026-09-21T08:08:28Z,yahoo_mcap|yahoo_ret
LODE,201381584.0,-0.17445480876156327,,2026-09-21T08:08:28Z,yahoo_mcap|yahoo_ret
SGC,197720480.0,0.15885039574297233,,2026-09-21T08:08:28Z,yahoo_mcap|yahoo_ret
LARK,194424016.0,0.27367505370355794,,2026-09-21T08:08:28Z,yahoo_mcap|yahoo_ret
FIGX,200059264.0,0.03406815312455436,,2026-09-21T08:08:28Z,yahoo_mcap|yahoo_ret
CEPL,220400096.0,-0.4368686874768355,,2026-09-21T08:08:28Z,yahoo_mcap|yahoo_ret
FOCL,195949312.0,0.6600000381469726,,2026-09-21T08:08:28Z,yahoo_mcap|yahoo_ret
APMC,198987008.0,0.006054532849702143,,2026-09-21T08:08:28Z,yahoo_mcap|yahoo_ret
SES,200458064.0,-0.6582278438035427,,2026-09-21T08:08:28Z,yahoo_mcap|yahoo_ret
PERF,196567936.0,-0.015306168375089801,,2026-09-21T08:08:28Z,yahoo_mcap|yahoo_ret
ALTG,198614576.0,-0.1424541900063543,,2026-09-21T08:08:28Z,yahoo_mcap|yahoo_ret
ETSS,198600000.0,0.006079069940465365,,2026-09-21T08:08:28Z,yahoo_mcap|yahoo_ret
NKTX,202698160.0,0.41499996185302734,,2026-09-21T08:08:28Z,yahoo_mcap|yahoo_ret
LFAC,197766416.0,0.017171725539842253,,2026-09-21T08:08:28Z,yahoo_mcap|yahoo_ret
MINE,197387184.0,-0.3481153197303999,,2026-09-21T08:08:28Z,yahoo_mcap|yahoo_ret
AIIA,197722496.0,0.03222554733028815,,2026-09-21T08:08:28Z,yahoo_mcap|yahoo_ret
MIAC,197627488.0,-0.013065338385219394,,2026-09-21T08:08:28Z,yahoo_mcap|yahoo_ret
SRZN,194521376.0,0.3477198368844112,,2026-09-21T08:08:28Z,yahoo_mcap|yahoo_ret
USDE,244859328.0,1.7540539051512911,,2026-09-21T08:08:28Z,yahoo_mcap|yahoo_ret
GGT,195770112.0,0.1536857395154343,,2026-09-21T08:08:28Z,yahoo_mcap|yahoo_ret
TAYD,193758912.0,0.2917652977690788,,2026-09-21T08:08:28Z,yahoo_mcap|yahoo_ret
ORMP,197171440.0,1.172853376933939,,2026-09-21T08:08:28Z,yahoo_mcap|yahoo_ret
TNXP,186431632.0,-0.5819230813246508,,2026-09-21T08:08:28Z,yahoo_mcap|yahoo_ret
QMLS,244247168.0,-0.6593560388810744,,2026-09-21T08:08:28Z,yahoo_mcap|yahoo_ret
QUIK,196366176.0,0.8450947285036103,,2026-09-21T08:08:28Z,yahoo_mcap|yahoo_ret
EXOD,206590288.0,-0.7655928690523471,,2026-09-21T08:08:28Z,yahoo_mcap|yahoo_ret
DEFT,196025888.0,-0.7996031749786132,,2026-09-21T08:08:28Z,yahoo_mcap|yahoo_ret
ETX,189918384.0,-0.058629500843936366,,2026-09-21T08:08:28Z,yahoo_mcap|yahoo_ret
PED,172264496.0,0.11724134585803636,,2026-09-21T08:08:28Z,yahoo_mcap|yahoo_ret
FLYX,202175632.0,-0.7447216826915068,,2026-09-21T08:08:28Z,yahoo_mcap|yahoo_ret
XLAB,185176000.0,-0.7040403858932489,,2026-09-21T08:08:28Z,yahoo_mcap|yahoo_ret
NPV,190540896.0,-0.09548735146427245,,2026-09-21T08:08:28Z,yahoo_mcap|yahoo_ret
GCTS,190377328.0,0.2699386130664645,,2026-09-21T08:08:28Z,yahoo_mcap|yahoo_ret
LCUT,188508448.0,1.2274602790334512,,2026-09-21T08:08:28Z,yahoo_mcap|yahoo_ret
CRNT,189863456.0,-0.16465866837766308,,2026-09-21T08:08:28Z,yahoo_mcap|yahoo_ret
SAFX,196601552.0,-0.6443609212601156,,2026-09-21T08:08:28Z,yahoo_mcap|yahoo_ret
ANTX,190568000.0,2.825757568231737,,2026-09-21T08:08:28Z,yahoo_mcap|yahoo_ret
CHRS,208576304.0,-0.16149067587149946,,2026-09-21T08:08:28Z,yahoo_mcap|yahoo_ret
BID,190839008.0,0.006097506606908221,,2026-09-21T08:08:28Z,yahoo_mcap|yahoo_ret
CBFV,189441440.0,0.1340409150327555,,2026-09-21T08:08:28Z,yahoo_mcap|yahoo_ret
ACOG,192298576.0,0.10099743387898097,,2026-09-21T08:08:28Z,yahoo_mcap|yahoo_ret
CXDO,187218848.0,-0.19225247002681578,,2026-09-21T08:08:28Z,yahoo_mcap|yahoo_ret
OZ,184441808.0,-0.2890625,,2026-09-21T08:08:28Z,yahoo_mcap|yahoo_ret
OMSE,185500832.0,-0.11359025604028417,,2026-09-21T08:08:28Z,yahoo_mcap|yahoo_ret
AMPY,186554016.0,0.0067114566479797855,,2026-09-21T08:08:28Z,yahoo_mcap|yahoo_ret
XGN,203735104.0,-0.12029294160331205,,2026-09-21T08:08:28Z,yahoo_mcap|yahoo_ret
HNVR,187885936.0,0.1579567435826854,,2026-09-21T08:08:28Z,yahoo_mcap|yahoo_ret
ECBK,182792720.0,0.276388093675376,,2026-09-21T08:08:28Z,yahoo_mcap|yahoo_ret
AIIO,195218336.0,-0.9499999992731141,,2026-09-21T08:08:28Z,yahoo_mcap|yahoo_ret
SPMC,184834256.0,-0.35827683821307055,,2026-09-21T08:08:28Z,yahoo_mcap|yahoo_ret
IDE,187483680.0,0.09522218490108303,,2026-09-21T08:08:28Z,yahoo_mcap|yahoo_ret
NBP,185037616.0,-0.5778364010696251,,2026-09-21T08:08:28Z,yahoo_mcap|yahoo_ret
FNWD,184499232.0,0.3476397031281173,,2026-09-21T08:08:28Z,yahoo_mcap|yahoo_ret
TOYO,188390560.0,-0.23636367539635073,,2026-09-21T08:08:28Z,yahoo_mcap|yahoo_ret
XPOF,180737056.0,-0.5391414065395567,,2026-09-21T08:08:28Z,yahoo_mcap|yahoo_ret
VYGR,190399456.0,-0.2763466210838631,,2026-09-21T08:08:28Z,yahoo_mcap|yahoo_ret
NEN,181020096.0,-0.2602385199231344,,2026-09-21T08:08:28Z,yahoo_mcap|yahoo_ret
USBC,196789232.0,-0.43956046619214817,,2026-09-21T08:08:28Z,yahoo_mcap|yahoo_ret
SBFG,184338208.0,0.4393692184535656,,2026-09-21T08:08:28Z,yahoo_mcap|yahoo_ret
ABOS,191640816.0,1.1031746947816417,,2026-09-21T08:08:28Z,yahoo_mcap|yahoo_ret
MPV,183900064.0,-0.07647764983968375,,2026-09-21T08:08:28Z,yahoo_mcap|yahoo_ret
NUCL,185761136.0,-0.2739883830335488,,2026-09-21T08:08:28Z,yahoo_mcap|yahoo_ret
RVII,182880000.0,-0.003921575145793721,,2026-09-21T08:08:28Z,yahoo_mcap|yahoo_ret
DMB,181482880.0,-0.02104695840195292,,2026-09-21T08:08:28Z,yahoo_mcap|yahoo_ret
UIS,174998288.0,-0.402985048070998,,2026-09-21T08:08:28Z,yahoo_mcap|yahoo_ret
DOMO,176855968.0,-0.7918050885021409,,2026-09-21T08:08:28Z,yahoo_mcap|yahoo_ret
WIA,181913600.0,-0.002638305567744803,,2026-09-21T08:08:28Z,yahoo_mcap|yahoo_ret
EU,174114608.0,-0.6774193589736139,,2026-09-21T08:08:28Z,yahoo_mcap|yahoo_ret
GF,177427728.0,-0.037901521014483075,,2026-09-21T08:08:28Z,yahoo_mcap|yahoo_ret
SSTK,167742480.0,-0.7768939574301522,,2026-09-21T08:08:28Z,yahoo_mcap|yahoo_ret
GPAT,180197680.0,0.05387520783880628,,2026-09-21T08:08:28Z,yahoo_mcap|yahoo_ret
EPSN,184125376.0,0.22542673076473974,,2026-09-21T08:08:28Z,yahoo_mcap|yahoo_ret
PLG,179039152.0,-0.25133691305441797,,2026-09-21T08:08:28Z,yahoo_mcap|yahoo_ret
PAAC,179005664.0,0.0100000381469727,,2026-09-21T08:08:28Z,yahoo_mcap|yahoo_ret
ARCL,179330000.0,0.00301202137111356,,2026-09-21T08:08:28Z,yahoo_mcap|yahoo_ret
XYF,180973552.0,-0.637616887966486,,2026-09-21T08:08:28Z,yahoo_mcap|yahoo_ret
OPP,178179632.0,-0.04221440103962826,,2026-09-21T08:08:28Z,yahoo_mcap|yahoo_ret
DTIL,184102368.0,0.39539744425270085,,2026-09-21T08:08:28Z,yahoo_mcap|yahoo_ret
KRRO,147550976.0,-0.7220526859966534,,2026-09-21T08:08:28Z,yahoo_mcap|yahoo_ret
MNSB,175676944.0,0.1660394208363054,,2026-09-21T08:08:28Z,yahoo_mcap|yahoo_ret
FINW,173949984.0,-0.44286350108983474,,2026-09-21T08:08:28Z,yahoo_mcap|yahoo_ret
RDCM,173576960.0,-0.28679505414266215,,2026-09-21T08:08:28Z,yahoo_mcap|yahoo_ret
CIA,181302320.0,-0.3921901519766682,,2026-09-21T08:08:28Z,yahoo_mcap|yahoo_ret
VLN,178662096.0,-0.14948457345811395,,2026-09-21T08:08:28Z,yahoo_mcap|yahoo_ret
CHEC,177238096.0,0.02857141218175241,,2026-09-21T08:08:28Z,yahoo_mcap|yahoo_ret
BVFL,180847392.0,0.27462688844595373,,2026-09-21T08:08:28Z,yahoo_mcap|yahoo_ret
BWIV,177583344.0,0.004016060411629274,,2026-09-21T08:08:28Z,yahoo_mcap|yahoo_ret
EBMT,175717408.0,0.28979327698555446,,2026-09-21T08:08:28Z,yahoo_mcap|yahoo_ret
WHG,179602112.0,0.10314447211376976,,2026-09-21T08:08:28Z,yahoo_mcap|yahoo_ret
AP,172499488.0,2.3943090455232166,,2026-09-21T08:08:28Z,yahoo_mcap|yahoo_ret
ORGO,182717840.0,-0.6899563360831638,,2026-09-21T08:08:28Z,yahoo_mcap|yahoo_ret
MRT,171536480.0,-0.15384611465835174,,2026-09-21T08:08:28Z,yahoo_mcap|yahoo_ret
FTHA,174840560.0,0.004028193416286019,,2026-09-21T08:08:28Z,yahoo_mcap|yahoo_ret
JRVR,170658960.0,-0.3136452120345181,,2026-09-21T08:08:28Z,yahoo_mcap|yahoo_ret
PONO,173825520.0,0.01622726233850047,,2026-09-21T08:08:28Z,yahoo_mcap|yahoo_ret
NRO,172977808.0,-0.05786916151758226,,2026-09-21T08:08:28Z,yahoo_mcap|yahoo_ret
FIRY,171874144.0,0.4145007159406664,,2026-09-21T08:08:28Z,yahoo_mcap|yahoo_ret
CNTN,183267120.0,-0.36111110743181196,,2026-09-21T08:08:28Z,yahoo_mcap|yahoo_ret
LAWR,172350000.0,0.2417218621470083,,2026-09-21T08:08:28Z,yahoo_mcap|yahoo_ret
HGLB,170323008.0,-0.0898078432482865,,2026-09-21T08:08:28Z,yahoo_mcap|yahoo_ret
MRDN,177386896.0,0.1777553868697861,,2026-09-21T08:08:28Z,yahoo_mcap|yahoo_ret
TCGX,165599936.0,0.4649999618530274,,2026-09-21T08:08:28Z,yahoo_mcap|yahoo_ret
MDWD,172997728.0,-0.21083627916485537,,2026-09-21T08:08:28Z,yahoo_mcap|yahoo_ret
TAVI,171308160.0,0.04061896229168127,,2026-09-21T08:08:28Z,yahoo_mcap|yahoo_ret
EDF,172453632.0,0.21031654168417235,,2026-09-21T08:08:28Z,yahoo_mcap|yahoo_ret
QSI,163090400.0,-0.503333330154419,,2026-09-21T08:08:28Z,yahoo_mcap|yahoo_ret
NERV,174756080.0,0.8029557327160914,,2026-09-21T08:08:28Z,yahoo_mcap|yahoo_ret
SKYX,171997360.0,-0.02307690191550993,,2026-09-21T08:08:28Z,yahoo_mcap|yahoo_ret
EHI,168163568.0,-0.046982356243831846,,2026-09-21T08:08:28Z,yahoo_mcap|yahoo_ret
FLC,168354816.0,-0.032048003603458164,,2026-09-21T08:08:28Z,yahoo_mcap|yahoo_ret
TONX,186694048.0,-0.501470586791583,,2026-09-21T08:08:28Z,yahoo_mcap|yahoo_ret
LFCR,168824656.0,-0.433290965311096,,2026-09-21T08:08:28Z,yahoo_mcap|yahoo_ret
SEVN,166299488.0,-0.22477927020421218,,2026-09-21T08:08:28Z,yahoo_mcap|yahoo_ret
MNOV,163414544.0,1.614173215042673,,2026-09-21T08:08:28Z,yahoo_mcap|yahoo_ret
OTLK,158873872.0,-0.3219106983776582,,2026-09-21T08:08:28Z,yahoo_mcap|yahoo_ret
CURI,164959712.0,-0.41848345623805816,,2026-09-21T08:08:28Z,yahoo_mcap|yahoo_ret
ECF,167036144.0,0.13476171620082078,,2026-09-21T08:08:28Z,yahoo_mcap|yahoo_ret
DHF,165111936.0,-0.04639689208399056,,2026-09-21T08:08:28Z,yahoo_mcap|yahoo_ret
NMP,165936976.0,0.04527170844428752,,2026-09-21T08:08:28Z,yahoo_mcap|yahoo_ret
NIU,162362704.0,-0.5197215868388517,,2026-09-21T08:08:28Z,yahoo_mcap|yahoo_ret
AIRS,166539920.0,-0.6473282632804969,,2026-09-21T08:08:28Z,yahoo_mcap|yahoo_ret
FLWS,159179040.0,-0.5523465638718213,,2026-09-21T08:08:28Z,yahoo_mcap|yahoo_ret
VBF,164178528.0,-0.04120498628178193,,2026-09-21T08:08:28Z,yahoo_mcap|yahoo_ret
RNA,153095504.0,-0.393220351914228,,2026-09-21T08:08:28Z,yahoo_mcap|yahoo_ret
JELD,152703552.0,-0.6823104688479873,,2026-09-21T08:08:28Z,yahoo_mcap|yahoo_ret
BZUN,165709504.0,-0.3149038439495323,,2026-09-21T08:08:28Z,yahoo_mcap|yahoo_ret
WW,160980032.0,-0.4591870966105064,,2026-09-21T08:08:28Z,yahoo_mcap|yahoo_ret
DFDV,197681984.0,-0.6420555325727373,,2026-09-21T08:08:28Z,yahoo_mcap|yahoo_ret
SAGU,162411232.0,0.01823711319785737,,2026-09-21T08:08:28Z,yahoo_mcap|yahoo_ret
EMIS,161860048.0,0.031155821664241357,,2026-09-21T08:08:28Z,yahoo_mcap|yahoo_ret
DLTH,162661408.0,0.1413333892822266,,2026-09-21T08:08:28Z,yahoo_mcap|yahoo_ret
QRED,161041600.0,0.01516679608929894,,2026-09-21T08:08:28Z,yahoo_mcap|yahoo_ret
LKSP,160621264.0,0.03123420251737352,,2026-09-21T08:08:28Z,yahoo_mcap|yahoo_ret
LEE,163400688.0,0.3574073693062223,,2026-09-21T08:08:28Z,yahoo_mcap|yahoo_ret
WENC,160558416.0,0.012145737264080303,,2026-09-21T08:08:28Z,yahoo_mcap|yahoo_ret
GLED,159984832.0,0.013157906167521771,,2026-09-21T08:08:28Z,yahoo_mcap|yahoo_ret
EARN,158916032.0,-0.09774455284924954,,2026-09-21T08:08:28Z,yahoo_mcap|yahoo_ret
LAFA,159804592.0,0.02779177421002621,,2026-09-21T08:08:28Z,yahoo_mcap|yahoo_ret
WHF,158281600.0,0.023901146965956244,,2026-09-21T08:08:28Z,yahoo_mcap|yahoo_ret
BRCB,159673040.0,-0.7347842163280859,,2026-09-21T08:08:28Z,yahoo_mcap|yahoo_ret
HUMA,162678576.0,-0.6849462253948984,,2026-09-21T08:08:28Z,yahoo_mcap|yahoo_ret
ONEW,152323760.0,-0.41485272661411365,,2026-09-21T08:08:28Z,yahoo_mcap|yahoo_ret
SPEG,159006656.0,0.04116464315680757,,2026-09-21T08:08:28Z,yahoo_mcap|yahoo_ret
NPWR,161919648.0,-0.25,,2026-09-21T08:08:28Z,yahoo_mcap|yahoo_ret
FMAC,159221408.0,0.016112773665144076,,2026-09-21T08:08:28Z,yahoo_mcap|yahoo_ret
DOUG,153604896.0,-0.4309764171917294,,2026-09-21T08:08:28Z,yahoo_mcap|yahoo_ret
PAAI,71415976.0,-0.7528830382900227,,2026-09-21T08:08:28Z,yahoo_mcap|yahoo_ret
NLOP,155251504.0,0.018293008381284004,,2026-09-21T08:08:28Z,yahoo_mcap|yahoo_ret
MENS,156616976.0,-0.9686071341579326,,2026-09-21T08:08:28Z,yahoo_mcap|yahoo_ret
WPAC,157447920.0,0.017206485255548465,,2026-09-21T08:08:28Z,yahoo_mcap|yahoo_ret
ATOM,160779040.0,0.10752684243884003,,2026-09-21T08:08:28Z,yahoo_mcap|yahoo_ret
DVLT,145973280.0,-0.6666666445908718,,2026-09-21T08:08:28Z,yahoo_mcap|yahoo_ret
OCAC,156220256.0,0.009100019796696612,,2026-09-21T08:08:28Z,yahoo_mcap|yahoo_ret
SPRB,152466384.0,5.334328267111707,,2026-09-21T08:08:28Z,yahoo_mcap|yahoo_ret
HTLM,176684384.0,-0.41823550608668814,,2026-09-21T08:08:28Z,yahoo_mcap|yahoo_ret
LFMD,155206688.0,-0.49371069795388134,,2026-09-21T08:08:28Z,yahoo_mcap|yahoo_ret
PNI,154058240.0,-0.02410963169610081,,2026-09-21T08:08:28Z,yahoo_mcap|yahoo_ret
OGI,151360320.0,-0.4166666777045641,,2026-09-21T08:08:28Z,yahoo_mcap|yahoo_ret
TRAK,148841488.0,-0.5318575153939924,,2026-09-21T08:08:28Z,yahoo_mcap|yahoo_ret
TONT,154340000.0,0.033175300613054404,,2026-09-21T08:08:28Z,yahoo_mcap|yahoo_ret
DCX,46584152.0,-0.999619129448276,,2026-09-21T08:08:28Z,yahoo_mcap|yahoo_ret
DAVA,146902752.0,-0.6988082221815357,,2026-09-21T08:08:28Z,yahoo_mcap|yahoo_ret
NYXH,150723520.0,-0.7004048579088027,,2026-09-21T08:08:28Z,yahoo_mcap|yahoo_ret
BCBP,157847888.0,0.04506057776061323,,2026-09-21T08:08:28Z,yahoo_mcap|yahoo_ret
ARMP,155420672.0,0.3615634916067727,,2026-09-21T08:08:28Z,yahoo_mcap|yahoo_ret
INAC,152714256.0,0.038114353486789154,,2026-09-21T08:08:28Z,yahoo_mcap|yahoo_ret
TNYA,152319456.0,-0.5184396907085318,,2026-09-21T08:08:28Z,yahoo_mcap|yahoo_ret
TUSK,153045728.0,0.3826087533413587,,2026-09-21T08:08:28Z,yahoo_mcap|yahoo_ret
WYHG,149085088.0,-0.23540145207355856,,2026-09-21T08:08:28Z,yahoo_mcap|yahoo_ret
SITC,154802256.0,-0.4160785150234806,,2026-09-21T08:08:28Z,yahoo_mcap|yahoo_ret
CEPS,151446000.0,0.016748776619024186,,2026-09-21T08:08:28Z,yahoo_mcap|yahoo_ret
CAAS,152060336.0,0.007999992370605558,,2026-09-21T08:08:28Z,yahoo_mcap|yahoo_ret
CNXU,139905216.0,-0.6205049614414945,,2026-09-21T08:08:28Z,yahoo_mcap|yahoo_ret
GNT,150801168.0,0.40783010353225047,,2026-09-21T08:08:28Z,yahoo_mcap|yahoo_ret
YCY,151183664.0,0.03323261969428648,,2026-09-21T08:08:28Z,yahoo_mcap|yahoo_ret
AGPU,140600336.0,-0.19933990627930664,,2026-09-21T08:08:28Z,yahoo_mcap|yahoo_ret
BSET,154030608.0,0.15766793884460384,,2026-09-21T08:08:28Z,yahoo_mcap|yahoo_ret
MOLN,161265040.0,0.11671089109987864,,2026-09-21T08:08:28Z,yahoo_mcap|yahoo_ret
NRXP,143741952.0,0.11784508459966103,,2026-09-21T08:08:28Z,yahoo_mcap|yahoo_ret
NAKA,164096640.0,-0.8362499986376082,,2026-09-21T08:08:28Z,yahoo_mcap|yahoo_ret
EML,153989312.0,0.026641582177667544,,2026-09-21T08:08:28Z,yahoo_mcap|yahoo_ret
HURC,143644816.0,0.2432735490732787,,2026-09-21T08:08:28Z,yahoo_mcap|yahoo_ret
QTRX,145189696.0,-0.4346224621922128,,2026-09-21T08:08:28Z,yahoo_mcap|yahoo_ret
EPM,155064784.0,-0.18874216553053913,,2026-09-21T08:08:28Z,yahoo_mcap|yahoo_ret
CLLS,154100032.0,-0.5552325738546586,,2026-09-21T08:08:28Z,yahoo_mcap|yahoo_ret
KRMD,148363584.0,-0.22355765924298432,,2026-09-21T08:08:28Z,yahoo_mcap|yahoo_ret
BRLT,142590304.0,-0.43319839678468897,,2026-09-21T08:08:28Z,yahoo_mcap|yahoo_ret
APUR,147923904.0,0.003999996185302779,,2026-09-21T08:08:28Z,yahoo_mcap|yahoo_ret
PIM,145034864.0,-0.05987485655014868,,2026-09-21T08:08:28Z,yahoo_mcap|yahoo_ret
CLPR,144839616.0,-0.06684900500966129,,2026-09-21T08:08:28Z,yahoo_mcap|yahoo_ret
HLP,150972272.0,0.9238095930103845,,2026-09-21T08:08:28Z,yahoo_mcap|yahoo_ret
ALPX,147185376.0,0.011178826724745239,,2026-09-21T08:08:28Z,yahoo_mcap|yahoo_ret
ELME,147504080.0,-0.35701754645189543,,2026-09-21T08:08:28Z,yahoo_mcap|yahoo_ret
LANV,150957872.0,-0.4832535467616995,,2026-09-21T08:08:28Z,yahoo_mcap|yahoo_ret
VTN,147231552.0,-0.003914156323279849,,2026-09-21T08:08:28Z,yahoo_mcap|yahoo_ret
NCO,145967360.0,0.0060913161034243934,,2026-09-21T08:08:28Z,yahoo_mcap|yahoo_ret
TRAD,147101856.0,0.015151573533783491,,2026-09-21T08:08:28Z,yahoo_mcap|yahoo_ret
BMN,145514944.0,-0.02330080475644647,,2026-09-21T08:08:28Z,yahoo_mcap|yahoo_ret
SHIM,138061648.0,0.18861209330328865,,2026-09-21T08:08:28Z,yahoo_mcap|yahoo_ret
WALD,148781440.0,-0.4423076878990646,,2026-09-21T08:08:28Z,yahoo_mcap|yahoo_ret
GRO,150529312.0,-0.11956519016170908,,2026-09-21T08:08:28Z,yahoo_mcap|yahoo_ret
OCLT,145393888.0,-0.001010027837658023,,2026-09-21T08:08:28Z,yahoo_mcap|yahoo_ret
CTW,134784000.0,0.1739130688299524,,2026-09-21T08:08:28Z,yahoo_mcap|yahoo_ret
LUCD,150028432.0,-0.27889909240174227,,2026-09-21T08:08:28Z,yahoo_mcap|yahoo_ret
MYX,145160096.0,0.011122310703610028,,2026-09-21T08:08:28Z,yahoo_mcap|yahoo_ret
SPE,144601104.0,-0.039188500698574935,,2026-09-21T08:08:28Z,yahoo_mcap|yahoo_ret
STEX,139403472.0,-0.9117142898695809,,2026-09-21T08:08:28Z,yahoo_mcap|yahoo_ret
ZJYL,148580208.0,-0.8251318111138254,,2026-09-21T08:08:28Z,yahoo_mcap|yahoo_ret
XFLH,143883040.0,0.011122310703610028,,2026-09-21T08:08:28Z,yahoo_mcap|yahoo_ret
MSD,143439808.0,0.0077008204779054346,,2026-09-21T08:08:28Z,yahoo_mcap|yahoo_ret
DOYU,143349584.0,-0.38311686783621823,,2026-09-21T08:08:28Z,yahoo_mcap|yahoo_ret
EGAN,140279072.0,-0.40773480435925047,,2026-09-21T08:08:28Z,yahoo_mcap|yahoo_ret
LSBK,141054032.0,0.4033576543232047,,2026-09-21T08:08:28Z,yahoo_mcap|yahoo_ret
TLAC,142456992.0,-0.003030276174459612,,2026-09-21T08:08:28Z,yahoo_mcap|yahoo_ret
MHF,142232480.0,-0.11038757718953285,,2026-09-21T08:08:28Z,yahoo_mcap|yahoo_ret
FGBI,143063152.0,0.0542169283850058,,2026-09-21T08:08:28Z,yahoo_mcap|yahoo_ret
GHI,140668176.0,-0.3621633041660528,,2026-09-21T08:08:28Z,yahoo_mcap|yahoo_ret
NINE,147172400.0,0.2865854190404338,,2026-09-21T08:08:28Z,yahoo_mcap|yahoo_ret
NSAI,142441376.0,0.0,,2026-09-21T08:08:28Z,yahoo_mcap|yahoo_ret
OPRX,137314096.0,-0.5994505683374691,,2026-09-21T08:08:28Z,yahoo_mcap|yahoo_ret
BRCC,133332712.0,-0.4361446119528021,,2026-09-21T08:08:28Z,yahoo_mcap|yahoo_ret
PFD,141506656.0,-0.020287614725495118,,2026-09-21T08:08:28Z,yahoo_mcap|yahoo_ret
SRBK,142613904.0,0.3080269173109875,,2026-09-21T08:08:28Z,yahoo_mcap|yahoo_ret
DIBS,135805776.0,0.4076655480653537,,2026-09-21T08:08:28Z,yahoo_mcap|yahoo_ret
PLUN,141557664.0,0.009027096306659654,,2026-09-21T08:08:28Z,yahoo_mcap|yahoo_ret
CDXS,148927840.0,-0.44489796414865834,,2026-09-21T08:08:28Z,yahoo_mcap|yahoo_ret
BMHL,141126416.0,0.4656772348297886,,2026-09-21T08:08:28Z,yahoo_mcap|yahoo_ret
IMUX,144904240.0,0.25680474855332114,,2026-09-21T08:08:28Z,yahoo_mcap|yahoo_ret
BHAV,140754320.0,0.01622726233850047,,2026-09-21T08:08:28Z,yahoo_mcap|yahoo_ret
NMRA,137164016.0,-0.5852272596425754,,2026-09-21T08:08:28Z,yahoo_mcap|yahoo_ret
GRX,140065776.0,0.12982181602380272,,2026-09-21T08:08:28Z,yahoo_mcap|yahoo_ret
CRBU,139369760.0,-0.23076928502926064,,2026-09-21T08:08:28Z,yahoo_mcap|yahoo_ret
RGP,136396752.0,-0.19960033613092254,,2026-09-21T08:08:28Z,yahoo_mcap|yahoo_ret
CRBP,144672864.0,-0.34956521573274035,,2026-09-21T08:08:28Z,yahoo_mcap|yahoo_ret
HOFT,141778528.0,0.290118982403164,,2026-09-21T08:08:28Z,yahoo_mcap|yahoo_ret
RRGB,133271456.0,0.07798168682822659,,2026-09-21T08:08:28Z,yahoo_mcap|yahoo_ret
AMTX,155886320.0,-0.11111110020948456,,2026-09-21T08:08:28Z,yahoo_mcap|yahoo_ret
RFAM,139194000.0,0.01421313545447278,,2026-09-21T08:08:28Z,yahoo_mcap|yahoo_ret
ONL,139189104.0,-0.0758873659332171,,2026-09-21T08:08:28Z,yahoo_mcap|yahoo_ret
AMBR,185722240.0,-0.5,,2026-09-21T08:08:28Z,yahoo_mcap|yahoo_ret
COOK,136665264.0,-0.2486153822678786,,2026-09-21T08:08:28Z,yahoo_mcap|yahoo_ret
BNR,150127184.0,0.6513920934645097,,2026-09-21T08:08:28Z,yahoo_mcap|yahoo_ret
CLAR,137071600.0,-0.0004618391582891235,,2026-09-21T08:08:28Z,yahoo_mcap|yahoo_ret
HSDT,166866016.0,-0.8856195571299152,,2026-09-21T08:08:28Z,yahoo_mcap|yahoo_ret
UAC,138121200.0,0.00707077284806279,,2026-09-21T08:08:28Z,yahoo_mcap|yahoo_ret
OXSQ,136788880.0,-0.15348511835519396,,2026-09-21T08:08:28Z,yahoo_mcap|yahoo_ret
LGCL,130938632.0,-0.9960769231502826,,2026-09-21T08:08:28Z,yahoo_mcap|yahoo_ret
INGN,136407040.0,-0.406466517661476,,2026-09-21T08:08:28Z,yahoo_mcap|yahoo_ret
ZENA,128882080.0,-0.7279549590170534,,2026-09-21T08:08:28Z,yahoo_mcap|yahoo_ret
INTT,138518496.0,0.3757962193555433,,2026-09-21T08:08:28Z,yahoo_mcap|yahoo_ret
SCPQ,137243824.0,0.012108969465869146,,2026-09-21T08:08:28Z,yahoo_mcap|yahoo_ret
IPEX,116950056.0,-0.04007818824618259,,2026-09-21T08:08:28Z,yahoo_mcap|yahoo_ret
ZSQR,142041072.0,-0.8069164232953501,,2026-09-21T08:08:28Z,yahoo_mcap|yahoo_ret
DLNG,134977264.0,0.030924895414329523,,2026-09-21T08:08:28Z,yahoo_mcap|yahoo_ret
HCAT,134708928.0,-0.38062287305267095,,2026-09-21T08:08:28Z,yahoo_mcap|yahoo_ret
HEQ,136582176.0,0.1852947062138901,,2026-09-21T08:08:28Z,yahoo_mcap|yahoo_ret
BGX,135978544.0,-0.055969725100486256,,2026-09-21T08:08:28Z,yahoo_mcap|yahoo_ret
XHG,127838864.0,0.7103447844950976,,2026-09-21T08:08:28Z,yahoo_mcap|yahoo_ret
HYNE,133599480.0,0.1785714285714286,,2026-09-21T08:08:28Z,yahoo_mcap|yahoo_ret
LX,123228672.0,-0.8588787549280261,,2026-09-21T08:08:28Z,yahoo_mcap|yahoo_ret
BCV,133327008.0,0.16622548020811134,,2026-09-21T08:08:28Z,yahoo_mcap|yahoo_ret
ACNT,132889432.0,0.1442978748748256,,2026-09-21T08:08:28Z,yahoo_mcap|yahoo_ret
MED,131596880.0,-0.17979093067047092,,2026-09-21T08:08:28Z,yahoo_mcap|yahoo_ret
ADCT,134051072.0,-0.6929824769319572,,2026-09-21T08:08:28Z,yahoo_mcap|yahoo_ret
HURA,133825888.0,-0.19540230305048822,,2026-09-21T08:08:28Z,yahoo_mcap|yahoo_ret
ZJK,136363152.0,-0.43617024177229213,,2026-09-21T08:08:28Z,yahoo_mcap|yahoo_ret
RTB,116005416.0,-0.23619043259393602,,2026-09-21T08:08:28Z,yahoo_mcap|yahoo_ret
SMID,128477552.0,-0.3783367586626235,,2026-09-21T08:08:28Z,yahoo_mcap|yahoo_ret
MPA,131568240.0,-0.05893470509592369,,2026-09-21T08:08:28Z,yahoo_mcap|yahoo_ret
OWLT,138510736.0,-0.419828674803598,,2026-09-21T08:08:28Z,yahoo_mcap|yahoo_ret
OCC,131038792.0,0.6466666327582464,,2026-09-21T08:08:28Z,yahoo_mcap|yahoo_ret
LGCY,133605528.0,-0.178849090082699,,2026-09-21T08:08:28Z,yahoo_mcap|yahoo_ret
WYY,126577904.0,1.3018181540749292,,2026-09-21T08:08:28Z,yahoo_mcap|yahoo_ret
TLYS,126631272.0,1.2622949559554257,,2026-09-21T08:08:28Z,yahoo_mcap|yahoo_ret
UNCY,131486536.0,0.21212124861012804,,2026-09-21T08:08:28Z,yahoo_mcap|yahoo_ret
KVHI,130796336.0,0.28520496730010647,,2026-09-21T08:08:28Z,yahoo_mcap|yahoo_ret
BHR,131431320.0,-0.35606635125559194,,2026-09-21T08:08:28Z,yahoo_mcap|yahoo_ret
HYI,130062128.0,-0.06353256900511217,,2026-09-21T08:08:28Z,yahoo_mcap|yahoo_ret
STXS,133268896.0,-0.526690366548634,,2026-09-21T08:08:28Z,yahoo_mcap|yahoo_ret
INSE,122173128.0,-0.5214211003388982,,2026-09-21T08:08:28Z,yahoo_mcap|yahoo_ret
BOOM,126532240.0,-0.17536813648905492,,2026-09-21T08:08:28Z,yahoo_mcap|yahoo_ret
VECA,128769528.0,0.011099960852197999,,2026-09-21T08:08:28Z,yahoo_mcap|yahoo_ret
VNCE,138508816.0,2.375394180360567,,2026-09-21T08:08:28Z,yahoo_mcap|yahoo_ret
APYX,128899512.0,0.33624453875686666,,2026-09-21T08:08:28Z,yahoo_mcap|yahoo_ret
ANNA,133873800.0,-0.23419203851682868,,2026-09-21T08:08:28Z,yahoo_mcap|yahoo_ret
FWAC,127623384.0,0.00709216774426058,,2026-09-21T08:08:28Z,yahoo_mcap|yahoo_ret
BMEA,132307976.0,-0.06153846247896877,,2026-09-21T08:08:28Z,yahoo_mcap|yahoo_ret
PLBY,125798064.0,-0.34375003958120887,,2026-09-21T08:08:28Z,yahoo_mcap|yahoo_ret
FXAC,127456168.0,0.007999992370605558,,2026-09-21T08:08:28Z,yahoo_mcap|yahoo_ret
EWAV,127190248.0,0.006097506606908221,,2026-09-21T08:08:28Z,yahoo_mcap|yahoo_ret
ENGN,128001160.0,-0.7199413609169871,,2026-09-21T08:08:28Z,yahoo_mcap|yahoo_ret
TISI,128100696.0,0.5971429007393974,,2026-09-21T08:08:28Z,yahoo_mcap|yahoo_ret
UP,129846784.0,-0.9284000015258789,,2026-09-21T08:08:28Z,yahoo_mcap|yahoo_ret
LENZ,127880808.0,-0.903714215103259,,2026-09-21T08:08:28Z,yahoo_mcap|yahoo_ret
WTF,121558432.0,-0.6277695734082356,,2026-09-21T08:08:28Z,yahoo_mcap|yahoo_ret
INO,128212928.0,-0.46086954989370155,,2026-09-21T08:08:28Z,yahoo_mcap|yahoo_ret
RYDE,130015256.0,0.9486486660641764,,2026-09-21T08:08:28Z,yahoo_mcap|yahoo_ret
VTVT,125734904.0,0.42091154734302827,,2026-09-21T08:08:28Z,yahoo_mcap|yahoo_ret
IMDX,130897136.0,0.1730204983339716,,2026-09-21T08:08:28Z,yahoo_mcap|yahoo_ret
MGYR,125234424.0,0.13637602260509896,,2026-09-21T08:08:28Z,yahoo_mcap|yahoo_ret
UFI,123987536.0,0.4344085891393725,,2026-09-21T08:08:28Z,yahoo_mcap|yahoo_ret
MXCT,122815392.0,-0.21710521568882113,,2026-09-21T08:08:28Z,yahoo_mcap|yahoo_ret
CGO,126379000.0,0.12933681474736236,,2026-09-21T08:08:28Z,yahoo_mcap|yahoo_ret
NAUT,122928552.0,0.4185022446706794,,2026-09-21T08:08:28Z,yahoo_mcap|yahoo_ret
AXR,120448088.0,-0.1804347635292003,,2026-09-21T08:08:28Z,yahoo_mcap|yahoo_ret
BOTJ,123805984.0,0.8026969071753891,,2026-09-21T08:08:28Z,yahoo_mcap|yahoo_ret
IAF,122846016.0,0.04233497405549924,,2026-09-21T08:08:28Z,yahoo_mcap|yahoo_ret
ENGS,125564832.0,-0.6214765093368558,,2026-09-21T08:08:28Z,yahoo_mcap|yahoo_ret
SFBC,125577304.0,0.05985181569347442,,2026-09-21T08:08:28Z,yahoo_mcap|yahoo_ret
CBUS,123050624.0,0.13380286124130625,,2026-09-21T08:08:28Z,yahoo_mcap|yahoo_ret
JHS,122522080.0,-0.04590626113042473,,2026-09-21T08:08:28Z,yahoo_mcap|yahoo_ret
KZIA,118725488.0,0.3389175305243366,,2026-09-21T08:08:28Z,yahoo_mcap|yahoo_ret
CODA,122308816.0,0.30759954191421657,,2026-09-21T08:08:28Z,yahoo_mcap|yahoo_ret
CVGI,119053752.0,0.6368715805580434,,2026-09-21T08:08:28Z,yahoo_mcap|yahoo_ret
VIVO,123495120.0,-0.20082816644559065,,2026-09-21T08:08:28Z,yahoo_mcap|yahoo_ret
CHAR,120066744.0,0.06001935044900253,,2026-09-21T08:08:28Z,yahoo_mcap|yahoo_ret
VRA,121926824.0,1.125,,2026-09-21T08:08:28Z,yahoo_mcap|yahoo_ret
AARD,117740472.0,-0.5059687837622809,,2026-09-21T08:08:28Z,yahoo_mcap|yahoo_ret
HDRN,122978008.0,-0.8347742503533451,,2026-09-21T08:08:28Z,yahoo_mcap|yahoo_ret
JYNT,119368216.0,-0.15261048714277548,,2026-09-21T08:08:28Z,yahoo_mcap|yahoo_ret
PLCI,120165976.0,0.002026388854668104,,2026-09-21T08:08:28Z,yahoo_mcap|yahoo_ret
DMRC,112376640.0,-0.5219885294679436,,2026-09-21T08:08:28Z,yahoo_mcap|yahoo_ret
OKUR,119464112.0,0.1478599705492747,,2026-09-21T08:08:28Z,yahoo_mcap|yahoo_ret
RANI,121127824.0,0.6737864320380877,,2026-09-21T08:08:28Z,yahoo_mcap|yahoo_ret
PMN,125637384.0,0.2736363844438032,,2026-09-21T08:08:28Z,yahoo_mcap|yahoo_ret
HCHL,118183824.0,0.25714283119253634,,2026-09-21T08:08:28Z,yahoo_mcap|yahoo_ret
PGAC,118083104.0,0.04589846460294278,,2026-09-21T08:08:28Z,yahoo_mcap|yahoo_ret
JLHL,117752984.0,0.3422981824693683,,2026-09-21T08:08:28Z,yahoo_mcap|yahoo_ret
QUMS,117830696.0,0.037148582745178294,,2026-09-21T08:08:28Z,yahoo_mcap|yahoo_ret
CITR,116662184.0,-0.33494715181379764,,2026-09-21T08:08:28Z,yahoo_mcap|yahoo_ret
RMMZ,116848096.0,-0.0018703067553793584,,2026-09-21T08:08:28Z,yahoo_mcap|yahoo_ret
BEEP,118944008.0,-0.12462001585592275,,2026-09-21T08:08:28Z,yahoo_mcap|yahoo_ret
BRKH,117664512.0,0.006030193041896226,,2026-09-21T08:08:28Z,yahoo_mcap|yahoo_ret
UNB,118502992.0,-0.03326233731532857,,2026-09-21T08:08:28Z,yahoo_mcap|yahoo_ret
TLSA,115245864.0,-0.5,,2026-09-21T08:08:28Z,yahoo_mcap|yahoo_ret
SANG,114645432.0,-0.3326885886321286,,2026-09-21T08:08:28Z,yahoo_mcap|yahoo_ret
BSBK,117914528.0,-0.01702126105374524,,2026-09-21T08:08:28Z,yahoo_mcap|yahoo_ret
MWC,111114312.0,-0.771951213626192,,2026-09-21T08:08:28Z,yahoo_mcap|yahoo_ret
PROV,116013960.0,0.22217522137129397,,2026-09-21T08:08:28Z,yahoo_mcap|yahoo_ret
WSBK,116668880.0,0.35766425970808613,,2026-09-21T08:08:28Z,yahoo_mcap|yahoo_ret
EQ,121743512.0,0.3150684293964221,,2026-09-21T08:08:28Z,yahoo_mcap|yahoo_ret
MCN,114414408.0,-0.0009614109621478573,,2026-09-21T08:08:28Z,yahoo_mcap|yahoo_ret
OPHC,117841240.0,1.2161519807996592,,2026-09-21T08:08:28Z,yahoo_mcap|yahoo_ret
AKA,119802536.0,0.053140020945820154,,2026-09-21T08:08:28Z,yahoo_mcap|yahoo_ret
QUCY,116014104.0,-0.1428571534347195,,2026-09-21T08:08:28Z,yahoo_mcap|yahoo_ret
PLMK,114623680.0,0.03980580969123815,,2026-09-21T08:08:28Z,yahoo_mcap|yahoo_ret
HOVR,111425744.0,-0.25560540250080777,,2026-09-21T08:08:28Z,yahoo_mcap|yahoo_ret
GNLX,114470696.0,-0.391826907646726,,2026-09-21T08:08:28Z,yahoo_mcap|yahoo_ret
PNBK,115179936.0,-0.32167827679047567,,2026-09-21T08:08:28Z,yahoo_mcap|yahoo_ret
RVSB,118122864.0,0.16700822696272777,,2026-09-21T08:08:28Z,yahoo_mcap|yahoo_ret
MIST,114015248.0,-0.5229166515326744,,2026-09-21T08:08:28Z,yahoo_mcap|yahoo_ret
OESX,112455368.0,1.9923831616598418,,2026-09-21T08:08:28Z,yahoo_mcap|yahoo_ret
XHLD,117882640.0,1.082539756866531,,2026-09-21T08:08:28Z,yahoo_mcap|yahoo_ret
NICM,114500808.0,-0.1393678536943027,,2026-09-21T08:08:28Z,yahoo_mcap|yahoo_ret
KULR,109684352.0,-0.5062500434617184,,2026-09-21T08:08:28Z,yahoo_mcap|yahoo_ret
FLNT,112521224.0,0.7115384968074834,,2026-09-21T08:08:28Z,yahoo_mcap|yahoo_ret
BDTX,112311480.0,-0.4024390075477653,,2026-09-21T08:08:28Z,yahoo_mcap|yahoo_ret
DMO,111528768.0,-0.07569064431053707,,2026-09-21T08:08:28Z,yahoo_mcap|yahoo_ret
TCX,113833904.0,-0.4564868898037192,,2026-09-21T08:08:28Z,yahoo_mcap|yahoo_ret
NIM,110525784.0,-0.01128153669724774,,2026-09-21T08:08:28Z,yahoo_mcap|yahoo_ret
RNAQ,111240064.0,-0.004911609944593165,,2026-09-21T08:08:28Z,yahoo_mcap|yahoo_ret
PAI,110802712.0,-0.05487754400043199,,2026-09-21T08:08:28Z,yahoo_mcap|yahoo_ret
GLU,109830704.0,0.09655071767244872,,2026-09-21T08:08:28Z,yahoo_mcap|yahoo_ret
TJGC,170084384.0,2.067395419792165,,2026-09-21T08:08:28Z,yahoo_mcap|yahoo_ret
USGO,106671592.0,-0.1748100029148677,,2026-09-21T08:08:28Z,yahoo_mcap|yahoo_ret
PBHC,113141152.0,0.22623224063805236,,2026-09-21T08:08:28Z,yahoo_mcap|yahoo_ret
PAL,112492232.0,-0.41799705274490384,,2026-09-21T08:08:28Z,yahoo_mcap|yahoo_ret
BYFC,112734320.0,0.6575715886757094,,2026-09-21T08:08:28Z,yahoo_mcap|yahoo_ret
HUHU,151478416.0,-0.28220856706156194,,2026-09-21T08:08:28Z,yahoo_mcap|yahoo_ret
ETS,126663344.0,1.6943004925320317,,2026-09-21T08:08:28Z,yahoo_mcap|yahoo_ret
COYA,114708872.0,-0.11090911518443713,,2026-09-21T08:08:28Z,yahoo_mcap|yahoo_ret
VANI,107342000.0,-0.1560283082332955,,2026-09-21T08:08:28Z,yahoo_mcap|yahoo_ret
VERI,110502784.0,-0.794392515242969,,2026-09-21T08:08:28Z,yahoo_mcap|yahoo_ret
BGM,100556456.0,-0.9747230635033748,,2026-09-21T08:08:28Z,yahoo_mcap|yahoo_ret
STHO,109766040.0,0.09265938209481717,,2026-09-21T08:08:28Z,yahoo_mcap|yahoo_ret
RACD,109182352.0,0.16054156894733174,,2026-09-21T08:08:28Z,yahoo_mcap|yahoo_ret
CPIX,109676344.0,1.9967274680101408,,2026-09-21T08:08:28Z,yahoo_mcap|yahoo_ret
FURY,109040808.0,-0.18811883024496412,,2026-09-21T08:08:28Z,yahoo_mcap|yahoo_ret
QSEA,107932616.0,0.051332625687542155,,2026-09-21T08:08:28Z,yahoo_mcap|yahoo_ret
TP,105545256.0,0.18000003269740517,,2026-09-21T08:08:28Z,yahoo_mcap|yahoo_ret
TDTH,99682480.0,-0.9386724354331164,,2026-09-21T08:08:28Z,yahoo_mcap|yahoo_ret
VATE,111317624.0,0.6190476010265622,,2026-09-21T08:08:28Z,yahoo_mcap|yahoo_ret
RFL,106599992.0,0.42361102142820006,,2026-09-21T08:08:28Z,yahoo_mcap|yahoo_ret
CTOR,120565240.0,-0.35227273189085573,,2026-09-21T08:08:28Z,yahoo_mcap|yahoo_ret
CHMI,105691072.0,0.30880882381743757,,2026-09-21T08:08:28Z,yahoo_mcap|yahoo_ret
EP,101081536.0,-0.4375000068986855,,2026-09-21T08:08:28Z,yahoo_mcap|yahoo_ret
SEER,102991952.0,-0.1659192832303643,,2026-09-21T08:08:28Z,yahoo_mcap|yahoo_ret
LAKE,102193552.0,-0.2962721789098456,,2026-09-21T08:08:28Z,yahoo_mcap|yahoo_ret
GHG,103924248.0,-0.5189164148572301,,2026-09-21T08:08:28Z,yahoo_mcap|yahoo_ret
HMR,108545272.0,0.3629629636170606,,2026-09-21T08:08:28Z,yahoo_mcap|yahoo_ret
PYPD,105824304.0,0.5101449177210584,,2026-09-21T08:08:28Z,yahoo_mcap|yahoo_ret
CHPG,104267264.0,0.03984059960658093,,2026-09-21T08:08:28Z,yahoo_mcap|yahoo_ret
PLYX,101685824.0,-0.9417142868041992,,2026-09-21T08:08:28Z,yahoo_mcap|yahoo_ret
FJET,90193472.0,-0.8070588252123665,,2026-09-21T08:08:28Z,yahoo_mcap|yahoo_ret
MX,100402808.0,-0.15644171532368134,,2026-09-21T08:08:28Z,yahoo_mcap|yahoo_ret
AMPG,102149224.0,-0.28118391508306495,,2026-09-21T08:08:28Z,yahoo_mcap|yahoo_ret
KEQU,98760288.0,-0.2249488318280115,,2026-09-21T08:08:28Z,yahoo_mcap|yahoo_ret
AMAN,102748496.0,0.060939025247693346,,2026-09-21T08:08:28Z,yahoo_mcap|yahoo_ret
SBI,102800912.0,-0.011593425898414944,,2026-09-21T08:08:28Z,yahoo_mcap|yahoo_ret
RDZN,104753032.0,0.3384112943469244,,2026-09-21T08:08:28Z,yahoo_mcap|yahoo_ret
CABO,98556080.0,-0.8973343543437269,,2026-09-21T08:08:28Z,yahoo_mcap|yahoo_ret
DWSN,100930760.0,0.8895348522906827,,2026-09-21T08:08:28Z,yahoo_mcap|yahoo_ret
PUSA,96476104.0,0.04804807492386365,,2026-09-21T08:08:28Z,yahoo_mcap|yahoo_ret
EVTL,106715976.0,-0.8895287933498442,,2026-09-21T08:08:28Z,yahoo_mcap|yahoo_ret
ECOR,105305536.0,1.3501007642347171,,2026-09-21T08:08:28Z,yahoo_mcap|yahoo_ret
SUNS,98800872.0,-0.2475474410092503,,2026-09-21T08:08:28Z,yahoo_mcap|yahoo_ret
DH,102474920.0,-0.7719715036000638,,2026-09-21T08:08:28Z,yahoo_mcap|yahoo_ret
CRDF,106579488.0,-0.33170729920241426,,2026-09-21T08:08:28Z,yahoo_mcap|yahoo_ret
ZSTK,102664928.0,-0.826838238748712,,2026-09-21T08:08:28Z,yahoo_mcap|yahoo_ret
CGTX,98897488.0,-0.25714287173991324,,2026-09-21T08:08:28Z,yahoo_mcap|yahoo_ret
SPKL,100268800.0,0.020264276167940132,,2026-09-21T08:08:28Z,yahoo_mcap|yahoo_ret
PCF,99758680.0,-0.06915565362139509,,2026-09-21T08:08:28Z,yahoo_mcap|yahoo_ret
RACC,100083816.0,0.06796114527209496,,2026-09-21T08:08:28Z,yahoo_mcap|yahoo_ret
VIRC,98366200.0,-0.19936880574716664,,2026-09-21T08:08:28Z,yahoo_mcap|yahoo_ret
BWEN,101016976.0,1.0430622757339498,,2026-09-21T08:08:28Z,yahoo_mcap|yahoo_ret
ZVIA,102433840.0,-0.40336139125849346,,2026-09-21T08:08:28Z,yahoo_mcap|yahoo_ret
BUDA,100030664.0,-0.01849563808634358,,2026-09-21T08:08:28Z,yahoo_mcap|yahoo_ret
HERE,100067696.0,-0.815631250723856,,2026-09-21T08:08:28Z,yahoo_mcap|yahoo_ret
ONCY,98183088.0,-0.4338235493916952,,2026-09-21T08:08:28Z,yahoo_mcap|yahoo_ret
CSTE,99236208.0,0.7937499017454699,,2026-09-21T08:08:28Z,yahoo_mcap|yahoo_ret
INVZ,100462096.0,-0.8306532609131911,,2026-09-21T08:08:28Z,yahoo_mcap|yahoo_ret
SLNG,104139280.0,0.38957806776364445,,2026-09-21T08:08:28Z,yahoo_mcap|yahoo_ret
PGP,97952400.0,0.08591533579089417,,2026-09-21T08:08:28Z,yahoo_mcap|yahoo_ret
BHM,92016928.0,-0.2659080904198491,,2026-09-21T08:08:28Z,yahoo_mcap|yahoo_ret
NTHI,93905536.0,-0.7281067512348054,,2026-09-21T08:08:28Z,yahoo_mcap|yahoo_ret
LUD,95311616.0,-0.6400171220086948,,2026-09-21T08:08:28Z,yahoo_mcap|yahoo_ret
JTTT,96563096.0,-0.048034951956052674,,2026-09-21T08:08:28Z,yahoo_mcap|yahoo_ret
MNTS,91807008.0,-0.8049333438245984,,2026-09-21T08:08:28Z,yahoo_mcap|yahoo_ret
NRXS,95564592.0,1.9960630896870635,,2026-09-21T08:08:28Z,yahoo_mcap|yahoo_ret
LPA,99533720.0,-0.5015873000254767,,2026-09-21T08:08:28Z,yahoo_mcap|yahoo_ret
WRAP,93900248.0,-0.4131274010431688,,2026-09-21T08:08:28Z,yahoo_mcap|yahoo_ret
PARK,96722440.0,0.9843902587890625,,2026-09-21T08:08:28Z,yahoo_mcap|yahoo_ret
FDSB,95864896.0,0.34237529362715535,,2026-09-21T08:08:28Z,yahoo_mcap|yahoo_ret
MBAI,97726000.0,-0.5996240694729031,,2026-09-21T08:08:28Z,yahoo_mcap|yahoo_ret
NIPG,103204568.0,-0.7540106850965281,,2026-09-21T08:08:28Z,yahoo_mcap|yahoo_ret
MBOT,91344128.0,-0.5736677147616973,,2026-09-21T08:08:28Z,yahoo_mcap|yahoo_ret
ACR,209384448.0,-0.3622912090623365,,2026-09-21T08:08:28Z,yahoo_mcap|yahoo_ret
TSQ,96080744.0,-0.1488138990824558,,2026-09-21T08:08:28Z,yahoo_mcap|yahoo_ret
AEYE,92261408.0,-0.44520027161337483,,2026-09-21T08:08:28Z,yahoo_mcap|yahoo_ret
RGT,94176944.0,0.10842348058915685,,2026-09-21T08:08:28Z,yahoo_mcap|yahoo_ret
GETY,92585880.0,-0.892270525565556,,2026-09-21T08:08:28Z,yahoo_mcap|yahoo_ret
SIEB,97848840.0,-0.1815068347746226,,2026-09-21T08:08:28Z,yahoo_mcap|yahoo_ret
ATRA,97265408.0,-0.19585066995817524,,2026-09-21T08:08:28Z,yahoo_mcap|yahoo_ret
CIGL,95333896.0,-0.33333334910175805,,2026-09-21T08:08:28Z,yahoo_mcap|yahoo_ret
FNWB,98540328.0,0.41917799808089384,,2026-09-21T08:08:28Z,yahoo_mcap|yahoo_ret
TGEN,94186000.0,-0.6434285845075335,,2026-09-21T08:08:28Z,yahoo_mcap|yahoo_ret
MDIA,97463032.0,-0.10077519308209071,,2026-09-21T08:08:28Z,yahoo_mcap|yahoo_ret
GUTS,95507904.0,-0.393326582158251,,2026-09-21T08:08:28Z,yahoo_mcap|yahoo_ret
ANIX,96295728.0,-0.16060605425698904,,2026-09-21T08:08:28Z,yahoo_mcap|yahoo_ret
AUBN,95818032.0,0.0950185644574808,,2026-09-21T08:08:28Z,yahoo_mcap|yahoo_ret
CCLD,92211680.0,-0.3799999782017299,,2026-09-21T08:08:28Z,yahoo_mcap|yahoo_ret
LCCC,93680608.0,0.04572564800792511,,2026-09-21T08:08:28Z,yahoo_mcap|yahoo_ret
JATT,95589000.0,0.16761906941731763,,2026-09-21T08:08:28Z,yahoo_mcap|yahoo_ret
VENU,83753720.0,-0.8836846244552015,,2026-09-21T08:08:28Z,yahoo_mcap|yahoo_ret
ULBI,94147472.0,-0.19971669388668423,,2026-09-21T08:08:28Z,yahoo_mcap|yahoo_ret
IAE,94172936.0,0.30455180133942883,,2026-09-21T08:08:28Z,yahoo_mcap|yahoo_ret
SPAI,88985704.0,-0.3712230207929823,,2026-09-21T08:08:28Z,yahoo_mcap|yahoo_ret
RMI,93329624.0,0.08407442674777799,,2026-09-21T08:08:28Z,yahoo_mcap|yahoo_ret
CMCM,88770472.0,-0.6473489499175148,,2026-09-21T08:08:28Z,yahoo_mcap|yahoo_ret
RPT,88529504.0,-0.2158393056634793,,2026-09-21T08:08:28Z,yahoo_mcap|yahoo_ret
BZFD,93334904.0,-0.39459459981925293,,2026-09-21T08:08:28Z,yahoo_mcap|yahoo_ret
IGI,92601904.0,-0.04291829798778002,,2026-09-21T08:08:28Z,yahoo_mcap|yahoo_ret
RLYB,91323320.0,2.6481326238795035,,2026-09-21T08:08:28Z,yahoo_mcap|yahoo_ret
UBCP,91768288.0,0.3095384484733268,,2026-09-21T08:08:28Z,yahoo_mcap|yahoo_ret
NTRB,98825704.0,0.1260388297359094,,2026-09-21T08:08:28Z,yahoo_mcap|yahoo_ret
FUSB,90552464.0,0.2236199824370977,,2026-09-21T08:08:28Z,yahoo_mcap|yahoo_ret
HFFG,88964504.0,-0.5294117708932156,,2026-09-21T08:08:28Z,yahoo_mcap|yahoo_ret
JXG,74650640.0,-0.5087301690622309,,2026-09-21T08:08:28Z,yahoo_mcap|yahoo_ret
BZAI,91924888.0,-0.8121301866972594,,2026-09-21T08:08:28Z,yahoo_mcap|yahoo_ret
GDL,90133264.0,0.05001477590748893,,2026-09-21T08:08:28Z,yahoo_mcap|yahoo_ret
LSE,78655496.0,-0.1250000564437902,,2026-09-21T08:08:28Z,yahoo_mcap|yahoo_ret
JLS,89761912.0,-0.03689629073468781,,2026-09-21T08:08:28Z,yahoo_mcap|yahoo_ret
ICCC,90367856.0,0.6694630445604322,,2026-09-21T08:08:28Z,yahoo_mcap|yahoo_ret
MMTX,89870064.0,0.02932254315327909,,2026-09-21T08:08:28Z,yahoo_mcap|yahoo_ret
ORIQ,89786248.0,0.03892209299713745,,2026-09-21T08:08:28Z,yahoo_mcap|yahoo_ret
TRBG,87945456.0,-0.6875,,2026-09-21T08:08:28Z,yahoo_mcap|yahoo_ret
GRWG,92505104.0,-0.03086416800562486,,2026-09-21T08:08:28Z,yahoo_mcap|yahoo_ret
FTLF,87524792.0,-0.5190918421868727,,2026-09-21T08:08:28Z,yahoo_mcap|yahoo_ret
ARQ,89520392.0,-0.7214674028358464,,2026-09-21T08:08:28Z,yahoo_mcap|yahoo_ret
CBAT,97510424.0,0.2790697738890908,,2026-09-21T08:08:28Z,yahoo_mcap|yahoo_ret
PFX,86598280.0,-0.06807498728116046,,2026-09-21T08:08:28Z,yahoo_mcap|yahoo_ret
CANG,109528656.0,-0.8799999965710587,,2026-09-21T08:08:28Z,yahoo_mcap|yahoo_ret
GOAI,82787864.0,-0.7283464613738743,,2026-09-21T08:08:28Z,yahoo_mcap|yahoo_ret
SDHC,84260536.0,-0.45582658283568245,,2026-09-21T08:08:28Z,yahoo_mcap|yahoo_ret
EVF,88125896.0,-0.04873188405797102,,2026-09-21T08:08:28Z,yahoo_mcap|yahoo_ret
SKIN,87845016.0,-0.703947359477604,,2026-09-21T08:08:28Z,yahoo_mcap|yahoo_ret
MHH,86730832.0,-0.08025479262351742,,2026-09-21T08:08:28Z,yahoo_mcap|yahoo_ret
GCV,87843040.0,0.18918162131187644,,2026-09-21T08:08:28Z,yahoo_mcap|yahoo_ret
BCIC,87057080.0,-0.32453665888589944,,2026-09-21T08:08:28Z,yahoo_mcap|yahoo_ret
DTI,87147096.0,0.029166637692187747,,2026-09-21T08:08:28Z,yahoo_mcap|yahoo_ret
BYRN,86129496.0,-0.8264969247711451,,2026-09-21T08:08:28Z,yahoo_mcap|yahoo_ret
EMPD,88422752.0,-0.5879264892306764,,2026-09-21T08:08:28Z,yahoo_mcap|yahoo_ret
ATLX,87289432.0,-0.35555553436279297,,2026-09-21T08:08:28Z,yahoo_mcap|yahoo_ret
OSTX,82845256.0,-0.16509430355005283,,2026-09-21T08:08:28Z,yahoo_mcap|yahoo_ret
ALIS,86761112.0,0.03790708910110485,,2026-09-21T08:08:28Z,yahoo_mcap|yahoo_ret
MMLP,82944336.0,-0.2855471837768009,,2026-09-21T08:08:28Z,yahoo_mcap|yahoo_ret
MCAH,86614288.0,0.006036259773603003,,2026-09-21T08:08:28Z,yahoo_mcap|yahoo_ret
SWVL,80936400.0,0.29393940685647046,,2026-09-21T08:08:28Z,yahoo_mcap|yahoo_ret
RFIL,86890568.0,0.03354841662991426,,2026-09-21T08:08:28Z,yahoo_mcap|yahoo_ret
VIOT,85073640.0,-0.5836471378382055,,2026-09-21T08:08:28Z,yahoo_mcap|yahoo_ret
SEV,87978584.0,-0.7287499904632568,,2026-09-21T08:08:28Z,yahoo_mcap|yahoo_ret
ARBE,85360728.0,-0.5838509250085464,,2026-09-21T08:08:28Z,yahoo_mcap|yahoo_ret
LNSR,86861064.0,-0.42891760045992056,,2026-09-21T08:08:28Z,yahoo_mcap|yahoo_ret
ROC,79182536.0,-0.21698114226067233,,2026-09-21T08:08:28Z,yahoo_mcap|yahoo_ret
DTCX,83097296.0,-0.5490196373793779,,2026-09-21T08:08:28Z,yahoo_mcap|yahoo_ret
LUNG,88902912.0,0.2248519900332573,,2026-09-21T08:08:28Z,yahoo_mcap|yahoo_ret
CYCU,85531512.0,-0.9343929135753891,,2026-09-21T08:08:28Z,yahoo_mcap|yahoo_ret
CHGG,77219616.0,-0.5757575768522433,,2026-09-21T08:08:28Z,yahoo_mcap|yahoo_ret
ACET,85938480.0,-0.2783018779511327,,2026-09-21T08:08:28Z,yahoo_mcap|yahoo_ret
PECE,84375000.0,0.011122310703610028,,2026-09-21T08:08:28Z,yahoo_mcap|yahoo_ret
NRT,81428624.0,0.9691525574612756,,2026-09-21T08:08:28Z,yahoo_mcap|yahoo_ret
UYSC,84241824.0,0.08588350204644568,,2026-09-21T08:08:28Z,yahoo_mcap|yahoo_ret
PTHS,86714824.0,-0.329881652964793,,2026-09-21T08:08:28Z,yahoo_mcap|yahoo_ret
GIBO,87075256.0,-0.5542666625976562,,2026-09-21T08:08:28Z,yahoo_mcap|yahoo_ret
LGL,88292040.0,-0.008498575533404162,,2026-09-21T08:08:28Z,yahoo_mcap|yahoo_ret
SLQT,82494968.0,-0.7721951129307424,,2026-09-21T08:08:28Z,yahoo_mcap|yahoo_ret
YDDL,81808664.0,-0.7306273030266666,,2026-09-21T08:08:28Z,yahoo_mcap|yahoo_ret
GLBS,84602616.0,2.0153847846759203,,2026-09-21T08:08:28Z,yahoo_mcap|yahoo_ret
MAIA,79692808.0,-0.15483872059356696,,2026-09-21T08:08:28Z,yahoo_mcap|yahoo_ret
FBIO,83710992.0,-0.31607631109427237,,2026-09-21T08:08:28Z,yahoo_mcap|yahoo_ret
ALDX,82043936.0,-0.7241379185273875,,2026-09-21T08:08:28Z,yahoo_mcap|yahoo_ret
CPBI,80949056.0,0.28360052874246344,,2026-09-21T08:08:28Z,yahoo_mcap|yahoo_ret
THRY,81323576.0,-0.8493827077883719,,2026-09-21T08:08:28Z,yahoo_mcap|yahoo_ret
FEAM,104118432.0,-0.3606138247772265,,2026-09-21T08:08:28Z,yahoo_mcap|yahoo_ret
RFM,82548440.0,0.00985667384501876,,2026-09-21T08:08:28Z,yahoo_mcap|yahoo_ret
BSIN,82414688.0,0.3534483600243967,,2026-09-21T08:08:28Z,yahoo_mcap|yahoo_ret
FMN,81470864.0,-0.009267644200153247,,2026-09-21T08:08:28Z,yahoo_mcap|yahoo_ret
HYPR,83216392.0,-0.4586206893716783,,2026-09-21T08:08:28Z,yahoo_mcap|yahoo_ret
APAC,82597280.0,0.03531789978393651,,2026-09-21T08:08:28Z,yahoo_mcap|yahoo_ret
IBIO,82313288.0,0.4883720349981835,,2026-09-21T08:08:28Z,yahoo_mcap|yahoo_ret
NDLS,80967576.0,1.7807375771709135,,2026-09-21T08:08:28Z,yahoo_mcap|yahoo_ret
WSTN,81717976.0,0.02527805776759018,,2026-09-21T08:08:28Z,yahoo_mcap|yahoo_ret
SERA,82252136.0,-0.3681817974926024,,2026-09-21T08:08:28Z,yahoo_mcap|yahoo_ret
AIRT,83591776.0,0.361440464505139,,2026-09-21T08:08:28Z,yahoo_mcap|yahoo_ret
ACH,68422112.0,-0.8301526670668217,,2026-09-21T08:08:28Z,yahoo_mcap|yahoo_ret
JFIN,76401136.0,-0.8672727238048207,,2026-09-21T08:08:28Z,yahoo_mcap|yahoo_ret
SRL,81080320.0,-0.06818179734103258,,2026-09-21T08:08:28Z,yahoo_mcap|yahoo_ret
BSAA,80654544.0,0.08565733664788988,,2026-09-21T08:08:28Z,yahoo_mcap|yahoo_ret
NEXM,79495408.0,-0.6141868619158013,,2026-09-21T08:08:28Z,yahoo_mcap|yahoo_ret
SRFM,86340776.0,-0.8448888858159384,,2026-09-21T08:08:28Z,yahoo_mcap|yahoo_ret
MAYS,78615424.0,0.026315789473684292,,2026-09-21T08:08:28Z,yahoo_mcap|yahoo_ret
FSEA,80727936.0,0.5000000416815713,,2026-09-21T08:08:28Z,yahoo_mcap|yahoo_ret
CVRX,80990448.0,-0.5760111674330199,,2026-09-21T08:08:28Z,yahoo_mcap|yahoo_ret
DTF,79785592.0,0.03611391270546371,,2026-09-21T08:08:28Z,yahoo_mcap|yahoo_ret
HNNA,82047776.0,-0.0030354413586144435,,2026-09-21T08:08:28Z,yahoo_mcap|yahoo_ret
VRCA,76445600.0,0.013667413349507385,,2026-09-21T08:08:28Z,yahoo_mcap|yahoo_ret
LNZA,74870008.0,-0.6725815675436722,,2026-09-21T08:08:28Z,yahoo_mcap|yahoo_ret
INTG,80000272.0,0.9698412853794256,,2026-09-21T08:08:28Z,yahoo_mcap|yahoo_ret
BARK,79765424.0,-0.48662793418405514,,2026-09-21T08:08:28Z,yahoo_mcap|yahoo_ret
CPHC,80860952.0,-0.026362714215802274,,2026-09-21T08:08:28Z,yahoo_mcap|yahoo_ret
ASRV,81330696.0,0.7193202346168042,,2026-09-21T08:08:28Z,yahoo_mcap|yahoo_ret
INCR,79670000.0,-0.27260276656992755,,2026-09-21T08:08:28Z,yahoo_mcap|yahoo_ret
AZI,79620080.0,-0.9890909086574208,,2026-09-21T08:08:28Z,yahoo_mcap|yahoo_ret
AMCI,80030360.0,-0.8490991085808863,,2026-09-21T08:08:28Z,yahoo_mcap|yahoo_ret
BLNK,86847280.0,-0.6059210627445555,,2026-09-21T08:08:28Z,yahoo_mcap|yahoo_ret
FATN,80956120.0,-0.35545559080014344,,2026-09-21T08:08:28Z,yahoo_mcap|yahoo_ret
VGI,78739136.0,-0.008036330056458874,,2026-09-21T08:08:28Z,yahoo_mcap|yahoo_ret
LINK,81602656.0,-0.24342749984834766,,2026-09-21T08:08:28Z,yahoo_mcap|yahoo_ret
AFCG,77067832.0,-0.16805321928638772,,2026-09-21T08:08:28Z,yahoo_mcap|yahoo_ret
ANTA,79487480.0,-0.7173356163965201,,2026-09-21T08:08:28Z,yahoo_mcap|yahoo_ret
SSEA,78954920.0,0.04128900652685852,,2026-09-21T08:08:28Z,yahoo_mcap|yahoo_ret
BSEM,84521176.0,-0.08139536602982411,,2026-09-21T08:08:28Z,yahoo_mcap|yahoo_ret
LFVN,79548656.0,-0.38407212465716045,,2026-09-21T08:08:28Z,yahoo_mcap|yahoo_ret
CRT,76500000.0,0.7860996023161653,,2026-09-21T08:08:28Z,yahoo_mcap|yahoo_ret
GCL,76690016.0,-0.7781481605432976,,2026-09-21T08:08:28Z,yahoo_mcap|yahoo_ret
TYGO,74846696.0,-0.5243902212094149,,2026-09-21T08:08:28Z,yahoo_mcap|yahoo_ret
CPSH,77459160.0,0.16521736967090428,,2026-09-21T08:08:28Z,yahoo_mcap|yahoo_ret
WBX,72764768.0,-0.2788461273943874,,2026-09-21T08:08:28Z,yahoo_mcap|yahoo_ret
WTG,77618848.0,0.05168980938364287,,2026-09-21T08:08:28Z,yahoo_mcap|yahoo_ret
SSTI,73453944.0,-0.545602602195175,,2026-09-21T08:08:28Z,yahoo_mcap|yahoo_ret
PMVP,80187088.0,0.14503821795390248,,2026-09-21T08:08:28Z,yahoo_mcap|yahoo_ret
UPXI,97701944.0,-0.8191489253771579,,2026-09-21T08:08:28Z,yahoo_mcap|yahoo_ret
ATGL,79020000.0,-0.8356164361191727,,2026-09-21T08:08:28Z,yahoo_mcap|yahoo_ret
TELO,84593200.0,-0.19607840387328912,,2026-09-21T08:08:28Z,yahoo_mcap|yahoo_ret
CSPI,76108872.0,-0.42550563021606735,,2026-09-21T08:08:28Z,yahoo_mcap|yahoo_ret
GANX,76812768.0,0.11392401434102806,,2026-09-21T08:08:28Z,yahoo_mcap|yahoo_ret
QXL,73883608.0,0.9856630959140011,,2026-09-21T08:08:28Z,yahoo_mcap|yahoo_ret
SCOR,75314256.0,-0.23692307105431187,,2026-09-21T08:08:28Z,yahoo_mcap|yahoo_ret
KLRS,76175936.0,-0.2951541685965968,,2026-09-21T08:08:28Z,yahoo_mcap|yahoo_ret
NVX,71965216.0,-0.7763565832731434,,2026-09-21T08:08:28Z,yahoo_mcap|yahoo_ret
SUIG,96003592.0,-0.7165532781744813,,2026-09-21T08:08:28Z,yahoo_mcap|yahoo_ret
YARW,78196864.0,2.4138133830882986,,2026-09-21T08:08:28Z,yahoo_mcap|yahoo_ret
SWZ,76545784.0,-0.03594767880809413,,2026-09-21T08:08:28Z,yahoo_mcap|yahoo_ret
SAMG,73681184.0,-0.36695219955518166,,2026-09-21T08:08:28Z,yahoo_mcap|yahoo_ret
CNTB,80607112.0,-0.18471342125714163,,2026-09-21T08:08:28Z,yahoo_mcap|yahoo_ret
RNXT,76268872.0,0.27067669375107606,,2026-09-21T08:08:28Z,yahoo_mcap|yahoo_ret
EGG,72253416.0,-0.5392857200637157,,2026-09-21T08:08:28Z,yahoo_mcap|yahoo_ret
NBRG,76141664.0,0.01816350231557129,,2026-09-21T08:08:28Z,yahoo_mcap|yahoo_ret
ISPR,75658352.0,-0.5287769941505973,,2026-09-21T08:08:28Z,yahoo_mcap|yahoo_ret
FLX,58803760.0,-0.7495327070178842,,2026-09-21T08:08:28Z,yahoo_mcap|yahoo_ret
GECC,75699136.0,-0.42508055024567737,,2026-09-21T08:08:28Z,yahoo_mcap|yahoo_ret
BPAC,75250600.0,0.028254262087028303,,2026-09-21T08:08:28Z,yahoo_mcap|yahoo_ret
IOR,69125024.0,-0.10526315789473684,,2026-09-21T08:08:28Z,yahoo_mcap|yahoo_ret
FSI,74335944.0,-0.417417386886491,,2026-09-21T08:08:28Z,yahoo_mcap|yahoo_ret
AEC,71819912.0,-0.49224261958322413,,2026-09-21T08:08:28Z,yahoo_mcap|yahoo_ret
ZONE,68183864.0,-0.9403508732028284,,2026-09-21T08:08:28Z,yahoo_mcap|yahoo_ret
SPWR,66209508.0,-0.799367093000823,,2026-09-21T08:08:28Z,yahoo_mcap|yahoo_ret
PXS,75360472.0,1.5644600790918362,,2026-09-21T08:08:28Z,yahoo_mcap|yahoo_ret
PSIG,63830412.0,0.013183568909427068,,2026-09-21T08:08:28Z,yahoo_mcap|yahoo_ret
NTIC,71664608.0,-0.01966787890180255,,2026-09-21T08:08:28Z,yahoo_mcap|yahoo_ret
NSTS,73859024.0,0.1945624360908591,,2026-09-21T08:08:28Z,yahoo_mcap|yahoo_ret
BTCS,83955104.0,-0.6615278229742922,,2026-09-21T08:08:28Z,yahoo_mcap|yahoo_ret
GLV,73589424.0,0.11868095056087813,,2026-09-21T08:08:28Z,yahoo_mcap|yahoo_ret
CING,76199168.0,0.48022593999556573,,2026-09-21T08:08:28Z,yahoo_mcap|yahoo_ret
EEA,72838496.0,0.04755575308450766,,2026-09-21T08:08:28Z,yahoo_mcap|yahoo_ret
ACRV,79278720.0,0.13496934310049902,,2026-09-21T08:08:28Z,yahoo_mcap|yahoo_ret
YIBO,66934668.0,-0.19285713251756142,,2026-09-21T08:08:28Z,yahoo_mcap|yahoo_ret
HFBL,80655376.0,1.0263706098826804,,2026-09-21T08:08:28Z,yahoo_mcap|yahoo_ret
OPXS,73078664.0,-0.16864608829302496,,2026-09-21T08:08:28Z,yahoo_mcap|yahoo_ret
GOSS,65628872.0,-0.956024592040015,,2026-09-21T08:08:28Z,yahoo_mcap|yahoo_ret
SGLD,71482912.0,-0.18700783927809106,,2026-09-21T08:08:28Z,yahoo_mcap|yahoo_ret
CLST,73011616.0,0.3923077216515174,,2026-09-21T08:08:28Z,yahoo_mcap|yahoo_ret
RANG,72539696.0,0.055555524571985204,,2026-09-21T08:08:28Z,yahoo_mcap|yahoo_ret
AIFC,71470440.0,-0.8692307748738124,,2026-09-21T08:08:28Z,yahoo_mcap|yahoo_ret
CEV,69913736.0,0.0509792513463887,,2026-09-21T08:08:28Z,yahoo_mcap|yahoo_ret
NAMM,78193368.0,-0.5317725847181346,,2026-09-21T08:08:28Z,yahoo_mcap|yahoo_ret
NFE,69809112.0,4.222222527887078,,2026-09-21T08:08:28Z,yahoo_mcap|yahoo_ret
AUC,96223768.0,0.04831464310183753,,2026-09-21T08:08:28Z,yahoo_mcap|yahoo_ret
JRSH,71627656.0,0.7811645215677463,,2026-09-21T08:08:28Z,yahoo_mcap|yahoo_ret
WWR,68820760.0,-0.2702702506778014,,2026-09-21T08:08:28Z,yahoo_mcap|yahoo_ret
LGO,66624568.0,-0.6428571662498599,,2026-09-21T08:08:28Z,yahoo_mcap|yahoo_ret
BATL,68738592.0,0.15384624201870856,,2026-09-21T08:08:28Z,yahoo_mcap|yahoo_ret
FVN,72518400.0,-0.0822179401090708,,2026-09-21T08:08:28Z,yahoo_mcap|yahoo_ret
SOTK,72611256.0,0.1079136213505949,,2026-09-21T08:08:28Z,yahoo_mcap|yahoo_ret
ATHE,71194720.0,-0.12723212741429413,,2026-09-21T08:08:28Z,yahoo_mcap|yahoo_ret
PLRX,68733304.0,-0.22377618530092724,,2026-09-21T08:08:28Z,yahoo_mcap|yahoo_ret
RSSS,69888720.0,-0.43442626101114357,,2026-09-21T08:08:28Z,yahoo_mcap|yahoo_ret
COE,71006464.0,-0.7364548473364056,,2026-09-21T08:08:28Z,yahoo_mcap|yahoo_ret
VHUB,66211972.0,-0.8940809970293491,,2026-09-21T08:08:28Z,yahoo_mcap|yahoo_ret
PCLA,66815944.0,-0.5329301239372828,,2026-09-21T08:08:28Z,yahoo_mcap|yahoo_ret
PRTS,69001360.0,0.1513513983732766,,2026-09-21T08:08:28Z,yahoo_mcap|yahoo_ret
DRIO,70556264.0,0.09090907777308077,,2026-09-21T08:08:28Z,yahoo_mcap|yahoo_ret
MB,69306200.0,-0.5873340165888676,,2026-09-21T08:08:28Z,yahoo_mcap|yahoo_ret
GNSS,69679272.0,-0.3880000114440918,,2026-09-21T08:08:28Z,yahoo_mcap|yahoo_ret
UEIC,66873472.0,0.18958504493041395,,2026-09-21T08:08:28Z,yahoo_mcap|yahoo_ret
OCCI,68731416.0,-0.47822590008650634,,2026-09-21T08:08:28Z,yahoo_mcap|yahoo_ret
TENX,71105440.0,-0.7035881401892352,,2026-09-21T08:08:28Z,yahoo_mcap|yahoo_ret
CVU,67706144.0,1.0039216584583666,,2026-09-21T08:08:28Z,yahoo_mcap|yahoo_ret
OKYO,71372160.0,-0.3131313125231645,,2026-09-21T08:08:28Z,yahoo_mcap|yahoo_ret
WKEY,69969944.0,-0.08823532016957691,,2026-09-21T08:08:28Z,yahoo_mcap|yahoo_ret
GDHG,67819624.0,-0.8527131757873173,,2026-09-21T08:08:28Z,yahoo_mcap|yahoo_ret
CSBR,73768416.0,-0.19330288397928075,,2026-09-21T08:08:28Z,yahoo_mcap|yahoo_ret
ROLR,68050864.0,1.043046395782107,,2026-09-21T08:08:28Z,yahoo_mcap|yahoo_ret
AISP,66123952.0,-0.6723549635939721,,2026-09-21T08:08:28Z,yahoo_mcap|yahoo_ret
AIRG,67815424.0,0.2441859691448669,,2026-09-21T08:08:28Z,yahoo_mcap|yahoo_ret
PODC,71396360.0,0.29670320169287656,,2026-09-21T08:08:28Z,yahoo_mcap|yahoo_ret
FLL,69624512.0,-0.44927537684129115,,2026-09-21T08:08:28Z,yahoo_mcap|yahoo_ret
AMTD,69758760.0,-0.4473684281287664,,2026-09-21T08:08:28Z,yahoo_mcap|yahoo_ret
DXR,66847664.0,-0.03619531153481115,,2026-09-21T08:08:28Z,yahoo_mcap|yahoo_ret
NMAD,66006608.0,-0.33761467496590836,,2026-09-21T08:08:28Z,yahoo_mcap|yahoo_ret
DMA,66955392.0,-0.040949998983754066,,2026-09-21T08:08:28Z,yahoo_mcap|yahoo_ret
INSG,67222800.0,-0.6920208679019535,,2026-09-21T08:08:28Z,yahoo_mcap|yahoo_ret
NMS,65378540.0,-0.08712542117752775,,2026-09-21T08:08:28Z,yahoo_mcap|yahoo_ret
YTRA,67189680.0,-0.32258065508506084,,2026-09-21T08:08:28Z,yahoo_mcap|yahoo_ret
IPWR,66231664.0,-0.3958020744060411,,2026-09-21T08:08:28Z,yahoo_mcap|yahoo_ret
RNTX,69013624.0,-0.33884298619852027,,2026-09-21T08:08:28Z,yahoo_mcap|yahoo_ret
XBIT,66768136.0,-0.19485292860844983,,2026-09-21T08:08:28Z,yahoo_mcap|yahoo_ret
WSHP,63624032.0,-0.8202581928865553,,2026-09-21T08:08:28Z,yahoo_mcap|yahoo_ret
ZKIN,64962172.0,-0.5427350035472407,,2026-09-21T08:08:28Z,yahoo_mcap|yahoo_ret
CAST,65186056.0,-0.8499452368460059,,2026-09-21T08:08:28Z,yahoo_mcap|yahoo_ret
MDXH,60112952.0,-0.8478260832007154,,2026-09-21T08:08:28Z,yahoo_mcap|yahoo_ret
GEOS,65971576.0,-0.7383273491777996,,2026-09-21T08:08:28Z,yahoo_mcap|yahoo_ret
APLM,68268480.0,0.27054735306105493,,2026-09-21T08:08:28Z,yahoo_mcap|yahoo_ret
ALPS,66560128.0,-0.8437499941792338,,2026-09-21T08:08:28Z,yahoo_mcap|yahoo_ret
SPRO,65805356.0,-0.4350000023841858,,2026-09-21T08:08:28Z,yahoo_mcap|yahoo_ret
LONA,63973092.0,0.7545220058506812,,2026-09-21T08:08:28Z,yahoo_mcap|yahoo_ret
USIO,67534128.0,0.6690140543559118,,2026-09-21T08:08:28Z,yahoo_mcap|yahoo_ret
ZEPP,63352720.0,-0.9099999964237213,,2026-09-21T08:08:28Z,yahoo_mcap|yahoo_ret
MOB,64852972.0,-0.37854498456070595,,2026-09-21T08:08:28Z,yahoo_mcap|yahoo_ret
AVD,64016372.0,-0.598148141116599,,2026-09-21T08:08:28Z,yahoo_mcap|yahoo_ret
ASPS,65437780.0,-0.48930482328848823,,2026-09-21T08:08:28Z,yahoo_mcap|yahoo_ret
UAVS,64163816.0,-0.4925373205144006,,2026-09-21T08:08:28Z,yahoo_mcap|yahoo_ret
GEG,63927036.0,-0.20955879678208555,,2026-09-21T08:08:28Z,yahoo_mcap|yahoo_ret
ZYBT,64926184.0,-0.8515709563690362,,2026-09-21T08:08:28Z,yahoo_mcap|yahoo_ret
PEW,63453896.0,-0.6112115707420664,,2026-09-21T08:08:28Z,yahoo_mcap|yahoo_ret
WATT,67485536.0,0.6002621041954794,,2026-09-21T08:08:28Z,yahoo_mcap|yahoo_ret
PDSB,58377972.0,-0.23238092297058666,,2026-09-21T08:08:28Z,yahoo_mcap|yahoo_ret
FRMM,61507096.0,-0.815810277156612,,2026-09-21T08:08:28Z,yahoo_mcap|yahoo_ret
RENT,63109464.0,-0.625,,2026-09-21T08:08:28Z,yahoo_mcap|yahoo_ret
BOLD,63921832.0,1.464912261438942,,2026-09-21T08:08:28Z,yahoo_mcap|yahoo_ret
PCM,62933912.0,-0.13690089739062672,,2026-09-21T08:08:28Z,yahoo_mcap|yahoo_ret
AIFU,66427164.0,-0.9131007748980855,,2026-09-21T08:08:28Z,yahoo_mcap|yahoo_ret
NPT,64336504.0,-0.4093685976597492,,2026-09-21T08:08:28Z,yahoo_mcap|yahoo_ret
WNW,61613304.0,-0.9883000004291534,,2026-09-21T08:08:28Z,yahoo_mcap|yahoo_ret
ELOX,59963680.0,0.5849228338037606,,2026-09-21T08:08:28Z,yahoo_mcap|yahoo_ret
PDCC,60408796.0,-0.3790875396368819,,2026-09-21T08:08:28Z,yahoo_mcap|yahoo_ret
PGZ,61786632.0,0.00016028017511970916,,2026-09-21T08:08:28Z,yahoo_mcap|yahoo_ret
IBO,63614524.0,-0.1297935147330732,,2026-09-21T08:08:28Z,yahoo_mcap|yahoo_ret
INVE,60831736.0,-0.3252688249572465,,2026-09-21T08:08:28Z,yahoo_mcap|yahoo_ret
SPCB,61171600.0,-0.17106384926653928,,2026-09-21T08:08:28Z,yahoo_mcap|yahoo_ret
WFCF,54925680.0,-0.16628872905412517,,2026-09-21T08:08:28Z,yahoo_mcap|yahoo_ret
PVL,61380000.0,0.09343345417100202,,2026-09-21T08:08:28Z,yahoo_mcap|yahoo_ret
HOUR,62303680.0,-0.4290322466521801,,2026-09-21T08:08:28Z,yahoo_mcap|yahoo_ret
GRSD,56955944.0,-0.8062954019968046,,2026-09-21T08:08:28Z,yahoo_mcap|yahoo_ret
BIYA,60901196.0,-0.9857999992370605,,2026-09-21T08:08:28Z,yahoo_mcap|yahoo_ret
TLPH,60210720.0,0.3647058048050318,,2026-09-21T08:08:28Z,yahoo_mcap|yahoo_ret
TTEC,60141048.0,-0.6737967846258521,,2026-09-21T08:08:28Z,yahoo_mcap|yahoo_ret
SOWG,48842740.0,-0.836363636071725,,2026-09-21T08:08:28Z,yahoo_mcap|yahoo_ret
VGAS,56132524.0,-0.5855263137256009,,2026-09-21T08:08:28Z,yahoo_mcap|yahoo_ret
LITB,58785216.0,0.4974874395941373,,2026-09-21T08:08:28Z,yahoo_mcap|yahoo_ret
INMB,64666324.0,0.22631576470721093,,2026-09-21T08:08:28Z,yahoo_mcap|yahoo_ret
NCTY,60481572.0,-0.6004036226921755,,2026-09-21T08:08:28Z,yahoo_mcap|yahoo_ret
BOF,60648704.0,0.6504424932802355,,2026-09-21T08:08:28Z,yahoo_mcap|yahoo_ret
IH,59960500.0,-0.5624742827105025,,2026-09-21T08:08:28Z,yahoo_mcap|yahoo_ret
HYFT,64071868.0,-0.2138728327682492,,2026-09-21T08:08:28Z,yahoo_mcap|yahoo_ret
NNOX,57691920.0,-0.8151133446120735,,2026-09-21T08:08:28Z,yahoo_mcap|yahoo_ret
MCHX,55865740.0,-0.343749990298723,,2026-09-21T08:08:28Z,yahoo_mcap|yahoo_ret
ELBM,59562432.0,-0.47850467216834225,,2026-09-21T08:08:28Z,yahoo_mcap|yahoo_ret
REKR,59858112.0,-0.7569832337125476,,2026-09-21T08:08:28Z,yahoo_mcap|yahoo_ret
CAPN,59702560.0,0.07421500627828026,,2026-09-21T08:08:28Z,yahoo_mcap|yahoo_ret
DOMH,59396932.0,-0.5493761193192084,,2026-09-21T08:08:28Z,yahoo_mcap|yahoo_ret
IMA,55619496.0,-0.4072727434562914,,2026-09-21T08:08:28Z,yahoo_mcap|yahoo_ret
MYPS,56649244.0,-0.5256281401014657,,2026-09-21T08:08:28Z,yahoo_mcap|yahoo_ret
HRTX,58797260.0,-0.7479674816446773,,2026-09-21T08:08:28Z,yahoo_mcap|yahoo_ret
DWTX,57447416.0,-0.662674654688061,,2026-09-21T08:08:28Z,yahoo_mcap|yahoo_ret
INKT,61491176.0,-0.20145791458667917,,2026-09-21T08:08:28Z,yahoo_mcap|yahoo_ret
SLSN,56771968.0,-0.7687861262714394,,2026-09-21T08:08:28Z,yahoo_mcap|yahoo_ret
ICG,56650436.0,-0.5048128359972784,,2026-09-21T08:08:28Z,yahoo_mcap|yahoo_ret
QTEX,59026040.0,-0.29032258994869575,,2026-09-21T08:08:28Z,yahoo_mcap|yahoo_ret
COPR,57023856.0,-0.224096396478483,,2026-09-21T08:08:28Z,yahoo_mcap|yahoo_ret
XLO,60076796.0,-0.1639194092808579,,2026-09-21T08:08:28Z,yahoo_mcap|yahoo_ret
OM,59211068.0,-0.7778561334573693,,2026-09-21T08:08:28Z,yahoo_mcap|yahoo_ret
SCWO,55457844.0,0.009677487332666601,,2026-09-21T08:08:28Z,yahoo_mcap|yahoo_ret
MXE,57928752.0,0.1395355131511089,,2026-09-21T08:08:28Z,yahoo_mcap|yahoo_ret
AURE,54896000.0,-0.7525423704156654,,2026-09-21T08:08:28Z,yahoo_mcap|yahoo_ret
CTM,57750240.0,-0.4199999477749755,,2026-09-21T08:08:28Z,yahoo_mcap|yahoo_ret
XPL,58874800.0,-0.20512816985918325,,2026-09-21T08:08:28Z,yahoo_mcap|yahoo_ret
TELA,56429260.0,-0.22839506399956733,,2026-09-21T08:08:28Z,yahoo_mcap|yahoo_ret
JZXN,57179164.0,-0.9740654197642142,,2026-09-21T08:08:28Z,yahoo_mcap|yahoo_ret
SKIL,56331748.0,-0.5671328689050625,,2026-09-21T08:08:28Z,yahoo_mcap|yahoo_ret
TZOO,57541180.0,-0.44760040691349423,,2026-09-21T08:08:28Z,yahoo_mcap|yahoo_ret
ODYS,55630852.0,-0.16202534105777333,,2026-09-21T08:08:28Z,yahoo_mcap|yahoo_ret
CRGO,58322304.0,-0.6532507745651224,,2026-09-21T08:08:28Z,yahoo_mcap|yahoo_ret
SKYA,73304520.0,-0.7922794014524834,,2026-09-21T08:08:28Z,yahoo_mcap|yahoo_ret
WATR,57815336.0,-0.8168316877258721,,2026-09-21T08:08:28Z,yahoo_mcap|yahoo_ret
APWC,55251492.0,-0.3936651537335917,,2026-09-21T08:08:28Z,yahoo_mcap|yahoo_ret
ELTK,53766616.0,-0.23809523809523814,,2026-09-21T08:08:28Z,yahoo_mcap|yahoo_ret
SELF,57449744.0,0.05330176692346833,,2026-09-21T08:08:28Z,yahoo_mcap|yahoo_ret
EXOZ,59725544.0,-0.5552868124375737,,2026-09-21T08:08:28Z,yahoo_mcap|yahoo_ret
SGA,56522516.0,-0.21005136533281543,,2026-09-21T08:08:28Z,yahoo_mcap|yahoo_ret
LIDR,56006604.0,-0.5488721770815398,,2026-09-21T08:08:28Z,yahoo_mcap|yahoo_ret
SER,57151064.0,-0.5526839152784592,,2026-09-21T08:08:28Z,yahoo_mcap|yahoo_ret
LFS,57030152.0,-0.29903532466516947,,2026-09-21T08:08:28Z,yahoo_mcap|yahoo_ret
RPID,56178704.0,-0.6676557736492137,,2026-09-21T08:08:28Z,yahoo_mcap|yahoo_ret
DLHC,56667768.0,-0.30303030431814715,,2026-09-21T08:08:28Z,yahoo_mcap|yahoo_ret
NCEW,56192000.0,2.416666556287694,,2026-09-21T08:08:28Z,yahoo_mcap|yahoo_ret
CLNN,61830816.0,-0.3192488269917597,,2026-09-21T08:08:28Z,yahoo_mcap|yahoo_ret
CIRC,52272520.0,-0.9006521746003561,,2026-09-21T08:08:28Z,yahoo_mcap|yahoo_ret
ZOOZ,59831772.0,-0.850600004196167,,2026-09-21T08:08:28Z,yahoo_mcap|yahoo_ret
STI,57971972.0,0.4967032213859466,,2026-09-21T08:08:28Z,yahoo_mcap|yahoo_ret
FTEK,54941548.0,-0.44654089512079387,,2026-09-21T08:08:28Z,yahoo_mcap|yahoo_ret
MVIS,50777492.0,-0.9142118897211456,,2026-09-21T08:08:28Z,yahoo_mcap|yahoo_ret
SORA,55198080.0,-0.6028622597474385,,2026-09-21T08:08:28Z,yahoo_mcap|yahoo_ret
KNDI,52276244.0,-0.6119403224077429,,2026-09-21T08:08:28Z,yahoo_mcap|yahoo_ret
FTFT,44426208.0,-0.9580792673175921,,2026-09-21T08:08:28Z,yahoo_mcap|yahoo_ret
BAER,55620116.0,-0.48021980620369054,,2026-09-21T08:08:28Z,yahoo_mcap|yahoo_ret
OFS,48367064.0,-0.4815473719035068,,2026-09-21T08:08:28Z,yahoo_mcap|yahoo_ret
GGR,56607496.0,-0.5661538564241849,,2026-09-21T08:08:28Z,yahoo_mcap|yahoo_ret
BGSF,52864836.0,-0.04156105981210323,,2026-09-21T08:08:28Z,yahoo_mcap|yahoo_ret
TPCS,54719612.0,-0.005524812876535612,,2026-09-21T08:08:28Z,yahoo_mcap|yahoo_ret
GENK,56039852.0,-0.4462540440878676,,2026-09-21T08:08:28Z,yahoo_mcap|yahoo_ret
IBAC,58295788.0,0.101229960207329,,2026-09-21T08:08:28Z,yahoo_mcap|yahoo_ret
ACFN,56295996.0,-0.22881945580428065,,2026-09-21T08:08:28Z,yahoo_mcap|yahoo_ret
TREO,54584260.0,-0.4407252181014566,,2026-09-21T08:08:28Z,yahoo_mcap|yahoo_ret
TOUR,54970608.0,-0.3313931516431593,,2026-09-21T08:08:28Z,yahoo_mcap|yahoo_ret
NXB,56571516.0,-0.4078947294121633,,2026-09-21T08:08:28Z,yahoo_mcap|yahoo_ret
FBDT,48804176.0,-0.7879518132508103,,2026-09-21T08:08:28Z,yahoo_mcap|yahoo_ret
COCH,55109220.0,-0.4549618184458821,,2026-09-21T08:08:28Z,yahoo_mcap|yahoo_ret
HIT,56972248.0,-0.7573816120563032,,2026-09-21T08:08:28Z,yahoo_mcap|yahoo_ret
INV,50564520.0,-0.9058267718161451,,2026-09-21T08:08:28Z,yahoo_mcap|yahoo_ret
APT,52153776.0,0.0895522539807514,,2026-09-21T08:08:28Z,yahoo_mcap|yahoo_ret
CCIF,52784568.0,-0.4400819862147528,,2026-09-21T08:08:28Z,yahoo_mcap|yahoo_ret
HYPD,60914584.0,-0.652482254513192,,2026-09-21T08:08:28Z,yahoo_mcap|yahoo_ret
LASE,54111872.0,-0.7876190333193386,,2026-09-21T08:08:28Z,yahoo_mcap|yahoo_ret
TACT,52654800.0,0.055900618052048046,,2026-09-21T08:08:28Z,yahoo_mcap|yahoo_ret
EUDA,52760008.0,-0.2271929197877891,,2026-09-21T08:08:28Z,yahoo_mcap|yahoo_ret
JMM,53310880.0,-0.06869107375645611,,2026-09-21T08:08:28Z,yahoo_mcap|yahoo_ret
SDA,49637756.0,-0.8119691101564753,,2026-09-21T08:08:28Z,yahoo_mcap|yahoo_ret
NTWK,51662400.0,-0.04814010038621719,,2026-09-21T08:08:28Z,yahoo_mcap|yahoo_ret
STKS,52286888.0,-0.331983823058281,,2026-09-21T08:08:28Z,yahoo_mcap|yahoo_ret
FNUC,60310400.0,-0.5942028981334129,,2026-09-21T08:08:28Z,yahoo_mcap|yahoo_ret
AGIG,54304896.0,-0.8133535674364946,,2026-09-21T08:08:28Z,yahoo_mcap|yahoo_ret
MYO,58619628.0,0.7011494378870962,,2026-09-21T08:08:28Z,yahoo_mcap|yahoo_ret
VRM,50302160.0,-0.6500364174406965,,2026-09-21T08:08:28Z,yahoo_mcap|yahoo_ret
BRID,52101012.0,-0.2869565670663451,,2026-09-21T08:08:28Z,yahoo_mcap|yahoo_ret
GLND,52476232.0,-0.8490565941542282,,2026-09-21T08:08:28Z,yahoo_mcap|yahoo_ret
NAAS,51507192.0,-0.26341462166517815,,2026-09-21T08:08:28Z,yahoo_mcap|yahoo_ret
SRTS,50209280.0,-0.01929258675350931,,2026-09-21T08:08:28Z,yahoo_mcap|yahoo_ret
MDAI,52783280.0,-0.3195021048600488,,2026-09-21T08:08:28Z,yahoo_mcap|yahoo_ret
BNAI,54623180.0,1.4026403559565814,,2026-09-21T08:08:28Z,yahoo_mcap|yahoo_ret
CNVS,50395340.0,-0.3595166398163644,,2026-09-21T08:08:28Z,yahoo_mcap|yahoo_ret
TC,51260512.0,-0.8666666644818458,,2026-09-21T08:08:28Z,yahoo_mcap|yahoo_ret
HAIN,50988572.0,-0.6339869197020236,,2026-09-21T08:08:28Z,yahoo_mcap|yahoo_ret
MKTW,50994904.0,0.2200454501545719,,2026-09-21T08:08:28Z,yahoo_mcap|yahoo_ret
DSWL,50515060.0,-0.131943211501505,,2026-09-21T08:08:28Z,yahoo_mcap|yahoo_ret
BKHA,49801388.0,0.08018012243803141,,2026-09-21T08:08:28Z,yahoo_mcap|yahoo_ret
RSF,49714528.0,0.09549624662950906,,2026-09-21T08:08:28Z,yahoo_mcap|yahoo_ret
VHC,50599596.0,-0.31467733619976634,,2026-09-21T08:08:28Z,yahoo_mcap|yahoo_ret
SFWL,45532024.0,6.137069414235337,,2026-09-21T08:08:28Z,yahoo_mcap|yahoo_ret
TEAD,48591288.0,-0.704761900369272,,2026-09-21T08:08:28Z,yahoo_mcap|yahoo_ret
KBSX,48794944.0,-0.2684563581194247,,2026-09-21T08:08:28Z,yahoo_mcap|yahoo_ret
TIL,48084216.0,-0.6442548899135425,,2026-09-21T08:08:28Z,yahoo_mcap|yahoo_ret
TVGN,50855128.0,-0.7939314082231181,,2026-09-21T08:08:28Z,yahoo_mcap|yahoo_ret
TCBS,48836360.0,0.000997302790111787,,2026-09-21T08:08:28Z,yahoo_mcap|yahoo_ret
ELTX,49672756.0,-0.8330388660205494,,2026-09-21T08:08:28Z,yahoo_mcap|yahoo_ret
ANVS,48654128.0,-0.5086206816818992,,2026-09-21T08:08:28Z,yahoo_mcap|yahoo_ret
KG,45848816.0,-0.7983482367099771,,2026-09-21T08:08:28Z,yahoo_mcap|yahoo_ret
IDN,47626848.0,-0.5656192290362636,,2026-09-21T08:08:28Z,yahoo_mcap|yahoo_ret
SOGP,49051576.0,-0.3878206633488158,,2026-09-21T08:08:28Z,yahoo_mcap|yahoo_ret
COLA,48090496.0,0.04799214194783641,,2026-09-21T08:08:28Z,yahoo_mcap|yahoo_ret
POCI,48814116.0,0.025287387569194797,,2026-09-21T08:08:28Z,yahoo_mcap|yahoo_ret
HGBL,46416856.0,-0.20238090760988847,,2026-09-21T08:08:28Z,yahoo_mcap|yahoo_ret
ELWT,46272372.0,-0.02916667273751028,,2026-09-21T08:08:28Z,yahoo_mcap|yahoo_ret
RYM,48161960.0,-0.438486596514852,,2026-09-21T08:08:28Z,yahoo_mcap|yahoo_ret
SAIH,47438880.0,1.3916266048645167,,2026-09-21T08:08:28Z,yahoo_mcap|yahoo_ret
PRPO,47368372.0,0.5853803617608266,,2026-09-21T08:08:28Z,yahoo_mcap|yahoo_ret
YHNA,47358324.0,0.05539636188286812,,2026-09-21T08:08:28Z,yahoo_mcap|yahoo_ret
SNSC,46863000.0,-0.5993485192769191,,2026-09-21T08:08:28Z,yahoo_mcap|yahoo_ret
SEAT,44402720.0,-0.7548106829278689,,2026-09-21T08:08:28Z,yahoo_mcap|yahoo_ret
HOWL,46898096.0,-0.3523490150352515,,2026-09-21T08:08:28Z,yahoo_mcap|yahoo_ret
CATO,49978988.0,-0.42694065641967593,,2026-09-21T08:08:28Z,yahoo_mcap|yahoo_ret
KFFB,46983820.0,0.702707125419058,,2026-09-21T08:08:28Z,yahoo_mcap|yahoo_ret
IMMP,42398960.0,-0.8198757831809614,,2026-09-21T08:08:28Z,yahoo_mcap|yahoo_ret
NWGL,37797644.0,-0.1324503635409675,,2026-09-21T08:08:28Z,yahoo_mcap|yahoo_ret
MREO,48386368.0,-0.8258620681386593,,2026-09-21T08:08:28Z,yahoo_mcap|yahoo_ret
MATH,48013364.0,-0.7225274831441673,,2026-09-21T08:08:28Z,yahoo_mcap|yahoo_ret
RDI,45093552.0,0.2468354272796569,,2026-09-21T08:08:28Z,yahoo_mcap|yahoo_ret
CULP,46229228.0,-0.14988287338275985,,2026-09-21T08:08:28Z,yahoo_mcap|yahoo_ret
AIOS,45813600.0,-0.8163636319048992,,2026-09-21T08:08:28Z,yahoo_mcap|yahoo_ret
IZEA,45891912.0,-0.3541666569273454,,2026-09-21T08:08:28Z,yahoo_mcap|yahoo_ret
BTMD,46102968.0,-0.5696202603274287,,2026-09-21T08:08:28Z,yahoo_mcap|yahoo_ret
MBBC,46322408.0,0.4685115472856862,,2026-09-21T08:08:28Z,yahoo_mcap|yahoo_ret
NEPH,46807116.0,0.031100507124323995,,2026-09-21T08:08:28Z,yahoo_mcap|yahoo_ret
SACH,46036444.0,0.021845988987929443,,2026-09-21T08:08:28Z,yahoo_mcap|yahoo_ret
SQNS,43802256.0,-0.7032520293685165,,2026-09-21T08:08:28Z,yahoo_mcap|yahoo_ret
XTNT,44892148.0,-0.5076923006385032,,2026-09-21T08:08:28Z,yahoo_mcap|yahoo_ret
CMTL,44942148.0,-0.33333333333333337,,2026-09-21T08:08:28Z,yahoo_mcap|yahoo_ret
LVO,42369428.0,-0.40000002777692134,,2026-09-21T08:08:28Z,yahoo_mcap|yahoo_ret
PLCE,45363616.0,-0.6792452957503688,,2026-09-21T08:08:28Z,yahoo_mcap|yahoo_ret
BRAG,45818520.0,-0.4694244463950553,,2026-09-21T08:08:28Z,yahoo_mcap|yahoo_ret
SPWH,45795512.0,-0.6201298746537511,,2026-09-21T08:08:28Z,yahoo_mcap|yahoo_ret
PROP,48300108.0,-0.7711229935785717,,2026-09-21T08:08:28Z,yahoo_mcap|yahoo_ret
GRCE,44385812.0,-0.3193548516105791,,2026-09-21T08:08:28Z,yahoo_mcap|yahoo_ret
STEM,44379292.0,-0.7453038653947216,,2026-09-21T08:08:28Z,yahoo_mcap|yahoo_ret
INDO,44467968.0,0.014035158459685393,,2026-09-21T08:08:28Z,yahoo_mcap|yahoo_ret
LOAN,45016508.0,-0.19240871252353176,,2026-09-21T08:08:28Z,yahoo_mcap|yahoo_ret
QETA,44410816.0,0.05992844883767745,,2026-09-21T08:08:28Z,yahoo_mcap|yahoo_ret
GROV,44409088.0,-0.32026145013039,,2026-09-21T08:08:28Z,yahoo_mcap|yahoo_ret
STKE,47662440.0,-0.8029556621318332,,2026-09-21T08:08:28Z,yahoo_mcap|yahoo_ret
THCH,43249312.0,-0.47058821604463574,,2026-09-21T08:08:28Z,yahoo_mcap|yahoo_ret
OMEX,43742692.0,-0.5906593498364835,,2026-09-21T08:08:28Z,yahoo_mcap|yahoo_ret
PTLE,44910024.0,-0.5271163922298501,,2026-09-21T08:08:28Z,yahoo_mcap|yahoo_ret
GAME,42951196.0,-0.4293103734604943,,2026-09-21T08:08:28Z,yahoo_mcap|yahoo_ret
MGX,41554816.0,-0.4634146100350033,,2026-09-21T08:08:28Z,yahoo_mcap|yahoo_ret
GPMT,40583128.0,-0.6868989954540727,,2026-09-21T08:08:28Z,yahoo_mcap|yahoo_ret
RYOJ,42042000.0,0.6322870285967581,,2026-09-21T08:08:28Z,yahoo_mcap|yahoo_ret
SCYX,44375256.0,-0.5022321407189023,,2026-09-21T08:08:28Z,yahoo_mcap|yahoo_ret
ABLV,49704264.0,-0.052631592156154094,,2026-09-21T08:08:28Z,yahoo_mcap|yahoo_ret
BCHT,46298500.0,-0.5111111008090734,,2026-09-21T08:08:28Z,yahoo_mcap|yahoo_ret
IXHL,43550976.0,-0.7688888822283064,,2026-09-21T08:08:28Z,yahoo_mcap|yahoo_ret
GMHS,43837736.0,-0.46875003104408464,,2026-09-21T08:08:28Z,yahoo_mcap|yahoo_ret
DTSQ,41794996.0,0.09628219741840627,,2026-09-21T08:08:28Z,yahoo_mcap|yahoo_ret
SDEV,52640052.0,-0.827106240927893,,2026-09-21T08:08:28Z,yahoo_mcap|yahoo_ret
YSXT,45591972.0,-0.48928572432119033,,2026-09-21T08:08:28Z,yahoo_mcap|yahoo_ret
TGE,43149740.0,-0.6411290407863044,,2026-09-21T08:08:28Z,yahoo_mcap|yahoo_ret
DGNX,40199580.0,-0.9873161768701868,,2026-09-21T08:08:28Z,yahoo_mcap|yahoo_ret
PXLW,40772908.0,-0.37302327710528704,,2026-09-21T08:08:28Z,yahoo_mcap|yahoo_ret
LSF,42309100.0,-0.3803278638547032,,2026-09-21T08:08:28Z,yahoo_mcap|yahoo_ret
ATHR,45770340.0,-0.2723735201001247,,2026-09-21T08:08:28Z,yahoo_mcap|yahoo_ret
PHUN,40106844.0,-0.32413794010629526,,2026-09-21T08:08:28Z,yahoo_mcap|yahoo_ret
GRF,41027424.0,0.05267769163620217,,2026-09-21T08:08:28Z,yahoo_mcap|yahoo_ret
MCRB,40179124.0,-0.7707736489905919,,2026-09-21T08:08:28Z,yahoo_mcap|yahoo_ret
NSRX,41349740.0,-0.559465845948919,,2026-09-21T08:08:28Z,yahoo_mcap|yahoo_ret
ACCL,40175712.0,-0.2888888941216695,,2026-09-21T08:08:28Z,yahoo_mcap|yahoo_ret
ARBK,40245968.0,-0.9545304229362711,,2026-09-21T08:08:28Z,yahoo_mcap|yahoo_ret
VERU,41091272.0,-0.30547548531406843,,2026-09-21T08:08:28Z,yahoo_mcap|yahoo_ret
MAMO,41466060.0,-0.6635135205885717,,2026-09-21T08:08:28Z,yahoo_mcap|yahoo_ret
RAVE,40929316.0,-0.1999999470180921,,2026-09-21T08:08:28Z,yahoo_mcap|yahoo_ret
MLSS,36924012.0,-0.21153843949532292,,2026-09-21T08:08:28Z,yahoo_mcap|yahoo_ret
KPTI,42641144.0,-0.6524953700080172,,2026-09-21T08:08:28Z,yahoo_mcap|yahoo_ret
MGLD,45943888.0,-0.009345896432088385,,2026-09-21T08:08:28Z,yahoo_mcap|yahoo_ret
AXIL,41959488.0,-0.11127167231750845,,2026-09-21T08:08:28Z,yahoo_mcap|yahoo_ret
ZDGE,40120696.0,0.0511106260471097,,2026-09-21T08:08:28Z,yahoo_mcap|yahoo_ret
EDSA,39913868.0,0.6761132868549029,,2026-09-21T08:08:28Z,yahoo_mcap|yahoo_ret
NOEM,39691848.0,0.03725491387713031,,2026-09-21T08:08:28Z,yahoo_mcap|yahoo_ret
SYPR,39835728.0,-0.26068372541473883,,2026-09-21T08:08:28Z,yahoo_mcap|yahoo_ret
RMCO,39600768.0,0.12065558015615085,,2026-09-21T08:08:28Z,yahoo_mcap|yahoo_ret
FSHP,39580424.0,0.0605066104124059,,2026-09-21T08:08:28Z,yahoo_mcap|yahoo_ret
PAVM,38976996.0,-0.6999999927751945,,2026-09-21T08:08:28Z,yahoo_mcap|yahoo_ret
PN,41163728.0,-0.8234177260650233,,2026-09-21T08:08:28Z,yahoo_mcap|yahoo_ret
CRVO,36739404.0,-0.6880616073611415,,2026-09-21T08:08:28Z,yahoo_mcap|yahoo_ret
YOUL,38523256.0,-0.7200000014024621,,2026-09-21T08:08:28Z,yahoo_mcap|yahoo_ret
EHLD,38052468.0,1.0425693218567456,,2026-09-21T08:08:28Z,yahoo_mcap|yahoo_ret
AFJK,38312620.0,0.06890465615490626,,2026-09-21T08:08:28Z,yahoo_mcap|yahoo_ret
JG,37965888.0,-0.34126165095125804,,2026-09-21T08:08:28Z,yahoo_mcap|yahoo_ret
MLGO,37310580.0,-0.6854243507536666,,2026-09-21T08:08:28Z,yahoo_mcap|yahoo_ret
STRR,36303728.0,-0.14210985845627655,,2026-09-21T08:08:28Z,yahoo_mcap|yahoo_ret
QTI,38201328.0,-0.9326364700723232,,2026-09-21T08:08:28Z,yahoo_mcap|yahoo_ret
AHMA,39237000.0,-0.716129026799991,,2026-09-21T08:08:28Z,yahoo_mcap|yahoo_ret
SCLX,35455076.0,-0.7216561115410034,,2026-09-21T08:08:28Z,yahoo_mcap|yahoo_ret
STG,38316624.0,-0.6314496469940691,,2026-09-21T08:08:28Z,yahoo_mcap|yahoo_ret
VTIX,38727336.0,-0.9532595320121771,,2026-09-21T08:08:28Z,yahoo_mcap|yahoo_ret
PPSI,38958424.0,-0.21123592339144603,,2026-09-21T08:08:28Z,yahoo_mcap|yahoo_ret
HOLO,38034516.0,-0.6813819665130354,,2026-09-21T08:08:28Z,yahoo_mcap|yahoo_ret
MIND,36447112.0,-0.5091799031291022,,2026-09-21T08:08:28Z,yahoo_mcap|yahoo_ret
XBP,41347060.0,-0.6947368302173558,,2026-09-21T08:08:28Z,yahoo_mcap|yahoo_ret
DCGO,35535068.0,-0.7524138030540926,,2026-09-21T08:08:28Z,yahoo_mcap|yahoo_ret
AEI,31560078.0,-0.7662824256994614,,2026-09-21T08:08:28Z,yahoo_mcap|yahoo_ret
PLUT,37761000.0,-0.2755765612680766,,2026-09-21T08:08:28Z,yahoo_mcap|yahoo_ret
XOS,36824236.0,-0.0880281716744784,,2026-09-21T08:08:28Z,yahoo_mcap|yahoo_ret
ELUT,37645848.0,-0.22018348824525358,,2026-09-21T08:08:28Z,yahoo_mcap|yahoo_ret
YQ,36420400.0,-0.07843135765358711,,2026-09-21T08:08:28Z,yahoo_mcap|yahoo_ret
WAVE,36751620.0,-0.3086854988231301,,2026-09-21T08:08:28Z,yahoo_mcap|yahoo_ret
WPRT,36851724.0,-0.13392854957100087,,2026-09-21T08:08:28Z,yahoo_mcap|yahoo_ret
CELU,37919204.0,-0.40990994328967156,,2026-09-21T08:08:28Z,yahoo_mcap|yahoo_ret
FGNX,37962876.0,-0.795048139697473,,2026-09-21T08:08:28Z,yahoo_mcap|yahoo_ret
RIBB,38603532.0,-0.2487805064131574,,2026-09-21T08:08:28Z,yahoo_mcap|yahoo_ret
ATNM,38358552.0,-0.23270440062957498,,2026-09-21T08:08:28Z,yahoo_mcap|yahoo_ret
AERT,38182688.0,0.04117643016432515,,2026-09-21T08:08:28Z,yahoo_mcap|yahoo_ret
NSPR,35944220.0,-0.6857142996162434,,2026-09-21T08:08:28Z,yahoo_mcap|yahoo_ret
VIDA,38818108.0,-0.23015870162539032,,2026-09-21T08:08:28Z,yahoo_mcap|yahoo_ret
GROW,37632480.0,0.22839728550995853,,2026-09-21T08:08:28Z,yahoo_mcap|yahoo_ret
SNT,38030592.0,-0.6369710293268673,,2026-09-21T08:08:28Z,yahoo_mcap|yahoo_ret
HBIO,36190824.0,0.691489389764071,,2026-09-21T08:08:28Z,yahoo_mcap|yahoo_ret
XTIA,36661636.0,-0.40437500321306286,,2026-09-21T08:08:28Z,yahoo_mcap|yahoo_ret
BODI,35950172.0,-0.265624985586674,,2026-09-21T08:08:28Z,yahoo_mcap|yahoo_ret
AACG,36294932.0,-0.6571428745203043,,2026-09-21T08:08:28Z,yahoo_mcap|yahoo_ret
ATYR,35605736.0,-0.6340725691368827,,2026-09-21T08:08:28Z,yahoo_mcap|yahoo_ret
CREX,35709976.0,0.1282052144182928,,2026-09-21T08:08:28Z,yahoo_mcap|yahoo_ret
SNWV,39140508.0,-0.8695527508198919,,2026-09-21T08:08:28Z,yahoo_mcap|yahoo_ret
LITS,38448476.0,-0.5964285662587807,,2026-09-21T08:08:28Z,yahoo_mcap|yahoo_ret
GNTA,33809660.0,-0.7548951045744774,,2026-09-21T08:08:28Z,yahoo_mcap|yahoo_ret
MLCI,35244620.0,-0.5939483572928976,,2026-09-21T08:08:28Z,yahoo_mcap|yahoo_ret
NTIP,35666560.0,0.0761111274662094,,2026-09-21T08:08:28Z,yahoo_mcap|yahoo_ret
TOON,35456340.0,-0.3173652604847964,,2026-09-21T08:08:28Z,yahoo_mcap|yahoo_ret
BHST,36948584.0,-0.8180803584495597,,2026-09-21T08:08:28Z,yahoo_mcap|yahoo_ret
DXLG,34009664.0,-0.5579710025993672,,2026-09-21T08:08:28Z,yahoo_mcap|yahoo_ret
NNVC,36248840.0,-0.03401365343703078,,2026-09-21T08:08:28Z,yahoo_mcap|yahoo_ret
FTCI,38164424.0,-0.7137546431059862,,2026-09-21T08:08:28Z,yahoo_mcap|yahoo_ret
PETS,34903052.0,-0.41025640913675887,,2026-09-21T08:08:28Z,yahoo_mcap|yahoo_ret
CNTX,33820724.0,-0.6198347079449359,,2026-09-21T08:08:28Z,yahoo_mcap|yahoo_ret
FSP,35363984.0,-0.7875976108325171,,2026-09-21T08:08:28Z,yahoo_mcap|yahoo_ret
VIP,35569708.0,0.18404905103920144,,2026-09-21T08:08:28Z,yahoo_mcap|yahoo_ret
FLNA,35071532.0,-0.6798245490202721,,2026-09-21T08:08:28Z,yahoo_mcap|yahoo_ret
LFT,34534588.0,-0.6630287266265016,,2026-09-21T08:08:28Z,yahoo_mcap|yahoo_ret
NCI,35852020.0,-0.10622430699482577,,2026-09-21T08:08:28Z,yahoo_mcap|yahoo_ret
KAZR,40010868.0,-0.0630252471238506,,2026-09-21T08:08:28Z,yahoo_mcap|yahoo_ret
BCTX,36626104.0,-0.5398906870311753,,2026-09-21T08:08:28Z,yahoo_mcap|yahoo_ret
BRIA,35000000.0,-0.33333331441122305,,2026-09-21T08:08:28Z,yahoo_mcap|yahoo_ret
BDMD,33580840.0,-0.6022727611390013,,2026-09-21T08:08:28Z,yahoo_mcap|yahoo_ret
SLMT,35890300.0,-0.9803614458405828,,2026-09-21T08:08:28Z,yahoo_mcap|yahoo_ret
CCEL,35475660.0,-0.09278346765230061,,2026-09-21T08:08:28Z,yahoo_mcap|yahoo_ret
HHS,34214964.0,0.23719679390635529,,2026-09-21T08:08:28Z,yahoo_mcap|yahoo_ret
ANGH,33097428.0,0.17774197909884237,,2026-09-21T08:08:28Z,yahoo_mcap|yahoo_ret
WKHS,31255752.0,-0.7872023821138944,,2026-09-21T08:08:28Z,yahoo_mcap|yahoo_ret
MNY,32621226.0,-0.5934065998845766,,2026-09-21T08:08:28Z,yahoo_mcap|yahoo_ret
RDAC,33563808.0,-0.45873322215065093,,2026-09-21T08:08:28Z,yahoo_mcap|yahoo_ret
BOSC,33323198.0,-0.03476484272710689,,2026-09-21T08:08:28Z,yahoo_mcap|yahoo_ret
VTSI,33392892.0,-0.45065174850062684,,2026-09-21T08:08:28Z,yahoo_mcap|yahoo_ret
CNTY,32076968.0,-0.5793358045580002,,2026-09-21T08:08:28Z,yahoo_mcap|yahoo_ret
NSYS,33645900.0,0.19331982037332107,,2026-09-21T08:08:28Z,yahoo_mcap|yahoo_ret
UG,33125040.0,-0.02453458605381631,,2026-09-21T08:08:28Z,yahoo_mcap|yahoo_ret
AVAT,40947988.0,-0.8951456288431107,,2026-09-21T08:08:28Z,yahoo_mcap|yahoo_ret
PFAI,33059930.0,0.41919187662151725,,2026-09-21T08:08:28Z,yahoo_mcap|yahoo_ret
COHN,32289700.0,0.0928151232566512,,2026-09-21T08:08:28Z,yahoo_mcap|yahoo_ret
KOSS,33984512.0,-0.36684305716697174,,2026-09-21T08:08:28Z,yahoo_mcap|yahoo_ret
SRXH,33843204.0,-0.917752844961705,,2026-09-21T08:08:28Z,yahoo_mcap|yahoo_ret
FIEE,32408672.0,0.40740736489106344,,2026-09-21T08:08:28Z,yahoo_mcap|yahoo_ret
BGDE,33702816.0,-0.2562500238418579,,2026-09-21T08:08:28Z,yahoo_mcap|yahoo_ret
SPRU,36771676.0,0.08522725964257538,,2026-09-21T08:08:28Z,yahoo_mcap|yahoo_ret
ANPA,30958598.0,-0.9488139827373754,,2026-09-21T08:08:28Z,yahoo_mcap|yahoo_ret
GAIA,33562048.0,-0.7843137128863686,,2026-09-21T08:08:28Z,yahoo_mcap|yahoo_ret
KLXE,32507400.0,-0.18279571546434803,,2026-09-21T08:08:28Z,yahoo_mcap|yahoo_ret
ALGS,32721482.0,-0.4581179183272138,,2026-09-21T08:08:28Z,yahoo_mcap|yahoo_ret
CVV,31836510.0,0.44479489384130977,,2026-09-21T08:08:28Z,yahoo_mcap|yahoo_ret
HERZ,31557220.0,0.24601233375052645,,2026-09-21T08:08:28Z,yahoo_mcap|yahoo_ret
BLNE,33586712.0,-0.759433953776483,,2026-09-21T08:08:28Z,yahoo_mcap|yahoo_ret
JAGU,32713918.0,-0.5949999988079071,,2026-09-21T08:08:28Z,yahoo_mcap|yahoo_ret
SLND,31741198.0,-0.8701558944297346,,2026-09-21T08:08:28Z,yahoo_mcap|yahoo_ret
RMTI,32505698.0,-0.3932331143539384,,2026-09-21T08:08:28Z,yahoo_mcap|yahoo_ret
CNF,31693446.0,-0.360544231754532,,2026-09-21T08:08:28Z,yahoo_mcap|yahoo_ret
MIRA,34974984.0,-0.3343999862670899,,2026-09-21T08:08:28Z,yahoo_mcap|yahoo_ret
RAND,32370972.0,-0.15920203083684625,,2026-09-21T08:08:28Z,yahoo_mcap|yahoo_ret
ABVC,30919062.0,-0.5915492951834492,,2026-09-21T08:08:28Z,yahoo_mcap|yahoo_ret
RYET,31609714.0,-0.3942857111230188,,2026-09-21T08:08:28Z,yahoo_mcap|yahoo_ret
CCG,32495376.0,7.7046981100767375,,2026-09-21T08:08:28Z,yahoo_mcap|yahoo_ret
BBGI,31904370.0,1.933560417218712,,2026-09-21T08:08:28Z,yahoo_mcap|yahoo_ret
WXM,31983294.0,-0.8887005681527965,,2026-09-21T08:08:28Z,yahoo_mcap|yahoo_ret
BEEM,29875978.0,-0.5191256439039016,,2026-09-21T08:08:28Z,yahoo_mcap|yahoo_ret
YI,31669070.0,-0.3103448181364016,,2026-09-21T08:08:28Z,yahoo_mcap|yahoo_ret
VAI,30861876.0,-0.10924378839490612,,2026-09-21T08:08:28Z,yahoo_mcap|yahoo_ret
CPHI,30545620.0,-0.6432160928945873,,2026-09-21T08:08:28Z,yahoo_mcap|yahoo_ret
DAIO,29211712.0,-0.12461062012894508,,2026-09-21T08:08:28Z,yahoo_mcap|yahoo_ret
CLPS,30886290.0,-0.03271035898594565,,2026-09-21T08:08:28Z,yahoo_mcap|yahoo_ret
TAOX,34198416.0,-0.21612345943972366,,2026-09-21T08:08:28Z,yahoo_mcap|yahoo_ret
COSM,31981412.0,-0.6663169089494341,,2026-09-21T08:08:28Z,yahoo_mcap|yahoo_ret
PRHI,27608698.0,-0.3540753738720983,,2026-09-21T08:08:28Z,yahoo_mcap|yahoo_ret
KYNB,28647552.0,-0.37444743176190687,,2026-09-21T08:08:28Z,yahoo_mcap|yahoo_ret
MCRP,28081712.0,-0.42907799559635806,,2026-09-21T08:08:28Z,yahoo_mcap|yahoo_ret
LVLU,28744476.0,1.134328380971127,,2026-09-21T08:08:28Z,yahoo_mcap|yahoo_ret
SMJF,29090248.0,-0.7671840578649791,,2026-09-21T08:08:28Z,yahoo_mcap|yahoo_ret
BYSI,30831642.0,-0.6093749912688506,,2026-09-21T08:08:28Z,yahoo_mcap|yahoo_ret
USEA,29568230.0,1.0469422577374452,,2026-09-21T08:08:28Z,yahoo_mcap|yahoo_ret
ARAY,27901022.0,-0.8622754430641785,,2026-09-21T08:08:28Z,yahoo_mcap|yahoo_ret
FKWL,28400116.0,-0.3973312895140384,,2026-09-21T08:08:28Z,yahoo_mcap|yahoo_ret
QRHC,29529998.0,-0.09090908387194263,,2026-09-21T08:08:28Z,yahoo_mcap|yahoo_ret
SJ,29299310.0,-0.03899721078485452,,2026-09-21T08:08:28Z,yahoo_mcap|yahoo_ret
BIRD,27161144.0,-0.5695429843517621,,2026-09-21T08:08:28Z,yahoo_mcap|yahoo_ret
GNS,28888100.0,-0.8427083370198186,,2026-09-21T08:08:28Z,yahoo_mcap|yahoo_ret
FLD,31443456.0,-0.8732891888810843,,2026-09-21T08:08:28Z,yahoo_mcap|yahoo_ret
JFU,31317070.0,0.015267252678933252,,2026-09-21T08:08:28Z,yahoo_mcap|yahoo_ret
GTEC,28933202.0,-0.22142853432772047,,2026-09-21T08:08:28Z,yahoo_mcap|yahoo_ret
AAME,27536258.0,-0.6086956506715906,,2026-09-21T08:08:28Z,yahoo_mcap|yahoo_ret
OPTH,28343040.0,-0.18585528431259057,,2026-09-21T08:08:28Z,yahoo_mcap|yahoo_ret
EONR,27442614.0,0.12040819206221842,,2026-09-21T08:08:28Z,yahoo_mcap|yahoo_ret
BRLS,29404732.0,-0.5,,2026-09-21T08:08:28Z,yahoo_mcap|yahoo_ret
EVAX,29500250.0,0.059624114486656055,,2026-09-21T08:08:28Z,yahoo_mcap|yahoo_ret
KSCP,26924926.0,-0.8125,,2026-09-21T08:08:28Z,yahoo_mcap|yahoo_ret
CRWS,27115924.0,-0.042969396902937995,,2026-09-21T08:08:28Z,yahoo_mcap|yahoo_ret
IGC,29464442.0,-0.2926829410124082,,2026-09-21T08:08:28Z,yahoo_mcap|yahoo_ret
QNCX,29983016.0,-0.9078750014305115,,2026-09-21T08:08:28Z,yahoo_mcap|yahoo_ret
NXTC,28013436.0,0.08510638837525097,,2026-09-21T08:08:28Z,yahoo_mcap|yahoo_ret
NTRP,26853260.0,-0.5055555504045368,,2026-09-21T08:08:28Z,yahoo_mcap|yahoo_ret
MDRR,25373772.0,-0.158581411964547,,2026-09-21T08:08:28Z,yahoo_mcap|yahoo_ret
MDBH,27239610.0,-0.2368421529615491,,2026-09-21T08:08:28Z,yahoo_mcap|yahoo_ret
EHTH,28217764.0,-0.7758186450173791,,2026-09-21T08:08:28Z,yahoo_mcap|yahoo_ret
AVX,28775820.0,-0.8654910064093377,,2026-09-21T08:08:28Z,yahoo_mcap|yahoo_ret
SST,29000710.0,-0.6040428080708291,,2026-09-21T08:08:28Z,yahoo_mcap|yahoo_ret
SVRN,38116580.0,-0.1936508301734673,,2026-09-21T08:08:28Z,yahoo_mcap|yahoo_ret
CVM,29197720.0,-0.8085351843121347,,2026-09-21T08:08:28Z,yahoo_mcap|yahoo_ret
ATCH,30067556.0,-0.7818974875504616,,2026-09-21T08:08:28Z,yahoo_mcap|yahoo_ret
AWRE,26611416.0,-0.5514705824346691,,2026-09-21T08:08:28Z,yahoo_mcap|yahoo_ret
LOCL,27354740.0,-0.6578947570221938,,2026-09-21T08:08:28Z,yahoo_mcap|yahoo_ret
SKYQ,24380156.0,-0.2812499864182122,,2026-09-21T08:08:28Z,yahoo_mcap|yahoo_ret
GPUS,25589760.0,-0.9320754714434832,,2026-09-21T08:08:28Z,yahoo_mcap|yahoo_ret
GRAN,25653436.0,-0.6988304244408318,,2026-09-21T08:08:28Z,yahoo_mcap|yahoo_ret
MERC,25279202.0,-0.8671328639265924,,2026-09-21T08:08:28Z,yahoo_mcap|yahoo_ret
RADX,24076522.0,-0.745762706571889,,2026-09-21T08:08:28Z,yahoo_mcap|yahoo_ret
ASPC,25269252.0,0.04152622811184603,,2026-09-21T08:08:28Z,yahoo_mcap|yahoo_ret
KTCC,25302098.0,-0.34733894474064964,,2026-09-21T08:08:28Z,yahoo_mcap|yahoo_ret
JOB,25819612.0,0.1428571529939875,,2026-09-21T08:08:28Z,yahoo_mcap|yahoo_ret
TXMD,25347854.0,1.009174302896359,,2026-09-21T08:08:28Z,yahoo_mcap|yahoo_ret
PRT,24416624.0,-0.43313388791429175,,2026-09-21T08:08:28Z,yahoo_mcap|yahoo_ret
CLIR,26208702.0,-0.4338235593172085,,2026-09-21T08:08:28Z,yahoo_mcap|yahoo_ret
EURK,24940204.0,0.07132861188239925,,2026-09-21T08:08:28Z,yahoo_mcap|yahoo_ret
MF,23870760.0,-0.7264583309491475,,2026-09-21T08:08:28Z,yahoo_mcap|yahoo_ret
TRSG,24840946.0,0.012666702270507812,,2026-09-21T08:08:28Z,yahoo_mcap|yahoo_ret
PLRZ,26069016.0,0.6354166836669999,,2026-09-21T08:08:28Z,yahoo_mcap|yahoo_ret
QNTM,23532318.0,-0.8060413395307842,,2026-09-21T08:08:28Z,yahoo_mcap|yahoo_ret
NXPL,25667080.0,0.07499998103488625,,2026-09-21T08:08:28Z,yahoo_mcap|yahoo_ret
ORIO,24534110.0,-0.47474749907341873,,2026-09-21T08:08:28Z,yahoo_mcap|yahoo_ret
LOOP,25177144.0,-0.7062146968756928,,2026-09-21T08:08:28Z,yahoo_mcap|yahoo_ret
JVA,23633604.0,-0.20105270413039922,,2026-09-21T08:08:28Z,yahoo_mcap|yahoo_ret
INLX,25576516.0,-0.537774178451439,,2026-09-21T08:08:28Z,yahoo_mcap|yahoo_ret
ACTU,23562734.0,-0.8522590322402966,,2026-09-21T08:08:28Z,yahoo_mcap|yahoo_ret
BLIV,24011212.0,-0.43187661219833995,,2026-09-21T08:08:28Z,yahoo_mcap|yahoo_ret
LIVE,24531166.0,-0.5516273901262275,,2026-09-21T08:08:28Z,yahoo_mcap|yahoo_ret
ATOS,22154042.0,-0.8258823506972369,,2026-09-21T08:08:28Z,yahoo_mcap|yahoo_ret
ESLA,23010370.0,-0.5234234437415393,,2026-09-21T08:08:28Z,yahoo_mcap|yahoo_ret
GIFT,23026364.0,-0.38095237554606376,,2026-09-21T08:08:28Z,yahoo_mcap|yahoo_ret
RPGL,23091480.0,-0.9996410642701938,,2026-09-21T08:08:28Z,yahoo_mcap|yahoo_ret
IPM,24311634.0,-0.15000001625581183,,2026-09-21T08:08:28Z,yahoo_mcap|yahoo_ret
NOMA,28453646.0,-0.8608695631441863,,2026-09-21T08:08:28Z,yahoo_mcap|yahoo_ret
PSHG,23248136.0,0.010810800361494177,,2026-09-21T08:08:28Z,yahoo_mcap|yahoo_ret
UPC,24418536.0,0.0824054301241306,,2026-09-21T08:08:28Z,yahoo_mcap|yahoo_ret
ZEO,22401618.0,-0.7966942156698931,,2026-09-21T08:08:28Z,yahoo_mcap|yahoo_ret
TCRX,21140350.0,-0.8256983167115177,,2026-09-21T08:08:28Z,yahoo_mcap|yahoo_ret
SNAL,23105992.0,-0.5177570150100319,,2026-09-21T08:08:28Z,yahoo_mcap|yahoo_ret
LIQT,22967938.0,-0.7265624985448085,,2026-09-21T08:08:28Z,yahoo_mcap|yahoo_ret
PAPL,22044040.0,-0.8591276298936376,,2026-09-21T08:08:28Z,yahoo_mcap|yahoo_ret
CDLX,22082684.0,-0.8456790075005114,,2026-09-21T08:08:28Z,yahoo_mcap|yahoo_ret
TWG,22482998.0,-0.943071785687561,,2026-09-21T08:08:28Z,yahoo_mcap|yahoo_ret
BIOX,22992866.0,-0.7844311236189657,,2026-09-21T08:08:28Z,yahoo_mcap|yahoo_ret
CLRB,22496018.0,-0.5423076535117682,,2026-09-21T08:08:28Z,yahoo_mcap|yahoo_ret
HKIT,22524610.0,-0.9996247190839789,,2026-09-21T08:08:28Z,yahoo_mcap|yahoo_ret
JDZG,22687200.0,-0.9918222224859544,,2026-09-21T08:08:28Z,yahoo_mcap|yahoo_ret
FEDU,23117776.0,-0.28259652121025214,,2026-09-21T08:08:28Z,yahoo_mcap|yahoo_ret
HSCS,24960894.0,0.4899712879815654,,2026-09-21T08:08:28Z,yahoo_mcap|yahoo_ret
LTRN,19815426.0,-0.6153846472405033,,2026-09-21T08:08:28Z,yahoo_mcap|yahoo_ret
PDC,25965242.0,0.3852814402381626,,2026-09-21T08:08:28Z,yahoo_mcap|yahoo_ret
TVRD,21742478.0,-0.9573744789831039,,2026-09-21T08:08:28Z,yahoo_mcap|yahoo_ret
CKX,23118234.0,-0.03760680235523328,,2026-09-21T08:08:28Z,yahoo_mcap|yahoo_ret
COCP,23308472.0,-0.09022556458369202,,2026-09-21T08:08:28Z,yahoo_mcap|yahoo_ret
AIXC,23008684.0,-0.6161971597462454,,2026-09-21T08:08:28Z,yahoo_mcap|yahoo_ret
TLF,21954762.0,0.1476956003862704,,2026-09-21T08:08:28Z,yahoo_mcap|yahoo_ret
MSGM,19043528.0,0.43598614004376834,,2026-09-21T08:08:28Z,yahoo_mcap|yahoo_ret
GSIW,22667184.0,-0.4798657584956062,,2026-09-21T08:08:28Z,yahoo_mcap|yahoo_ret
FEMY,21691320.0,-0.6300000122615269,,2026-09-21T08:08:28Z,yahoo_mcap|yahoo_ret
PMEC,23446498.0,-0.6553672198426761,,2026-09-21T08:08:28Z,yahoo_mcap|yahoo_ret
AZIO,22725630.0,-0.339712893825586,,2026-09-21T08:08:28Z,yahoo_mcap|yahoo_ret
GRDX,22177792.0,-0.3972868242126827,,2026-09-21T08:08:28Z,yahoo_mcap|yahoo_ret
EXYN,20839366.0,-0.4961538496807484,,2026-09-21T08:08:28Z,yahoo_mcap|yahoo_ret
AYTU,22754400.0,-0.1311476082610863,,2026-09-21T08:08:28Z,yahoo_mcap|yahoo_ret
MPU,20549598.0,1.1724137874335656,,2026-09-21T08:08:28Z,yahoo_mcap|yahoo_ret
JSPR,20557024.0,-0.7528000116348267,,2026-09-21T08:08:28Z,yahoo_mcap|yahoo_ret
MNDO,20790720.0,-0.14166672461562457,,2026-09-21T08:08:28Z,yahoo_mcap|yahoo_ret
BCG,20472160.0,-0.3258426590047685,,2026-09-21T08:08:28Z,yahoo_mcap|yahoo_ret
CTRM,21063932.0,-0.018018000602490147,,2026-09-21T08:08:28Z,yahoo_mcap|yahoo_ret
LHAI,20001300.0,-0.8710021297031623,,2026-09-21T08:08:28Z,yahoo_mcap|yahoo_ret
ZTG,32899500.0,-0.451515160929292,,2026-09-21T08:08:28Z,yahoo_mcap|yahoo_ret
BTCT,21899044.0,-0.5536332473954009,,2026-09-21T08:08:28Z,yahoo_mcap|yahoo_ret
BNGO,20374210.0,-0.03351952182022866,,2026-09-21T08:08:28Z,yahoo_mcap|yahoo_ret
CCHH,23366222.0,-0.9720720728170696,,2026-09-21T08:08:28Z,yahoo_mcap|yahoo_ret
LGPS,20071600.0,-0.16766167336457172,,2026-09-21T08:08:28Z,yahoo_mcap|yahoo_ret
TGHL,20239850.0,-0.5999999940395355,,2026-09-21T08:08:28Z,yahoo_mcap|yahoo_ret
UTSI,20032572.0,-0.06637172389398305,,2026-09-21T08:08:28Z,yahoo_mcap|yahoo_ret
STAK,20555074.0,0.29383316090990563,,2026-09-21T08:08:28Z,yahoo_mcap|yahoo_ret
RVP,21533798.0,-0.14285708203607483,,2026-09-21T08:08:28Z,yahoo_mcap|yahoo_ret
BESS,19163448.0,-0.6142857074737549,,2026-09-21T08:08:28Z,yahoo_mcap|yahoo_ret
YAAS,20900468.0,-0.8089080408583672,,2026-09-21T08:08:28Z,yahoo_mcap|yahoo_ret
RECT,20824300.0,-0.6118325939604892,,2026-09-21T08:08:28Z,yahoo_mcap|yahoo_ret
SPPL,23193258.0,-0.5906735921979887,,2026-09-21T08:08:28Z,yahoo_mcap|yahoo_ret
NEUP,19996838.0,-0.6334819267149251,,2026-09-21T08:08:28Z,yahoo_mcap|yahoo_ret
CMMB,19125192.0,-0.01509441465361916,,2026-09-21T08:08:28Z,yahoo_mcap|yahoo_ret
PSQH,19753992.0,-0.8457059555700468,,2026-09-21T08:08:28Z,yahoo_mcap|yahoo_ret
KMRK,21522000.0,-0.3419354759319513,,2026-09-21T08:08:28Z,yahoo_mcap|yahoo_ret
NXXT,19167212.0,-0.3173652604847964,,2026-09-21T08:08:28Z,yahoo_mcap|yahoo_ret
PRZO,19888808.0,-0.603488389500545,,2026-09-21T08:08:28Z,yahoo_mcap|yahoo_ret
MWYN,22214284.0,-0.16030528863391247,,2026-09-21T08:08:28Z,yahoo_mcap|yahoo_ret
LFWD,19597550.0,0.02427472369947714,,2026-09-21T08:08:28Z,yahoo_mcap|yahoo_ret
RKTO,19669088.0,-0.5611110875635965,,2026-09-21T08:08:28Z,yahoo_mcap|yahoo_ret
AHT,18345796.0,-0.5371621665160441,,2026-09-21T08:08:28Z,yahoo_mcap|yahoo_ret
MRKR,19674288.0,0.24210522353153752,,2026-09-21T08:08:28Z,yahoo_mcap|yahoo_ret
DUO,20970338.0,-0.8529729668775382,,2026-09-21T08:08:28Z,yahoo_mcap|yahoo_ret
BMR,20033512.0,-0.5728476920528771,,2026-09-21T08:08:28Z,yahoo_mcap|yahoo_ret
CFND,20230512.0,-0.6311377505393685,,2026-09-21T08:08:28Z,yahoo_mcap|yahoo_ret
AIFA,19196744.0,-0.5253968382518455,,2026-09-21T08:08:28Z,yahoo_mcap|yahoo_ret
CHOW,22465170.0,-0.873652697146934,,2026-09-21T08:08:28Z,yahoo_mcap|yahoo_ret
UONE,19567446.0,-0.7154362496865356,,2026-09-21T08:08:28Z,yahoo_mcap|yahoo_ret
WFF,20045310.0,-0.5142857262627852,,2026-09-21T08:08:28Z,yahoo_mcap|yahoo_ret
AIFF,19769798.0,-0.5640138599562317,,2026-09-21T08:08:28Z,yahoo_mcap|yahoo_ret
JF,18706956.0,0.030303001111897654,,2026-09-21T08:08:28Z,yahoo_mcap|yahoo_ret
AKTX,17834354.0,-0.7179802962897018,,2026-09-21T08:08:28Z,yahoo_mcap|yahoo_ret
HTCO,19304242.0,-0.7417868567279131,,2026-09-21T08:08:28Z,yahoo_mcap|yahoo_ret
ALLR,19251976.0,-0.21428567005221055,,2026-09-21T08:08:28Z,yahoo_mcap|yahoo_ret
MODD,17931810.0,-0.9036355648254166,,2026-09-21T08:08:28Z,yahoo_mcap|yahoo_ret
INTZ,14949241.0,-0.6871794874929895,,2026-09-21T08:08:28Z,yahoo_mcap|yahoo_ret
ACCS,20016800.0,-0.48320157329877744,,2026-09-21T08:08:28Z,yahoo_mcap|yahoo_ret
PTN,19322926.0,0.2569443547615333,,2026-09-21T08:08:28Z,yahoo_mcap|yahoo_ret
WIMI,18013676.0,-0.7979381364239985,,2026-09-21T08:08:28Z,yahoo_mcap|yahoo_ret
BFRI,19605114.0,0.4666667638001645,,2026-09-21T08:08:28Z,yahoo_mcap|yahoo_ret
SUNE,16022246.0,0.7202798100554124,,2026-09-21T08:08:28Z,yahoo_mcap|yahoo_ret
VNTG,18131322.0,-0.913970593803894,,2026-09-21T08:08:28Z,yahoo_mcap|yahoo_ret
BRFH,18428234.0,-0.7202970282422154,,2026-09-21T08:08:28Z,yahoo_mcap|yahoo_ret
SDOT,16352266.0,-0.9267275083550328,,2026-09-21T08:08:28Z,yahoo_mcap|yahoo_ret
VEEA,13842650.0,-0.6723122360629066,,2026-09-21T08:08:28Z,yahoo_mcap|yahoo_ret
NCEL,18194804.0,-0.8455882277318212,,2026-09-21T08:08:28Z,yahoo_mcap|yahoo_ret
CTSO,18118830.0,5.110520821720668,,2026-09-21T08:08:28Z,yahoo_mcap|yahoo_ret
GRNQ,18091604.0,-0.23816799605950523,,2026-09-21T08:08:28Z,yahoo_mcap|yahoo_ret
DUKR,18705840.0,14.467422852084061,,2026-09-21T08:08:28Z,yahoo_mcap|yahoo_ret
SCAG,17070532.0,-0.9189655201117575,,2026-09-21T08:08:28Z,yahoo_mcap|yahoo_ret
FTHM,17975904.0,-0.7369999885559082,,2026-09-21T08:08:28Z,yahoo_mcap|yahoo_ret
NYC,18507246.0,-0.38225979517654307,,2026-09-21T08:08:28Z,yahoo_mcap|yahoo_ret
LEDS,19277028.0,0.09905662711467178,,2026-09-21T08:08:28Z,yahoo_mcap|yahoo_ret
SMX,18517222.0,-0.9054841906490878,,2026-09-21T08:08:28Z,yahoo_mcap|yahoo_ret
LICN,17751772.0,-0.7726315699125591,,2026-09-21T08:08:28Z,yahoo_mcap|yahoo_ret
BCDA,17712374.0,0.008620681681899223,,2026-09-21T08:08:28Z,yahoo_mcap|yahoo_ret
UFG,17206450.0,-0.9274965833736731,,2026-09-21T08:08:28Z,yahoo_mcap|yahoo_ret
EPSM,16510332.0,-0.9646450133169006,,2026-09-21T08:08:28Z,yahoo_mcap|yahoo_ret
FGI,17893226.0,0.17427129278895892,,2026-09-21T08:08:28Z,yahoo_mcap|yahoo_ret
TNMG,23547328.0,-0.2989130617878163,,2026-09-21T08:08:28Z,yahoo_mcap|yahoo_ret
TURB,13699539.0,-0.8689655160129046,,2026-09-21T08:08:28Z,yahoo_mcap|yahoo_ret
OPAD,17204586.0,-0.30058942317132487,,2026-09-21T08:08:28Z,yahoo_mcap|yahoo_ret
FENG,17415626.0,-0.4335937187133816,,2026-09-21T08:08:28Z,yahoo_mcap|yahoo_ret
FOXX,16546801.0,-0.5242915227910302,,2026-09-21T08:08:28Z,yahoo_mcap|yahoo_ret
LPCN,18219800.0,-0.23263890613560256,,2026-09-21T08:08:28Z,yahoo_mcap|yahoo_ret
EFOI,17133208.0,-0.10333331425984704,,2026-09-21T08:08:28Z,yahoo_mcap|yahoo_ret
IDAI,16184765.0,-0.03691279624508337,,2026-09-21T08:08:28Z,yahoo_mcap|yahoo_ret
MGIH,17212500.0,-0.40926640073635445,,2026-09-21T08:08:28Z,yahoo_mcap|yahoo_ret
MRNO,27479082.0,-0.8782209652157132,,2026-09-21T08:08:28Z,yahoo_mcap|yahoo_ret
TLIH,17054524.0,-0.01360542893691108,,2026-09-21T08:08:28Z,yahoo_mcap|yahoo_ret
CCM,16889302.0,-0.3633387856136282,,2026-09-21T08:08:28Z,yahoo_mcap|yahoo_ret
DYAI,16626437.0,-0.6074766670109253,,2026-09-21T08:08:28Z,yahoo_mcap|yahoo_ret
TULP,17849364.0,-0.25646126172244377,,2026-09-21T08:08:28Z,yahoo_mcap|yahoo_ret
DSY,16631556.0,-0.8741007159692975,,2026-09-21T08:08:28Z,yahoo_mcap|yahoo_ret
TMDE,16634534.0,-0.1866359515040663,,2026-09-21T08:08:28Z,yahoo_mcap|yahoo_ret
OPTT,18999764.0,2.981132092447034,,2026-09-21T08:08:28Z,yahoo_mcap|yahoo_ret
KTTA,17499146.0,-0.2851296002609919,,2026-09-21T08:08:28Z,yahoo_mcap|yahoo_ret
PASW,17303682.0,-0.893846152611738,,2026-09-21T08:08:28Z,yahoo_mcap|yahoo_ret
JL,17303824.0,-0.29555899589051093,,2026-09-21T08:08:28Z,yahoo_mcap|yahoo_ret
SKK,16159231.0,-0.021582770009893504,,2026-09-21T08:08:28Z,yahoo_mcap|yahoo_ret
IHT,15938887.0,-0.24589853107562099,,2026-09-21T08:08:28Z,yahoo_mcap|yahoo_ret
ONEG,16320000.0,-0.9152823933423394,,2026-09-21T08:08:28Z,yahoo_mcap|yahoo_ret
HWH,18002512.0,-0.17081851560419936,,2026-09-21T08:08:28Z,yahoo_mcap|yahoo_ret
MOBX,16582303.0,-0.9009646267576279,,2026-09-21T08:08:28Z,yahoo_mcap|yahoo_ret
FUSE,15768005.0,-0.9611428550311497,,2026-09-21T08:08:28Z,yahoo_mcap|yahoo_ret
PMI,11880261.0,-0.9865073043195058,,2026-09-21T08:08:28Z,yahoo_mcap|yahoo_ret
SMSI,15092676.0,-0.33333335295626076,,2026-09-21T08:08:28Z,yahoo_mcap|yahoo_ret
ARKR,16768630.0,-0.36388507089381394,,2026-09-21T08:08:28Z,yahoo_mcap|yahoo_ret
FABC,14952714.0,-0.6335616354468976,,2026-09-21T08:08:28Z,yahoo_mcap|yahoo_ret
CTXR,16471543.0,-0.4957983235368012,,2026-09-21T08:08:28Z,yahoo_mcap|yahoo_ret
HTOO,15258006.0,-0.5577342257286778,,2026-09-21T08:08:28Z,yahoo_mcap|yahoo_ret
ATCX,16190425.0,-0.6380681961651673,,2026-09-21T08:08:28Z,yahoo_mcap|yahoo_ret
ATTT,17389240.0,-0.6372548905027593,,2026-09-21T08:08:28Z,yahoo_mcap|yahoo_ret
PLSM,14436314.0,-0.698369566801872,,2026-09-21T08:08:28Z,yahoo_mcap|yahoo_ret
GTIM,16259159.0,-0.025316506313829312,,2026-09-21T08:08:28Z,yahoo_mcap|yahoo_ret
ARTW,16696449.0,0.16304349610094926,,2026-09-21T08:08:28Z,yahoo_mcap|yahoo_ret
EDTK,16361445.0,-0.03809520349480777,,2026-09-21T08:08:28Z,yahoo_mcap|yahoo_ret
DOGZ,15682385.0,-0.9351311976404485,,2026-09-21T08:08:28Z,yahoo_mcap|yahoo_ret
ADIL,14257802.0,-0.4445714133126395,,2026-09-21T08:08:28Z,yahoo_mcap|yahoo_ret
AUST,15473091.0,-0.3756905906326523,,2026-09-21T08:08:28Z,yahoo_mcap|yahoo_ret
CNSY,15406939.0,-0.8066666693914504,,2026-09-21T08:08:28Z,yahoo_mcap|yahoo_ret
GIGM,15250979.0,-0.2459016596342959,,2026-09-21T08:08:28Z,yahoo_mcap|yahoo_ret
ALAR,15506022.0,-0.8733493448726781,,2026-09-21T08:08:28Z,yahoo_mcap|yahoo_ret
LRE,14745530.0,-0.39944444495954634,,2026-09-21T08:08:28Z,yahoo_mcap|yahoo_ret
RCT,15305075.0,-0.7533414450207997,,2026-09-21T08:08:28Z,yahoo_mcap|yahoo_ret
PASG,15284598.0,-0.3375174408010332,,2026-09-21T08:08:28Z,yahoo_mcap|yahoo_ret
LSTA,18366912.0,-0.27038622173869975,,2026-09-21T08:08:28Z,yahoo_mcap|yahoo_ret
PBK,15485598.0,-0.8359999997275216,,2026-09-21T08:08:28Z,yahoo_mcap|yahoo_ret
YXT,15203611.0,-0.7578947418614438,,2026-09-21T08:08:28Z,yahoo_mcap|yahoo_ret
WETH,14050610.0,-0.14612113530111748,,2026-09-21T08:08:28Z,yahoo_mcap|yahoo_ret
AEHL,9541372.0,-0.9755977266424184,,2026-09-21T08:08:28Z,yahoo_mcap|yahoo_ret
MYND,15515290.0,-0.604091446582545,,2026-09-21T08:08:28Z,yahoo_mcap|yahoo_ret
MBRX,15057963.0,-0.92327543260135,,2026-09-21T08:08:28Z,yahoo_mcap|yahoo_ret
MOGU,15589173.0,-0.5398550645348437,,2026-09-21T08:08:28Z,yahoo_mcap|yahoo_ret
BIVI,13735148.0,-0.13440860111681163,,2026-09-21T08:08:28Z,yahoo_mcap|yahoo_ret
ICU,15600217.0,-0.607538826807255,,2026-09-21T08:08:28Z,yahoo_mcap|yahoo_ret
DARE,15426463.0,-0.6301886689539857,,2026-09-21T08:08:28Z,yahoo_mcap|yahoo_ret
BTLN,14538204.0,-0.5963855239991644,,2026-09-21T08:08:28Z,yahoo_mcap|yahoo_ret
SLGB,13320000.0,-0.9439393954445616,,2026-09-21T08:08:28Z,yahoo_mcap|yahoo_ret
GWH,14526887.0,-0.764052282234621,,2026-09-21T08:08:28Z,yahoo_mcap|yahoo_ret
HUIZ,14350627.0,-0.5823529655133145,,2026-09-21T08:08:28Z,yahoo_mcap|yahoo_ret
BRN,14289967.0,-0.13913040864219683,,2026-09-21T08:08:28Z,yahoo_mcap|yahoo_ret
CRMT,14508952.0,-0.9469026553179521,,2026-09-21T08:08:28Z,yahoo_mcap|yahoo_ret
MTEX,14491822.0,-0.1494903404563337,,2026-09-21T08:08:28Z,yahoo_mcap|yahoo_ret
XCH,14297382.0,-0.880370369663945,,2026-09-21T08:08:28Z,yahoo_mcap|yahoo_ret
FOFO,14403930.0,-0.8423772526243911,,2026-09-21T08:08:28Z,yahoo_mcap|yahoo_ret
COOT,13533879.0,-0.1666667218561504,,2026-09-21T08:08:28Z,yahoo_mcap|yahoo_ret
DLPN,14328106.0,-0.18518518191469724,,2026-09-21T08:08:28Z,yahoo_mcap|yahoo_ret
HIND,14738908.0,-0.6631916824917712,,2026-09-21T08:08:28Z,yahoo_mcap|yahoo_ret
TPST,16010494.0,-0.9044422523377024,,2026-09-21T08:08:28Z,yahoo_mcap|yahoo_ret
YFOR,12539808.0,-0.9971631205251031,,2026-09-21T08:08:28Z,yahoo_mcap|yahoo_ret
HODO,15156007.0,-0.9863782044852802,,2026-09-21T08:08:28Z,yahoo_mcap|yahoo_ret
UCL,15015964.0,-0.8436507949272851,,2026-09-21T08:08:28Z,yahoo_mcap|yahoo_ret
QNRX,14179431.0,-0.08311686783621819,,2026-09-21T08:08:28Z,yahoo_mcap|yahoo_ret
DTSS,9216478.0,-0.5749397547862098,,2026-09-21T08:08:28Z,yahoo_mcap|yahoo_ret
NUR,16097534.0,-0.7067307515962583,,2026-09-21T08:08:28Z,yahoo_mcap|yahoo_ret
SOS,13475336.0,-0.6336842164702694,,2026-09-21T08:08:28Z,yahoo_mcap|yahoo_ret
FRTT,13809090.0,-0.7294117673870602,,2026-09-21T08:08:28Z,yahoo_mcap|yahoo_ret
PETZ,13523480.0,0.14912277124374929,,2026-09-21T08:08:28Z,yahoo_mcap|yahoo_ret
NEON,13810668.0,-0.7975308754988835,,2026-09-21T08:08:28Z,yahoo_mcap|yahoo_ret
PLUR,13332315.0,-0.7652173771074,,2026-09-21T08:08:28Z,yahoo_mcap|yahoo_ret
SAGT,13372451.0,-0.7518987223982697,,2026-09-21T08:08:28Z,yahoo_mcap|yahoo_ret
GTBP,12919353.0,8.15600997364057,,2026-09-21T08:08:28Z,yahoo_mcap|yahoo_ret
REFR,22709388.0,-0.5454545454545454,,2026-09-21T08:08:28Z,yahoo_mcap|yahoo_ret
CJMB,15181079.0,-0.5430861571204308,,2026-09-21T08:08:28Z,yahoo_mcap|yahoo_ret
FMST,12842322.0,-0.7491525431947782,,2026-09-21T08:08:28Z,yahoo_mcap|yahoo_ret
MEDS,12023100.0,-0.9451094891903175,,2026-09-21T08:08:28Z,yahoo_mcap|yahoo_ret
DFLI,13728073.0,-0.6748226888594351,,2026-09-21T08:08:28Z,yahoo_mcap|yahoo_ret
EQS,13613338.0,-0.552995394236643,,2026-09-21T08:08:28Z,yahoo_mcap|yahoo_ret
ZDAI,13337672.0,-0.8519001467642229,,2026-09-21T08:08:28Z,yahoo_mcap|yahoo_ret
CALC,13110320.0,-0.8728476881735167,,2026-09-21T08:08:28Z,yahoo_mcap|yahoo_ret
GIXI,13919780.0,-0.534166653951009,,2026-09-21T08:08:28Z,yahoo_mcap|yahoo_ret
ASTC,12919564.0,0.25614753497668863,,2026-09-21T08:08:28Z,yahoo_mcap|yahoo_ret
TOMZ,11888163.0,-0.493055562454241,,2026-09-21T08:08:28Z,yahoo_mcap|yahoo_ret
DETX,12329904.0,-0.6199649629077479,,2026-09-21T08:08:28Z,yahoo_mcap|yahoo_ret
BTOC,12733151.0,-0.7759999990463257,,2026-09-21T08:08:28Z,yahoo_mcap|yahoo_ret
AIRI,12369178.0,-0.17207791705138753,,2026-09-21T08:08:28Z,yahoo_mcap|yahoo_ret
SCNX,12873609.0,-0.6483762506796464,,2026-09-21T08:08:28Z,yahoo_mcap|yahoo_ret
NRSN,12045328.0,4.204917832556291,,2026-09-21T08:08:28Z,yahoo_mcap|yahoo_ret
CABR,14515516.0,0.680672231627226,,2026-09-21T08:08:28Z,yahoo_mcap|yahoo_ret
BIOT,12897044.0,-0.9709677427045761,,2026-09-21T08:08:28Z,yahoo_mcap|yahoo_ret
GYGY,12377120.0,-0.9461827259736728,,2026-09-21T08:08:28Z,yahoo_mcap|yahoo_ret
MIMI,12078175.0,-0.9912899792613461,,2026-09-21T08:08:28Z,yahoo_mcap|yahoo_ret
EBON,13566131.0,-0.5731225078543845,,2026-09-21T08:08:28Z,yahoo_mcap|yahoo_ret
ASBP,11977837.0,-0.4817961044254887,,2026-09-21T08:08:28Z,yahoo_mcap|yahoo_ret
DDC,13641902.0,-0.9774647884289124,,2026-09-21T08:08:28Z,yahoo_mcap|yahoo_ret
RGNT,12713297.0,-0.7586666742960612,,2026-09-21T08:08:28Z,yahoo_mcap|yahoo_ret
ICMB,12743873.0,-0.6752697572693123,,2026-09-21T08:08:28Z,yahoo_mcap|yahoo_ret
ARAI,12512541.0,-0.9222580632012294,,2026-09-21T08:08:28Z,yahoo_mcap|yahoo_ret
ENLV,14103773.0,-0.9485167482243254,,2026-09-21T08:08:28Z,yahoo_mcap|yahoo_ret
INTS,13418653.0,-0.337096732265618,,2026-09-21T08:08:28Z,yahoo_mcap|yahoo_ret
MDCX,12212218.0,-0.9386281577766374,,2026-09-21T08:08:28Z,yahoo_mcap|yahoo_ret
NHTC,11751653.0,-0.663786825668723,,2026-09-21T08:08:28Z,yahoo_mcap|yahoo_ret
DLXY,14064270.0,-0.8529914481495824,,2026-09-21T08:08:28Z,yahoo_mcap|yahoo_ret
NMTC,12657010.0,-0.7508960565053749,,2026-09-21T08:08:28Z,yahoo_mcap|yahoo_ret
CETY,12105276.0,-0.771264361705218,,2026-09-21T08:08:28Z,yahoo_mcap|yahoo_ret
ATER,12575040.0,-0.2964824274126253,,2026-09-21T08:08:28Z,yahoo_mcap|yahoo_ret
BLRX,12059441.0,-0.3377659532307715,,2026-09-21T08:08:28Z,yahoo_mcap|yahoo_ret
AEON,12096577.0,-0.681520318387228,,2026-09-21T08:08:28Z,yahoo_mcap|yahoo_ret
BANL,11633792.0,-0.4229284131688471,,2026-09-21T08:08:28Z,yahoo_mcap|yahoo_ret
NAII,11734678.0,-0.4006410021283444,,2026-09-21T08:08:28Z,yahoo_mcap|yahoo_ret
ADVB,10804950.0,-0.299785882761367,,2026-09-21T08:08:28Z,yahoo_mcap|yahoo_ret
FLUX,11891903.0,-0.7868216945018826,,2026-09-21T08:08:28Z,yahoo_mcap|yahoo_ret
KPRX,12211308.0,0.09090909947605397,,2026-09-21T08:08:28Z,yahoo_mcap|yahoo_ret
PHIO,11965768.0,-0.5024154567115351,,2026-09-21T08:08:28Z,yahoo_mcap|yahoo_ret
OXBR,12045094.0,-0.3833333498901784,,2026-09-21T08:08:28Z,yahoo_mcap|yahoo_ret
SEED,11279542.0,-0.16964285429186965,,2026-09-21T08:08:28Z,yahoo_mcap|yahoo_ret
BON,12125447.0,-0.40100501218151197,,2026-09-21T08:08:28Z,yahoo_mcap|yahoo_ret
MMA,11467373.0,-0.7327160511996538,,2026-09-21T08:08:28Z,yahoo_mcap|yahoo_ret
HPAI,11087015.0,-0.9249363913801675,,2026-09-21T08:08:28Z,yahoo_mcap|yahoo_ret
UPLD,10852891.0,-0.8531999969482422,,2026-09-21T08:08:28Z,yahoo_mcap|yahoo_ret
JBDI,10275695.0,-0.6275862043451045,,2026-09-21T08:08:28Z,yahoo_mcap|yahoo_ret
ADGM,10716547.0,-0.7175438599548818,,2026-09-21T08:08:28Z,yahoo_mcap|yahoo_ret
NIXX,10806125.0,-0.7774999874049705,,2026-09-21T08:08:28Z,yahoo_mcap|yahoo_ret
SINT,11529644.0,-0.649087205007777,,2026-09-21T08:08:28Z,yahoo_mcap|yahoo_ret
CLRO,11290238.0,-0.21706866517175116,,2026-09-21T08:08:28Z,yahoo_mcap|yahoo_ret
HUDI,11057272.0,-0.5321211964017867,,2026-09-21T08:08:28Z,yahoo_mcap|yahoo_ret
CLWT,11413654.0,0.15789467079817965,,2026-09-21T08:08:28Z,yahoo_mcap|yahoo_ret
IRIX,11768491.0,-0.43697480296408375,,2026-09-21T08:08:28Z,yahoo_mcap|yahoo_ret
EDUC,11167702.0,-0.036764758087977634,,2026-09-21T08:08:28Z,yahoo_mcap|yahoo_ret
TOVX,10715938.0,-0.4249999981373549,,2026-09-21T08:08:28Z,yahoo_mcap|yahoo_ret
GYRO,10974546.0,-0.5014985357622144,,2026-09-21T08:08:28Z,yahoo_mcap|yahoo_ret
BLIN,10709897.0,-0.3609022583347682,,2026-09-21T08:08:28Z,yahoo_mcap|yahoo_ret
CISO,11335888.0,-0.7907563142853594,,2026-09-21T08:08:28Z,yahoo_mcap|yahoo_ret
VWAV,7937658.0,,,2026-09-21T08:08:28Z,yahoo_mcap
IQST,10735747.0,-0.8312431597832917,,2026-09-21T08:08:28Z,yahoo_mcap|yahoo_ret
CENN,11422502.0,-0.8601083074439269,,2026-09-21T08:08:28Z,yahoo_mcap|yahoo_ret
NVNI,10522919.0,-0.9000000026490953,,2026-09-21T08:08:28Z,yahoo_mcap|yahoo_ret
GLE,10897650.0,-0.3219567574069959,,2026-09-21T08:08:28Z,yahoo_mcap|yahoo_ret
QH,10728483.0,-0.3499999841054281,,2026-09-21T08:08:28Z,yahoo_mcap|yahoo_ret
LZMH,11043555.0,-0.9819117644253899,,2026-09-21T08:08:28Z,yahoo_mcap|yahoo_ret
FNGR,10777020.0,-0.9118012401320069,,2026-09-21T08:08:28Z,yahoo_mcap|yahoo_ret
BNKK,10801269.0,-0.875576039043513,,2026-09-21T08:08:28Z,yahoo_mcap|yahoo_ret
PRPL,13908748.0,-0.8773076901069055,,2026-09-21T08:08:28Z,yahoo_mcap|yahoo_ret
HCTI,11349349.0,-0.9950699746106655,,2026-09-21T08:08:28Z,yahoo_mcap|yahoo_ret
KALA,10424144.0,-0.999450840575927,,2026-09-21T08:08:28Z,yahoo_mcap|yahoo_ret
ILLR,11472934.0,-0.9540983597426862,,2026-09-21T08:08:28Z,yahoo_mcap|yahoo_ret
INAB,10647054.0,-0.4599999785423279,,2026-09-21T08:08:28Z,yahoo_mcap|yahoo_ret
MSAI,10410658.0,-0.841397857732174,,2026-09-21T08:08:28Z,yahoo_mcap|yahoo_ret
HCWC,10507057.0,-0.6052264939889278,,2026-09-21T08:08:28Z,yahoo_mcap|yahoo_ret
BTBD,11132503.0,0.15384616560249453,,2026-09-21T08:08:28Z,yahoo_mcap|yahoo_ret
CLIK,10361270.0,-0.8703108201456086,,2026-09-21T08:08:28Z,yahoo_mcap|yahoo_ret
FBLG,9948082.0,-0.8656015130257656,,2026-09-21T08:08:28Z,yahoo_mcap|yahoo_ret
MTEK,10664893.0,-0.7232876810756401,,2026-09-21T08:08:28Z,yahoo_mcap|yahoo_ret
BMRA,11518310.0,-0.12847226016499225,,2026-09-21T08:08:28Z,yahoo_mcap|yahoo_ret
AZTR,10545051.0,-0.7701453258818869,,2026-09-21T08:08:28Z,yahoo_mcap|yahoo_ret
AIMD,10928428.0,-0.6063829726523109,,2026-09-21T08:08:28Z,yahoo_mcap|yahoo_ret
JCTC,10313931.0,-0.16997164574943235,,2026-09-21T08:08:28Z,yahoo_mcap|yahoo_ret
MYSE,10288931.0,-0.07906979942012171,,2026-09-21T08:08:28Z,yahoo_mcap|yahoo_ret
MSN,10134141.0,0.02127657550770312,,2026-09-21T08:08:28Z,yahoo_mcap|yahoo_ret
LNAI,10563963.0,-0.8335714340209961,,2026-09-21T08:08:28Z,yahoo_mcap|yahoo_ret
VTGN,10650459.0,-0.9194630895639389,,2026-09-21T08:08:28Z,yahoo_mcap|yahoo_ret
AWX,10294501.0,0.011494333721897787,,2026-09-21T08:08:28Z,yahoo_mcap|yahoo_ret
TANH,9013532.0,-0.8726415094339622,,2026-09-21T08:08:28Z,yahoo_mcap|yahoo_ret
MTVA,11397415.0,-0.8487762165621057,,2026-09-21T08:08:28Z,yahoo_mcap|yahoo_ret
EPOW,14984805.0,-0.6987134476154171,,2026-09-21T08:08:28Z,yahoo_mcap|yahoo_ret
GDTC,11596179.0,-0.47453082355913045,,2026-09-21T08:08:28Z,yahoo_mcap|yahoo_ret
SMXT,10290607.0,-0.8370870776268,,2026-09-21T08:08:28Z,yahoo_mcap|yahoo_ret
VRME,10466331.0,-0.3789062230789563,,2026-09-21T08:08:28Z,yahoo_mcap|yahoo_ret
GFAI,10064704.0,-0.7325000024835268,,2026-09-21T08:08:28Z,yahoo_mcap|yahoo_ret
OST,10108845.0,0.0,,2026-09-21T08:08:28Z,yahoo_mcap|yahoo_ret
SEGG,10397764.0,-0.9156084623913732,,2026-09-21T08:08:28Z,yahoo_mcap|yahoo_ret
NCT,6287988.0,-0.9931888887617323,,2026-09-21T08:08:28Z,yahoo_mcap|yahoo_ret
BGL,9963727.0,-0.9776482016496619,,2026-09-21T08:08:28Z,yahoo_mcap|yahoo_ret
QNME,19220908.0,-0.5956521521293673,,2026-09-21T08:08:28Z,yahoo_mcap|yahoo_ret
REED,9228370.0,-0.8700000047683716,,2026-09-21T08:08:28Z,yahoo_mcap|yahoo_ret
HUBC,8222164.0,-0.9998599695615028,,2026-09-21T08:08:28Z,yahoo_mcap|yahoo_ret
SOAR,10726650.0,-0.855641004361518,,2026-09-21T08:08:28Z,yahoo_mcap|yahoo_ret
AMOD,9635627.0,-0.9605691051394903,,2026-09-21T08:08:28Z,yahoo_mcap|yahoo_ret
INUV,9708533.0,-0.8347338978132608,,2026-09-21T08:08:28Z,yahoo_mcap|yahoo_ret
KNRX,9625872.0,-0.9012499969266355,,2026-09-21T08:08:28Z,yahoo_mcap|yahoo_ret
MGRX,10266093.0,-0.788444439570109,,2026-09-21T08:08:28Z,yahoo_mcap|yahoo_ret
BENF,8701575.0,-0.823492470495701,,2026-09-21T08:08:28Z,yahoo_mcap|yahoo_ret
TPET,9370076.0,-0.8155136270963466,,2026-09-21T08:08:28Z,yahoo_mcap|yahoo_ret
CVR,10154048.0,-0.027492908190071996,,2026-09-21T08:08:28Z,yahoo_mcap|yahoo_ret
SNTI,9966321.0,-0.7629629724473781,,2026-09-21T08:08:28Z,yahoo_mcap|yahoo_ret
PLAG,9607083.0,-0.673076907646726,,2026-09-21T08:08:28Z,yahoo_mcap|yahoo_ret
YJ,9407781.0,0.03243240108448231,,2026-09-21T08:08:28Z,yahoo_mcap|yahoo_ret
APRE,9568004.0,-0.47222224981696403,,2026-09-21T08:08:28Z,yahoo_mcap|yahoo_ret
SFHG,9906400.0,-0.30583215237571726,,2026-09-21T08:08:28Z,yahoo_mcap|yahoo_ret
AMS,9443000.0,-0.4387351884811973,,2026-09-21T08:08:28Z,yahoo_mcap|yahoo_ret
WVVI,10656193.0,-0.48309174543022404,,2026-09-21T08:08:28Z,yahoo_mcap|yahoo_ret
GRML,9054487.0,-0.8967391353173306,,2026-09-21T08:08:28Z,yahoo_mcap|yahoo_ret
IMRN,9846867.0,-0.3578947137267303,,2026-09-21T08:08:28Z,yahoo_mcap|yahoo_ret
BAOS,9009851.0,-0.9221901992787667,,2026-09-21T08:08:28Z,yahoo_mcap|yahoo_ret
INHD,7687772.0,-0.9984193615304177,,2026-09-21T08:08:28Z,yahoo_mcap|yahoo_ret
GITS,9456984.0,-0.05857744717956315,,2026-09-21T08:08:28Z,yahoo_mcap|yahoo_ret
LGVN,7938613.0,-0.6828025427022866,,2026-09-21T08:08:28Z,yahoo_mcap|yahoo_ret
MARPS,9400000.0,0.084747676510887,,2026-09-21T08:08:28Z,yahoo_mcap|yahoo_ret
BURU,9540215.0,-0.23703707170420985,,2026-09-21T08:08:28Z,yahoo_mcap|yahoo_ret
ENSC,8913157.0,-0.7849765353596001,,2026-09-21T08:08:28Z,yahoo_mcap|yahoo_ret
ALZN,9120616.0,-0.21250003725290145,,2026-09-21T08:08:28Z,yahoo_mcap|yahoo_ret
LRHC,8493655.0,-0.996549865306227,,2026-09-21T08:08:28Z,yahoo_mcap|yahoo_ret
IOTR,9338638.0,-0.5,,2026-09-21T08:08:28Z,yahoo_mcap|yahoo_ret
GXAI,8255498.0,-0.6491228009023655,,2026-09-21T08:08:28Z,yahoo_mcap|yahoo_ret
OBAI,8291230.0,-0.9915151514790275,,2026-09-21T08:08:28Z,yahoo_mcap|yahoo_ret
WOK,8534525.0,-0.9999976419753499,,2026-09-21T08:08:28Z,yahoo_mcap|yahoo_ret
BFRG,8599618.0,-0.6484848725675323,,2026-09-21T08:08:28Z,yahoo_mcap|yahoo_ret
GMM,8554040.0,-0.9807035180192497,,2026-09-21T08:08:28Z,yahoo_mcap|yahoo_ret
AMIX,8251339.0,-0.8108715186496451,,2026-09-21T08:08:28Z,yahoo_mcap|yahoo_ret
XCUR,8051574.0,-0.6796874878734037,,2026-09-21T08:08:28Z,yahoo_mcap|yahoo_ret
AIRE,8165682.0,-0.9452165167166713,,2026-09-21T08:08:28Z,yahoo_mcap|yahoo_ret
GAUZ,7103180.0,-0.9511848348908005,,2026-09-21T08:08:28Z,yahoo_mcap|yahoo_ret
AQMS,8445568.0,-0.4247572933518482,,2026-09-21T08:08:28Z,yahoo_mcap|yahoo_ret
SNGX,8053227.0,-0.8624535327517102,,2026-09-21T08:08:28Z,yahoo_mcap|yahoo_ret
INEO,8491195.0,-0.49029127112521764,,2026-09-21T08:08:28Z,yahoo_mcap|yahoo_ret
RAIN,7786705.0,-0.8730915934151333,,2026-09-21T08:08:28Z,yahoo_mcap|yahoo_ret
AIM,8129612.0,-0.9192126854887699,,2026-09-21T08:08:28Z,yahoo_mcap|yahoo_ret
RMCF,8291733.0,-0.546391768414455,,2026-09-21T08:08:28Z,yahoo_mcap|yahoo_ret
DFNS,7740391.0,-0.9901637241124724,,2026-09-21T08:08:28Z,yahoo_mcap|yahoo_ret
TRAW,7530456.0,-0.7586206815553395,,2026-09-21T08:08:28Z,yahoo_mcap|yahoo_ret
NXTT,7895076.0,-0.9976665214917221,,2026-09-21T08:08:28Z,yahoo_mcap|yahoo_ret
AUID,7356949.0,-0.8585208963158962,,2026-09-21T08:08:28Z,yahoo_mcap|yahoo_ret
IFBD,7860213.0,-0.1652173926564381,,2026-09-21T08:08:28Z,yahoo_mcap|yahoo_ret
CMCT,7721268.0,-0.9967032965722975,,2026-09-21T08:08:28Z,yahoo_mcap|yahoo_ret
IMNN,7631508.0,-0.7269076286955238,,2026-09-21T08:08:28Z,yahoo_mcap|yahoo_ret
SURG,7957427.0,-0.9489795908023628,,2026-09-21T08:08:28Z,yahoo_mcap|yahoo_ret
EDHL,8997885.0,-0.6120689607923389,,2026-09-21T08:08:28Z,yahoo_mcap|yahoo_ret
ARBB,8164309.0,-0.26,,2026-09-21T08:08:28Z,yahoo_mcap|yahoo_ret
MTEN,7879360.0,-0.9995510026279905,,2026-09-21T08:08:28Z,yahoo_mcap|yahoo_ret
JCSE,7667364.0,0.7016317848652966,,2026-09-21T08:08:28Z,yahoo_mcap|yahoo_ret
NDRA,8249109.0,0.14822547887292825,,2026-09-21T08:08:28Z,yahoo_mcap|yahoo_ret
XWEL,7730339.0,-0.19642859613712937,,2026-09-21T08:08:28Z,yahoo_mcap|yahoo_ret
VNRX,7254864.0,-0.9808823541786431,,2026-09-21T08:08:28Z,yahoo_mcap|yahoo_ret
RVSN,7779332.0,-0.9897041064005181,,2026-09-21T08:08:28Z,yahoo_mcap|yahoo_ret
CNSP,7468004.0,-0.359649107606431,,2026-09-21T08:08:28Z,yahoo_mcap|yahoo_ret
INM,7471479.0,-0.40611352097812836,,2026-09-21T08:08:28Z,yahoo_mcap|yahoo_ret
FEBO,7723837.0,-0.11421316648470103,,2026-09-21T08:08:28Z,yahoo_mcap|yahoo_ret
EVGN,7884902.0,-0.5762711676055409,,2026-09-21T08:08:28Z,yahoo_mcap|yahoo_ret
AMSS,7828787.0,-0.9409691635091786,,2026-09-21T08:08:28Z,yahoo_mcap|yahoo_ret
NAMI,7513692.0,-0.92733944884134,,2026-09-21T08:08:28Z,yahoo_mcap|yahoo_ret
TKLF,7365039.0,-0.5421052549024037,,2026-09-21T08:08:28Z,yahoo_mcap|yahoo_ret
UCAR,8200208.0,-0.7757281650482444,,2026-09-21T08:08:28Z,yahoo_mcap|yahoo_ret
UK,7310993.0,-0.8108571483975365,,2026-09-21T08:08:28Z,yahoo_mcap|yahoo_ret
LOBO,7336226.0,-0.20658684878800915,,2026-09-21T08:08:28Z,yahoo_mcap|yahoo_ret
ACON,7263575.0,-0.7319148847667161,,2026-09-21T08:08:28Z,yahoo_mcap|yahoo_ret
POM,7395588.0,-0.9889991733113602,,2026-09-21T08:08:28Z,yahoo_mcap|yahoo_ret
THH,7456891.0,-0.9783114981699447,,2026-09-21T08:08:28Z,yahoo_mcap|yahoo_ret
CCTG,7004660.0,-0.9590476224445881,,2026-09-21T08:08:28Z,yahoo_mcap|yahoo_ret
PRSO,6925171.0,-0.5964912156869389,,2026-09-21T08:08:28Z,yahoo_mcap|yahoo_ret
CLGN,8622144.0,-0.8186878722884839,,2026-09-21T08:08:28Z,yahoo_mcap|yahoo_ret
BMGL,7293532.0,-0.7853817396760313,,2026-09-21T08:08:28Z,yahoo_mcap|yahoo_ret
ITOC,7899872.0,-0.6283391494590274,,2026-09-21T08:08:28Z,yahoo_mcap|yahoo_ret
CHAI,7113383.0,-0.9722782254188044,,2026-09-21T08:08:28Z,yahoo_mcap|yahoo_ret
ENVB,7250932.0,-0.7757475069350631,,2026-09-21T08:08:28Z,yahoo_mcap|yahoo_ret
ICCM,6716361.0,-0.9377777765667628,,2026-09-21T08:08:28Z,yahoo_mcap|yahoo_ret
JYD,7358634.0,-0.8784931505283421,,2026-09-21T08:08:28Z,yahoo_mcap|yahoo_ret
AMST,7073839.0,-0.6635513924981781,,2026-09-21T08:08:28Z,yahoo_mcap|yahoo_ret
ALP,7206793.0,-0.23393740298779708,,2026-09-21T08:08:28Z,yahoo_mcap|yahoo_ret
VSA,6395823.0,-0.9984983606807522,,2026-09-21T08:08:28Z,yahoo_mcap|yahoo_ret
ZCMD,6769575.0,-0.9991004055418752,,2026-09-21T08:08:28Z,yahoo_mcap|yahoo_ret
YHGJ,7436345.0,-0.48181819915771484,,2026-09-21T08:08:28Z,yahoo_mcap|yahoo_ret
DTST,6522289.0,-0.3908296925045779,,2026-09-21T08:08:28Z,yahoo_mcap|yahoo_ret
REBN,7150391.0,-0.6706349247647461,,2026-09-21T08:08:28Z,yahoo_mcap|yahoo_ret
ELOG,6545603.0,-0.7901234664804582,,2026-09-21T08:08:28Z,yahoo_mcap|yahoo_ret
FFAI,6785329.0,-0.9933709981526808,,2026-09-21T08:08:28Z,yahoo_mcap|yahoo_ret
VS,6896037.0,-0.43367347311149373,,2026-09-21T08:08:28Z,yahoo_mcap|yahoo_ret
WKSP,6425299.0,-0.875,,2026-09-21T08:08:28Z,yahoo_mcap|yahoo_ret
LHSW,5803625.0,-0.9906358879725881,,2026-09-21T08:08:28Z,yahoo_mcap|yahoo_ret
SKYE,7814848.0,-0.9448437504470348,,2026-09-21T08:08:28Z,yahoo_mcap|yahoo_ret
GP,7115206.0,-0.785411135450465,,2026-09-21T08:08:28Z,yahoo_mcap|yahoo_ret
TDIC,6622351.0,-0.9958832890032457,,2026-09-21T08:08:28Z,yahoo_mcap|yahoo_ret
CODX,6602233.0,-0.9280060916852593,,2026-09-21T08:08:28Z,yahoo_mcap|yahoo_ret
INBS,6467766.0,-0.8522727215257229,,2026-09-21T08:08:28Z,yahoo_mcap|yahoo_ret
BOLT,6857788.0,-0.3193116769031661,,2026-09-21T08:08:28Z,yahoo_mcap|yahoo_ret
CURX,6900260.0,-0.8151260404867617,,2026-09-21T08:08:28Z,yahoo_mcap|yahoo_ret
CGTL,6430013.0,-0.5587020836348144,,2026-09-21T08:08:28Z,yahoo_mcap|yahoo_ret
LEXX,6825018.0,-0.8258064546727323,,2026-09-21T08:08:28Z,yahoo_mcap|yahoo_ret
TAOP,6328509.0,-0.7891373795224499,,2026-09-21T08:08:28Z,yahoo_mcap|yahoo_ret
GELS,6018544.0,-0.5837037283631832,,2026-09-21T08:08:28Z,yahoo_mcap|yahoo_ret
WAFU,6218888.0,-0.18965519603830538,,2026-09-21T08:08:28Z,yahoo_mcap|yahoo_ret
KRKR,5960906.0,-0.6052287655845496,,2026-09-21T08:08:28Z,yahoo_mcap|yahoo_ret
QCLS,6251303.0,-0.8023315978807429,,2026-09-21T08:08:28Z,yahoo_mcap|yahoo_ret
GURE,6057193.0,-0.51594204811508,,2026-09-21T08:08:28Z,yahoo_mcap|yahoo_ret
SGLY,6160318.0,-0.9414182919153113,,2026-09-21T08:08:28Z,yahoo_mcap|yahoo_ret
NWTG,6344062.0,-0.4179104663503014,,2026-09-21T08:08:28Z,yahoo_mcap|yahoo_ret
ILAG,5856993.0,-0.5661538564241849,,2026-09-21T08:08:28Z,yahoo_mcap|yahoo_ret
AMBO,5819897.0,-0.4861110943870246,,2026-09-21T08:08:28Z,yahoo_mcap|yahoo_ret
NVNO,6236063.0,-0.7251569218505121,,2026-09-21T08:08:28Z,yahoo_mcap|yahoo_ret
BGMS,6205558.0,-0.7978494670242501,,2026-09-21T08:08:28Z,yahoo_mcap|yahoo_ret
AIDX,5939468.0,-0.9802935014133973,,2026-09-21T08:08:28Z,yahoo_mcap|yahoo_ret
KAPA,5856712.0,-0.7974238844495138,,2026-09-21T08:08:28Z,yahoo_mcap|yahoo_ret
SNOA,6129184.0,-0.6937798985751352,,2026-09-21T08:08:28Z,yahoo_mcap|yahoo_ret
BQ,5977487.0,-0.7460815085094504,,2026-09-21T08:08:28Z,yahoo_mcap|yahoo_ret
ACXP,5973856.0,-0.6609756053593241,,2026-09-21T08:08:28Z,yahoo_mcap|yahoo_ret
MITQ,6511402.0,-0.5148148445762556,,2026-09-21T08:08:28Z,yahoo_mcap|yahoo_ret
CDIO,5978127.0,-0.4937343418299779,,2026-09-21T08:08:28Z,yahoo_mcap|yahoo_ret
DAIC,4296859.0,-0.9601123600863339,,2026-09-21T08:08:28Z,yahoo_mcap|yahoo_ret
AUUD,6035172.0,-0.9408986799363483,,2026-09-21T08:08:28Z,yahoo_mcap|yahoo_ret
YMAT,5453740.0,-0.8299999982118607,,2026-09-21T08:08:28Z,yahoo_mcap|yahoo_ret
HXHX,6257472.0,-0.6304347645808255,,2026-09-21T08:08:28Z,yahoo_mcap|yahoo_ret
CXAI,5796769.0,-0.9373737344789499,,2026-09-21T08:08:28Z,yahoo_mcap|yahoo_ret
TRIB,5878944.0,-0.797478995390414,,2026-09-21T08:08:28Z,yahoo_mcap|yahoo_ret
AQB,5867812.0,-0.2597402506924976,,2026-09-21T08:08:28Z,yahoo_mcap|yahoo_ret
CRE,6041955.0,-0.6263079165898469,,2026-09-21T08:08:28Z,yahoo_mcap|yahoo_ret
EEIQ,6174836.0,-0.5157541296074684,,2026-09-21T08:08:28Z,yahoo_mcap|yahoo_ret
MRM,6166682.0,-0.5568181956725673,,2026-09-21T08:08:28Z,yahoo_mcap|yahoo_ret
ORKT,6306952.0,-0.5573770419720265,,2026-09-21T08:08:28Z,yahoo_mcap|yahoo_ret
XELB,5640523.0,-0.38143885613968587,,2026-09-21T08:08:28Z,yahoo_mcap|yahoo_ret
GLXG,5961515.0,-0.8316498332715613,,2026-09-21T08:08:28Z,yahoo_mcap|yahoo_ret
HKPD,5597531.0,-0.9142857170066566,,2026-09-21T08:08:28Z,yahoo_mcap|yahoo_ret
XTLB,5897911.0,-0.5041322273338813,,2026-09-21T08:08:28Z,yahoo_mcap|yahoo_ret
MEGL,5722376.0,-0.2756410021283444,,2026-09-21T08:08:28Z,yahoo_mcap|yahoo_ret
DRMA,5748040.0,-0.7863720067600232,,2026-09-21T08:08:28Z,yahoo_mcap|yahoo_ret
YCBD,5043391.0,-0.31610943267972336,,2026-09-21T08:08:28Z,yahoo_mcap|yahoo_ret
DXST,5648576.0,-0.9215384630056528,,2026-09-21T08:08:28Z,yahoo_mcap|yahoo_ret
CELZ,6367751.0,-0.7248148129531524,,2026-09-21T08:08:28Z,yahoo_mcap|yahoo_ret
GDC,5369625.0,-0.9992941176679326,,2026-09-21T08:08:28Z,yahoo_mcap|yahoo_ret
NCNA,5577041.0,-0.6368563651492261,,2026-09-21T08:08:28Z,yahoo_mcap|yahoo_ret
SYNX,5904651.0,-0.4506172943980097,,2026-09-21T08:08:28Z,yahoo_mcap|yahoo_ret
POLA,5386649.0,-0.5659722394689359,,2026-09-21T08:08:28Z,yahoo_mcap|yahoo_ret
SVRE,5474639.0,-0.8732638906135602,,2026-09-21T08:08:28Z,yahoo_mcap|yahoo_ret
PCSA,5475036.0,-0.5937823594555774,,2026-09-21T08:08:28Z,yahoo_mcap|yahoo_ret
DKI,5768364.0,-0.6518987383794334,,2026-09-21T08:08:28Z,yahoo_mcap|yahoo_ret
EHGO,5264508.0,-0.9115079338986377,,2026-09-21T08:08:28Z,yahoo_mcap|yahoo_ret
UZX,5377034.0,0.0482178279820924,,2026-09-21T08:08:28Z,yahoo_mcap|yahoo_ret
LCFY,5275319.0,-0.6460843445955713,,2026-09-21T08:08:28Z,yahoo_mcap|yahoo_ret
JWEL,5417578.0,0.28813559093729224,,2026-09-21T08:08:28Z,yahoo_mcap|yahoo_ret
CWD,5040710.0,-0.9287812014125864,,2026-09-21T08:08:28Z,yahoo_mcap|yahoo_ret
SPHL,5066837.0,-0.44881891288171316,,2026-09-21T08:08:28Z,yahoo_mcap|yahoo_ret
HCAI,5674903.0,-0.974434612732274,,2026-09-21T08:08:28Z,yahoo_mcap|yahoo_ret
CYAB,5421657.0,-0.9159891605482258,,2026-09-21T08:08:28Z,yahoo_mcap|yahoo_ret
BTTC,5000026.0,-0.9847789817971487,,2026-09-21T08:08:28Z,yahoo_mcap|yahoo_ret
GCDT,4944000.0,-0.908788598608451,,2026-09-21T08:08:28Z,yahoo_mcap|yahoo_ret
AGRZ,5049921.0,-0.9253205115714016,,2026-09-21T08:08:28Z,yahoo_mcap|yahoo_ret
FBGL,5271750.0,-0.43333332757443044,,2026-09-21T08:08:28Z,yahoo_mcap|yahoo_ret
POAS,5177808.0,-0.957402595170816,,2026-09-21T08:08:28Z,yahoo_mcap|yahoo_ret
PULM,5259290.0,-0.7108433631113988,,2026-09-21T08:08:28Z,yahoo_mcap|yahoo_ret
XBIO,6490611.0,-0.11501601289197005,,2026-09-21T08:08:28Z,yahoo_mcap|yahoo_ret
CHNR,4786838.0,-0.2303030122045271,,2026-09-21T08:08:28Z,yahoo_mcap|yahoo_ret
TWAV,5079156.0,-0.5732899116398982,,2026-09-21T08:08:28Z,yahoo_mcap|yahoo_ret
VEEE,5013474.0,-0.9041769060087403,,2026-09-21T08:08:28Z,yahoo_mcap|yahoo_ret
SNTG,4811132.0,-0.5249307248710938,,2026-09-21T08:08:28Z,yahoo_mcap|yahoo_ret
VMAR,4754175.0,-0.9987272726905929,,2026-09-21T08:08:28Z,yahoo_mcap|yahoo_ret
WBUY,4643591.0,-0.755202314010771,,2026-09-21T08:08:28Z,yahoo_mcap|yahoo_ret
OLB,4900143.0,-0.8510948938136731,,2026-09-21T08:08:28Z,yahoo_mcap|yahoo_ret
CNET,5099116.0,-0.33492820919691146,,2026-09-21T08:08:28Z,yahoo_mcap|yahoo_ret
CANF,4799305.0,-0.8276923069587121,,2026-09-21T08:08:28Z,yahoo_mcap|yahoo_ret
XPON,4432338.0,-0.6948818789236596,,2026-09-21T08:08:28Z,yahoo_mcap|yahoo_ret
CUPR,12536727.0,-0.8342592657184731,,2026-09-21T08:08:28Z,yahoo_mcap|yahoo_ret
RITR,4751969.0,-0.9500657016875614,,2026-09-21T08:08:28Z,yahoo_mcap|yahoo_ret
BIAF,5664940.0,-0.8737617042781194,,2026-09-21T08:08:28Z,yahoo_mcap|yahoo_ret
EZGO,4711107.0,-0.9983780821708784,,2026-09-21T08:08:28Z,yahoo_mcap|yahoo_ret
KITT,4772341.0,-0.9760853287802997,,2026-09-21T08:08:28Z,yahoo_mcap|yahoo_ret
FAMI,4642306.0,-0.9361702140307686,,2026-09-21T08:08:28Z,yahoo_mcap|yahoo_ret
NCRA,4704773.0,-0.9568627461165302,,2026-09-21T08:08:28Z,yahoo_mcap|yahoo_ret
AEMD,4487268.0,-0.8271232892389166,,2026-09-21T08:08:28Z,yahoo_mcap|yahoo_ret
YDKG,4599179.0,-0.9975297619544324,,2026-09-21T08:08:28Z,yahoo_mcap|yahoo_ret
LIMN,4674360.0,-0.944761904459151,,2026-09-21T08:08:28Z,yahoo_mcap|yahoo_ret
SONM,5150089.0,-0.7363206747031523,,2026-09-21T08:08:28Z,yahoo_mcap|yahoo_ret
NTCL,4363230.0,-0.9747500002384186,,2026-09-21T08:08:28Z,yahoo_mcap|yahoo_ret
MTR,4547159.0,-0.5543797580176446,,2026-09-21T08:08:28Z,yahoo_mcap|yahoo_ret
HYFM,4576911.0,-0.7058823583686619,,2026-09-21T08:08:28Z,yahoo_mcap|yahoo_ret
MLEC,4429319.0,-0.6524216427456518,,2026-09-21T08:08:28Z,yahoo_mcap|yahoo_ret
DFSC,4200292.0,-0.6928933957933523,,2026-09-21T08:08:28Z,yahoo_mcap|yahoo_ret
PMCB,4935177.0,-0.5309183883488249,,2026-09-21T08:08:28Z,yahoo_mcap|yahoo_ret
ABTS,4178778.0,-0.8224771322623738,,2026-09-21T08:08:28Z,yahoo_mcap|yahoo_ret
ERNA,4467055.0,-0.8848120323697427,,2026-09-21T08:08:28Z,yahoo_mcap|yahoo_ret
FRSX,5075603.0,-0.8019323652950393,,2026-09-21T08:08:28Z,yahoo_mcap|yahoo_ret
LABT,4715679.0,-0.9769942195429279,,2026-09-21T08:08:28Z,yahoo_mcap|yahoo_ret
SCKT,4280166.0,-0.509433953776483,,2026-09-21T08:08:28Z,yahoo_mcap|yahoo_ret
SNES,4324944.0,-0.8320987731843665,,2026-09-21T08:08:28Z,yahoo_mcap|yahoo_ret
RMSG,4559565.0,-0.8996441242036947,,2026-09-21T08:08:28Z,yahoo_mcap|yahoo_ret
STFS,4321469.0,-0.4447852920016929,,2026-09-21T08:08:28Z,yahoo_mcap|yahoo_ret
BRNX,4288418.0,-0.9945238095857364,,2026-09-21T08:08:28Z,yahoo_mcap|yahoo_ret
BGLC,4605504.0,-0.7076349933127362,,2026-09-21T08:08:28Z,yahoo_mcap|yahoo_ret
ATXG,4122909.0,-0.7181964590579633,,2026-09-21T08:08:28Z,yahoo_mcap|yahoo_ret
LESL,3887608.0,-0.9261565836110217,,2026-09-21T08:08:28Z,yahoo_mcap|yahoo_ret
RENX,4525017.0,-0.9326771628413938,,2026-09-21T08:08:28Z,yahoo_mcap|yahoo_ret
MSGY,4408820.0,-0.9837500005960464,,2026-09-21T08:08:28Z,yahoo_mcap|yahoo_ret
ADXN,4303869.0,-0.6218019819877544,,2026-09-21T08:08:28Z,yahoo_mcap|yahoo_ret
TGL,4408146.0,-0.9052520929946288,,2026-09-21T08:08:28Z,yahoo_mcap|yahoo_ret
HIHO,4163545.0,-0.44537816669376207,,2026-09-21T08:08:28Z,yahoo_mcap|yahoo_ret
NIKI,3843849.0,-0.7348314610955511,,2026-09-21T08:08:28Z,yahoo_mcap|yahoo_ret
INTJ,4089750.0,-0.7564102502521735,,2026-09-21T08:08:28Z,yahoo_mcap|yahoo_ret
KUST,4359596.0,-0.9764912274845859,,2026-09-21T08:08:28Z,yahoo_mcap|yahoo_ret
NXL,4064060.0,-0.8253119348077059,,2026-09-21T08:08:28Z,yahoo_mcap|yahoo_ret
TOPS,5420803.0,-0.8685185248142079,,2026-09-21T08:08:28Z,yahoo_mcap|yahoo_ret
OMH,4035964.0,-0.9617599983215332,,2026-09-21T08:08:28Z,yahoo_mcap|yahoo_ret
GRI,4219202.0,-0.9619179176020879,,2026-09-21T08:08:28Z,yahoo_mcap|yahoo_ret
JUNS,3770970.0,-0.9733333343114609,,2026-09-21T08:08:28Z,yahoo_mcap|yahoo_ret
CVKD,3817323.0,-0.9187547421219767,,2026-09-21T08:08:28Z,yahoo_mcap|yahoo_ret
EJH,4096197.0,-0.9533272558979673,,2026-09-21T08:08:28Z,yahoo_mcap|yahoo_ret
CETX,3493916.0,-0.9795877321902156,,2026-09-21T08:08:28Z,yahoo_mcap|yahoo_ret
TOPP,3285100.0,-0.9189024375174316,,2026-09-21T08:08:28Z,yahoo_mcap|yahoo_ret
NCPL,5812939.0,-0.6938016639251815,,2026-09-21T08:08:28Z,yahoo_mcap|yahoo_ret
REVB,3706170.0,-0.8490259691251029,,2026-09-21T08:08:28Z,yahoo_mcap|yahoo_ret
ZBAO,53319700.0,-0.8954128471847415,,2026-09-21T08:08:28Z,yahoo_mcap|yahoo_ret
ELAB,3869787.0,-0.9965778922947357,,2026-09-21T08:08:28Z,yahoo_mcap|yahoo_ret
CAPS,3609478.0,-0.8714285641300434,,2026-09-21T08:08:28Z,yahoo_mcap|yahoo_ret
NXAT,3754417.0,-0.9830409365388315,,2026-09-21T08:08:28Z,yahoo_mcap|yahoo_ret
TRNR,4141188.0,-0.9872448977936842,,2026-09-21T08:08:28Z,yahoo_mcap|yahoo_ret
GBR,3607749.0,-0.33333331441122305,,2026-09-21T08:08:28Z,yahoo_mcap|yahoo_ret
FMFC,3824700.0,-0.9844029841591133,,2026-09-21T08:08:28Z,yahoo_mcap|yahoo_ret
WLDS,3738806.0,-0.9685495567279323,,2026-09-21T08:08:28Z,yahoo_mcap|yahoo_ret
CDTG,3746073.0,-0.9417840350257277,,2026-09-21T08:08:28Z,yahoo_mcap|yahoo_ret
IVDA,4006088.0,-0.7922077917051388,,2026-09-21T08:08:28Z,yahoo_mcap|yahoo_ret
BRTX,3715234.0,0.8551723922475489,,2026-09-21T08:08:28Z,yahoo_mcap|yahoo_ret
BKYI,3562133.0,-0.6820512873808229,,2026-09-21T08:08:28Z,yahoo_mcap|yahoo_ret
HCWB,3433926.0,-0.9263199343339975,,2026-09-21T08:08:28Z,yahoo_mcap|yahoo_ret
RIME,3652879.0,-0.903508771241867,,2026-09-21T08:08:28Z,yahoo_mcap|yahoo_ret
MBIO,4089579.0,-0.6766466854284485,,2026-09-21T08:08:28Z,yahoo_mcap|yahoo_ret
FCUV,3591027.0,-0.961865670645415,,2026-09-21T08:08:28Z,yahoo_mcap|yahoo_ret
RDHL,3455787.0,-0.6639053258194334,,2026-09-21T08:08:28Z,yahoo_mcap|yahoo_ret
VVOS,3283261.0,-0.9526162791302102,,2026-09-21T08:08:28Z,yahoo_mcap|yahoo_ret
SDST,1815491.0,-0.9559859141627608,,2026-09-21T08:08:28Z,yahoo_mcap|yahoo_ret
GOVX,3245602.0,-0.9779629644128792,,2026-09-21T08:08:28Z,yahoo_mcap|yahoo_ret
PRFX,3569126.0,-0.8621621665160442,,2026-09-21T08:08:28Z,yahoo_mcap|yahoo_ret
VIVS,3039709.0,-0.9445783135212287,,2026-09-21T08:08:28Z,yahoo_mcap|yahoo_ret
CPOP,4144873.0,-0.7398734124114433,,2026-09-21T08:08:28Z,yahoo_mcap|yahoo_ret
RDGT,3302881.0,-0.9955061727099949,,2026-09-21T08:08:28Z,yahoo_mcap|yahoo_ret
SBFM,3488827.0,-0.9387755110315792,,2026-09-21T08:08:28Z,yahoo_mcap|yahoo_ret
PAVS,3512300.0,-0.9999624815618394,,2026-09-21T08:08:28Z,yahoo_mcap|yahoo_ret
MASK,3360682.0,-0.9381697142353715,,2026-09-21T08:08:28Z,yahoo_mcap|yahoo_ret
ISPC,3349724.0,-0.9764184395933911,,2026-09-21T08:08:28Z,yahoo_mcap|yahoo_ret
GVH,3115958.0,-0.7502420190937971,,2026-09-21T08:08:28Z,yahoo_mcap|yahoo_ret
PARA,3301683.0,-0.9792166544837818,,2026-09-21T08:08:28Z,yahoo_mcap|yahoo_ret
ICON,3766706.0,-0.9067264576292323,,2026-09-21T08:08:28Z,yahoo_mcap|yahoo_ret
TCRT,3048576.0,-0.5041322273338813,,2026-09-21T08:08:28Z,yahoo_mcap|yahoo_ret
INLF,2932901.0,-0.9989685582602682,,2026-09-21T08:08:28Z,yahoo_mcap|yahoo_ret
SXTP,3362240.0,-0.8242647131653599,,2026-09-21T08:08:28Z,yahoo_mcap|yahoo_ret
BOXL,3247299.0,-0.9212962947239463,,2026-09-21T08:08:28Z,yahoo_mcap|yahoo_ret
APVO,3330795.0,-0.9419191914250712,,2026-09-21T08:08:28Z,yahoo_mcap|yahoo_ret
SXTC,3171403.0,-0.9998974358933603,,2026-09-21T08:08:28Z,yahoo_mcap|yahoo_ret
CLDI,2842602.0,-0.9553571407836974,,2026-09-21T08:08:28Z,yahoo_mcap|yahoo_ret
NUWE,2848095.0,-0.9927360777637266,,2026-09-21T08:08:28Z,yahoo_mcap|yahoo_ret
HTCR,3023079.0,-0.875208276114757,,2026-09-21T08:08:28Z,yahoo_mcap|yahoo_ret
XAIR,3041817.0,-0.9307174883433624,,2026-09-21T08:08:28Z,yahoo_mcap|yahoo_ret
RBNE,3277450.0,-0.9753383454822359,,2026-09-21T08:08:28Z,yahoo_mcap|yahoo_ret
XRTX,3487804.0,-0.5379061708463269,,2026-09-21T08:08:28Z,yahoo_mcap|yahoo_ret
MKZR,3089506.0,-0.7453531643817186,,2026-09-21T08:08:28Z,yahoo_mcap|yahoo_ret
SILO,3225980.0,-0.8206627687785998,,2026-09-21T08:08:28Z,yahoo_mcap|yahoo_ret
LXEH,3162500.0,-0.9414893641305649,,2026-09-21T08:08:28Z,yahoo_mcap|yahoo_ret
OCG,2888085.0,-0.9994280596393096,,2026-09-21T08:08:28Z,yahoo_mcap|yahoo_ret
CNEY,3093065.0,-0.7594050705561505,,2026-09-21T08:08:28Z,yahoo_mcap|yahoo_ret
CHR,3658906.0,-0.9868354435208477,,2026-09-21T08:08:28Z,yahoo_mcap|yahoo_ret
ONCO,2799153.0,-0.9956969697066028,,2026-09-21T08:08:28Z,yahoo_mcap|yahoo_ret
CSAI,2801934.0,-0.933539092171095,,2026-09-21T08:08:28Z,yahoo_mcap|yahoo_ret
KXIN,65653904.0,-0.9957434314584948,,2026-09-21T08:08:28Z,yahoo_mcap|yahoo_ret
AGMH,2976000.0,-0.9199226308664343,,2026-09-21T08:08:28Z,yahoo_mcap|yahoo_ret
CMND,2691634.0,-0.9983214285193371,,2026-09-21T08:08:28Z,yahoo_mcap|yahoo_ret
ITP,2746701.0,-0.33333333333333337,,2026-09-21T08:08:28Z,yahoo_mcap|yahoo_ret
TNON,2721551.0,-0.9074829917261722,,2026-09-21T08:08:28Z,yahoo_mcap|yahoo_ret
GNPX,2827996.0,-0.9865392110339446,,2026-09-21T08:08:28Z,yahoo_mcap|yahoo_ret
CRIS,2425078.0,-0.9705882352941176,,2026-09-21T08:08:28Z,yahoo_mcap|yahoo_ret
EDBL,2673567.0,-0.9983454106222605,,2026-09-21T08:08:28Z,yahoo_mcap|yahoo_ret
KIDZ,2556210.0,-0.999706666663841,,2026-09-21T08:08:28Z,yahoo_mcap|yahoo_ret
FLYE,2611817.0,-0.8940397361972698,,2026-09-21T08:08:28Z,yahoo_mcap|yahoo_ret
CDT,2382732.0,-0.9998793342614472,,2026-09-21T08:08:28Z,yahoo_mcap|yahoo_ret
SPRC,2620188.0,-0.8949452551404222,,2026-09-21T08:08:28Z,yahoo_mcap|yahoo_ret
JEM,2614017.0,-0.9658052036580853,,2026-09-21T08:08:28Z,yahoo_mcap|yahoo_ret
PW,2544141.0,-0.2548387434182373,,2026-09-21T08:08:28Z,yahoo_mcap|yahoo_ret
APUS,2671138.0,-0.9123762418774806,,2026-09-21T08:08:28Z,yahoo_mcap|yahoo_ret
VSME,2469760.0,-0.9840535713093621,,2026-09-21T08:08:28Z,yahoo_mcap|yahoo_ret
PPBT,2342688.0,-0.7530017022187078,,2026-09-21T08:08:28Z,yahoo_mcap|yahoo_ret
CHSN,2438510.0,-0.9961956523466802,,2026-09-21T08:08:28Z,yahoo_mcap|yahoo_ret
NXGL,2590928.0,-0.8976923029309898,,2026-09-21T08:08:28Z,yahoo_mcap|yahoo_ret
DBGI,2568636.0,-0.9868683905101626,,2026-09-21T08:08:28Z,yahoo_mcap|yahoo_ret
RUBI,2042202.0,-0.9999923612093616,,2026-09-21T08:08:28Z,yahoo_mcap|yahoo_ret
ATPC,2231396.0,-0.9654263562934343,,2026-09-21T08:08:28Z,yahoo_mcap|yahoo_ret
GSUN,2406928.0,-0.9194630895639389,,2026-09-21T08:08:28Z,yahoo_mcap|yahoo_ret
IVF,2431760.0,-0.9724744613391167,,2026-09-21T08:08:28Z,yahoo_mcap|yahoo_ret
MTNB,2356724.0,-0.9085714306150164,,2026-09-21T08:08:28Z,yahoo_mcap|yahoo_ret
RAYA,2025043.0,-0.9854545457796617,,2026-09-21T08:08:28Z,yahoo_mcap|yahoo_ret
ELPW,2320901.0,-0.9998709577109486,,2026-09-21T08:08:28Z,yahoo_mcap|yahoo_ret
CHGA,2318847.0,-0.9615241642639865,,2026-09-21T08:08:28Z,yahoo_mcap|yahoo_ret
CIIT,2341083.0,-0.9519841269240568,,2026-09-21T08:08:28Z,yahoo_mcap|yahoo_ret
OGEN,2150850.0,-0.5966386838734081,,2026-09-21T08:08:28Z,yahoo_mcap|yahoo_ret
GWAV,2032596.0,-0.6514936024802043,,2026-09-21T08:08:28Z,yahoo_mcap|yahoo_ret
SSM,2211899.0,-0.841052632582815,,2026-09-21T08:08:28Z,yahoo_mcap|yahoo_ret
EZRA,2150883.0,-0.9081282026158326,,2026-09-21T08:08:28Z,yahoo_mcap|yahoo_ret
SHFS,2004105.0,-0.9495356032381229,,2026-09-21T08:08:28Z,yahoo_mcap|yahoo_ret
STKH,2115895.0,-0.8694158109105715,,2026-09-21T08:08:28Z,yahoo_mcap|yahoo_ret
SLXN,2421491.0,-0.9875428574425834,,2026-09-21T08:08:28Z,yahoo_mcap|yahoo_ret
ARTL,2158229.0,-0.9740345333162785,,2026-09-21T08:08:28Z,yahoo_mcap|yahoo_ret
IPST,1991555.0,-0.9885000000397365,,2026-09-21T08:08:28Z,yahoo_mcap|yahoo_ret
ONFO,2014167.0,-0.9852072075680569,,2026-09-21T08:08:28Z,yahoo_mcap|yahoo_ret
VRAX,2024349.0,-0.8382165609738363,,2026-09-21T08:08:28Z,yahoo_mcap|yahoo_ret
WETO,1821483.0,-0.9925221236406174,,2026-09-21T08:08:28Z,yahoo_mcap|yahoo_ret
JTAI,1954866.0,-0.9784174104952263,,2026-09-21T08:08:28Z,yahoo_mcap|yahoo_ret
NXTS,1903866.0,-0.9638720352063119,,2026-09-21T08:08:28Z,yahoo_mcap|yahoo_ret
VBIO,1881688.0,-0.9723778516539533,,2026-09-21T08:08:28Z,yahoo_mcap|yahoo_ret
SQFT,1807384.0,-0.8090909077773081,,2026-09-21T08:08:28Z,yahoo_mcap|yahoo_ret
SHPH,1878264.0,-0.921515894415899,,2026-09-21T08:08:28Z,yahoo_mcap|yahoo_ret
GCTK,1972023.0,-0.9751633976429811,,2026-09-21T08:08:28Z,yahoo_mcap|yahoo_ret
IBG,4262727.0,-0.8832369901728543,,2026-09-21T08:08:28Z,yahoo_mcap|yahoo_ret
BYAH,1917220.0,-0.9881862740890652,,2026-09-21T08:08:28Z,yahoo_mcap|yahoo_ret
DCOY,1821414.0,-0.9463734574998648,,2026-09-21T08:08:28Z,yahoo_mcap|yahoo_ret
EDVA,1703866.0,-0.9719178081772345,,2026-09-21T08:08:28Z,yahoo_mcap|yahoo_ret
RNAZ,27935720.0,-0.8588537181021831,,2026-09-21T08:08:28Z,yahoo_mcap|yahoo_ret
OIG,1154689792.0,,,2026-09-21T08:08:28Z,yahoo_mcap
IMTE,1764574.0,-0.580327858760837,,2026-09-21T08:08:28Z,yahoo_mcap|yahoo_ret
VIVK,1715684.0,-0.999716630513474,,2026-09-21T08:08:28Z,yahoo_mcap|yahoo_ret
IPW,1616878.0,-0.9984953702540165,,2026-09-21T08:08:28Z,yahoo_mcap|yahoo_ret
GNLN,1646069.0,-0.9165492986833451,,2026-09-21T08:08:28Z,yahoo_mcap|yahoo_ret
RETO,6717895.0,-0.9926771650707015,,2026-09-21T08:08:28Z,yahoo_mcap|yahoo_ret
MNDR,1529008.0,-0.9448037972439923,,2026-09-21T08:08:28Z,yahoo_mcap|yahoo_ret
YHC,1668936.0,-0.9860262009529247,,2026-09-21T08:08:28Z,yahoo_mcap|yahoo_ret
PWCM,1758252.0,-0.9678688518336562,,2026-09-21T08:08:28Z,yahoo_mcap|yahoo_ret
JZ,1673777.0,-0.9873751134881115,,2026-09-21T08:08:28Z,yahoo_mcap|yahoo_ret
IPDN,1628068.0,0.6328503494905502,,2026-09-21T08:08:28Z,yahoo_mcap|yahoo_ret
LNKS,1606613.0,-0.9929701230228472,,2026-09-21T08:08:28Z,yahoo_mcap|yahoo_ret
AKAN,1741508.0,-0.9593840917454554,,2026-09-21T08:08:28Z,yahoo_mcap|yahoo_ret
PMAX,1641230.0,-0.9621439876909621,,2026-09-21T08:08:28Z,yahoo_mcap|yahoo_ret
DXF,1617978.0,-0.8997995946023942,,2026-09-21T08:08:28Z,yahoo_mcap|yahoo_ret
NIVF,1535468.0,-0.9992917651957892,,2026-09-21T08:08:28Z,yahoo_mcap|yahoo_ret
OFAL,1566408.0,-0.954307693701524,,2026-09-21T08:08:28Z,yahoo_mcap|yahoo_ret
PPCB,1389806.0,-0.9887037034387942,,2026-09-21T08:08:28Z,yahoo_mcap|yahoo_ret
DRCT,1316472.0,-0.9800146230259894,,2026-09-21T08:08:28Z,yahoo_mcap|yahoo_ret
SNYR,1348439.0,-0.4033148827863098,,2026-09-21T08:08:28Z,yahoo_mcap|yahoo_ret
WHLR,999271.0,-0.9998925037956423,,2026-09-21T08:08:28Z,yahoo_mcap|yahoo_ret
SMTK,1237952.0,-0.9697931026590282,,2026-09-21T08:08:28Z,yahoo_mcap|yahoo_ret
BBLG,1430393.0,-0.7540284267276958,,2026-09-21T08:08:28Z,yahoo_mcap|yahoo_ret
ZNB,1435392.0,-0.9989488636228171,,2026-09-21T08:08:28Z,yahoo_mcap|yahoo_ret
SGRX,1436674.0,-0.9860446572670986,,2026-09-21T08:08:28Z,yahoo_mcap|yahoo_ret
OLOX,1709127.0,-0.9895112015947144,,2026-09-21T08:08:28Z,yahoo_mcap|yahoo_ret
FCHL,1384679.0,-0.9996759259406431,,2026-09-21T08:08:28Z,yahoo_mcap|yahoo_ret
MSS,1358040.0,-0.9669491542889037,,2026-09-21T08:08:28Z,yahoo_mcap|yahoo_ret
MYSZ,1180107.0,-0.8221544743025482,,2026-09-21T08:08:28Z,yahoo_mcap|yahoo_ret
XXII,1278049.0,-0.9969712352591319,,2026-09-21T08:08:28Z,yahoo_mcap|yahoo_ret
GIPR,2182296.0,-0.9381034507635232,,2026-09-21T08:08:28Z,yahoo_mcap|yahoo_ret
SUGP,1237874.0,-0.9839870346278058,,2026-09-21T08:08:28Z,yahoo_mcap|yahoo_ret
RKDA,1093781.0,-0.874585632448111,,2026-09-21T08:08:28Z,yahoo_mcap|yahoo_ret
SCNI,1057026.0,-0.9006369451126408,,2026-09-21T08:08:28Z,yahoo_mcap|yahoo_ret
SOBR,803771.0,-0.9559171600920042,,2026-09-21T08:08:28Z,yahoo_mcap|yahoo_ret
PFSA,1156936.0,-0.9992352352486,,2026-09-21T08:08:28Z,yahoo_mcap|yahoo_ret
AMZE,1080192.0,-0.9946428572514662,,2026-09-21T08:08:28Z,yahoo_mcap|yahoo_ret
VCIG,1027530.0,-0.9998195259875384,,2026-09-21T08:08:28Z,yahoo_mcap|yahoo_ret
HAO,1050781.0,-0.9990958921453342,,2026-09-21T08:08:28Z,yahoo_mcap|yahoo_ret
IMCC,2554585.0,-0.9273195882539049,,2026-09-21T08:08:28Z,yahoo_mcap|yahoo_ret
JAGX,1176492.0,-0.9972247823470077,,2026-09-21T08:08:28Z,yahoo_mcap|yahoo_ret
YMT,953142.0,-0.9962962962962963,,2026-09-21T08:08:28Z,yahoo_mcap|yahoo_ret
FEED,728812.0,-0.9913773149119074,,2026-09-21T08:08:28Z,yahoo_mcap|yahoo_ret
NEXR,953263.0,-0.9976017503137273,,2026-09-21T08:08:28Z,yahoo_mcap|yahoo_ret
BJDX,951937.0,-0.8424657546829654,,2026-09-21T08:08:28Z,yahoo_mcap|yahoo_ret
BDRX,751218.0,-0.9779122530733707,,2026-09-21T08:08:28Z,yahoo_mcap|yahoo_ret
TRUG,958006.0,-0.9828571425464425,,2026-09-21T08:08:28Z,yahoo_mcap|yahoo_ret
IZM,605712.0,-0.4750000248352677,,2026-09-21T08:08:28Z,yahoo_mcap|yahoo_ret
FRGT,360553.0,-0.9814705883755404,,2026-09-21T08:08:28Z,yahoo_mcap|yahoo_ret
RCON,589078.0,-0.9967661692728451,,2026-09-21T08:08:28Z,yahoo_mcap|yahoo_ret
VTAK,541420.0,-0.9375,,2026-09-21T08:08:28Z,yahoo_mcap|yahoo_ret
MI,476125.0,-0.4280955180815208,,2026-09-21T08:08:28Z,yahoo_mcap|yahoo_ret
CISS,353978.0,-0.9998994073641724,,2026-09-21T08:08:28Z,yahoo_mcap|yahoo_ret
GMEX,378699.0,-0.9998736879280691,,2026-09-21T08:08:28Z,yahoo_mcap|yahoo_ret
LGHL,364537.0,-0.9977188726591735,,2026-09-21T08:08:28Z,yahoo_mcap|yahoo_ret
AIXI,274862.0,-0.9406250037252902,,2026-09-21T08:08:28Z,yahoo_mcap|yahoo_ret
CTNT,149123.0,-0.9998736559183047,,2026-09-21T08:08:28Z,yahoo_mcap|yahoo_ret
MGN,120402.0,-0.9993290378056031,,2026-09-21T08:08:28Z,yahoo_mcap|yahoo_ret
FGL,52697.0,-0.9995929203624219,,2026-09-21T08:08:28Z,yahoo_mcap|yahoo_ret
YYAI,37875.0,-0.9999917545873638,,2026-09-21T08:08:28Z,yahoo_mcap|yahoo_ret
LBGJ,32574.0,-0.9999259541962893,,2026-09-21T08:08:28Z,yahoo_mcap|yahoo_ret
EAI,,-0.041973683827513986,,2026-09-21T08:08:28Z,yahoo_ret
BDL,,0.3661615832916407,,2026-09-21T08:08:28Z,yahoo_ret
CET,,0.15075452361595842,,2026-09-21T08:08:28Z,yahoo_ret
CMC,,0.12200122112105438,,2026-09-21T08:08:28Z,yahoo_ret
DCI,,0.08001336449172758,,2026-09-21T08:08:28Z,yahoo_ret
EBF,,0.23737490306907794,,2026-09-21T08:08:28Z,yahoo_ret
ESP,,0.4494583006485453,,2026-09-21T08:08:28Z,yahoo_ret
GPJA,,-0.13547556188146925,,2026-09-21T08:08:28Z,yahoo_ret
IMO,,0.4442136971926762,,2026-09-21T08:08:28Z,yahoo_ret
MCY,,0.2866900059654671,,2026-09-21T08:08:28Z,yahoo_ret
MSB,,-0.32439208881345916,,2026-09-21T08:08:28Z,yahoo_ret
MXC,,0.32388073401882544,,2026-09-21T08:08:28Z,yahoo_ret
EMP,,-0.024116975457922463,,2026-09-21T08:08:28Z,yahoo_ret
NRUC,,-0.07233857732882021,,2026-09-21T08:08:28Z,yahoo_ret
ENJ,,-0.06077950116776676,,2026-09-21T08:08:28Z,yahoo_ret
NL,,0.2474310822143868,,2026-09-21T08:08:28Z,yahoo_ret
ODC,,0.37516195486605897,,2026-09-21T08:08:28Z,yahoo_ret
PHI,,-0.020145522659911763,,2026-09-21T08:08:28Z,yahoo_ret
SIF,,1.9124295284511494,,2026-09-21T08:08:28Z,yahoo_ret
SOR,,0.06284874768425985,,2026-09-21T08:08:28Z,yahoo_ret
UUU,,-0.12342534669655358,,2026-09-21T08:08:28Z,yahoo_ret
WMK,,0.03875908203490219,,2026-09-21T08:08:28Z,yahoo_ret
CMS-PB,,-0.008383111870449045,,2026-09-21T08:08:28Z,yahoo_ret
ITT,,0.13843750475228767,,2026-09-21T08:08:28Z,yahoo_ret
SJT,,-0.4774305779762833,,2026-09-21T08:08:28Z,yahoo_ret
RGS,66779192.0,-0.0551822195978281,,2026-09-21T08:08:28Z,yahoo_mcap|yahoo_ret
TRT,,2.9818511111949593,,2026-09-21T08:08:28Z,yahoo_ret
JHI,,-0.04315795080717599,,2026-09-21T08:08:28Z,yahoo_ret
DSS,,-0.49928572346969546,,2026-09-21T08:08:28Z,yahoo_ret
VGZ,,0.004444440205891853,,2026-09-21T08:08:28Z,yahoo_ret
USA,,-0.0006138773490519389,,2026-09-21T08:08:28Z,yahoo_ret
HQH,,0.4340644585134037,,2026-09-21T08:08:28Z,yahoo_ret
CIK,,-0.12014811738404929,,2026-09-21T08:08:28Z,yahoo_ret
MGF,,-0.030322244593528835,,2026-09-21T08:08:28Z,yahoo_ret
NNY,,-0.012248799124645271,,2026-09-21T08:08:28Z,yahoo_ret
NCA,,0.028681808364310113,,2026-09-21T08:08:28Z,yahoo_ret
CHSCP,,-0.05858901698870489,,2026-09-21T08:08:28Z,yahoo_ret
MIN,,-0.04654368465468184,,2026-09-21T08:08:28Z,yahoo_ret
PPT,,-0.029058116929024935,,2026-09-21T08:08:28Z,yahoo_ret
NMI,,0.023011862133003325,,2026-09-21T08:08:28Z,yahoo_ret
FT,,-0.0054956935849447275,,2026-09-21T08:08:28Z,yahoo_ret
WDS,,0.6115395636496781,,2026-09-21T08:08:28Z,yahoo_ret
VLT,,-0.07014347220644468,,2026-09-21T08:08:28Z,yahoo_ret
PDT,,-0.014551664261520436,,2026-09-21T08:08:28Z,yahoo_ret
JOF,,0.26891519278820253,,2026-09-21T08:08:28Z,yahoo_ret
CEE,,0.2624961184058656,,2026-09-21T08:08:28Z,yahoo_ret
AZO,46613950464.0,-0.3103715249691107,,2026-09-21T08:08:28Z,cluster_seed|yahoo_ret
VKQ,,0.03445696840688783,,2026-09-21T08:08:28Z,yahoo_ret
PFO,,-0.031176578673874134,,2026-09-21T08:08:28Z,yahoo_ret
MYI,,-0.019921535316226424,,2026-09-21T08:08:28Z,yahoo_ret
NXP,,-0.02865434757683072,,2026-09-21T08:08:28Z,yahoo_ret
HQL,,0.5591612018148997,,2026-09-21T08:08:28Z,yahoo_ret
VMO,,0.049115405551057645,,2026-09-21T08:08:28Z,yahoo_ret
IQI,,0.06073606061197134,,2026-09-21T08:08:28Z,yahoo_ret
FC,,-0.12556959707525717,,2026-09-21T08:08:28Z,yahoo_ret
CCU,,-0.025264163387841432,,2026-09-21T08:08:28Z,yahoo_ret
BLX,,0.20797124059804428,,2026-09-21T08:08:28Z,yahoo_ret
NAZ,,0.05880887459596584,,2026-09-21T08:08:28Z,yahoo_ret
VPV,,0.12868589832458088,,2026-09-21T08:08:28Z,yahoo_ret
NMT,,0.026021896467447014,,2026-09-21T08:08:28Z,yahoo_ret
PMO,,-0.025846539289774206,,2026-09-21T08:08:28Z,yahoo_ret
HIO,,-0.051904838613919924,,2026-09-21T08:08:28Z,yahoo_ret
KOF,,0.33275995129776903,,2026-09-21T08:08:28Z,yahoo_ret
RCG,,0.15771222107345872,,2026-09-21T08:08:28Z,yahoo_ret
DIT,,-0.1499430118271463,,2026-09-21T08:08:28Z,yahoo_ret
TEO,,1.0326409902818603,,2026-09-21T08:08:28Z,yahoo_ret
CYD,,-0.0958589984404371,,2026-09-21T08:08:28Z,yahoo_ret
ICL,,-0.10300485694301864,,2026-09-21T08:08:28Z,yahoo_ret
MSM,,0.3938683852679534,,2026-09-21T08:08:28Z,yahoo_ret
IDT,,0.04854339573193078,,2026-09-21T08:08:28Z,yahoo_ret
MHD,,-0.021998425513818698,,2026-09-21T08:08:28Z,yahoo_ret
TSM,2254404845568.0,0.6584379351454985,,2026-09-21T08:08:28Z,yahoo_mcap|yahoo_ret
LTM,,0.0871450029244758,,2026-09-21T08:08:28Z,yahoo_ret
MUJ,,0.07891839154768143,,2026-09-21T08:08:28Z,yahoo_ret
DHY,,-0.12360087786623952,,2026-09-21T08:08:28Z,yahoo_ret
NAC,,0.010186296194216293,,2026-09-21T08:08:28Z,yahoo_ret
SVA,,,,2026-09-21T08:08:28Z,empty
ARL,,-0.05298415843585336,,2026-09-21T08:08:28Z,yahoo_ret
ASR,,-0.2615615243760522,,2026-09-21T08:08:28Z,yahoo_ret
THM,,0.6249999161809696,,2026-09-21T08:08:28Z,yahoo_ret
PCQ,,-0.01099037450832907,,2026-09-21T08:08:28Z,yahoo_ret
JRS,,0.02814645219817402,,2026-09-21T08:08:28Z,yahoo_ret
BHK,,-0.05017111612643477,,2026-09-21T08:08:28Z,yahoo_ret
AFB,,-0.01979246542980151,,2026-09-21T08:08:28Z,yahoo_ret
WEA,,-0.04107922042256895,,2026-09-21T08:08:28Z,yahoo_ret
BHV,,0.21510162050797121,,2026-09-21T08:08:28Z,yahoo_ret
PML,,-0.06333234812174393,,2026-09-21T08:08:28Z,yahoo_ret
NRP,,0.10459215287593615,,2026-09-21T08:08:28Z,yahoo_ret
HPI,,-0.06088399626975993,,2026-09-21T08:08:28Z,yahoo_ret
SNX,,0.7931169963819114,,2026-09-21T08:08:28Z,yahoo_ret
NBH,,-0.021478806292148822,,2026-09-21T08:08:28Z,yahoo_ret
SPCX,2012989751296.0,-0.05119596390563952,,2026-09-21T08:08:28Z,yahoo_mcap|yahoo_ret
NCV,,0.1618810753040345,,2026-09-21T08:08:28Z,yahoo_ret
AVK,,0.06145618235338102,,2026-09-21T08:08:28Z,yahoo_ret
GLD,,0.18276437906291476,,2026-09-21T08:08:28Z,yahoo_ret
EVV,,-0.06316457654485919,,2026-09-21T08:08:28Z,yahoo_ret
JQC,,-0.005346507138788925,,2026-09-21T08:08:28Z,yahoo_ret
EMD,,0.055424969252973355,,2026-09-21T08:08:28Z,yahoo_ret
FTF,,-0.015354737244496985,,2026-09-21T08:08:28Z,yahoo_ret
FRA,,-0.07446689617958357,,2026-09-21T08:08:28Z,yahoo_ret
IPB,,0.01638604013739564,,2026-09-21T08:08:28Z,yahoo_ret
WIW,,-0.006719183053229494,,2026-09-21T08:08:28Z,yahoo_ret
TYG,,0.14065629122603518,,2026-09-21T08:08:28Z,yahoo_ret
UTF,,0.07865652472227946,,2026-09-21T08:08:28Z,yahoo_ret
JFR,,0.0390775084703785,,2026-09-21T08:08:28Z,yahoo_ret
IAU,,0.18418779472710423,,2026-09-21T08:08:28Z,yahoo_ret
ERH,,-0.041423059455024225,,2026-09-21T08:08:28Z,yahoo_ret
KTN,,0.060241220072701385,,2026-09-21T08:08:28Z,yahoo_ret
KTH,,0.05083389389613435,,2026-09-21T08:08:28Z,yahoo_ret
JBK,,0.03172681277503542,,2026-09-21T08:08:28Z,yahoo_ret
GJH,,0.03147639241942568,,2026-09-21T08:08:28Z,yahoo_ret
EVG,,-0.014376128140618616,,2026-09-21T08:08:28Z,yahoo_ret
EFT,,-0.041852078940961435,,2026-09-21T08:08:28Z,yahoo_ret
PYT,,0.07919473153373535,,2026-09-21T08:08:28Z,yahoo_ret
GGN,,0.19114236313834532,,2026-09-21T08:08:28Z,yahoo_ret
BME,,0.3187852706306935,,2026-09-21T08:08:28Z,yahoo_ret
GLQ,,0.12637374525787637,,2026-09-21T08:08:28Z,yahoo_ret
BOE,,0.14424651857750836,,2026-09-21T08:08:28Z,yahoo_ret
GAIN,,0.20185656550341458,,2026-09-21T08:08:28Z,yahoo_ret
USO,,1.0922199992881167,,2026-09-21T08:08:28Z,yahoo_ret
DBC,,0.5291236033912299,,2026-09-21T08:08:28Z,yahoo_ret
FXE,,-0.01474410037406515,,2026-09-21T08:08:28Z,yahoo_ret
SLV,,0.5350921849322978,,2026-09-21T08:08:28Z,yahoo_ret
GSG,,0.5988552548254831,,2026-09-21T08:08:28Z,yahoo_ret
IGA,,0.18990986583569525,,2026-09-21T08:08:28Z,yahoo_ret
ETY,,-0.046033554075112226,,2026-09-21T08:08:28Z,yahoo_ret
GJO,,0.024552459513561775,,2026-09-21T08:08:28Z,yahoo_ret
TX,,0.674082284388761,,2026-09-21T08:08:28Z,yahoo_ret
GJP,,0.028985961745700894,,2026-09-21T08:08:28Z,yahoo_ret
ELC,,-0.055453049534993304,,2026-09-21T08:08:28Z,yahoo_ret
ASTI,,0.3395348775315894,,2026-09-21T08:08:28Z,yahoo_ret
GLO,,0.06081773063903051,,2026-09-21T08:08:28Z,yahoo_ret
GJR,,0.03354434157959152,,2026-09-21T08:08:28Z,yahoo_ret
FXB,,0.015034947374497287,,2026-09-21T08:08:28Z,yahoo_ret
FXC,,-0.013848316444621145,,2026-09-21T08:08:28Z,yahoo_ret
FXY,,-0.05965587982629905,,2026-09-21T08:08:28Z,yahoo_ret
FXA,,0.09298298171536135,,2026-09-21T08:08:28Z,yahoo_ret
FXF,,-0.0375494099589917,,2026-09-21T08:08:28Z,yahoo_ret
GJS,,0.06737105403711774,,2026-09-21T08:08:28Z,yahoo_ret
GJT,,0.05408666400109774,,2026-09-21T08:08:28Z,yahoo_ret
AGD,,0.026192577182132526,,2026-09-21T08:08:28Z,yahoo_ret
DAC,,0.7797668001720168,,2026-09-21T08:08:28Z,yahoo_ret
EDU,,0.08523993416101794,,2026-09-21T08:08:28Z,yahoo_ret
UNG,,-0.17183770086339012,,2026-09-21T08:08:28Z,yahoo_ret
BTZ,,-0.037838598533094236,,2026-09-21T08:08:28Z,yahoo_ret
EXG,,0.15204061110350375,,2026-09-21T08:08:28Z,yahoo_ret
DBP,,0.22879734103585303,,2026-09-21T08:08:28Z,yahoo_ret
DBO,,0.9351836933723332,,2026-09-21T08:08:28Z,yahoo_ret
DBE,,1.0429248334641463,,2026-09-21T08:08:28Z,yahoo_ret
DBA,,0.08139476096004605,,2026-09-21T08:08:28Z,yahoo_ret
DBB,,0.3191173224152053,,2026-09-21T08:08:28Z,yahoo_ret
UDN,,-0.009856225189326828,,2026-09-21T08:08:28Z,yahoo_ret
UUP,,0.07034588530683172,,2026-09-21T08:08:28Z,yahoo_ret
JCE,,0.16411917099305695,,2026-09-21T08:08:28Z,yahoo_ret
EDD,,0.13434394279168682,,2026-09-21T08:08:28Z,yahoo_ret
EDN,,0.542819473350646,,2026-09-21T08:08:28Z,yahoo_ret
CHW,,0.16976954390068988,,2026-09-21T08:08:28Z,yahoo_ret
UGA,,1.2704097792755498,,2026-09-21T08:08:28Z,yahoo_ret
OAK-PA,,0.0012391703017959887,,2026-09-21T08:08:28Z,yahoo_ret
UNL,,-0.25032595269825175,,2026-09-21T08:08:28Z,yahoo_ret
USL,,0.6055821483789203,,2026-09-21T08:08:28Z,yahoo_ret
BIPH,,-0.04237163404187427,,2026-09-21T08:08:28Z,yahoo_ret
UAN,,0.6693110011014387,,2026-09-21T08:08:28Z,yahoo_ret
ETI-P,,0.017346381573106973,,2026-09-21T08:08:28Z,yahoo_ret
GSL,,0.5347086179299134,,2026-09-21T08:08:28Z,yahoo_ret
EOT,,0.002991912655088802,,2026-09-21T08:08:28Z,yahoo_ret
PMT,,-0.16570610659070428,,2026-09-21T08:08:28Z,yahoo_ret
GDO,,-0.07139822400384,,2026-09-21T08:08:28Z,yahoo_ret
BNO,,1.0216956457190207,,2026-09-21T08:08:28Z,yahoo_ret
NBB,,-0.01130672244568931,,2026-09-21T08:08:28Z,yahoo_ret
USCI,,0.4353538295582484,,2026-09-21T08:08:28Z,yahoo_ret
BSL,,0.0016041423043215985,,2026-09-21T08:08:28Z,yahoo_ret
NHS,,-0.12828925351498222,,2026-09-21T08:08:28Z,yahoo_ret
IHD,,0.3395853392168804,,2026-09-21T08:08:28Z,yahoo_ret
LND,,-0.07989695156047416,,2026-09-21T08:08:28Z,yahoo_ret
NGL,,1.4208143227783308,,2026-09-21T08:08:28Z,yahoo_ret
BWG,,-0.07164701969974718,,2026-09-21T08:08:28Z,yahoo_ret
VOC,,0.4519687036137836,,2026-09-21T08:08:28Z,yahoo_ret
EMO,,0.28832899629932185,,2026-09-21T08:08:28Z,yahoo_ret
MMD,,-0.03091054021603601,,2026-09-21T08:08:28Z,yahoo_ret
BGH,,-0.09120997369930028,,2026-09-21T08:08:28Z,yahoo_ret
DBL,,-0.02629331186158812,,2026-09-21T08:08:28Z,yahoo_ret
BPYPP,,0.14685590396541892,,2026-09-21T08:08:28Z,yahoo_ret
BGB,,-0.008696743882821267,,2026-09-21T08:08:28Z,yahoo_ret
LDP,,-0.0340253258652673,,2026-09-21T08:08:28Z,yahoo_ret
MANU,,0.29369252224733544,,2026-09-21T08:08:28Z,yahoo_ret
BPRE,,-0.1241892017366224,,2026-09-21T08:08:28Z,yahoo_ret
GGZ,,0.10947793214716262,,2026-09-21T08:08:28Z,yahoo_ret
DRK,32657888.0,-0.5442478143733485,,2026-09-21T08:08:28Z,yahoo_mcap|yahoo_ret
EOCN,,-0.7114726200764115,,2026-09-21T08:08:28Z,yahoo_ret
BDRY,,0.926470656983444,,2026-09-21T08:08:28Z,yahoo_ret
KEN,,0.5861997543001636,,2026-09-21T08:08:28Z,yahoo_ret
BST,,0.35845453375257375,,2026-09-21T08:08:28Z,yahoo_ret
GLDM,,0.186977381223552,,2026-09-21T08:08:28Z,yahoo_ret
SRG-PA,,-0.037855613363867224,,2026-09-21T08:08:28Z,yahoo_ret
PZG,116390768.0,0.2272727223467237,,2026-09-21T08:08:28Z,yahoo_mcap|yahoo_ret
YRD,,-0.8369817667915274,,2026-09-21T08:08:28Z,yahoo_ret
GSM,,0.011892318555394521,,2026-09-21T08:08:28Z,yahoo_ret
ICR-PA,,0.2302643880715214,,2026-09-21T08:08:28Z,yahoo_ret
BAR,,0.18579685273316282,,2026-09-21T08:08:28Z,yahoo_ret
PLTM,,0.27373063072748427,,2026-09-21T08:08:28Z,yahoo_ret
HLSQ,,,,2026-09-21T08:08:28Z,empty
IAUM,,0.18676832822889522,,2026-09-21T08:08:28Z,yahoo_ret
OBTC,,-0.25207796589710874,,2026-09-21T08:08:28Z,yahoo_ret
BEATW,,,,2026-09-21T08:08:28Z,empty
LUCYW,,-0.5624999883584676,,2026-09-21T08:08:28Z,yahoo_ret
RGC,,-0.6297954069850789,,2026-09-21T08:08:28Z,yahoo_ret
ONMDW,,,,2026-09-21T08:08:28Z,empty
FGDL,,0.1833264887254551,,2026-09-21T08:08:28Z,yahoo_ret
SWAGW,,,,2026-09-21T08:08:28Z,empty
CYN,,-0.8658969840346792,,2026-09-21T08:08:28Z,yahoo_ret
EIIA,,0.08657845180744861,,2026-09-21T08:08:28Z,yahoo_ret
DPU,,-0.5459609932584655,,2026-09-21T08:08:28Z,yahoo_ret
MWG,,-0.5681817935517991,,2026-09-21T08:08:28Z,yahoo_ret
CTWO,,0.06855401899492719,,2026-09-21T08:08:28Z,yahoo_ret
PBM,,-0.9643697478991596,,2026-09-21T08:08:28Z,yahoo_ret
MRX,,1.2972495523513334,,2026-09-21T08:08:28Z,yahoo_ret
PC,,0.11904762445393624,,2026-09-21T08:08:28Z,yahoo_ret
PSUS,,-0.048899753676892366,,2026-09-21T08:08:28Z,yahoo_ret
ALFUU,,0.019626172139286746,,2026-09-21T08:08:28Z,yahoo_ret
SIMAU,,0.0714285714285714,,2026-09-21T08:08:28Z,yahoo_ret
LPAAU,,0.04910287975418792,,2026-09-21T08:08:28Z,yahoo_ret
SOEZ,,-0.1587475346365842,,2026-09-21T08:08:28Z,yahoo_ret
XRPZ,,-0.3761430332432927,,2026-09-21T08:08:28Z,yahoo_ret
FSOL,,-0.18670690884348284,,2026-09-21T08:08:28Z,yahoo_ret
AIB,,-0.49655172753986065,,2026-09-21T08:08:28Z,yahoo_ret
ADBT,,-0.9808306720558658,,2026-09-21T08:08:28Z,yahoo_ret
ARTC,,0.01424215100807169,,2026-09-21T08:08:28Z,yahoo_ret
ETRA,809578816.0,,,2026-09-21T08:08:28Z,yahoo_mcap
OTAI,,0.006036259773603003,,2026-09-21T08:08:28Z,yahoo_ret
MLAA,,0.020284053742741337,,2026-09-21T08:08:28Z,yahoo_ret
BREZ,,0.009072595957228424,,2026-09-21T08:08:28Z,yahoo_ret
KCAC-UN,,0.030000019073486373,,2026-09-21T08:08:28Z,yahoo_ret
MSOL,,0.5433965113170456,,2026-09-21T08:08:28Z,yahoo_ret
MSBT,,-0.07619047691131842,,2026-09-21T08:08:28Z,yahoo_ret
MSSE,,0.37348811247506575,,2026-09-21T08:08:28Z,yahoo_ret
SCOP,,0.45200491785422114,,2026-09-21T08:08:28Z,yahoo_ret
XIII,443808000.0,,,2026-09-21T08:08:28Z,yahoo_mcap
SKHY,1330977832960.0,0.11600503619069547,,2026-09-21T08:08:28Z,yahoo_mcap|yahoo_ret
FTRA,,-0.001009104847206177,,2026-09-21T08:08:28Z,yahoo_ret
VII,,0.0,,2026-09-21T08:08:28Z,yahoo_ret
GOOG,4212111966208.0,0.35287993375152604,,2026-09-21T08:08:28Z,cluster_seed|yahoo_ret
USB-PA,,-0.015789368295702322,,2026-09-21T08:08:28Z,yahoo_ret
BRK-A,1089764130816.0,0.03133441383036195,,2026-09-21T08:08:28Z,yahoo_mcap|yahoo_ret
JPM-PC,,-0.011424018222954802,,2026-09-21T08:08:28Z,yahoo_ret
BML-PG,,-0.05081835755695818,,2026-09-21T08:08:28Z,yahoo_ret
BML-PL,,0.0012011809336811563,,2026-09-21T08:08:28Z,yahoo_ret
BAC-PB,,-0.03430746321576439,,2026-09-21T08:08:28Z,yahoo_ret
BAC-PK,,-0.041134566507598835,,2026-09-21T08:08:28Z,yahoo_ret
WFC-PY,,-0.11523144914855998,,2026-09-21T08:08:28Z,yahoo_ret
WFC-PL,,-0.0563847045430812,,2026-09-21T08:08:28Z,yahoo_ret
TBB,,-0.12963049396722748,,2026-09-21T08:08:28Z,yahoo_ret
WFC-PC,108688244736.0,-0.0787094389555727,,2026-09-21T08:08:28Z,yahoo_mcap|yahoo_ret
USB-PH,,-0.026319933739382795,,2026-09-21T08:08:28Z,yahoo_ret
CTA-PB,,-0.024678431989232363,,2026-09-21T08:08:28Z,yahoo_ret
USB-PP,,-0.11837298138126451,,2026-09-21T08:08:28Z,yahoo_ret
MS-PK,,-0.07194989454131573,,2026-09-21T08:08:28Z,yahoo_ret
PBR-A,128851394560.0,0.6890407665466161,,2026-09-21T08:08:28Z,yahoo_mcap|yahoo_ret
MS-PE,,0.06392903841959074,,2026-09-21T08:08:28Z,yahoo_ret
TRP,64110338048.0,0.193896809302192,,2026-09-21T08:08:28Z,yahoo_mcap|yahoo_ret
CCZ,,0.06450873776970623,,2026-09-21T08:08:28Z,yahoo_ret
SPG-PJ,,0.09532330355899887,,2026-09-21T08:08:28Z,yahoo_ret
CTA-PA,,0.01727636405517563,,2026-09-21T08:08:28Z,yahoo_ret
MET-PA,,-0.0750010405505922,,2026-09-21T08:08:28Z,yahoo_ret
MET-PE,,-0.12059854574357787,,2026-09-21T08:08:28Z,yahoo_ret
PSA-PH,,-0.13172323781427653,,2026-09-21T08:08:28Z,yahoo_ret
PSA-PU,,-0.17116448396875195,,2026-09-21T08:08:28Z,yahoo_ret
HEI-A,31012167680.0,-0.10843532598759797,,2026-09-21T08:08:28Z,yahoo_mcap|yahoo_ret
LEN-B,17997275136.0,-0.370913283018674,,2026-09-21T08:08:28Z,yahoo_mcap|yahoo_ret
BIP,28561125376.0,0.2085015937772392,,2026-09-21T08:08:28Z,yahoo_mcap|yahoo_ret
ALL-PH,28071282688.0,-0.14431324983843152,,2026-09-21T08:08:28Z,yahoo_mcap|yahoo_ret
BBDO,33297743872.0,0.1429543041746888,,2026-09-21T08:08:28Z,yahoo_mcap|yahoo_ret
DLR-PK,,-0.06905863827150671,,2026-09-21T08:08:28Z,yahoo_ret
FOX,24347437056.0,0.06942080898211467,,2026-09-21T08:08:28Z,cluster_seed|yahoo_ret
FWONK,23701979136.0,-0.08806788284629186,,2026-09-21T08:08:28Z,yahoo_mcap|yahoo_ret
MKC-V,13259758592.0,-0.22614827326563425,,2026-09-21T08:08:28Z,yahoo_mcap|yahoo_ret
SOJC,,-0.147441251599138,,2026-09-21T08:08:28Z,yahoo_ret
Z,6703522304.0,-0.6563292575501234,,2026-09-21T08:08:28Z,yahoo_mcap|yahoo_ret
STT-PG,,-0.10586680273656102,,2026-09-21T08:08:28Z,yahoo_ret
NWS,17518325760.0,-0.030094816026476234,,2026-09-21T08:08:28Z,cluster_seed|yahoo_ret
BIO-B,9761572864.0,0.2815219752697069,,2026-09-21T08:08:28Z,yahoo_mcap|yahoo_ret
KEY-PK,16886215680.0,-0.06766053086154278,,2026-09-21T08:08:28Z,yahoo_mcap|yahoo_ret
KEY-PI,,0.06092704997483711,,2026-09-21T08:08:28Z,yahoo_ret
FNGD,,-0.45684647529496825,,2026-09-21T08:08:28Z,yahoo_ret
BF-A,12169079808.0,0.020825050763662922,,2026-09-21T08:08:28Z,yahoo_mcap|yahoo_ret
WSO-B,12889659392.0,-0.1977000349170548,,2026-09-21T08:08:28Z,yahoo_mcap|yahoo_ret
MAA-PI,,-0.038250851361042226,,2026-09-21T08:08:28Z,yahoo_ret
RF-PC,,0.03303878691862949,,2026-09-21T08:08:28Z,yahoo_ret
UHAL-B,11080611840.0,0.12527582216513578,,2026-09-21T08:08:28Z,yahoo_mcap|yahoo_ret
CIG-C,9583284224.0,0.3071578356480609,,2026-09-21T08:08:28Z,yahoo_mcap|yahoo_ret
LBTYB,4236307456.0,0.06976748006627576,,2026-09-21T08:08:28Z,yahoo_mcap|yahoo_ret
PSNYW,752402944.0,-0.2730159071357392,,2026-09-21T08:08:28Z,yahoo_mcap|yahoo_ret
VNO-PL,,-0.017680994409464135,,2026-09-21T08:08:28Z,yahoo_ret
TAP-A,7823606784.0,-0.1555590494624881,,2026-09-21T08:08:28Z,yahoo_mcap|yahoo_ret
VNO-PM,,-0.027654243368436582,,2026-09-21T08:08:28Z,yahoo_ret
VOYA-PB,,0.01980759625688311,,2026-09-21T08:08:28Z,yahoo_ret
CMSA,,-0.11842499244544091,,2026-09-21T08:08:28Z,yahoo_ret
SLG-PI,,0.005287898069722852,,2026-09-21T08:08:28Z,yahoo_ret
RUSHB,6469199360.0,0.425553541933422,,2026-09-21T08:08:28Z,yahoo_mcap|yahoo_ret
UNMA,,-0.05170944576619829,,2026-09-21T08:08:28Z,yahoo_ret
AKO-B,4657127424.0,0.24037615410335222,,2026-09-21T08:08:28Z,yahoo_mcap|yahoo_ret
PCG-PE,,-0.010153440873789665,,2026-09-21T08:08:28Z,yahoo_ret
PCG-PD,,-0.020197806716598543,,2026-09-21T08:08:28Z,yahoo_ret
PCG-PC,,,,2026-09-21T08:08:28Z,empty
PCG-PH,,-0.007571392814448186,,2026-09-21T08:08:28Z,yahoo_ret
PCG-PG,,-0.027689641003031396,,2026-09-21T08:08:28Z,yahoo_ret
AXS-PE,,-0.1126498943183527,,2026-09-21T08:08:28Z,yahoo_ret
DTW,,-0.11188398972959435,,2026-09-21T08:08:28Z,yahoo_ret
GEF-B,4102162944.0,0.8128392708690317,,2026-09-21T08:08:28Z,yahoo_mcap|yahoo_ret
PCG-PI,,,,2026-09-21T08:08:28Z,empty
SLMBP,,0.05518219368332811,,2026-09-21T08:08:28Z,yahoo_ret
SF-PB,,-0.017360620050156594,,2026-09-21T08:08:28Z,yahoo_ret
TWO-PC,,0.1410128173880838,,2026-09-21T08:08:28Z,yahoo_ret
BELFB,3493913856.0,0.705413629654325,,2026-09-21T08:08:28Z,yahoo_mcap|yahoo_ret
LBTYK,3291494656.0,-0.18839366359231702,,2026-09-21T08:08:28Z,yahoo_mcap|yahoo_ret
BATRK,3244970496.0,0.22683159139318443,,2026-09-21T08:08:28Z,yahoo_mcap|yahoo_ret
MOG-B,11464963072.0,0.8503595849690542,,2026-09-21T08:08:28Z,yahoo_mcap|yahoo_ret
VLYPP,,0.06180765235131669,,2026-09-21T08:08:28Z,yahoo_ret
TWO-PB,,0.1568292546682517,,2026-09-21T08:08:28Z,yahoo_ret
TWO-PA,,0.151037699713219,,2026-09-21T08:08:28Z,yahoo_ret
WRB-PE,,-0.1515533441058763,,2026-09-21T08:08:28Z,yahoo_ret
VLYPO,,0.07080937596096959,,2026-09-21T08:08:28Z,yahoo_ret
RLJ-PA,,0.03404399206092079,,2026-09-21T08:08:28Z,yahoo_ret
PEB-PF,,0.008041742706573096,,2026-09-21T08:08:28Z,yahoo_ret
PEB-PE,,0.018906945681863352,,2026-09-21T08:08:28Z,yahoo_ret
CIM-PA,,-0.030309473868833647,,2026-09-21T08:08:28Z,yahoo_ret
CSAN,2712093184.0,-0.5141342625199243,,2026-09-21T08:08:28Z,yahoo_mcap|yahoo_ret
TY-P,,-0.05501851674989944,,2026-09-21T08:08:28Z,yahoo_ret
TRTN-PA,,0.10596706598174976,,2026-09-21T08:08:28Z,yahoo_ret
CENTA,2163826176.0,0.10588609858307674,,2026-09-21T08:08:28Z,yahoo_mcap|yahoo_ret
UA,2061818624.0,0.012658316986067009,,2026-09-21T08:08:28Z,yahoo_mcap|yahoo_ret
LXP-PC,,0.09215846721107401,,2026-09-21T08:08:28Z,yahoo_ret
WLYB,2365925888.0,0.18508936533528364,,2026-09-21T08:08:28Z,yahoo_mcap|yahoo_ret
LILAK,1645559936.0,0.5302970758039325,,2026-09-21T08:08:28Z,yahoo_mcap|yahoo_ret
GDV-PH,,-0.06633817555885191,,2026-09-21T08:08:28Z,yahoo_ret
FISK,1195024128.0,-0.4219991657280894,,2026-09-21T08:08:28Z,yahoo_mcap|yahoo_ret
NGL-PC,,0.1970786835048719,,2026-09-21T08:08:28Z,yahoo_ret
BFS-PD,,-0.037035044850776244,,2026-09-21T08:08:28Z,yahoo_ret
OGCP,1179613568.0,-0.4196721391213035,,2026-09-21T08:08:28Z,yahoo_mcap|yahoo_ret
AGM-A,1627981440.0,0.185140605243437,,2026-09-21T08:08:28Z,yahoo_mcap|yahoo_ret
PMT-PA,,-0.02502838230336535,,2026-09-21T08:08:28Z,yahoo_ret
PMT-PB,,-0.029751910163595685,,2026-09-21T08:08:28Z,yahoo_ret
MHLA,,-0.29834976336217334,,2026-09-21T08:08:28Z,yahoo_ret
CODI-PB,,0.216810640561109,,2026-09-21T08:08:28Z,yahoo_ret
BH,1099727616.0,0.10558334144243542,,2026-09-21T08:08:28Z,yahoo_mcap|yahoo_ret
GLOP-PA,,0.06300351036593699,,2026-09-21T08:08:28Z,yahoo_ret
HL-PB,,0.40144247600668703,,2026-09-21T08:08:28Z,yahoo_ret
SENEB,1274335488.0,0.7840758409545321,,2026-09-21T08:08:28Z,yahoo_mcap|yahoo_ret
HCACU,,0.03592810780745137,,2026-09-21T08:08:28Z,yahoo_ret
DGICB,781360832.0,0.22133789099784895,,2026-09-21T08:08:28Z,yahoo_mcap|yahoo_ret
KELYB,770701824.0,0.6375856053451334,,2026-09-21T08:08:28Z,yahoo_mcap|yahoo_ret
GTN-A,525220352.0,-0.47278077428526644,,2026-09-21T08:08:28Z,yahoo_mcap|yahoo_ret
CMRE-PC,,0.10040593417742238,,2026-09-21T08:08:28Z,yahoo_ret
HVT-A,424926304.0,0.30091456532628325,,2026-09-21T08:08:28Z,yahoo_mcap|yahoo_ret
GGT-PE,,-0.06789157784877142,,2026-09-21T08:08:28Z,yahoo_ret
UMH-PD,,-0.01987852695785408,,2026-09-21T08:08:28Z,yahoo_ret
OXLCM,,0.06290655986340399,,2026-09-21T08:08:28Z,yahoo_ret
NEWTI,,0.08998164629118177,,2026-09-21T08:08:28Z,yahoo_ret
OXLCO,,0.08193787028894373,,2026-09-21T08:08:28Z,yahoo_ret
CRD-B,568721216.0,0.19592152079467984,,2026-09-21T08:08:28Z,yahoo_mcap|yahoo_ret
ALF,392437504.0,0.03507107856585834,,2026-09-21T08:08:28Z,yahoo_mcap|yahoo_ret
RDIB,364410848.0,0.2822086161341302,,2026-09-21T08:08:28Z,yahoo_mcap|yahoo_ret
NCZ-PA,,-0.03355849933241306,,2026-09-21T08:08:28Z,yahoo_ret
DSX-PB,,0.10951966003214819,,2026-09-21T08:08:28Z,yahoo_ret
CHMI-PB,297761920.0,0.09178538707398776,,2026-09-21T08:08:28Z,yahoo_mcap|yahoo_ret
APLMW,32336948.0,,,2026-09-21T08:08:28Z,yahoo_mcap
CHMI-PA,,0.03641526082821911,,2026-09-21T08:08:28Z,yahoo_ret
LANDP,,0.0752468904952952,,2026-09-21T08:08:28Z,yahoo_ret
ENO,,-0.0862087765888504,,2026-09-21T08:08:28Z,yahoo_ret
SB-PC,,0.08754866332403344,,2026-09-21T08:08:28Z,yahoo_ret
CHAD,,-0.001196085600258745,,2026-09-21T08:08:28Z,yahoo_ret
BTA,,0.03527983960327141,,2026-09-21T08:08:28Z,yahoo_ret
SRG,105890264.0,-0.5436893088708148,,2026-09-21T08:08:28Z,yahoo_mcap|yahoo_ret
BCV-PA,,-0.11573429829859738,,2026-09-21T08:08:28Z,yahoo_ret
GLU-PB,,0.020810372880944783,,2026-09-21T08:08:28Z,yahoo_ret
SIMA,90413784.0,0.05263159816014773,,2026-09-21T08:08:28Z,yahoo_mcap|yahoo_ret
GSL-PB,,0.04188874409506904,,2026-09-21T08:08:28Z,yahoo_ret
LPAA,80954056.0,0.02476192656017484,,2026-09-21T08:08:28Z,yahoo_mcap|yahoo_ret
FSHPU,,0.05140188790084066,,2026-09-21T08:08:28Z,yahoo_ret
STRC,,0.1332391944322009,,2026-09-21T08:08:28Z,yahoo_ret
UONEK,18275258.0,-0.4923076998317498,,2026-09-21T08:08:28Z,yahoo_mcap|yahoo_ret
ONMD,41500512.0,-0.25768825633662784,,2026-09-21T08:08:28Z,yahoo_mcap|yahoo_ret
ANY,30544110.0,-0.5442478143733485,,2026-09-21T08:08:28Z,yahoo_mcap|yahoo_ret
BRNS,,0.33093528264823013,,2026-09-21T08:08:28Z,yahoo_ret
SWAG,29077756.0,-0.13333334216365134,,2026-09-21T08:08:28Z,yahoo_mcap|yahoo_ret
WVVIP,,0.034513949370412966,,2026-09-21T08:08:28Z,yahoo_ret
BEAT,22703082.0,-0.7615384713052669,,2026-09-21T08:08:28Z,yahoo_mcap|yahoo_ret
RAY,16449280.0,-0.6372548905027593,,2026-09-21T08:08:28Z,yahoo_mcap|yahoo_ret
CYCN,15729330.0,0.4369747206466943,,2026-09-21T08:08:28Z,yahoo_mcap|yahoo_ret
WHLRD,,-0.036608911753971074,,2026-09-21T08:08:28Z,yahoo_ret
TVE,,0.004027825195961121,,2026-09-21T08:08:28Z,yahoo_ret
TVC,,0.007921787101709432,,2026-09-21T08:08:28Z,yahoo_ret
LUCY,8177014.0,-0.5103092989387916,,2026-09-21T08:08:28Z,yahoo_mcap|yahoo_ret
KWM,5016678.0,-0.49122807843092964,,2026-09-21T08:08:28Z,yahoo_mcap|yahoo_ret
PHGE,4995000.0,-0.9930675569930925,,2026-09-21T08:08:28Z,yahoo_mcap|yahoo_ret
GLMD,4945923.0,1.3287671277616546,,2026-09-21T08:08:28Z,yahoo_mcap|yahoo_ret
WHLRP,,1.3725511675599673,,2026-09-21T08:08:28Z,yahoo_ret
MOBBW,,,,2026-09-21T08:08:28Z,empty
OXBRW,,,,2026-09-21T08:08:28Z,empty
CICC,,0.016537172766461827,,2026-09-21T08:08:28Z,yahoo_ret
ASBA,,0.05806027329128982,,2026-09-21T08:08:28Z,yahoo_ret
ASB-PE,,-0.09310749131857066,,2026-09-21T08:08:28Z,yahoo_ret
ASB-PF,,-0.0937961815752627,,2026-09-21T08:08:28Z,yahoo_ret
WRB-PF,,,,2026-09-21T08:08:28Z,empty
WRB-PG,,,,2026-09-21T08:08:28Z,empty
WRB-PH,,,,2026-09-21T08:08:28Z,empty
BA-PA,,-0.07073876073081653,,2026-09-21T08:08:28Z,yahoo_ret
CELG-RI,,,,2026-09-21T08:08:28Z,empty
BC-PC,,,,2026-09-21T08:08:28Z,empty
AMJB,,0.28783018184848563,,2026-09-21T08:08:28Z,yahoo_ret
JPM-PD,,-0.04532255619216918,,2026-09-21T08:08:28Z,yahoo_ret
JPM-PJ,,-0.09384419144613676,,2026-09-21T08:08:28Z,yahoo_ret
JPM-PK,,-0.09611640258217413,,2026-09-21T08:08:28Z,yahoo_ret
JPM-PL,,-0.09660468573325498,,2026-09-21T08:08:28Z,yahoo_ret
JPM-PM,,-0.09234377437621666,,2026-09-21T08:08:28Z,yahoo_ret
VYLD,,0.1492366046111555,,2026-09-21T08:08:28Z,yahoo_ret
CTO-PA,,-0.023520275846163785,,2026-09-21T08:08:28Z,yahoo_ret
DDT,,0.0790543092331073,,2026-09-21T08:08:28Z,yahoo_ret
FRT-PC,,-0.07134636407673978,,2026-09-21T08:08:28Z,yahoo_ret
FITB-PA,,-0.0731043660989763,,2026-09-21T08:08:28Z,yahoo_ret
FITB-PI,,0.07050439791241758,,2026-09-21T08:08:28Z,yahoo_ret
FITB-PK,,-0.0905114626738106,,2026-09-21T08:08:28Z,yahoo_ret
FITB-PM,,0.010858959565207105,,2026-09-21T08:08:28Z,yahoo_ret
USB-PQ,,-0.08976694495088466,,2026-09-21T08:08:28Z,yahoo_ret
USB-PR,,-0.0809086389507484,,2026-09-21T08:08:28Z,yahoo_ret
USB-PS,,-0.11447430379019818,,2026-09-21T08:08:28Z,yahoo_ret
MTB-PH,,0.05468253394101619,,2026-09-21T08:08:28Z,yahoo_ret
MTB-PJ,,0.016046339777143315,,2026-09-21T08:08:28Z,yahoo_ret
MTB-PK,,0.0030032140827129794,,2026-09-21T08:08:28Z,yahoo_ret
MTB-PL,,-0.024558315082860327,,2026-09-21T08:08:28Z,yahoo_ret
FHN-PE,,0.0016518419722042488,,2026-09-21T08:08:28Z,yahoo_ret
FHN-PF,,-0.05823190809897483,,2026-09-21T08:08:28Z,yahoo_ret
FHN-PH,,-0.014934378178080965,,2026-09-21T08:08:28Z,yahoo_ret
F-PB,,,,2026-09-21T08:08:28Z,empty
F-PC,,,,2026-09-21T08:08:28Z,empty
F-PD,,,,2026-09-21T08:08:28Z,empty
CFR-PB,,-0.07986723526498529,,2026-09-21T08:08:28Z,yahoo_ret
GAM-PB,,-0.05424922952250699,,2026-09-21T08:08:28Z,yahoo_ret
BOH-PA,,-0.0730281641387448,,2026-09-21T08:08:28Z,yahoo_ret
BOH-PB,,0.03978150019107818,,2026-09-21T08:08:28Z,yahoo_ret
HBANL,,0.03452069709570749,,2026-09-21T08:08:28Z,yahoo_ret
HBANM,,-0.10200354203757689,,2026-09-21T08:08:28Z,yahoo_ret
HBANP,,-0.04700860379002392,,2026-09-21T08:08:28Z,yahoo_ret
HBANZ,,-0.06551458841601321,,2026-09-21T08:08:28Z,yahoo_ret
LNC-PD,,0.035082511149779005,,2026-09-21T08:08:28Z,yahoo_ret
SLNHP,,0.8604651712954372,,2026-09-21T08:08:28Z,yahoo_ret
CTGG,,-0.13022758941012536,,2026-09-21T08:08:28Z,yahoo_ret
CTHH,,-0.08948621257425438,,2026-09-21T08:08:28Z,yahoo_ret
BAC-PE,,-0.09766375896120083,,2026-09-21T08:08:28Z,yahoo_ret
BAC-PL,,0.027990852791018428,,2026-09-21T08:08:28Z,yahoo_ret
BAC-PM,,-0.09344326081184506,,2026-09-21T08:08:28Z,yahoo_ret
BAC-PN,,-0.08383119488724877,,2026-09-21T08:08:28Z,yahoo_ret
BAC-PO,,-0.07466999342912362,,2026-09-21T08:08:28Z,yahoo_ret
BAC-PP,,-0.05378814165232271,,2026-09-21T08:08:28Z,yahoo_ret
BAC-PQ,,-0.07082213697273976,,2026-09-21T08:08:28Z,yahoo_ret
BAC-PS,,-0.0755900284273695,,2026-09-21T08:08:28Z,yahoo_ret
BML-PH,,-0.05404836539104885,,2026-09-21T08:08:28Z,yahoo_ret
BML-PJ,,-0.024441206133439586,,2026-09-21T08:08:28Z,yahoo_ret
MER-PK,,,,2026-09-21T08:08:28Z,empty
XELLL,,-0.0833174087674482,,2026-09-21T08:08:28Z,yahoo_ret
WFC-PA,,-0.07638555422679694,,2026-09-21T08:08:28Z,yahoo_ret
WFC-PD,,-0.09458321794516755,,2026-09-21T08:08:28Z,yahoo_ret
WFC-PZ,,-0.08344505395965507,,2026-09-21T08:08:28Z,yahoo_ret
NTRSO,,-0.07318796364053426,,2026-09-21T08:08:28Z,yahoo_ret
PBI-PB,,0.1218450843727561,,2026-09-21T08:08:28Z,yahoo_ret
KEY-PJ,,-0.0479071473871171,,2026-09-21T08:08:28Z,yahoo_ret
KEY-PL,,0.05460779689849349,,2026-09-21T08:08:28Z,yahoo_ret
SCE-PG,,-0.01166854508242332,,2026-09-21T08:08:28Z,yahoo_ret
SCE-PL,,-0.010089025070937008,,2026-09-21T08:08:28Z,yahoo_ret
SCE-PM,,0.00041391676096824703,,2026-09-21T08:08:28Z,yahoo_ret
SCE-PN,,-0.012987062314069653,,2026-09-21T08:08:28Z,yahoo_ret
SOJD,,-0.1328643116713274,,2026-09-21T08:08:28Z,yahoo_ret
SOJE,,-0.11706656742039157,,2026-09-21T08:08:28Z,yahoo_ret
SOJF,,-0.02811971066775265,,2026-09-21T08:08:28Z,yahoo_ret
SOMN,,-0.06593998579087545,,2026-09-21T08:08:28Z,yahoo_ret
TFC-PI,,-0.14863995905427962,,2026-09-21T08:08:28Z,yahoo_ret
TFC-PO,,-0.11452542013245737,,2026-09-21T08:08:28Z,yahoo_ret
TFC-PR,,-0.10653715949756892,,2026-09-21T08:08:28Z,yahoo_ret
TCPA,,-0.09632120584203496,,2026-09-21T08:08:28Z,yahoo_ret
UMBFO,,0.022303856403557587,,2026-09-21T08:08:28Z,yahoo_ret
VSECU,,-0.05531379101311784,,2026-09-21T08:08:28Z,yahoo_ret
WHR-PA,,-0.3274447325554045,,2026-09-21T08:08:28Z,yahoo_ret
ZIONP,,-0.15553883165199966,,2026-09-21T08:08:28Z,yahoo_ret
WSBCO,,0.0629928777407458,,2026-09-21T08:08:28Z,yahoo_ret
SIGIP,,-0.12088505183044684,,2026-09-21T08:08:28Z,yahoo_ret
DJP,,0.5196078517644735,,2026-09-21T08:08:28Z,yahoo_ret
GBUG,,0.4421157318489153,,2026-09-21T08:08:28Z,yahoo_ret
GRN,,0.12555894178303673,,2026-09-21T08:08:28Z,yahoo_ret
BUSEP,,0.02041619441626863,,2026-09-21T08:08:28Z,yahoo_ret
VAL-WT,,,,2026-09-21T08:08:28Z,empty
SCHW-PD,,-0.0732802018704447,,2026-09-21T08:08:28Z,yahoo_ret
SCHW-PJ,,-0.14247650639020204,,2026-09-21T08:08:28Z,yahoo_ret
GL-PD,,,,2026-09-21T08:08:28Z,empty
AIRTP,,0.08913298619865984,,2026-09-21T08:08:28Z,yahoo_ret
HOVNP,,0.021620119415714845,,2026-09-21T08:08:28Z,yahoo_ret
FULTP,,-0.0768754206800395,,2026-09-21T08:08:28Z,yahoo_ret
ONBPO,,0.05373550590810505,,2026-09-21T08:08:28Z,yahoo_ret
ONBPP,,0.05387928725995739,,2026-09-21T08:08:28Z,yahoo_ret
FRMEP,,0.06239721018819533,,2026-09-21T08:08:28Z,yahoo_ret
CNOBP,,0.11932585744983326,,2026-09-21T08:08:28Z,yahoo_ret
VLYPN,,0.0562005786705535,,2026-09-21T08:08:28Z,yahoo_ret
SFB,,-0.0478143716296493,,2026-09-21T08:08:28Z,yahoo_ret
SF-PC,,-0.04488005431571873,,2026-09-21T08:08:28Z,yahoo_ret
SF-PD,,-0.07804560862545773,,2026-09-21T08:08:28Z,yahoo_ret
CDZIP,,0.25864285294790523,,2026-09-21T08:08:28Z,yahoo_ret
T-PA,,-0.12278719436594221,,2026-09-21T08:08:28Z,yahoo_ret
T-PC,,-0.12195069150182047,,2026-09-21T08:08:28Z,yahoo_ret
CCNEP,,0.041322637811381124,,2026-09-21T08:08:28Z,yahoo_ret
ERNAW,,,,2026-09-21T08:08:28Z,empty
HWCPZ,,-0.05341669089123213,,2026-09-21T08:08:28Z,yahoo_ret
NEE-PN,,,,2026-09-21T08:08:28Z,empty
NEE-PS,,0.04703438443527275,,2026-09-21T08:08:28Z,yahoo_ret
NEE-PT,,0.03351585384788036,,2026-09-21T08:08:28Z,yahoo_ret
NEE-PU,,,,2026-09-21T08:08:28Z,empty
NEE-PV,,-0.1082751772674172,,2026-09-21T08:08:28Z,yahoo_ret
NEE-PW,,,,2026-09-21T08:08:28Z,empty
CFG-PE,,-0.11652688252883181,,2026-09-21T08:08:28Z,yahoo_ret
CFG-PH,,0.03146042156750206,,2026-09-21T08:08:28Z,yahoo_ret
CFG-PI,,0.04252570005417211,,2026-09-21T08:08:28Z,yahoo_ret
BANFP,,0.13068903482766925,,2026-09-21T08:08:28Z,yahoo_ret
CDR-PB,,0.013088195580736706,,2026-09-21T08:08:28Z,yahoo_ret
CDR-PC,,0.042078647241499345,,2026-09-21T08:08:28Z,yahoo_ret
BPOPM,,0.059307555645103927,,2026-09-21T08:08:28Z,yahoo_ret
AEFC,,-0.09244558182044138,,2026-09-21T08:08:28Z,yahoo_ret
ECF-PA,,-0.08715557274534913,,2026-09-21T08:08:28Z,yahoo_ret
GAB-PG,,-0.08164893196208156,,2026-09-21T08:08:28Z,yahoo_ret
GAB-PH,,-0.08479026684847712,,2026-09-21T08:08:28Z,yahoo_ret
GAB-PK,,-0.08814828542856523,,2026-09-21T08:08:28Z,yahoo_ret
OXY-WT,,,,2026-09-21T08:08:28Z,empty
FCNCN,,-0.0002976750128256267,,2026-09-21T08:08:28Z,yahoo_ret
FCNCO,,-0.07094914137163477,,2026-09-21T08:08:28Z,yahoo_ret
FCNCP,,-0.08151611866114872,,2026-09-21T08:08:28Z,yahoo_ret
CMSC,,-0.08921366152162324,,2026-09-21T08:08:28Z,yahoo_ret
CMSD,,-0.11343644845701895,,2026-09-21T08:08:28Z,yahoo_ret
CMS-PC,,-0.0856953084723373,,2026-09-21T08:08:28Z,yahoo_ret
SNUS-PH,,-0.05142081126411102,,2026-09-21T08:08:28Z,yahoo_ret
SNUS-PI,,0.0450041363951188,,2026-09-21T08:08:28Z,yahoo_ret
UZD,,-0.09735789070859624,,2026-09-21T08:08:28Z,yahoo_ret
UZE,,-0.0779676920359651,,2026-09-21T08:08:28Z,yahoo_ret
UZF,,-0.09475822350430285,,2026-09-21T08:08:28Z,yahoo_ret
CHSCL,,0.04768871016503917,,2026-09-21T08:08:28Z,yahoo_ret
CHSCM,,0.029404869952260437,,2026-09-21T08:08:28Z,yahoo_ret
CHSCN,,0.05821120219171694,,2026-09-21T08:08:28Z,yahoo_ret
CHSCO,,0.03178337496642025,,2026-09-21T08:08:28Z,yahoo_ret
DX-PC,,0.10340839859435769,,2026-09-21T08:08:28Z,yahoo_ret
MCHPP,,0.10823052894872842,,2026-09-21T08:08:28Z,yahoo_ret
CLSKW,,,,2026-09-21T08:08:28Z,empty
C-PN,,-0.0852458059297806,,2026-09-21T08:08:28Z,yahoo_ret
C-PR,,-0.032796827658504446,,2026-09-21T08:08:28Z,yahoo_ret
AGM-PD,,-0.04935872573045608,,2026-09-21T08:08:28Z,yahoo_ret
AGM-PE,,-0.04056190585959618,,2026-09-21T08:08:28Z,yahoo_ret
AGM-PF,,-0.049517052437943354,,2026-09-21T08:08:28Z,yahoo_ret
AGM-PG,,-0.06695040253982487,,2026-09-21T08:08:28Z,yahoo_ret
AGM-PH,,-0.04668035376801438,,2026-09-21T08:08:28Z,yahoo_ret
AGM-PI,,0.021830299959681776,,2026-09-21T08:08:28Z,yahoo_ret
DCBG,,0.05703424210615915,,2026-09-21T08:08:28Z,yahoo_ret
DCOM-P,,-0.098918756520747,,2026-09-21T08:08:28Z,yahoo_ret
GENVR,,-0.4643765945758864,,2026-09-21T08:08:28Z,yahoo_ret
KMPB,,0.09331722461322767,,2026-09-21T08:08:28Z,yahoo_ret
HIG-PG,,-0.02811983411666419,,2026-09-21T08:08:28Z,yahoo_ret
KIM-PL,,-0.02133500460957083,,2026-09-21T08:08:28Z,yahoo_ret
KIM-PM,,-0.04773837257831837,,2026-09-21T08:08:28Z,yahoo_ret
KIM-PN,,0.06466597431195598,,2026-09-21T08:08:28Z,yahoo_ret
AUB-PA,,0.014911109039762227,,2026-09-21T08:08:28Z,yahoo_ret
GS-PA,,-0.061360977143996576,,2026-09-21T08:08:28Z,yahoo_ret
GS-PC,,-0.038963711555321745,,2026-09-21T08:08:28Z,yahoo_ret
GS-PD,,-0.055416327011264976,,2026-09-21T08:08:28Z,yahoo_ret
MS-PA,,-0.08050001680349117,,2026-09-21T08:08:28Z,yahoo_ret
MS-PF,,0.06000210955887075,,2026-09-21T08:08:28Z,yahoo_ret
MS-PI,,0.011651400151167168,,2026-09-21T08:08:28Z,yahoo_ret
MS-PL,,-0.10624921936800036,,2026-09-21T08:08:28Z,yahoo_ret
MS-PO,,-0.09515156225294585,,2026-09-21T08:08:28Z,yahoo_ret
MS-PP,,0.02391629062794043,,2026-09-21T08:08:28Z,yahoo_ret
MS-PQ,,0.012340579229120241,,2026-09-21T08:08:28Z,yahoo_ret
GPUS-PD,,-0.08017092966232608,,2026-09-21T08:08:28Z,yahoo_ret
SPE-PC,,0.03097790116644017,,2026-09-21T08:08:28Z,yahoo_ret
RZC,,0.05020453470021047,,2026-09-21T08:08:28Z,yahoo_ret
ALL-PB,,-0.023881697528768786,,2026-09-21T08:08:28Z,yahoo_ret
ALL-PI,,-0.14169121375207505,,2026-09-21T08:08:28Z,yahoo_ret
ALL-PJ,,0.034323206291747343,,2026-09-21T08:08:28Z,yahoo_ret
VNO-PN,,-0.039167557564803834,,2026-09-21T08:08:28Z,yahoo_ret
VNO-PO,,-0.05917676918723869,,2026-09-21T08:08:28Z,yahoo_ret
BFS-PE,,-0.09265058729947262,,2026-09-21T08:08:28Z,yahoo_ret
FLG-PA,,0.14701229253592651,,2026-09-21T08:08:28Z,yahoo_ret
FLG-PU,,-0.0024330529886530394,,2026-09-21T08:08:28Z,yahoo_ret
REGCO,,-0.02441744954573455,,2026-09-21T08:08:28Z,yahoo_ret
REGCP,,0.010977080394863226,,2026-09-21T08:08:28Z,yahoo_ret
RNR-PF,,-0.10492961948967394,,2026-09-21T08:08:28Z,yahoo_ret
RNR-PG,,-0.10066004284342545,,2026-09-21T08:08:28Z,yahoo_ret
ALB-PA,,0.2872600999265307,,2026-09-21T08:08:28Z,yahoo_ret
ADC-PA,,-0.0713532743962424,,2026-09-21T08:08:28Z,yahoo_ret
GGT-PG,,-0.05939168383307192,,2026-09-21T08:08:28Z,yahoo_ret
PPLC,,-0.07846735839190089,,2026-09-21T08:08:28Z,yahoo_ret
COF-PI,,-0.09990567400314398,,2026-09-21T08:08:28Z,yahoo_ret
COF-PJ,,-0.11191712020315248,,2026-09-21T08:08:28Z,yahoo_ret
COF-PK,,-0.11312156766382286,,2026-09-21T08:08:28Z,yahoo_ret
COF-PL,,-0.1120053413272285,,2026-09-21T08:08:28Z,yahoo_ret
COF-PN,,-0.11844498571058859,,2026-09-21T08:08:28Z,yahoo_ret
AIQD,,-0.10399841434313828,,2026-09-21T08:08:28Z,yahoo_ret
AIQU,,-0.23794461391116095,,2026-09-21T08:08:28Z,yahoo_ret
BERZ,,-0.7576086885537,,2026-09-21T08:08:28Z,yahoo_ret
BNKD,,-0.5336565969985806,,2026-09-21T08:08:28Z,yahoo_ret
BNKU,,0.31979373630649865,,2026-09-21T08:08:28Z,yahoo_ret
BULZ,,0.6485608448899511,,2026-09-21T08:08:28Z,yahoo_ret
CARD,,-0.03262411695293943,,2026-09-21T08:08:28Z,yahoo_ret
CARU,,-0.4644774978521521,,2026-09-21T08:08:28Z,yahoo_ret
DULL,,-0.6146413868871228,,2026-09-21T08:08:28Z,yahoo_ret
FLYD,,-0.15662685792837572,,2026-09-21T08:08:28Z,yahoo_ret
FLYU,,-0.42316872492130597,,2026-09-21T08:08:28Z,yahoo_ret
FNGO,,0.17066069353012625,,2026-09-21T08:08:28Z,yahoo_ret
FNGS,,0.1395054827564215,,2026-09-21T08:08:28Z,yahoo_ret
FNGU,,0.06113254900882614,,2026-09-21T08:08:28Z,yahoo_ret
GDXD,,-0.9169444419719555,,2026-09-21T08:08:28Z,yahoo_ret
GDXU,,-0.18376882683082596,,2026-09-21T08:08:28Z,yahoo_ret
JETD,,-0.5306610646237738,,2026-09-21T08:08:28Z,yahoo_ret
JETU,,0.037641860697650964,,2026-09-21T08:08:28Z,yahoo_ret
MNGU,,0.08295799708914542,,2026-09-21T08:08:28Z,yahoo_ret
NRGD,,-0.8489940801315758,,2026-09-21T08:08:28Z,yahoo_ret
NRGU,,2.062551320088315,,2026-09-21T08:08:28Z,yahoo_ret
OILD,,-0.7535744962414552,,2026-09-21T08:08:28Z,yahoo_ret
OILU,,1.260261973089726,,2026-09-21T08:08:28Z,yahoo_ret
SHNY,,0.03316181390794681,,2026-09-21T08:08:28Z,yahoo_ret
SPYU,,0.25213519638253956,,2026-09-21T08:08:28Z,yahoo_ret
WTID,,-0.796286139666255,,2026-09-21T08:08:28Z,yahoo_ret
WTIU,,1.4989837165928086,,2026-09-21T08:08:28Z,yahoo_ret
RWTN,,0.07706344102468332,,2026-09-21T08:08:28Z,yahoo_ret
RWTO,,-0.021676919022794672,,2026-09-21T08:08:28Z,yahoo_ret
RWTP,,-0.03768234577293528,,2026-09-21T08:08:28Z,yahoo_ret
RWT-PA,,-0.0034619235078646726,,2026-09-21T08:08:28Z,yahoo_ret
RWTQ,,-0.07608975193311474,,2026-09-21T08:08:28Z,yahoo_ret
RWTS,,-0.09035995266726371,,2026-09-21T08:08:28Z,yahoo_ret
DTB,,-0.12091013378484683,,2026-09-21T08:08:28Z,yahoo_ret
DTG,,-0.08970435164765289,,2026-09-21T08:08:28Z,yahoo_ret
DTK,,-0.13283102955308979,,2026-09-21T08:08:28Z,yahoo_ret
WAFDP,,0.04290374136017294,,2026-09-21T08:08:28Z,yahoo_ret
ACGLN,,-0.10641596731026515,,2026-09-21T08:08:28Z,yahoo_ret
ACGLO,,-0.10036112972757194,,2026-09-21T08:08:28Z,yahoo_ret
LFMDP,,0.06479569052505374,,2026-09-21T08:08:28Z,yahoo_ret
MBNKO,,0.08972770874254654,,2026-09-21T08:08:28Z,yahoo_ret
BNH,,-0.041634847089477844,,2026-09-21T08:08:28Z,yahoo_ret
BNJ,,-0.029510187090882045,,2026-09-21T08:08:28Z,yahoo_ret
MGR,,-0.07758352279122116,,2026-09-21T08:08:28Z,yahoo_ret
MGRB,,-0.07743106107210074,,2026-09-21T08:08:28Z,yahoo_ret
MGRD,,-0.06651851874575321,,2026-09-21T08:08:28Z,yahoo_ret
MGRE,,-0.06214830364994184,,2026-09-21T08:08:28Z,yahoo_ret
PCG-PA,,-0.017700109061121072,,2026-09-21T08:08:28Z,yahoo_ret
PCG-PB,,0.011882667027343086,,2026-09-21T08:08:28Z,yahoo_ret
PCG-PX,,-0.09885736281560953,,2026-09-21T08:08:28Z,yahoo_ret
AIMDW,,,,2026-09-21T08:08:28Z,empty
WTFCN,,0.05053831840974343,,2026-09-21T08:08:28Z,yahoo_ret
POWWP,,0.09156159584382273,,2026-09-21T08:08:28Z,yahoo_ret
EFSCP,,-0.0752723896732439,,2026-09-21T08:08:28Z,yahoo_ret
SREA,,-0.10740934807842073,,2026-09-21T08:08:28Z,yahoo_ret
ANG-PD,,-0.007670377788867366,,2026-09-21T08:08:28Z,yahoo_ret
AFGB,,0.036486648900059704,,2026-09-21T08:08:28Z,yahoo_ret
AFGC,,-0.031041192852021005,,2026-09-21T08:08:28Z,yahoo_ret
AFGD,,0.01821202457849913,,2026-09-21T08:08:28Z,yahoo_ret
AFGE,,-0.06725773256142742,,2026-09-21T08:08:28Z,yahoo_ret
NLY-PF,,0.08490343276446599,,2026-09-21T08:08:28Z,yahoo_ret
NLY-PG,,0.08955864924020585,,2026-09-21T08:08:28Z,yahoo_ret
NLY-PI,,0.06350396796607138,,2026-09-21T08:08:28Z,yahoo_ret
NLY-PJ,,0.1008986562681975,,2026-09-21T08:08:28Z,yahoo_ret
EPR-PC,,0.05786925831267564,,2026-09-21T08:08:28Z,yahoo_ret
EPR-PE,,0.056995971867509265,,2026-09-21T08:08:28Z,yahoo_ret
EPR-PG,,-0.05124007526048835,,2026-09-21T08:08:28Z,yahoo_ret
STRD,,0.0738196988871147,,2026-09-21T08:08:28Z,yahoo_ret
STRF,,0.0272290736038181,,2026-09-21T08:08:28Z,yahoo_ret
STRK,,-0.10814959886151476,,2026-09-21T08:08:28Z,yahoo_ret
TDS-PU,,-0.039174140709780425,,2026-09-21T08:08:28Z,yahoo_ret
TDS-PV,,-0.012131918078779225,,2026-09-21T08:08:28Z,yahoo_ret
GLDI,,0.1237694792789048,,2026-09-21T08:08:28Z,yahoo_ret
SLVO,,0.32840100792376203,,2026-09-21T08:08:28Z,yahoo_ret
USOI,,0.43730127623315007,,2026-09-21T08:08:28Z,yahoo_ret
MFAN,,0.09097634558875312,,2026-09-21T08:08:28Z,yahoo_ret
MFAO,,0.09117369235765493,,2026-09-21T08:08:28Z,yahoo_ret
MFA-PB,,0.005006921680614784,,2026-09-21T08:08:28Z,yahoo_ret
MFA-PC,,0.05284562838363027,,2026-09-21T08:08:28Z,yahoo_ret
BESS-WT,,,,2026-09-21T08:08:28Z,empty
DHCNI,,0.10132084051808721,,2026-09-21T08:08:28Z,yahoo_ret
DHCNL,,,,2026-09-21T08:08:28Z,empty
NOVTU,,0.24310632204455973,,2026-09-21T08:08:28Z,yahoo_ret
TCBIO,,-0.02160418939410569,,2026-09-21T08:08:28Z,yahoo_ret
SQFTP,,-0.5433508228833045,,2026-09-21T08:08:28Z,yahoo_ret
SQFTW,,,,2026-09-21T08:08:28Z,empty
GUT-PC,,-0.07845343859785536,,2026-09-21T08:08:28Z,yahoo_ret
SWKHL,,0.06749309021133532,,2026-09-21T08:08:28Z,yahoo_ret
CHTRP,,-0.018396016119102576,,2026-09-21T08:08:28Z,yahoo_ret
MET-PF,,-0.13084715301899097,,2026-09-21T08:08:28Z,yahoo_ret
BFH-PA,,0.06051563559656303,,2026-09-21T08:08:28Z,yahoo_ret
BFH-PB,,0.02749605338592076,,2026-09-21T08:08:28Z,yahoo_ret
BRKRP,,0.6964700917466466,,2026-09-21T08:08:28Z,yahoo_ret
AMUB,,0.3246456640826738,,2026-09-21T08:08:28Z,yahoo_ret
BDCX,,-0.1028184228035528,,2026-09-21T08:08:28Z,yahoo_ret
BDCZ,,-0.04994695425580431,,2026-09-21T08:08:28Z,yahoo_ret
CEFD,,0.05652411458242401,,2026-09-21T08:08:28Z,yahoo_ret
HDLB,,0.11868885874911794,,2026-09-21T08:08:28Z,yahoo_ret
IFED,,-0.008505518275446766,,2026-09-21T08:08:28Z,yahoo_ret
MLPB,,0.32515978284285496,,2026-09-21T08:08:28Z,yahoo_ret
MLPR,,0.48270517879509356,,2026-09-21T08:08:28Z,yahoo_ret
MVRL,,-0.09365753760747608,,2026-09-21T08:08:28Z,yahoo_ret
PFFL,,-0.1276905307117443,,2026-09-21T08:08:28Z,yahoo_ret
SMHB,,-0.08908713667528845,,2026-09-21T08:08:28Z,yahoo_ret
UCIB,,0.4186702840772081,,2026-09-21T08:08:28Z,yahoo_ret
SRJN,,-0.0799615632163756,,2026-09-21T08:08:28Z,yahoo_ret
BBBYW,,0.36022731044198886,,2026-09-21T08:08:28Z,yahoo_ret
PFH,,-0.12474749875039948,,2026-09-21T08:08:28Z,yahoo_ret
PRH,,-0.11953501503382191,,2026-09-21T08:08:28Z,yahoo_ret
PRS,,-0.1341980001574219,,2026-09-21T08:08:28Z,yahoo_ret
DGP,,0.28565549600664775,,2026-09-21T08:08:28Z,yahoo_ret
DGZ,,-0.1965408763771953,,2026-09-21T08:08:28Z,yahoo_ret
DZZ,,0.16447368627439918,,2026-09-21T08:08:28Z,yahoo_ret
TEN-PE,122089488.0,0.056871418830106935,,2026-09-21T08:08:28Z,yahoo_mcap|yahoo_ret
TEN-PF,181160896.0,0.09152747890782842,,2026-09-21T08:08:28Z,yahoo_mcap|yahoo_ret
BANC-PF,,0.07219733118408556,,2026-09-21T08:08:28Z,yahoo_ret
AQNB,,0.08508136123365939,,2026-09-21T08:08:28Z,yahoo_ret
ARES-PB,,-0.21761751255716322,,2026-09-21T08:08:28Z,yahoo_ret
STRRP,,0.14592137914739967,,2026-09-21T08:08:28Z,yahoo_ret
WAL-PA,,0.13638872632474985,,2026-09-21T08:08:28Z,yahoo_ret
NCV-PA,,-0.04297720969403185,,2026-09-21T08:08:28Z,yahoo_ret
CNO-PA,,,,2026-09-21T08:08:28Z,empty
AHT-PD,,-0.6540310172507597,,2026-09-21T08:08:28Z,yahoo_ret
AHT-PF,,-0.6057099979920971,,2026-09-21T08:08:28Z,yahoo_ret
AHT-PG,,-0.6803848078854717,,2026-09-21T08:08:28Z,yahoo_ret
AHT-PH,,-0.6083805953608157,,2026-09-21T08:08:28Z,yahoo_ret
AHT-PI,,-0.6216308001366982,,2026-09-21T08:08:28Z,yahoo_ret
GOODN,,0.07264031025744555,,2026-09-21T08:08:28Z,yahoo_ret
GOODO,,0.08012282485073574,,2026-09-21T08:08:28Z,yahoo_ret
QXO-PB,,-0.3637607132481723,,2026-09-21T08:08:28Z,yahoo_ret
ABR-PD,,-0.10446616791177232,,2026-09-21T08:08:28Z,yahoo_ret
ABR-PE,,-0.10165611014996745,,2026-09-21T08:08:28Z,yahoo_ret
ABR-PF,,0.044855518523806426,,2026-09-21T08:08:28Z,yahoo_ret
QVCG,,-0.18317084334267308,,2026-09-21T08:08:28Z,yahoo_ret
OXSQG,,0.07887021714403697,,2026-09-21T08:08:28Z,yahoo_ret
OXSQH,,0.07776472316651306,,2026-09-21T08:08:28Z,yahoo_ret
GDV-PK,,-0.09855874081900995,,2026-09-21T08:08:28Z,yahoo_ret
COPR-WT,,,,2026-09-21T08:08:28Z,empty
AIZN,,-0.08985979624818752,,2026-09-21T08:08:28Z,yahoo_ret
AHL-PD,,0.0037440643942801,,2026-09-21T08:08:28Z,yahoo_ret
AHL-PE,,-0.1256398178998186,,2026-09-21T08:08:28Z,yahoo_ret
AHL-PF,,0.011341731021959678,,2026-09-21T08:08:28Z,yahoo_ret
ADAMG,,0.105158494742984,,2026-09-21T08:08:28Z,yahoo_ret
ADAMH,,0.10379782629768952,,2026-09-21T08:08:28Z,yahoo_ret
ADAMI,,0.09250838414665918,,2026-09-21T08:08:28Z,yahoo_ret
ADAMK,,0.0036187471733930554,,2026-09-21T08:08:28Z,yahoo_ret
ADAML,,0.18130432438217925,,2026-09-21T08:08:28Z,yahoo_ret
ADAMM,,0.13438089195886405,,2026-09-21T08:08:28Z,yahoo_ret
ADAMN,,0.22183844768666683,,2026-09-21T08:08:28Z,yahoo_ret
ADAMO,,0.060406712086417125,,2026-09-21T08:08:28Z,yahoo_ret
ADAMZ,,0.011124119829817758,,2026-09-21T08:08:28Z,yahoo_ret
ET-PI,,0.06899395795253915,,2026-09-21T08:08:28Z,yahoo_ret
MFICL,,,,2026-09-21T08:08:28Z,empty
HCXY,,0.043322013434032414,,2026-09-21T08:08:28Z,yahoo_ret
RF-PE,,-0.10354088715153398,,2026-09-21T08:08:28Z,yahoo_ret
RF-PF,,0.03256472715063441,,2026-09-21T08:08:28Z,yahoo_ret
GLU-PA,,,,2026-09-21T08:08:28Z,empty
TMUSI,,-0.1502145971933323,,2026-09-21T08:08:28Z,yahoo_ret
TMUSL,,-0.10633576093086616,,2026-09-21T08:08:28Z,yahoo_ret
TMUSZ,,-0.16702452314648142,,2026-09-21T08:08:28Z,yahoo_ret
PSEC-PA,,-0.013052287210429614,,2026-09-21T08:08:28Z,yahoo_ret
SHO-PH,,0.09104637719240016,,2026-09-21T08:08:28Z,yahoo_ret
SHO-PI,,0.1283157330064213,,2026-09-21T08:08:28Z,yahoo_ret
DLR-PJ,,-0.12276264575789453,,2026-09-21T08:08:28Z,yahoo_ret
DLR-PL,,-0.10927176708566277,,2026-09-21T08:08:28Z,yahoo_ret
SEAL-PA,,0.08723528550533666,,2026-09-21T08:08:28Z,yahoo_ret
SEAL-PB,,0.06975033258542984,,2026-09-21T08:08:28Z,yahoo_ret
GGN-PB,,-0.08403823512665498,,2026-09-21T08:08:28Z,yahoo_ret
DSX-WT,,,,2026-09-21T08:08:28Z,empty
GAING,,0.0424803715075841,,2026-09-21T08:08:28Z,yahoo_ret
GAINI,,0.053304718545220675,,2026-09-21T08:08:28Z,yahoo_ret
GAINZ,,0.04156346198698846,,2026-09-21T08:08:28Z,yahoo_ret
DUKB,,-0.11839028918404726,,2026-09-21T08:08:28Z,yahoo_ret
DUK-PA,,-0.056185540046591376,,2026-09-21T08:08:28Z,yahoo_ret
DUKU,,-0.026294814238304154,,2026-09-21T08:08:28Z,yahoo_ret
GME-WT,,,,2026-09-21T08:08:28Z,empty
ACR-PC,,0.03561566625456836,,2026-09-21T08:08:28Z,yahoo_ret
ACR-PD,,-0.04611685880600702,,2026-09-21T08:08:28Z,yahoo_ret
EQH-PA,,-0.12653020485130195,,2026-09-21T08:08:28Z,yahoo_ret
EQH-PC,,-0.03703075141382295,,2026-09-21T08:08:28Z,yahoo_ret
BWBBP,,0.006151974785453707,,2026-09-21T08:08:28Z,yahoo_ret
ORCL-PD,,-0.01258026143432911,,2026-09-21T08:08:28Z,yahoo_ret
CODI-PA,,0.16481656434323622,,2026-09-21T08:08:28Z,yahoo_ret
CODI-PC,,0.1891831902237917,,2026-09-21T08:08:28Z,yahoo_ret
NXDT-PA,,-5.9197662609311585e-05,,2026-09-21T08:08:28Z,yahoo_ret
GRBK-PA,,-0.04126523228434398,,2026-09-21T08:08:28Z,yahoo_ret
SMCIP,,0.258511776982425,,2026-09-21T08:08:28Z,yahoo_ret
SAJ,,0.07390853419838184,,2026-09-21T08:08:28Z,yahoo_ret
SAT,,0.0696944611030248,,2026-09-21T08:08:28Z,yahoo_ret
SAV,,0.005003320025293689,,2026-09-21T08:08:28Z,yahoo_ret
SAX,,0.021501042387322755,,2026-09-21T08:08:28Z,yahoo_ret
SAY,,0.07326441628853053,,2026-09-21T08:08:28Z,yahoo_ret
SAZ,,0.07966282037960681,,2026-09-21T08:08:28Z,yahoo_ret
BNY-PK,,0.018255115187529425,,2026-09-21T08:08:28Z,yahoo_ret
PSA-PF,,-0.14525856185093422,,2026-09-21T08:08:28Z,yahoo_ret
PSA-PG,,-0.10417335422559426,,2026-09-21T08:08:28Z,yahoo_ret
PSA-PI,,-0.10467504589680687,,2026-09-21T08:08:28Z,yahoo_ret
PSA-PJ,,-0.0898580918163705,,2026-09-21T08:08:28Z,yahoo_ret
PSA-PK,,-0.11993066793529261,,2026-09-21T08:08:28Z,yahoo_ret
PSA-PL,,-0.10071839041720243,,2026-09-21T08:08:28Z,yahoo_ret
PSA-PM,,-0.10326364409659017,,2026-09-21T08:08:28Z,yahoo_ret
PSA-PN,,-0.09936599392355094,,2026-09-21T08:08:28Z,yahoo_ret
PSA-PO,,-0.10272626812959018,,2026-09-21T08:08:28Z,yahoo_ret
PSA-PP,,-0.10851823464682164,,2026-09-21T08:08:28Z,yahoo_ret
PSA-PQ,,-0.109423596618613,,2026-09-21T08:08:28Z,yahoo_ret
PSA-PR,,-0.10387328412251462,,2026-09-21T08:08:28Z,yahoo_ret
PSA-PS,,-0.10201454704522517,,2026-09-21T08:08:28Z,yahoo_ret
PSA-PT,,-0.03561160457763679,,2026-09-21T08:08:28Z,yahoo_ret
IVDAW,,,,2026-09-21T08:08:28Z,empty
SBFMW,,,,2026-09-21T08:08:28Z,empty
OAK-PB,,-0.009472722403834455,,2026-09-21T08:08:28Z,yahoo_ret
KKR-PD,,-0.18126959799241027,,2026-09-21T08:08:28Z,yahoo_ret
KKRS,,-0.11043132285045543,,2026-09-21T08:08:28Z,yahoo_ret
KKRT,,-0.04706571785493341,,2026-09-21T08:08:28Z,yahoo_ret
BIPI,,-0.03464528123149524,,2026-09-21T08:08:28Z,yahoo_ret
BIPJ,,0.01353161662666591,,2026-09-21T08:08:28Z,yahoo_ret
BIP-PA,,0.060569888240836756,,2026-09-21T08:08:28Z,yahoo_ret
BIP-PB,,0.023616436740006908,,2026-09-21T08:08:28Z,yahoo_ret
FGBIP,,0.048729143996689483,,2026-09-21T08:08:28Z,yahoo_ret
CIMN,,0.09158335652671745,,2026-09-21T08:08:28Z,yahoo_ret
CIMO,,0.09002523237390792,,2026-09-21T08:08:28Z,yahoo_ret
CIMP,,0.06934508324265454,,2026-09-21T08:08:28Z,yahoo_ret
CIM-PB,,0.0747683960060217,,2026-09-21T08:08:28Z,yahoo_ret
CIM-PC,,0.05755246514014822,,2026-09-21T08:08:28Z,yahoo_ret
CIM-PD,,0.07275627612410251,,2026-09-21T08:08:28Z,yahoo_ret
EFC-PB,,0.13253156198455285,,2026-09-21T08:08:28Z,yahoo_ret
EFC-PC,,0.1069725667841186,,2026-09-21T08:08:28Z,yahoo_ret
EFC-PD,,0.027097651566470704,,2026-09-21T08:08:28Z,yahoo_ret
MHNC,,-0.30240055648574793,,2026-09-21T08:08:28Z,yahoo_ret
NCPLW,,,,2026-09-21T08:08:28Z,empty
AGQ,,0.2458715818942574,,2026-09-21T08:08:28Z,yahoo_ret
BOIL,,-0.6392792710312851,,2026-09-21T08:08:28Z,yahoo_ret
EUO,,0.09656655405396197,,2026-09-21T08:08:28Z,yahoo_ret
GLL,,-0.3819329664855471,,2026-09-21T08:08:28Z,yahoo_ret
KOLD,,-0.23684907634516728,,2026-09-21T08:08:28Z,yahoo_ret
SCO,,-0.7154043226212967,,2026-09-21T08:08:28Z,yahoo_ret
UCO,,1.3630288389404281,,2026-09-21T08:08:28Z,yahoo_ret
UGL,,0.20773979634116913,,2026-09-21T08:08:28Z,yahoo_ret
ULE,,-0.056689344365103755,,2026-09-21T08:08:28Z,yahoo_ret
YCL,,-0.15374025886720122,,2026-09-21T08:08:28Z,yahoo_ret
YCS,,0.19878438079783334,,2026-09-21T08:08:28Z,yahoo_ret
ZSL,,-0.8728879089898783,,2026-09-21T08:08:28Z,yahoo_ret
BBLGW,,-0.6092396719323745,,2026-09-21T08:08:28Z,yahoo_ret
AGNCL,,0.08925995333834802,,2026-09-21T08:08:28Z,yahoo_ret
AGNCM,,0.10328985237581567,,2026-09-21T08:08:28Z,yahoo_ret
AGNCN,,0.09728716295257134,,2026-09-21T08:08:28Z,yahoo_ret
AGNCO,,0.09196830655170363,,2026-09-21T08:08:28Z,yahoo_ret
AGNCP,,0.10017528739056125,,2026-09-21T08:08:28Z,yahoo_ret
AGNCZ,,0.0691655151548849,,2026-09-21T08:08:28Z,yahoo_ret
ARR-PC,,0.005443379033042817,,2026-09-21T08:08:28Z,yahoo_ret
FBIOP,,0.959251218613034,,2026-09-21T08:08:28Z,yahoo_ret
OGGWZ,,,,2026-09-21T08:08:28Z,empty
SB-PD,,0.07850473980585759,,2026-09-21T08:08:28Z,yahoo_ret
IVR-PC,,0.07666056993184545,,2026-09-21T08:08:28Z,yahoo_ret
GNT-PA,,-0.06506669756364558,,2026-09-21T08:08:28Z,yahoo_ret
LOB-PA,,0.06443422261329257,,2026-09-21T08:08:28Z,yahoo_ret
ASPSW,,,,2026-09-21T08:08:28Z,empty
ASPSZ,,,,2026-09-21T08:08:28Z,empty
ATLCL,,0.07240722428907076,,2026-09-21T08:08:28Z,yahoo_ret
ATLCP,,0.0652806907657768,,2026-09-21T08:08:28Z,yahoo_ret
ATLCZ,,0.09126508869583994,,2026-09-21T08:08:28Z,yahoo_ret
PMT-PC,,0.002142802655668019,,2026-09-21T08:08:28Z,yahoo_ret
PMTU,,0.09184724630591745,,2026-09-21T08:08:28Z,yahoo_ret
PMTV,,0.08726482092251597,,2026-09-21T08:08:28Z,yahoo_ret
PMTW,,-0.007900172343972223,,2026-09-21T08:08:28Z,yahoo_ret
RILYG,,0.32735171701418775,,2026-09-21T08:08:28Z,yahoo_ret
RILYL,,0.8218332312190908,,2026-09-21T08:08:28Z,yahoo_ret
RILYN,,0.3025868846575035,,2026-09-21T08:08:28Z,yahoo_ret
RILYP,,0.869036836722171,,2026-09-21T08:08:28Z,yahoo_ret
RILYT,,0.5312956339499608,,2026-09-21T08:08:28Z,yahoo_ret
RILYZ,,0.6615840155017172,,2026-09-21T08:08:28Z,yahoo_ret
TWOD,,0.021781462202743684,,2026-09-21T08:08:28Z,yahoo_ret
MSBIP,,0.1289230368316776,,2026-09-21T08:08:28Z,yahoo_ret
HSCSW,,,,2026-09-21T08:08:28Z,empty
NXGLW,,,,2026-09-21T08:08:28Z,empty
BTCK,,0.1017964559710065,,2026-09-21T08:08:28Z,yahoo_ret
CANE,,0.06557380064417617,,2026-09-21T08:08:28Z,yahoo_ret
CORN,,0.11048483749206661,,2026-09-21T08:08:28Z,yahoo_ret
SOYB,,0.2604736547893387,,2026-09-21T08:08:28Z,yahoo_ret
TAGS,,0.17922524618317115,,2026-09-21T08:08:28Z,yahoo_ret
WEAT,,0.2285036364667674,,2026-09-21T08:08:28Z,yahoo_ret
PEB-PG,,0.02097657415389098,,2026-09-21T08:08:28Z,yahoo_ret
PEB-PH,,0.05817738430775754,,2026-09-21T08:08:28Z,yahoo_ret
CLDT-PA,,0.015184268010519864,,2026-09-21T08:08:28Z,yahoo_ret
CPER,,0.4076276994272148,,2026-09-21T08:08:28Z,yahoo_ret
HPP-PC,,0.046570741468823895,,2026-09-21T08:08:28Z,yahoo_ret
BNCWW,,,,2026-09-21T08:08:28Z,empty
BNCWZ,,,,2026-09-21T08:08:28Z,empty
HTFC,,0.06496115301524119,,2026-09-21T08:08:28Z,yahoo_ret
OFSSH,,0.06338271858478928,,2026-09-21T08:08:28Z,yahoo_ret
OFSSO,,0.08199533898995459,,2026-09-21T08:08:28Z,yahoo_ret
CUBB,,0.04405314694368201,,2026-09-21T08:08:28Z,yahoo_ret
PFXNZ,,0.06340164404631166,,2026-09-21T08:08:28Z,yahoo_ret
OXLCG,,0.07770038297151527,,2026-09-21T08:08:28Z,yahoo_ret
OXLCI,,0.07671342958222405,,2026-09-21T08:08:28Z,yahoo_ret
OXLCL,,0.08438317070231172,,2026-09-21T08:08:28Z,yahoo_ret
OXLCN,,0.07818956184038006,,2026-09-21T08:08:28Z,yahoo_ret
OXLCZ,,0.08268543524206273,,2026-09-21T08:08:28Z,yahoo_ret
LANDO,,0.07337745906890891,,2026-09-21T08:08:28Z,yahoo_ret
NMFCZ,,0.08702799076213985,,2026-09-21T08:08:28Z,yahoo_ret
INN-PE,,-0.06583333181390627,,2026-09-21T08:08:28Z,yahoo_ret
INN-PF,,-0.12103361016123115,,2026-09-21T08:08:28Z,yahoo_ret
RIV-PA,,-0.047900125170717955,,2026-09-21T08:08:28Z,yahoo_ret
RIV-RI,,,,2026-09-21T08:08:28Z,empty
PRHIZ,,0.32477233921457027,,2026-09-21T08:08:28Z,yahoo_ret
ACP-PA,,-0.09387758215906061,,2026-09-21T08:08:28Z,yahoo_ret
CMRE-PB,,0.03614332497146244,,2026-09-21T08:08:28Z,yahoo_ret
CMRE-PD,,0.06196409597610253,,2026-09-21T08:08:28Z,yahoo_ret
NGL-PB,,0.21628749445655537,,2026-09-21T08:08:28Z,yahoo_ret
PFLA,,0.02672148493435933,,2026-09-21T08:08:28Z,yahoo_ret
EP-PC,,0.0012888880887496068,,2026-09-21T08:08:28Z,yahoo_ret
NSLRL,,0.06814640036328812,,2026-09-21T08:08:28Z,yahoo_ret
NIOBW,,,,2026-09-21T08:08:28Z,empty
MITN,,0.096068548138186,,2026-09-21T08:08:28Z,yahoo_ret
MITP,,0.05210910941781277,,2026-09-21T08:08:28Z,yahoo_ret
MITT-PA,,-0.002676727902592102,,2026-09-21T08:08:28Z,yahoo_ret
MITT-PB,,-0.010702896817751495,,2026-09-21T08:08:28Z,yahoo_ret
MITT-PC,,0.10963933210273002,,2026-09-21T08:08:28Z,yahoo_ret
CCID,,0.06802441373618584,,2026-09-21T08:08:28Z,yahoo_ret
AMPGZ,,,,2026-09-21T08:08:28Z,empty
GNL-PA,,0.038339874311706046,,2026-09-21T08:08:28Z,yahoo_ret
GNL-PB,,0.0053426451346647585,,2026-09-21T08:08:28Z,yahoo_ret
GNL-PD,,-0.0034680072111381577,,2026-09-21T08:08:28Z,yahoo_ret
GNL-PE,,0.0224748130428305,,2026-09-21T08:08:28Z,yahoo_ret
CGABL,,-0.05301027351561616,,2026-09-21T08:08:28Z,yahoo_ret
ATH-PA,,0.006708665529453706,,2026-09-21T08:08:28Z,yahoo_ret
ATH-PB,,-0.1305973377973879,,2026-09-21T08:08:28Z,yahoo_ret
ATH-PD,,-0.09234982565549277,,2026-09-21T08:08:28Z,yahoo_ret
ATH-PE,,0.02933436451058169,,2026-09-21T08:08:28Z,yahoo_ret
ATHS,,0.040297500597817004,,2026-09-21T08:08:28Z,yahoo_ret
WHLRL,,,,2026-09-21T08:08:28Z,empty
RCD,,0.09094235493844072,,2026-09-21T08:08:28Z,yahoo_ret
RC-PC,,-0.20560139589938664,,2026-09-21T08:08:28Z,yahoo_ret
RC-PE,,-0.10621400430513073,,2026-09-21T08:08:28Z,yahoo_ret
PW-PA,,,,2026-09-21T08:08:28Z,empty
BEPH,,-0.015146573932549146,,2026-09-21T08:08:28Z,yahoo_ret
BEPI,,0.005290733612846266,,2026-09-21T08:08:28Z,yahoo_ret
BEPJ,,-0.03805254600754626,,2026-09-21T08:08:28Z,yahoo_ret
BEP-PA,,-0.08747304974600689,,2026-09-21T08:08:28Z,yahoo_ret
XRN-PA,,0.05210981707571993,,2026-09-21T08:08:28Z,yahoo_ret
XRN-PB,,0.09091752672230191,,2026-09-21T08:08:28Z,yahoo_ret
CICB,,0.056583639351812876,,2026-09-21T08:08:28Z,yahoo_ret
TFIN-P,,0.10663415236010643,,2026-09-21T08:08:28Z,yahoo_ret
BPYPM,,0.09962337424684575,,2026-09-21T08:08:28Z,yahoo_ret
BPYPN,,0.08221035011265054,,2026-09-21T08:08:28Z,yahoo_ret
BPYPO,,0.10057185118662426,,2026-09-21T08:08:28Z,yahoo_ret
LFT-PA,,-0.1475211321181853,,2026-09-21T08:08:28Z,yahoo_ret
WHFCL,,0.08012930398724238,,2026-09-21T08:08:28Z,yahoo_ret
PRIF-PD,,0.09375870717238044,,2026-09-21T08:08:28Z,yahoo_ret
PRIF-PK,,0.04160147625189925,,2026-09-21T08:08:28Z,yahoo_ret
PRIF-PL,,0.11188874618470379,,2026-09-21T08:08:28Z,yahoo_ret
RITM-PA,,0.09845765783750582,,2026-09-21T08:08:28Z,yahoo_ret
RITM-PB,,0.0995735632958119,,2026-09-21T08:08:28Z,yahoo_ret
RITM-PC,,0.09655899998211859,,2026-09-21T08:08:28Z,yahoo_ret
RITM-PD,,0.10599414026939868,,2026-09-21T08:08:28Z,yahoo_ret
RITM-PE,,0.04966012357625327,,2026-09-21T08:08:28Z,yahoo_ret
RITM-PF,,0.054973955532983565,,2026-09-21T08:08:28Z,yahoo_ret
TNONW,,,,2026-09-21T08:08:28Z,empty
ELLA,,0.050841783018873876,,2026-09-21T08:08:28Z,yahoo_ret
NHPBP,,0.5513726154457204,,2026-09-21T08:08:28Z,yahoo_ret
AMH-PG,,-0.06073376096811567,,2026-09-21T08:08:28Z,yahoo_ret
AMH-PH,,-0.05077438272078438,,2026-09-21T08:08:28Z,yahoo_ret
INBKZ,,0.10206444026694084,,2026-09-21T08:08:28Z,yahoo_ret
FBRT-PE,,-0.025014543560267333,,2026-09-21T08:08:28Z,yahoo_ret
AHRT-PA,,0.01552822522104047,,2026-09-21T08:08:28Z,yahoo_ret
OZKAP,,-0.06625307297685734,,2026-09-21T08:08:28Z,yahoo_ret
REXR-PB,,-0.004428561786124052,,2026-09-21T08:08:28Z,yahoo_ret
REXR-PC,,-0.023015076839386306,,2026-09-21T08:08:28Z,yahoo_ret
BHR-PB,,-0.10214765828501493,,2026-09-21T08:08:28Z,yahoo_ret
BHR-PD,,-0.06767954569444323,,2026-09-21T08:08:28Z,yahoo_ret
DLNG-PA,,0.08156334725592296,,2026-09-21T08:08:28Z,yahoo_ret
BIVIW,,,,2026-09-21T08:08:28Z,empty
NEWTG,,0.10316529640992078,,2026-09-21T08:08:28Z,yahoo_ret
NEWTH,,0.012204894276480971,,2026-09-21T08:08:28Z,yahoo_ret
NEWTO,,0.0011552055232471048,,2026-09-21T08:08:28Z,yahoo_ret
NEWTP,,0.13430283836069057,,2026-09-21T08:08:28Z,yahoo_ret
FTAIM,,0.11568086298562186,,2026-09-21T08:08:28Z,yahoo_ret
FGNXP,,0.49237021694614014,,2026-09-21T08:08:28Z,yahoo_ret
JSM,,-0.03473923335930951,,2026-09-21T08:08:28Z,yahoo_ret
GLOP-PB,,0.07477327848593296,,2026-09-21T08:08:28Z,yahoo_ret
GLOP-PC,,0.08131086711303559,,2026-09-21T08:08:28Z,yahoo_ret
SYF-PA,,-0.04808846525131294,,2026-09-21T08:08:28Z,yahoo_ret
SYF-PB,,0.057407952821272756,,2026-09-21T08:08:28Z,yahoo_ret
ECCC,,0.11919148965297732,,2026-09-21T08:08:28Z,yahoo_ret
ECC-PD,,0.024498196332182642,,2026-09-21T08:08:28Z,yahoo_ret
ECCU,,0.07725989418857404,,2026-09-21T08:08:28Z,yahoo_ret
ECCV,,0.0953463916426176,,2026-09-21T08:08:28Z,yahoo_ret
BCTXL,,,,2026-09-21T08:08:28Z,empty
BCTXZ,,,,2026-09-21T08:08:28Z,empty
BWET,,58.15219675288911,,2026-09-21T08:08:28Z,yahoo_ret
RPT-PC,,0.09592370681179441,,2026-09-21T08:08:28Z,yahoo_ret
RVMDW,,,,2026-09-21T08:08:28Z,empty
MBINL,,0.1359196037667605,,2026-09-21T08:08:28Z,yahoo_ret
MBINM,,0.1085589471360493,,2026-09-21T08:08:28Z,yahoo_ret
MBINN,,0.011909696546121395,,2026-09-21T08:08:28Z,yahoo_ret
TRTX-PC,,0.04889668030544114,,2026-09-21T08:08:28Z,yahoo_ret
BW-PA,,0.4767219409448762,,2026-09-21T08:08:28Z,yahoo_ret
KREF-PA,,-0.010319615200161447,,2026-09-21T08:08:28Z,yahoo_ret
ACONW,,,,2026-09-21T08:08:28Z,empty
DUKRW,,-0.22777776526816063,,2026-09-21T08:08:28Z,yahoo_ret
HPE-PC,,1.3344515388550655,,2026-09-21T08:08:28Z,yahoo_ret
GOOGM,,-0.009997461857356393,,2026-09-21T08:08:28Z,yahoo_ret
GOOGN,,-0.01073610352246801,,2026-09-21T08:08:28Z,yahoo_ret
RWAYI,,0.04497402565059594,,2026-09-21T08:08:28Z,yahoo_ret
RWAYL,,0.07296388326338965,,2026-09-21T08:08:28Z,yahoo_ret
HTZWW,,,,2026-09-21T08:08:28Z,empty
TRTN-PB,,0.09186176276002733,,2026-09-21T08:08:28Z,yahoo_ret
TRTN-PC,,0.04063965066419084,,2026-09-21T08:08:28Z,yahoo_ret
TRTN-PD,,0.02031765135577812,,2026-09-21T08:08:28Z,yahoo_ret
TRTN-PE,,-0.0009158249742485802,,2026-09-21T08:08:28Z,yahoo_ret
TRTN-PF,,0.01265551353737937,,2026-09-21T08:08:28Z,yahoo_ret
TRTN-PG,,-0.010583671758992996,,2026-09-21T08:08:28Z,yahoo_ret
CFTR-PA,,0.08111859186369874,,2026-09-21T08:08:28Z,yahoo_ret
LTRYW,,,,2026-09-21T08:08:28Z,empty
TPTS,,-0.2380030523194817,,2026-09-21T08:08:28Z,yahoo_ret
GECCG,,0.07591621347032862,,2026-09-21T08:08:28Z,yahoo_ret
GECCH,,0.07978560482476471,,2026-09-21T08:08:28Z,yahoo_ret
GECCI,,0.0673948402607798,,2026-09-21T08:08:28Z,yahoo_ret
NTRBW,,-0.20879120015389785,,2026-09-21T08:08:28Z,yahoo_ret
IIPR-PA,,0.10784298702992934,,2026-09-21T08:08:28Z,yahoo_ret
OPP-PA,,-0.07298516545809952,,2026-09-21T08:08:28Z,yahoo_ret
OPP-PB,,-0.0857352003913946,,2026-09-21T08:08:28Z,yahoo_ret
OPP-PC,,0.06217738658985583,,2026-09-21T08:08:28Z,yahoo_ret
DBRG-PH,,-0.2538662446368066,,2026-09-21T08:08:28Z,yahoo_ret
DBRG-PI,,-0.2535138322277031,,2026-09-21T08:08:28Z,yahoo_ret
DBRG-PJ,,-0.23266880324866634,,2026-09-21T08:08:28Z,yahoo_ret
SACH-PA,,0.3506505536380027,,2026-09-21T08:08:28Z,yahoo_ret
SCCD,,0.09697776316099205,,2026-09-21T08:08:28Z,yahoo_ret
SCCE,,0.12115722574331156,,2026-09-21T08:08:28Z,yahoo_ret
SCCF,,0.12475824889885945,,2026-09-21T08:08:28Z,yahoo_ret
SCCG,,0.1526521229028639,,2026-09-21T08:08:28Z,yahoo_ret
BHFAL,,-0.12049074924178227,,2026-09-21T08:08:28Z,yahoo_ret
BHFAM,,-0.13745956922892943,,2026-09-21T08:08:28Z,yahoo_ret
BHFAN,,-0.09053270538952662,,2026-09-21T08:08:28Z,yahoo_ret
BHFAO,,-0.0826115906987287,,2026-09-21T08:08:28Z,yahoo_ret
BHFAP,,-0.08709140353190015,,2026-09-21T08:08:28Z,yahoo_ret
METCB,319053216.0,-0.7079703043223275,,2026-09-21T08:08:28Z,yahoo_mcap|yahoo_ret
METCI,,0.06779548274686009,,2026-09-21T08:08:28Z,yahoo_ret
METCZ,,-0.0027419349898203382,,2026-09-21T08:08:28Z,yahoo_ret
MNSBP,,0.08736184300839356,,2026-09-21T08:08:28Z,yahoo_ret
GPMT-PA,,-0.15069260270700902,,2026-09-21T08:08:28Z,yahoo_ret
HFRO-PA,,0.03484457510766337,,2026-09-21T08:08:28Z,yahoo_ret
HFRO-PB,,0.03463495321010868,,2026-09-21T08:08:28Z,yahoo_ret
LILAP,,0.6256005691695077,,2026-09-21T08:08:28Z,yahoo_ret
BIAFW,,,,2026-09-21T08:08:28Z,empty
OCCIM,,0.07554753845517093,,2026-09-21T08:08:28Z,yahoo_ret
OCCIN,,0.07573725812823229,,2026-09-21T08:08:28Z,yahoo_ret
BTBDW,,,,2026-09-21T08:08:28Z,empty
SKYAW,,,,2026-09-21T08:08:28Z,empty
KLXER,,,,2026-09-21T08:08:28Z,empty
RVSNW,,,,2026-09-21T08:08:28Z,empty
NEOVW,,,,2026-09-21T08:08:28Z,empty
NFEGP,,7.9825682859294,,2026-09-21T08:08:28Z,yahoo_ret
EICA,,0.06329078323183523,,2026-09-21T08:08:28Z,yahoo_ret
ALTG-PA,,0.1085570917981904,,2026-09-21T08:08:28Z,yahoo_ret
AOMD,,0.10304517784674139,,2026-09-21T08:08:28Z,yahoo_ret
AOMN,,0.0075727593823078365,,2026-09-21T08:08:28Z,yahoo_ret
ILLRW,,,,2026-09-21T08:08:28Z,empty
XRXDW,,,,2026-09-21T08:08:28Z,empty
NMCO-RI,,,,2026-09-21T08:08:28Z,empty
BENFW,,,,2026-09-21T08:08:28Z,empty
TRNI,,0.07167517500410803,,2026-09-21T08:08:28Z,yahoo_ret
TRNZ,,0.07795063578731698,,2026-09-21T08:08:28Z,yahoo_ret
PINE-PA,,0.083255068693874,,2026-09-21T08:08:28Z,yahoo_ret
NREF-PA,,0.12561258540468345,,2026-09-21T08:08:28Z,yahoo_ret
DFNSW,,,,2026-09-21T08:08:28Z,empty
JSPRW,,,,2026-09-21T08:08:28Z,empty
FOUR-PA,,-0.44580411867716707,,2026-09-21T08:08:28Z,yahoo_ret
TMCWW,,-0.987499999126885,,2026-09-21T08:08:28Z,yahoo_ret
STLNW,,,,2026-09-21T08:08:28Z,empty
OPENL,,-0.8829787226815061,,2026-09-21T08:08:28Z,yahoo_ret
OPENW,,-0.8918918957015386,,2026-09-21T08:08:28Z,yahoo_ret
OPENZ,,-0.8205128131651076,,2026-09-21T08:08:28Z,yahoo_ret
GFAIW,,,,2026-09-21T08:08:28Z,empty
EOSEW,,0.2881355562349812,,2026-09-21T08:08:28Z,yahoo_ret
DFDVW,,-0.4413869190343247,,2026-09-21T08:08:28Z,yahoo_ret
EDBLW,,,,2026-09-21T08:08:28Z,empty
REVBW,,,,2026-09-21T08:08:28Z,empty
ABXL,,0.08929678033375965,,2026-09-21T08:08:28Z,yahoo_ret
PHXE-P,,0.45263377381546976,,2026-09-21T08:08:28Z,yahoo_ret
SCLXW,,,,2026-09-21T08:08:28Z,empty
BKKT-WT,,,,2026-09-21T08:08:28Z,empty
CXAIW,,,,2026-09-21T08:08:28Z,empty
JXN-PA,,0.04919374882136496,,2026-09-21T08:08:28Z,yahoo_ret
AENTW,,,,2026-09-21T08:08:28Z,empty
SKYH-WT,,,,2026-09-21T08:08:28Z,empty
EVEX-WT,,,,2026-09-21T08:08:28Z,empty
IONQ-WT,,,,2026-09-21T08:08:28Z,empty
ONFOW,,,,2026-09-21T08:08:28Z,empty
PARAW,,,,2026-09-21T08:08:28Z,empty
TLSIW,,-0.48101267685131455,,2026-09-21T08:08:28Z,yahoo_ret
PDYNW,,,,2026-09-21T08:08:28Z,empty
AUROW,,,,2026-09-21T08:08:28Z,empty
BZFDW,,,,2026-09-21T08:08:28Z,empty
BFRGW,,,,2026-09-21T08:08:28Z,empty
BMNP,,0.14127980469241197,,2026-09-21T08:08:28Z,yahoo_ret
PCTTU,,-0.6955056006401834,,2026-09-21T08:08:28Z,yahoo_ret
PCTTW,,,,2026-09-21T08:08:28Z,empty
RUMBW,,,,2026-09-21T08:08:28Z,empty
GEGGL,,0.07542079959022452,,2026-09-21T08:08:28Z,yahoo_ret
ICUCW,,,,2026-09-21T08:08:28Z,empty
SDSTW,,,,2026-09-21T08:08:28Z,empty
PIIIW,,,,2026-09-21T08:08:28Z,empty
SABSW,,,,2026-09-21T08:08:28Z,empty
MDAIW,,,,2026-09-21T08:08:28Z,empty
GROY-WT,,,,2026-09-21T08:08:28Z,empty
GPATU,,0.02705223457362882,,2026-09-21T08:08:28Z,yahoo_ret
GPATW,,,,2026-09-21T08:08:28Z,empty
BETRW,,,,2026-09-21T08:08:28Z,empty
BBAI-WT,,,,2026-09-21T08:08:28Z,empty
BNAIW,,,,2026-09-21T08:08:28Z,empty
RGTIW,,,,2026-09-21T08:08:28Z,empty
SPWRW,,,,2026-09-21T08:08:28Z,empty
CORZW,,,,2026-09-21T08:08:28Z,empty
CORZZ,,,,2026-09-21T08:08:28Z,empty
XBPEW,,,,2026-09-21T08:08:28Z,empty
WALDW,,-0.8478260825551863,,2026-09-21T08:08:28Z,yahoo_ret
VEEAW,,,,2026-09-21T08:08:28Z,empty
SOUNW,,,,2026-09-21T08:08:28Z,empty
COCHW,,,,2026-09-21T08:08:28Z,empty
HOLOW,,,,2026-09-21T08:08:28Z,empty
KTTAW,,,,2026-09-21T08:08:28Z,empty
DAVEW,,,,2026-09-21T08:08:28Z,empty
VGASW,,,,2026-09-21T08:08:28Z,empty
EONR-WT,,,,2026-09-21T08:08:28Z,empty
AISPW,,,,2026-09-21T08:08:28Z,empty
RMCOW,,,,2026-09-21T08:08:28Z,empty
LNZAW,,,,2026-09-21T08:08:28Z,empty
FLYX-WT,,,,2026-09-21T08:08:28Z,empty
ESLAW,,,,2026-09-21T08:08:28Z,empty
SLDPW,,,,2026-09-21T08:08:28Z,empty
GREEL,,1.8752071989311805,,2026-09-21T08:08:28Z,yahoo_ret
ANNAW,,,,2026-09-21T08:08:28Z,empty
NPWR-WT,,,,2026-09-21T08:08:28Z,empty
OABIW,,,,2026-09-21T08:08:28Z,empty
HVIIR,453616.0,,,2026-09-21T08:08:28Z,yahoo_mcap
HVIIU,,0.17619051252092643,,2026-09-21T08:08:28Z,yahoo_ret
PSQH-WT,,,,2026-09-21T08:08:28Z,empty
SAIHW,,,,2026-09-21T08:08:28Z,empty
ASBPW,,,,2026-09-21T08:08:28Z,empty
EUDAW,,,,2026-09-21T08:08:28Z,empty
DFLIW,,,,2026-09-21T08:08:28Z,empty
DJTWW,1593480064.0,,,2026-09-21T08:08:28Z,yahoo_mcap
KITTW,,,,2026-09-21T08:08:28Z,empty
FSHPR,,,,2026-09-21T08:08:28Z,empty
GCTS-WT,,,,2026-09-21T08:08:28Z,empty
BEAGR,,,,2026-09-21T08:08:28Z,empty
BEAGU,,0.05849055313648166,,2026-09-21T08:08:28Z,yahoo_ret
NVA-WT,,,,2026-09-21T08:08:28Z,empty
BRLSW,,,,2026-09-21T08:08:28Z,empty
AERTW,,,,2026-09-21T08:08:28Z,empty
KDKRW,,-0.6478873133020865,,2026-09-21T08:08:28Z,yahoo_ret
IAUX-WT,,,,2026-09-21T08:08:28Z,empty
SHFSW,,,,2026-09-21T08:08:28Z,empty
MOBXW,,,,2026-09-21T08:08:28Z,empty
AIRJW,,,,2026-09-21T08:08:28Z,empty
GRABW,,-0.9401197602786785,,2026-09-21T08:08:28Z,yahoo_ret
SEATW,,-0.816666663562258,,2026-09-21T08:08:28Z,yahoo_ret
APOS,,0.04265580575139083,,2026-09-21T08:08:28Z,yahoo_ret
BFRIW,,,,2026-09-21T08:08:28Z,empty
ASTLW,,,,2026-09-21T08:08:28Z,empty
TVGNW,,,,2026-09-21T08:08:28Z,empty
ARBEW,,,,2026-09-21T08:08:28Z,empty
ECXWW,,,,2026-09-21T08:08:28Z,empty
CINGW,,,,2026-09-21T08:08:28Z,empty
AMODW,,,,2026-09-21T08:08:28Z,empty
MSAIW,,,,2026-09-21T08:08:28Z,empty
FGIWW,,,,2026-09-21T08:08:28Z,empty
ZEOWW,,,,2026-09-21T08:08:28Z,empty
BTSGU,,1.0449991012803235,,2026-09-21T08:08:28Z,yahoo_ret
BULLW,,-0.4687499825377013,,2026-09-21T08:08:28Z,yahoo_ret
CDROW,,,,2026-09-21T08:08:28Z,empty
OPTXW,,,,2026-09-21T08:08:28Z,empty
CYCUW,,,,2026-09-21T08:08:28Z,empty
RDZNW,,,,2026-09-21T08:08:28Z,empty
CDIOW,,,,2026-09-21T08:08:28Z,empty
DRTSW,,,,2026-09-21T08:08:28Z,empty
BZAIW,,,,2026-09-21T08:08:28Z,empty
ANGHW,,,,2026-09-21T08:08:28Z,empty
TVAIR,,,,2026-09-21T08:08:28Z,empty
TVAIU,,0.03550292351955475,,2026-09-21T08:08:28Z,yahoo_ret
MTEKW,,,,2026-09-21T08:08:28Z,empty
SATLW,,,,2026-09-21T08:08:28Z,empty
NRSNW,,,,2026-09-21T08:08:28Z,empty
LCFYW,,,,2026-09-21T08:08:28Z,empty
SWVLW,,,,2026-09-21T08:08:28Z,empty
PRENW,,,,2026-09-21T08:08:28Z,empty
IMPPP,,0.11342592668022444,,2026-09-21T08:08:28Z,yahoo_ret
ADSEW,,,,2026-09-21T08:08:28Z,empty
TPGXL,,-0.10934381480134514,,2026-09-21T08:08:28Z,yahoo_ret
PGYWW,,,,2026-09-21T08:08:28Z,empty
SLND-WT,,,,2026-09-21T08:08:28Z,empty
SPKLU,,0.1510658128084914,,2026-09-21T08:08:28Z,yahoo_ret
SPKLW,,,,2026-09-21T08:08:28Z,empty
NEXRW,,,,2026-09-21T08:08:28Z,empty
GGROW,,,,2026-09-21T08:08:28Z,empty
WLDSW,,,,2026-09-21T08:08:28Z,empty
FLDDW,,,,2026-09-21T08:08:28Z,empty
CRBD,,-0.0769996817556361,,2026-09-21T08:08:28Z,yahoo_ret
DFSCW,,,,2026-09-21T08:08:28Z,empty
ASPCR,,,,2026-09-21T08:08:28Z,empty
ASPCU,,0.1419047401064919,,2026-09-21T08:08:28Z,yahoo_ret
SVREW,,,,2026-09-21T08:08:28Z,empty
NE-WT,,,,2026-09-21T08:08:28Z,empty
NE-WTA,,,,2026-09-21T08:08:28Z,empty
CDTTW,,,,2026-09-21T08:08:28Z,empty
TONT-UN,,-0.0018182234330610392,,2026-09-21T08:08:28Z,yahoo_ret
TONT-WT,,,,2026-09-21T08:08:28Z,empty
ALVOW,,,,2026-09-21T08:08:28Z,empty
LVWR-WT,,,,2026-09-21T08:08:28Z,empty
AMPX-WT,,,,2026-09-21T08:08:28Z,empty
UCFIW,,,,2026-09-21T08:08:28Z,empty
GRRRW,,,,2026-09-21T08:08:28Z,empty
AFRIW,,,,2026-09-21T08:08:28Z,empty
HUBCW,,,,2026-09-21T08:08:28Z,empty
HUBCZ,,,,2026-09-21T08:08:28Z,empty
GRMLW,,,,2026-09-21T08:08:28Z,empty
VFSWW,,-0.06382978993230626,,2026-09-21T08:08:28Z,yahoo_ret
CNCKW,,,,2026-09-21T08:08:28Z,empty
NBRGR,,,,2026-09-21T08:08:28Z,empty
NBRGU,,0.02797200065623473,,2026-09-21T08:08:28Z,yahoo_ret
RZLVW,,,,2026-09-21T08:08:28Z,empty
SATA,,0.2700373080715437,,2026-09-21T08:08:28Z,yahoo_ret
FUFUW,,,,2026-09-21T08:08:28Z,empty
OCAC-RI,,,,2026-09-21T08:08:28Z,empty
OCAC-UN,,0.015701747563801938,,2026-09-21T08:08:28Z,yahoo_ret
OCAC-WT,,,,2026-09-21T08:08:28Z,empty
TDACU,,0.20865386114318052,,2026-09-21T08:08:28Z,yahoo_ret
TDACW,,,,2026-09-21T08:08:28Z,empty
CRGOW,,,,2026-09-21T08:08:28Z,empty
HOVRW,,,,2026-09-21T08:08:28Z,empty
SPMA,,0.08327680532744552,,2026-09-21T08:08:28Z,yahoo_ret
SPME,,0.07472157662682855,,2026-09-21T08:08:28Z,yahoo_ret
SBCWW,,,,2026-09-21T08:08:28Z,empty
AIIOW,,,,2026-09-21T08:08:28Z,empty
FGN,,-0.0033591768469178884,,2026-09-21T08:08:28Z,yahoo_ret
FGSN,,-0.08342349900427948,,2026-09-21T08:08:28Z,yahoo_ret
FMSTW,,,,2026-09-21T08:08:28Z,empty
NAMSW,,-0.24358129766135073,,2026-09-21T08:08:28Z,yahoo_ret
SDAWW,,,,2026-09-21T08:08:28Z,empty
MLECW,,,,2026-09-21T08:08:28Z,empty
FBYDP,,,,2026-09-21T08:08:28Z,empty
FBYDW,,,,2026-09-21T08:08:28Z,empty
SMXWW,,,,2026-09-21T08:08:28Z,empty
BAERW,,,,2026-09-21T08:08:28Z,empty
SXTPW,,,,2026-09-21T08:08:28Z,empty
CRMLW,,,,2026-09-21T08:08:28Z,empty
OCSAW,,,,2026-09-21T08:08:28Z,empty
BCGWW,,,,2026-09-21T08:08:28Z,empty
NOEMR,,,,2026-09-21T08:08:28Z,empty
NOEMU,,0.17702449479282145,,2026-09-21T08:08:28Z,yahoo_ret
NOEMW,,,,2026-09-21T08:08:28Z,empty
ABLVW,,,,2026-09-21T08:08:28Z,empty
OIOWW,,,,2026-09-21T08:08:28Z,empty
LZM-WT,,,,2026-09-21T08:08:28Z,empty
COOTW,,,,2026-09-21T08:08:28Z,empty
EXYNW,,-0.5308642047986154,,2026-09-21T08:08:28Z,yahoo_ret
LOTWW,,,,2026-09-21T08:08:28Z,empty
NVNIW,,,,2026-09-21T08:08:28Z,empty
CCGWW,,-0.6938775498567398,,2026-09-21T08:08:28Z,yahoo_ret
LIMNW,,,,2026-09-21T08:08:28Z,empty
MNYWW,,-0.7812499941792338,,2026-09-21T08:08:28Z,yahoo_ret
QETAR,,,,2026-09-21T08:08:28Z,empty
QETAU,,0.06180812424933335,,2026-09-21T08:08:28Z,yahoo_ret
AFJKR,,,,2026-09-21T08:08:28Z,empty
AFJKU,,0.15555555555555545,,2026-09-21T08:08:28Z,yahoo_ret
ENGNW,,,,2026-09-21T08:08:28Z,empty
NIVFW,,,,2026-09-21T08:08:28Z,empty
BDMDW,,,,2026-09-21T08:08:28Z,empty
RMSGW,,,,2026-09-21T08:08:28Z,empty
PBMWW,,,,2026-09-21T08:08:28Z,empty
GTENU,,0.027893017642376394,,2026-09-21T08:08:28Z,yahoo_ret
GTENW,,,,2026-09-21T08:08:28Z,empty
SHMDW,,,,2026-09-21T08:08:28Z,empty
MRNOW,,,,2026-09-21T08:08:28Z,empty
MKDWW,,,,2026-09-21T08:08:28Z,empty
ZOOZW,,,,2026-09-21T08:08:28Z,empty
MDCXW,,,,2026-09-21T08:08:28Z,empty
PDPA,,0.0736049082825958,,2026-09-21T08:08:28Z,yahoo_ret
IBACR,,,,2026-09-21T08:08:28Z,empty
DSYWW,,,,2026-09-21T08:08:28Z,empty
SCAGW,,,,2026-09-21T08:08:28Z,empty
EURKR,,,,2026-09-21T08:08:28Z,empty
EURKU,,0.09023258297942416,,2026-09-21T08:08:28Z,yahoo_ret
KWMWW,,,,2026-09-21T08:08:28Z,empty
NXATW,,,,2026-09-21T08:08:28Z,empty
BKHAR,,,,2026-09-21T08:08:28Z,empty
BKHAU,,0.1049209946831553,,2026-09-21T08:08:28Z,yahoo_ret
HPAIW,,,,2026-09-21T08:08:28Z,empty
GCLWW,,-0.572289181861936,,2026-09-21T08:08:28Z,yahoo_ret
INFQ-WT,,,,2026-09-21T08:08:28Z,empty
TACHU,,0.04878048780487809,,2026-09-21T08:08:28Z,yahoo_ret
TACHW,,,,2026-09-21T08:08:28Z,empty
FVNNR,,0.16731510322511967,,2026-09-21T08:08:28Z,yahoo_ret
FVNNU,,0.33333333333333326,,2026-09-21T08:08:28Z,yahoo_ret
ALFUW,,,,2026-09-21T08:08:28Z,empty
YDESW,,,,2026-09-21T08:08:28Z,empty
RFAIR,,,,2026-09-21T08:08:28Z,empty
RFAIU,,3.443289098348701,,2026-09-21T08:08:28Z,yahoo_ret
FOXXW,,,,2026-09-21T08:08:28Z,empty
SIMAW,,,,2026-09-21T08:08:28Z,empty
LPAAW,,,,2026-09-21T08:08:28Z,empty
SBXD-UN,,-0.02767852421621808,,2026-09-21T08:08:28Z,yahoo_ret
SBXD-WT,,,,2026-09-21T08:08:28Z,empty
CUBWU,,-0.11129025832423112,,2026-09-21T08:08:28Z,yahoo_ret
CUBWW,,,,2026-09-21T08:08:28Z,empty
VLOSU,,-0.040178555082909684,,2026-09-21T08:08:28Z,yahoo_ret
VLOSW,,,,2026-09-21T08:08:28Z,empty
MACIU,,0.07244997573539735,,2026-09-21T08:08:28Z,yahoo_ret
MACIW,,,,2026-09-21T08:08:28Z,empty
DTSQR,,,,2026-09-21T08:08:28Z,empty
DTSQU,,0.09186603403531368,,2026-09-21T08:08:28Z,yahoo_ret
RDACR,,,,2026-09-21T08:08:28Z,empty
RDACU,,-0.06572768397542328,,2026-09-21T08:08:28Z,yahoo_ret
BGLWW,,,,2026-09-21T08:08:28Z,empty
IMSRW,,,,2026-09-21T08:08:28Z,empty
TAVIR,,,,2026-09-21T08:08:28Z,empty
TAVIU,,0.03448281846945678,,2026-09-21T08:08:28Z,yahoo_ret
YHNAR,,,,2026-09-21T08:08:28Z,empty
YHNAU,,0.04401914320985245,,2026-09-21T08:08:28Z,yahoo_ret
KIDZW,,,,2026-09-21T08:08:28Z,empty
SLXNW,,,,2026-09-21T08:08:28Z,empty
LPBBU,,0.01591760968504463,,2026-09-21T08:08:28Z,yahoo_ret
LPBBW,,,,2026-09-21T08:08:28Z,empty
HDRNW,,,,2026-09-21T08:08:28Z,empty
CAPNR,,,,2026-09-21T08:08:28Z,empty
CAPNU,,0.07655504357287835,,2026-09-21T08:08:28Z,yahoo_ret
CHARR,,,,2026-09-21T08:08:28Z,empty
CHARU,,0.01016641529150708,,2026-09-21T08:08:28Z,yahoo_ret
CHPGR,,,,2026-09-21T08:08:28Z,empty
CHPGU,,0.03048175650116125,,2026-09-21T08:08:28Z,yahoo_ret
POLEU,,0.023832221683008914,,2026-09-21T08:08:28Z,yahoo_ret
POLEW,,,,2026-09-21T08:08:28Z,empty
FERAR,,,,2026-09-21T08:08:28Z,empty
FERAU,,0.02285712105887283,,2026-09-21T08:08:28Z,yahoo_ret
SOUL-RI,,,,2026-09-21T08:08:28Z,empty
SOUL-UN,,-0.0023019537907023047,,2026-09-21T08:08:28Z,yahoo_ret
NAMMW,,-0.04666666004392861,,2026-09-21T08:08:28Z,yahoo_ret
ALISR,,,,2026-09-21T08:08:28Z,empty
ALISU,,0.08008010100738172,,2026-09-21T08:08:28Z,yahoo_ret
NTWOU,,0.11489651811309498,,2026-09-21T08:08:28Z,yahoo_ret
NTWOW,,2.959424370460046,,2026-09-21T08:08:28Z,yahoo_ret
COLAR,,,,2026-09-21T08:08:28Z,empty
COLAU,,0.06697676902593575,,2026-09-21T08:08:28Z,yahoo_ret
RAINW,,,,2026-09-21T08:08:28Z,empty
NUAIW,,,,2026-09-21T08:08:28Z,empty
IPEXR,,,,2026-09-21T08:08:28Z,empty
IPEXU,,0.05381818251176318,,2026-09-21T08:08:28Z,yahoo_ret
ATIIU,,0.0960232522623865,,2026-09-21T08:08:28Z,yahoo_ret
ATIIW,,,,2026-09-21T08:08:28Z,empty
DMAAR,,,,2026-09-21T08:08:28Z,empty
DMAAU,,0.021780258816000764,,2026-09-21T08:08:28Z,yahoo_ret
DYNCU,,-0.08007269976364673,,2026-09-21T08:08:28Z,yahoo_ret
DYNCW,,,,2026-09-21T08:08:28Z,empty
SPEGR,,,,2026-09-21T08:08:28Z,empty
SPEGU,,0.036597418212048316,,2026-09-21T08:08:28Z,yahoo_ret
FACTU,,0.04234837014861803,,2026-09-21T08:08:28Z,yahoo_ret
FACTW,,,,2026-09-21T08:08:28Z,empty
OACCU,,0.03764143394465047,,2026-09-21T08:08:28Z,yahoo_ret
OACCW,,,,2026-09-21T08:08:28Z,empty
KFIIR,,,,2026-09-21T08:08:28Z,empty
KFIIU,276112000.0,0.03344931576817167,,2026-09-21T08:08:28Z,yahoo_mcap|yahoo_ret
PLMKU,,0.036679548941490614,,2026-09-21T08:08:28Z,yahoo_ret
PLMKW,,,,2026-09-21T08:08:28Z,empty
SZZLR,,,,2026-09-21T08:08:28Z,empty
SZZLU,,0.033333348916247285,,2026-09-21T08:08:28Z,yahoo_ret
PGACR,,,,2026-09-21T08:08:28Z,empty
PGACU,,0.04527940865577951,,2026-09-21T08:08:28Z,yahoo_ret
ALDFU,,0.015843437422786044,,2026-09-21T08:08:28Z,yahoo_ret
ALDFW,,,,2026-09-21T08:08:28Z,empty
DRDBU,,0.02095240638369611,,2026-09-21T08:08:28Z,yahoo_ret
DRDBW,4000500.0,,,2026-09-21T08:08:28Z,yahoo_mcap
TACOU,,0.02696308946457826,,2026-09-21T08:08:28Z,yahoo_ret
TACOW,,,,2026-09-21T08:08:28Z,empty
FUSEW,,-0.7914691909658,,2026-09-21T08:08:28Z,yahoo_ret
SVCCU,,0.03478257424239106,,2026-09-21T08:08:28Z,yahoo_ret
SVCCW,,,,2026-09-21T08:08:28Z,empty
DAICW,,,,2026-09-21T08:08:28Z,empty
TVACU,,0.05278601561005525,,2026-09-21T08:08:28Z,yahoo_ret
TVACW,,,,2026-09-21T08:08:28Z,empty
SDHIR,,,,2026-09-21T08:08:28Z,empty
SDHIU,,0.021153872605612634,,2026-09-21T08:08:28Z,yahoo_ret
OBAWU,,0.04300003051757817,,2026-09-21T08:08:28Z,yahoo_ret
OBAWW,,,,2026-09-21T08:08:28Z,empty
GIBOW,,,,2026-09-21T08:08:28Z,empty
RIBBR,,,,2026-09-21T08:08:28Z,empty
RIBBU,,0.09952152926653146,,2026-09-21T08:08:28Z,yahoo_ret
RTACU,,-0.06649170678829197,,2026-09-21T08:08:28Z,yahoo_ret
RTACW,,-0.5043103408409496,,2026-09-21T08:08:28Z,yahoo_ret
RANGR,,,,2026-09-21T08:08:28Z,empty
RANGU,,0.02863632548939088,,2026-09-21T08:08:28Z,yahoo_ret
UYSCR,,,,2026-09-21T08:08:28Z,empty
UYSCU,,0.09011631130592024,,2026-09-21T08:08:28Z,yahoo_ret
VWAVW,,,,2026-09-21T08:08:28Z,empty
JACS-RI,,,,2026-09-21T08:08:28Z,empty
JACS-UN,,-0.061792867910377525,,2026-09-21T08:08:28Z,yahoo_ret
PACHU,,0.03592810780745137,,2026-09-21T08:08:28Z,yahoo_ret
PACHW,,,,2026-09-21T08:08:28Z,empty
DMIIR,,,,2026-09-21T08:08:28Z,empty
DMIIU,,0.026026049533405926,,2026-09-21T08:08:28Z,yahoo_ret
CCAQU,,0.04603332666726501,,2026-09-21T08:08:28Z,yahoo_ret
CCAQW,,,,2026-09-21T08:08:28Z,empty
ALUB-UN,,0.03187247968526474,,2026-09-21T08:08:28Z,yahoo_ret
ALUB-WT,,,,2026-09-21T08:08:28Z,empty
OYSER,,-0.3333333747254461,,2026-09-21T08:08:28Z,yahoo_ret
OYSEU,,0.047151230633292185,,2026-09-21T08:08:28Z,yahoo_ret
BDCIU,,0.01980196056547401,,2026-09-21T08:08:28Z,yahoo_ret
BDCIW,,,,2026-09-21T08:08:28Z,empty
HAVAR,,,,2026-09-21T08:08:28Z,empty
HAVAU,,0.025050101349401332,,2026-09-21T08:08:28Z,yahoo_ret
EVAC-UN,,0.028913257185812613,,2026-09-21T08:08:28Z,yahoo_ret
EVAC-WT,,,,2026-09-21T08:08:28Z,empty
LKSPR,,,,2026-09-21T08:08:28Z,empty
LKSPU,,0.044499969482421964,,2026-09-21T08:08:28Z,yahoo_ret
APACR,,,,2026-09-21T08:08:28Z,empty
APACU,,0.04212638566148308,,2026-09-21T08:08:28Z,yahoo_ret
NHICU,,0.16213592673485167,,2026-09-21T08:08:28Z,yahoo_ret
NHICW,,,,2026-09-21T08:08:28Z,empty
GTERR,,,,2026-09-21T08:08:28Z,empty
GTERU,,0.03244836983583488,,2026-09-21T08:08:28Z,yahoo_ret
GTERW,,,,2026-09-21T08:08:28Z,empty
XRPNU,,0.036018967542260194,,2026-09-21T08:08:28Z,yahoo_ret
XRPNW,,,,2026-09-21T08:08:28Z,empty
ORIQU,146054000.0,0.026785759901514217,,2026-09-21T08:08:28Z,yahoo_mcap|yahoo_ret
ORIQW,,,,2026-09-21T08:08:28Z,empty
GSHRU,,0.03009703497105143,,2026-09-21T08:08:28Z,yahoo_ret
GSHRW,,,,2026-09-21T08:08:28Z,empty
MTNE-UN,,0.006999969482421875,,2026-09-21T08:08:28Z,yahoo_ret
MTNE-WT,,,,2026-09-21T08:08:28Z,empty
COPL-UN,,0.03343167650317169,,2026-09-21T08:08:28Z,yahoo_ret
COPL-WT,,,,2026-09-21T08:08:28Z,empty
CHECU,,0.026026049533405926,,2026-09-21T08:08:28Z,yahoo_ret
CHECW,,,,2026-09-21T08:08:28Z,empty
QSEAR,,,,2026-09-21T08:08:28Z,empty
QSEAU,,0.05576922547887753,,2026-09-21T08:08:28Z,yahoo_ret
RAC-UN,,-0.00467291510524781,,2026-09-21T08:08:28Z,yahoo_ret
RAC-WT,,,,2026-09-21T08:08:28Z,empty
NPACU,,0.02539064791926693,,2026-09-21T08:08:28Z,yahoo_ret
NPACW,,,,2026-09-21T08:08:28Z,empty
TMSWW,,,,2026-09-21T08:08:28Z,empty
LCCCR,,,,2026-09-21T08:08:28Z,empty
LCCCU,,0.03917723967049769,,2026-09-21T08:08:28Z,yahoo_ret
FACWW,,,,2026-09-21T08:08:28Z,empty
BLUWU,,0.03754941884763907,,2026-09-21T08:08:28Z,yahoo_ret
BLUWW,,,,2026-09-21T08:08:28Z,empty
PEW-WT,,,,2026-09-21T08:08:28Z,empty
BSAAR,,,,2026-09-21T08:08:28Z,empty
BSAAU,,0.07283462423541787,,2026-09-21T08:08:28Z,yahoo_ret
MLCIL,,-0.04457968748945884,,2026-09-21T08:08:28Z,yahoo_ret
IRHOR,,,,2026-09-21T08:08:28Z,empty
IRHOU,,0.015999984741210893,,2026-09-21T08:08:28Z,yahoo_ret
DAAQU,,0.1146919446702579,,2026-09-21T08:08:28Z,yahoo_ret
DAAQW,,,,2026-09-21T08:08:28Z,empty
TWLVR,,,,2026-09-21T08:08:28Z,empty
TWLVU,,0.015999984741210893,,2026-09-21T08:08:28Z,yahoo_ret
EGHAR,,,,2026-09-21T08:08:28Z,empty
EGHAU,,0.046123678742205465,,2026-09-21T08:08:28Z,yahoo_ret
TGE-WT,,,,2026-09-21T08:08:28Z,empty
KCHVR,,,,2026-09-21T08:08:28Z,empty
KCHVU,,0.027343817666407366,,2026-09-21T08:08:28Z,yahoo_ret
WTGUR,,,,2026-09-21T08:08:28Z,empty
WTGUU,,0.059587014950649886,,2026-09-21T08:08:28Z,yahoo_ret
ONCHU,,-0.014191071226210439,,2026-09-21T08:08:28Z,yahoo_ret
ONCHW,,,,2026-09-21T08:08:28Z,empty
NMPAR,,,,2026-09-21T08:08:28Z,empty
NMPAU,,0.023738944900356218,,2026-09-21T08:08:28Z,yahoo_ret
RDAGU,,0.0,,2026-09-21T08:08:28Z,yahoo_ret
RDAGW,,,,2026-09-21T08:08:28Z,empty
VNMEU,,0.02897102449771083,,2026-09-21T08:08:28Z,yahoo_ret
VNMEW,,,,2026-09-21T08:08:28Z,empty
PCAPU,,0.009661780107220741,,2026-09-21T08:08:28Z,yahoo_ret
PCAPW,,,,2026-09-21T08:08:28Z,empty
AXINR,,,,2026-09-21T08:08:28Z,empty
AXINU,,0.06280912467315902,,2026-09-21T08:08:28Z,yahoo_ret
WENNU,,0.0009569597190777213,,2026-09-21T08:08:28Z,yahoo_ret
WENNW,,,,2026-09-21T08:08:28Z,empty
GLIBK,949339776.0,-0.3296703355761832,,2026-09-21T08:08:28Z,yahoo_mcap|yahoo_ret
CRAQR,,,,2026-09-21T08:08:28Z,empty
CRAQU,,0.03244836983583488,,2026-09-21T08:08:28Z,yahoo_ret
FIGXU,,0.029002763363257467,,2026-09-21T08:08:28Z,yahoo_ret
FIGXW,,,,2026-09-21T08:08:28Z,empty
SSEAR,,,,2026-09-21T08:08:28Z,empty
SSEAU,,0.032673258538831185,,2026-09-21T08:08:28Z,yahoo_ret
BACCR,,,,2026-09-21T08:08:28Z,empty
BACCU,,0.07608700261572521,,2026-09-21T08:08:28Z,yahoo_ret
JENA-RI,,,,2026-09-21T08:08:28Z,empty
JENA-UN,,0.036538473882619105,,2026-09-21T08:08:28Z,yahoo_ret
LWACU,,0.03496497700225398,,2026-09-21T08:08:28Z,yahoo_ret
LWACW,,,,2026-09-21T08:08:28Z,empty
PMTRU,,0.03286388676115526,,2026-09-21T08:08:28Z,yahoo_ret
PMTRW,,,,2026-09-21T08:08:28Z,empty
KYIVW,,,,2026-09-21T08:08:28Z,empty
INACR,,,,2026-09-21T08:08:28Z,empty
INACU,,0.027750220885712995,,2026-09-21T08:08:28Z,yahoo_ret
BPACR,,,,2026-09-21T08:08:28Z,empty
BPACU,,0.024875621418442906,,2026-09-21T08:08:28Z,yahoo_ret
BCSS-UN,,0.03964317269387574,,2026-09-21T08:08:28Z,yahoo_ret
BCSS-WT,,,,2026-09-21T08:08:28Z,empty
MCGAU,,-0.06833141131241849,,2026-09-21T08:08:28Z,yahoo_ret
MCGAW,,,,2026-09-21T08:08:28Z,empty
CCIIU,,0.01650486147047503,,2026-09-21T08:08:28Z,yahoo_ret
CCIIW,,-0.033333399560713795,,2026-09-21T08:08:28Z,yahoo_ret
PLUN-RI,,,,2026-09-21T08:08:28Z,empty
PLUN-UN,,0.0139581602243255,,2026-09-21T08:08:28Z,yahoo_ret
SOCAU,,0.033797135659217936,,2026-09-21T08:08:28Z,yahoo_ret
SOCAW,,,,2026-09-21T08:08:28Z,empty
MKLYR,,,,2026-09-21T08:08:28Z,empty
MKLYU,,0.046523277429920684,,2026-09-21T08:08:28Z,yahoo_ret
KOYNU,,0.016765292952469313,,2026-09-21T08:08:28Z,yahoo_ret
KOYNW,,,,2026-09-21T08:08:28Z,empty
PAII-UN,262496416.0,0.09126984952949235,,2026-09-21T08:08:28Z,yahoo_mcap|yahoo_ret
PAII-WT,,,,2026-09-21T08:08:28Z,empty
HCMAU,,0.017492741092621555,,2026-09-21T08:08:28Z,yahoo_ret
HCMAW,,,,2026-09-21T08:08:28Z,empty
HVMCU,,0.034226217226196676,,2026-09-21T08:08:28Z,yahoo_ret
HVMCW,,,,2026-09-21T08:08:28Z,empty
CRACR,,,,2026-09-21T08:08:28Z,empty
CRACU,,0.027832974283499956,,2026-09-21T08:08:28Z,yahoo_ret
CRACW,,,,2026-09-21T08:08:28Z,empty
QUMSR,,,,2026-09-21T08:08:28Z,empty
QUMSU,,0.03201436826375037,,2026-09-21T08:08:28Z,yahoo_ret
BIOTW,,,,2026-09-21T08:08:28Z,empty
GSRFR,,-0.2692307515962583,,2026-09-21T08:08:28Z,yahoo_ret
GSRFU,,0.041338590807255216,,2026-09-21T08:08:28Z,yahoo_ret
TLNCU,,0.04287141741013811,,2026-09-21T08:08:28Z,yahoo_ret
TLNCW,,,,2026-09-21T08:08:28Z,empty
ARCLR,,-0.19999998807907104,,2026-09-21T08:08:28Z,yahoo_ret
ARCLU,,0.019960059893028514,,2026-09-21T08:08:28Z,yahoo_ret
ARCLW,,,,2026-09-21T08:08:28Z,empty
AIIA-RI,,,,2026-09-21T08:08:28Z,empty
AIIA-UN,,0.024727992926773856,,2026-09-21T08:08:28Z,yahoo_ret
MBVIU,,0.02182542348154337,,2026-09-21T08:08:28Z,yahoo_ret
MBVIW,,,,2026-09-21T08:08:28Z,empty
FCRS-UN,,0.004830843982388977,,2026-09-21T08:08:28Z,yahoo_ret
FCRS-WT,,,,2026-09-21T08:08:28Z,empty
GFUZW,,,,2026-09-21T08:08:28Z,empty
KRSP-UN,,0.034961144253607745,,2026-09-21T08:08:28Z,yahoo_ret
KRSP-WT,,,,2026-09-21T08:08:28Z,empty
NWAX-UN,,-0.004830936124831653,,2026-09-21T08:08:28Z,yahoo_ret
NWAX-WT,,,,2026-09-21T08:08:28Z,empty
CCXIU,,0.2473065239075689,,2026-09-21T08:08:28Z,yahoo_ret
CCXIW,,,,2026-09-21T08:08:28Z,empty
IGACR,,-0.15789474509759638,,2026-09-21T08:08:28Z,yahoo_ret
IGACU,,0.01698302421646747,,2026-09-21T08:08:28Z,yahoo_ret
BLZRU,,0.022862776604644752,,2026-09-21T08:08:28Z,yahoo_ret
BLZRW,,,,2026-09-21T08:08:28Z,empty
YCY-UN,,0.03334336478703137,,2026-09-21T08:08:28Z,yahoo_ret
YCY-WT,,,,2026-09-21T08:08:28Z,empty
EMISR,,,,2026-09-21T08:08:28Z,empty
BRRWW,,-0.6228813452304209,,2026-09-21T08:08:28Z,yahoo_ret
WSTNR,,,,2026-09-21T08:08:28Z,empty
WSTNU,,0.020854026267240977,,2026-09-21T08:08:28Z,yahoo_ret
LATAU,,0.031031073745660498,,2026-09-21T08:08:28Z,yahoo_ret
LATAW,,,,2026-09-21T08:08:28Z,empty
TDWDR,,,,2026-09-21T08:08:28Z,empty
TDWDU,,0.010956141144939258,,2026-09-21T08:08:28Z,yahoo_ret
SCIIR,,,,2026-09-21T08:08:28Z,empty
SCIIU,,0.022908416014395527,,2026-09-21T08:08:28Z,yahoo_ret
OTGAU,,0.03685257838295786,,2026-09-21T08:08:28Z,yahoo_ret
OTGAW,,0.034482829494228984,,2026-09-21T08:08:28Z,yahoo_ret
MMTXU,,0.011011072359539131,,2026-09-21T08:08:28Z,yahoo_ret
MMTXW,,,,2026-09-21T08:08:28Z,empty
IRAB-UN,,0.029116461921919967,,2026-09-21T08:08:28Z,yahoo_ret
IRAB-WT,,,,2026-09-21T08:08:28Z,empty
EVOXU,,0.014807464643207702,,2026-09-21T08:08:28Z,yahoo_ret
EVOXW,,,,2026-09-21T08:08:28Z,empty
LLYVK,8858277888.0,-0.006603378061696086,,2026-09-21T08:08:28Z,yahoo_mcap|yahoo_ret
RNGTU,,0.046000003814697266,,2026-09-21T08:08:28Z,yahoo_ret
RNGTW,,-0.1139240876410812,,2026-09-21T08:08:28Z,yahoo_ret
HCACR,,,,2026-09-21T08:08:28Z,empty
LAFAR,,-0.4666666997803569,,2026-09-21T08:08:28Z,yahoo_ret
LAFAU,,0.020979024310215255,,2026-09-21T08:08:28Z,yahoo_ret
VRXAW,,,,2026-09-21T08:08:28Z,empty
APXTU,,0.023856835100142915,,2026-09-21T08:08:28Z,yahoo_ret
APXTW,,,,2026-09-21T08:08:28Z,empty
DYORU,,0.008884516443350199,,2026-09-21T08:08:28Z,yahoo_ret
DYORW,,,,2026-09-21T08:08:28Z,empty
BEBE-UN,,0.012060290237125626,,2026-09-21T08:08:28Z,yahoo_ret
BEBE-WT,,,,2026-09-21T08:08:28Z,empty
GIWWR,,,,2026-09-21T08:08:28Z,empty
GIWWU,,0.05688619448939969,,2026-09-21T08:08:28Z,yahoo_ret
VACI-UN,,-0.16849447910031712,,2026-09-21T08:08:28Z,yahoo_ret
VACI-WT,,,,2026-09-21T08:08:28Z,empty
MYXXR,,,,2026-09-21T08:08:28Z,empty
MYXXU,,0.021021025321151576,,2026-09-21T08:08:28Z,yahoo_ret
MYXXW,,,,2026-09-21T08:08:28Z,empty
USDEW,,4.840000152587891,,2026-09-21T08:08:28Z,yahoo_ret
THEOR,,,,2026-09-21T08:08:28Z,empty
THEOU,,0.00990093307113904,,2026-09-21T08:08:28Z,yahoo_ret
ITHAU,,0.01604812869877592,,2026-09-21T08:08:28Z,yahoo_ret
ITHAW,,,,2026-09-21T08:08:28Z,empty
DNMXU,,0.001976329840893687,,2026-09-21T08:08:28Z,yahoo_ret
DNMXW,,-0.3611111249084821,,2026-09-21T08:08:28Z,yahoo_ret
SSACR,,,,2026-09-21T08:08:28Z,empty
SSACU,,0.02594803027240067,,2026-09-21T08:08:28Z,yahoo_ret
SSACW,,,,2026-09-21T08:08:28Z,empty
CRANR,,,,2026-09-21T08:08:28Z,empty
CRANU,,0.025870669049492312,,2026-09-21T08:08:28Z,yahoo_ret
MESHU,,0.023476488641748672,,2026-09-21T08:08:28Z,yahoo_ret
MESHW,,,,2026-09-21T08:08:28Z,empty
GUACU,,0.01098897643976704,,2026-09-21T08:08:28Z,yahoo_ret
GUACW,,,,2026-09-21T08:08:28Z,empty
BLRKU,,0.019999980926513672,,2026-09-21T08:08:28Z,yahoo_ret
BLRKW,,,,2026-09-21T08:08:28Z,empty
WPAC-RI,,,,2026-09-21T08:08:28Z,empty
WPAC-UN,,0.033416463929610174,,2026-09-21T08:08:28Z,yahoo_ret
VECA-RI,,,,2026-09-21T08:08:28Z,empty
VECA-UN,,0.05711429605645146,,2026-09-21T08:08:28Z,yahoo_ret
SBXE-UN,,0.0258964372380186,,2026-09-21T08:08:28Z,yahoo_ret
SBXE-WT,,,,2026-09-21T08:08:28Z,empty
KRAQU,,0.0019801488449493476,,2026-09-21T08:08:28Z,yahoo_ret
KRAQW,,,,2026-09-21T08:08:28Z,empty
DSACU,,0.024875621418442906,,2026-09-21T08:08:28Z,yahoo_ret
DSACW,,,,2026-09-21T08:08:28Z,empty
AESPR,,,,2026-09-21T08:08:28Z,empty
AESPU,,0.0139581602243255,,2026-09-21T08:08:28Z,yahoo_ret
AESPW,,,,2026-09-21T08:08:28Z,empty
BIXIU,,0.0219779528795343,,2026-09-21T08:08:28Z,yahoo_ret
BIXIW,,0.17578119042809992,,2026-09-21T08:08:28Z,yahoo_ret
SAC-UN,,0.033797135659217936,,2026-09-21T08:08:28Z,yahoo_ret
SAC-WT,,,,2026-09-21T08:08:28Z,empty
BWIV-UN,,0.014098628937147861,,2026-09-21T08:08:28Z,yahoo_ret
BWIV-WT,,,,2026-09-21T08:08:28Z,empty
PNFP-PA,,0.05810557695109231,,2026-09-21T08:08:28Z,yahoo_ret
PNFP-PB,,0.0520254608823032,,2026-09-21T08:08:28Z,yahoo_ret
PNFP-PC,,0.0291249979232322,,2026-09-21T08:08:28Z,yahoo_ret
ADACU,,0.024899959564208984,,2026-09-21T08:08:28Z,yahoo_ret
ADACW,,,,2026-09-21T08:08:28Z,empty
FTW-WT,,,,2026-09-21T08:08:28Z,empty
SCPQU,,0.02799997329711923,,2026-09-21T08:08:28Z,yahoo_ret
SCPQW,,,,2026-09-21T08:08:28Z,empty
QADRU,,0.019172607162777577,,2026-09-21T08:08:28Z,yahoo_ret
QADRW,,,,2026-09-21T08:08:28Z,empty
SAGU-RI,,,,2026-09-21T08:08:28Z,empty
SAGU-UN,,0.010999965667724654,,2026-09-21T08:08:28Z,yahoo_ret
SAGU-WT,,,,2026-09-21T08:08:28Z,empty
XCBEU,,0.026026049533405926,,2026-09-21T08:08:28Z,yahoo_ret
XCBEW,,,,2026-09-21T08:08:28Z,empty
AEAQU,,0.01899995803832999,,2026-09-21T08:08:28Z,yahoo_ret
AEAQW,,,,2026-09-21T08:08:28Z,empty
LPCVU,,0.025500011444091752,,2026-09-21T08:08:28Z,yahoo_ret
LPCVW,,,,2026-09-21T08:08:28Z,empty
ARCIU,,0.02665345518648654,,2026-09-21T08:08:28Z,yahoo_ret
ARCIW,,,,2026-09-21T08:08:28Z,empty
WLIIU,,0.035714251924804374,,2026-09-21T08:08:28Z,yahoo_ret
WLIIW,,,,2026-09-21T08:08:28Z,empty
ALOVU,,0.006000041961669922,,2026-09-21T08:08:28Z,yahoo_ret
ALOVW,,,,2026-09-21T08:08:28Z,empty
IEAGR,,,,2026-09-21T08:08:28Z,empty
IEAGU,,0.011707305908203125,,2026-09-21T08:08:28Z,yahoo_ret
LFACU,,0.01698302421646747,,2026-09-21T08:08:28Z,yahoo_ret
LFACW,,,,2026-09-21T08:08:28Z,empty
QRED-RI,,,,2026-09-21T08:08:28Z,empty
QRED-UN,,0.02799997329711923,,2026-09-21T08:08:28Z,yahoo_ret
GPACU,,0.01899995803832999,,2026-09-21T08:08:28Z,yahoo_ret
GPACW,,,,2026-09-21T08:08:28Z,empty
TRAD-RI,,,,2026-09-21T08:08:28Z,empty
TRAD-UN,,0.027000045776367276,,2026-09-21T08:08:28Z,yahoo_ret
SVAQU,,0.05432595419005071,,2026-09-21T08:08:28Z,yahoo_ret
SVAQW,,,,2026-09-21T08:08:28Z,empty
ETSS-UN,,0.016016001108897004,,2026-09-21T08:08:28Z,yahoo_ret
ETSS-WT,,,,2026-09-21T08:08:28Z,empty
SORNU,,0.02499999999999991,,2026-09-21T08:08:28Z,yahoo_ret
SORNW,,,,2026-09-21T08:08:28Z,empty
VHCPU,,0.02142502798775192,,2026-09-21T08:08:28Z,yahoo_ret
VHCPW,,,,2026-09-21T08:08:28Z,empty
GHXIU,,0.011940286893696861,,2026-09-21T08:08:28Z,yahoo_ret
GHXIW,,-0.08333334989017849,,2026-09-21T08:08:28Z,yahoo_ret
KTWOR,,,,2026-09-21T08:08:28Z,empty
KTWOU,,0.022931256434092884,,2026-09-21T08:08:28Z,yahoo_ret
ARTCU,,0.011022105751210542,,2026-09-21T08:08:28Z,yahoo_ret
ARTCW,,,,2026-09-21T08:08:28Z,empty
BIII-UN,,0.024561391096707297,,2026-09-21T08:08:28Z,yahoo_ret
BIII-WT,,,,2026-09-21T08:08:28Z,empty
MEVOU,,0.01494020110559724,,2026-09-21T08:08:28Z,yahoo_ret
MEVOW,,,,2026-09-21T08:08:28Z,empty
PAACU,,0.016016001108897004,,2026-09-21T08:08:28Z,yahoo_ret
PAACW,,,,2026-09-21T08:08:28Z,empty
ZKPU,,0.026052128337430203,,2026-09-21T08:08:28Z,yahoo_ret
ZKPW,,,,2026-09-21T08:08:28Z,empty
LEGO-UN,,0.004985064014558116,,2026-09-21T08:08:28Z,yahoo_ret
LEGO-WT,,,,2026-09-21T08:08:28Z,empty
CSHRW,,,,2026-09-21T08:08:28Z,empty
YSAG,,0.19231465547268645,,2026-09-21T08:08:28Z,yahoo_ret
YSAU,,0.099623622903807,,2026-09-21T08:08:28Z,yahoo_ret
XFLH-RI,,,,2026-09-21T08:08:28Z,empty
XFLH-UN,,0.018574339247805716,,2026-09-21T08:08:28Z,yahoo_ret
HQWWW,,1.7777777777777777,,2026-09-21T08:08:28Z,yahoo_ret
OIMAU,,0.013902715746328287,,2026-09-21T08:08:28Z,yahoo_ret
OIMAW,,,,2026-09-21T08:08:28Z,empty
PECER,,,,2026-09-21T08:08:28Z,empty
PECEU,,0.037924066208217644,,2026-09-21T08:08:28Z,yahoo_ret
PECEW,,,,2026-09-21T08:08:28Z,empty
KBONU,,0.024875621418442906,,2026-09-21T08:08:28Z,yahoo_ret
KBONW,,,,2026-09-21T08:08:28Z,empty
IPXGU,,,,2026-09-21T08:08:28Z,empty
IPXGW,,,,2026-09-21T08:08:28Z,empty
XSLLU,,0.014112937726413533,,2026-09-21T08:08:28Z,yahoo_ret
XSLLW,,,,2026-09-21T08:08:28Z,empty
NUCLW,,,,2026-09-21T08:08:28Z,empty
HACQU,,0.0049504193239715555,,2026-09-21T08:08:28Z,yahoo_ret
HACQW,,,,2026-09-21T08:08:28Z,empty
IDACU,,0.0100000381469727,,2026-09-21T08:08:28Z,yahoo_ret
IDACW,,,,2026-09-21T08:08:28Z,empty
FGIIU,,0.010999965667724654,,2026-09-21T08:08:28Z,yahoo_ret
FGIIW,,,,2026-09-21T08:08:28Z,empty
OHACR,,,,2026-09-21T08:08:28Z,empty
OHACU,,0.02399997711181645,,2026-09-21T08:08:28Z,yahoo_ret
CLBR-UN,,0.04743087957892067,,2026-09-21T08:08:28Z,yahoo_ret
CLBR-WT,,,,2026-09-21T08:08:28Z,empty
IACOU,,0.011066460261089928,,2026-09-21T08:08:28Z,yahoo_ret
IACOW,,,,2026-09-21T08:08:28Z,empty
SAAQU,,0.0,,2026-09-21T08:08:28Z,yahoo_ret
SAAQW,,,,2026-09-21T08:08:28Z,empty
GLED-RI,,,,2026-09-21T08:08:28Z,empty
GLED-UN,,0.015015072636763493,,2026-09-21T08:08:28Z,yahoo_ret
RFAMR,,,,2026-09-21T08:08:28Z,empty
RFAMU,,0.019172607162777577,,2026-09-21T08:08:28Z,yahoo_ret
AACIU,,0.017051160656047504,,2026-09-21T08:08:28Z,yahoo_ret
AACIW,,,,2026-09-21T08:08:28Z,empty
MUZEU,,0.0100000381469727,,2026-09-21T08:08:28Z,yahoo_ret
MUZEW,,,,2026-09-21T08:08:28Z,empty
GLNDW,,,,2026-09-21T08:08:28Z,empty
APURR,,,,2026-09-21T08:08:28Z,empty
PTORU,,0.019076263017630435,,2026-09-21T08:08:28Z,yahoo_ret
PTORW,,,,2026-09-21T08:08:28Z,empty
CTAAR,,,,2026-09-21T08:08:28Z,empty
CTAAU,,0.014056259315918584,,2026-09-21T08:08:28Z,yahoo_ret
OTAI-RI,,,,2026-09-21T08:08:28Z,empty
OTAI-UN,,0.015015072636763493,,2026-09-21T08:08:28Z,yahoo_ret
MLAAU,,0.007999992370605558,,2026-09-21T08:08:28Z,yahoo_ret
MLAAW,,,,2026-09-21T08:08:28Z,empty
FJDIU,,0.005020099452144766,,2026-09-21T08:08:28Z,yahoo_ret
BIDWR,,,,2026-09-21T08:08:28Z,empty
BIDWU,,0.004016060411629274,,2026-09-21T08:08:28Z,yahoo_ret
ENRDW,,,,2026-09-21T08:08:28Z,empty
DBCAU,,0.04312932196436248,,2026-09-21T08:08:28Z,yahoo_ret
DBCAW,,,,2026-09-21T08:08:28Z,empty
KPET-UN,,0.019999980926513672,,2026-09-21T08:08:28Z,yahoo_ret
KPET-WT,,,,2026-09-21T08:08:28Z,empty
BREZR,,,,2026-09-21T08:08:28Z,empty
TVIVU,,0.017000007629394576,,2026-09-21T08:08:28Z,yahoo_ret
TVIVW,,,,2026-09-21T08:08:28Z,empty
ACAAU,,0.015999984741210893,,2026-09-21T08:08:28Z,yahoo_ret
ACAAW,,,,2026-09-21T08:08:28Z,empty
BHAVR,,,,2026-09-21T08:08:28Z,empty
BHAVU,,0.019076263017630435,,2026-09-21T08:08:28Z,yahoo_ret
TMTSU,,0.023856835100142915,,2026-09-21T08:08:28Z,yahoo_ret
TMTSW,,,,2026-09-21T08:08:28Z,empty
MZYX-UN,,0.013052220275403092,,2026-09-21T08:08:28Z,yahoo_ret
MZYX-WT,,,,2026-09-21T08:08:28Z,empty
FTHAU,,0.011033064566810413,,2026-09-21T08:08:28Z,yahoo_ret
FTHAW,,,,2026-09-21T08:08:28Z,empty
SVIVU,,0.06349209803242228,,2026-09-21T08:08:28Z,yahoo_ret
SVIVW,,,,2026-09-21T08:08:28Z,empty
UAC-UN,,0.009989952598290941,,2026-09-21T08:08:28Z,yahoo_ret
UAC-WT,,,,2026-09-21T08:08:28Z,empty
BRKHU,,0.012036096524081996,,2026-09-21T08:08:28Z,yahoo_ret
BRKHW,,,,2026-09-21T08:08:28Z,empty
GIXXR,,,,2026-09-21T08:08:28Z,empty
GIXXU,,0.017946192419534546,,2026-09-21T08:08:28Z,yahoo_ret
TRGSR,,,,2026-09-21T08:08:28Z,empty
TRGSU,,0.006000041961669922,,2026-09-21T08:08:28Z,yahoo_ret
HCICR,,,,2026-09-21T08:08:28Z,empty
HCICU,,0.008983079839467,,2026-09-21T08:08:28Z,yahoo_ret
PTACU,,0.012084580248858057,,2026-09-21T08:08:28Z,yahoo_ret
PTACW,,,,2026-09-21T08:08:28Z,empty
FMACR,,,,2026-09-21T08:08:28Z,empty
FMACU,,0.03306622169507878,,2026-09-21T08:08:28Z,yahoo_ret
NHIVU,,0.03718591885947076,,2026-09-21T08:08:28Z,yahoo_ret
NHIVW,,,,2026-09-21T08:08:28Z,empty
AACOU,,0.009027096306659654,,2026-09-21T08:08:28Z,yahoo_ret
AACOW,,,,2026-09-21T08:08:28Z,empty
CAQUU,,0.010050289787604694,,2026-09-21T08:08:28Z,yahoo_ret
CAQUW,,,,2026-09-21T08:08:28Z,empty
EWAVR,,,,2026-09-21T08:08:28Z,empty
EWAVU,,0.012108969465869146,,2026-09-21T08:08:28Z,yahoo_ret
ILLUU,,0.03423969205828459,,2026-09-21T08:08:28Z,yahoo_ret
ILLUW,,,,2026-09-21T08:08:28Z,empty
APMCR,,,,2026-09-21T08:08:28Z,empty
APMCU,,0.005015064131965508,,2026-09-21T08:08:28Z,yahoo_ret
WLCOU,,0.010050289787604694,,2026-09-21T08:08:28Z,yahoo_ret
WLCOW,,-0.034482726727597,,2026-09-21T08:08:28Z,yahoo_ret
PALOU,,0.005000019073486239,,2026-09-21T08:08:28Z,yahoo_ret
PALOW,,,,2026-09-21T08:08:28Z,empty
IPFXU,,0.02470355759161036,,2026-09-21T08:08:28Z,yahoo_ret
IPFXW,,,,2026-09-21T08:08:28Z,empty
AACPR,,-0.24999998137354873,,2026-09-21T08:08:28Z,yahoo_ret
AACPU,,0.02897102449771083,,2026-09-21T08:08:28Z,yahoo_ret
AACPW,,,,2026-09-21T08:08:28Z,empty
QLEP-WT,,,,2026-09-21T08:08:28Z,empty
KCAC-WT,,,,2026-09-21T08:08:28Z,empty
KCA-UN,,-0.003960392113094846,,2026-09-21T08:08:28Z,yahoo_ret
KEYYU,,0.013985952692038728,,2026-09-21T08:08:28Z,yahoo_ret
KEYYW,,,,2026-09-21T08:08:28Z,empty
LTGRU,,0.017981952785786515,,2026-09-21T08:08:28Z,yahoo_ret
LTGRW,,,,2026-09-21T08:08:28Z,empty
WENC-RI,,,,2026-09-21T08:08:28Z,empty
WENC-UN,,0.016016001108897004,,2026-09-21T08:08:28Z,yahoo_ret
CATLR,,-0.09999997764825852,,2026-09-21T08:08:28Z,yahoo_ret
CATLU,,0.0030060809640863884,,2026-09-21T08:08:28Z,yahoo_ret
SHOTR,,,,2026-09-21T08:08:28Z,empty
SHOTU,,0.0,,2026-09-21T08:08:28Z,yahoo_ret
IPVVU,,0.0,,2026-09-21T08:08:28Z,yahoo_ret
IPVVW,,,,2026-09-21T08:08:28Z,empty
SUMAR,,,,2026-09-21T08:08:28Z,empty
SUMAU,,0.02397600056248672,,2026-09-21T08:08:28Z,yahoo_ret
MRCOU,,0.002993985189686077,,2026-09-21T08:08:28Z,yahoo_ret
MRCOW,,-0.031249970896168877,,2026-09-21T08:08:28Z,yahoo_ret
MTAL-UN,,0.06330369585127138,,2026-09-21T08:08:28Z,yahoo_ret
MTAL-WT,,,,2026-09-21T08:08:28Z,empty
PONOR,,,,2026-09-21T08:08:28Z,empty
PONOU,,0.0512048420610971,,2026-09-21T08:08:28Z,yahoo_ret
GCGRU,,0.02786066941862586,,2026-09-21T08:08:28Z,yahoo_ret
GCGRW,,,,2026-09-21T08:08:28Z,empty
LEDRU,,,,2026-09-21T08:08:28Z,empty
XLABW,,,,2026-09-21T08:08:28Z,empty
MCAHR,,,,2026-09-21T08:08:28Z,empty
MCAHU,,0.04408823188773625,,2026-09-21T08:08:28Z,yahoo_ret
AMACU,,-0.004016060411629163,,2026-09-21T08:08:28Z,yahoo_ret
AMACW,,-0.11538456688971033,,2026-09-21T08:08:28Z,yahoo_ret
DGAC-RI,,,,2026-09-21T08:08:28Z,empty
DGAC-UN,,0.0170441102103549,,2026-09-21T08:08:28Z,yahoo_ret
ACGCU,,0.018108683377715096,,2026-09-21T08:08:28Z,yahoo_ret
ACGCW,,0.333333300219643,,2026-09-21T08:08:28Z,yahoo_ret
GSRVR,,,,2026-09-21T08:08:28Z,empty
GSRVU,,0.012012000831672864,,2026-09-21T08:08:28Z,yahoo_ret
HYAC-UN,,,,2026-09-21T08:08:28Z,empty
IQMXW,,,,2026-09-21T08:08:28Z,empty
OSPRU,,-0.002000045776367143,,2026-09-21T08:08:28Z,yahoo_ret
OSPRW,,-0.13513516561230887,,2026-09-21T08:08:28Z,yahoo_ret
CXIIU,,0.11706352322490265,,2026-09-21T08:08:28Z,yahoo_ret
CXIIW,,,,2026-09-21T08:08:28Z,empty
XIIIU,,0.027027094201208968,,2026-09-21T08:08:28Z,yahoo_ret
XIIIW,,,,2026-09-21T08:08:28Z,empty
CAIIU,,0.014070386533313384,,2026-09-21T08:08:28Z,yahoo_ret
CAIIW,,,,2026-09-21T08:08:28Z,empty
FWACR,,,,2026-09-21T08:08:28Z,empty
FWACU,,0.02399997711181645,,2026-09-21T08:08:28Z,yahoo_ret
FWACW,,,,2026-09-21T08:08:28Z,empty
NCOOR,,,,2026-09-21T08:08:28Z,empty
NCOOU,,0.013985952692038728,,2026-09-21T08:08:28Z,yahoo_ret
NCOOW,,,,2026-09-21T08:08:28Z,empty
PSQLW,,1.5399999618530273,,2026-09-21T08:08:28Z,yahoo_ret
FXACU,,0.015015072636763493,,2026-09-21T08:08:28Z,yahoo_ret
FXACW,,,,2026-09-21T08:08:28Z,empty
PLCIR,,,,2026-09-21T08:08:28Z,empty
PLCIU,,0.01604812869877592,,2026-09-21T08:08:28Z,yahoo_ret
IACQU,,0.03299999237060547,,2026-09-21T08:08:28Z,yahoo_ret
IACQW,,,,2026-09-21T08:08:28Z,empty
CCCTU,,0.0,,2026-09-21T08:08:28Z,yahoo_ret
CCCTW,,,,2026-09-21T08:08:28Z,empty
ISNRU,,-0.006000041961669922,,2026-09-21T08:08:28Z,yahoo_ret
ISNRW,,-0.033333399560713795,,2026-09-21T08:08:28Z,yahoo_ret
PNAQ-UN,,0.006907627738019562,,2026-09-21T08:08:28Z,yahoo_ret
RREVU,,0.012024132739239413,,2026-09-21T08:08:28Z,yahoo_ret
RREVW,,,,2026-09-21T08:08:28Z,empty
ALPXR,,,,2026-09-21T08:08:28Z,empty
ALPXU,,0.017000007629394576,,2026-09-21T08:08:28Z,yahoo_ret
ALPXW,,,,2026-09-21T08:08:28Z,empty
SAMO-UN,,-0.0030150485976147,,2026-09-21T08:08:28Z,yahoo_ret
SAMO-WT,,,,2026-09-21T08:08:28Z,empty
CGCFU,,-0.0100000381469727,,2026-09-21T08:08:28Z,yahoo_ret
CGCFW,,-0.031249970896168877,,2026-09-21T08:08:28Z,yahoo_ret
BCCQU,,0.0258964372380186,,2026-09-21T08:08:28Z,yahoo_ret
BCCQW,,-0.04040406168924138,,2026-09-21T08:08:28Z,yahoo_ret
AAC-UN,,0.01393028726283041,,2026-09-21T08:08:28Z,yahoo_ret
AAC-WT,,,,2026-09-21T08:08:28Z,empty
TLACU,,0.004020096745708468,,2026-09-21T08:08:28Z,yahoo_ret
TLACW,,-0.11764703304297397,,2026-09-21T08:08:28Z,yahoo_ret
ATLQR,,,,2026-09-21T08:08:28Z,empty
ATLQU,,0.01098897643976704,,2026-09-21T08:08:28Z,yahoo_ret
ATLQW,,,,2026-09-21T08:08:28Z,empty
JONER,,-0.055555583150297405,,2026-09-21T08:08:28Z,yahoo_ret
JONEU,,0.0,,2026-09-21T08:08:28Z,yahoo_ret
FDMMU,,0.003015048597614811,,2026-09-21T08:08:28Z,yahoo_ret
FDMMW,,,,2026-09-21T08:08:28Z,empty
YICCU,,0.04685944960534716,,2026-09-21T08:08:28Z,yahoo_ret
YICCW,,,,2026-09-21T08:08:28Z,empty
BRTMU,,-0.0030090958718147487,,2026-09-21T08:08:28Z,yahoo_ret
BRTMW,,-0.21052627451201833,,2026-09-21T08:08:28Z,yahoo_ret
FTRA-UN,,0.008884516443350199,,2026-09-21T08:08:28Z,yahoo_ret
FTRA-WT,,,,2026-09-21T08:08:28Z,empty
MTAKU,,0.0,,2026-09-21T08:08:28Z,yahoo_ret
MTAKW,,0.0,,2026-09-21T08:08:28Z,yahoo_ret
SCATU,,0.002999973297119096,,2026-09-21T08:08:28Z,yahoo_ret
NSAIR,,-0.12499997671693508,,2026-09-21T08:08:28Z,yahoo_ret
NSAIU,,0.008016120345677225,,2026-09-21T08:08:28Z,yahoo_ret
NSAIW,,0.0,,2026-09-21T08:08:28Z,yahoo_ret
XTERU,,-0.0040241412013706235,,2026-09-21T08:08:28Z,yahoo_ret
XTERW,,-0.14285716566504258,,2026-09-21T08:08:28Z,yahoo_ret
MIACU,,0.005000019073486239,,2026-09-21T08:08:28Z,yahoo_ret
MIACW,,-0.025000050291418274,,2026-09-21T08:08:28Z,yahoo_ret
OCLTR,,-0.05882356034843117,,2026-09-21T08:08:28Z,yahoo_ret
OCLTU,,0.011022105751210542,,2026-09-21T08:08:28Z,yahoo_ret
OCLTW,,,,2026-09-21T08:08:28Z,empty
VII-UN,,-0.005988065556445155,,2026-09-21T08:08:28Z,yahoo_ret
VII-WT,,,,2026-09-21T08:08:28Z,empty
TBCVU,,0.0,,2026-09-21T08:08:28Z,yahoo_ret
IPHXU,,-0.0009901216340727492,,2026-09-21T08:08:28Z,yahoo_ret
RNAQU,,0.005905553200572289,,2026-09-21T08:08:28Z,yahoo_ret
RNAQW,,-0.03846150319251662,,2026-09-21T08:08:28Z,yahoo_ret
1101.TW,180960346112.0,0.01548643164758956,77231817420.0,2026-09-21T08:08:28Z,yahoo_mcap|yahoo_ret|mops_paid_in
1102.TW,125016350720.0,0.018748096167794603,35465628810.0,2026-09-21T08:08:28Z,yahoo_mcap|yahoo_ret|mops_paid_in
1103.TW,9223173120.0,0.005637834190073354,8328745530.0,2026-09-21T08:08:28Z,yahoo_mcap|yahoo_ret|mops_paid_in
1104.TW,18471739392.0,-0.04804466047609435,6866818160.0,2026-09-21T08:08:28Z,cluster_seed|yahoo_ret|mops_paid_in
1108.TW,4512828928.0,-0.20080051043237868,4047380490.0,2026-09-21T08:08:28Z,cluster_seed|yahoo_ret|mops_paid_in
1109.TW,4571529216.0,-0.09638672841532725,3411588680.0,2026-09-21T08:08:28Z,cluster_seed|yahoo_ret|mops_paid_in
1110.TW,8785129472.0,-0.08215162098323714,5720007970.0,2026-09-21T08:08:28Z,yahoo_mcap|yahoo_ret|mops_paid_in
1201.TW,5946240512.0,-0.22913859668298742,5060629140.0,2026-09-21T08:08:28Z,yahoo_mcap|yahoo_ret|mops_paid_in
1203.TW,10447184896.0,0.1269132863281952,2400000000.0,2026-09-21T08:08:28Z,yahoo_mcap|yahoo_ret|mops_paid_in
1210.TW,43927134208.0,0.05345802547807277,8947672220.0,2026-09-21T08:08:28Z,yahoo_mcap|yahoo_ret|mops_paid_in
1213.TW,403153120.0,-0.41399176056761444,566226270.0,2026-09-21T08:08:28Z,yahoo_mcap|yahoo_ret|mops_paid_in
1215.TW,31689926656.0,-0.15315728119675764,2947900980.0,2026-09-21T08:08:28Z,yahoo_mcap|yahoo_ret|mops_paid_in
1216.TW,424446525440.0,-0.01170421171547642,56820154210.0,2026-09-21T08:08:28Z,yahoo_mcap|yahoo_ret|mops_paid_in
1217.TW,4940188672.0,-0.038637766533575424,4945133360.0,2026-09-21T08:08:28Z,yahoo_mcap|yahoo_ret|mops_paid_in
1218.TW,7051624448.0,-0.18479214664822963,4999990380.0,2026-09-21T08:08:28Z,yahoo_mcap|yahoo_ret|mops_paid_in
1219.TW,3958365184.0,-0.09970143217518701,3412383640.0,2026-09-21T08:08:28Z,yahoo_mcap|yahoo_ret|mops_paid_in
1220.TW,1905108608.0,-0.15439558392301744,1770779440.0,2026-09-21T08:08:28Z,yahoo_mcap|yahoo_ret|mops_paid_in
1225.TW,6008252416.0,-0.17596640779349737,2422683060.0,2026-09-21T08:08:28Z,yahoo_mcap|yahoo_ret|mops_paid_in
1227.TW,25617442816.0,-0.022490183197611757,9150895910.0,2026-09-21T08:08:28Z,yahoo_mcap|yahoo_ret|mops_paid_in
1229.TW,73436913664.0,-0.1315504126974616,18318798810.0,2026-09-21T08:08:28Z,yahoo_mcap|yahoo_ret|mops_paid_in
1231.TW,26329653248.0,-0.311402352360716,3282999220.0,2026-09-21T08:08:28Z,yahoo_mcap|yahoo_ret|mops_paid_in
1232.TW,24716138496.0,0.10382816525101202,1599749150.0,2026-09-21T08:08:28Z,yahoo_mcap|yahoo_ret|mops_paid_in
1233.TW,2553481984.0,-0.07505431152084896,905919480.0,2026-09-21T08:08:28Z,yahoo_mcap|yahoo_ret|mops_paid_in
1234.TW,13301929984.0,-0.09531027528032254,4018710940.0,2026-09-21T08:08:28Z,cluster_seed|yahoo_ret|mops_paid_in
1235.TW,1722934016.0,-0.26697625263938873,1885778360.0,2026-09-21T08:08:28Z,yahoo_mcap|yahoo_ret|mops_paid_in
1236.TW,2214520832.0,0.1453884111529422,866740080.0,2026-09-21T08:08:28Z,yahoo_mcap|yahoo_ret|mops_paid_in
1256.TW,6081716736.0,0.010439585006837948,357813780.0,2026-09-21T08:08:28Z,yahoo_mcap|yahoo_ret|mops_paid_in
1301.TW,415046303744.0,0.7029390609866388,63657407810.0,2026-09-21T08:08:28Z,yahoo_mcap|yahoo_ret|mops_paid_in
1303.TW,1899431854080.0,4.934804341940684,79308215890.0,2026-09-21T08:08:28Z,yahoo_mcap|yahoo_ret|mops_paid_in
1304.TW,13242868736.0,0.21856988629397134,11887635000.0,2026-09-21T08:08:28Z,yahoo_mcap|yahoo_ret|mops_paid_in
1305.TW,6972599808.0,0.05175985236642178,5810504940.0,2026-09-21T08:08:28Z,yahoo_mcap|yahoo_ret|mops_paid_in
1307.TW,12272685056.0,0.08124807012920665,3978181260.0,2026-09-21T08:08:28Z,yahoo_mcap|yahoo_ret|mops_paid_in
1308.TW,8460837376.0,0.21923342928006018,5937439190.0,2026-09-21T08:08:28Z,yahoo_mcap|yahoo_ret|mops_paid_in
1309.TW,5486700544.0,0.28491213881475885,3975868480.0,2026-09-21T08:08:28Z,yahoo_mcap|yahoo_ret|mops_paid_in
1310.TW,4645254144.0,0.025641056991266398,5278697640.0,2026-09-21T08:08:28Z,yahoo_mcap|yahoo_ret|mops_paid_in
1312.TW,22262726656.0,0.5531915929750317,15266203280.0,2026-09-21T08:08:28Z,yahoo_mcap|yahoo_ret|mops_paid_in
1313.TW,16369406976.0,0.22236026740222248,13308461070.0,2026-09-21T08:08:28Z,yahoo_mcap|yahoo_ret|mops_paid_in
1314.TW,34322708480.0,0.2523875035095995,37848501300.0,2026-09-21T08:08:28Z,yahoo_mcap|yahoo_ret|mops_paid_in
1315.TW,6534046720.0,0.1420153158255293,990990000.0,2026-09-21T08:08:28Z,yahoo_mcap|yahoo_ret|mops_paid_in
1316.TW,3884773376.0,-0.25951557435976935,4016461500.0,2026-09-21T08:08:28Z,yahoo_mcap|yahoo_ret|mops_paid_in
1319.TW,47495606272.0,-0.1154580093329588,5914770680.0,2026-09-21T08:08:28Z,yahoo_mcap|yahoo_ret|mops_paid_in
1321.TW,7194340352.0,-0.10807115856063487,2272282680.0,2026-09-21T08:08:28Z,yahoo_mcap|yahoo_ret|mops_paid_in
1323.TW,1953284992.0,0.12932322517369,912745540.0,2026-09-21T08:08:28Z,cluster_seed|yahoo_ret|mops_paid_in
1324.TW,750468736.0,-0.10403586431377954,751218820.0,2026-09-21T08:08:28Z,cluster_seed|yahoo_ret|mops_paid_in
1325.TW,2178929408.0,-0.13095239562667016,852811980.0,2026-09-21T08:08:28Z,yahoo_mcap|yahoo_ret|mops_paid_in
1326.TW,396563316736.0,1.3565243747376425,58611862910.0,2026-09-21T08:08:28Z,yahoo_mcap|yahoo_ret|mops_paid_in
1337.TW,1191470592.0,-0.10141988182756112,2689547290.0,2026-09-21T08:08:28Z,yahoo_mcap|yahoo_ret|mops_paid_in
1338.TW,1179081472.0,-0.33032112474762165,838400000.0,2026-09-21T08:08:28Z,yahoo_mcap|yahoo_ret|mops_paid_in
1339.TW,3172507136.0,0.052160998662545754,741238750.0,2026-09-21T08:08:28Z,yahoo_mcap|yahoo_ret|mops_paid_in
1340.TW,796728896.0,-0.3329065203177506,1529228550.0,2026-09-21T08:08:28Z,yahoo_mcap|yahoo_ret|mops_paid_in
1341.TW,3171059968.0,0.06908467903173743,528506340.0,2026-09-21T08:08:28Z,yahoo_mcap|yahoo_ret|mops_paid_in
1342.TW,7850090496.0,0.24765004269188262,785009020.0,2026-09-21T08:08:28Z,yahoo_mcap|yahoo_ret|mops_paid_in
1402.TW,149055864832.0,0.04507559276680517,53528752270.0,2026-09-21T08:08:28Z,yahoo_mcap|yahoo_ret|mops_paid_in
1409.TW,39117979648.0,0.7617215746073682,16184092860.0,2026-09-21T08:08:28Z,yahoo_mcap|yahoo_ret|mops_paid_in
1410.TW,1515900032.0,-0.2938888546756988,620000000.0,2026-09-21T08:08:28Z,yahoo_mcap|yahoo_ret|mops_paid_in
1413.TW,1212791936.0,-0.14999998675452364,1321124540.0,2026-09-21T08:08:28Z,yahoo_mcap|yahoo_ret|mops_paid_in
1414.TW,3415500032.0,-0.10972851447085108,1980000000.0,2026-09-21T08:08:28Z,yahoo_mcap|yahoo_ret|mops_paid_in
1416.TW,2103631744.0,0.06552597178249342,1853421680.0,2026-09-21T08:08:28Z,yahoo_mcap|yahoo_ret|mops_paid_in
1417.TW,1523334912.0,-0.005481595641970594,1899418400.0,2026-09-21T08:08:28Z,cluster_seed|yahoo_ret|mops_paid_in
1418.TW,953158016.0,-0.16229123637520382,568343090.0,2026-09-21T08:08:28Z,yahoo_mcap|yahoo_ret|mops_paid_in
1419.TW,19779565568.0,0.23572519129698133,3000412800.0,2026-09-21T08:08:28Z,yahoo_mcap|yahoo_ret|mops_paid_in
1423.TW,3462768128.0,-0.005814392575179128,996480000.0,2026-09-21T08:08:28Z,yahoo_mcap|yahoo_ret|mops_paid_in
1432.TW,1617524992.0,-0.03295135810454375,1080000000.0,2026-09-21T08:08:28Z,cluster_seed|yahoo_ret|mops_paid_in
1434.TW,30284494848.0,0.21930308955585254,16846646370.0,2026-09-21T08:08:28Z,yahoo_mcap|yahoo_ret|mops_paid_in
1435.TW,3228918016.0,-0.1380596627209696,1397800800.0,2026-09-21T08:08:28Z,yahoo_mcap|yahoo_ret|mops_paid_in
1436.TW,7261284864.0,-0.43044774184133616,1941517950.0,2026-09-21T08:08:28Z,yahoo_mcap|yahoo_ret|mops_paid_in
1437.TW,6645243392.0,0.08186018253959415,2018712840.0,2026-09-21T08:08:28Z,yahoo_mcap|yahoo_ret|mops_paid_in
1438.TW,2636243968.0,-0.3644669437402369,1112057590.0,2026-09-21T08:08:28Z,yahoo_mcap|yahoo_ret|mops_paid_in
1439.TW,2700199936.0,0.03154093228111754,920000000.0,2026-09-21T08:08:28Z,yahoo_mcap|yahoo_ret|mops_paid_in
1440.TW,22201333760.0,-0.010418590237941783,16568158570.0,2026-09-21T08:08:28Z,yahoo_mcap|yahoo_ret|mops_paid_in
1441.TW,463356576.0,-0.22488855187399037,617443870.0,2026-09-21T08:08:28Z,cluster_seed|yahoo_ret|mops_paid_in
1442.TW,11572299776.0,-0.3031973220571944,3662113580.0,2026-09-21T08:08:28Z,yahoo_mcap|yahoo_ret|mops_paid_in
1443.TW,3221163520.0,-0.16637478553183493,1353430110.0,2026-09-21T08:08:28Z,yahoo_mcap|yahoo_ret|mops_paid_in
1444.TW,6821822464.0,0.04367469392834766,9955950590.0,2026-09-21T08:08:28Z,yahoo_mcap|yahoo_ret|mops_paid_in
1445.TW,1339326464.0,-0.2948816465854628,1306660340.0,2026-09-21T08:08:28Z,yahoo_mcap|yahoo_ret|mops_paid_in
1446.TW,1907283584.0,-0.24322944979339733,1377095130.0,2026-09-21T08:08:28Z,yahoo_mcap|yahoo_ret|mops_paid_in
1447.TW,5474588160.0,0.10374143619132337,9100712420.0,2026-09-21T08:08:28Z,yahoo_mcap|yahoo_ret|mops_paid_in
1449.TW,1595287936.0,0.1076860257933141,1271145720.0,2026-09-21T08:08:28Z,yahoo_mcap|yahoo_ret|mops_paid_in
1451.TW,3385800192.0,0.015103375444537548,1980000000.0,2026-09-21T08:08:28Z,cluster_seed|yahoo_ret|mops_paid_in
1452.TW,1445786880.0,-0.20403311094920218,1326414000.0,2026-09-21T08:08:28Z,yahoo_mcap|yahoo_ret|mops_paid_in
1453.TW,1283050496.0,-0.16996336474413065,1132430480.0,2026-09-21T08:08:28Z,yahoo_mcap|yahoo_ret|mops_paid_in
1454.TW,1520393984.0,-0.12535061125028546,1298338480.0,2026-09-21T08:08:28Z,yahoo_mcap|yahoo_ret|mops_paid_in
1455.TW,5194595840.0,0.10408211036997339,5316883800.0,2026-09-21T08:08:28Z,yahoo_mcap|yahoo_ret|mops_paid_in
1456.TW,1358940032.0,0.19341567532937876,937200000.0,2026-09-21T08:08:28Z,yahoo_mcap|yahoo_ret|mops_paid_in
1457.TW,3386025728.0,-0.06377500282942272,3167300220.0,2026-09-21T08:08:28Z,yahoo_mcap|yahoo_ret|mops_paid_in
1459.TW,3750284288.0,0.2256727106700671,2689716800.0,2026-09-21T08:08:28Z,yahoo_mcap|yahoo_ret|mops_paid_in
1460.TW,4276113920.0,0.07275809074074191,6946434840.0,2026-09-21T08:08:28Z,yahoo_mcap|yahoo_ret|mops_paid_in
1463.TW,3020008448.0,-0.0009786165940635083,1732683810.0,2026-09-21T08:08:28Z,yahoo_mcap|yahoo_ret|mops_paid_in
1464.TW,4210193152.0,-0.06937548629229928,4255757330.0,2026-09-21T08:08:28Z,cluster_seed|yahoo_ret|mops_paid_in
1465.TW,1196664320.0,-0.10721240364113616,1036072670.0,2026-09-21T08:08:28Z,yahoo_mcap|yahoo_ret|mops_paid_in
1466.TW,1678475520.0,-0.13605950105499676,1111573200.0,2026-09-21T08:08:28Z,yahoo_mcap|yahoo_ret|mops_paid_in
1467.TW,1866158336.0,0.0757978953599876,2336246670.0,2026-09-21T08:08:28Z,yahoo_mcap|yahoo_ret|mops_paid_in
1468.TW,2101305472.0,-0.022388003403051693,1604052440.0,2026-09-21T08:08:28Z,yahoo_mcap|yahoo_ret|mops_paid_in
1470.TW,2101291520.0,0.1486903154247825,857670000.0,2026-09-21T08:08:28Z,cluster_seed|yahoo_ret|mops_paid_in
1471.TW,1443979520.0,-0.020408143405366563,1504145360.0,2026-09-21T08:08:28Z,yahoo_mcap|yahoo_ret|mops_paid_in
1472.TW,4582209536.0,0.027459565269119635,524880820.0,2026-09-21T08:08:28Z,yahoo_mcap|yahoo_ret|mops_paid_in
1473.TW,2864618496.0,-0.2015748238282098,1461535340.0,2026-09-21T08:08:28Z,yahoo_mcap|yahoo_ret|mops_paid_in
1474.TW,1305464832.0,-0.14865702205599596,1298969690.0,2026-09-21T08:08:28Z,cluster_seed|yahoo_ret|mops_paid_in
1475.TW,1723043712.0,-0.18418033563396585,660167490.0,2026-09-21T08:08:28Z,yahoo_mcap|yahoo_ret|mops_paid_in
1476.TW,76548423680.0,-0.33316630164041894,2743671110.0,2026-09-21T08:08:28Z,yahoo_mcap|yahoo_ret|mops_paid_in
1477.TW,47241846784.0,-0.3069299691418942,2466937130.0,2026-09-21T08:08:28Z,yahoo_mcap|yahoo_ret|mops_paid_in
1503.TW,103412940800.0,0.10193109271372847,5209722230.0,2026-09-21T08:08:28Z,yahoo_mcap|yahoo_ret|mops_paid_in
1504.TW,162065825792.0,-0.16865566851068703,23764406840.0,2026-09-21T08:08:28Z,yahoo_mcap|yahoo_ret|mops_paid_in
1506.TW,2943812096.0,-0.2547528155875207,3003885010.0,2026-09-21T08:08:28Z,yahoo_mcap|yahoo_ret|mops_paid_in
1512.TW,614625600.0,-0.2511961141192287,981834980.0,2026-09-21T08:08:28Z,cluster_seed|yahoo_ret|mops_paid_in
1513.TW,82263318528.0,0.07835161313307326,5031125150.0,2026-09-21T08:08:28Z,yahoo_mcap|yahoo_ret|mops_paid_in
1514.TW,28319406080.0,0.031463962546045776,2785706420.0,2026-09-21T08:08:28Z,yahoo_mcap|yahoo_ret|mops_paid_in
1515.TW,5471410688.0,0.039598749820538126,1814735000.0,2026-09-21T08:08:28Z,yahoo_mcap|yahoo_ret|mops_paid_in
1516.TW,403610240.0,-0.13225807682160406,300081950.0,2026-09-21T08:08:28Z,yahoo_mcap|yahoo_ret|mops_paid_in
1517.TW,2299000064.0,-0.00903143970183451,2200000070.0,2026-09-21T08:08:28Z,cluster_seed|yahoo_ret|mops_paid_in
1519.TW,249482805248.0,0.3687133372419331,3474689290.0,2026-09-21T08:08:28Z,yahoo_mcap|yahoo_ret|mops_paid_in
1521.TW,1898126976.0,-0.0003481039628642213,762300000.0,2026-09-21T08:08:28Z,yahoo_mcap|yahoo_ret|mops_paid_in
1522.TW,8251289600.0,-0.3652472472142577,3428978810.0,2026-09-21T08:08:28Z,yahoo_mcap|yahoo_ret|mops_paid_in
1524.TW,4364194304.0,-0.042707510731602505,1653103970.0,2026-09-21T08:08:28Z,yahoo_mcap|yahoo_ret|mops_paid_in
1525.TW,4741646336.0,-0.023572973504059402,734001350.0,2026-09-21T08:08:28Z,yahoo_mcap|yahoo_ret|mops_paid_in
1526.TW,900000000.0,-0.1428571428571429,600000000.0,2026-09-21T08:08:28Z,cluster_seed|yahoo_ret|mops_paid_in
1527.TW,4496615936.0,0.0275129899586275,1385706400.0,2026-09-21T08:08:28Z,yahoo_mcap|yahoo_ret|mops_paid_in
1528.TW,5175503872.0,0.6697529606876627,1913310000.0,2026-09-21T08:08:28Z,yahoo_mcap|yahoo_ret|mops_paid_in
1529.TW,3316593408.0,-0.21227806892221956,1628498270.0,2026-09-21T08:08:28Z,yahoo_mcap|yahoo_ret|mops_paid_in
1530.TW,2778751232.0,0.05469836781674409,1031076470.0,2026-09-21T08:08:28Z,yahoo_mcap|yahoo_ret|mops_paid_in
1531.TW,2139769984.0,0.0833501570408095,1821080800.0,2026-09-21T08:08:28Z,yahoo_mcap|yahoo_ret|mops_paid_in
1532.TW,9469988864.0,-0.1328389040178446,4226042710.0,2026-09-21T08:08:28Z,yahoo_mcap|yahoo_ret|mops_paid_in
1533.TW,3005683456.0,-0.05572753187545754,985474860.0,2026-09-21T08:08:28Z,yahoo_mcap|yahoo_ret|mops_paid_in
1535.TW,5685990912.0,-0.11637654080041482,1237425520.0,2026-09-21T08:08:28Z,yahoo_mcap|yahoo_ret|mops_paid_in
1536.TW,13041357824.0,-0.29273825901367967,2789595130.0,2026-09-21T08:08:28Z,yahoo_mcap|yahoo_ret|mops_paid_in
1537.TW,9519284224.0,-0.03951061406536038,820627940.0,2026-09-21T08:08:28Z,yahoo_mcap|yahoo_ret|mops_paid_in
1538.TW,268090000.0,-0.6891385785181117,323000000.0,2026-09-21T08:08:28Z,yahoo_mcap|yahoo_ret|mops_paid_in
1539.TW,1026308992.0,-0.13736268400411566,653700000.0,2026-09-21T08:08:28Z,yahoo_mcap|yahoo_ret|mops_paid_in
1540.TW,1675290496.0,-0.19403499093214904,854736120.0,2026-09-21T08:08:28Z,yahoo_mcap|yahoo_ret|mops_paid_in
1541.TW,1654800000.0,-0.20303606466860014,788000000.0,2026-09-21T08:08:28Z,yahoo_mcap|yahoo_ret|mops_paid_in
1558.TW,7163454976.0,0.2843822946713068,645356310.0,2026-09-21T08:08:28Z,cluster_seed|yahoo_ret|mops_paid_in
1560.TW,137364561920.0,1.7631485256064936,1502894560.0,2026-09-21T08:08:28Z,yahoo_mcap|yahoo_ret|mops_paid_in
1563.TW,9327485952.0,0.17104841789267877,1692061050.0,2026-09-21T08:08:28Z,yahoo_mcap|yahoo_ret|mops_paid_in
1568.TW,3226622976.0,0.36516463080099015,1030865590.0,2026-09-21T08:08:28Z,yahoo_mcap|yahoo_ret|mops_paid_in
1582.TW,10257524736.0,0.0500676347554192,1442686040.0,2026-09-21T08:08:28Z,yahoo_mcap|yahoo_ret|mops_paid_in
1583.TW,5664204288.0,0.02946905435124103,1094003720.0,2026-09-21T08:08:28Z,yahoo_mcap|yahoo_ret|mops_paid_in
1587.TW,1917333376.0,-0.4297618865966797,800556720.0,2026-09-21T08:08:28Z,yahoo_mcap|yahoo_ret|mops_paid_in
1589.TW,848373056.0,-0.7429234265435318,1531359410.0,2026-09-21T08:08:28Z,cluster_seed|yahoo_ret|mops_paid_in
1590.TW,248000004096.0,0.662201519320077,1999999980.0,2026-09-21T08:08:28Z,yahoo_mcap|yahoo_ret|mops_paid_in
1597.TW,12042156032.0,0.6916986199438955,892618040.0,2026-09-21T08:08:28Z,yahoo_mcap|yahoo_ret|mops_paid_in
1598.TW,3407642624.0,-0.06943260220964753,1791420920.0,2026-09-21T08:08:28Z,yahoo_mcap|yahoo_ret|mops_paid_in
1603.TW,4781264896.0,-0.1796488407112805,1916880000.0,2026-09-21T08:08:28Z,yahoo_mcap|yahoo_ret|mops_paid_in
1604.TW,8812409856.0,0.009319893808307667,3842000000.0,2026-09-21T08:08:28Z,cluster_seed|yahoo_ret|mops_paid_in
1605.TW,164402446336.0,0.5395016076012475,44313329480.0,2026-09-21T08:08:28Z,cluster_seed|yahoo_ret|mops_paid_in
1608.TW,15207915520.0,0.270964717363414,6327735060.0,2026-09-21T08:08:28Z,yahoo_mcap|yahoo_ret|mops_paid_in
1609.TW,29712744448.0,-0.03132838583730979,7852619440.0,2026-09-21T08:08:28Z,yahoo_mcap|yahoo_ret|mops_paid_in
1611.TW,3663050752.0,-0.06384489323446763,3227357420.0,2026-09-21T08:08:28Z,yahoo_mcap|yahoo_ret|mops_paid_in
1612.TW,11062800384.0,0.03670999511759754,3160800630.0,2026-09-21T08:08:28Z,yahoo_mcap|yahoo_ret|mops_paid_in
1614.TW,8078660096.0,-0.1343035667392518,2691134060.0,2026-09-21T08:08:28Z,cluster_seed|yahoo_ret|mops_paid_in
1615.TW,8541104640.0,-0.07136754946209933,1986303390.0,2026-09-21T08:08:28Z,yahoo_mcap|yahoo_ret|mops_paid_in
1616.TW,3486689536.0,-0.4408657947938015,1941485150.0,2026-09-21T08:08:28Z,yahoo_mcap|yahoo_ret|mops_paid_in
1617.TW,3061277184.0,0.36683470365926274,1695147000.0,2026-09-21T08:08:28Z,yahoo_mcap|yahoo_ret|mops_paid_in
1618.TW,7524622336.0,-0.12827361827587147,1926917470.0,2026-09-21T08:08:28Z,yahoo_mcap|yahoo_ret|mops_paid_in
1623.TW,13365000192.0,-0.07280217189026361,660000000.0,2026-09-21T08:08:28Z,yahoo_mcap|yahoo_ret|mops_paid_in
1626.TW,1460761856.0,-0.17721521636012538,1498217210.0,2026-09-21T08:08:28Z,cluster_seed|yahoo_ret|mops_paid_in
1702.TW,8249049088.0,-0.13490895257272217,2941329620.0,2026-09-21T08:08:28Z,yahoo_mcap|yahoo_ret|mops_paid_in
1707.TW,12932360192.0,-0.28216304152055705,1481373730.0,2026-09-21T08:08:28Z,cluster_seed|yahoo_ret|mops_paid_in
1708.TW,12599500800.0,0.7310497034100392,2490016510.0,2026-09-21T08:08:28Z,yahoo_mcap|yahoo_ret|mops_paid_in
1709.TW,20559398912.0,1.732316816445354,4770162720.0,2026-09-21T08:08:28Z,yahoo_mcap|yahoo_ret|mops_paid_in
1710.TW,14909459456.0,0.38211379970591164,8857030290.0,2026-09-21T08:08:28Z,yahoo_mcap|yahoo_ret|mops_paid_in
1711.TW,21581436928.0,1.010204120359535,5477522260.0,2026-09-21T08:08:28Z,cluster_seed|yahoo_ret|mops_paid_in
1712.TW,16777631744.0,-0.018822539693915674,4204925850.0,2026-09-21T08:08:28Z,yahoo_mcap|yahoo_ret|mops_paid_in
1713.TW,6264507904.0,-0.08666263405935659,1509517000.0,2026-09-21T08:08:28Z,yahoo_mcap|yahoo_ret|mops_paid_in
1714.TW,15657847808.0,1.0670851522008928,9918248080.0,2026-09-21T08:08:28Z,yahoo_mcap|yahoo_ret|mops_paid_in
1717.TW,84910399488.0,0.7414770974238991,11842454830.0,2026-09-21T08:08:28Z,yahoo_mcap|yahoo_ret|mops_paid_in
1718.TW,14252036096.0,0.6589506124009303,16859057450.0,2026-09-21T08:08:28Z,yahoo_mcap|yahoo_ret|mops_paid_in
1720.TW,11007673344.0,0.1415164778118314,1965656980.0,2026-09-21T08:08:28Z,cluster_seed|yahoo_ret|mops_paid_in
1721.TW,4474192896.0,0.8544061616275516,1848840920.0,2026-09-21T08:08:28Z,yahoo_mcap|yahoo_ret|mops_paid_in
1722.TW,41356001280.0,-0.10255339402640451,9800000000.0,2026-09-21T08:08:28Z,yahoo_mcap|yahoo_ret|mops_paid_in
1723.TW,18734503936.0,0.010389883559064117,2369044800.0,2026-09-21T08:08:28Z,yahoo_mcap|yahoo_ret|mops_paid_in
1725.TW,6245860352.0,0.29584218338636226,1818299780.0,2026-09-21T08:08:28Z,yahoo_mcap|yahoo_ret|mops_paid_in
1726.TW,12425399296.0,0.06221496461210685,1620000000.0,2026-09-21T08:08:28Z,yahoo_mcap|yahoo_ret|mops_paid_in
1727.TW,13186014208.0,1.9776584349446344,1280195590.0,2026-09-21T08:08:28Z,yahoo_mcap|yahoo_ret|mops_paid_in
1730.TW,3243904256.0,0.03739773063627139,632338510.0,2026-09-21T08:08:28Z,cluster_seed|yahoo_ret|mops_paid_in
1731.TW,2777923328.0,0.013225090722306376,1329152440.0,2026-09-21T08:08:28Z,cluster_seed|yahoo_ret|mops_paid_in
1732.TW,1105663616.0,-0.07126683178594362,424439570.0,2026-09-21T08:08:28Z,cluster_seed|yahoo_ret|mops_paid_in
1733.TW,3038485760.0,-0.0037048003944085695,999501920.0,2026-09-21T08:08:28Z,yahoo_mcap|yahoo_ret|mops_paid_in
1734.TW,6838562816.0,0.21257765886409463,1901967740.0,2026-09-21T08:08:28Z,yahoo_mcap|yahoo_ret|mops_paid_in
1735.TW,2042423296.0,0.4048947279340449,993880000.0,2026-09-21T08:08:28Z,cluster_seed|yahoo_ret|mops_paid_in
1736.TW,37317537792.0,-0.25491016369476904,3033946170.0,2026-09-21T08:08:28Z,yahoo_mcap|yahoo_ret|mops_paid_in
1737.TW,6059999744.0,-0.01664639823864611,2000000000.0,2026-09-21T08:08:28Z,yahoo_mcap|yahoo_ret|mops_paid_in
1752.TW,3160939008.0,-0.11954993224217614,1009884720.0,2026-09-21T08:08:28Z,yahoo_mcap|yahoo_ret|mops_paid_in
1760.TW,4629905920.0,-0.20189176520362173,857390130.0,2026-09-21T08:08:28Z,yahoo_mcap|yahoo_ret|mops_paid_in
1762.TW,2607520256.0,0.3268102754659419,769180000.0,2026-09-21T08:08:28Z,yahoo_mcap|yahoo_ret|mops_paid_in
1773.TW,48449998848.0,0.20600982144576507,3000000000.0,2026-09-21T08:08:28Z,yahoo_mcap|yahoo_ret|mops_paid_in
1776.TW,1105967872.0,0.25676570623461714,601069520.0,2026-09-21T08:08:28Z,yahoo_mcap|yahoo_ret|mops_paid_in
1783.TW,3273977088.0,-0.135180239324873,896981150.0,2026-09-21T08:08:28Z,yahoo_mcap|yahoo_ret|mops_paid_in
1786.TW,3187528192.0,-0.5030059134225682,748276410.0,2026-09-21T08:08:28Z,yahoo_mcap|yahoo_ret|mops_paid_in
1789.TW,15142651904.0,0.035774349032562824,7907392220.0,2026-09-21T08:08:28Z,yahoo_mcap|yahoo_ret|mops_paid_in
1795.TW,47364153344.0,-0.038019932453466354,2667382290.0,2026-09-21T08:08:28Z,yahoo_mcap|yahoo_ret|mops_paid_in
1802.TW,174774452224.0,1.2383611776630938,29080608000.0,2026-09-21T08:08:28Z,yahoo_mcap|yahoo_ret|mops_paid_in
1805.TW,1383452800.0,-0.11637933940297684,1349704550.0,2026-09-21T08:08:28Z,yahoo_mcap|yahoo_ret|mops_paid_in
1806.TW,3099866368.0,-0.13493924470561003,3904038700.0,2026-09-21T08:08:28Z,yahoo_mcap|yahoo_ret|mops_paid_in
1808.TW,32059840512.0,0.14783051596006036,7144253930.0,2026-09-21T08:08:28Z,cluster_seed|yahoo_ret|mops_paid_in
1809.TW,6514637824.0,1.0177523084434976,1670419370.0,2026-09-21T08:08:28Z,yahoo_mcap|yahoo_ret|mops_paid_in
1810.TW,7214418944.0,0.20364944355212167,3023037190.0,2026-09-21T08:08:28Z,yahoo_mcap|yahoo_ret|mops_paid_in
1817.TW,2940300032.0,0.08612992087197857,726000000.0,2026-09-21T08:08:28Z,yahoo_mcap|yahoo_ret|mops_paid_in
1903.TW,12247841792.0,-0.10626190147527448,2600391210.0,2026-09-21T08:08:28Z,yahoo_mcap|yahoo_ret|mops_paid_in
1904.TW,27208138752.0,0.4145619120791997,11082745220.0,2026-09-21T08:08:28Z,yahoo_mcap|yahoo_ret|mops_paid_in
1905.TW,14557425664.0,0.05599998474121093,11028353160.0,2026-09-21T08:08:28Z,yahoo_mcap|yahoo_ret|mops_paid_in
1906.TW,1638350080.0,-0.18726591225196432,1510000000.0,2026-09-21T08:08:28Z,yahoo_mcap|yahoo_ret|mops_paid_in
1907.TW,48374898688.0,0.20161814820598178,16603714950.0,2026-09-21T08:08:28Z,yahoo_mcap|yahoo_ret|mops_paid_in
1909.TW,13096997888.0,0.016016001108897004,13276857270.0,2026-09-21T08:08:28Z,cluster_seed|yahoo_ret|mops_paid_in
2002.TW,284259123200.0,-0.03354120133418759,157731289960.0,2026-09-21T08:08:28Z,yahoo_mcap|yahoo_ret|mops_paid_in
2006.TW,62433280000.0,0.5269384074607681,7302138180.0,2026-09-21T08:08:28Z,yahoo_mcap|yahoo_ret|mops_paid_in
2007.TW,3666805248.0,-0.11410260532812933,5306516130.0,2026-09-21T08:08:28Z,cluster_seed|yahoo_ret|mops_paid_in
2008.TW,5840079872.0,0.1835760948984808,1908522930.0,2026-09-21T08:08:28Z,yahoo_mcap|yahoo_ret|mops_paid_in
2009.TW,14205075456.0,0.18149887032525114,3596221650.0,2026-09-21T08:08:28Z,yahoo_mcap|yahoo_ret|mops_paid_in
2010.TW,14118886400.0,0.1757637181013234,6476553900.0,2026-09-21T08:08:28Z,yahoo_mcap|yahoo_ret|mops_paid_in
2012.TW,3958008320.0,-0.15751248048642075,3021627000.0,2026-09-21T08:08:28Z,cluster_seed|yahoo_ret|mops_paid_in
2013.TW,8269999616.0,0.04755865138560966,2000000000.0,2026-09-21T08:08:28Z,yahoo_mcap|yahoo_ret|mops_paid_in
2014.TW,23758254080.0,0.03115264945592422,14355444460.0,2026-09-21T08:08:28Z,cluster_seed|yahoo_ret|mops_paid_in
2015.TW,37629480960.0,0.059110746710244966,5815994240.0,2026-09-21T08:08:28Z,yahoo_mcap|yahoo_ret|mops_paid_in
2017.TW,3801728000.0,-0.0630252471238506,4468746910.0,2026-09-21T08:08:28Z,yahoo_mcap|yahoo_ret|mops_paid_in
2020.TW,5714470400.0,-0.06492172262725537,2670313200.0,2026-09-21T08:08:28Z,cluster_seed|yahoo_ret|mops_paid_in
2022.TW,2404008704.0,-0.07761965111928737,3371681380.0,2026-09-21T08:08:28Z,yahoo_mcap|yahoo_ret|mops_paid_in
2023.TW,24275214336.0,-0.11400651182475352,18212402140.0,2026-09-21T08:08:28Z,cluster_seed|yahoo_ret|mops_paid_in
2024.TW,1262625024.0,-0.2805555661519369,975000000.0,2026-09-21T08:08:28Z,yahoo_mcap|yahoo_ret|mops_paid_in
2025.TW,2140990720.0,0.11210762715387146,1726605360.0,2026-09-21T08:08:28Z,cluster_seed|yahoo_ret|mops_paid_in
2027.TW,109236690944.0,0.26940953806909906,25842606150.0,2026-09-21T08:08:28Z,yahoo_mcap|yahoo_ret|mops_paid_in
2028.TW,5168151040.0,-0.03865296579768218,3257148000.0,2026-09-21T08:08:28Z,yahoo_mcap|yahoo_ret|mops_paid_in
2029.TW,6809016320.0,-0.014669885468478583,3211800000.0,2026-09-21T08:08:28Z,yahoo_mcap|yahoo_ret|mops_paid_in
2030.TW,6843956736.0,0.8202281496996779,2805260270.0,2026-09-21T08:08:28Z,yahoo_mcap|yahoo_ret|mops_paid_in
2031.TW,14339168256.0,0.12411721629311279,3211463410.0,2026-09-21T08:08:28Z,yahoo_mcap|yahoo_ret|mops_paid_in
2032.TW,2218874112.0,0.19557352282806817,1305215450.0,2026-09-21T08:08:28Z,yahoo_mcap|yahoo_ret|mops_paid_in
2033.TW,4074000128.0,0.9235128326742985,1200000000.0,2026-09-21T08:08:28Z,yahoo_mcap|yahoo_ret|mops_paid_in
2034.TW,11346955264.0,0.13246617498378743,5289955890.0,2026-09-21T08:08:28Z,cluster_seed|yahoo_ret|mops_paid_in
2038.TW,2339321600.0,-0.21753243576476944,1941343030.0,2026-09-21T08:08:28Z,yahoo_mcap|yahoo_ret|mops_paid_in
2049.TW,118166609920.0,0.5235843484924787,3537922400.0,2026-09-21T08:08:28Z,yahoo_mcap|yahoo_ret|mops_paid_in
2059.TW,1219801645056.0,2.9523532644901014,952970720.0,2026-09-21T08:08:28Z,yahoo_mcap|yahoo_ret|mops_paid_in
2062.TW,3609894144.0,-0.14117171087953462,1999941520.0,2026-09-21T08:08:28Z,yahoo_mcap|yahoo_ret|mops_paid_in
2069.TW,4026565632.0,0.7147278029746365,1663868360.0,2026-09-21T08:08:28Z,yahoo_mcap|yahoo_ret|mops_paid_in
2072.TW,24768000000.0,-0.5177960678290926,1920000000.0,2026-09-21T08:08:28Z,yahoo_mcap|yahoo_ret|mops_paid_in
2101.TW,21986514944.0,-0.22690490429609977,7339349040.0,2026-09-21T08:08:28Z,yahoo_mcap|yahoo_ret|mops_paid_in
2102.TW,7835736576.0,-0.1256410647661258,4733292070.0,2026-09-21T08:08:28Z,yahoo_mcap|yahoo_ret|mops_paid_in
2103.TW,22954735616.0,0.7014793964555561,8257099780.0,2026-09-21T08:08:28Z,yahoo_mcap|yahoo_ret|mops_paid_in
2104.TW,10281989120.0,-0.013953452886537043,9847336250.0,2026-09-21T08:08:28Z,yahoo_mcap|yahoo_ret|mops_paid_in
2105.TW,97404534784.0,-0.17578116580517433,32414155360.0,2026-09-21T08:08:28Z,yahoo_mcap|yahoo_ret|mops_paid_in
2106.TW,15851173888.0,-0.15552322704318766,9548900000.0,2026-09-21T08:08:28Z,yahoo_mcap|yahoo_ret|mops_paid_in
2107.TW,8212201472.0,0.19007396052227676,3035934000.0,2026-09-21T08:08:28Z,yahoo_mcap|yahoo_ret|mops_paid_in
2108.TW,14206230528.0,0.2726611624653148,4924166590.0,2026-09-21T08:08:28Z,yahoo_mcap|yahoo_ret|mops_paid_in
2109.TW,4120399616.0,-0.07274086456317608,2793491340.0,2026-09-21T08:08:28Z,yahoo_mcap|yahoo_ret|mops_paid_in
2114.TW,6995864064.0,0.04146732864252667,779917070.0,2026-09-21T08:08:28Z,yahoo_mcap|yahoo_ret|mops_paid_in
2115.TW,2489299968.0,-0.05326955305729286,1043731630.0,2026-09-21T08:08:28Z,yahoo_mcap|yahoo_ret|mops_paid_in
2201.TW,31077394432.0,-0.1563243937916875,10700012510.0,2026-09-21T08:08:28Z,yahoo_mcap|yahoo_ret|mops_paid_in
2204.TW,29175773184.0,-0.1194454267343592,5536203420.0,2026-09-21T08:08:28Z,cluster_seed|yahoo_ret|mops_paid_in
2206.TW,48080138240.0,0.0636024562693247,7736756040.0,2026-09-21T08:08:28Z,yahoo_mcap|yahoo_ret|mops_paid_in
2207.TW,291364765696.0,-0.07107494639252598,5571027680.0,2026-09-21T08:08:28Z,yahoo_mcap|yahoo_ret|mops_paid_in
2208.TW,24471156736.0,-0.2601155992889228,12745394490.0,2026-09-21T08:08:28Z,yahoo_mcap|yahoo_ret|mops_paid_in
2211.TW,33534117888.0,-0.08030933796550754,4170914630.0,2026-09-21T08:08:28Z,yahoo_mcap|yahoo_ret|mops_paid_in
2227.TW,13620000768.0,-0.16590885039418646,3000000000.0,2026-09-21T08:08:28Z,yahoo_mcap|yahoo_ret|mops_paid_in
2228.TW,5903719936.0,-0.3169908673239594,797796920.0,2026-09-21T08:08:28Z,yahoo_mcap|yahoo_ret|mops_paid_in
2231.TW,12682363904.0,-0.30804716928392584,1359318700.0,2026-09-21T08:08:28Z,yahoo_mcap|yahoo_ret|mops_paid_in
2233.TW,9676366848.0,-0.257750465946725,602888890.0,2026-09-21T08:08:28Z,yahoo_mcap|yahoo_ret|mops_paid_in
2236.TW,6881278976.0,0.037340893869610925,631309350.0,2026-09-21T08:08:28Z,yahoo_mcap|yahoo_ret|mops_paid_in
2237.TW,3492807936.0,-0.033868052813907146,1288859010.0,2026-09-21T08:08:28Z,yahoo_mcap|yahoo_ret|mops_paid_in
2239.TW,2201225472.0,-0.489070996105048,1177125930.0,2026-09-21T08:08:28Z,yahoo_mcap|yahoo_ret|mops_paid_in
2241.TW,3906895872.0,0.2813035664802612,1046023060.0,2026-09-21T08:08:28Z,yahoo_mcap|yahoo_ret|mops_paid_in
2243.TW,3745882880.0,3.556961878620844,773735960.0,2026-09-21T08:08:28Z,yahoo_mcap|yahoo_ret|mops_paid_in
2247.TW,18684133376.0,-0.16916717404059234,807109260.0,2026-09-21T08:08:28Z,cluster_seed|yahoo_ret|mops_paid_in
2248.TW,2879800064.0,0.4903473822268243,476000000.0,2026-09-21T08:08:28Z,yahoo_mcap|yahoo_ret|mops_paid_in
2250.TW,2066838400.0,-0.33548413845377856,363882260.0,2026-09-21T08:08:28Z,yahoo_mcap|yahoo_ret|mops_paid_in
2254.TW,5023894016.0,0.3067994037938082,639076800.0,2026-09-21T08:08:28Z,yahoo_mcap|yahoo_ret|mops_paid_in
2258.TW,54684594176.0,-0.1961538363725711,17512673000.0,2026-09-21T08:08:28Z,yahoo_mcap|yahoo_ret|mops_paid_in
2301.TW,654636417024.0,0.5977999584390772,23161077630.0,2026-09-21T08:08:28Z,yahoo_mcap|yahoo_ret|mops_paid_in
2302.TW,7342278144.0,1.437003626660816,1663028810.0,2026-09-21T08:08:28Z,yahoo_mcap|yahoo_ret|mops_paid_in
2303.TW,1968708124672.0,2.7093367175558827,125700938990.0,2026-09-21T08:08:28Z,yahoo_mcap|yahoo_ret|mops_paid_in
2305.TW,11920276480.0,3.8796679092396475,2056608270.0,2026-09-21T08:08:28Z,yahoo_mcap|yahoo_ret|mops_paid_in
2308.TW,4870393823232.0,1.0780643263729903,25975433290.0,2026-09-21T08:08:28Z,yahoo_mcap|yahoo_ret|mops_paid_in
2312.TW,47136329728.0,0.6324433996677659,15057812110.0,2026-09-21T08:08:28Z,yahoo_mcap|yahoo_ret|mops_paid_in
2313.TW,273908154368.0,1.8489633460856938,12338205890.0,2026-09-21T08:08:28Z,yahoo_mcap|yahoo_ret|mops_paid_in
2314.TW,1248854016.0,-0.5321230310743782,1085964220.0,2026-09-21T08:08:28Z,yahoo_mcap|yahoo_ret|mops_paid_in
2316.TW,28303861760.0,0.4584681529078125,1827405360.0,2026-09-21T08:08:28Z,yahoo_mcap|yahoo_ret|mops_paid_in
2317.TW,3502918074368.0,0.19187465063610776,140757464970.0,2026-09-21T08:08:28Z,yahoo_mcap|yahoo_ret|mops_paid_in
2321.TW,425909984.0,-0.0826558031232194,165550600.0,2026-09-21T08:08:28Z,yahoo_mcap|yahoo_ret|mops_paid_in
2323.TW,10588466176.0,0.20805376931257258,9804134950.0,2026-09-21T08:08:28Z,yahoo_mcap|yahoo_ret|mops_paid_in
2324.TW,160068059136.0,0.24873471500634525,44071466250.0,2026-09-21T08:08:28Z,yahoo_mcap|yahoo_ret|mops_paid_in
2327.TW,1146562674688.0,2.1428380785714,5146826720.0,2026-09-21T08:08:28Z,yahoo_mcap|yahoo_ret|mops_paid_in
2328.TW,24751034368.0,-0.10573314498354369,5183462820.0,2026-09-21T08:08:28Z,yahoo_mcap|yahoo_ret|mops_paid_in
2329.TW,28993728512.0,-0.07808630871763333,6589483330.0,2026-09-21T08:08:28Z,yahoo_mcap|yahoo_ret|mops_paid_in
2330.TW,64312278253568.0,0.9385428734158459,259323700670.0,2026-09-21T08:08:28Z,yahoo_mcap|yahoo_ret|mops_paid_in
2331.TW,10813618176.0,-0.07177033623819185,5574029680.0,2026-09-21T08:08:28Z,yahoo_mcap|yahoo_ret|mops_paid_in
2332.TW,12262784000.0,0.157746435890735,6021631730.0,2026-09-21T08:08:28Z,yahoo_mcap|yahoo_ret|mops_paid_in
2337.TW,237522255872.0,3.597701082226675,19818566380.0,2026-09-21T08:08:28Z,yahoo_mcap|yahoo_ret|mops_paid_in
2338.TW,16212630528.0,0.1819276924592903,3668491830.0,2026-09-21T08:08:28Z,yahoo_mcap|yahoo_ret|mops_paid_in
2340.TW,15106446336.0,0.22557728126183418,4386228460.0,2026-09-21T08:08:28Z,yahoo_mcap|yahoo_ret|mops_paid_in
2342.TW,6450714112.0,0.30990418528362884,1573352440.0,2026-09-21T08:08:28Z,yahoo_mcap|yahoo_ret|mops_paid_in
2344.TW,783000076288.0,4.106889976902416,45000001930.0,2026-09-21T08:08:28Z,yahoo_mcap|yahoo_ret|mops_paid_in
2345.TW,1028390780928.0,0.8751917781216472,5611178970.0,2026-09-21T08:08:28Z,yahoo_mcap|yahoo_ret|mops_paid_in
2347.TW,149781643264.0,0.5059748875086492,16679469680.0,2026-09-21T08:08:28Z,yahoo_mcap|yahoo_ret|mops_paid_in
2348.TW,11630477312.0,-0.08163241996532222,1894855960.0,2026-09-21T08:08:28Z,yahoo_mcap|yahoo_ret|mops_paid_in
2349.TW,7214268416.0,-0.023474179244571736,6936796630.0,2026-09-21T08:08:28Z,yahoo_mcap|yahoo_ret|mops_paid_in
2351.TW,45818089472.0,1.9210434613483311,1937340610.0,2026-09-21T08:08:28Z,yahoo_mcap|yahoo_ret|mops_paid_in
2352.TW,46782992384.0,-0.09827501774522462,15805065050.0,2026-09-21T08:08:28Z,yahoo_mcap|yahoo_ret|mops_paid_in
2353.TW,96649592832.0,0.06266999567073128,30478538280.0,2026-09-21T08:08:28Z,yahoo_mcap|yahoo_ret|mops_paid_in
2354.TW,91800092672.0,-0.054962777640143456,14144851920.0,2026-09-21T08:08:28Z,yahoo_mcap|yahoo_ret|mops_paid_in
2355.TW,16360805376.0,0.1338972160386087,3974954200.0,2026-09-21T08:08:28Z,yahoo_mcap|yahoo_ret|mops_paid_in
2356.TW,221705945088.0,0.42896385229731937,35874750660.0,2026-09-21T08:08:28Z,yahoo_mcap|yahoo_ret|mops_paid_in
2357.TW,702651170816.0,0.4713200940512463,7427602800.0,2026-09-21T08:08:28Z,yahoo_mcap|yahoo_ret|mops_paid_in
2359.TW,22620973056.0,-0.08933892806087107,1714710520.0,2026-09-21T08:08:28Z,yahoo_mcap|yahoo_ret|mops_paid_in
2360.TW,1006029045760.0,3.0253575178920586,4252457420.0,2026-09-21T08:08:28Z,yahoo_mcap|yahoo_ret|mops_paid_in
2362.TW,27888488448.0,0.20665575677856451,6222630000.0,2026-09-21T08:08:28Z,yahoo_mcap|yahoo_ret|mops_paid_in
2363.TW,30101100544.0,-0.004914148449746358,5149881610.0,2026-09-21T08:08:28Z,yahoo_mcap|yahoo_ret|mops_paid_in
2364.TW,3889935872.0,-0.031182775093420156,523897100.0,2026-09-21T08:08:28Z,yahoo_mcap|yahoo_ret|mops_paid_in
2365.TW,6468632064.0,-0.31860412657899717,2215284960.0,2026-09-21T08:08:28Z,yahoo_mcap|yahoo_ret|mops_paid_in
2367.TW,29521383424.0,0.503813083724802,7062531750.0,2026-09-21T08:08:28Z,yahoo_mcap|yahoo_ret|mops_paid_in
2368.TW,534931308544.0,1.34125796286129,5229329730.0,2026-09-21T08:08:28Z,yahoo_mcap|yahoo_ret|mops_paid_in
2369.TW,12075790336.0,0.6623711667084677,3801023440.0,2026-09-21T08:08:28Z,yahoo_mcap|yahoo_ret|mops_paid_in
2371.TW,61381697536.0,-0.2376111521394394,21508348510.0,2026-09-21T08:08:28Z,yahoo_mcap|yahoo_ret|mops_paid_in
2373.TW,11878773760.0,-0.0006076114480229045,2362025180.0,2026-09-21T08:08:28Z,cluster_seed|yahoo_ret|mops_paid_in
2374.TW,22745823232.0,-0.19428579883948383,3379921330.0,2026-09-21T08:08:28Z,yahoo_mcap|yahoo_ret|mops_paid_in
2375.TW,12877987840.0,0.652799756358323,1086753340.0,2026-09-21T08:08:28Z,yahoo_mcap|yahoo_ret|mops_paid_in
2376.TW,253811228672.0,0.3580378775883091,6698888860.0,2026-09-21T08:08:28Z,yahoo_mcap|yahoo_ret|mops_paid_in
2377.TW,129262993408.0,0.30718513217916477,8448561990.0,2026-09-21T08:08:28Z,yahoo_mcap|yahoo_ret|mops_paid_in
2379.TW,379518615552.0,0.4111941228800504,5155126410.0,2026-09-21T08:08:28Z,yahoo_mcap|yahoo_ret|mops_paid_in
2380.TW,989108992.0,-0.19228349523918187,600000000.0,2026-09-21T08:08:28Z,yahoo_mcap|yahoo_ret|mops_paid_in
2382.TW,1412284153856.0,0.27831933591482994,41076274320.0,2026-09-21T08:08:28Z,yahoo_mcap|yahoo_ret|mops_paid_in
2383.TW,1753981255680.0,2.78257805513021,3583211140.0,2026-09-21T08:08:28Z,yahoo_mcap|yahoo_ret|mops_paid_in
2385.TW,76778471424.0,-0.21706243957301774,7657211880.0,2026-09-21T08:08:28Z,yahoo_mcap|yahoo_ret|mops_paid_in
2387.TW,7169952768.0,-0.026309908908113466,1952510510.0,2026-09-21T08:08:28Z,yahoo_mcap|yahoo_ret|mops_paid_in
2388.TW,37356126208.0,0.15087192324999332,5559559410.0,2026-09-21T08:08:28Z,yahoo_mcap|yahoo_ret|mops_paid_in
2390.TW,1974349312.0,-0.019138738078044115,1926194420.0,2026-09-21T08:08:28Z,yahoo_mcap|yahoo_ret|mops_paid_in
2392.TW,20618805248.0,-0.06545495924409384,5123269400.0,2026-09-21T08:08:28Z,yahoo_mcap|yahoo_ret|mops_paid_in
2393.TW,28465833984.0,0.09084118662697649,4433930860.0,2026-09-21T08:08:28Z,yahoo_mcap|yahoo_ret|mops_paid_in
2395.TW,613546459136.0,1.2190267313868985,8690460080.0,2026-09-21T08:08:28Z,yahoo_mcap|yahoo_ret|mops_paid_in
2397.TW,7075411456.0,-0.10848868723499683,1144888570.0,2026-09-21T08:08:28Z,yahoo_mcap|yahoo_ret|mops_paid_in
2399.TW,8807045120.0,1.5101522257789486,1781000000.0,2026-09-21T08:08:28Z,yahoo_mcap|yahoo_ret|mops_paid_in
2401.TW,15446417408.0,0.10062891321355938,5919949190.0,2026-09-21T08:08:28Z,yahoo_mcap|yahoo_ret|mops_paid_in
2402.TW,16606972928.0,0.028215355690712984,3075365330.0,2026-09-21T08:08:28Z,yahoo_mcap|yahoo_ret|mops_paid_in
2404.TW,213441970176.0,0.18406623943567757,1905866980.0,2026-09-21T08:08:28Z,yahoo_mcap|yahoo_ret|mops_paid_in
2405.TW,5220094976.0,-0.2098766001278407,3434273030.0,2026-09-21T08:08:28Z,cluster_seed|yahoo_ret|mops_paid_in
2406.TW,10667541504.0,0.3818181644786487,3509056890.0,2026-09-21T08:08:28Z,yahoo_mcap|yahoo_ret|mops_paid_in
2408.TW,1598892015616.0,5.406663301343821,34502058940.0,2026-09-21T08:08:28Z,yahoo_mcap|yahoo_ret|mops_paid_in
2409.TW,251695742976.0,1.5128712223854595,75470989720.0,2026-09-21T08:08:28Z,yahoo_mcap|yahoo_ret|mops_paid_in
2412.TW,1120951074816.0,0.12430668392432742,77574465450.0,2026-09-21T08:08:28Z,yahoo_mcap|yahoo_ret|mops_paid_in
2413.TW,6877386240.0,1.5056679332089802,1273592000.0,2026-09-21T08:08:28Z,yahoo_mcap|yahoo_ret|mops_paid_in
2414.TW,8555834880.0,0.2818061025145917,1617358460.0,2026-09-21T08:08:28Z,yahoo_mcap|yahoo_ret|mops_paid_in
2415.TW,2715000064.0,0.18297649366747248,1000000000.0,2026-09-21T08:08:28Z,yahoo_mcap|yahoo_ret|mops_paid_in
2417.TW,4996360704.0,-0.07474817563284575,1572188640.0,2026-09-21T08:08:28Z,yahoo_mcap|yahoo_ret|mops_paid_in
2419.TW,9848372224.0,0.28511526743386595,3213172290.0,2026-09-21T08:08:28Z,yahoo_mcap|yahoo_ret|mops_paid_in
2420.TW,8212499968.0,0.10754045057874495,1526486880.0,2026-09-21T08:08:28Z,yahoo_mcap|yahoo_ret|mops_paid_in
2421.TW,47625658368.0,0.309033979957946,2869436690.0,2026-09-21T08:08:28Z,yahoo_mcap|yahoo_ret|mops_paid_in
2423.TW,10748004352.0,0.3932663006972117,1450472890.0,2026-09-21T08:08:28Z,yahoo_mcap|yahoo_ret|mops_paid_in
2424.TW,477275872.0,-0.870388344210879,595850000.0,2026-09-21T08:08:28Z,yahoo_mcap|yahoo_ret|mops_paid_in
2425.TW,3676611840.0,0.17872237725140638,964988310.0,2026-09-21T08:08:28Z,yahoo_mcap|yahoo_ret|mops_paid_in
2426.TW,30001975296.0,4.47507375933842,3006222520.0,2026-09-21T08:08:28Z,yahoo_mcap|yahoo_ret|mops_paid_in
2427.TW,4712389632.0,-0.10581377616977516,1979995730.0,2026-09-21T08:08:28Z,cluster_seed|yahoo_ret|mops_paid_in
2428.TW,33117210624.0,0.6806176351076798,1281127260.0,2026-09-21T08:08:28Z,yahoo_mcap|yahoo_ret|mops_paid_in
2429.TW,2759504896.0,-0.7590225621273643,855000000.0,2026-09-21T08:08:28Z,yahoo_mcap|yahoo_ret|mops_paid_in
2430.TW,2114080000.0,-0.23429873185339056,1168000000.0,2026-09-21T08:08:28Z,cluster_seed|yahoo_ret|mops_paid_in
2431.TW,827322944.0,-0.22348483726450652,807144360.0,2026-09-21T08:08:28Z,yahoo_mcap|yahoo_ret|mops_paid_in
2432.TW,1698057088.0,0.062001664613879015,618600000.0,2026-09-21T08:08:28Z,cluster_seed|yahoo_ret|mops_paid_in
2433.TW,5830413824.0,-0.12371906944562272,1444960110.0,2026-09-21T08:08:28Z,yahoo_mcap|yahoo_ret|mops_paid_in
2434.TW,2245900032.0,1.0646259030793108,370000000.0,2026-09-21T08:08:28Z,yahoo_mcap|yahoo_ret|mops_paid_in
2436.TW,14388527104.0,0.2920927297462883,2041775610.0,2026-09-21T08:08:28Z,yahoo_mcap|yahoo_ret|mops_paid_in
2438.TW,1411657216.0,-0.14285709772614819,711956410.0,2026-09-21T08:08:28Z,yahoo_mcap|yahoo_ret|mops_paid_in
2439.TW,19543205888.0,-0.18907038884128458,2486413140.0,2026-09-21T08:08:28Z,yahoo_mcap|yahoo_ret|mops_paid_in
2440.TW,2003284608.0,0.1566264931035557,1391172710.0,2026-09-21T08:08:28Z,yahoo_mcap|yahoo_ret|mops_paid_in
2441.TW,71762870272.0,1.0411296975156903,5688459210.0,2026-09-21T08:08:28Z,yahoo_mcap|yahoo_ret|mops_paid_in
2442.TW,5106397184.0,-0.27984047045359106,3252320210.0,2026-09-21T08:08:28Z,yahoo_mcap|yahoo_ret|mops_paid_in
2444.TW,1475988608.0,0.13991776265957556,1065695730.0,2026-09-21T08:08:28Z,yahoo_mcap|yahoo_ret|mops_paid_in
2449.TW,387090481152.0,0.8583857156642498,12838823180.0,2026-09-21T08:08:28Z,yahoo_mcap|yahoo_ret|mops_paid_in
2450.TW,7308559360.0,0.0379606781892019,2582526570.0,2026-09-21T08:08:28Z,cluster_seed|yahoo_ret|mops_paid_in
2451.TW,123364859904.0,1.4623164983766546,4313456750.0,2026-09-21T08:08:28Z,yahoo_mcap|yahoo_ret|mops_paid_in
2453.TW,5480000000.0,-0.06265443406718707,1000000000.0,2026-09-21T08:08:28Z,yahoo_mcap|yahoo_ret|mops_paid_in
2454.TW,8001808236544.0,2.6566785387334533,16049526130.0,2026-09-21T08:08:28Z,yahoo_mcap|yahoo_ret|mops_paid_in
2455.TW,105766182912.0,2.438116485611839,1869834430.0,2026-09-21T08:08:28Z,yahoo_mcap|yahoo_ret|mops_paid_in
2457.TW,9429948416.0,-0.11199996948242186,4247724160.0,2026-09-21T08:08:28Z,yahoo_mcap|yahoo_ret|mops_paid_in
2458.TW,37879709696.0,0.0597519081226372,3038803920.0,2026-09-21T08:08:28Z,yahoo_mcap|yahoo_ret|mops_paid_in
2459.TW,6916537856.0,0.09188943692544904,1055956150.0,2026-09-21T08:08:28Z,yahoo_mcap|yahoo_ret|mops_paid_in
2460.TW,5101380096.0,0.5868420851858038,1692000000.0,2026-09-21T08:08:28Z,yahoo_mcap|yahoo_ret|mops_paid_in
2461.TW,3159006976.0,0.050445125354684706,1918879630.0,2026-09-21T08:08:28Z,yahoo_mcap|yahoo_ret|mops_paid_in
2462.TW,2985532672.0,-0.224424964442825,1507844820.0,2026-09-21T08:08:28Z,yahoo_mcap|yahoo_ret|mops_paid_in
2464.TW,42132258816.0,1.6954343640490528,2166804340.0,2026-09-21T08:08:28Z,yahoo_mcap|yahoo_ret|mops_paid_in
2465.TW,8643035136.0,0.611208449360928,939460310.0,2026-09-21T08:08:28Z,yahoo_mcap|yahoo_ret|mops_paid_in
2466.TW,19080458240.0,0.5804598047642282,1734586970.0,2026-09-21T08:08:28Z,yahoo_mcap|yahoo_ret|mops_paid_in
2467.TW,83107102720.0,1.709144164428821,1568553480.0,2026-09-21T08:08:28Z,yahoo_mcap|yahoo_ret|mops_paid_in
2468.TW,3256684544.0,-0.0749593682059243,699612490.0,2026-09-21T08:08:28Z,yahoo_mcap|yahoo_ret|mops_paid_in
2471.TW,2513912832.0,0.12735589959187887,472538900.0,2026-09-21T08:08:28Z,yahoo_mcap|yahoo_ret|mops_paid_in
2472.TW,35088584704.0,1.3554931061440691,1647351370.0,2026-09-21T08:08:28Z,yahoo_mcap|yahoo_ret|mops_paid_in
2474.TW,108309479424.0,0.18122917882334222,5388210680.0,2026-09-21T08:08:28Z,yahoo_mcap|yahoo_ret|mops_paid_in
2476.TW,27274215424.0,0.15873270710906118,2190704540.0,2026-09-21T08:08:28Z,yahoo_mcap|yahoo_ret|mops_paid_in
2477.TW,3663036160.0,-0.01803607913114047,1585732440.0,2026-09-21T08:08:28Z,yahoo_mcap|yahoo_ret|mops_paid_in
2478.TW,17127760896.0,1.4712991059974172,1447313390.0,2026-09-21T08:08:28Z,yahoo_mcap|yahoo_ret|mops_paid_in
2480.TW,17496219648.0,0.021408738033421804,1063602910.0,2026-09-21T08:08:28Z,yahoo_mcap|yahoo_ret|mops_paid_in
2481.TW,64195305472.0,1.3499921293749337,3821149270.0,2026-09-21T08:08:28Z,yahoo_mcap|yahoo_ret|mops_paid_in
2482.TW,1242233856.0,-0.19583949703964199,778827110.0,2026-09-21T08:08:28Z,yahoo_mcap|yahoo_ret|mops_paid_in
2483.TW,3523277568.0,0.6034671109509817,1078898070.0,2026-09-21T08:08:28Z,yahoo_mcap|yahoo_ret|mops_paid_in
2484.TW,11159472128.0,2.0715841705804783,1594210220.0,2026-09-21T08:08:28Z,yahoo_mcap|yahoo_ret|mops_paid_in
2485.TW,12993480704.0,1.9963371918601345,3176890370.0,2026-09-21T08:08:28Z,yahoo_mcap|yahoo_ret|mops_paid_in
2486.TW,55924264960.0,1.8373443615685696,2404825100.0,2026-09-21T08:08:28Z,yahoo_mcap|yahoo_ret|mops_paid_in
2488.TW,3899951360.0,0.1829236064604125,799994330.0,2026-09-21T08:08:28Z,cluster_seed|yahoo_ret|mops_paid_in
2489.TW,26229999616.0,2.2700604908822,6100000000.0,2026-09-21T08:08:28Z,yahoo_mcap|yahoo_ret|mops_paid_in
2491.TW,3284420352.0,2.0340908951338985,820080000.0,2026-09-21T08:08:28Z,yahoo_mcap|yahoo_ret|mops_paid_in
2492.TW,149685665792.0,1.953693030101134,4852047740.0,2026-09-21T08:08:28Z,yahoo_mcap|yahoo_ret|mops_paid_in
2493.TW,32720400384.0,0.6082413012055754,1267966290.0,2026-09-21T08:08:28Z,yahoo_mcap|yahoo_ret|mops_paid_in
2495.TW,10695862272.0,0.8313374550723038,2735515380.0,2026-09-21T08:08:28Z,yahoo_mcap|yahoo_ret|mops_paid_in
2496.TW,1099037056.0,-0.07943779762652381,200554620.0,2026-09-21T08:08:28Z,yahoo_mcap|yahoo_ret|mops_paid_in
2497.TW,5719791616.0,-0.07020520315943912,1308876760.0,2026-09-21T08:08:28Z,yahoo_mcap|yahoo_ret|mops_paid_in
2498.TW,33528772608.0,-0.3724950629828597,8360970860.0,2026-09-21T08:08:28Z,yahoo_mcap|yahoo_ret|mops_paid_in
2501.TW,25162473472.0,0.018606383913091218,11595610590.0,2026-09-21T08:08:28Z,yahoo_mcap|yahoo_ret|mops_paid_in
2504.TW,36601090048.0,-0.07193979630819414,11800000000.0,2026-09-21T08:08:28Z,yahoo_mcap|yahoo_ret|mops_paid_in
2505.TW,6460000256.0,-0.05324353647673319,3800000000.0,2026-09-21T08:08:28Z,yahoo_mcap|yahoo_ret|mops_paid_in
2506.TW,3026223616.0,-0.12011155877919355,3870000000.0,2026-09-21T08:08:28Z,yahoo_mcap|yahoo_ret|mops_paid_in
2509.TW,3323347456.0,-0.08641978433774855,2245505300.0,2026-09-21T08:08:28Z,yahoo_mcap|yahoo_ret|mops_paid_in
2511.TW,13695342592.0,-0.04146345558040054,16233261470.0,2026-09-21T08:08:28Z,yahoo_mcap|yahoo_ret|mops_paid_in
2514.TW,4225819392.0,-0.19999998706882283,3947292780.0,2026-09-21T08:08:28Z,yahoo_mcap|yahoo_ret|mops_paid_in
2515.TW,20261507072.0,0.19234611350062125,16884600790.0,2026-09-21T08:08:28Z,yahoo_mcap|yahoo_ret|mops_paid_in
2516.TW,3360235776.0,0.017123287223834494,2262784570.0,2026-09-21T08:08:28Z,yahoo_mcap|yahoo_ret|mops_paid_in
2520.TW,23105380352.0,0.09899287993398964,6094871100.0,2026-09-21T08:08:28Z,yahoo_mcap|yahoo_ret|mops_paid_in
2524.TW,12900920320.0,-0.23286181904853065,3661845960.0,2026-09-21T08:08:28Z,yahoo_mcap|yahoo_ret|mops_paid_in
2527.TW,12276464640.0,0.9261848836394073,2703060000.0,2026-09-21T08:08:28Z,yahoo_mcap|yahoo_ret|mops_paid_in
2528.TW,10278617088.0,-0.14063716710286833,4359964670.0,2026-09-21T08:08:28Z,yahoo_mcap|yahoo_ret|mops_paid_in
2530.TW,16993367040.0,-0.2911525675278337,8412557310.0,2026-09-21T08:08:28Z,yahoo_mcap|yahoo_ret|mops_paid_in
2534.TW,8041016832.0,-0.15055693827146377,4742279700.0,2026-09-21T08:08:28Z,yahoo_mcap|yahoo_ret|mops_paid_in
2535.TW,23338278912.0,0.6041603647099509,2707939670.0,2026-09-21T08:08:28Z,yahoo_mcap|yahoo_ret|mops_paid_in
2536.TW,6220299264.0,-0.2185528513611671,3328086520.0,2026-09-21T08:08:28Z,yahoo_mcap|yahoo_ret|mops_paid_in
2537.TW,3411332096.0,0.04128447510901201,3005577950.0,2026-09-21T08:08:28Z,cluster_seed|yahoo_ret|mops_paid_in
2538.TW,3813868544.0,-0.19093699212958704,4450254950.0,2026-09-21T08:08:28Z,yahoo_mcap|yahoo_ret|mops_paid_in
2539.TW,51309375488.0,-0.08882558615479874,11931025810.0,2026-09-21T08:08:28Z,yahoo_mcap|yahoo_ret|mops_paid_in
2540.TW,46393311232.0,-0.05378381130179366,9448739650.0,2026-09-21T08:08:28Z,yahoo_mcap|yahoo_ret|mops_paid_in
2542.TW,98099544064.0,0.1371991064976168,21530835390.0,2026-09-21T08:08:28Z,yahoo_mcap|yahoo_ret|mops_paid_in
2543.TW,19749388288.0,-0.4508183171673934,5285419610.0,2026-09-21T08:08:28Z,yahoo_mcap|yahoo_ret|mops_paid_in
2545.TW,13081871360.0,-0.12912680286352063,3797348080.0,2026-09-21T08:08:28Z,yahoo_mcap|yahoo_ret|mops_paid_in
2546.TW,15203457024.0,0.4438603021162373,1461870970.0,2026-09-21T08:08:28Z,yahoo_mcap|yahoo_ret|mops_paid_in
2547.TW,10350946304.0,-0.029126231570822836,10350946490.0,2026-09-21T08:08:28Z,yahoo_mcap|yahoo_ret|mops_paid_in
2548.TW,31435745280.0,0.0885114408758827,3357046310.0,2026-09-21T08:08:28Z,yahoo_mcap|yahoo_ret|mops_paid_in
2597.TW,53132435456.0,0.17982075059621883,3107160000.0,2026-09-21T08:08:28Z,yahoo_mcap|yahoo_ret|mops_paid_in
2601.TW,4093947392.0,0.02417959713436524,6903790110.0,2026-09-21T08:08:28Z,yahoo_mcap|yahoo_ret|mops_paid_in
2603.TW,523940397056.0,0.42198351114726207,21650429960.0,2026-09-21T08:08:28Z,yahoo_mcap|yahoo_ret|mops_paid_in
2605.TW,21833676800.0,0.685181543605365,5853532970.0,2026-09-21T08:08:28Z,yahoo_mcap|yahoo_ret|mops_paid_in
2606.TW,65322811392.0,0.4276260998921728,8450557120.0,2026-09-21T08:08:28Z,yahoo_mcap|yahoo_ret|mops_paid_in
2607.TW,28599382016.0,-0.047370330826329576,5335705470.0,2026-09-21T08:08:28Z,yahoo_mcap|yahoo_ret|mops_paid_in
2608.TW,13472950272.0,-0.10768022126841392,4670004980.0,2026-09-21T08:08:28Z,yahoo_mcap|yahoo_ret|mops_paid_in
2609.TW,213367554048.0,0.13847114614639167,34921042700.0,2026-09-21T08:08:28Z,yahoo_mcap|yahoo_ret|mops_paid_in
2610.TW,122549239808.0,0.004829637652717933,61449885580.0,2026-09-21T08:08:28Z,cluster_seed|yahoo_ret|mops_paid_in
2611.TW,2740528896.0,-0.03246358252164672,1890022720.0,2026-09-21T08:08:28Z,yahoo_mcap|yahoo_ret|mops_paid_in
2612.TW,12500775936.0,0.26556133688709416,1974845930.0,2026-09-21T08:08:28Z,yahoo_mcap|yahoo_ret|mops_paid_in
2613.TW,3061254656.0,-0.1046932452924999,1484234580.0,2026-09-21T08:08:28Z,yahoo_mcap|yahoo_ret|mops_paid_in
2614.TW,5939858944.0,-0.12949643710026293,3272649460.0,2026-09-21T08:08:28Z,yahoo_mcap|yahoo_ret|mops_paid_in
2615.TW,328319107072.0,0.5308762259648596,28061462930.0,2026-09-21T08:08:28Z,yahoo_mcap|yahoo_ret|mops_paid_in
2616.TW,1807853056.0,-0.06849317172947256,1372818270.0,2026-09-21T08:08:28Z,yahoo_mcap|yahoo_ret|mops_paid_in
2617.TW,13895889920.0,0.2910729796672231,4172944870.0,2026-09-21T08:08:28Z,yahoo_mcap|yahoo_ret|mops_paid_in
2618.TW,226548645888.0,0.13911334513092477,54004443350.0,2026-09-21T08:08:28Z,yahoo_mcap|yahoo_ret|mops_paid_in
2630.TW,9875002368.0,-0.2170420825414071,2094382040.0,2026-09-21T08:08:28Z,yahoo_mcap|yahoo_ret|mops_paid_in
2633.TW,144647143424.0,-0.0387054723050162,56282930580.0,2026-09-21T08:08:28Z,yahoo_mcap|yahoo_ret|mops_paid_in
2634.TW,59996930048.0,-0.005237840554950801,9418671010.0,2026-09-21T08:08:28Z,yahoo_mcap|yahoo_ret|mops_paid_in
2636.TW,9655767040.0,0.07556514864687447,1418352300.0,2026-09-21T08:08:28Z,yahoo_mcap|yahoo_ret|mops_paid_in
2637.TW,76506923008.0,0.8189306406511003,7464091990.0,2026-09-21T08:08:28Z,yahoo_mcap|yahoo_ret|mops_paid_in
2642.TW,1937980032.0,-0.2865752448377644,954670000.0,2026-09-21T08:08:28Z,yahoo_mcap|yahoo_ret|mops_paid_in
2645.TW,65549922304.0,0.021276565430383032,3745709620.0,2026-09-21T08:08:28Z,yahoo_mcap|yahoo_ret|mops_paid_in
2646.TW,60926881792.0,-0.1948310017038729,30087350000.0,2026-09-21T08:08:28Z,yahoo_mcap|yahoo_ret|mops_paid_in
2701.TW,4679667200.0,-0.0420798512891114,4499678380.0,2026-09-21T08:08:28Z,yahoo_mcap|yahoo_ret|mops_paid_in
2702.TW,2020307584.0,0.05306119334941006,1566132490.0,2026-09-21T08:08:28Z,yahoo_mcap|yahoo_ret|mops_paid_in
2704.TW,16731703296.0,0.051514949195281545,3669233430.0,2026-09-21T08:08:28Z,yahoo_mcap|yahoo_ret|mops_paid_in
2705.TW,2917523200.0,-0.11078715223278235,1913128300.0,2026-09-21T08:08:28Z,yahoo_mcap|yahoo_ret|mops_paid_in
2706.TW,6049976320.0,-0.0676306321811122,4999983460.0,2026-09-21T08:08:28Z,yahoo_mcap|yahoo_ret|mops_paid_in
2707.TW,22614032384.0,-0.05261315588290216,1274032380.0,2026-09-21T08:08:28Z,yahoo_mcap|yahoo_ret|mops_paid_in
2712.TW,1417500032.0,-0.31818179190979745,1050000000.0,2026-09-21T08:08:28Z,yahoo_mcap|yahoo_ret|mops_paid_in
2722.TW,3028038912.0,-0.2500000338182372,1431696960.0,2026-09-21T08:08:28Z,yahoo_mcap|yahoo_ret|mops_paid_in
2723.TW,14238000128.0,0.04491415670998733,1800000000.0,2026-09-21T08:08:28Z,yahoo_mcap|yahoo_ret|mops_paid_in
2727.TW,18809018368.0,0.055541944438117774,829401090.0,2026-09-21T08:08:28Z,yahoo_mcap|yahoo_ret|mops_paid_in
2731.TW,13385393152.0,-0.034033111354292656,932777390.0,2026-09-21T08:08:28Z,yahoo_mcap|yahoo_ret|mops_paid_in
2739.TW,3400190976.0,0.05625843957939036,915260000.0,2026-09-21T08:08:28Z,yahoo_mcap|yahoo_ret|mops_paid_in
2748.TW,4114803200.0,-0.12964500697357573,1057787400.0,2026-09-21T08:08:28Z,yahoo_mcap|yahoo_ret|mops_paid_in
2753.TW,12560916480.0,-0.020279641888617972,666447960.0,2026-09-21T08:08:28Z,yahoo_mcap|yahoo_ret|mops_paid_in
2762.TW,8726838272.0,0.19518743369360192,1125000000.0,2026-09-21T08:08:28Z,yahoo_mcap|yahoo_ret|mops_paid_in
2801.TW,343112646656.0,0.545746914411847,120601974090.0,2026-09-21T08:08:28Z,yahoo_mcap|yahoo_ret|mops_paid_in
2812.TW,123361435648.0,-0.0732916988033464,64250748580.0,2026-09-21T08:08:28Z,yahoo_mcap|yahoo_ret|mops_paid_in
2816.TW,9100846080.0,0.595134577310517,2236080000.0,2026-09-21T08:08:28Z,yahoo_mcap|yahoo_ret|mops_paid_in
2820.TW,23501799424.0,0.13444422243368193,13429600000.0,2026-09-21T08:08:28Z,yahoo_mcap|yahoo_ret|mops_paid_in
2832.TW,14832106496.0,0.33654432097233244,2535402800.0,2026-09-21T08:08:28Z,yahoo_mcap|yahoo_ret|mops_paid_in
2834.TW,190809292800.0,0.2853388747712824,103983261790.0,2026-09-21T08:08:28Z,yahoo_mcap|yahoo_ret|mops_paid_in
2836.TW,22764935168.0,0.07661870949810767,18983161530.0,2026-09-21T08:08:28Z,yahoo_mcap|yahoo_ret|mops_paid_in
2838.TW,99529105408.0,0.32914857585032853,48078289610.0,2026-09-21T08:08:28Z,yahoo_mcap|yahoo_ret|mops_paid_in
2845.TW,66712412160.0,0.158953270174228,48652847310.0,2026-09-21T08:08:28Z,yahoo_mcap|yahoo_ret|mops_paid_in
2849.TW,31713273856.0,0.2763727335877775,19576093490.0,2026-09-21T08:08:28Z,yahoo_mcap|yahoo_ret|mops_paid_in
2850.TW,50712109056.0,0.47415987581127794,3159633000.0,2026-09-21T08:08:28Z,yahoo_mcap|yahoo_ret|mops_paid_in
2851.TW,38538719232.0,1.1414603260347684,8003887500.0,2026-09-21T08:08:28Z,yahoo_mcap|yahoo_ret|mops_paid_in
2852.TW,8507877376.0,0.11882937574335828,3011637840.0,2026-09-21T08:08:28Z,yahoo_mcap|yahoo_ret|mops_paid_in
2855.TW,91761082368.0,1.6309863590560445,16014144780.0,2026-09-21T08:08:28Z,yahoo_mcap|yahoo_ret|mops_paid_in
2880.TW,655718678528.0,0.6633190872147001,140561347390.0,2026-09-21T08:08:28Z,yahoo_mcap|yahoo_ret|mops_paid_in
2881.TW,2111354044416.0,0.8480370800636252,156073549520.0,2026-09-21T08:08:28Z,yahoo_mcap|yahoo_ret|mops_paid_in
2882.TW,1657620660224.0,0.7732684421936078,162025101280.0,2026-09-21T08:08:28Z,yahoo_mcap|yahoo_ret|mops_paid_in
2884.TW,784106455040.0,0.4353811672320187,177235104710.0,2026-09-21T08:08:28Z,yahoo_mcap|yahoo_ret|mops_paid_in
2885.TW,976053469184.0,1.1443225109072657,138643959440.0,2026-09-21T08:08:28Z,yahoo_mcap|yahoo_ret|mops_paid_in
2886.TW,757985640448.0,0.274151076919565,148333782820.0,2026-09-21T08:08:28Z,yahoo_mcap|yahoo_ret|mops_paid_in
2887.TW,1100034342912.0,1.6026707172125039,296061505490.0,2026-09-21T08:08:28Z,yahoo_mcap|yahoo_ret|mops_paid_in
2889.TW,61953744896.0,0.1816962235192634,36659021860.0,2026-09-21T08:08:28Z,yahoo_mcap|yahoo_ret|mops_paid_in
2890.TW,675545153536.0,0.9529760761681441,147921687210.0,2026-09-21T08:08:28Z,yahoo_mcap|yahoo_ret|mops_paid_in
2891.TW,1405485580288.0,0.6900818192832618,201759228060.0,2026-09-21T08:08:28Z,yahoo_mcap|yahoo_ret|mops_paid_in
2892.TW,571583823872.0,0.38542489882095166,143794686500.0,2026-09-21T08:08:28Z,yahoo_mcap|yahoo_ret|mops_paid_in
2897.TW,31302213632.0,0.3136706502438533,30553578780.0,2026-09-21T08:08:28Z,yahoo_mcap|yahoo_ret|mops_paid_in
2901.TW,1694604544.0,-0.08982453982138583,730432830.0,2026-09-21T08:08:28Z,yahoo_mcap|yahoo_ret|mops_paid_in
2903.TW,31555639296.0,0.06460021145058481,14169405890.0,2026-09-21T08:08:28Z,yahoo_mcap|yahoo_ret|mops_paid_in
2904.TW,984605504.0,-0.24237320411502394,778344320.0,2026-09-21T08:08:28Z,yahoo_mcap|yahoo_ret|mops_paid_in
2905.TW,19748976640.0,0.5766932202223609,11103717030.0,2026-09-21T08:08:28Z,yahoo_mcap|yahoo_ret|mops_paid_in
2906.TW,2864902656.0,-0.009765453748356023,2091166480.0,2026-09-21T08:08:28Z,yahoo_mcap|yahoo_ret|mops_paid_in
2908.TW,11217536000.0,0.13455104012892627,5098875580.0,2026-09-21T08:08:28Z,yahoo_mcap|yahoo_ret|mops_paid_in
2910.TW,4183361792.0,0.18937825504918449,1754030000.0,2026-09-21T08:08:28Z,yahoo_mcap|yahoo_ret|mops_paid_in
2911.TW,651781184.0,0.19230769936149672,1051259990.0,2026-09-21T08:08:28Z,yahoo_mcap|yahoo_ret|mops_paid_in
2912.TW,223518785536.0,-0.10484762180360918,10396222550.0,2026-09-21T08:08:28Z,yahoo_mcap|yahoo_ret|mops_paid_in
2913.TW,8729499648.0,-0.22727272424134037,7900000000.0,2026-09-21T08:08:28Z,yahoo_mcap|yahoo_ret|mops_paid_in
2915.TW,63316127744.0,0.16502950694698382,11043187720.0,2026-09-21T08:08:28Z,yahoo_mcap|yahoo_ret|mops_paid_in
2923.TW,45682794496.0,0.22687872981765422,17402969820.0,2026-09-21T08:08:28Z,yahoo_mcap|yahoo_ret|mops_paid_in
2929.TW,633970240.0,-0.3713355116317719,1094938380.0,2026-09-21T08:08:28Z,yahoo_mcap|yahoo_ret|mops_paid_in
2939.TW,906425088.0,-0.2256809716820336,455486650.0,2026-09-21T08:08:28Z,yahoo_mcap|yahoo_ret|mops_paid_in
2945.TW,2747250176.0,0.11174811523759964,675000000.0,2026-09-21T08:08:28Z,yahoo_mcap|yahoo_ret|mops_paid_in
3002.TW,2019599872.0,0.21510086977509602,1020000000.0,2026-09-21T08:08:28Z,yahoo_mcap|yahoo_ret|mops_paid_in
3003.TW,9168073728.0,0.09119919399732668,1556548900.0,2026-09-21T08:08:28Z,yahoo_mcap|yahoo_ret|mops_paid_in
3004.TW,7565120000.0,-0.13500096997416056,643831550.0,2026-09-21T08:08:28Z,yahoo_mcap|yahoo_ret|mops_paid_in
3005.TW,74323828736.0,-0.22633436713162292,6245701500.0,2026-09-21T08:08:28Z,yahoo_mcap|yahoo_ret|mops_paid_in
3006.TW,81076232192.0,2.557072338350905,2981278410.0,2026-09-21T08:08:28Z,yahoo_mcap|yahoo_ret|mops_paid_in
3008.TW,837108498432.0,1.7962262295330276,1307981970.0,2026-09-21T08:08:28Z,yahoo_mcap|yahoo_ret|mops_paid_in
3010.TW,32429611008.0,0.3103581314984054,2594368170.0,2026-09-21T08:08:28Z,yahoo_mcap|yahoo_ret|mops_paid_in
3011.TW,1315448576.0,-0.3387622562678767,1295658510.0,2026-09-21T08:08:28Z,yahoo_mcap|yahoo_ret|mops_paid_in
3013.TW,17728931840.0,-0.29738596284353447,2051389300.0,2026-09-21T08:08:28Z,yahoo_mcap|yahoo_ret|mops_paid_in
3014.TW,23150600192.0,0.09392074802712447,1659541240.0,2026-09-21T08:08:28Z,yahoo_mcap|yahoo_ret|mops_paid_in
3015.TW,9887430656.0,-0.00019994263206701834,1872619500.0,2026-09-21T08:08:28Z,yahoo_mcap|yahoo_ret|mops_paid_in
3016.TW,35337465856.0,1.2239362232776672,2903569030.0,2026-09-21T08:08:28Z,yahoo_mcap|yahoo_ret|mops_paid_in
3017.TW,1340534423552.0,2.3844914454899313,3926701070.0,2026-09-21T08:08:28Z,yahoo_mcap|yahoo_ret|mops_paid_in
3018.TW,904532590592.0,-0.13978493447505358,753777150.0,2026-09-21T08:08:28Z,yahoo_mcap|yahoo_ret|mops_paid_in
3019.TW,37977169920.0,-0.1508788596855004,2792439010.0,2026-09-21T08:08:28Z,yahoo_mcap|yahoo_ret|mops_paid_in
3021.TW,2485428736.0,0.5287807764028591,946830000.0,2026-09-21T08:08:28Z,yahoo_mcap|yahoo_ret|mops_paid_in
3022.TW,16388275200.0,0.42444493291625607,1765977900.0,2026-09-21T08:08:28Z,yahoo_mcap|yahoo_ret|mops_paid_in
3023.TW,76942114816.0,0.3962271274888651,2400690140.0,2026-09-21T08:08:28Z,yahoo_mcap|yahoo_ret|mops_paid_in
3024.TW,4129646592.0,0.13194247269849813,2771574960.0,2026-09-21T08:08:28Z,yahoo_mcap|yahoo_ret|mops_paid_in
3025.TW,2961671424.0,0.25524032072116754,567364400.0,2026-09-21T08:08:28Z,yahoo_mcap|yahoo_ret|mops_paid_in
3026.TW,132405739520.0,6.977145887322282,1658903180.0,2026-09-21T08:08:28Z,yahoo_mcap|yahoo_ret|mops_paid_in
3027.TW,2464134912.0,-0.27924526862378385,1291602990.0,2026-09-21T08:08:28Z,yahoo_mcap|yahoo_ret|mops_paid_in
3028.TW,16388614144.0,1.0625284280349834,2372411930.0,2026-09-21T08:08:28Z,yahoo_mcap|yahoo_ret|mops_paid_in
3029.TW,19989803008.0,0.015324443342746852,1670052120.0,2026-09-21T08:08:28Z,yahoo_mcap|yahoo_ret|mops_paid_in
3030.TW,63423995904.0,0.44827327371816517,2362160000.0,2026-09-21T08:08:28Z,yahoo_mcap|yahoo_ret|mops_paid_in
3031.TW,4867011072.0,0.3813277404495896,1732032240.0,2026-09-21T08:08:28Z,yahoo_mcap|yahoo_ret|mops_paid_in
3032.TW,8858935296.0,-0.21407038242972676,1132856260.0,2026-09-21T08:08:28Z,yahoo_mcap|yahoo_ret|mops_paid_in
3033.TW,21824552960.0,0.521021193390991,5165594480.0,2026-09-21T08:08:28Z,yahoo_mcap|yahoo_ret|mops_paid_in
3034.TW,333464567808.0,0.31107705317411627,6085114690.0,2026-09-21T08:08:28Z,yahoo_mcap|yahoo_ret|mops_paid_in
3035.TW,49765109760.0,0.14372271153825955,2605503130.0,2026-09-21T08:08:28Z,yahoo_mcap|yahoo_ret|mops_paid_in
3036.TW,262371196928.0,0.5850134466060466,12705627010.0,2026-09-21T08:08:28Z,yahoo_mcap|yahoo_ret|mops_paid_in
3037.TW,1673197387776.0,5.448508903285853,16412915960.0,2026-09-21T08:08:28Z,yahoo_mcap|yahoo_ret|mops_paid_in
3038.TW,2852373504.0,-0.036787478058407874,1574076030.0,2026-09-21T08:08:28Z,yahoo_mcap|yahoo_ret|mops_paid_in
3040.TW,2239162624.0,-0.4487577770361627,662245380.0,2026-09-21T08:08:28Z,yahoo_mcap|yahoo_ret|mops_paid_in
3041.TW,3374795264.0,-0.23014587661834818,1420966470.0,2026-09-21T08:08:28Z,yahoo_mcap|yahoo_ret|mops_paid_in
3042.TW,62388715520.0,0.898478641464874,3429929710.0,2026-09-21T08:08:28Z,yahoo_mcap|yahoo_ret|mops_paid_in
3043.TW,812649600.0,-0.1366459332996619,389756340.0,2026-09-21T08:08:28Z,yahoo_mcap|yahoo_ret|mops_paid_in
3044.TW,275417563136.0,0.7540358153456395,5256058980.0,2026-09-21T08:08:28Z,yahoo_mcap|yahoo_ret|mops_paid_in
3045.TW,377338462208.0,0.22600170649656492,37234310150.0,2026-09-21T08:08:28Z,yahoo_mcap|yahoo_ret|mops_paid_in
3046.TW,4220503296.0,0.28754877031299464,784480130.0,2026-09-21T08:08:28Z,yahoo_mcap|yahoo_ret|mops_paid_in
3047.TW,3395406336.0,-0.22448982074329182,2247616080.0,2026-09-21T08:08:28Z,yahoo_mcap|yahoo_ret|mops_paid_in
3048.TW,13788302336.0,0.34117459773947156,2698297940.0,2026-09-21T08:08:28Z,yahoo_mcap|yahoo_ret|mops_paid_in
3049.TW,10065232896.0,0.9427244762578646,8020105290.0,2026-09-21T08:08:28Z,yahoo_mcap|yahoo_ret|mops_paid_in
3050.TW,1813312768.0,-0.07653671696346442,1549844500.0,2026-09-21T08:08:28Z,yahoo_mcap|yahoo_ret|mops_paid_in
3051.TW,3840999936.0,0.023094714086211,1670000000.0,2026-09-21T08:08:28Z,yahoo_mcap|yahoo_ret|mops_paid_in
3052.TW,2111242368.0,-0.03197996949327642,2332457710.0,2026-09-21T08:08:28Z,yahoo_mcap|yahoo_ret|mops_paid_in
3054.TW,4701955584.0,1.464290113941408,806510410.0,2026-09-21T08:08:28Z,yahoo_mcap|yahoo_ret|mops_paid_in
3055.TW,21193601024.0,2.24049524936713,1149749180.0,2026-09-21T08:08:28Z,yahoo_mcap|yahoo_ret|mops_paid_in
3056.TW,6824215040.0,-0.256999662547881,4805550510.0,2026-09-21T08:08:28Z,yahoo_mcap|yahoo_ret|mops_paid_in
3057.TW,1123159552.0,0.1292040550778366,678646290.0,2026-09-21T08:08:28Z,yahoo_mcap|yahoo_ret|mops_paid_in
3058.TW,1667118080.0,-0.3066666920979818,2017227790.0,2026-09-21T08:08:28Z,yahoo_mcap|yahoo_ret|mops_paid_in
3059.TW,11733721088.0,-0.26655644863145533,3076680250.0,2026-09-21T08:08:28Z,yahoo_mcap|yahoo_ret|mops_paid_in
3060.TW,3727962880.0,0.06662416146631078,1375631900.0,2026-09-21T08:08:28Z,yahoo_mcap|yahoo_ret|mops_paid_in
3062.TW,7594168320.0,-0.039419118170217926,3300818180.0,2026-09-21T08:08:28Z,yahoo_mcap|yahoo_ret|mops_paid_in
3090.TW,47304794112.0,1.2036578235247886,2875671500.0,2026-09-21T08:08:28Z,yahoo_mcap|yahoo_ret|mops_paid_in
3092.TW,2490259968.0,0.3982035517799445,1066492500.0,2026-09-21T08:08:28Z,yahoo_mcap|yahoo_ret|mops_paid_in
3094.TW,4721051648.0,1.1254158111586414,831170890.0,2026-09-21T08:08:28Z,yahoo_mcap|yahoo_ret|mops_paid_in
3130.TW,6936856064.0,-0.0004593048194605487,331907000.0,2026-09-21T08:08:28Z,yahoo_mcap|yahoo_ret|mops_paid_in
3135.TW,16380210176.0,3.5168010197734745,971589560.0,2026-09-21T08:08:28Z,yahoo_mcap|yahoo_ret|mops_paid_in
3138.TW,5568754688.0,0.06864135216831535,563923140.0,2026-09-21T08:08:28Z,yahoo_mcap|yahoo_ret|mops_paid_in
3149.TW,18633807872.0,0.4629213140251931,2262336040.0,2026-09-21T08:08:28Z,yahoo_mcap|yahoo_ret|mops_paid_in
3150.TW,681186944.0,-0.29363211159456526,443770010.0,2026-09-21T08:08:28Z,yahoo_mcap|yahoo_ret|mops_paid_in
3164.TW,1358963840.0,-0.1513549788042371,860103640.0,2026-09-21T08:08:28Z,yahoo_mcap|yahoo_ret|mops_paid_in
3167.TW,72793677824.0,3.069921385403224,895134910.0,2026-09-21T08:08:28Z,yahoo_mcap|yahoo_ret|mops_paid_in
3168.TW,3248059904.0,-0.07259001769466755,750996490.0,2026-09-21T08:08:28Z,yahoo_mcap|yahoo_ret|mops_paid_in
3189.TW,435754860544.0,6.298817176846013,5269103600.0,2026-09-21T08:08:28Z,yahoo_mcap|yahoo_ret|mops_paid_in
3209.TW,11332320256.0,0.5557397153258128,2353911890.0,2026-09-21T08:08:28Z,yahoo_mcap|yahoo_ret|mops_paid_in
3229.TW,3868632576.0,3.1660900731874095,642630000.0,2026-09-21T08:08:28Z,yahoo_mcap|yahoo_ret|mops_paid_in
3231.TW,593079762944.0,0.5912686904643569,31800522500.0,2026-09-21T08:08:28Z,yahoo_mcap|yahoo_ret|mops_paid_in
3257.TW,3910599936.0,-0.2706240510154184,798235900.0,2026-09-21T08:08:28Z,yahoo_mcap|yahoo_ret|mops_paid_in
3266.TW,4932400128.0,0.029818878939005034,3523143090.0,2026-09-21T08:08:28Z,yahoo_mcap|yahoo_ret|mops_paid_in
3296.TW,2756634112.0,0.2610619256169493,967244500.0,2026-09-21T08:08:28Z,yahoo_mcap|yahoo_ret|mops_paid_in
3305.TW,14518885376.0,-0.11443529502882976,1433739740.0,2026-09-21T08:08:28Z,yahoo_mcap|yahoo_ret|mops_paid_in
3308.TW,1317004032.0,0.3425076606002093,600000000.0,2026-09-21T08:08:28Z,yahoo_mcap|yahoo_ret|mops_paid_in
3311.TW,3770000128.0,0.0835645207887803,1000000000.0,2026-09-21T08:08:28Z,yahoo_mcap|yahoo_ret|mops_paid_in
3312.TW,9989612544.0,0.28680300825560745,1826268150.0,2026-09-21T08:08:28Z,yahoo_mcap|yahoo_ret|mops_paid_in
3321.TW,1524213760.0,0.31111116762514457,861137690.0,2026-09-21T08:08:28Z,yahoo_mcap|yahoo_ret|mops_paid_in
3338.TW,5895495168.0,0.16331568254035478,879081410.0,2026-09-21T08:08:28Z,yahoo_mcap|yahoo_ret|mops_paid_in
3346.TW,2951719680.0,0.057436802476523496,1212283520.0,2026-09-21T08:08:28Z,yahoo_mcap|yahoo_ret|mops_paid_in
3356.TW,4002429952.0,0.2767034542335425,685504220.0,2026-09-21T08:08:28Z,yahoo_mcap|yahoo_ret|mops_paid_in
3376.TW,34653097984.0,-0.241462186701626,1957802150.0,2026-09-21T08:08:28Z,yahoo_mcap|yahoo_ret|mops_paid_in
3380.TW,17957969920.0,0.148859300835831,5417184600.0,2026-09-21T08:08:28Z,yahoo_mcap|yahoo_ret|mops_paid_in
3406.TW,107331395584.0,1.2064109485601877,1127430630.0,2026-09-21T08:08:28Z,yahoo_mcap|yahoo_ret|mops_paid_in
3413.TW,31401310208.0,-0.03048084235626558,1109244100.0,2026-09-21T08:08:28Z,yahoo_mcap|yahoo_ret|mops_paid_in
3416.TW,13818301440.0,-0.04035207839726951,804961290.0,2026-09-21T08:08:28Z,yahoo_mcap|yahoo_ret|mops_paid_in
3419.TW,1331315072.0,-0.1532567027408892,1204804170.0,2026-09-21T08:08:28Z,yahoo_mcap|yahoo_ret|mops_paid_in
3432.TW,637673024.0,-0.03514372207455674,422300000.0,2026-09-21T08:08:28Z,yahoo_mcap|yahoo_ret|mops_paid_in
3437.TW,3223420416.0,0.42492011377791905,1445480000.0,2026-09-21T08:08:28Z,yahoo_mcap|yahoo_ret|mops_paid_in
3443.TW,1020493758464.0,4.8843785523345575,1340119110.0,2026-09-21T08:08:28Z,yahoo_mcap|yahoo_ret|mops_paid_in
3447.TW,2246021120.0,-0.5678861219285498,774491200.0,2026-09-21T08:08:28Z,yahoo_mcap|yahoo_ret|mops_paid_in
3450.TW,79396143104.0,1.1125465335946827,1456813820.0,2026-09-21T08:08:28Z,yahoo_mcap|yahoo_ret|mops_paid_in
3481.TW,402245091328.0,2.670033696689241,79891973370.0,2026-09-21T08:08:28Z,yahoo_mcap|yahoo_ret|mops_paid_in
3494.TW,690144000.0,-0.2932038762138167,948000000.0,2026-09-21T08:08:28Z,yahoo_mcap|yahoo_ret|mops_paid_in
3501.TW,4523364864.0,-0.2271437206305984,1182579270.0,2026-09-21T08:08:28Z,yahoo_mcap|yahoo_ret|mops_paid_in
3504.TW,8942286848.0,0.24642288750379193,1140597850.0,2026-09-21T08:08:28Z,yahoo_mcap|yahoo_ret|mops_paid_in
3515.TW,26309949440.0,-0.19601253742277858,1235208890.0,2026-09-21T08:08:28Z,yahoo_mcap|yahoo_ret|mops_paid_in
3518.TW,3243080448.0,0.3881579244566107,1024672300.0,2026-09-21T08:08:28Z,yahoo_mcap|yahoo_ret|mops_paid_in
3528.TW,5583259136.0,0.1984522449278867,666392160.0,2026-09-21T08:08:28Z,yahoo_mcap|yahoo_ret|mops_paid_in
3530.TW,4586573824.0,-0.11854860109880072,774759000.0,2026-09-21T08:08:28Z,yahoo_mcap|yahoo_ret|mops_paid_in
3532.TW,170653253632.0,2.5995692875993925,3878483000.0,2026-09-21T08:08:28Z,yahoo_mcap|yahoo_ret|mops_paid_in
3533.TW,180836564992.0,-0.004187825786997723,1125346910.0,2026-09-21T08:08:28Z,yahoo_mcap|yahoo_ret|mops_paid_in
3535.TW,7059343872.0,0.07460896138966255,790523560.0,2026-09-21T08:08:28Z,yahoo_mcap|yahoo_ret|mops_paid_in
3543.TW,6544098304.0,0.26506706321817974,1462631500.0,2026-09-21T08:08:28Z,yahoo_mcap|yahoo_ret|mops_paid_in
3545.TW,11229723648.0,-0.23833514895599073,2224113500.0,2026-09-21T08:08:28Z,yahoo_mcap|yahoo_ret|mops_paid_in
3550.TW,2634974976.0,0.6498316074504504,1075500000.0,2026-09-21T08:08:28Z,yahoo_mcap|yahoo_ret|mops_paid_in
3557.TW,1939254912.0,-0.39651443816289644,843154350.0,2026-09-21T08:08:28Z,yahoo_mcap|yahoo_ret|mops_paid_in
3563.TW,42214166528.0,0.22866735977366082,639608580.0,2026-09-21T08:08:28Z,yahoo_mcap|yahoo_ret|mops_paid_in
3576.TW,28793104384.0,1.5991190766023848,16277953750.0,2026-09-21T08:08:28Z,yahoo_mcap|yahoo_ret|mops_paid_in
3583.TW,58493423616.0,0.8919257285162259,838586440.0,2026-09-21T08:08:28Z,yahoo_mcap|yahoo_ret|mops_paid_in
3588.TW,3291731712.0,0.03266798214592259,619911820.0,2026-09-21T08:08:28Z,yahoo_mcap|yahoo_ret|mops_paid_in
3591.TW,2939053568.0,0.29366861621215445,1303868350.0,2026-09-21T08:08:28Z,yahoo_mcap|yahoo_ret|mops_paid_in
3592.TW,17105352704.0,-0.19920765906451277,758552260.0,2026-09-21T08:08:28Z,yahoo_mcap|yahoo_ret|mops_paid_in
3593.TW,551686784.0,-0.24937931585323247,608254490.0,2026-09-21T08:08:28Z,yahoo_mcap|yahoo_ret|mops_paid_in
3596.TW,34154870784.0,-0.26780744510995735,2203543210.0,2026-09-21T08:08:28Z,yahoo_mcap|yahoo_ret|mops_paid_in
3605.TW,30199867392.0,1.285704615651948,1752703390.0,2026-09-21T08:08:28Z,yahoo_mcap|yahoo_ret|mops_paid_in
3607.TW,1678935680.0,0.046209382731830395,1216622390.0,2026-09-21T08:08:28Z,yahoo_mcap|yahoo_ret|mops_paid_in
3617.TW,23595749376.0,0.1985127348455944,947620490.0,2026-09-21T08:08:28Z,yahoo_mcap|yahoo_ret|mops_paid_in
3622.TW,6938393088.0,-0.07463195621538521,1513276000.0,2026-09-21T08:08:28Z,yahoo_mcap|yahoo_ret|mops_paid_in
3645.TW,9641151488.0,-0.014043246233111706,1367542070.0,2026-09-21T08:08:28Z,yahoo_mcap|yahoo_ret|mops_paid_in
3652.TW,2620920320.0,0.16192801675219903,750975000.0,2026-09-21T08:08:28Z,yahoo_mcap|yahoo_ret|mops_paid_in
3653.TW,852310425600.0,1.5385402374615111,1472038780.0,2026-09-21T08:08:28Z,yahoo_mcap|yahoo_ret|mops_paid_in
3661.TW,316308226048.0,-0.017647330585875087,863051140.0,2026-09-21T08:08:28Z,yahoo_mcap|yahoo_ret|mops_paid_in
3665.TW,448681705472.0,1.071566318576326,1995784050.0,2026-09-21T08:08:28Z,yahoo_mcap|yahoo_ret|mops_paid_in
3669.TW,3033838080.0,0.04507401079567663,929199500.0,2026-09-21T08:08:28Z,yahoo_mcap|yahoo_ret|mops_paid_in
3673.TW,26717822976.0,0.713318661457796,4066637590.0,2026-09-21T08:08:28Z,yahoo_mcap|yahoo_ret|mops_paid_in
3679.TW,6837911552.0,0.017638149523478752,630222290.0,2026-09-21T08:08:28Z,yahoo_mcap|yahoo_ret|mops_paid_in
3686.TW,1200971520.0,-0.13019387961913886,764951180.0,2026-09-21T08:08:28Z,yahoo_mcap|yahoo_ret|mops_paid_in
3694.TW,7914914816.0,-0.3652423161743452,1548907080.0,2026-09-21T08:08:28Z,yahoo_mcap|yahoo_ret|mops_paid_in
3701.TW,13583681536.0,-0.0019360225378595164,2366688830.0,2026-09-21T08:08:28Z,yahoo_mcap|yahoo_ret|mops_paid_in
3702.TW,197044436992.0,0.795736656998282,17513743070.0,2026-09-21T08:08:28Z,yahoo_mcap|yahoo_ret|mops_paid_in
3703.TW,16299676672.0,-0.10068607878189073,8232159800.0,2026-09-21T08:08:28Z,yahoo_mcap|yahoo_ret|mops_paid_in
3704.TW,17051231232.0,0.18253658821631946,4154449700.0,2026-09-21T08:08:28Z,yahoo_mcap|yahoo_ret|mops_paid_in
3705.TW,15076257792.0,0.06686505464094039,2664229830.0,2026-09-21T08:08:28Z,yahoo_mcap|yahoo_ret|mops_paid_in
3706.TW,116502675456.0,0.03726367881431858,13272124680.0,2026-09-21T08:08:28Z,yahoo_mcap|yahoo_ret|mops_paid_in
3708.TW,8765012992.0,-0.10450223448239948,898428720.0,2026-09-21T08:08:28Z,yahoo_mcap|yahoo_ret|mops_paid_in
3711.TW,3452460335104.0,2.8786088721645444,44705722820.0,2026-09-21T08:08:28Z,yahoo_mcap|yahoo_ret|mops_paid_in
3712.TW,5183393792.0,-0.390738069409826,2462421460.0,2026-09-21T08:08:28Z,yahoo_mcap|yahoo_ret|mops_paid_in
3714.TW,27472177152.0,0.762798942878224,4000000000.0,2026-09-21T08:08:28Z,yahoo_mcap|yahoo_ret|mops_paid_in
3715.TW,33603590144.0,0.29477492870082966,2835745840.0,2026-09-21T08:08:28Z,yahoo_mcap|yahoo_ret|mops_paid_in
3716.TW,5014114304.0,0.056118869465966226,1505792110.0,2026-09-21T08:08:28Z,yahoo_mcap|yahoo_ret|mops_paid_in
3717.TW,5175351296.0,0.251605496231216,2078454450.0,2026-09-21T08:08:28Z,yahoo_mcap|yahoo_ret|mops_paid_in
4104.TW,13600130048.0,-0.1003714341014379,1883674560.0,2026-09-21T08:08:28Z,yahoo_mcap|yahoo_ret|mops_paid_in
4106.TW,2477379584.0,0.158130280130101,1009115570.0,2026-09-21T08:08:28Z,yahoo_mcap|yahoo_ret|mops_paid_in
4108.TW,2244394752.0,-0.2709677296300088,1986188790.0,2026-09-21T08:08:28Z,yahoo_mcap|yahoo_ret|mops_paid_in
4119.TW,6847844352.0,0.009975667823702405,1195086340.0,2026-09-21T08:08:28Z,yahoo_mcap|yahoo_ret|mops_paid_in
4133.TW,1244384640.0,-0.19917623236984305,605535940.0,2026-09-21T08:08:28Z,yahoo_mcap|yahoo_ret|mops_paid_in
4137.TW,6409655296.0,-0.18636822645537143,824923500.0,2026-09-21T08:08:28Z,yahoo_mcap|yahoo_ret|mops_paid_in
4142.TW,7460691968.0,-0.03013694449646831,4295077500.0,2026-09-21T08:08:28Z,yahoo_mcap|yahoo_ret|mops_paid_in
4148.TW,2201969408.0,-0.14489761240702925,672357010.0,2026-09-21T08:08:28Z,yahoo_mcap|yahoo_ret|mops_paid_in
4155.TW,1731886592.0,-0.003344494406205656,1251869980.0,2026-09-21T08:08:28Z,yahoo_mcap|yahoo_ret|mops_paid_in
4164.TW,5087539200.0,-0.4264866380824547,1953109890.0,2026-09-21T08:08:28Z,yahoo_mcap|yahoo_ret|mops_paid_in
4169.TW,10097604608.0,0.3063798965778035,664316120.0,2026-09-21T08:08:28Z,yahoo_mcap|yahoo_ret|mops_paid_in
4178.TW,3626565632.0,-0.3587786737462787,2158669810.0,2026-09-21T08:08:28Z,yahoo_mcap|yahoo_ret|mops_paid_in
4190.TW,1493519616.0,-0.23952804438116027,612629570.0,2026-09-21T08:08:28Z,yahoo_mcap|yahoo_ret|mops_paid_in
4195.TW,1040000704.0,-0.511278202497465,800000570.0,2026-09-21T08:08:28Z,yahoo_mcap|yahoo_ret|mops_paid_in
4306.TW,9363912704.0,0.09202174085817227,6767572160.0,2026-09-21T08:08:28Z,yahoo_mcap|yahoo_ret|mops_paid_in
4414.TW,2378441984.0,-0.2794759705302138,2637957730.0,2026-09-21T08:08:28Z,yahoo_mcap|yahoo_ret|mops_paid_in
4426.TW,1310620672.0,-0.26666667895232565,1726771980.0,2026-09-21T08:08:28Z,yahoo_mcap|yahoo_ret|mops_paid_in
4438.TW,6343403008.0,-0.17933378084690832,1134254550.0,2026-09-21T08:08:28Z,yahoo_mcap|yahoo_ret|mops_paid_in
4439.TW,3584709632.0,0.023075034876733458,382148430.0,2026-09-21T08:08:28Z,yahoo_mcap|yahoo_ret|mops_paid_in
4440.TW,1186344832.0,0.07603048914474142,675980000.0,2026-09-21T08:08:28Z,yahoo_mcap|yahoo_ret|mops_paid_in
4441.TW,11692183552.0,-0.24468409107587497,681755780.0,2026-09-21T08:08:28Z,yahoo_mcap|yahoo_ret|mops_paid_in
4526.TW,8209560064.0,-0.08325560504539631,2548264610.0,2026-09-21T08:08:28Z,yahoo_mcap|yahoo_ret|mops_paid_in
4532.TW,12222273536.0,0.09621946930906433,4948951050.0,2026-09-21T08:08:28Z,yahoo_mcap|yahoo_ret|mops_paid_in
4536.TW,15076119552.0,-0.092983147407947,908200000.0,2026-09-21T08:08:28Z,yahoo_mcap|yahoo_ret|mops_paid_in
4540.TW,6957278208.0,0.3933103495248391,1151867240.0,2026-09-21T08:08:28Z,yahoo_mcap|yahoo_ret|mops_paid_in
4545.TW,2617999872.0,0.0310756142508275,770000000.0,2026-09-21T08:08:28Z,yahoo_mcap|yahoo_ret|mops_paid_in
4551.TW,18205075456.0,0.11127175818684787,1152224980.0,2026-09-21T08:08:28Z,yahoo_mcap|yahoo_ret|mops_paid_in
4552.TW,1850199936.0,-0.2721192397459553,1160000000.0,2026-09-21T08:08:28Z,yahoo_mcap|yahoo_ret|mops_paid_in
4555.TW,3008786944.0,0.010000224230249488,699876530.0,2026-09-21T08:08:28Z,yahoo_mcap|yahoo_ret|mops_paid_in
4557.TW,2381801984.0,-0.37134472418274744,479718400.0,2026-09-21T08:08:28Z,yahoo_mcap|yahoo_ret|mops_paid_in
4560.TW,1974819968.0,-0.07574508272996361,680972400.0,2026-09-21T08:08:28Z,yahoo_mcap|yahoo_ret|mops_paid_in
4562.TW,,-0.3294117565461021,875460000.0,2026-09-21T08:08:28Z,yahoo_ret|mops_paid_in
4564.TW,3724612864.0,-0.19999999999999996,2327883030.0,2026-09-21T08:08:28Z,yahoo_mcap|yahoo_ret|mops_paid_in
4566.TW,7267208704.0,0.16579751257066278,1103810020.0,2026-09-21T08:08:28Z,yahoo_mcap|yahoo_ret|mops_paid_in
4569.TW,4696181760.0,-0.030360511865771156,306000000.0,2026-09-21T08:08:28Z,yahoo_mcap|yahoo_ret|mops_paid_in
4571.TW,7908020224.0,-0.13037761515263868,530171150.0,2026-09-21T08:08:28Z,yahoo_mcap|yahoo_ret|mops_paid_in
4572.TW,5622624768.0,-0.11973136333109469,400186790.0,2026-09-21T08:08:28Z,yahoo_mcap|yahoo_ret|mops_paid_in
4576.TW,27973732352.0,0.9447358782669386,1198018480.0,2026-09-21T08:08:28Z,yahoo_mcap|yahoo_ret|mops_paid_in
4581.TW,1642406528.0,-0.05428477331617165,338990000.0,2026-09-21T08:08:28Z,yahoo_mcap|yahoo_ret|mops_paid_in
4582.TW,1690752000.0,0.22367439149449964,754800000.0,2026-09-21T08:08:28Z,yahoo_mcap|yahoo_ret|mops_paid_in
4583.TW,34794364928.0,-0.37163013620670704,801713510.0,2026-09-21T08:08:28Z,yahoo_mcap|yahoo_ret|mops_paid_in
4585.TW,31278090240.0,-0.5132175975218576,1046090000.0,2026-09-21T08:08:28Z,yahoo_mcap|yahoo_ret|mops_paid_in
4588.TW,2450145024.0,-0.04194549424107741,429850000.0,2026-09-21T08:08:28Z,yahoo_mcap|yahoo_ret|mops_paid_in
4590.TW,5028681216.0,0.022439773141295083,548384000.0,2026-09-21T08:08:28Z,yahoo_mcap|yahoo_ret|mops_paid_in
4720.TW,2238787840.0,0.26646337018288024,1145160370.0,2026-09-21T08:08:28Z,yahoo_mcap|yahoo_ret|mops_paid_in
4722.TW,19811123200.0,0.14814811757336632,1037650730.0,2026-09-21T08:08:28Z,yahoo_mcap|yahoo_ret|mops_paid_in
4736.TW,13827651584.0,0.27132751230160257,953744690.0,2026-09-21T08:08:28Z,yahoo_mcap|yahoo_ret|mops_paid_in
4737.TW,4675758080.0,-0.06201550387596899,773280530.0,2026-09-21T08:08:28Z,yahoo_mcap|yahoo_ret|mops_paid_in
4739.TW,10178451456.0,0.2912666735943734,1246513130.0,2026-09-21T08:08:28Z,yahoo_mcap|yahoo_ret|mops_paid_in
4746.TW,5748236800.0,-0.2188690158041705,1202559630.0,2026-09-21T08:08:28Z,yahoo_mcap|yahoo_ret|mops_paid_in
4755.TW,11631543296.0,-0.08380765427822057,1007060000.0,2026-09-21T08:08:28Z,yahoo_mcap|yahoo_ret|mops_paid_in
4763.TW,49111134208.0,-0.19679645489382747,989146670.0,2026-09-21T08:08:28Z,yahoo_mcap|yahoo_ret|mops_paid_in
4764.TW,18354171904.0,3.8824146162906024,855420620.0,2026-09-21T08:08:28Z,yahoo_mcap|yahoo_ret|mops_paid_in
4766.TW,41415794688.0,-0.13437383537226022,1205707800.0,2026-09-21T08:08:28Z,yahoo_mcap|yahoo_ret|mops_paid_in
4770.TW,20593819648.0,-0.13451086831092396,799760000.0,2026-09-21T08:08:28Z,yahoo_mcap|yahoo_ret|mops_paid_in
4771.TW,12862745600.0,0.27608075867159565,587087000.0,2026-09-21T08:08:28Z,yahoo_mcap|yahoo_ret|mops_paid_in
4807.TW,1516426240.0,0.7787357150272001,489960320.0,2026-09-21T08:08:28Z,yahoo_mcap|yahoo_ret|mops_paid_in
4904.TW,382416748544.0,0.28737753767838004,36077053570.0,2026-09-21T08:08:28Z,yahoo_mcap|yahoo_ret|mops_paid_in
4906.TW,17390690304.0,0.532301201201999,4517062320.0,2026-09-21T08:08:28Z,yahoo_mcap|yahoo_ret|mops_paid_in
4912.TW,6545225728.0,0.270265449926933,669930990.0,2026-09-21T08:08:28Z,yahoo_mcap|yahoo_ret|mops_paid_in
4915.TW,30672265216.0,-0.13038037386678536,4718808240.0,2026-09-21T08:08:28Z,yahoo_mcap|yahoo_ret|mops_paid_in
4916.TW,13028714496.0,0.7140183045770783,1240825390.0,2026-09-21T08:08:28Z,yahoo_mcap|yahoo_ret|mops_paid_in
4919.TW,56775950336.0,0.8929109234282699,4197652680.0,2026-09-21T08:08:28Z,yahoo_mcap|yahoo_ret|mops_paid_in
4927.TW,11140641792.0,0.6111110583322013,2649379880.0,2026-09-21T08:08:28Z,yahoo_mcap|yahoo_ret|mops_paid_in
4930.TW,1292000000.0,-0.290000736224016,800000000.0,2026-09-21T08:08:28Z,yahoo_mcap|yahoo_ret|mops_paid_in
4934.TW,3251249920.0,0.0,2250000000.0,2026-09-21T08:08:28Z,yahoo_mcap|yahoo_ret|mops_paid_in
4935.TW,4291171072.0,-0.2625216950233914,1288640910.0,2026-09-21T08:08:28Z,yahoo_mcap|yahoo_ret|mops_paid_in
4938.TW,242954354688.0,0.3420986958635417,26757087030.0,2026-09-21T08:08:28Z,yahoo_mcap|yahoo_ret|mops_paid_in
4942.TW,4470354944.0,-0.07998862856262756,1423676130.0,2026-09-21T08:08:28Z,yahoo_mcap|yahoo_ret|mops_paid_in
4943.TW,899527360.0,-0.24867724360465482,1266943530.0,2026-09-21T08:08:28Z,yahoo_mcap|yahoo_ret|mops_paid_in
4949.TW,5214594048.0,0.867505308743495,677031430.0,2026-09-21T08:08:28Z,yahoo_mcap|yahoo_ret|mops_paid_in
4952.TW,5288457216.0,0.15274189967103036,1088158160.0,2026-09-21T08:08:28Z,yahoo_mcap|yahoo_ret|mops_paid_in
4956.TW,4704114688.0,1.1343962116494768,1004082360.0,2026-09-21T08:08:28Z,yahoo_mcap|yahoo_ret|mops_paid_in
4958.TW,520977612800.0,1.7040725446905727,11175342130.0,2026-09-21T08:08:28Z,yahoo_mcap|yahoo_ret|mops_paid_in
4960.TW,13266190336.0,0.5529801437433473,5717053880.0,2026-09-21T08:08:28Z,yahoo_mcap|yahoo_ret|mops_paid_in
4961.TW,21735170048.0,0.07880351579335354,1212536030.0,2026-09-21T08:08:28Z,yahoo_mcap|yahoo_ret|mops_paid_in
4967.TW,27253606400.0,2.319155545851656,985663940.0,2026-09-21T08:08:28Z,yahoo_mcap|yahoo_ret|mops_paid_in
4968.TW,8529424896.0,-0.4003406993248827,922098980.0,2026-09-21T08:08:28Z,yahoo_mcap|yahoo_ret|mops_paid_in
4976.TW,5155841536.0,-0.14335667382596695,1412180000.0,2026-09-21T08:08:28Z,yahoo_mcap|yahoo_ret|mops_paid_in
4977.TW,16317388800.0,0.38661333219193406,826898410.0,2026-09-21T08:08:28Z,yahoo_mcap|yahoo_ret|mops_paid_in
4989.TW,10522088448.0,1.298113265127506,1727765000.0,2026-09-21T08:08:28Z,yahoo_mcap|yahoo_ret|mops_paid_in
4994.TW,5509821952.0,-0.08947967988515648,663834000.0,2026-09-21T08:08:28Z,yahoo_mcap|yahoo_ret|mops_paid_in
4999.TW,1317747840.0,-0.31340874206759717,744172000.0,2026-09-21T08:08:28Z,yahoo_mcap|yahoo_ret|mops_paid_in
5007.TW,16310181888.0,0.12341875225851018,2949401540.0,2026-09-21T08:08:28Z,yahoo_mcap|yahoo_ret|mops_paid_in
5203.TW,4415041024.0,-0.37097712951289097,773425500.0,2026-09-21T08:08:28Z,yahoo_mcap|yahoo_ret|mops_paid_in
5215.TW,2425542656.0,0.14632726997721224,643375000.0,2026-09-21T08:08:28Z,yahoo_mcap|yahoo_ret|mops_paid_in
5222.TW,10674008064.0,-0.17967860524827783,1001084650.0,2026-09-21T08:08:28Z,yahoo_mcap|yahoo_ret|mops_paid_in
5225.TW,4382699008.0,-0.45202906275090216,791364990.0,2026-09-21T08:08:28Z,yahoo_mcap|yahoo_ret|mops_paid_in
5234.TW,30044430336.0,-0.21418253343785054,1027159110.0,2026-09-21T08:08:28Z,yahoo_mcap|yahoo_ret|mops_paid_in
5236.TW,8070543360.0,0.09719213482831379,600040380.0,2026-09-21T08:08:28Z,yahoo_mcap|yahoo_ret|mops_paid_in
5243.TW,15133903872.0,0.21612175242387122,1685289150.0,2026-09-21T08:08:28Z,yahoo_mcap|yahoo_ret|mops_paid_in
5244.TW,2490829312.0,-0.18727273252356103,682418990.0,2026-09-21T08:08:28Z,yahoo_mcap|yahoo_ret|mops_paid_in
5258.TW,4699378176.0,-0.43968869496878527,1103648940.0,2026-09-21T08:08:28Z,yahoo_mcap|yahoo_ret|mops_paid_in
5269.TW,109380632576.0,-0.005240942495349232,741563590.0,2026-09-21T08:08:28Z,yahoo_mcap|yahoo_ret|mops_paid_in
5283.TW,5548265984.0,0.1302060775338698,876005100.0,2026-09-21T08:08:28Z,yahoo_mcap|yahoo_ret|mops_paid_in
5284.TW,16542600192.0,0.055133471636418685,551426830.0,2026-09-21T08:08:28Z,yahoo_mcap|yahoo_ret|mops_paid_in
5285.TW,9357159424.0,0.874349534091049,1020409260.0,2026-09-21T08:08:28Z,yahoo_mcap|yahoo_ret|mops_paid_in
5288.TW,13242757120.0,0.7560604396046078,698847220.0,2026-09-21T08:08:28Z,yahoo_mcap|yahoo_ret|mops_paid_in
5292.TW,8957838336.0,0.5799477318932769,463188000.0,2026-09-21T08:08:28Z,yahoo_mcap|yahoo_ret|mops_paid_in
5306.TW,11666768896.0,0.05498114593361603,1260007720.0,2026-09-21T08:08:28Z,yahoo_mcap|yahoo_ret|mops_paid_in
5388.TW,21849516032.0,-0.2698636030198368,3043425420.0,2026-09-21T08:08:28Z,yahoo_mcap|yahoo_ret|mops_paid_in
5434.TW,104182292480.0,0.8527947467624504,1940079830.0,2026-09-21T08:08:28Z,yahoo_mcap|yahoo_ret|mops_paid_in
5469.TW,35716517888.0,-0.29169783415431205,4861660000.0,2026-09-21T08:08:28Z,yahoo_mcap|yahoo_ret|mops_paid_in
5471.TW,8763179008.0,0.372739440355494,1678770620.0,2026-09-21T08:08:28Z,yahoo_mcap|yahoo_ret|mops_paid_in
5484.TW,2685400320.0,-0.0405728090938009,668010000.0,2026-09-21T08:08:28Z,yahoo_mcap|yahoo_ret|mops_paid_in
5515.TW,9989279744.0,1.2520877901305068,2016000840.0,2026-09-21T08:08:28Z,yahoo_mcap|yahoo_ret|mops_paid_in
5519.TW,5972575744.0,0.0269336514587184,2301570390.0,2026-09-21T08:08:28Z,yahoo_mcap|yahoo_ret|mops_paid_in
5521.TW,5242781696.0,-0.11062932223252675,4922801550.0,2026-09-21T08:08:28Z,yahoo_mcap|yahoo_ret|mops_paid_in
5522.TW,48068157440.0,0.04427900414975383,7815962410.0,2026-09-21T08:08:28Z,yahoo_mcap|yahoo_ret|mops_paid_in
5525.TW,6913966080.0,-0.17766066247208878,3181053780.0,2026-09-21T08:08:28Z,yahoo_mcap|yahoo_ret|mops_paid_in
5531.TW,6794245120.0,-0.24209381118413487,10775892450.0,2026-09-21T08:08:28Z,yahoo_mcap|yahoo_ret|mops_paid_in
5533.TW,4050478848.0,-0.011259261364511719,2852449440.0,2026-09-21T08:08:28Z,yahoo_mcap|yahoo_ret|mops_paid_in
5534.TW,23617918976.0,0.028932289010981105,3153259600.0,2026-09-21T08:08:28Z,yahoo_mcap|yahoo_ret|mops_paid_in
5538.TW,7102466048.0,0.2627097268071992,2012033330.0,2026-09-21T08:08:28Z,yahoo_mcap|yahoo_ret|mops_paid_in
5546.TW,1181765632.0,-0.39699485386035815,823534020.0,2026-09-21T08:08:28Z,yahoo_mcap|yahoo_ret|mops_paid_in
5607.TW,19491084288.0,0.10306450405202261,3705529130.0,2026-09-21T08:08:28Z,yahoo_mcap|yahoo_ret|mops_paid_in
5608.TW,6676083200.0,-0.005797123563462403,3892761380.0,2026-09-21T08:08:28Z,yahoo_mcap|yahoo_ret|mops_paid_in
5706.TW,3715107072.0,-0.0942930131291485,837679200.0,2026-09-21T08:08:28Z,yahoo_mcap|yahoo_ret|mops_paid_in
5871.TW,192894271488.0,-0.003741543625776833,18956495840.0,2026-09-21T08:08:28Z,yahoo_mcap|yahoo_ret|mops_paid_in
5876.TW,241268326400.0,0.23199995572255872,49102191710.0,2026-09-21T08:08:28Z,yahoo_mcap|yahoo_ret|mops_paid_in
5880.TW,437184495616.0,0.18454055575241646,160729603370.0,2026-09-21T08:08:28Z,yahoo_mcap|yahoo_ret|mops_paid_in
5906.TW,1576222208.0,-0.1018435620614827,375284830.0,2026-09-21T08:08:28Z,yahoo_mcap|yahoo_ret|mops_paid_in
5907.TW,930559808.0,-0.18074326991077028,1955310000.0,2026-09-21T08:08:28Z,yahoo_mcap|yahoo_ret|mops_paid_in
6005.TW,79183331328.0,0.5436148675296448,24552970580.0,2026-09-21T08:08:28Z,yahoo_mcap|yahoo_ret|mops_paid_in
6024.TW,16401029120.0,0.4175460390040546,2666834030.0,2026-09-21T08:08:28Z,yahoo_mcap|yahoo_ret|mops_paid_in
6108.TW,2573875200.0,0.6301368914529228,1081460180.0,2026-09-21T08:08:28Z,yahoo_mcap|yahoo_ret|mops_paid_in
6112.TW,9229492224.0,-0.01878620907546613,1883573360.0,2026-09-21T08:08:28Z,yahoo_mcap|yahoo_ret|mops_paid_in
6115.TW,8350959104.0,-0.014713408187719712,1876621540.0,2026-09-21T08:08:28Z,yahoo_mcap|yahoo_ret|mops_paid_in
6116.TW,42308096000.0,0.90476193398524,28586548510.0,2026-09-21T08:08:28Z,yahoo_mcap|yahoo_ret|mops_paid_in
6117.TW,5675567616.0,-0.2744956300686098,925867490.0,2026-09-21T08:08:28Z,yahoo_mcap|yahoo_ret|mops_paid_in
6120.TW,7577349632.0,0.06213902188939957,5989996020.0,2026-09-21T08:08:28Z,yahoo_mcap|yahoo_ret|mops_paid_in
6128.TW,2475226624.0,-0.29016106368780337,1275887400.0,2026-09-21T08:08:28Z,yahoo_mcap|yahoo_ret|mops_paid_in
6133.TW,3276179200.0,0.6971794226447374,1170062940.0,2026-09-21T08:08:28Z,yahoo_mcap|yahoo_ret|mops_paid_in
6136.TW,2853749248.0,0.10178071066093497,1155364120.0,2026-09-21T08:08:28Z,yahoo_mcap|yahoo_ret|mops_paid_in
6139.TW,169143566336.0,1.0818658391855536,2355757240.0,2026-09-21T08:08:28Z,yahoo_mcap|yahoo_ret|mops_paid_in
6141.TW,5554345984.0,2.951613024791995,1133540050.0,2026-09-21T08:08:28Z,yahoo_mcap|yahoo_ret|mops_paid_in
6142.TW,2756112640.0,-0.0930930303111881,3042066950.0,2026-09-21T08:08:28Z,yahoo_mcap|yahoo_ret|mops_paid_in
6152.TW,2650267648.0,0.6544502487092692,1677384630.0,2026-09-21T08:08:28Z,yahoo_mcap|yahoo_ret|mops_paid_in
6153.TW,11069491200.0,0.10476188054160462,6361776940.0,2026-09-21T08:08:28Z,yahoo_mcap|yahoo_ret|mops_paid_in
6155.TW,5017364480.0,1.2384825630523237,880239880.0,2026-09-21T08:08:28Z,yahoo_mcap|yahoo_ret|mops_paid_in
6164.TW,992000000.0,0.19806755183611324,800000000.0,2026-09-21T08:08:28Z,yahoo_mcap|yahoo_ret|mops_paid_in
6165.TW,3708715520.0,-0.017543815293694087,777526230.0,2026-09-21T08:08:28Z,yahoo_mcap|yahoo_ret|mops_paid_in
6166.TW,27340302336.0,0.9846460075879562,2177792570.0,2026-09-21T08:08:28Z,yahoo_mcap|yahoo_ret|mops_paid_in
6168.TW,8786029568.0,0.9722864441250358,2057618010.0,2026-09-21T08:08:28Z,yahoo_mcap|yahoo_ret|mops_paid_in
6176.TW,24223928320.0,-0.47564977644682627,3487704470.0,2026-09-21T08:08:28Z,yahoo_mcap|yahoo_ret|mops_paid_in
6177.TW,22484987904.0,0.01192584221420212,4718914260.0,2026-09-21T08:08:28Z,yahoo_mcap|yahoo_ret|mops_paid_in
6183.TW,13740000256.0,-0.02687692138231812,1500000000.0,2026-09-21T08:08:28Z,yahoo_mcap|yahoo_ret|mops_paid_in
6184.TW,6164449280.0,-0.14327712458046782,1582306570.0,2026-09-21T08:08:28Z,yahoo_mcap|yahoo_ret|mops_paid_in
6189.TW,12729604096.0,0.019439345950624576,2638260170.0,2026-09-21T08:08:28Z,yahoo_mcap|yahoo_ret|mops_paid_in
6191.TW,41542008832.0,-0.3562096029302254,4993030000.0,2026-09-21T08:08:28Z,yahoo_mcap|yahoo_ret|mops_paid_in
6192.TW,10625238016.0,0.10274247064858133,961557700.0,2026-09-21T08:08:28Z,yahoo_mcap|yahoo_ret|mops_paid_in
6196.TW,117876301824.0,1.1068255980281196,2203295290.0,2026-09-21T08:08:28Z,yahoo_mcap|yahoo_ret|mops_paid_in
6197.TW,39747403776.0,1.0597870031886663,1234391280.0,2026-09-21T08:08:28Z,yahoo_mcap|yahoo_ret|mops_paid_in
6201.TW,4045219840.0,-0.15674434711158602,892000000.0,2026-09-21T08:08:28Z,yahoo_mcap|yahoo_ret|mops_paid_in
6202.TW,13226207232.0,0.3691273290196284,2303882000.0,2026-09-21T08:08:28Z,yahoo_mcap|yahoo_ret|mops_paid_in
6205.TW,5651520000.0,0.6548899439856015,822359070.0,2026-09-21T08:08:28Z,yahoo_mcap|yahoo_ret|mops_paid_in
6206.TW,20314804224.0,0.39710140227899227,1430623240.0,2026-09-21T08:08:28Z,yahoo_mcap|yahoo_ret|mops_paid_in
6209.TW,14274623488.0,0.885579884567784,1804627020.0,2026-09-21T08:08:28Z,yahoo_mcap|yahoo_ret|mops_paid_in
6213.TW,197050597376.0,3.8367520316584827,3635972180.0,2026-09-21T08:08:28Z,yahoo_mcap|yahoo_ret|mops_paid_in
6214.TW,52134547456.0,0.6327438003282624,2722430660.0,2026-09-21T08:08:28Z,yahoo_mcap|yahoo_ret|mops_paid_in
6215.TW,8129947648.0,-0.20366081896671728,827896930.0,2026-09-21T08:08:28Z,yahoo_mcap|yahoo_ret|mops_paid_in
6216.TW,1911866368.0,-0.2637434495575104,972961370.0,2026-09-21T08:08:28Z,yahoo_mcap|yahoo_ret|mops_paid_in
6224.TW,7550333952.0,1.0442870322845006,856453610.0,2026-09-21T08:08:28Z,yahoo_mcap|yahoo_ret|mops_paid_in
6225.TW,3414000128.0,2.417417587358574,278000000.0,2026-09-21T08:08:28Z,yahoo_mcap|yahoo_ret|mops_paid_in
6226.TW,5141298176.0,5.223776140762861,1155347890.0,2026-09-21T08:08:28Z,yahoo_mcap|yahoo_ret|mops_paid_in
6230.TW,9670416384.0,-0.3065015479876161,863433960.0,2026-09-21T08:08:28Z,yahoo_mcap|yahoo_ret|mops_paid_in
6235.TW,7716371456.0,-0.43313734583168684,1999063060.0,2026-09-21T08:08:28Z,yahoo_mcap|yahoo_ret|mops_paid_in
6239.TW,213772156928.0,0.9752345537450906,7591466340.0,2026-09-21T08:08:28Z,yahoo_mcap|yahoo_ret|mops_paid_in
6243.TW,1738323584.0,0.05349796219818237,452688410.0,2026-09-21T08:08:28Z,yahoo_mcap|yahoo_ret|mops_paid_in
6257.TW,120468537344.0,1.7157002762139624,4839123250.0,2026-09-21T08:08:28Z,yahoo_mcap|yahoo_ret|mops_paid_in
6269.TW,20930676736.0,-0.03402360169052032,3238314810.0,2026-09-21T08:08:28Z,yahoo_mcap|yahoo_ret|mops_paid_in
6271.TW,48083345408.0,0.8935885323504225,2090580240.0,2026-09-21T08:08:28Z,yahoo_mcap|yahoo_ret|mops_paid_in
6272.TW,2116307072.0,-0.5000891508395224,817639480.0,2026-09-21T08:08:28Z,yahoo_mcap|yahoo_ret|mops_paid_in
6277.TW,9474051072.0,0.3515846059420773,1194711660.0,2026-09-21T08:08:28Z,yahoo_mcap|yahoo_ret|mops_paid_in
6278.TW,55543754752.0,0.8524704628250688,2923983530.0,2026-09-21T08:08:28Z,yahoo_mcap|yahoo_ret|mops_paid_in
6281.TW,5057817600.0,-0.2136689279058417,991729450.0,2026-09-21T08:08:28Z,yahoo_mcap|yahoo_ret|mops_paid_in
6282.TW,37114986496.0,0.47945668095140337,8561007050.0,2026-09-21T08:08:28Z,yahoo_mcap|yahoo_ret|mops_paid_in
6283.TW,2761105920.0,-0.298507471184445,1475813430.0,2026-09-21T08:08:28Z,yahoo_mcap|yahoo_ret|mops_paid_in
6285.TW,113125277696.0,0.9664828768765703,4834413590.0,2026-09-21T08:08:28Z,yahoo_mcap|yahoo_ret|mops_paid_in
6405.TW,2737280000.0,0.4596490692674069,658000000.0,2026-09-21T08:08:28Z,yahoo_mcap|yahoo_ret|mops_paid_in
6409.TW,78898184192.0,-0.01569619354891172,882535660.0,2026-09-21T08:08:28Z,yahoo_mcap|yahoo_ret|mops_paid_in
6412.TW,29696991232.0,-0.24003730160537273,4007691260.0,2026-09-21T08:08:28Z,yahoo_mcap|yahoo_ret|mops_paid_in
6414.TW,55563845632.0,0.29685752677618193,1513150370.0,2026-09-21T08:08:28Z,yahoo_mcap|yahoo_ret|mops_paid_in
6415.TW,166236782592.0,0.5681842301228681,973632132.0,2026-09-21T08:08:28Z,yahoo_mcap|yahoo_ret|mops_paid_in
6416.TW,8875108352.0,0.41541888592194876,733484600.0,2026-09-21T08:08:28Z,yahoo_mcap|yahoo_ret|mops_paid_in
6426.TW,14402366464.0,4.161072855344773,385090000.0,2026-09-21T08:08:28Z,yahoo_mcap|yahoo_ret|mops_paid_in
6431.TW,1684999680.0,0.05487802679662068,973988350.0,2026-09-21T08:08:28Z,yahoo_mcap|yahoo_ret|mops_paid_in
6438.TW,12372051968.0,-0.12202809391032754,822063250.0,2026-09-21T08:08:28Z,yahoo_mcap|yahoo_ret|mops_paid_in
6442.TW,122381246464.0,0.8311539936044168,818175520.0,2026-09-21T08:08:28Z,yahoo_mcap|yahoo_ret|mops_paid_in
6443.TW,14383947776.0,0.821428567005221,5386914660.0,2026-09-21T08:08:28Z,yahoo_mcap|yahoo_ret|mops_paid_in
6446.TW,475772157952.0,1.579897459153723,4224346360.0,2026-09-21T08:08:28Z,yahoo_mcap|yahoo_ret|mops_paid_in
6449.TW,19585937408.0,0.04130927516790295,918780140.0,2026-09-21T08:08:28Z,yahoo_mcap|yahoo_ret|mops_paid_in
6451.TW,49026809856.0,1.6236617699854956,1177371930.0,2026-09-21T08:08:28Z,yahoo_mcap|yahoo_ret|mops_paid_in
6456.TW,23742228480.0,0.12872842487798208,3379398000.0,2026-09-21T08:08:28Z,yahoo_mcap|yahoo_ret|mops_paid_in
6464.TW,10393141248.0,0.09059093909401228,1339327930.0,2026-09-21T08:08:28Z,yahoo_mcap|yahoo_ret|mops_paid_in
6472.TW,53641134080.0,-0.3733768625731063,1280191220.0,2026-09-21T08:08:28Z,yahoo_mcap|yahoo_ret|mops_paid_in
6477.TW,4629661184.0,-0.15495200452890245,1237871960.0,2026-09-21T08:08:28Z,yahoo_mcap|yahoo_ret|mops_paid_in
6491.TW,31273879552.0,0.316647696741033,780000000.0,2026-09-21T08:08:28Z,yahoo_mcap|yahoo_ret|mops_paid_in
6504.TW,2729760000.0,-0.1730413160777987,726000000.0,2026-09-21T08:08:28Z,yahoo_mcap|yahoo_ret|mops_paid_in
6505.TW,843047436288.0,1.308963415265283,95259596520.0,2026-09-21T08:08:28Z,yahoo_mcap|yahoo_ret|mops_paid_in
6515.TW,211197526016.0,1.8900256922206746,364447820.0,2026-09-21T08:08:28Z,yahoo_mcap|yahoo_ret|mops_paid_in
6525.TW,17098727424.0,0.6404036137346247,1290473840.0,2026-09-21T08:08:28Z,yahoo_mcap|yahoo_ret|mops_paid_in
6526.TW,121274015744.0,0.37019256481520735,1675055540.0,2026-09-21T08:08:28Z,yahoo_mcap|yahoo_ret|mops_paid_in
6531.TW,154665238528.0,1.766681682813032,815745410.0,2026-09-21T08:08:28Z,yahoo_mcap|yahoo_ret|mops_paid_in
6533.TW,13693650944.0,-0.17007874015748037,506509110.0,2026-09-21T08:08:28Z,yahoo_mcap|yahoo_ret|mops_paid_in
6534.TW,9092159488.0,-0.15397296292948903,1028000000.0,2026-09-21T08:08:28Z,yahoo_mcap|yahoo_ret|mops_paid_in
6541.TW,8307542016.0,-0.3556012456691622,2652163670.0,2026-09-21T08:08:28Z,yahoo_mcap|yahoo_ret|mops_paid_in
6550.TW,4611275776.0,-0.7289617535750675,8947926880.0,2026-09-21T08:08:28Z,yahoo_mcap|yahoo_ret|mops_paid_in
6552.TW,2033500032.0,-0.15224912375808664,830000000.0,2026-09-21T08:08:28Z,yahoo_mcap|yahoo_ret|mops_paid_in
6558.TW,2260314880.0,-0.5030927756397994,937888750.0,2026-09-21T08:08:28Z,yahoo_mcap|yahoo_ret|mops_paid_in
6573.TW,1328238336.0,0.5865385197323476,804993450.0,2026-09-21T08:08:28Z,yahoo_mcap|yahoo_ret|mops_paid_in
6579.TW,19228768256.0,0.2625655836002343,1694512210.0,2026-09-21T08:08:28Z,yahoo_mcap|yahoo_ret|mops_paid_in
6581.TW,12184174592.0,0.03571788873344883,1112708870.0,2026-09-21T08:08:28Z,yahoo_mcap|yahoo_ret|mops_paid_in
6582.TW,3302011392.0,0.061433487756969773,1061741410.0,2026-09-21T08:08:28Z,yahoo_mcap|yahoo_ret|mops_paid_in
6585.TW,7646159872.0,0.0679911111637237,721335870.0,2026-09-21T08:08:28Z,yahoo_mcap|yahoo_ret|mops_paid_in
6589.TW,15410123776.0,-0.14545453284397603,3020681690.0,2026-09-21T08:08:28Z,yahoo_mcap|yahoo_ret|mops_paid_in
6591.TW,1858737024.0,-0.4231001547499832,411224650.0,2026-09-21T08:08:28Z,yahoo_mcap|yahoo_ret|mops_paid_in
6592.TW,37740486656.0,-0.07235503022536305,7418450080.0,2026-09-21T08:08:28Z,yahoo_mcap|yahoo_ret|mops_paid_in
6598.TW,2863509248.0,0.2405344959918494,1028190610.0,2026-09-21T08:08:28Z,yahoo_mcap|yahoo_ret|mops_paid_in
6605.TW,23214295040.0,0.0980392156862746,1658163970.0,2026-09-21T08:08:28Z,yahoo_mcap|yahoo_ret|mops_paid_in
6606.TW,2801716480.0,0.045699487276535056,1103037830.0,2026-09-21T08:08:28Z,yahoo_mcap|yahoo_ret|mops_paid_in
6614.TW,2867498496.0,-0.48198928117098905,806605210.0,2026-09-21T08:08:28Z,yahoo_mcap|yahoo_ret|mops_paid_in
6625.TW,4307356160.0,-0.06552687361686726,579724880.0,2026-09-21T08:08:28Z,yahoo_mcap|yahoo_ret|mops_paid_in
6641.TW,620499968.0,-0.13398319521080215,365000000.0,2026-09-21T08:08:28Z,yahoo_mcap|yahoo_ret|mops_paid_in
6645.TW,751780800.0,-0.481250007947286,608640500.0,2026-09-21T08:08:28Z,yahoo_mcap|yahoo_ret|mops_paid_in
6655.TW,9873781760.0,0.09543271651265162,805718170.0,2026-09-21T08:08:28Z,yahoo_mcap|yahoo_ret|mops_paid_in
6657.TW,2896568576.0,-0.36998085576279327,888080000.0,2026-09-21T08:08:28Z,yahoo_mcap|yahoo_ret|mops_paid_in
6658.TW,6657195008.0,1.8861912371111451,383700000.0,2026-09-21T08:08:28Z,yahoo_mcap|yahoo_ret|mops_paid_in
6666.TW,2130090624.0,-0.09391796983764322,473880000.0,2026-09-21T08:08:28Z,yahoo_mcap|yahoo_ret|mops_paid_in
6668.TW,5387934720.0,0.12026720551600101,1071160870.0,2026-09-21T08:08:28Z,yahoo_mcap|yahoo_ret|mops_paid_in
6669.TW,1194974904320.0,1.1115968783546695,1858407910.0,2026-09-21T08:08:28Z,yahoo_mcap|yahoo_ret|mops_paid_in
6670.TW,37982949376.0,0.07682298340196181,1393869730.0,2026-09-21T08:08:28Z,yahoo_mcap|yahoo_ret|mops_paid_in
6671.TW,1400287488.0,-0.3370721466072669,607500000.0,2026-09-21T08:08:28Z,yahoo_mcap|yahoo_ret|mops_paid_in
6672.TW,25302200320.0,1.9748873224174943,816202120.0,2026-09-21T08:08:28Z,yahoo_mcap|yahoo_ret|mops_paid_in
6674.TW,1183659648.0,-0.16985642592610672,682224590.0,2026-09-21T08:08:28Z,yahoo_mcap|yahoo_ret|mops_paid_in
6689.TW,4434120192.0,-0.117461207446383,680000000.0,2026-09-21T08:08:28Z,yahoo_mcap|yahoo_ret|mops_paid_in
6691.TW,83839033344.0,0.618729870788479,1335469300.0,2026-09-21T08:08:28Z,yahoo_mcap|yahoo_ret|mops_paid_in
6695.TW,5400873984.0,-0.007858575911349086,1069476500.0,2026-09-21T08:08:28Z,yahoo_mcap|yahoo_ret|mops_paid_in
6698.TW,2140209152.0,-0.09179921200666086,663897530.0,2026-09-21T08:08:28Z,yahoo_mcap|yahoo_ret|mops_paid_in
6706.TW,12882106368.0,1.0812181935104839,785494330.0,2026-09-21T08:08:28Z,yahoo_mcap|yahoo_ret|mops_paid_in
6715.TW,30434918400.0,3.7334924681577712,682740260.0,2026-09-21T08:08:28Z,yahoo_mcap|yahoo_ret|mops_paid_in
6719.TW,19309611008.0,-0.1284696634019461,1055169890.0,2026-09-21T08:08:28Z,yahoo_mcap|yahoo_ret|mops_paid_in
6722.TW,2912780032.0,-0.3297006499175478,884000000.0,2026-09-21T08:08:28Z,yahoo_mcap|yahoo_ret|mops_paid_in
6742.TW,3806726912.0,-0.02173914395568488,712679480.0,2026-09-21T08:08:28Z,yahoo_mcap|yahoo_ret|mops_paid_in
6743.TW,4351249920.0,-0.01082297388140907,1500000000.0,2026-09-21T08:08:28Z,yahoo_mcap|yahoo_ret|mops_paid_in
6753.TW,15653542912.0,-0.16086729837637637,1172540810.0,2026-09-21T08:08:28Z,yahoo_mcap|yahoo_ret|mops_paid_in
6754.TW,2788499968.0,-0.07479714065157073,660000000.0,2026-09-21T08:08:28Z,yahoo_mcap|yahoo_ret|mops_paid_in
6756.TW,6789029888.0,0.05916344143745178,699900000.0,2026-09-21T08:08:28Z,yahoo_mcap|yahoo_ret|mops_paid_in
6757.TW,24906524672.0,-0.2687567768202537,4595300000.0,2026-09-21T08:08:28Z,yahoo_mcap|yahoo_ret|mops_paid_in
6768.TW,12485928960.0,-0.3825211254675507,2000950610.0,2026-09-21T08:08:28Z,yahoo_mcap|yahoo_ret|mops_paid_in
6770.TW,346054688768.0,2.4163451683379082,47120808560.0,2026-09-21T08:08:28Z,yahoo_mcap|yahoo_ret|mops_paid_in
6771.TW,1294917248.0,-0.11387217535896454,311795000.0,2026-09-21T08:08:28Z,yahoo_mcap|yahoo_ret|mops_paid_in
6776.TW,4808025088.0,0.03309872492339716,915814300.0,2026-09-21T08:08:28Z,yahoo_mcap|yahoo_ret|mops_paid_in
6781.TW,86273187840.0,-0.1478548888101574,854187800.0,2026-09-21T08:08:28Z,yahoo_mcap|yahoo_ret|mops_paid_in
6782.TW,15623999488.0,0.3641788694614454,630000000.0,2026-09-21T08:08:28Z,yahoo_mcap|yahoo_ret|mops_paid_in
6789.TW,145940135936.0,0.4801791766061172,3182991190.0,2026-09-21T08:08:28Z,yahoo_mcap|yahoo_ret|mops_paid_in
6790.TW,10110832640.0,0.0531344019906721,2671290210.0,2026-09-21T08:08:28Z,yahoo_mcap|yahoo_ret|mops_paid_in
6792.TW,2798456832.0,0.05555982351036359,478753250.0,2026-09-21T08:08:28Z,yahoo_mcap|yahoo_ret|mops_paid_in
6794.TW,4804593664.0,-0.20526315789473681,636370000.0,2026-09-21T08:08:28Z,yahoo_mcap|yahoo_ret|mops_paid_in
6796.TW,2064002560.0,-0.2874877040116791,402339700.0,2026-09-21T08:08:28Z,yahoo_mcap|yahoo_ret|mops_paid_in
6799.TW,3635495424.0,-0.04985022631276459,436521930.0,2026-09-21T08:08:28Z,yahoo_mcap|yahoo_ret|mops_paid_in
6805.TW,165557911552.0,1.4993710096698698,685538960.0,2026-09-21T08:08:28Z,yahoo_mcap|yahoo_ret|mops_paid_in
6807.TW,1755000064.0,-0.307460708502434,540000000.0,2026-09-21T08:08:28Z,yahoo_mcap|yahoo_ret|mops_paid_in
6830.TW,30229192704.0,2.182946812952404,544136150.0,2026-09-21T08:08:28Z,yahoo_mcap|yahoo_ret|mops_paid_in
6831.TW,34735230976.0,1.7935642931290965,675000000.0,2026-09-21T08:08:28Z,yahoo_mcap|yahoo_ret|mops_paid_in
6834.TW,10174164992.0,2.855363998761539,884710820.0,2026-09-21T08:08:28Z,yahoo_mcap|yahoo_ret|mops_paid_in
6835.TW,2044150016.0,-0.18944246196502879,661722970.0,2026-09-21T08:08:28Z,yahoo_mcap|yahoo_ret|mops_paid_in
6838.TW,3608349952.0,-0.20465889433186746,1509771000.0,2026-09-21T08:08:28Z,yahoo_mcap|yahoo_ret|mops_paid_in
6854.TW,10875860992.0,-0.40638976660780246,1176786220.0,2026-09-21T08:08:28Z,yahoo_mcap|yahoo_ret|mops_paid_in
6861.TW,10233414656.0,3.0134379926755717,415992500.0,2026-09-21T08:08:28Z,yahoo_mcap|yahoo_ret|mops_paid_in
6862.TW,7200000000.0,-0.09884469692810105,500000000.0,2026-09-21T08:08:28Z,yahoo_mcap|yahoo_ret|mops_paid_in
6863.TW,7361490432.0,-0.3030399742774986,748880000.0,2026-09-21T08:08:28Z,yahoo_mcap|yahoo_ret|mops_paid_in
6869.TW,9243375616.0,-0.4049999371152897,1378300410.0,2026-09-21T08:08:28Z,yahoo_mcap|yahoo_ret|mops_paid_in
6873.TW,9699553280.0,-0.43255160164615236,1426490990.0,2026-09-21T08:08:28Z,yahoo_mcap|yahoo_ret|mops_paid_in
6885.TW,4191421440.0,0.0031847255632038163,1330610000.0,2026-09-21T08:08:28Z,yahoo_mcap|yahoo_ret|mops_paid_in
6887.TW,2885427456.0,-0.421183606468048,742055120.0,2026-09-21T08:08:28Z,yahoo_mcap|yahoo_ret|mops_paid_in
6890.TW,36543217664.0,-0.3154928412682674,2502966500.0,2026-09-21T08:08:28Z,yahoo_mcap|yahoo_ret|mops_paid_in
6901.TW,13227079680.0,-0.19896642406046816,8533600000.0,2026-09-21T08:08:28Z,yahoo_mcap|yahoo_ret|mops_paid_in
6902.TW,5510326784.0,1.015604641410031,355299480.0,2026-09-21T08:08:28Z,yahoo_mcap|yahoo_ret|mops_paid_in
6906.TW,2578992128.0,-0.3123160160583066,335374000.0,2026-09-21T08:08:28Z,yahoo_mcap|yahoo_ret|mops_paid_in
6908.TW,1107964032.0,-0.5188791748453319,371800000.0,2026-09-21T08:08:28Z,yahoo_mcap|yahoo_ret|mops_paid_in
6909.TW,2891856640.0,-0.04866435011115422,674879000.0,2026-09-21T08:08:28Z,yahoo_mcap|yahoo_ret|mops_paid_in
6914.TW,9616015360.0,0.06340574681337907,662260000.0,2026-09-21T08:08:28Z,yahoo_mcap|yahoo_ret|mops_paid_in
6916.TW,1221750016.0,-0.032085580587720375,675000000.0,2026-09-21T08:08:28Z,yahoo_mcap|yahoo_ret|mops_paid_in
6918.TW,2555324928.0,-0.11654650061052874,345710000.0,2026-09-21T08:08:28Z,yahoo_mcap|yahoo_ret|mops_paid_in
6919.TW,129328521216.0,-0.5738461616711739,778600430.0,2026-09-21T08:08:28Z,yahoo_mcap|yahoo_ret|mops_paid_in
6921.TW,2251883520.0,-0.2413043146548064,318369410.0,2026-09-21T08:08:28Z,yahoo_mcap|yahoo_ret|mops_paid_in
6923.TW,6945686528.0,-0.26084919372716064,904390000.0,2026-09-21T08:08:28Z,yahoo_mcap|yahoo_ret|mops_paid_in
6924.TW,2753304064.0,1.3892172141329389,206240000.0,2026-09-21T08:08:28Z,yahoo_mcap|yahoo_ret|mops_paid_in
6928.TW,4059200000.0,-0.3218390546303027,860000000.0,2026-09-21T08:08:28Z,yahoo_mcap|yahoo_ret|mops_paid_in
6931.TW,2586543104.0,-0.23337556693752015,661521600.0,2026-09-21T08:08:28Z,yahoo_mcap|yahoo_ret|mops_paid_in
6933.TW,13467756544.0,0.7429271860197131,424863500.0,2026-09-21T08:08:28Z,yahoo_mcap|yahoo_ret|mops_paid_in
6934.TW,2641102848.0,0.05483398636397174,361303040.0,2026-09-21T08:08:28Z,yahoo_mcap|yahoo_ret|mops_paid_in
6936.TW,2329728000.0,-0.0570811244875189,728040000.0,2026-09-21T08:08:28Z,yahoo_mcap|yahoo_ret|mops_paid_in
6937.TW,20276316160.0,0.20840823667256436,676552630.0,2026-09-21T08:08:28Z,yahoo_mcap|yahoo_ret|mops_paid_in
6944.TW,70982336512.0,0.8017054982529936,996942860.0,2026-09-21T08:08:28Z,yahoo_mcap|yahoo_ret|mops_paid_in
6947.TW,7205978624.0,-0.098484861530576,1061263340.0,2026-09-21T08:08:28Z,yahoo_mcap|yahoo_ret|mops_paid_in
6949.TW,70521094144.0,-0.871445641010608,655800500.0,2026-09-21T08:08:28Z,yahoo_mcap|yahoo_ret|mops_paid_in
6951.TW,3187800064.0,0.09303680888206345,520000000.0,2026-09-21T08:08:28Z,yahoo_mcap|yahoo_ret|mops_paid_in
6952.TW,2609618688.0,-0.18248947779371438,683450000.0,2026-09-21T08:08:28Z,yahoo_mcap|yahoo_ret|mops_paid_in
6955.TW,2897392384.0,-0.30667281648719114,303809600.0,2026-09-21T08:08:28Z,yahoo_mcap|yahoo_ret|mops_paid_in
6957.TW,15900409856.0,0.6467196250296974,555603140.0,2026-09-21T08:08:28Z,yahoo_mcap|yahoo_ret|mops_paid_in
6958.TW,7480806400.0,0.035662484930157,4614538280.0,2026-09-21T08:08:28Z,yahoo_mcap|yahoo_ret|mops_paid_in
6962.TW,15362774016.0,-0.2748241432190959,4923965650.0,2026-09-21T08:08:28Z,yahoo_mcap|yahoo_ret|mops_paid_in
6965.TW,10960835584.0,-0.25348050614316886,1563360000.0,2026-09-21T08:08:28Z,yahoo_mcap|yahoo_ret|mops_paid_in
6969.TW,1440711808.0,-0.1683544690095926,709197208.0,2026-09-21T08:08:28Z,yahoo_mcap|yahoo_ret|mops_paid_in
6988.TW,547070016.0,-0.30945560665379357,476000000.0,2026-09-21T08:08:28Z,yahoo_mcap|yahoo_ret|mops_paid_in
6994.TW,2044156032.0,-0.7029442644240685,741620710.0,2026-09-21T08:08:28Z,yahoo_mcap|yahoo_ret|mops_paid_in
7610.TW,129097310208.0,20.502760604770696,583054560.0,2026-09-21T08:08:28Z,yahoo_mcap|yahoo_ret|mops_paid_in
7631.TW,2850093056.0,-0.01150304271591751,201420000.0,2026-09-21T08:08:28Z,yahoo_mcap|yahoo_ret|mops_paid_in
7689.TW,9419666432.0,-0.025182314710843645,585072500.0,2026-09-21T08:08:28Z,yahoo_mcap|yahoo_ret|mops_paid_in
7705.TW,1978715776.0,-0.2771299550840204,660673040.0,2026-09-21T08:08:28Z,yahoo_mcap|yahoo_ret|mops_paid_in
7711.TW,38978932736.0,1.0570584782182477,717004450.0,2026-09-21T08:08:28Z,yahoo_mcap|yahoo_ret|mops_paid_in
7721.TW,3477235968.0,0.023070831433509076,553700000.0,2026-09-21T08:08:28Z,yahoo_mcap|yahoo_ret|mops_paid_in
7722.TW,18706800640.0,-0.5447397902048285,714000000.0,2026-09-21T08:08:28Z,yahoo_mcap|yahoo_ret|mops_paid_in
7730.TW,6587534848.0,0.5066684636122232,367967310.0,2026-09-21T08:08:28Z,yahoo_mcap|yahoo_ret|mops_paid_in
7732.TW,2159325952.0,-0.02529059598714889,646800000.0,2026-09-21T08:08:28Z,yahoo_mcap|yahoo_ret|mops_paid_in
7736.TW,5169330176.0,-0.23330512956288774,760000000.0,2026-09-21T08:08:28Z,yahoo_mcap|yahoo_ret|mops_paid_in
7740.TW,7230000128.0,-0.35545093323902577,600000000.0,2026-09-21T08:08:28Z,yahoo_mcap|yahoo_ret|mops_paid_in
7749.TW,17548361728.0,-0.27548389144862806,464857280.0,2026-09-21T08:08:28Z,yahoo_mcap|yahoo_ret|mops_paid_in
7750.TW,140553551872.0,1.0339222228999296,718430000.0,2026-09-21T08:08:28Z,yahoo_mcap|yahoo_ret|mops_paid_in
7760.TW,2130083968.0,-0.06499998216629,660480000.0,2026-09-21T08:08:28Z,yahoo_mcap|yahoo_ret|mops_paid_in
7765.TW,9763439616.0,-0.19336717142075865,406810000.0,2026-09-21T08:08:28Z,yahoo_mcap|yahoo_ret|mops_paid_in
7768.TW,20984467456.0,0.5951803331847438,700650000.0,2026-09-21T08:08:28Z,yahoo_mcap|yahoo_ret|mops_paid_in
7769.TW,1079579967488.0,2.293392550789886,1799300000.0,2026-09-21T08:08:28Z,yahoo_mcap|yahoo_ret|mops_paid_in
7780.TW,13090417664.0,-0.19245229223254,810024170.0,2026-09-21T08:08:28Z,yahoo_mcap|yahoo_ret|mops_paid_in
7786.TW,21114480640.0,-0.5182718177877264,1759539440.0,2026-09-21T08:08:28Z,yahoo_mcap|yahoo_ret|mops_paid_in
7788.TW,23206084608.0,0.9186445786677964,797459930.0,2026-09-21T08:08:28Z,yahoo_mcap|yahoo_ret|mops_paid_in
7791.TW,4488000000.0,-0.28019417259037493,800000000.0,2026-09-21T08:08:28Z,yahoo_mcap|yahoo_ret|mops_paid_in
7795.TW,38152990720.0,1.0789932141792535,788285000.0,2026-09-21T08:08:28Z,yahoo_mcap|yahoo_ret|mops_paid_in
7799.TW,82603884544.0,-0.22666666666666668,1582450000.0,2026-09-21T08:08:28Z,yahoo_mcap|yahoo_ret|mops_paid_in
7803.TW,,-0.17647063223410775,944128880.0,2026-09-21T08:08:28Z,yahoo_ret|mops_paid_in
7818.TW,9929749504.0,-0.4590359219693324,1679460000.0,2026-09-21T08:08:28Z,yahoo_mcap|yahoo_ret|mops_paid_in
7821.TW,4742427648.0,-0.331019075537217,1219133000.0,2026-09-21T08:08:28Z,yahoo_mcap|yahoo_ret|mops_paid_in
7822.TW,38726647808.0,0.5787999311179604,455607630.0,2026-09-21T08:08:28Z,yahoo_mcap|yahoo_ret|mops_paid_in
7823.TW,2662165504.0,-0.44527028058026286,334908900.0,2026-09-21T08:08:28Z,yahoo_mcap|yahoo_ret|mops_paid_in
7827.TW,26212876288.0,1.0822621291187695,1408164080.0,2026-09-21T08:08:28Z,yahoo_mcap|yahoo_ret|mops_paid_in
7835.TW,,-0.49436795050881566,465443670.0,2026-09-21T08:08:28Z,yahoo_ret|mops_paid_in
7855.TW,8115052544.0,-0.03436425996710879,1925279280.0,2026-09-21T08:08:28Z,yahoo_mcap|yahoo_ret|mops_paid_in
8011.TW,2737711104.0,-0.23935503969650007,1659218910.0,2026-09-21T08:08:28Z,yahoo_mcap|yahoo_ret|mops_paid_in
8016.TW,33107214336.0,0.2745424630808009,1201368760.0,2026-09-21T08:08:28Z,yahoo_mcap|yahoo_ret|mops_paid_in
8021.TW,68655587328.0,4.009559240851008,1450424670.0,2026-09-21T08:08:28Z,yahoo_mcap|yahoo_ret|mops_paid_in
8028.TW,47006691328.0,0.4275232207518176,1835502600.0,2026-09-21T08:08:28Z,yahoo_mcap|yahoo_ret|mops_paid_in
8033.TW,28151691264.0,0.1140065146579805,1646297750.0,2026-09-21T08:08:28Z,yahoo_mcap|yahoo_ret|mops_paid_in
8039.TW,69908135936.0,3.2147061039807125,2638039940.0,2026-09-21T08:08:28Z,yahoo_mcap|yahoo_ret|mops_paid_in
8045.TW,5113249792.0,-0.44716539590615334,950418150.0,2026-09-21T08:08:28Z,yahoo_mcap|yahoo_ret|mops_paid_in
8046.TW,684935413760.0,3.5105076770263706,6461654870.0,2026-09-21T08:08:28Z,yahoo_mcap|yahoo_ret|mops_paid_in
8070.TW,35146170368.0,0.28587394057331306,725648455.0,2026-09-21T08:08:28Z,yahoo_mcap|yahoo_ret|mops_paid_in
8072.TW,2200000000.0,-0.18275368304202777,800000000.0,2026-09-21T08:08:28Z,yahoo_mcap|yahoo_ret|mops_paid_in
8081.TW,21464594432.0,0.13625453457928804,861720720.0,2026-09-21T08:08:28Z,yahoo_mcap|yahoo_ret|mops_paid_in
8101.TW,586867520.0,-0.3679775010002865,521662160.0,2026-09-21T08:08:28Z,yahoo_mcap|yahoo_ret|mops_paid_in
8103.TW,10079112192.0,1.165017984773438,784366710.0,2026-09-21T08:08:28Z,yahoo_mcap|yahoo_ret|mops_paid_in
8104.TW,3246609664.0,-0.18961036979378043,1040581920.0,2026-09-21T08:08:28Z,yahoo_mcap|yahoo_ret|mops_paid_in
8105.TW,6667328000.0,0.13962267029960196,4415448510.0,2026-09-21T08:08:28Z,yahoo_mcap|yahoo_ret|mops_paid_in
8110.TW,26817945600.0,2.110898266988226,5177398760.0,2026-09-21T08:08:28Z,yahoo_mcap|yahoo_ret|mops_paid_in
8112.TW,46726463488.0,0.8553456355506861,5952930580.0,2026-09-21T08:08:28Z,yahoo_mcap|yahoo_ret|mops_paid_in
8114.TW,13542327296.0,-0.17978073315614596,1076409190.0,2026-09-21T08:08:28Z,yahoo_mcap|yahoo_ret|mops_paid_in
8131.TW,27285110784.0,1.0303543548632588,4422222230.0,2026-09-21T08:08:28Z,yahoo_mcap|yahoo_ret|mops_paid_in
8150.TW,71628062720.0,2.524188632779635,7045231260.0,2026-09-21T08:08:28Z,yahoo_mcap|yahoo_ret|mops_paid_in
8162.TW,4149601024.0,0.42546488202720245,687020000.0,2026-09-21T08:08:28Z,yahoo_mcap|yahoo_ret|mops_paid_in
8163.TW,8390400000.0,-0.16884680036090582,2800000010.0,2026-09-21T08:08:28Z,yahoo_mcap|yahoo_ret|mops_paid_in
8201.TW,748395584.0,-0.2749244378737914,623662750.0,2026-09-21T08:08:28Z,yahoo_mcap|yahoo_ret|mops_paid_in
8210.TW,113057226752.0,0.5287579867745265,1256191460.0,2026-09-21T08:08:28Z,yahoo_mcap|yahoo_ret|mops_paid_in
8213.TW,8776503296.0,-0.05765886097871731,2712424880.0,2026-09-21T08:08:28Z,yahoo_mcap|yahoo_ret|mops_paid_in
8215.TW,9636283392.0,0.24430630800827324,3206745140.0,2026-09-21T08:08:28Z,yahoo_mcap|yahoo_ret|mops_paid_in
8222.TW,2451520512.0,-0.2958831584958772,685735000.0,2026-09-21T08:08:28Z,yahoo_mcap|yahoo_ret|mops_paid_in
8249.TW,5365950976.0,-0.29538636867246626,1378245000.0,2026-09-21T08:08:28Z,yahoo_mcap|yahoo_ret|mops_paid_in
8261.TW,20625332224.0,0.8529385067987818,1188783930.0,2026-09-21T08:08:28Z,yahoo_mcap|yahoo_ret|mops_paid_in
8271.TW,26441256960.0,1.9740021199424747,1296142660.0,2026-09-21T08:08:28Z,yahoo_mcap|yahoo_ret|mops_paid_in
8341.TW,9724000256.0,0.008155892247825092,1300000000.0,2026-09-21T08:08:28Z,yahoo_mcap|yahoo_ret|mops_paid_in
8367.TW,3746791936.0,-0.0402020374335611,921720310.0,2026-09-21T08:08:28Z,yahoo_mcap|yahoo_ret|mops_paid_in
8374.TW,8688188416.0,-0.23940144895721627,1122504870.0,2026-09-21T08:08:28Z,yahoo_mcap|yahoo_ret|mops_paid_in
8404.TW,5816084480.0,-0.44975750389851044,4199338840.0,2026-09-21T08:08:28Z,yahoo_mcap|yahoo_ret|mops_paid_in
8411.TW,2730050048.0,-0.03454361576203013,2211391670.0,2026-09-21T08:08:28Z,yahoo_mcap|yahoo_ret|mops_paid_in
8422.TW,35292192768.0,0.36439927193272625,1358762544.0,2026-09-21T08:08:28Z,yahoo_mcap|yahoo_ret|mops_paid_in
8429.TW,1097765632.0,-0.24809163523899336,1857471510.0,2026-09-21T08:08:28Z,yahoo_mcap|yahoo_ret|mops_paid_in
8438.TW,4826066944.0,1.321798748319103,699430000.0,2026-09-21T08:08:28Z,yahoo_mcap|yahoo_ret|mops_paid_in
8442.TW,3241853952.0,-0.32452953752310953,701697640.0,2026-09-21T08:08:28Z,yahoo_mcap|yahoo_ret|mops_paid_in
8443.TW,751500032.0,-0.0702479631960542,668000000.0,2026-09-21T08:08:28Z,yahoo_mcap|yahoo_ret|mops_paid_in
8454.TW,65316405248.0,0.03111920621823705,2649752750.0,2026-09-21T08:08:28Z,yahoo_mcap|yahoo_ret|mops_paid_in
8462.TW,12982500352.0,0.08321893795856017,803866160.0,2026-09-21T08:08:28Z,yahoo_mcap|yahoo_ret|mops_paid_in
8463.TW,3187500032.0,-0.13366911555497807,1500000000.0,2026-09-21T08:08:28Z,yahoo_mcap|yahoo_ret|mops_paid_in
8464.TW,108417474560.0,-0.14667225221569147,2930202000.0,2026-09-21T08:08:28Z,yahoo_mcap|yahoo_ret|mops_paid_in
8466.TW,1251268736.0,-0.36522348494515766,794456280.0,2026-09-21T08:08:28Z,yahoo_mcap|yahoo_ret|mops_paid_in
8467.TW,4406832640.0,-0.44999966835981264,483735750.0,2026-09-21T08:08:28Z,yahoo_mcap|yahoo_ret|mops_paid_in
8473.TW,7749186560.0,0.220394732885016,1823069220.0,2026-09-21T08:08:28Z,yahoo_mcap|yahoo_ret|mops_paid_in
8476.TW,3144843008.0,-0.016958771198464007,831131790.0,2026-09-21T08:08:28Z,yahoo_mcap|yahoo_ret|mops_paid_in
8478.TW,13156118528.0,-0.3320736819614454,939722760.0,2026-09-21T08:08:28Z,yahoo_mcap|yahoo_ret|mops_paid_in
8481.TW,2730682112.0,0.004626764456944654,666018660.0,2026-09-21T08:08:28Z,yahoo_mcap|yahoo_ret|mops_paid_in
8482.TW,5086017536.0,-0.05310732776715332,1074440000.0,2026-09-21T08:08:28Z,yahoo_mcap|yahoo_ret|mops_paid_in
8487.TW,2145033728.0,0.07279690328725241,265350000.0,2026-09-21T08:08:28Z,yahoo_mcap|yahoo_ret|mops_paid_in
8488.TW,728384960.0,-0.16371311996675253,735000000.0,2026-09-21T08:08:28Z,yahoo_mcap|yahoo_ret|mops_paid_in
8499.TW,10497216512.0,-0.02663876062508319,411655570.0,2026-09-21T08:08:28Z,yahoo_mcap|yahoo_ret|mops_paid_in
8926.TW,49401778176.0,0.3300184560307493,8302820000.0,2026-09-21T08:08:28Z,yahoo_mcap|yahoo_ret|mops_paid_in
8940.TW,1012364992.0,-0.25373135744671116,674910320.0,2026-09-21T08:08:28Z,yahoo_mcap|yahoo_ret|mops_paid_in
8996.TW,139968004096.0,3.530410280158592,935015370.0,2026-09-21T08:08:28Z,yahoo_mcap|yahoo_ret|mops_paid_in
9103.TW,2713657856.0,0.039665983034153696,827042000.0,2026-09-21T08:08:28Z,yahoo_mcap|yahoo_ret|mops_paid_in
910322.TW,133887926272.0,0.18521327497805773,916513457.0,2026-09-21T08:08:28Z,yahoo_mcap|yahoo_ret|mops_paid_in
9105.TW,87571021824.0,0.4217716446983022,9383139832.0,2026-09-21T08:08:28Z,yahoo_mcap|yahoo_ret|mops_paid_in
910861.TW,7531233280.0,-0.27020772574883833,644726418.0,2026-09-21T08:08:28Z,yahoo_mcap|yahoo_ret|mops_paid_in
9110.TW,2632272128.0,-0.34090908352008553,38168000.0,2026-09-21T08:08:28Z,yahoo_mcap|yahoo_ret|mops_paid_in
911608.TW,412500000.0,-0.03169011158073787,526896000.0,2026-09-21T08:08:28Z,yahoo_mcap|yahoo_ret|mops_paid_in
911622.TW,2136361088.0,-0.08905855906001203,3714761903.0,2026-09-21T08:08:28Z,yahoo_mcap|yahoo_ret|mops_paid_in
911868.TW,2425362176.0,-0.12121218141883072,209446542.0,2026-09-21T08:08:28Z,yahoo_mcap|yahoo_ret|mops_paid_in
912000.TW,5297618432.0,-0.03846150319251662,1063575000.0,2026-09-21T08:08:28Z,yahoo_mcap|yahoo_ret|mops_paid_in
9136.TW,8219841024.0,0.5804878237889015,440764000.0,2026-09-21T08:08:28Z,yahoo_mcap|yahoo_ret|mops_paid_in
9802.TW,12783090688.0,-0.3422014551586483,2009916730.0,2026-09-21T08:08:28Z,yahoo_mcap|yahoo_ret|mops_paid_in
9902.TW,1313864576.0,-0.1829268335232347,980496000.0,2026-09-21T08:08:28Z,yahoo_mcap|yahoo_ret|mops_paid_in
9904.TW,73227657216.0,-0.0945395661578824,29467872130.0,2026-09-21T08:08:28Z,yahoo_mcap|yahoo_ret|mops_paid_in
9905.TW,6466000384.0,0.05945292114562961,3050000000.0,2026-09-21T08:08:28Z,yahoo_mcap|yahoo_ret|mops_paid_in
9906.TW,3791546624.0,-0.3189443765551826,903763580.0,2026-09-21T08:08:28Z,yahoo_mcap|yahoo_ret|mops_paid_in
9907.TW,23608217600.0,-0.08598510308708518,15791453420.0,2026-09-21T08:08:28Z,yahoo_mcap|yahoo_ret|mops_paid_in
9908.TW,14550127616.0,0.007142577522629701,5163580000.0,2026-09-21T08:08:28Z,yahoo_mcap|yahoo_ret|mops_paid_in
9910.TW,67543822336.0,-0.36642406735208644,9874828310.0,2026-09-21T08:08:28Z,yahoo_mcap|yahoo_ret|mops_paid_in
9911.TW,17936246784.0,0.007105306475854389,2223322870.0,2026-09-21T08:08:28Z,yahoo_mcap|yahoo_ret|mops_paid_in
9912.TW,696613760.0,0.08823531297428278,537925690.0,2026-09-21T08:08:28Z,yahoo_mcap|yahoo_ret|mops_paid_in
9914.TW,20181420032.0,-0.35776775048052945,2989838000.0,2026-09-21T08:08:28Z,yahoo_mcap|yahoo_ret|mops_paid_in
9917.TW,49656037376.0,0.05003401906797911,4511970930.0,2026-09-21T08:08:28Z,yahoo_mcap|yahoo_ret|mops_paid_in
9918.TW,7672193536.0,0.13010843569926078,1805374530.0,2026-09-21T08:08:28Z,yahoo_mcap|yahoo_ret|mops_paid_in
9919.TW,2725310464.0,-0.1818181563936454,1953627500.0,2026-09-21T08:08:28Z,yahoo_mcap|yahoo_ret|mops_paid_in
9921.TW,35119882240.0,-0.09250583115092326,3920653950.0,2026-09-21T08:08:28Z,yahoo_mcap|yahoo_ret|mops_paid_in
9924.TW,5759098368.0,-0.23139345890485608,1507617360.0,2026-09-21T08:08:28Z,yahoo_mcap|yahoo_ret|mops_paid_in
9925.TW,15214548992.0,0.016120953696415974,3874896050.0,2026-09-21T08:08:28Z,yahoo_mcap|yahoo_ret|mops_paid_in
9926.TW,8858522624.0,0.025458659255119143,1795040750.0,2026-09-21T08:08:28Z,yahoo_mcap|yahoo_ret|mops_paid_in
9927.TW,8436000256.0,-0.0414538786199975,1200000000.0,2026-09-21T08:08:28Z,yahoo_mcap|yahoo_ret|mops_paid_in
9928.TW,1251825152.0,0.0,707245830.0,2026-09-21T08:08:28Z,yahoo_mcap|yahoo_ret|mops_paid_in
9929.TW,1124208000.0,-0.15589348262579394,1012800000.0,2026-09-21T08:08:28Z,yahoo_mcap|yahoo_ret|mops_paid_in
9930.TW,15086377984.0,-0.09205614366475123,2485403680.0,2026-09-21T08:08:28Z,yahoo_mcap|yahoo_ret|mops_paid_in
9931.TW,4098576384.0,0.05560416110836752,1203693030.0,2026-09-21T08:08:28Z,yahoo_mcap|yahoo_ret|mops_paid_in
9933.TW,39739146240.0,0.32005836695286716,9444370340.0,2026-09-21T08:08:28Z,yahoo_mcap|yahoo_ret|mops_paid_in
9934.TW,4060847616.0,-0.04518445804318094,4110169620.0,2026-09-21T08:08:28Z,yahoo_mcap|yahoo_ret|mops_paid_in
9935.TW,3200304896.0,-0.05928916803158846,1778389260.0,2026-09-21T08:08:28Z,yahoo_mcap|yahoo_ret|mops_paid_in
9937.TW,16750131200.0,-0.08770397705372313,3090430000.0,2026-09-21T08:08:28Z,yahoo_mcap|yahoo_ret|mops_paid_in
9938.TW,11441817600.0,-0.25972405806173493,2979639020.0,2026-09-21T08:08:28Z,yahoo_mcap|yahoo_ret|mops_paid_in
9939.TW,37269094400.0,0.018770965986830923,2957864750.0,2026-09-21T08:08:28Z,yahoo_mcap|yahoo_ret|mops_paid_in
9940.TW,15179047936.0,-0.11962881108477053,7368465000.0,2026-09-21T08:08:28Z,yahoo_mcap|yahoo_ret|mops_paid_in
9941.TW,47089328128.0,-0.14191504758375262,6756363460.0,2026-09-21T08:08:28Z,yahoo_mcap|yahoo_ret|mops_paid_in
9942.TW,9521971200.0,0.11043759593854663,831613200.0,2026-09-21T08:08:28Z,yahoo_mcap|yahoo_ret|mops_paid_in
9943.TW,6333678080.0,-0.17897243722547662,1251715100.0,2026-09-21T08:08:28Z,yahoo_mcap|yahoo_ret|mops_paid_in
9944.TW,1826914688.0,0.03205133252517167,1059081000.0,2026-09-21T08:08:28Z,yahoo_mcap|yahoo_ret|mops_paid_in
9945.TW,82473771008.0,0.022336109752996824,28442250860.0,2026-09-21T08:08:28Z,yahoo_mcap|yahoo_ret|mops_paid_in
9946.TW,5640993792.0,0.009115236221422407,3265541500.0,2026-09-21T08:08:28Z,yahoo_mcap|yahoo_ret|mops_paid_in
9955.TW,2443536384.0,-0.22388059984755126,1044246290.0,2026-09-21T08:08:28Z,yahoo_mcap|yahoo_ret|mops_paid_in
9958.TW,24527804416.0,-0.44265692571187865,2468966650.0,2026-09-21T08:08:28Z,yahoo_mcap|yahoo_ret|mops_paid_in
1240.TWO,2582274304.0,0.06502734907734498,442323730.0,2026-09-21T08:08:28Z,yahoo_mcap|yahoo_ret|mops_paid_in
1259.TWO,2202486016.0,0.21605295956743875,323895000.0,2026-09-21T08:08:28Z,yahoo_mcap|yahoo_ret|mops_paid_in
1264.TWO,9096265728.0,-0.1323648415815475,370523670.0,2026-09-21T08:08:28Z,yahoo_mcap|yahoo_ret|mops_paid_in
1268.TWO,7346928640.0,0.14826492959072546,422237300.0,2026-09-21T08:08:28Z,yahoo_mcap|yahoo_ret|mops_paid_in
1294.TWO,1870805120.0,-0.21347239489693315,366258750.0,2026-09-21T08:08:28Z,yahoo_mcap|yahoo_ret|mops_paid_in
1295.TWO,1692000000.0,-0.6436430882138993,375998000.0,2026-09-21T08:08:28Z,yahoo_mcap|yahoo_ret|mops_paid_in
1336.TWO,1315564416.0,-0.02097277607611192,776144190.0,2026-09-21T08:08:28Z,yahoo_mcap|yahoo_ret|mops_paid_in
1565.TWO,4875276800.0,-0.31660779541878314,504165160.0,2026-09-21T08:08:28Z,yahoo_mcap|yahoo_ret|mops_paid_in
1569.TWO,8799093760.0,-0.06870229007633588,1442474410.0,2026-09-21T08:08:28Z,yahoo_mcap|yahoo_ret|mops_paid_in
1570.TWO,1668632448.0,0.2562015911753315,515008390.0,2026-09-21T08:08:28Z,yahoo_mcap|yahoo_ret|mops_paid_in
1580.TWO,4800708096.0,-0.24554695261642157,493392420.0,2026-09-21T08:08:28Z,yahoo_mcap|yahoo_ret|mops_paid_in
1584.TWO,4105383680.0,-0.26468609591501324,2324705330.0,2026-09-21T08:08:28Z,yahoo_mcap|yahoo_ret|mops_paid_in
1586.TWO,2273318400.0,-0.32982446671770227,1295004670.0,2026-09-21T08:08:28Z,yahoo_mcap|yahoo_ret|mops_paid_in
1591.TWO,1569481984.0,-0.24311926605504586,380480470.0,2026-09-21T08:08:28Z,yahoo_mcap|yahoo_ret|mops_paid_in
1593.TWO,1271130752.0,0.20574857895733967,397847720.0,2026-09-21T08:08:28Z,yahoo_mcap|yahoo_ret|mops_paid_in
1595.TWO,3805448960.0,0.8026315789473684,575548960.0,2026-09-21T08:08:28Z,yahoo_mcap|yahoo_ret|mops_paid_in
1599.TWO,1671067520.0,-0.20030356097031166,730287640.0,2026-09-21T08:08:28Z,yahoo_mcap|yahoo_ret|mops_paid_in
1742.TWO,1621747712.0,0.19453928025123357,926713000.0,2026-09-21T08:08:28Z,yahoo_mcap|yahoo_ret|mops_paid_in
1777.TWO,3322104064.0,0.05186527448680045,445917130.0,2026-09-21T08:08:28Z,yahoo_mcap|yahoo_ret|mops_paid_in
1780.TWO,2743236096.0,0.4851476149108074,1090751730.0,2026-09-21T08:08:28Z,yahoo_mcap|yahoo_ret|mops_paid_in
1781.TWO,483557504.0,-0.22137408303489148,474076050.0,2026-09-21T08:08:28Z,yahoo_mcap|yahoo_ret|mops_paid_in
1784.TWO,3034300160.0,-0.22329979364379882,531211910.0,2026-09-21T08:08:28Z,yahoo_mcap|yahoo_ret|mops_paid_in
1785.TWO,58045599744.0,0.5474540350049544,5959507430.0,2026-09-21T08:08:28Z,yahoo_mcap|yahoo_ret|mops_paid_in
1788.TWO,5698688000.0,-0.025662546165299394,445209710.0,2026-09-21T08:08:28Z,yahoo_mcap|yahoo_ret|mops_paid_in
1796.TWO,1235501824.0,-0.4900197988931735,414597930.0,2026-09-21T08:08:28Z,yahoo_mcap|yahoo_ret|mops_paid_in
1799.TWO,3628478976.0,-0.35333332485622826,2487758940.0,2026-09-21T08:08:28Z,yahoo_mcap|yahoo_ret|mops_paid_in
1813.TWO,524643744.0,-0.19928826709776815,466355100.0,2026-09-21T08:08:28Z,yahoo_mcap|yahoo_ret|mops_paid_in
1815.TWO,74306519040.0,0.8738057520501177,5854594870.0,2026-09-21T08:08:28Z,yahoo_mcap|yahoo_ret|mops_paid_in
2035.TWO,9274999808.0,-0.10016980259816499,3500000000.0,2026-09-21T08:08:28Z,yahoo_mcap|yahoo_ret|mops_paid_in
2061.TWO,3098414848.0,2.1395347444607604,573780520.0,2026-09-21T08:08:28Z,yahoo_mcap|yahoo_ret|mops_paid_in
2063.TWO,1144766976.0,-0.1185185467755353,481014530.0,2026-09-21T08:08:28Z,yahoo_mcap|yahoo_ret|mops_paid_in
2064.TWO,818152512.0,-0.12639403965597673,693300000.0,2026-09-21T08:08:28Z,yahoo_mcap|yahoo_ret|mops_paid_in
2065.TWO,2232612352.0,0.21358476669835058,635167070.0,2026-09-21T08:08:28Z,yahoo_mcap|yahoo_ret|mops_paid_in
2066.TWO,2297855488.0,-0.12284696270492446,444495270.0,2026-09-21T08:08:28Z,yahoo_mcap|yahoo_ret|mops_paid_in
2067.TWO,171999536.0,-0.3634085323854591,338581770.0,2026-09-21T08:08:28Z,yahoo_mcap|yahoo_ret|mops_paid_in
2070.TWO,2557107456.0,0.5901407428831169,417828000.0,2026-09-21T08:08:28Z,yahoo_mcap|yahoo_ret|mops_paid_in
2073.TWO,687500032.0,-0.08610123922139556,275000000.0,2026-09-21T08:08:28Z,yahoo_mcap|yahoo_ret|mops_paid_in
2221.TWO,5925499904.0,4.073579016985218,423250000.0,2026-09-21T08:08:28Z,yahoo_mcap|yahoo_ret|mops_paid_in
2230.TWO,1410981504.0,-0.7906412803556297,680296050.0,2026-09-21T08:08:28Z,yahoo_mcap|yahoo_ret|mops_paid_in
2235.TWO,1018935168.0,-0.17302684553545056,358780000.0,2026-09-21T08:08:28Z,yahoo_mcap|yahoo_ret|mops_paid_in
2596.TWO,3495000064.0,0.16613222791369564,1000000000.0,2026-09-21T08:08:28Z,yahoo_mcap|yahoo_ret|mops_paid_in
2640.TWO,9837989888.0,0.3541064685518689,592649560.0,2026-09-21T08:08:28Z,yahoo_mcap|yahoo_ret|mops_paid_in
2641.TWO,5863428608.0,-0.14777391353241998,3303337440.0,2026-09-21T08:08:28Z,yahoo_mcap|yahoo_ret|mops_paid_in
2643.TWO,2204999936.0,-0.036718733595417774,350000000.0,2026-09-21T08:08:28Z,yahoo_mcap|yahoo_ret|mops_paid_in
2718.TWO,3522146560.0,-0.22032874644071743,875760000.0,2026-09-21T08:08:28Z,yahoo_mcap|yahoo_ret|mops_paid_in
2719.TWO,1359426304.0,-0.4579310450060614,691825000.0,2026-09-21T08:08:28Z,yahoo_mcap|yahoo_ret|mops_paid_in
2724.TWO,706927680.0,-0.39999998068507714,596563450.0,2026-09-21T08:08:28Z,yahoo_mcap|yahoo_ret|mops_paid_in
2726.TWO,303400128.0,-0.5106383089737676,376898170.0,2026-09-21T08:08:28Z,yahoo_mcap|yahoo_ret|mops_paid_in
2729.TWO,6651571712.0,-0.1235734087795366,430407830.0,2026-09-21T08:08:28Z,yahoo_mcap|yahoo_ret|mops_paid_in
2732.TWO,2829229312.0,-0.0768595752123693,465185700.0,2026-09-21T08:08:28Z,yahoo_mcap|yahoo_ret|mops_paid_in
2734.TWO,827403520.0,-0.3019324020926655,572597600.0,2026-09-21T08:08:28Z,yahoo_mcap|yahoo_ret|mops_paid_in
2736.TWO,907684864.0,-0.2793650551447793,799722300.0,2026-09-21T08:08:28Z,yahoo_mcap|yahoo_ret|mops_paid_in
2740.TWO,522136288.0,0.266260127458958,167620160.0,2026-09-21T08:08:28Z,yahoo_mcap|yahoo_ret|mops_paid_in
2743.TWO,2551428864.0,-0.3731367435548716,468152100.0,2026-09-21T08:08:28Z,yahoo_mcap|yahoo_ret|mops_paid_in
2745.TWO,2843336960.0,-0.19730343476916878,338085260.0,2026-09-21T08:08:28Z,yahoo_mcap|yahoo_ret|mops_paid_in
2751.TWO,1057920768.0,-0.2216803421061645,198112500.0,2026-09-21T08:08:28Z,yahoo_mcap|yahoo_ret|mops_paid_in
2752.TWO,4804894720.0,-0.07129562922868637,266938610.0,2026-09-21T08:08:28Z,yahoo_mcap|yahoo_ret|mops_paid_in
2754.TWO,3213129472.0,-0.2854248242677727,469070000.0,2026-09-21T08:08:28Z,yahoo_mcap|yahoo_ret|mops_paid_in
2755.TWO,4614378496.0,-0.011689994962499894,467924910.0,2026-09-21T08:08:28Z,yahoo_mcap|yahoo_ret|mops_paid_in
2756.TWO,1527408768.0,-0.29622724904165443,245975840.0,2026-09-21T08:08:28Z,yahoo_mcap|yahoo_ret|mops_paid_in
2916.TWO,2630318848.0,-0.07183583492496526,646268780.0,2026-09-21T08:08:28Z,yahoo_mcap|yahoo_ret|mops_paid_in
2924.TWO,923637888.0,-0.33395871466887106,520359340.0,2026-09-21T08:08:28Z,yahoo_mcap|yahoo_ret|mops_paid_in
2926.TWO,1421699968.0,-0.3114749534253296,473896500.0,2026-09-21T08:08:28Z,yahoo_mcap|yahoo_ret|mops_paid_in
2937.TWO,2143353728.0,0.19641113700803592,478961730.0,2026-09-21T08:08:28Z,yahoo_mcap|yahoo_ret|mops_paid_in
2941.TWO,491710496.0,-0.47926650292261674,153900000.0,2026-09-21T08:08:28Z,yahoo_mcap|yahoo_ret|mops_paid_in
2947.TWO,1430363136.0,-0.3120383502640328,236423660.0,2026-09-21T08:08:28Z,yahoo_mcap|yahoo_ret|mops_paid_in
2948.TWO,1172800000.0,-0.024771763425710747,320000000.0,2026-09-21T08:08:28Z,yahoo_mcap|yahoo_ret|mops_paid_in
2949.TWO,1929271552.0,-0.04649699271538865,306411000.0,2026-09-21T08:08:28Z,yahoo_mcap|yahoo_ret|mops_paid_in
3064.TWO,223797808.0,-0.6692307545588567,130114510.0,2026-09-21T08:08:28Z,yahoo_mcap|yahoo_ret|mops_paid_in
3066.TWO,2384109056.0,0.8516129524477067,830706120.0,2026-09-21T08:08:28Z,yahoo_mcap|yahoo_ret|mops_paid_in
3067.TWO,338000000.0,-0.08648650710647166,200000000.0,2026-09-21T08:08:28Z,yahoo_mcap|yahoo_ret|mops_paid_in
3071.TWO,2607000064.0,0.01004482666065365,1100000000.0,2026-09-21T08:08:28Z,yahoo_mcap|yahoo_ret|mops_paid_in
3073.TWO,821829376.0,-0.48000001907348633,395110280.0,2026-09-21T08:08:28Z,yahoo_mcap|yahoo_ret|mops_paid_in
3078.TWO,10505467904.0,-0.3887907304521889,2273910640.0,2026-09-21T08:08:28Z,yahoo_mcap|yahoo_ret|mops_paid_in
3081.TWO,265987178496.0,5.586134358315407,1018690040.0,2026-09-21T08:08:28Z,yahoo_mcap|yahoo_ret|mops_paid_in
3083.TWO,1963232256.0,-0.3159501906790012,864868580.0,2026-09-21T08:08:28Z,yahoo_mcap|yahoo_ret|mops_paid_in
3085.TWO,621546240.0,-0.2516128786148564,535815700.0,2026-09-21T08:08:28Z,yahoo_mcap|yahoo_ret|mops_paid_in
3086.TWO,7881333248.0,1.0791367202631648,272710510.0,2026-09-21T08:08:28Z,yahoo_mcap|yahoo_ret|mops_paid_in
3088.TWO,14328186880.0,0.6089833564221874,1130111970.0,2026-09-21T08:08:28Z,yahoo_mcap|yahoo_ret|mops_paid_in
3093.TWO,6590082560.0,0.7431748462663341,362888940.0,2026-09-21T08:08:28Z,yahoo_mcap|yahoo_ret|mops_paid_in
3095.TWO,342000000.0,0.19580420653064157,161800000.0,2026-09-21T08:08:28Z,yahoo_mcap|yahoo_ret|mops_paid_in
3105.TWO,39644663808.0,4.077947840051333,4239403840.0,2026-09-21T08:08:28Z,yahoo_mcap|yahoo_ret|mops_paid_in
3114.TWO,2153832192.0,0.39821153149176647,651297920.0,2026-09-21T08:08:28Z,yahoo_mcap|yahoo_ret|mops_paid_in
3115.TWO,587396736.0,-0.358730184199918,721976150.0,2026-09-21T08:08:28Z,yahoo_mcap|yahoo_ret|mops_paid_in
3118.TWO,1023888960.0,0.001587216720144058,324528600.0,2026-09-21T08:08:28Z,yahoo_mcap|yahoo_ret|mops_paid_in
3122.TWO,988547008.0,-0.12926392575078827,407719180.0,2026-09-21T08:08:28Z,yahoo_mcap|yahoo_ret|mops_paid_in
3128.TWO,1025690624.0,-0.33877185871781923,473174890.0,2026-09-21T08:08:28Z,yahoo_mcap|yahoo_ret|mops_paid_in
3131.TWO,69411938304.0,0.5307123668140279,292589270.0,2026-09-21T08:08:28Z,yahoo_mcap|yahoo_ret|mops_paid_in
3141.TWO,6903088640.0,0.8231295657464872,754607280.0,2026-09-21T08:08:28Z,yahoo_mcap|yahoo_ret|mops_paid_in
3147.TWO,10397465600.0,0.3285237816431734,436868310.0,2026-09-21T08:08:28Z,yahoo_mcap|yahoo_ret|mops_paid_in
3152.TWO,8700612608.0,0.013956769564690052,390162000.0,2026-09-21T08:08:28Z,yahoo_mcap|yahoo_ret|mops_paid_in
3158.TWO,2614662656.0,-0.253684714953922,306659250.0,2026-09-21T08:08:28Z,yahoo_mcap|yahoo_ret|mops_paid_in
3162.TWO,11722704896.0,0.4221237478844395,1543411120.0,2026-09-21T08:08:28Z,yahoo_mcap|yahoo_ret|mops_paid_in
3163.TWO,63121788928.0,2.3657387637676677,946353700.0,2026-09-21T08:08:28Z,yahoo_mcap|yahoo_ret|mops_paid_in
3169.TWO,6647233024.0,0.06949374952110987,633069810.0,2026-09-21T08:08:28Z,yahoo_mcap|yahoo_ret|mops_paid_in
3171.TWO,1758900480.0,0.14775382881121724,331181580.0,2026-09-21T08:08:28Z,yahoo_mcap|yahoo_ret|mops_paid_in
3176.TWO,5293666304.0,0.31260791014022926,1393067550.0,2026-09-21T08:08:28Z,yahoo_mcap|yahoo_ret|mops_paid_in
3178.TWO,3419294976.0,0.2545454797665936,450500000.0,2026-09-21T08:08:28Z,yahoo_mcap|yahoo_ret|mops_paid_in
3188.TWO,4463468544.0,-0.08354938597583317,1890877670.0,2026-09-21T08:08:28Z,yahoo_mcap|yahoo_ret|mops_paid_in
3191.TWO,741155456.0,0.24087592968454752,435973810.0,2026-09-21T08:08:28Z,yahoo_mcap|yahoo_ret|mops_paid_in
3205.TWO,3151003904.0,-0.08529408772786462,675456310.0,2026-09-21T08:08:28Z,yahoo_mcap|yahoo_ret|mops_paid_in
3206.TWO,2079770112.0,0.07626119593067693,589166210.0,2026-09-21T08:08:28Z,yahoo_mcap|yahoo_ret|mops_paid_in
3207.TWO,2540898304.0,-0.476027397260274,664221240.0,2026-09-21T08:08:28Z,yahoo_mcap|yahoo_ret|mops_paid_in
3211.TWO,60268265472.0,0.11369922139464483,1543870210.0,2026-09-21T08:08:28Z,yahoo_mcap|yahoo_ret|mops_paid_in
3213.TWO,7394310144.0,0.11419215551423534,586855470.0,2026-09-21T08:08:28Z,yahoo_mcap|yahoo_ret|mops_paid_in
3217.TWO,11672649728.0,-0.21683250516708774,901042030.0,2026-09-21T08:08:28Z,yahoo_mcap|yahoo_ret|mops_paid_in
3218.TWO,11353136128.0,-0.12918625177473253,847248990.0,2026-09-21T08:08:28Z,yahoo_mcap|yahoo_ret|mops_paid_in
3219.TWO,7084772864.0,0.1609754206411549,717808800.0,2026-09-21T08:08:28Z,yahoo_mcap|yahoo_ret|mops_paid_in
3221.TWO,5107725312.0,1.1441735042466328,1049892100.0,2026-09-21T08:08:28Z,yahoo_mcap|yahoo_ret|mops_paid_in
3224.TWO,2500244736.0,-0.2800900011079357,781726480.0,2026-09-21T08:08:28Z,yahoo_mcap|yahoo_ret|mops_paid_in
3226.TWO,3704782592.0,0.28205132566900937,644305730.0,2026-09-21T08:08:28Z,yahoo_mcap|yahoo_ret|mops_paid_in
3227.TWO,27951964160.0,-0.20697061615812729,1519128420.0,2026-09-21T08:08:28Z,yahoo_mcap|yahoo_ret|mops_paid_in
3228.TWO,12517212160.0,0.09090909090909083,719374950.0,2026-09-21T08:08:28Z,yahoo_mcap|yahoo_ret|mops_paid_in
3230.TWO,3511031040.0,-0.30555557339458084,860109000.0,2026-09-21T08:08:28Z,yahoo_mcap|yahoo_ret|mops_paid_in
3232.TWO,987238784.0,-0.17156599648782755,465678650.0,2026-09-21T08:08:28Z,yahoo_mcap|yahoo_ret|mops_paid_in
3234.TWO,20697315328.0,3.8770493836553763,1114746920.0,2026-09-21T08:08:28Z,yahoo_mcap|yahoo_ret|mops_paid_in
3236.TWO,4583276544.0,1.072905208482788,1050006130.0,2026-09-21T08:08:28Z,yahoo_mcap|yahoo_ret|mops_paid_in
3252.TWO,767995776.0,-0.23880597510634893,501957540.0,2026-09-21T08:08:28Z,yahoo_mcap|yahoo_ret|mops_paid_in
3259.TWO,744252544.0,-0.5526315723429754,729659340.0,2026-09-21T08:08:28Z,yahoo_mcap|yahoo_ret|mops_paid_in
3260.TWO,123618000896.0,1.7616048644361872,3364634180.0,2026-09-21T08:08:28Z,yahoo_mcap|yahoo_ret|mops_paid_in
3264.TWO,134593282048.0,2.2989187273508924,4901700760.0,2026-09-21T08:08:28Z,yahoo_mcap|yahoo_ret|mops_paid_in
3265.TWO,24663422976.0,0.8410388771881903,1362616590.0,2026-09-21T08:08:28Z,yahoo_mcap|yahoo_ret|mops_paid_in
3268.TWO,687475776.0,0.07317064597812029,347207960.0,2026-09-21T08:08:28Z,yahoo_mcap|yahoo_ret|mops_paid_in
3272.TWO,838625024.0,-0.4297352164937881,611767890.0,2026-09-21T08:08:28Z,yahoo_mcap|yahoo_ret|mops_paid_in
3276.TWO,975977856.0,-0.030848396764183272,697126660.0,2026-09-21T08:08:28Z,yahoo_mcap|yahoo_ret|mops_paid_in
3284.TWO,2153387520.0,-0.1653618056148135,1084824730.0,2026-09-21T08:08:28Z,yahoo_mcap|yahoo_ret|mops_paid_in
3285.TWO,1846152064.0,0.45587094625200963,427353240.0,2026-09-21T08:08:28Z,yahoo_mcap|yahoo_ret|mops_paid_in
3287.TWO,1851136896.0,0.28776470544306876,439704830.0,2026-09-21T08:08:28Z,yahoo_mcap|yahoo_ret|mops_paid_in
3288.TWO,363636000.0,0.29069766152414456,163800000.0,2026-09-21T08:08:28Z,yahoo_mcap|yahoo_ret|mops_paid_in
3289.TWO,11840965632.0,0.1470384530683566,867463710.0,2026-09-21T08:08:28Z,yahoo_mcap|yahoo_ret|mops_paid_in
3290.TWO,4204020480.0,0.202386719788876,902150340.0,2026-09-21T08:08:28Z,yahoo_mcap|yahoo_ret|mops_paid_in
3293.TWO,204024332288.0,-0.05884817199236858,2818015600.0,2026-09-21T08:08:28Z,yahoo_mcap|yahoo_ret|mops_paid_in
3294.TWO,4066092800.0,-0.3960784463321462,1320159190.0,2026-09-21T08:08:28Z,yahoo_mcap|yahoo_ret|mops_paid_in
3297.TWO,1312198272.0,-0.37777775169437766,360494450.0,2026-09-21T08:08:28Z,yahoo_mcap|yahoo_ret|mops_paid_in
3303.TWO,4572822528.0,0.054465613160983084,947906070.0,2026-09-21T08:08:28Z,yahoo_mcap|yahoo_ret|mops_paid_in
3306.TWO,2277346560.0,-0.18433342229978744,506077020.0,2026-09-21T08:08:28Z,yahoo_mcap|yahoo_ret|mops_paid_in
3310.TWO,4301957632.0,0.11612110760926009,749484020.0,2026-09-21T08:08:28Z,yahoo_mcap|yahoo_ret|mops_paid_in
3313.TWO,2310848512.0,-0.4062500237063923,2211338310.0,2026-09-21T08:08:28Z,yahoo_mcap|yahoo_ret|mops_paid_in
3317.TWO,5057999872.0,0.14763246017929643,900000000.0,2026-09-21T08:08:28Z,yahoo_mcap|yahoo_ret|mops_paid_in
3322.TWO,1527160192.0,-0.24745760125628968,1375821570.0,2026-09-21T08:08:28Z,yahoo_mcap|yahoo_ret|mops_paid_in
3323.TWO,2773675776.0,-0.431632645276128,995933850.0,2026-09-21T08:08:28Z,yahoo_mcap|yahoo_ret|mops_paid_in
3324.TWO,141476790272.0,0.6747593561669953,930768370.0,2026-09-21T08:08:28Z,yahoo_mcap|yahoo_ret|mops_paid_in
3325.TWO,1355073920.0,-0.3708439554607247,1101686100.0,2026-09-21T08:08:28Z,yahoo_mcap|yahoo_ret|mops_paid_in
3332.TWO,2886252032.0,0.17709006557849127,481042460.0,2026-09-21T08:08:28Z,yahoo_mcap|yahoo_ret|mops_paid_in
3339.TWO,3297383936.0,0.3916786836020989,665683000.0,2026-09-21T08:08:28Z,yahoo_mcap|yahoo_ret|mops_paid_in
3349.TWO,921420032.0,-0.01960782480441492,478216480.0,2026-09-21T08:08:28Z,yahoo_mcap|yahoo_ret|mops_paid_in
3354.TWO,2131404800.0,0.712676034846776,701124260.0,2026-09-21T08:08:28Z,yahoo_mcap|yahoo_ret|mops_paid_in
3357.TWO,21325289472.0,0.5984767058343539,1149369710.0,2026-09-21T08:08:28Z,yahoo_mcap|yahoo_ret|mops_paid_in
3360.TWO,1157490304.0,0.1789882621620189,764022440.0,2026-09-21T08:08:28Z,yahoo_mcap|yahoo_ret|mops_paid_in
3362.TWO,25729234944.0,0.5240174672489082,1474454750.0,2026-09-21T08:08:28Z,yahoo_mcap|yahoo_ret|mops_paid_in
3363.TWO,75116412928.0,0.7486772486772486,1136405670.0,2026-09-21T08:08:28Z,yahoo_mcap|yahoo_ret|mops_paid_in
3372.TWO,3894611968.0,0.06774188626197075,2353240000.0,2026-09-21T08:08:28Z,yahoo_mcap|yahoo_ret|mops_paid_in
3373.TWO,761900544.0,-0.1724073702101665,476187820.0,2026-09-21T08:08:28Z,yahoo_mcap|yahoo_ret|mops_paid_in
3374.TWO,120214396928.0,1.9194732760998563,2713643160.0,2026-09-21T08:08:28Z,yahoo_mcap|yahoo_ret|mops_paid_in
3379.TWO,1076588544.0,-0.4994236608557727,380417480.0,2026-09-21T08:08:28Z,yahoo_mcap|yahoo_ret|mops_paid_in
3388.TWO,6198989312.0,0.3939568283164161,740655420.0,2026-09-21T08:08:28Z,yahoo_mcap|yahoo_ret|mops_paid_in
3390.TWO,1745260032.0,0.12371362212211423,793296590.0,2026-09-21T08:08:28Z,yahoo_mcap|yahoo_ret|mops_paid_in
3402.TWO,9277095936.0,0.011616349732546327,730476920.0,2026-09-21T08:08:28Z,yahoo_mcap|yahoo_ret|mops_paid_in
3430.TWO,3573895936.0,0.8160074566242568,337160850.0,2026-09-21T08:08:28Z,yahoo_mcap|yahoo_ret|mops_paid_in
3434.TWO,1201366144.0,0.03397912141266679,357547400.0,2026-09-21T08:08:28Z,yahoo_mcap|yahoo_ret|mops_paid_in
3438.TWO,2985596160.0,0.4340596485378676,471658150.0,2026-09-21T08:08:28Z,yahoo_mcap|yahoo_ret|mops_paid_in
3441.TWO,7107100160.0,4.33452625952863,400399200.0,2026-09-21T08:08:28Z,yahoo_mcap|yahoo_ret|mops_paid_in
3444.TWO,3743750144.0,0.4033537833784553,449968770.0,2026-09-21T08:08:28Z,yahoo_mcap|yahoo_ret|mops_paid_in
3455.TWO,15351781376.0,1.602534539738,598507500.0,2026-09-21T08:08:28Z,yahoo_mcap|yahoo_ret|mops_paid_in
3465.TWO,1227566080.0,-0.3939393746128501,423298620.0,2026-09-21T08:08:28Z,yahoo_mcap|yahoo_ret|mops_paid_in
3466.TWO,1896672000.0,-0.4427917630125039,778920730.0,2026-09-21T08:08:28Z,yahoo_mcap|yahoo_ret|mops_paid_in
3467.TWO,2407648512.0,0.6970392900351579,311065690.0,2026-09-21T08:08:28Z,yahoo_mcap|yahoo_ret|mops_paid_in
3479.TWO,9493006336.0,0.21236536184981025,726301640.0,2026-09-21T08:08:28Z,yahoo_mcap|yahoo_ret|mops_paid_in
3483.TWO,7275254272.0,-0.31652483385451413,990492570.0,2026-09-21T08:08:28Z,yahoo_mcap|yahoo_ret|mops_paid_in
3484.TWO,3610322432.0,-0.048205024374783245,788281890.0,2026-09-21T08:08:28Z,yahoo_mcap|yahoo_ret|mops_paid_in
3485.TWO,7565446656.0,1.613194805194805,385008500.0,2026-09-21T08:08:28Z,yahoo_mcap|yahoo_ret|mops_paid_in
3489.TWO,2017082880.0,0.16501869451110185,904521550.0,2026-09-21T08:08:28Z,yahoo_mcap|yahoo_ret|mops_paid_in
3490.TWO,2486293760.0,0.9058669191542865,550064350.0,2026-09-21T08:08:28Z,yahoo_mcap|yahoo_ret|mops_paid_in
3491.TWO,104690196480.0,2.3073433155188163,688051250.0,2026-09-21T08:08:28Z,yahoo_mcap|yahoo_ret|mops_paid_in
3492.TWO,682206720.0,-0.14267948420737242,355316000.0,2026-09-21T08:08:28Z,yahoo_mcap|yahoo_ret|mops_paid_in
3498.TWO,11840557056.0,2.8582677744808014,612730080.0,2026-09-21T08:08:28Z,yahoo_mcap|yahoo_ret|mops_paid_in
3499.TWO,758594240.0,-0.10389606931354645,549705960.0,2026-09-21T08:08:28Z,yahoo_mcap|yahoo_ret|mops_paid_in
3508.TWO,2694451712.0,0.023529426724302915,1088667370.0,2026-09-21T08:08:28Z,yahoo_mcap|yahoo_ret|mops_paid_in
3511.TWO,1567469696.0,-0.09677420772520118,799729450.0,2026-09-21T08:08:28Z,yahoo_mcap|yahoo_ret|mops_paid_in
3512.TWO,2182296576.0,-0.06779036896355872,1130723720.0,2026-09-21T08:08:28Z,yahoo_mcap|yahoo_ret|mops_paid_in
3516.TWO,1500934016.0,0.2662200669698285,595608740.0,2026-09-21T08:08:28Z,yahoo_mcap|yahoo_ret|mops_paid_in
3520.TWO,1467319040.0,0.1182108898762686,838467780.0,2026-09-21T08:08:28Z,yahoo_mcap|yahoo_ret|mops_paid_in
3521.TWO,2219898368.0,-0.004166682561238644,1857655520.0,2026-09-21T08:08:28Z,yahoo_mcap|yahoo_ret|mops_paid_in
3522.TWO,1363657600.0,-0.12080532101638386,1040962090.0,2026-09-21T08:08:28Z,yahoo_mcap|yahoo_ret|mops_paid_in
3523.TWO,963868032.0,-0.23857870969128647,642578680.0,2026-09-21T08:08:28Z,yahoo_mcap|yahoo_ret|mops_paid_in
3526.TWO,17812695040.0,0.13248958463428906,668394770.0,2026-09-21T08:08:28Z,yahoo_mcap|yahoo_ret|mops_paid_in
3527.TWO,2288923904.0,-0.22907488181796587,444451250.0,2026-09-21T08:08:28Z,yahoo_mcap|yahoo_ret|mops_paid_in
3529.TWO,,0.3727326696301869,746864920.0,2026-09-21T08:08:28Z,yahoo_ret|mops_paid_in
3531.TWO,1296910080.0,-0.07238240834931331,611750110.0,2026-09-21T08:08:28Z,yahoo_mcap|yahoo_ret|mops_paid_in
3537.TWO,3031496704.0,0.42002679742976223,562429790.0,2026-09-21T08:08:28Z,yahoo_mcap|yahoo_ret|mops_paid_in
3540.TWO,1980552960.0,-0.36421175066184885,844585480.0,2026-09-21T08:08:28Z,yahoo_mcap|yahoo_ret|mops_paid_in
3541.TWO,1248377600.0,-0.16261683669045712,563491420.0,2026-09-21T08:08:28Z,yahoo_mcap|yahoo_ret|mops_paid_in
3546.TWO,4503043584.0,-0.03351718639715029,613486900.0,2026-09-21T08:08:28Z,yahoo_mcap|yahoo_ret|mops_paid_in
3548.TWO,5419491840.0,-0.2528417566558353,682441750.0,2026-09-21T08:08:28Z,yahoo_mcap|yahoo_ret|mops_paid_in
3551.TWO,11513929728.0,0.2176702733457394,622748900.0,2026-09-21T08:08:28Z,yahoo_mcap|yahoo_ret|mops_paid_in
3552.TWO,3848192768.0,-0.44453939120632313,979183340.0,2026-09-21T08:08:28Z,yahoo_mcap|yahoo_ret|mops_paid_in
3555.TWO,6959790592.0,2.9101123595505616,399987970.0,2026-09-21T08:08:28Z,yahoo_mcap|yahoo_ret|mops_paid_in
3556.TWO,3675657472.0,0.5221330922991323,637028440.0,2026-09-21T08:08:28Z,yahoo_mcap|yahoo_ret|mops_paid_in
3558.TWO,7323549184.0,-0.22129367108694142,590608810.0,2026-09-21T08:08:28Z,yahoo_mcap|yahoo_ret|mops_paid_in
3564.TWO,2979799296.0,-0.08897845986871888,591231000.0,2026-09-21T08:08:28Z,yahoo_mcap|yahoo_ret|mops_paid_in
3567.TWO,860733888.0,-0.030306468280801413,339540000.0,2026-09-21T08:08:28Z,yahoo_mcap|yahoo_ret|mops_paid_in
3570.TWO,2897941504.0,-0.055859748109187035,170970000.0,2026-09-21T08:08:28Z,yahoo_mcap|yahoo_ret|mops_paid_in
3577.TWO,7483981312.0,0.5966814100092654,639656530.0,2026-09-21T08:08:28Z,yahoo_mcap|yahoo_ret|mops_paid_in
3580.TWO,3964187904.0,0.508609312175808,394706570.0,2026-09-21T08:08:28Z,yahoo_mcap|yahoo_ret|mops_paid_in
3581.TWO,5279120896.0,1.5575771744007603,510060000.0,2026-09-21T08:08:28Z,yahoo_mcap|yahoo_ret|mops_paid_in
3587.TWO,17722931200.0,0.1649345891612699,693699880.0,2026-09-21T08:08:28Z,yahoo_mcap|yahoo_ret|mops_paid_in
3594.TWO,4717859840.0,0.11193891648306975,959483580.0,2026-09-21T08:08:28Z,yahoo_mcap|yahoo_ret|mops_paid_in
3597.TWO,1027597312.0,-0.09914534484698012,392364400.0,2026-09-21T08:08:28Z,yahoo_mcap|yahoo_ret|mops_paid_in
3609.TWO,920378752.0,-0.5111788848756172,384193870.0,2026-09-21T08:08:28Z,yahoo_mcap|yahoo_ret|mops_paid_in
3611.TWO,8666012672.0,0.034946240048319366,475546340.0,2026-09-21T08:08:28Z,yahoo_mcap|yahoo_ret|mops_paid_in
3615.TWO,2584629248.0,0.546644181624026,684669760.0,2026-09-21T08:08:28Z,yahoo_mcap|yahoo_ret|mops_paid_in
3623.TWO,818667264.0,0.18855927049411725,291859460.0,2026-09-21T08:08:28Z,yahoo_mcap|yahoo_ret|mops_paid_in
3624.TWO,15547682816.0,2.270522140189958,1173408420.0,2026-09-21T08:08:28Z,yahoo_mcap|yahoo_ret|mops_paid_in
3625.TWO,1253290496.0,-0.5298969229472053,581000000.0,2026-09-21T08:08:28Z,yahoo_mcap|yahoo_ret|mops_paid_in
3628.TWO,3271499776.0,0.5005476903152983,450000000.0,2026-09-21T08:08:28Z,yahoo_mcap|yahoo_ret|mops_paid_in
3629.TWO,599777088.0,-0.23689725484952384,329547820.0,2026-09-21T08:08:28Z,yahoo_mcap|yahoo_ret|mops_paid_in
3630.TWO,5360035840.0,-0.2808219178082192,2041918480.0,2026-09-21T08:08:28Z,yahoo_mcap|yahoo_ret|mops_paid_in
3631.TWO,3334202112.0,0.9451073277327389,818209090.0,2026-09-21T08:08:28Z,yahoo_mcap|yahoo_ret|mops_paid_in
3632.TWO,155540000.0,-0.28944720530768164,220000000.0,2026-09-21T08:08:28Z,yahoo_mcap|yahoo_ret|mops_paid_in
3646.TWO,974565568.0,-0.11752299931667864,392973710.0,2026-09-21T08:08:28Z,yahoo_mcap|yahoo_ret|mops_paid_in
3663.TWO,6737477120.0,0.17836807542879685,1084940740.0,2026-09-21T08:08:28Z,yahoo_mcap|yahoo_ret|mops_paid_in
3664.TWO,645532480.0,-0.5739348533865619,759453770.0,2026-09-21T08:08:28Z,yahoo_mcap|yahoo_ret|mops_paid_in
3666.TWO,3402405376.0,-0.03275531238841645,1389498500.0,2026-09-21T08:08:28Z,yahoo_mcap|yahoo_ret|mops_paid_in
3672.TWO,489484512.0,-0.13978493447505358,407903750.0,2026-09-21T08:08:28Z,yahoo_mcap|yahoo_ret|mops_paid_in
3675.TWO,15625559040.0,0.8325132432272306,530579230.0,2026-09-21T08:08:28Z,yahoo_mcap|yahoo_ret|mops_paid_in
3680.TWO,52658417664.0,0.5268595652690005,962116900.0,2026-09-21T08:08:28Z,yahoo_mcap|yahoo_ret|mops_paid_in
3684.TWO,1602124544.0,0.19213612260770008,303047370.0,2026-09-21T08:08:28Z,yahoo_mcap|yahoo_ret|mops_paid_in
3685.TWO,2864664064.0,0.180327868852459,795740000.0,2026-09-21T08:08:28Z,yahoo_mcap|yahoo_ret|mops_paid_in
3687.TWO,1846604800.0,-0.160692835947152,300608200.0,2026-09-21T08:08:28Z,yahoo_mcap|yahoo_ret|mops_paid_in
3689.TWO,9801214976.0,0.1176524320087653,893909910.0,2026-09-21T08:08:28Z,yahoo_mcap|yahoo_ret|mops_paid_in
3691.TWO,9229216768.0,0.22411695332343773,918834200.0,2026-09-21T08:08:28Z,yahoo_mcap|yahoo_ret|mops_paid_in
3693.TWO,30179469312.0,1.8719684341284917,429906940.0,2026-09-21T08:08:28Z,yahoo_mcap|yahoo_ret|mops_paid_in
3707.TWO,25390749696.0,0.0479339095186595,4004843530.0,2026-09-21T08:08:28Z,yahoo_mcap|yahoo_ret|mops_paid_in
3709.TWO,8023887872.0,0.6319005291912492,1455694500.0,2026-09-21T08:08:28Z,yahoo_mcap|yahoo_ret|mops_paid_in
3710.TWO,1345859584.0,-0.4956605879584354,1770867870.0,2026-09-21T08:08:28Z,yahoo_mcap|yahoo_ret|mops_paid_in
3713.TWO,1251020032.0,-0.4431372623817593,880993800.0,2026-09-21T08:08:28Z,yahoo_mcap|yahoo_ret|mops_paid_in
3718.TWO,,-0.14303964420324866,3909811100.0,2026-09-21T08:08:28Z,yahoo_ret|mops_paid_in
4102.TWO,798749888.0,-0.10023867804265796,423734430.0,2026-09-21T08:08:28Z,yahoo_mcap|yahoo_ret|mops_paid_in
4105.TWO,19668211712.0,0.09418492745235296,2486499590.0,2026-09-21T08:08:28Z,yahoo_mcap|yahoo_ret|mops_paid_in
4107.TWO,7692078080.0,0.007404834673413019,692983360.0,2026-09-21T08:08:28Z,yahoo_mcap|yahoo_ret|mops_paid_in
4109.TWO,1335787648.0,-0.3016273032011235,1187366810.0,2026-09-21T08:08:28Z,yahoo_mcap|yahoo_ret|mops_paid_in
4111.TWO,1726157568.0,7.484506839428029e-05,598321350.0,2026-09-21T08:08:28Z,yahoo_mcap|yahoo_ret|mops_paid_in
4113.TWO,3594198272.0,-0.3600822765862822,2311381370.0,2026-09-21T08:08:28Z,yahoo_mcap|yahoo_ret|mops_paid_in
4114.TWO,15085322240.0,-0.054125620574972944,5504296880.0,2026-09-21T08:08:28Z,yahoo_mcap|yahoo_ret|mops_paid_in
4116.TWO,1760356992.0,-0.1599921959260625,445660000.0,2026-09-21T08:08:28Z,yahoo_mcap|yahoo_ret|mops_paid_in
4120.TWO,3981692160.0,-0.023923444199802635,867471190.0,2026-09-21T08:08:28Z,yahoo_mcap|yahoo_ret|mops_paid_in
4121.TWO,1059665280.0,-0.11764704717678409,831110450.0,2026-09-21T08:08:28Z,yahoo_mcap|yahoo_ret|mops_paid_in
4123.TWO,23016251392.0,-0.06641095911987749,8074563410.0,2026-09-21T08:08:28Z,yahoo_mcap|yahoo_ret|mops_paid_in
4126.TWO,5626500096.0,-0.07088323935223928,726000000.0,2026-09-21T08:08:28Z,yahoo_mcap|yahoo_ret|mops_paid_in
4127.TWO,2745600000.0,0.8126889053155215,457600000.0,2026-09-21T08:08:28Z,yahoo_mcap|yahoo_ret|mops_paid_in
4128.TWO,8616699904.0,-0.37259103301101726,5881705970.0,2026-09-21T08:08:28Z,yahoo_mcap|yahoo_ret|mops_paid_in
4129.TWO,7956134912.0,-0.24558735747113702,964376500.0,2026-09-21T08:08:28Z,yahoo_mcap|yahoo_ret|mops_paid_in
4131.TWO,1241448064.0,-0.029549011441718176,398570000.0,2026-09-21T08:08:28Z,yahoo_mcap|yahoo_ret|mops_paid_in
4138.TWO,2180177920.0,-0.16893238496153284,399300000.0,2026-09-21T08:08:28Z,yahoo_mcap|yahoo_ret|mops_paid_in
4139.TWO,1834153856.0,0.6299999999999999,450099110.0,2026-09-21T08:08:28Z,yahoo_mcap|yahoo_ret|mops_paid_in
4147.TWO,17352026112.0,-0.1543536161818848,2732024250.0,2026-09-21T08:08:28Z,yahoo_mcap|yahoo_ret|mops_paid_in
4153.TWO,1894976384.0,-0.11721793123595314,586681970.0,2026-09-21T08:08:28Z,yahoo_mcap|yahoo_ret|mops_paid_in
4154.TWO,447243488.0,-0.34916201861423124,383900000.0,2026-09-21T08:08:28Z,yahoo_mcap|yahoo_ret|mops_paid_in
4157.TWO,6399387136.0,0.03452246320150354,20766551.0,2026-09-21T08:08:28Z,yahoo_mcap|yahoo_ret|mops_paid_in
4160.TWO,1096737664.0,-0.2133308232535387,266903340.0,2026-09-21T08:08:28Z,yahoo_mcap|yahoo_ret|mops_paid_in
4161.TWO,1327520128.0,-0.2132732162151293,597982040.0,2026-09-21T08:08:28Z,yahoo_mcap|yahoo_ret|mops_paid_in
4162.TWO,8017211904.0,-0.12641055547891256,1436776400.0,2026-09-21T08:08:28Z,yahoo_mcap|yahoo_ret|mops_paid_in
4163.TWO,6739793920.0,0.27864692056661133,506751430.0,2026-09-21T08:08:28Z,yahoo_mcap|yahoo_ret|mops_paid_in
4166.TWO,5905752576.0,-0.056310709240367074,2430350890.0,2026-09-21T08:08:28Z,yahoo_mcap|yahoo_ret|mops_paid_in
4167.TWO,6515041792.0,0.22055916364298955,3315543070.0,2026-09-21T08:08:28Z,yahoo_mcap|yahoo_ret|mops_paid_in
4168.TWO,2452957696.0,-0.1310555762094503,1125213180.0,2026-09-21T08:08:28Z,yahoo_mcap|yahoo_ret|mops_paid_in
4171.TWO,932462464.0,-0.09890115763481233,580574690.0,2026-09-21T08:08:28Z,yahoo_mcap|yahoo_ret|mops_paid_in
4173.TWO,1297587584.0,-0.25488180229095836,745743550.0,2026-09-21T08:08:28Z,yahoo_mcap|yahoo_ret|mops_paid_in
4174.TWO,3934242048.0,-0.4160156411526257,1315796870.0,2026-09-21T08:08:28Z,yahoo_mcap|yahoo_ret|mops_paid_in
4175.TWO,2175402240.0,-0.10142795056020537,423233070.0,2026-09-21T08:08:28Z,yahoo_mcap|yahoo_ret|mops_paid_in
4183.TWO,341530016.0,-0.25647663478067173,238000000.0,2026-09-21T08:08:28Z,yahoo_mcap|yahoo_ret|mops_paid_in
4188.TWO,867660736.0,-0.12738853657945448,633329000.0,2026-09-21T08:08:28Z,yahoo_mcap|yahoo_ret|mops_paid_in
4192.TWO,654068992.0,-0.29943499374921245,351645000.0,2026-09-21T08:08:28Z,yahoo_mcap|yahoo_ret|mops_paid_in
4198.TWO,1190935296.0,0.2666667057917669,241080000.0,2026-09-21T08:08:28Z,yahoo_mcap|yahoo_ret|mops_paid_in
4205.TWO,6737781248.0,-0.18385728244810473,976492280.0,2026-09-21T08:08:28Z,yahoo_mcap|yahoo_ret|mops_paid_in
4207.TWO,3659055360.0,0.08728303110677627,1886111080.0,2026-09-21T08:08:28Z,yahoo_mcap|yahoo_ret|mops_paid_in
4303.TWO,4662134272.0,-0.3109421705480423,946053170.0,2026-09-21T08:08:28Z,yahoo_mcap|yahoo_ret|mops_paid_in
4304.TWO,1156671360.0,1.239952798757924,610380650.0,2026-09-21T08:08:28Z,yahoo_mcap|yahoo_ret|mops_paid_in
4305.TWO,2318840064.0,0.09707187233287118,550140000.0,2026-09-21T08:08:28Z,yahoo_mcap|yahoo_ret|mops_paid_in
4401.TWO,1729957248.0,-0.1487475497215235,1226920120.0,2026-09-21T08:08:28Z,yahoo_mcap|yahoo_ret|mops_paid_in
4402.TWO,951885632.0,-0.301745609340358,679918300.0,2026-09-21T08:08:28Z,yahoo_mcap|yahoo_ret|mops_paid_in
4406.TWO,537289216.0,0.03500003814697261,519120000.0,2026-09-21T08:08:28Z,yahoo_mcap|yahoo_ret|mops_paid_in
4413.TWO,590287744.0,0.11198437906642789,313146890.0,2026-09-21T08:08:28Z,yahoo_mcap|yahoo_ret|mops_paid_in
4416.TWO,973401920.0,-0.7714041090297932,735862130.0,2026-09-21T08:08:28Z,yahoo_mcap|yahoo_ret|mops_paid_in
4417.TWO,4198550016.0,0.10621894529916442,839713990.0,2026-09-21T08:08:28Z,yahoo_mcap|yahoo_ret|mops_paid_in
4419.TWO,6088017920.0,0.02258062875399025,1691631330.0,2026-09-21T08:08:28Z,yahoo_mcap|yahoo_ret|mops_paid_in
4420.TWO,1450311680.0,-0.21873776661962785,404550000.0,2026-09-21T08:08:28Z,yahoo_mcap|yahoo_ret|mops_paid_in
4430.TWO,976347136.0,-0.06462360558289215,562736090.0,2026-09-21T08:08:28Z,yahoo_mcap|yahoo_ret|mops_paid_in
4432.TWO,784129472.0,-0.09750558834922474,505890000.0,2026-09-21T08:08:28Z,yahoo_mcap|yahoo_ret|mops_paid_in
4433.TWO,1081872000.0,-0.15757221863658688,612997740.0,2026-09-21T08:08:28Z,yahoo_mcap|yahoo_ret|mops_paid_in
4442.TWO,1762584448.0,0.0039060490778750623,328561490.0,2026-09-21T08:08:28Z,yahoo_mcap|yahoo_ret|mops_paid_in
4502.TWO,873600320.0,-0.125,574696860.0,2026-09-21T08:08:28Z,yahoo_mcap|yahoo_ret|mops_paid_in
4503.TWO,1844278784.0,-0.5831858542113177,783133260.0,2026-09-21T08:08:28Z,yahoo_mcap|yahoo_ret|mops_paid_in
4506.TWO,21064427520.0,-0.013738052118539623,1770120000.0,2026-09-21T08:08:28Z,yahoo_mcap|yahoo_ret|mops_paid_in
4510.TWO,4849541120.0,-0.04914528364434667,1089777240.0,2026-09-21T08:08:28Z,yahoo_mcap|yahoo_ret|mops_paid_in
4513.TWO,2379260928.0,-0.21749411179371847,1437619210.0,2026-09-21T08:08:28Z,yahoo_mcap|yahoo_ret|mops_paid_in
4523.TWO,1571765888.0,-0.19974485728356395,649490000.0,2026-09-21T08:08:28Z,yahoo_mcap|yahoo_ret|mops_paid_in
4527.TWO,2792888320.0,0.09676305877726743,685371330.0,2026-09-21T08:08:28Z,yahoo_mcap|yahoo_ret|mops_paid_in
4528.TWO,1254068864.0,-0.20656349342820846,841656950.0,2026-09-21T08:08:28Z,yahoo_mcap|yahoo_ret|mops_paid_in
4529.TWO,291694400.0,-0.10156246750072195,845490960.0,2026-09-21T08:08:28Z,yahoo_mcap|yahoo_ret|mops_paid_in
4530.TWO,889504768.0,-0.1729415278534694,357949590.0,2026-09-21T08:08:28Z,yahoo_mcap|yahoo_ret|mops_paid_in
4533.TWO,3992536832.0,0.08698186150174303,1784341100.0,2026-09-21T08:08:28Z,yahoo_mcap|yahoo_ret|mops_paid_in
4534.TWO,2798943488.0,0.8169014084507042,867889480.0,2026-09-21T08:08:28Z,yahoo_mcap|yahoo_ret|mops_paid_in
4535.TWO,2057999488.0,-0.05334012030410196,756617400.0,2026-09-21T08:08:28Z,yahoo_mcap|yahoo_ret|mops_paid_in
4538.TWO,1034777984.0,-0.0009211455190886175,594696040.0,2026-09-21T08:08:28Z,yahoo_mcap|yahoo_ret|mops_paid_in
4541.TWO,4144739328.0,0.19239102105744488,676470680.0,2026-09-21T08:08:28Z,yahoo_mcap|yahoo_ret|mops_paid_in
4542.TWO,10664335360.0,3.8278196561702,352542580.0,2026-09-21T08:08:28Z,yahoo_mcap|yahoo_ret|mops_paid_in
4543.TWO,1820066560.0,0.23326010243673534,627609150.0,2026-09-21T08:08:28Z,yahoo_mcap|yahoo_ret|mops_paid_in
4549.TWO,5680521728.0,-0.1345012109867777,570024450.0,2026-09-21T08:08:28Z,yahoo_mcap|yahoo_ret|mops_paid_in
4550.TWO,913811840.0,0.003619243819007689,378387830.0,2026-09-21T08:08:28Z,yahoo_mcap|yahoo_ret|mops_paid_in
4554.TWO,861368832.0,0.04723894876713475,302765840.0,2026-09-21T08:08:28Z,yahoo_mcap|yahoo_ret|mops_paid_in
4556.TWO,3693038080.0,2.8203795727667496,423028400.0,2026-09-21T08:08:28Z,yahoo_mcap|yahoo_ret|mops_paid_in
4558.TWO,860000064.0,-0.33846150911771333,500000000.0,2026-09-21T08:08:28Z,yahoo_mcap|yahoo_ret|mops_paid_in
4561.TWO,2425720320.0,-0.008882132171438961,585216190.0,2026-09-21T08:08:28Z,yahoo_mcap|yahoo_ret|mops_paid_in
4563.TWO,2582650112.0,-0.1868512003393893,549500000.0,2026-09-21T08:08:28Z,yahoo_mcap|yahoo_ret|mops_paid_in
4568.TWO,1283711616.0,-0.04463880914341678,320451250.0,2026-09-21T08:08:28Z,yahoo_mcap|yahoo_ret|mops_paid_in
4577.TWO,4255350784.0,1.3500678985085517,491379980.0,2026-09-21T08:08:28Z,yahoo_mcap|yahoo_ret|mops_paid_in
4580.TWO,3809773056.0,-0.052568507504674455,468031090.0,2026-09-21T08:08:28Z,yahoo_mcap|yahoo_ret|mops_paid_in
4584.TWO,1125074944.0,-0.2549171760069445,300024000.0,2026-09-21T08:08:28Z,yahoo_mcap|yahoo_ret|mops_paid_in
4609.TWO,199938240.0,-0.42083330739427427,479468200.0,2026-09-21T08:08:28Z,yahoo_mcap|yahoo_ret|mops_paid_in
4702.TWO,677036864.0,-0.015999985562837327,723332000.0,2026-09-21T08:08:28Z,yahoo_mcap|yahoo_ret|mops_paid_in
4706.TWO,2683068672.0,0.24601191481640594,790300930.0,2026-09-21T08:08:28Z,yahoo_mcap|yahoo_ret|mops_paid_in
4707.TWO,12041818112.0,2.004973236111327,4138081510.0,2026-09-21T08:08:28Z,yahoo_mcap|yahoo_ret|mops_paid_in
4711.TWO,1007424000.0,0.10681520754723506,610560000.0,2026-09-21T08:08:28Z,yahoo_mcap|yahoo_ret|mops_paid_in
4714.TWO,2278502400.0,-0.389914651978875,2218381880.0,2026-09-21T08:08:28Z,yahoo_mcap|yahoo_ret|mops_paid_in
4716.TWO,1595816320.0,0.10457512469603181,944271910.0,2026-09-21T08:08:28Z,yahoo_mcap|yahoo_ret|mops_paid_in
4721.TWO,5661443072.0,0.08773300510609094,749863040.0,2026-09-21T08:08:28Z,yahoo_mcap|yahoo_ret|mops_paid_in
4726.TWO,4751609344.0,-0.3838925969680683,2070418000.0,2026-09-21T08:08:28Z,yahoo_mcap|yahoo_ret|mops_paid_in
4728.TWO,21757968384.0,-0.016330229744334734,544630000.0,2026-09-21T08:08:28Z,yahoo_mcap|yahoo_ret|mops_paid_in
4729.TWO,1497385472.0,-0.20754719848077485,792267410.0,2026-09-21T08:08:28Z,yahoo_mcap|yahoo_ret|mops_paid_in
4735.TWO,1391983232.0,0.16458851887144665,415687580.0,2026-09-21T08:08:28Z,yahoo_mcap|yahoo_ret|mops_paid_in
4741.TWO,1357667968.0,0.7809981577021265,348120790.0,2026-09-21T08:08:28Z,yahoo_mcap|yahoo_ret|mops_paid_in
4743.TWO,21457625088.0,-0.35332367090318584,4805334860.0,2026-09-21T08:08:28Z,yahoo_mcap|yahoo_ret|mops_paid_in
4744.TWO,1614219136.0,0.021988097824226616,569484500.0,2026-09-21T08:08:28Z,yahoo_mcap|yahoo_ret|mops_paid_in
4745.TWO,784713536.0,-0.2882882490710983,662205470.0,2026-09-21T08:08:28Z,yahoo_mcap|yahoo_ret|mops_paid_in
4747.TWO,2159398912.0,-0.36993830355782986,454610320.0,2026-09-21T08:08:28Z,yahoo_mcap|yahoo_ret|mops_paid_in
4749.TWO,69628755968.0,-0.13789280774812884,947328650.0,2026-09-21T08:08:28Z,yahoo_mcap|yahoo_ret|mops_paid_in
4754.TWO,1138648832.0,0.017430357689755205,302832150.0,2026-09-21T08:08:28Z,yahoo_mcap|yahoo_ret|mops_paid_in
4760.TWO,8719024128.0,0.7913588084528131,327782890.0,2026-09-21T08:08:28Z,yahoo_mcap|yahoo_ret|mops_paid_in
4767.TWO,876478464.0,0.0021551532188768263,314150000.0,2026-09-21T08:08:28Z,yahoo_mcap|yahoo_ret|mops_paid_in
4768.TWO,15303591936.0,0.7514774530425865,474879690.0,2026-09-21T08:08:28Z,yahoo_mcap|yahoo_ret|mops_paid_in
4772.TWO,36108140544.0,-0.2002600924318353,1476815520.0,2026-09-21T08:08:28Z,yahoo_mcap|yahoo_ret|mops_paid_in
4804.TWO,235413584.0,-0.6506410148643801,719919200.0,2026-09-21T08:08:28Z,yahoo_mcap|yahoo_ret|mops_paid_in
4806.TWO,664278976.0,-0.3546195769249433,699241070.0,2026-09-21T08:08:28Z,yahoo_mcap|yahoo_ret|mops_paid_in
4903.TWO,4355962368.0,0.2921874523162842,1053437140.0,2026-09-21T08:08:28Z,yahoo_mcap|yahoo_ret|mops_paid_in
4905.TWO,2258829312.0,0.2642028510024035,292600440.0,2026-09-21T08:08:28Z,yahoo_mcap|yahoo_ret|mops_paid_in
4907.TWO,5405179392.0,0.07771505954886915,1181457780.0,2026-09-21T08:08:28Z,yahoo_mcap|yahoo_ret|mops_paid_in
4908.TWO,18146344960.0,1.5356282205351781,782169070.0,2026-09-21T08:08:28Z,yahoo_mcap|yahoo_ret|mops_paid_in
4909.TWO,3281498624.0,-0.3678057106019633,933568640.0,2026-09-21T08:08:28Z,yahoo_mcap|yahoo_ret|mops_paid_in
4911.TWO,1981933440.0,-0.37961915721355355,688171330.0,2026-09-21T08:08:28Z,yahoo_mcap|yahoo_ret|mops_paid_in
4923.TWO,2043025920.0,0.8909091371478457,369403600.0,2026-09-21T08:08:28Z,yahoo_mcap|yahoo_ret|mops_paid_in
4924.TWO,633652992.0,0.23999994451349438,371644090.0,2026-09-21T08:08:28Z,yahoo_mcap|yahoo_ret|mops_paid_in
4931.TWO,15702999040.0,0.5769658230862205,655657610.0,2026-09-21T08:08:28Z,yahoo_mcap|yahoo_ret|mops_paid_in
4933.TWO,4356340224.0,-0.06023564397412273,826626750.0,2026-09-21T08:08:28Z,yahoo_mcap|yahoo_ret|mops_paid_in
4939.TWO,7738228224.0,2.185941659658153,982008680.0,2026-09-21T08:08:28Z,yahoo_mcap|yahoo_ret|mops_paid_in
4946.TWO,831279424.0,-0.2776922959547776,88528160.0,2026-09-21T08:08:28Z,yahoo_mcap|yahoo_ret|mops_paid_in
4950.TWO,894801152.0,0.5546639503370048,577291070.0,2026-09-21T08:08:28Z,yahoo_mcap|yahoo_ret|mops_paid_in
4951.TWO,3404555520.0,0.32482489347722443,341487130.0,2026-09-21T08:08:28Z,yahoo_mcap|yahoo_ret|mops_paid_in
4953.TWO,8559119872.0,0.13769621983840707,731470140.0,2026-09-21T08:08:28Z,yahoo_mcap|yahoo_ret|mops_paid_in
4966.TWO,43590959104.0,-0.24887279106344296,789577880.0,2026-09-21T08:08:28Z,yahoo_mcap|yahoo_ret|mops_paid_in
4971.TWO,23231717376.0,2.550166485660751,471857430.0,2026-09-21T08:08:28Z,yahoo_mcap|yahoo_ret|mops_paid_in
4972.TWO,916579584.0,-0.07605635951942125,568885870.0,2026-09-21T08:08:28Z,yahoo_mcap|yahoo_ret|mops_paid_in
4973.TWO,9043058688.0,3.5699141171506916,652928430.0,2026-09-21T08:08:28Z,yahoo_mcap|yahoo_ret|mops_paid_in
4974.TWO,5176500224.0,-0.08242887175865998,725001040.0,2026-09-21T08:08:28Z,yahoo_mcap|yahoo_ret|mops_paid_in
4979.TWO,87977869312.0,1.7008367334486323,1428020270.0,2026-09-21T08:08:28Z,yahoo_mcap|yahoo_ret|mops_paid_in
4991.TWO,60354269184.0,1.9554896142433233,1213633720.0,2026-09-21T08:08:28Z,yahoo_mcap|yahoo_ret|mops_paid_in
4995.TWO,2159414528.0,0.14778691324216298,425920360.0,2026-09-21T08:08:28Z,yahoo_mcap|yahoo_ret|mops_paid_in
5009.TWO,17562284032.0,-0.07633683121335444,6024711970.0,2026-09-21T08:08:28Z,yahoo_mcap|yahoo_ret|mops_paid_in
5011.TWO,1822198016.0,0.7390214297776407,1006739220.0,2026-09-21T08:08:28Z,yahoo_mcap|yahoo_ret|mops_paid_in
5013.TWO,4282653440.0,0.17400585829456516,1334160000.0,2026-09-21T08:08:28Z,yahoo_mcap|yahoo_ret|mops_paid_in
5014.TWO,1810658816.0,0.010022197237980368,1832650540.0,2026-09-21T08:08:28Z,yahoo_mcap|yahoo_ret|mops_paid_in
5015.TWO,1334062080.0,-0.24870990169420293,606391890.0,2026-09-21T08:08:28Z,yahoo_mcap|yahoo_ret|mops_paid_in
5016.TWO,1218221952.0,0.02454388217013448,496220760.0,2026-09-21T08:08:28Z,yahoo_mcap|yahoo_ret|mops_paid_in
5201.TWO,1121563392.0,-0.27104879382080005,386746000.0,2026-09-21T08:08:28Z,yahoo_mcap|yahoo_ret|mops_paid_in
5202.TWO,1349774080.0,-0.20177740268834343,890940000.0,2026-09-21T08:08:28Z,yahoo_mcap|yahoo_ret|mops_paid_in
5205.TWO,245659984.0,-0.49415208037633884,135000000.0,2026-09-21T08:08:28Z,yahoo_mcap|yahoo_ret|mops_paid_in
5206.TWO,4584928768.0,-0.3068274598654869,1800933750.0,2026-09-21T08:08:28Z,yahoo_mcap|yahoo_ret|mops_paid_in
5209.TWO,4870673408.0,0.15960623636548732,285672240.0,2026-09-21T08:08:28Z,yahoo_mcap|yahoo_ret|mops_paid_in
5210.TWO,2407808768.0,0.13565891874029234,821777790.0,2026-09-21T08:08:28Z,yahoo_mcap|yahoo_ret|mops_paid_in
5211.TWO,658093184.0,-0.275132311797338,320247270.0,2026-09-21T08:08:28Z,yahoo_mcap|yahoo_ret|mops_paid_in
5212.TWO,1657188992.0,0.057509167514792514,346330000.0,2026-09-21T08:08:28Z,yahoo_mcap|yahoo_ret|mops_paid_in
5213.TWO,15010213888.0,-0.0850059960815166,7213343260.0,2026-09-21T08:08:28Z,yahoo_mcap|yahoo_ret|mops_paid_in
5220.TWO,783343616.0,0.0044330163688601765,396670000.0,2026-09-21T08:08:28Z,yahoo_mcap|yahoo_ret|mops_paid_in
5223.TWO,1011285056.0,-0.18050541019080513,445497810.0,2026-09-21T08:08:28Z,yahoo_mcap|yahoo_ret|mops_paid_in
5227.TWO,2961600000.0,0.04047220163164833,960000000.0,2026-09-21T08:08:28Z,yahoo_mcap|yahoo_ret|mops_paid_in
5228.TWO,1543180928.0,1.399408293039182,380562530.0,2026-09-21T08:08:28Z,yahoo_mcap|yahoo_ret|mops_paid_in
5230.TWO,1388428416.0,0.2010387341182056,563038310.0,2026-09-21T08:08:28Z,yahoo_mcap|yahoo_ret|mops_paid_in
5245.TWO,894085952.0,-0.23234201072979344,451271410.0,2026-09-21T08:08:28Z,yahoo_mcap|yahoo_ret|mops_paid_in
5251.TWO,1069348032.0,-0.3086150094240081,337333770.0,2026-09-21T08:08:28Z,yahoo_mcap|yahoo_ret|mops_paid_in
5263.TWO,6738576896.0,-0.023255880759073144,789368910.0,2026-09-21T08:08:28Z,yahoo_mcap|yahoo_ret|mops_paid_in
5272.TWO,945221696.0,-0.22272725538773974,552761180.0,2026-09-21T08:08:28Z,yahoo_mcap|yahoo_ret|mops_paid_in
5274.TWO,824174116864.0,3.1719158174856723,415829530.0,2026-09-21T08:08:28Z,yahoo_mcap|yahoo_ret|mops_paid_in
5276.TWO,711000000.0,0.24544184853838558,395000000.0,2026-09-21T08:08:28Z,yahoo_mcap|yahoo_ret|mops_paid_in
5278.TWO,6993607168.0,-0.2748395738857857,300000000.0,2026-09-21T08:08:28Z,yahoo_mcap|yahoo_ret|mops_paid_in
5287.TWO,9006180352.0,-0.0892127831528906,603100500.0,2026-09-21T08:08:28Z,yahoo_mcap|yahoo_ret|mops_paid_in
5289.TWO,127284158464.0,2.8065364205036074,982899310.0,2026-09-21T08:08:28Z,yahoo_mcap|yahoo_ret|mops_paid_in
5291.TWO,2446411520.0,1.3643724583808048,418906060.0,2026-09-21T08:08:28Z,yahoo_mcap|yahoo_ret|mops_paid_in
5299.TWO,4895519744.0,0.30549512807422197,508889810.0,2026-09-21T08:08:28Z,yahoo_mcap|yahoo_ret|mops_paid_in
5301.TWO,326156992.0,-0.5784554210673571,539288460.0,2026-09-21T08:08:28Z,yahoo_mcap|yahoo_ret|mops_paid_in
5302.TWO,1574900352.0,0.07650281881125265,1598883490.0,2026-09-21T08:08:28Z,yahoo_mcap|yahoo_ret|mops_paid_in
5309.TWO,11986774016.0,-0.22090927085716117,2309674510.0,2026-09-21T08:08:28Z,yahoo_mcap|yahoo_ret|mops_paid_in
5310.TWO,738072000.0,-0.3985849273039286,289435170.0,2026-09-21T08:08:28Z,yahoo_mcap|yahoo_ret|mops_paid_in
5312.TWO,5465460224.0,-0.07957613228426175,600598980.0,2026-09-21T08:08:28Z,yahoo_mcap|yahoo_ret|mops_paid_in
5314.TWO,34960510976.0,-0.04924485192710537,146000000.0,2026-09-21T08:08:28Z,yahoo_mcap|yahoo_ret|mops_paid_in
5315.TWO,2047276032.0,-0.07430638862012218,1063518320.0,2026-09-21T08:08:28Z,yahoo_mcap|yahoo_ret|mops_paid_in
5321.TWO,3738571520.0,0.648300129815977,595431490.0,2026-09-21T08:08:28Z,yahoo_mcap|yahoo_ret|mops_paid_in
5324.TWO,2886332416.0,0.19158880628761943,2263790900.0,2026-09-21T08:08:28Z,yahoo_mcap|yahoo_ret|mops_paid_in
5328.TWO,9032770560.0,2.131736695871184,1727107240.0,2026-09-21T08:08:28Z,yahoo_mcap|yahoo_ret|mops_paid_in
5340.TWO,15981305856.0,0.7598782810937803,1948939640.0,2026-09-21T08:08:28Z,yahoo_mcap|yahoo_ret|mops_paid_in
5344.TWO,1040755712.0,-0.09027772718741434,794474600.0,2026-09-21T08:08:28Z,yahoo_mcap|yahoo_ret|mops_paid_in
5345.TWO,808812992.0,-0.14400001525878903,377950000.0,2026-09-21T08:08:28Z,yahoo_mcap|yahoo_ret|mops_paid_in
5347.TWO,323074392064.0,0.7177639397933384,18785021920.0,2026-09-21T08:08:28Z,yahoo_mcap|yahoo_ret|mops_paid_in
5348.TWO,245280224.0,-0.1331592317418675,147759170.0,2026-09-21T08:08:28Z,yahoo_mcap|yahoo_ret|mops_paid_in
5351.TWO,35665903616.0,1.9435483267271736,3286367810.0,2026-09-21T08:08:28Z,yahoo_mcap|yahoo_ret|mops_paid_in
5353.TWO,2118773120.0,0.09572958462288317,765000000.0,2026-09-21T08:08:28Z,yahoo_mcap|yahoo_ret|mops_paid_in
5355.TWO,1161198208.0,-0.15272730047052552,775000000.0,2026-09-21T08:08:28Z,yahoo_mcap|yahoo_ret|mops_paid_in
5356.TWO,2673888000.0,0.09209914888619775,1030400000.0,2026-09-21T08:08:28Z,yahoo_mcap|yahoo_ret|mops_paid_in
5364.TWO,537616512.0,-0.5202278950238739,638499400.0,2026-09-21T08:08:28Z,yahoo_mcap|yahoo_ret|mops_paid_in
5381.TWO,4943045632.0,-0.12424242700724164,2076905620.0,2026-09-21T08:08:28Z,yahoo_mcap|yahoo_ret|mops_paid_in
5386.TWO,15559879680.0,5.417638150368263,541213220.0,2026-09-21T08:08:28Z,yahoo_mcap|yahoo_ret|mops_paid_in
5392.TWO,7199400960.0,-0.09499077187108629,1765621450.0,2026-09-21T08:08:28Z,yahoo_mcap|yahoo_ret|mops_paid_in
5398.TWO,692516416.0,-0.31034480166674094,494654600.0,2026-09-21T08:08:28Z,yahoo_mcap|yahoo_ret|mops_paid_in
5403.TWO,7078973952.0,-0.1982596736592137,781761230.0,2026-09-21T08:08:28Z,yahoo_mcap|yahoo_ret|mops_paid_in
5410.TWO,3145272320.0,0.036182609632869234,933686230.0,2026-09-21T08:08:28Z,yahoo_mcap|yahoo_ret|mops_paid_in
5425.TWO,23094120448.0,0.7376911533831678,2634854860.0,2026-09-21T08:08:28Z,yahoo_mcap|yahoo_ret|mops_paid_in
5426.TWO,4227719936.0,0.29504618003365723,1438000000.0,2026-09-21T08:08:28Z,yahoo_mcap|yahoo_ret|mops_paid_in
5432.TWO,3330736384.0,0.30707779929752266,206878040.0,2026-09-21T08:08:28Z,yahoo_mcap|yahoo_ret|mops_paid_in
5438.TWO,1845599616.0,-0.34575387923776413,1125365650.0,2026-09-21T08:08:28Z,yahoo_mcap|yahoo_ret|mops_paid_in
5439.TWO,22779060224.0,-0.2122633280170999,929757520.0,2026-09-21T08:08:28Z,yahoo_mcap|yahoo_ret|mops_paid_in
5443.TWO,17557501952.0,-0.04003790704670196,1647466440.0,2026-09-21T08:08:28Z,yahoo_mcap|yahoo_ret|mops_paid_in
5450.TWO,1793207424.0,0.14265186574558109,1224032390.0,2026-09-21T08:08:28Z,yahoo_mcap|yahoo_ret|mops_paid_in
5452.TWO,4122615552.0,0.11140916415736046,1487636690.0,2026-09-21T08:08:28Z,yahoo_mcap|yahoo_ret|mops_paid_in
5455.TWO,1997810944.0,0.006600685411728646,655018130.0,2026-09-21T08:08:28Z,yahoo_mcap|yahoo_ret|mops_paid_in
5457.TWO,4709687808.0,-0.4611455979959598,1962370000.0,2026-09-21T08:08:28Z,yahoo_mcap|yahoo_ret|mops_paid_in
5460.TWO,1008042688.0,0.15100671527546905,587781300.0,2026-09-21T08:08:28Z,yahoo_mcap|yahoo_ret|mops_paid_in
5464.TWO,6439122944.0,2.880085524367706,710714900.0,2026-09-21T08:08:28Z,yahoo_mcap|yahoo_ret|mops_paid_in
5465.TWO,4334484992.0,-0.1112618089009817,1476826290.0,2026-09-21T08:08:28Z,yahoo_mcap|yahoo_ret|mops_paid_in
5468.TWO,1467180416.0,0.6381578901963221,589229090.0,2026-09-21T08:08:28Z,yahoo_mcap|yahoo_ret|mops_paid_in
5474.TWO,6699044864.0,-0.08186297040029211,397569440.0,2026-09-21T08:08:28Z,yahoo_mcap|yahoo_ret|mops_paid_in
5475.TWO,22755735552.0,2.236889737243235,1271270170.0,2026-09-21T08:08:28Z,yahoo_mcap|yahoo_ret|mops_paid_in
5478.TWO,14578265088.0,-0.010241538575323728,1560743320.0,2026-09-21T08:08:28Z,yahoo_mcap|yahoo_ret|mops_paid_in
5481.TWO,1454225664.0,0.06310675791200149,714028910.0,2026-09-21T08:08:28Z,yahoo_mcap|yahoo_ret|mops_paid_in
5483.TWO,114543009792.0,0.5326345535781964,6412216510.0,2026-09-21T08:08:28Z,yahoo_mcap|yahoo_ret|mops_paid_in
5487.TWO,721845376.0,-0.05095542678049936,242225160.0,2026-09-21T08:08:28Z,yahoo_mcap|yahoo_ret|mops_paid_in
5488.TWO,1080716288.0,0.1789911186878217,915861240.0,2026-09-21T08:08:28Z,yahoo_mcap|yahoo_ret|mops_paid_in
5489.TWO,4465679872.0,0.1382384320188088,1027064410.0,2026-09-21T08:08:28Z,yahoo_mcap|yahoo_ret|mops_paid_in
5490.TWO,2398669056.0,-0.1818600075921052,961522010.0,2026-09-21T08:08:28Z,yahoo_mcap|yahoo_ret|mops_paid_in
5493.TWO,3997567232.0,0.1508455433250393,436892550.0,2026-09-21T08:08:28Z,yahoo_mcap|yahoo_ret|mops_paid_in
5498.TWO,10141967360.0,1.7355402974207785,1935485450.0,2026-09-21T08:08:28Z,yahoo_mcap|yahoo_ret|mops_paid_in
5508.TWO,11806345216.0,-0.3614493551474307,2174281330.0,2026-09-21T08:08:28Z,yahoo_mcap|yahoo_ret|mops_paid_in
5511.TWO,9452000256.0,0.4560656227445039,1360000000.0,2026-09-21T08:08:28Z,yahoo_mcap|yahoo_ret|mops_paid_in
5512.TWO,5880998912.0,-0.10520229913798862,7663124940.0,2026-09-21T08:08:28Z,yahoo_mcap|yahoo_ret|mops_paid_in
5514.TWO,3365618432.0,-0.1514285496303014,2361182800.0,2026-09-21T08:08:28Z,yahoo_mcap|yahoo_ret|mops_paid_in
5516.TWO,610810944.0,-0.15658361419211264,515452230.0,2026-09-21T08:08:28Z,yahoo_mcap|yahoo_ret|mops_paid_in
5520.TWO,4917969920.0,-0.02647349100231733,599752450.0,2026-09-21T08:08:28Z,yahoo_mcap|yahoo_ret|mops_paid_in
5523.TWO,4704280064.0,0.00830564773527076,1550014640.0,2026-09-21T08:08:28Z,yahoo_mcap|yahoo_ret|mops_paid_in
5529.TWO,2750003200.0,-0.016253499749002476,1057693500.0,2026-09-21T08:08:28Z,yahoo_mcap|yahoo_ret|mops_paid_in
5530.TWO,20605120512.0,-0.13185842058299913,4200841990.0,2026-09-21T08:08:28Z,yahoo_mcap|yahoo_ret|mops_paid_in
5536.TWO,107330002944.0,0.110959469485999,620404650.0,2026-09-21T08:08:28Z,yahoo_mcap|yahoo_ret|mops_paid_in
5543.TWO,1272672896.0,0.35572136730514137,467035930.0,2026-09-21T08:08:28Z,yahoo_mcap|yahoo_ret|mops_paid_in
5547.TWO,1020000000.0,-0.03355598798396697,510000000.0,2026-09-21T08:08:28Z,yahoo_mcap|yahoo_ret|mops_paid_in
5548.TWO,1181962880.0,-0.05430482736266007,637230650.0,2026-09-21T08:08:28Z,yahoo_mcap|yahoo_ret|mops_paid_in
5601.TWO,1979639936.0,-0.1779618192805007,648000000.0,2026-09-21T08:08:28Z,yahoo_mcap|yahoo_ret|mops_paid_in
5603.TWO,1415834112.0,-0.29676660528428944,1048766070.0,2026-09-21T08:08:28Z,yahoo_mcap|yahoo_ret|mops_paid_in
5604.TWO,3383150336.0,-0.1177848091335002,1087829680.0,2026-09-21T08:08:28Z,yahoo_mcap|yahoo_ret|mops_paid_in
5609.TWO,11090627584.0,0.07291665259965185,1428840000.0,2026-09-21T08:08:28Z,yahoo_mcap|yahoo_ret|mops_paid_in
5701.TWO,614900032.0,-0.07526879515147888,1430000000.0,2026-09-21T08:08:28Z,yahoo_mcap|yahoo_ret|mops_paid_in
5703.TWO,976336000.0,-0.085526329411034,702395940.0,2026-09-21T08:08:28Z,yahoo_mcap|yahoo_ret|mops_paid_in
5704.TWO,1336159616.0,-0.1700182652165796,588616580.0,2026-09-21T08:08:28Z,yahoo_mcap|yahoo_ret|mops_paid_in
5864.TWO,18489579520.0,1.9517343506736395,5044900840.0,2026-09-21T08:08:28Z,yahoo_mcap|yahoo_ret|mops_paid_in
5878.TWO,954665664.0,-0.08379688766693383,250243030.0,2026-09-21T08:08:28Z,yahoo_mcap|yahoo_ret|mops_paid_in
5902.TWO,3250800128.0,-0.2342466013989435,945000000.0,2026-09-21T08:08:28Z,yahoo_mcap|yahoo_ret|mops_paid_in
5903.TWO,41295699968.0,-0.0073107113314183625,2232200000.0,2026-09-21T08:08:28Z,yahoo_mcap|yahoo_ret|mops_paid_in
5904.TWO,75894448128.0,0.6019614846004997,1064438260.0,2026-09-21T08:08:28Z,yahoo_mcap|yahoo_ret|mops_paid_in
5905.TWO,2061480448.0,-0.3375565569854916,2816232350.0,2026-09-21T08:08:28Z,yahoo_mcap|yahoo_ret|mops_paid_in
6015.TWO,7204511232.0,0.706609593315904,4036140820.0,2026-09-21T08:08:28Z,yahoo_mcap|yahoo_ret|mops_paid_in
6016.TWO,18267756544.0,1.085398080619433,7724199460.0,2026-09-21T08:08:28Z,yahoo_mcap|yahoo_ret|mops_paid_in
6020.TWO,5236324352.0,0.11657045945656908,2523531540.0,2026-09-21T08:08:28Z,yahoo_mcap|yahoo_ret|mops_paid_in
6021.TWO,14165071872.0,1.1910950285224566,3122309740.0,2026-09-21T08:08:28Z,yahoo_mcap|yahoo_ret|mops_paid_in
6023.TWO,40303378432.0,0.2217665241141653,3679727320.0,2026-09-21T08:08:28Z,yahoo_mcap|yahoo_ret|mops_paid_in
6026.TWO,6259357184.0,0.5310219639145515,3961618410.0,2026-09-21T08:08:28Z,yahoo_mcap|yahoo_ret|mops_paid_in
6028.TWO,2427500032.0,-0.15086335502851833,250000000.0,2026-09-21T08:08:28Z,yahoo_mcap|yahoo_ret|mops_paid_in
6101.TWO,4554932224.0,0.06491708355230075,1166018500.0,2026-09-21T08:08:28Z,yahoo_mcap|yahoo_ret|mops_paid_in
6103.TWO,511543872.0,-0.06583854722680516,136048910.0,2026-09-21T08:08:28Z,yahoo_mcap|yahoo_ret|mops_paid_in
6104.TWO,8319986688.0,-0.21000225442525855,911271070.0,2026-09-21T08:08:28Z,yahoo_mcap|yahoo_ret|mops_paid_in
6109.TWO,922162496.0,0.00961542164785767,878254140.0,2026-09-21T08:08:28Z,yahoo_mcap|yahoo_ret|mops_paid_in
6111.TWO,3206544128.0,-0.295542644398494,1085110510.0,2026-09-21T08:08:28Z,yahoo_mcap|yahoo_ret|mops_paid_in
6113.TWO,1142417664.0,0.013452966577263581,525494550.0,2026-09-21T08:08:28Z,yahoo_mcap|yahoo_ret|mops_paid_in
6114.TWO,1016562752.0,-0.2651314829892004,439119370.0,2026-09-21T08:08:28Z,yahoo_mcap|yahoo_ret|mops_paid_in
6118.TWO,1408795008.0,-0.2824074200805484,908895730.0,2026-09-21T08:08:28Z,yahoo_mcap|yahoo_ret|mops_paid_in
6121.TWO,69086486528.0,0.0679417089775145,1849705190.0,2026-09-21T08:08:28Z,yahoo_mcap|yahoo_ret|mops_paid_in
6122.TWO,3956788736.0,0.0829682378955161,780916320.0,2026-09-21T08:08:28Z,yahoo_mcap|yahoo_ret|mops_paid_in
6123.TWO,2616322304.0,-0.16443469275508882,620894300.0,2026-09-21T08:08:28Z,yahoo_mcap|yahoo_ret|mops_paid_in
6124.TWO,4890461184.0,-0.005565919170035127,1824799450.0,2026-09-21T08:08:28Z,yahoo_mcap|yahoo_ret|mops_paid_in
6125.TWO,12872854528.0,-0.35377971615734605,2590111500.0,2026-09-21T08:08:28Z,yahoo_mcap|yahoo_ret|mops_paid_in
6126.TWO,3952632576.0,0.17056357018543156,1300507540.0,2026-09-21T08:08:28Z,yahoo_mcap|yahoo_ret|mops_paid_in
6127.TWO,5285112320.0,1.0808511287608047,1080797510.0,2026-09-21T08:08:28Z,yahoo_mcap|yahoo_ret|mops_paid_in
6129.TWO,2480869888.0,-0.19820285179572783,1605741200.0,2026-09-21T08:08:28Z,yahoo_mcap|yahoo_ret|mops_paid_in
6130.TWO,1170875008.0,-0.41860462944580334,493000000.0,2026-09-21T08:08:28Z,yahoo_mcap|yahoo_ret|mops_paid_in
6134.TWO,2415518976.0,0.19863122037375236,818821170.0,2026-09-21T08:08:28Z,yahoo_mcap|yahoo_ret|mops_paid_in
6138.TWO,20265414656.0,0.2848767667131087,756335000.0,2026-09-21T08:08:28Z,yahoo_mcap|yahoo_ret|mops_paid_in
6140.TWO,1314807168.0,-0.2764349889120229,548977600.0,2026-09-21T08:08:28Z,yahoo_mcap|yahoo_ret|mops_paid_in
6143.TWO,7142888448.0,-0.38678113894930843,860588970.0,2026-09-21T08:08:28Z,yahoo_mcap|yahoo_ret|mops_paid_in
6144.TWO,482248640.0,-0.4028435946126713,382737010.0,2026-09-21T08:08:28Z,yahoo_mcap|yahoo_ret|mops_paid_in
6146.TWO,18336096256.0,0.09056488056184175,1018671990.0,2026-09-21T08:08:28Z,yahoo_mcap|yahoo_ret|mops_paid_in
6147.TWO,166785368064.0,3.0789798760320615,7445775390.0,2026-09-21T08:08:28Z,yahoo_mcap|yahoo_ret|mops_paid_in
6148.TWO,1864150272.0,-0.13128724123701363,466037570.0,2026-09-21T08:08:28Z,yahoo_mcap|yahoo_ret|mops_paid_in
6150.TWO,2987782656.0,-0.23434390208675504,483459850.0,2026-09-21T08:08:28Z,yahoo_mcap|yahoo_ret|mops_paid_in
6151.TWO,1945057024.0,0.20852214304209138,552573000.0,2026-09-21T08:08:28Z,yahoo_mcap|yahoo_ret|mops_paid_in
6154.TWO,1133132032.0,0.037253488580029526,800800000.0,2026-09-21T08:08:28Z,yahoo_mcap|yahoo_ret|mops_paid_in
6156.TWO,2270768896.0,-0.06403729242831269,1078750100.0,2026-09-21T08:08:28Z,yahoo_mcap|yahoo_ret|mops_paid_in
6158.TWO,932735168.0,-0.29652350812967354,550287880.0,2026-09-21T08:08:28Z,yahoo_mcap|yahoo_ret|mops_paid_in
6160.TWO,1124771072.0,-0.39139786586966563,684891200.0,2026-09-21T08:08:28Z,yahoo_mcap|yahoo_ret|mops_paid_in
6161.TWO,2758448128.0,-0.13400424142615797,562374770.0,2026-09-21T08:08:28Z,yahoo_mcap|yahoo_ret|mops_paid_in
6163.TWO,6288448000.0,0.9796331070861588,1488387470.0,2026-09-21T08:08:28Z,yahoo_mcap|yahoo_ret|mops_paid_in
6167.TWO,1473724032.0,-0.20960359109926918,1430800000.0,2026-09-21T08:08:28Z,yahoo_mcap|yahoo_ret|mops_paid_in
6169.TWO,277230752.0,-0.4030226622800531,233949600.0,2026-09-21T08:08:28Z,yahoo_mcap|yahoo_ret|mops_paid_in
6170.TWO,4683070976.0,0.018312093881761582,972600380.0,2026-09-21T08:08:28Z,yahoo_mcap|yahoo_ret|mops_paid_in
6171.TWO,2600000000.0,-0.1347753524088513,1000000000.0,2026-09-21T08:08:28Z,yahoo_mcap|yahoo_ret|mops_paid_in
6173.TWO,49257824256.0,5.459255030500927,1609280000.0,2026-09-21T08:08:28Z,yahoo_mcap|yahoo_ret|mops_paid_in
6174.TWO,2215000064.0,0.9143575260778727,500000000.0,2026-09-21T08:08:28Z,yahoo_mcap|yahoo_ret|mops_paid_in
6175.TWO,10718697472.0,0.8003814094720982,1501218120.0,2026-09-21T08:08:28Z,yahoo_mcap|yahoo_ret|mops_paid_in
6179.TWO,6623075840.0,0.0653449139570279,1773246500.0,2026-09-21T08:08:28Z,yahoo_mcap|yahoo_ret|mops_paid_in
6180.TWO,6915355136.0,-0.3210084433722702,1754935730.0,2026-09-21T08:08:28Z,yahoo_mcap|yahoo_ret|mops_paid_in
6182.TWO,71910154240.0,2.721682893841727,6253056620.0,2026-09-21T08:08:28Z,yahoo_mcap|yahoo_ret|mops_paid_in
6185.TWO,1890617728.0,-0.2271519721301689,1498675310.0,2026-09-21T08:08:28Z,yahoo_mcap|yahoo_ret|mops_paid_in
6186.TWO,6750500864.0,-0.4692564818481574,1949075980.0,2026-09-21T08:08:28Z,yahoo_mcap|yahoo_ret|mops_paid_in
6187.TWO,120245534720.0,2.231779092934029,982627390.0,2026-09-21T08:08:28Z,yahoo_mcap|yahoo_ret|mops_paid_in
6188.TWO,17453109248.0,-0.4896521254645516,2783589100.0,2026-09-21T08:08:28Z,yahoo_mcap|yahoo_ret|mops_paid_in
6190.TWO,12788684800.0,0.7450085806688123,1865224410.0,2026-09-21T08:08:28Z,yahoo_mcap|yahoo_ret|mops_paid_in
6194.TWO,1461600.0,-0.0690656981501403,480000000.0,2026-09-21T08:08:28Z,yahoo_mcap|yahoo_ret|mops_paid_in
6195.TWO,1395365376.0,0.02026322629202526,501929420.0,2026-09-21T08:08:28Z,yahoo_mcap|yahoo_ret|mops_paid_in
6198.TWO,3342306816.0,-0.35,1714003500.0,2026-09-21T08:08:28Z,yahoo_mcap|yahoo_ret|mops_paid_in
6199.TWO,7071521792.0,0.1280788177339902,617600180.0,2026-09-21T08:08:28Z,yahoo_mcap|yahoo_ret|mops_paid_in
6203.TWO,4944081920.0,-0.01720275092052259,824013700.0,2026-09-21T08:08:28Z,yahoo_mcap|yahoo_ret|mops_paid_in
6204.TWO,2495015936.0,0.502234444607518,231020800.0,2026-09-21T08:08:28Z,yahoo_mcap|yahoo_ret|mops_paid_in
6207.TWO,10826477568.0,0.9137475907226678,930664840.0,2026-09-21T08:08:28Z,yahoo_mcap|yahoo_ret|mops_paid_in
6208.TWO,7207477248.0,0.5777192613105404,944623430.0,2026-09-21T08:08:28Z,yahoo_mcap|yahoo_ret|mops_paid_in
6210.TWO,604577984.0,-0.07506700520997656,350480000.0,2026-09-21T08:08:28Z,yahoo_mcap|yahoo_ret|mops_paid_in
6212.TWO,3325199872.0,-0.223809560139974,1020000000.0,2026-09-21T08:08:28Z,yahoo_mcap|yahoo_ret|mops_paid_in
6217.TWO,20009986048.0,2.520561792817472,1172100180.0,2026-09-21T08:08:28Z,yahoo_mcap|yahoo_ret|mops_paid_in
6218.TWO,4350537216.0,2.4105791258040052,642620000.0,2026-09-21T08:08:28Z,yahoo_mcap|yahoo_ret|mops_paid_in
6219.TWO,1530846848.0,-0.39205954184065106,1249670900.0,2026-09-21T08:08:28Z,yahoo_mcap|yahoo_ret|mops_paid_in
6220.TWO,3683544576.0,0.4026116800033017,1464626400.0,2026-09-21T08:08:28Z,yahoo_mcap|yahoo_ret|mops_paid_in
6221.TWO,5226630656.0,-0.07251892148532302,1686012060.0,2026-09-21T08:08:28Z,yahoo_mcap|yahoo_ret|mops_paid_in
6222.TWO,1803735424.0,-0.06683169952877155,956888780.0,2026-09-21T08:08:28Z,yahoo_mcap|yahoo_ret|mops_paid_in
6223.TWO,538407305216.0,2.2625901877261487,979813090.0,2026-09-21T08:08:28Z,yahoo_mcap|yahoo_ret|mops_paid_in
6227.TWO,10046755840.0,0.5144649908452861,761117860.0,2026-09-21T08:08:28Z,yahoo_mcap|yahoo_ret|mops_paid_in
6228.TWO,475599168.0,-0.45514952123965746,290000000.0,2026-09-21T08:08:28Z,yahoo_mcap|yahoo_ret|mops_paid_in
6229.TWO,956548608.0,-0.05633333988993561,403607000.0,2026-09-21T08:08:28Z,yahoo_mcap|yahoo_ret|mops_paid_in
6231.TWO,10203262976.0,-0.19371809713169375,456521860.0,2026-09-21T08:08:28Z,yahoo_mcap|yahoo_ret|mops_paid_in
6233.TWO,1683166336.0,0.006993921336351905,809718960.0,2026-09-21T08:08:28Z,yahoo_mcap|yahoo_ret|mops_paid_in
6234.TWO,4251363840.0,0.6958221404286038,1003863980.0,2026-09-21T08:08:28Z,yahoo_mcap|yahoo_ret|mops_paid_in
6236.TWO,728945024.0,-0.38162542502535834,416540390.0,2026-09-21T08:08:28Z,yahoo_mcap|yahoo_ret|mops_paid_in
6237.TWO,2763681536.0,-0.228731106920115,796453710.0,2026-09-21T08:08:28Z,yahoo_mcap|yahoo_ret|mops_paid_in
6240.TWO,556811456.0,0.25839792772242953,228673700.0,2026-09-21T08:08:28Z,yahoo_mcap|yahoo_ret|mops_paid_in
6241.TWO,566762048.0,-0.0836358788873921,455336700.0,2026-09-21T08:08:28Z,yahoo_mcap|yahoo_ret|mops_paid_in
6242.TWO,1079847680.0,-0.13038147844516335,318065000.0,2026-09-21T08:08:28Z,yahoo_mcap|yahoo_ret|mops_paid_in
6244.TWO,9289007104.0,0.340593734931133,3870418750.0,2026-09-21T08:08:28Z,yahoo_mcap|yahoo_ret|mops_paid_in
6245.TWO,12960147456.0,0.10496629817815628,1466083030.0,2026-09-21T08:08:28Z,yahoo_mcap|yahoo_ret|mops_paid_in
6246.TWO,490170432.0,-0.15359479425972844,378514150.0,2026-09-21T08:08:28Z,yahoo_mcap|yahoo_ret|mops_paid_in
6248.TWO,1619759360.0,-0.10199432058677516,999561490.0,2026-09-21T08:08:28Z,yahoo_mcap|yahoo_ret|mops_paid_in
6259.TWO,830457600.0,0.8247340312954157,280561460.0,2026-09-21T08:08:28Z,yahoo_mcap|yahoo_ret|mops_paid_in
6261.TWO,10189891584.0,0.34730193131670317,1284979890.0,2026-09-21T08:08:28Z,yahoo_mcap|yahoo_ret|mops_paid_in
6263.TWO,9906408448.0,0.14218922342789297,625009640.0,2026-09-21T08:08:28Z,yahoo_mcap|yahoo_ret|mops_paid_in
6264.TWO,820857152.0,-0.20789472941216325,1363552910.0,2026-09-21T08:08:28Z,yahoo_mcap|yahoo_ret|mops_paid_in
6265.TWO,5731341824.0,2.730769230769231,1181721510.0,2026-09-21T08:08:28Z,yahoo_mcap|yahoo_ret|mops_paid_in
6266.TWO,3846799872.0,-0.11467137429788443,1538716410.0,2026-09-21T08:08:28Z,yahoo_mcap|yahoo_ret|mops_paid_in
6270.TWO,2160772864.0,0.33903983164474094,721457590.0,2026-09-21T08:08:28Z,yahoo_mcap|yahoo_ret|mops_paid_in
6274.TWO,414284513280.0,3.7270519670230833,2994600930.0,2026-09-21T08:08:28Z,yahoo_mcap|yahoo_ret|mops_paid_in
6275.TWO,3691269888.0,0.06047489720750199,803445670.0,2026-09-21T08:08:28Z,yahoo_mcap|yahoo_ret|mops_paid_in
6276.TWO,433144928.0,-0.5709606998720245,220430000.0,2026-09-21T08:08:28Z,yahoo_mcap|yahoo_ret|mops_paid_in
6279.TWO,13389299712.0,-0.1091470652257246,1190157360.0,2026-09-21T08:08:28Z,yahoo_mcap|yahoo_ret|mops_paid_in
6284.TWO,11065310208.0,0.04688213719837586,1489803410.0,2026-09-21T08:08:28Z,yahoo_mcap|yahoo_ret|mops_paid_in
6290.TWO,47671648256.0,1.342576969810453,1696524100.0,2026-09-21T08:08:28Z,yahoo_mcap|yahoo_ret|mops_paid_in
6291.TWO,21712732160.0,2.1145648899181286,420000000.0,2026-09-21T08:08:28Z,yahoo_mcap|yahoo_ret|mops_paid_in
6292.TWO,3168848384.0,0.6994876784752215,466007120.0,2026-09-21T08:08:28Z,yahoo_mcap|yahoo_ret|mops_paid_in
6294.TWO,746246528.0,-0.39372275438670423,260471060.0,2026-09-21T08:08:28Z,yahoo_mcap|yahoo_ret|mops_paid_in
6411.TWO,7783052288.0,0.09063679918308476,995080310.0,2026-09-21T08:08:28Z,yahoo_mcap|yahoo_ret|mops_paid_in
6417.TWO,4333085184.0,-0.06514016760130292,422740000.0,2026-09-21T08:08:28Z,yahoo_mcap|yahoo_ret|mops_paid_in
6418.TWO,1218626560.0,-0.36430164212817173,345220000.0,2026-09-21T08:08:28Z,yahoo_mcap|yahoo_ret|mops_paid_in
6419.TWO,2000167936.0,1.7142857142857144,131591700.0,2026-09-21T08:08:28Z,yahoo_mcap|yahoo_ret|mops_paid_in
6423.TWO,2621555200.0,0.10157512684650682,310160000.0,2026-09-21T08:08:28Z,yahoo_mcap|yahoo_ret|mops_paid_in
6425.TWO,3811894016.0,0.35039728294088346,513823170.0,2026-09-21T08:08:28Z,yahoo_mcap|yahoo_ret|mops_paid_in
6432.TWO,2381341952.0,1.2279102066883918,387840670.0,2026-09-21T08:08:28Z,yahoo_mcap|yahoo_ret|mops_paid_in
6435.TWO,9159214080.0,1.412720621079116,374613000.0,2026-09-21T08:08:28Z,yahoo_mcap|yahoo_ret|mops_paid_in
6441.TWO,1340947712.0,-0.0736648260810645,533184290.0,2026-09-21T08:08:28Z,yahoo_mcap|yahoo_ret|mops_paid_in
6461.TWO,1692459264.0,-0.1571025081472437,1103245270.0,2026-09-21T08:08:28Z,yahoo_mcap|yahoo_ret|mops_paid_in
6462.TWO,9006448640.0,-0.22283466969888044,912507540.0,2026-09-21T08:08:28Z,yahoo_mcap|yahoo_ret|mops_paid_in
6465.TWO,2549029632.0,1.5737373764953437,590736850.0,2026-09-21T08:08:28Z,yahoo_mcap|yahoo_ret|mops_paid_in
6469.TWO,10251715584.0,-0.48927887514228996,1500532020.0,2026-09-21T08:08:28Z,yahoo_mcap|yahoo_ret|mops_paid_in
6470.TWO,1620846336.0,0.1116097535191336,376941000.0,2026-09-21T08:08:28Z,yahoo_mcap|yahoo_ret|mops_paid_in
6474.TWO,1859427584.0,-0.1796047861746327,525261990.0,2026-09-21T08:08:28Z,yahoo_mcap|yahoo_ret|mops_paid_in
6482.TWO,688658816.0,-0.38496478545197,286344630.0,2026-09-21T08:08:28Z,yahoo_mcap|yahoo_ret|mops_paid_in
6485.TWO,3400878848.0,0.06665667747230009,473664930.0,2026-09-21T08:08:28Z,yahoo_mcap|yahoo_ret|mops_paid_in
6486.TWO,4147779584.0,0.18670799523911197,508932860.0,2026-09-21T08:08:28Z,yahoo_mcap|yahoo_ret|mops_paid_in
6488.TWO,445123887104.0,0.8378619093565081,4781137250.0,2026-09-21T08:08:28Z,yahoo_mcap|yahoo_ret|mops_paid_in
6492.TWO,3911987712.0,-0.1275510179256708,1149036200.0,2026-09-21T08:08:28Z,yahoo_mcap|yahoo_ret|mops_paid_in
6494.TWO,1612700160.0,0.4090676431587803,315596900.0,2026-09-21T08:08:28Z,yahoo_mcap|yahoo_ret|mops_paid_in
6496.TWO,1117656832.0,-0.19159666430048583,472902200.0,2026-09-21T08:08:28Z,yahoo_mcap|yahoo_ret|mops_paid_in
6498.TWO,3242610944.0,-0.31061408219725783,474758920.0,2026-09-21T08:08:28Z,yahoo_mcap|yahoo_ret|mops_paid_in
6499.TWO,7280561664.0,-0.2061310815489542,969448930.0,2026-09-21T08:08:28Z,yahoo_mcap|yahoo_ret|mops_paid_in
6506.TWO,1486615936.0,0.2157551541521181,823608260.0,2026-09-21T08:08:28Z,yahoo_mcap|yahoo_ret|mops_paid_in
6508.TWO,2522611712.0,0.2156060063984977,865388640.0,2026-09-21T08:08:28Z,yahoo_mcap|yahoo_ret|mops_paid_in
6509.TWO,9318897664.0,0.4589023046233367,1970805530.0,2026-09-21T08:08:28Z,yahoo_mcap|yahoo_ret|mops_paid_in
6510.TWO,114757566464.0,1.0136757839735386,329291380.0,2026-09-21T08:08:28Z,yahoo_mcap|yahoo_ret|mops_paid_in
6512.TWO,510252032.0,-0.019417456850636006,252600000.0,2026-09-21T08:08:28Z,yahoo_mcap|yahoo_ret|mops_paid_in
6516.TWO,3255293440.0,-0.0823944379503484,563369350.0,2026-09-21T08:08:28Z,yahoo_mcap|yahoo_ret|mops_paid_in
6517.TWO,2024333184.0,-0.017284289545401843,305790530.0,2026-09-21T08:08:28Z,yahoo_mcap|yahoo_ret|mops_paid_in
6523.TWO,4031762432.0,-0.22273239325754401,450476250.0,2026-09-21T08:08:28Z,yahoo_mcap|yahoo_ret|mops_paid_in
6527.TWO,1900657536.0,-0.09149569212734954,254585500.0,2026-09-21T08:08:28Z,yahoo_mcap|yahoo_ret|mops_paid_in
6530.TWO,3375000064.0,0.5821252867912903,337500000.0,2026-09-21T08:08:28Z,yahoo_mcap|yahoo_ret|mops_paid_in
6532.TWO,3744514816.0,0.6993831062478117,374451470.0,2026-09-21T08:08:28Z,yahoo_mcap|yahoo_ret|mops_paid_in
6535.TWO,13097391104.0,-0.739767065064086,1678408250.0,2026-09-21T08:08:28Z,yahoo_mcap|yahoo_ret|mops_paid_in
6538.TWO,15895865344.0,4.190012211365715,372704930.0,2026-09-21T08:08:28Z,yahoo_mcap|yahoo_ret|mops_paid_in
6542.TWO,1697424896.0,-0.17079860423999915,420006300.0,2026-09-21T08:08:28Z,yahoo_mcap|yahoo_ret|mops_paid_in
6546.TWO,4050988800.0,-0.2039239126916046,668484490.0,2026-09-21T08:08:28Z,yahoo_mcap|yahoo_ret|mops_paid_in
6547.TWO,19330441216.0,0.5213453277017284,3289436440.0,2026-09-21T08:08:28Z,yahoo_mcap|yahoo_ret|mops_paid_in
6548.TWO,67658887168.0,1.121332850816367,380185880.0,2026-09-21T08:08:28Z,yahoo_mcap|yahoo_ret|mops_paid_in
6556.TWO,1768125056.0,-0.12114954361185792,287500000.0,2026-09-21T08:08:28Z,yahoo_mcap|yahoo_ret|mops_paid_in
6560.TWO,1124750464.0,-0.2009512703032843,334747150.0,2026-09-21T08:08:28Z,yahoo_mcap|yahoo_ret|mops_paid_in
6561.TWO,24280365056.0,-0.2245615203607746,779583700.0,2026-09-21T08:08:28Z,yahoo_mcap|yahoo_ret|mops_paid_in
6568.TWO,4465448960.0,0.2664236451179949,307962000.0,2026-09-21T08:08:28Z,yahoo_mcap|yahoo_ret|mops_paid_in
6569.TWO,3939440128.0,-0.26319366836387725,428207450.0,2026-09-21T08:08:28Z,yahoo_mcap|yahoo_ret|mops_paid_in
6570.TWO,1757592576.0,0.055721427733049333,371191700.0,2026-09-21T08:08:28Z,yahoo_mcap|yahoo_ret|mops_paid_in
6574.TWO,2682779904.0,0.738186509246938,219900000.0,2026-09-21T08:08:28Z,yahoo_mcap|yahoo_ret|mops_paid_in
6576.TWO,12792291328.0,-0.036773499303580204,1575405410.0,2026-09-21T08:08:28Z,yahoo_mcap|yahoo_ret|mops_paid_in
6577.TWO,4750746112.0,0.17417260701258108,600601450.0,2026-09-21T08:08:28Z,yahoo_mcap|yahoo_ret|mops_paid_in
6578.TWO,1215819776.0,-0.2505543152855009,719419010.0,2026-09-21T08:08:28Z,yahoo_mcap|yahoo_ret|mops_paid_in
6584.TWO,39959814144.0,1.2715831020702635,713798100.0,2026-09-21T08:08:28Z,yahoo_mcap|yahoo_ret|mops_paid_in
6588.TWO,3938543616.0,2.853989713400312,347008250.0,2026-09-21T08:08:28Z,yahoo_mcap|yahoo_ret|mops_paid_in
6590.TWO,1948472320.0,0.13254832723736398,249524370.0,2026-09-21T08:08:28Z,yahoo_mcap|yahoo_ret|mops_paid_in
6593.TWO,1028981056.0,-0.33046901915709603,318566090.0,2026-09-21T08:08:28Z,yahoo_mcap|yahoo_ret|mops_paid_in
6596.TWO,3697400064.0,-0.2520319223919484,380000000.0,2026-09-21T08:08:28Z,yahoo_mcap|yahoo_ret|mops_paid_in
6597.TWO,1928615936.0,0.2887057782999687,300422500.0,2026-09-21T08:08:28Z,yahoo_mcap|yahoo_ret|mops_paid_in
6603.TWO,4757548544.0,0.7497031839757886,1674429460.0,2026-09-21T08:08:28Z,yahoo_mcap|yahoo_ret|mops_paid_in
6609.TWO,2898240000.0,-0.051008338031942047,724562460.0,2026-09-21T08:08:28Z,yahoo_mcap|yahoo_ret|mops_paid_in
6612.TWO,3690306304.0,-0.1653853990208577,522660430.0,2026-09-21T08:08:28Z,yahoo_mcap|yahoo_ret|mops_paid_in
6613.TWO,20772866048.0,0.5416617364878373,389007425.0,2026-09-21T08:08:28Z,yahoo_mcap|yahoo_ret|mops_paid_in
6615.TWO,730936576.0,0.1208608483103355,215934000.0,2026-09-21T08:08:28Z,yahoo_mcap|yahoo_ret|mops_paid_in
6616.TWO,294475712.0,-0.1699999809265137,354284730.0,2026-09-21T08:08:28Z,yahoo_mcap|yahoo_ret|mops_paid_in
6617.TWO,,0.4029850746268657,1275061000.0,2026-09-21T08:08:28Z,yahoo_ret|mops_paid_in
6620.TWO,22347888640.0,0.18429912594986764,1659819000.0,2026-09-21T08:08:28Z,yahoo_mcap|yahoo_ret|mops_paid_in
6624.TWO,865904640.0,0.1543918167105578,225794820.0,2026-09-21T08:08:28Z,yahoo_mcap|yahoo_ret|mops_paid_in
6629.TWO,4010710016.0,-0.06564416378573557,383795630.0,2026-09-21T08:08:28Z,yahoo_mcap|yahoo_ret|mops_paid_in
6637.TWO,1463825920.0,-0.278261999088112,268100000.0,2026-09-21T08:08:28Z,yahoo_mcap|yahoo_ret|mops_paid_in
6640.TWO,31862550528.0,0.5225120095277553,289115000.0,2026-09-21T08:08:28Z,yahoo_mcap|yahoo_ret|mops_paid_in
6642.TWO,2962048256.0,0.45158967069746114,373996620.0,2026-09-21T08:08:28Z,yahoo_mcap|yahoo_ret|mops_paid_in
6643.TWO,20369090560.0,-0.013695393654960641,426201600.0,2026-09-21T08:08:28Z,yahoo_mcap|yahoo_ret|mops_paid_in
6649.TWO,1488900096.0,-0.41470864781521055,420000000.0,2026-09-21T08:08:28Z,yahoo_mcap|yahoo_ret|mops_paid_in
6651.TWO,5328553984.0,1.2656624387580702,346015410.0,2026-09-21T08:08:28Z,yahoo_mcap|yahoo_ret|mops_paid_in
6654.TWO,7750641664.0,1.8689655172413793,409627200.0,2026-09-21T08:08:28Z,yahoo_mcap|yahoo_ret|mops_paid_in
6661.TWO,374033152.0,-0.2960526414855369,233042480.0,2026-09-21T08:08:28Z,yahoo_mcap|yahoo_ret|mops_paid_in
6662.TWO,722258432.0,-0.0964846988861251,256124000.0,2026-09-21T08:08:28Z,yahoo_mcap|yahoo_ret|mops_paid_in
6664.TWO,20704784384.0,0.3235171867971691,611513070.0,2026-09-21T08:08:28Z,yahoo_mcap|yahoo_ret|mops_paid_in
6667.TWO,14084972544.0,-0.03337815583429704,492788780.0,2026-09-21T08:08:28Z,yahoo_mcap|yahoo_ret|mops_paid_in
6679.TWO,10630823936.0,-0.09217122498675523,549753350.0,2026-09-21T08:08:28Z,yahoo_mcap|yahoo_ret|mops_paid_in
6680.TWO,1378916608.0,-0.15452593258922442,250714270.0,2026-09-21T08:08:28Z,yahoo_mcap|yahoo_ret|mops_paid_in
6683.TWO,46150705152.0,3.1061304980795903,275526610.0,2026-09-21T08:08:28Z,yahoo_mcap|yahoo_ret|mops_paid_in
6684.TWO,2227974912.0,-0.1638795879948286,445594960.0,2026-09-21T08:08:28Z,yahoo_mcap|yahoo_ret|mops_paid_in
6690.TWO,5414949376.0,0.051797705903823266,299997200.0,2026-09-21T08:08:28Z,yahoo_mcap|yahoo_ret|mops_paid_in
6692.TWO,1373341312.0,-0.29115783776210435,588438900.0,2026-09-21T08:08:28Z,yahoo_mcap|yahoo_ret|mops_paid_in
6693.TWO,8018187776.0,1.901300055313036,457200000.0,2026-09-21T08:08:28Z,yahoo_mcap|yahoo_ret|mops_paid_in
6697.TWO,1135270656.0,-0.1082937545508027,273233640.0,2026-09-21T08:08:28Z,yahoo_mcap|yahoo_ret|mops_paid_in
6703.TWO,3636728064.0,-0.015241205900814125,362572100.0,2026-09-21T08:08:28Z,yahoo_mcap|yahoo_ret|mops_paid_in
6708.TWO,1136847616.0,-0.022332449831760526,290087790.0,2026-09-21T08:08:28Z,yahoo_mcap|yahoo_ret|mops_paid_in
6712.TWO,15877240832.0,0.009183898923800449,1004888610.0,2026-09-21T08:08:28Z,yahoo_mcap|yahoo_ret|mops_paid_in
6716.TWO,3508050432.0,1.328169874065984,302418140.0,2026-09-21T08:08:28Z,yahoo_mcap|yahoo_ret|mops_paid_in
6720.TWO,3800569088.0,-0.01801200296800154,302257410.0,2026-09-21T08:08:28Z,yahoo_mcap|yahoo_ret|mops_paid_in
6721.TWO,1249500032.0,-0.12142386524385984,245000000.0,2026-09-21T08:08:28Z,yahoo_mcap|yahoo_ret|mops_paid_in
6725.TWO,8168600064.0,-0.1350487994041174,371300000.0,2026-09-21T08:08:28Z,yahoo_mcap|yahoo_ret|mops_paid_in
6727.TWO,12850551808.0,1.5566572992832088,268841770.0,2026-09-21T08:08:28Z,yahoo_mcap|yahoo_ret|mops_paid_in
6728.TWO,3252960000.0,-0.20266991521671884,301200000.0,2026-09-21T08:08:28Z,yahoo_mcap|yahoo_ret|mops_paid_in
6730.TWO,1161536000.0,-0.32575102018179614,362981510.0,2026-09-21T08:08:28Z,yahoo_mcap|yahoo_ret|mops_paid_in
6732.TWO,7287887872.0,-0.3830646778980996,489126180.0,2026-09-21T08:08:28Z,yahoo_mcap|yahoo_ret|mops_paid_in
6733.TWO,3364616448.0,-0.37918215156497137,1343160260.0,2026-09-21T08:08:28Z,yahoo_mcap|yahoo_ret|mops_paid_in
6735.TWO,2946430208.0,-0.2779883761771206,461822920.0,2026-09-21T08:08:28Z,yahoo_mcap|yahoo_ret|mops_paid_in
6739.TWO,25606899712.0,0.4252950648019562,233925000.0,2026-09-21T08:08:28Z,yahoo_mcap|yahoo_ret|mops_paid_in
6741.TWO,6933235200.0,-0.26512592181763706,602889985.0,2026-09-21T08:08:28Z,yahoo_mcap|yahoo_ret|mops_paid_in
6751.TWO,972360000.0,0.033831654071112105,222000000.0,2026-09-21T08:08:28Z,yahoo_mcap|yahoo_ret|mops_paid_in
6752.TWO,3691942656.0,-0.24585047619206613,382584710.0,2026-09-21T08:08:28Z,yahoo_mcap|yahoo_ret|mops_paid_in
6761.TWO,5820007424.0,0.06806844803625256,349558670.0,2026-09-21T08:08:28Z,yahoo_mcap|yahoo_ret|mops_paid_in
6762.TWO,5982706688.0,-0.24174454793061617,369302880.0,2026-09-21T08:08:28Z,yahoo_mcap|yahoo_ret|mops_paid_in
6763.TWO,7610017792.0,-0.232021992644888,184039130.0,2026-09-21T08:08:28Z,yahoo_mcap|yahoo_ret|mops_paid_in
6767.TWO,979590784.0,-0.19871796831184851,391836300.0,2026-09-21T08:08:28Z,yahoo_mcap|yahoo_ret|mops_paid_in
6785.TWO,6646600192.0,-0.5312902880788114,668000000.0,2026-09-21T08:08:28Z,yahoo_mcap|yahoo_ret|mops_paid_in
6788.TWO,13229601792.0,0.34849020367973416,387396830.0,2026-09-21T08:08:28Z,yahoo_mcap|yahoo_ret|mops_paid_in
6791.TWO,2084700032.0,-0.2113518355660875,208470000.0,2026-09-21T08:08:28Z,yahoo_mcap|yahoo_ret|mops_paid_in
6803.TWO,19399276544.0,-0.009543805939966066,727943850.0,2026-09-21T08:08:28Z,yahoo_mcap|yahoo_ret|mops_paid_in
6804.TWO,869249984.0,-0.08130827778827332,475000000.0,2026-09-21T08:08:28Z,yahoo_mcap|yahoo_ret|mops_paid_in
6811.TWO,10631668736.0,0.07838057234926943,414490000.0,2026-09-21T08:08:28Z,yahoo_mcap|yahoo_ret|mops_paid_in
6821.TWO,1286247168.0,0.11280149399363215,359131930.0,2026-09-21T08:08:28Z,yahoo_mcap|yahoo_ret|mops_paid_in
6823.TWO,1980721792.0,-0.0927051976581238,332339200.0,2026-09-21T08:08:28Z,yahoo_mcap|yahoo_ret|mops_paid_in
6829.TWO,12869257216.0,0.728229809869114,591690000.0,2026-09-21T08:08:28Z,yahoo_mcap|yahoo_ret|mops_paid_in
6840.TWO,3276672000.0,0.5906270475131297,307672840.0,2026-09-21T08:08:28Z,yahoo_mcap|yahoo_ret|mops_paid_in
6841.TWO,5034611200.0,-0.2943059510373529,952230000.0,2026-09-21T08:08:28Z,yahoo_mcap|yahoo_ret|mops_paid_in
6843.TWO,1308847232.0,-0.3197320807526789,333040000.0,2026-09-21T08:08:28Z,yahoo_mcap|yahoo_ret|mops_paid_in
6844.TWO,2133421056.0,-0.3561680926829277,374284400.0,2026-09-21T08:08:28Z,yahoo_mcap|yahoo_ret|mops_paid_in
6846.TWO,1602307200.0,-0.18413365447328134,270660390.0,2026-09-21T08:08:28Z,yahoo_mcap|yahoo_ret|mops_paid_in
6855.TWO,2627217920.0,-0.029084012665646974,232497160.0,2026-09-21T08:08:28Z,yahoo_mcap|yahoo_ret|mops_paid_in
6856.TWO,1184400000.0,-0.15174061527582905,282000000.0,2026-09-21T08:08:28Z,yahoo_mcap|yahoo_ret|mops_paid_in
6859.TWO,5032268800.0,0.060064435174913555,415886000.0,2026-09-21T08:08:28Z,yahoo_mcap|yahoo_ret|mops_paid_in
6865.TWO,426267744.0,-0.43575751793293716,158406450.0,2026-09-21T08:08:28Z,yahoo_mcap|yahoo_ret|mops_paid_in
6870.TWO,8880385024.0,0.5545277473250141,283175500.0,2026-09-21T08:08:28Z,yahoo_mcap|yahoo_ret|mops_paid_in
6872.TWO,1641423232.0,0.1428572233926264,707505110.0,2026-09-21T08:08:28Z,yahoo_mcap|yahoo_ret|mops_paid_in
6874.TWO,1639577984.0,0.05923826163910095,220000000.0,2026-09-21T08:08:28Z,yahoo_mcap|yahoo_ret|mops_paid_in
6875.TWO,4637662720.0,-0.22629309600655467,645914020.0,2026-09-21T08:08:28Z,yahoo_mcap|yahoo_ret|mops_paid_in
6877.TWO,5683006976.0,0.34090453685449207,471671220.0,2026-09-21T08:08:28Z,yahoo_mcap|yahoo_ret|mops_paid_in
6881.TWO,3232499968.0,0.001935053816289889,150000000.0,2026-09-21T08:08:28Z,yahoo_mcap|yahoo_ret|mops_paid_in
6884.TWO,586641024.0,-0.37033384138972425,183900000.0,2026-09-21T08:08:28Z,yahoo_mcap|yahoo_ret|mops_paid_in
6894.TWO,8817899520.0,0.8492902105491644,238000000.0,2026-09-21T08:08:28Z,yahoo_mcap|yahoo_ret|mops_paid_in
6895.TWO,4774000128.0,-0.44409346580917064,341000000.0,2026-09-21T08:08:28Z,yahoo_mcap|yahoo_ret|mops_paid_in
6899.TWO,2136823040.0,0.04643781975840433,423984910.0,2026-09-21T08:08:28Z,yahoo_mcap|yahoo_ret|mops_paid_in
6903.TWO,20083640320.0,1.2675391438328116,666760000.0,2026-09-21T08:08:28Z,yahoo_mcap|yahoo_ret|mops_paid_in
6904.TWO,2220000000.0,0.003357679459785823,185000000.0,2026-09-21T08:08:28Z,yahoo_mcap|yahoo_ret|mops_paid_in
6907.TWO,,2.7610312293759063,625625000.0,2026-09-21T08:08:28Z,yahoo_ret|mops_paid_in
6910.TWO,773707392.0,-0.4904538164644743,305210000.0,2026-09-21T08:08:28Z,yahoo_mcap|yahoo_ret|mops_paid_in
6913.TWO,,-0.10517253856226283,438488630.0,2026-09-21T08:08:28Z,yahoo_ret|mops_paid_in
6922.TWO,5607586816.0,0.03417215045047728,271553850.0,2026-09-21T08:08:28Z,yahoo_mcap|yahoo_ret|mops_paid_in
6925.TWO,1156017280.0,-0.564102589920408,200003000.0,2026-09-21T08:08:28Z,yahoo_mcap|yahoo_ret|mops_paid_in
6929.TWO,994234496.0,-0.30110935751911916,450900000.0,2026-09-21T08:08:28Z,yahoo_mcap|yahoo_ret|mops_paid_in
6945.TWO,13094110208.0,0.18421052631578938,975311600.0,2026-09-21T08:08:28Z,yahoo_mcap|yahoo_ret|mops_paid_in
6953.TWO,7263533056.0,0.15338889045246473,300146000.0,2026-09-21T08:08:28Z,yahoo_mcap|yahoo_ret|mops_paid_in
6961.TWO,1275956736.0,-0.3496805673710319,268340000.0,2026-09-21T08:08:28Z,yahoo_mcap|yahoo_ret|mops_paid_in
6967.TWO,1976654336.0,0.21855431030517947,304044770.0,2026-09-21T08:08:28Z,yahoo_mcap|yahoo_ret|mops_paid_in
6968.TWO,2095627392.0,-0.29858918458780614,494473330.0,2026-09-21T08:08:28Z,yahoo_mcap|yahoo_ret|mops_paid_in
6971.TWO,920298368.0,-0.43831887469082464,386680000.0,2026-09-21T08:08:28Z,yahoo_mcap|yahoo_ret|mops_paid_in
6982.TWO,1804582912.0,-0.3582278443152246,407523810.0,2026-09-21T08:08:28Z,yahoo_mcap|yahoo_ret|mops_paid_in
6983.TWO,6325020160.0,1.444977542222726,180200000.0,2026-09-21T08:08:28Z,yahoo_mcap|yahoo_ret|mops_paid_in
6986.TWO,2304322816.0,-0.3062431776251672,521340000.0,2026-09-21T08:08:28Z,yahoo_mcap|yahoo_ret|mops_paid_in
6996.TWO,7158840320.0,0.13858039997852023,420903330.0,2026-09-21T08:08:28Z,yahoo_mcap|yahoo_ret|mops_paid_in
6997.TWO,1531599360.0,-0.2771813279528842,221005000.0,2026-09-21T08:08:28Z,yahoo_mcap|yahoo_ret|mops_paid_in
7402.TWO,3563380992.0,-0.36655336508380676,352806460.0,2026-09-21T08:08:28Z,yahoo_mcap|yahoo_ret|mops_paid_in
7547.TWO,1721924096.0,-0.46243009229616805,339630000.0,2026-09-21T08:08:28Z,yahoo_mcap|yahoo_ret|mops_paid_in
7556.TWO,7191941120.0,0.6406581968842857,290808690.0,2026-09-21T08:08:28Z,yahoo_mcap|yahoo_ret|mops_paid_in
7584.TWO,477601984.0,-0.4878871721845346,164628080.0,2026-09-21T08:08:28Z,yahoo_mcap|yahoo_ret|mops_paid_in
7642.TWO,3440000256.0,-0.36527861038255993,301500000.0,2026-09-21T08:08:28Z,yahoo_mcap|yahoo_ret|mops_paid_in
7703.TWO,6949000192.0,-0.13336953109441452,347450000.0,2026-09-21T08:08:28Z,yahoo_mcap|yahoo_ret|mops_paid_in
7704.TWO,2117379072.0,0.3367638861304689,337698040.0,2026-09-21T08:08:28Z,yahoo_mcap|yahoo_ret|mops_paid_in
7708.TWO,2335800064.0,-0.017245884098451958,255000000.0,2026-09-21T08:08:28Z,yahoo_mcap|yahoo_ret|mops_paid_in
7709.TWO,3515336448.0,1.3712893304011282,391027400.0,2026-09-21T08:08:28Z,yahoo_mcap|yahoo_ret|mops_paid_in
7712.TWO,5177337856.0,0.1461511487883398,325618730.0,2026-09-21T08:08:28Z,yahoo_mcap|yahoo_ret|mops_paid_in
7713.TWO,3406365440.0,0.09413699608453974,454788430.0,2026-09-21T08:08:28Z,yahoo_mcap|yahoo_ret|mops_paid_in
7714.TWO,3664499968.0,0.13796266048079486,210000000.0,2026-09-21T08:08:28Z,yahoo_mcap|yahoo_ret|mops_paid_in
7715.TWO,928660992.0,-0.18938038685968095,327565000.0,2026-09-21T08:08:28Z,yahoo_mcap|yahoo_ret|mops_paid_in
7716.TWO,540000000.0,-0.21754205499903834,225000000.0,2026-09-21T08:08:28Z,yahoo_mcap|yahoo_ret|mops_paid_in
7717.TWO,14668397568.0,3.196763530280827,248315180.0,2026-09-21T08:08:28Z,yahoo_mcap|yahoo_ret|mops_paid_in
7718.TWO,2088764672.0,-0.01682544930700569,463564840.0,2026-09-21T08:08:28Z,yahoo_mcap|yahoo_ret|mops_paid_in
7723.TWO,864318656.0,-0.50795758987634,496195500.0,2026-09-21T08:08:28Z,yahoo_mcap|yahoo_ret|mops_paid_in
7728.TWO,8199675904.0,0.9804584664284663,138540800.0,2026-09-21T08:08:28Z,yahoo_mcap|yahoo_ret|mops_paid_in
7734.TWO,71733747712.0,1.2717787782636454,280000000.0,2026-09-21T08:08:28Z,yahoo_mcap|yahoo_ret|mops_paid_in
7738.TWO,3416960000.0,-0.29439928897291634,273557990.0,2026-09-21T08:08:28Z,yahoo_mcap|yahoo_ret|mops_paid_in
7743.TWO,912083392.0,-0.033816425120772986,364833380.0,2026-09-21T08:08:28Z,yahoo_mcap|yahoo_ret|mops_paid_in
7744.TWO,16776270848.0,0.6445462952504999,320767100.0,2026-09-21T08:08:28Z,yahoo_mcap|yahoo_ret|mops_paid_in
7747.TWO,3409051904.0,-0.114144095870368,301686000.0,2026-09-21T08:08:28Z,yahoo_mcap|yahoo_ret|mops_paid_in
7751.TWO,38854025216.0,1.8733803777164124,268886000.0,2026-09-21T08:08:28Z,yahoo_mcap|yahoo_ret|mops_paid_in
7753.TWO,887500032.0,-0.30104142522742916,250000000.0,2026-09-21T08:08:28Z,yahoo_mcap|yahoo_ret|mops_paid_in
7757.TWO,2166589952.0,-0.3994982608271118,241000000.0,2026-09-21T08:08:28Z,yahoo_mcap|yahoo_ret|mops_paid_in
7767.TWO,1399650048.0,-0.1615119575228836,301000000.0,2026-09-21T08:08:28Z,yahoo_mcap|yahoo_ret|mops_paid_in
7770.TWO,1205486208.0,-0.5139121264519668,300620530.0,2026-09-21T08:08:28Z,yahoo_mcap|yahoo_ret|mops_paid_in
7772.TWO,,1.6348227423664032,264986000.0,2026-09-21T08:08:28Z,yahoo_ret|mops_paid_in
7777.TWO,7273564672.0,0.08348540093462575,1866062500.0,2026-09-21T08:08:28Z,yahoo_mcap|yahoo_ret|mops_paid_in
7782.TWO,595541376.0,-0.34358001559689166,232130000.0,2026-09-21T08:08:28Z,yahoo_mcap|yahoo_ret|mops_paid_in
7792.TWO,16051728384.0,0.6281759778079581,466620000.0,2026-09-21T08:08:28Z,yahoo_mcap|yahoo_ret|mops_paid_in
7794.TWO,,0.06379311660240439,280000000.0,2026-09-21T08:08:28Z,yahoo_ret|mops_paid_in
7805.TWO,19815374848.0,-0.1516746156040143,397501220.0,2026-09-21T08:08:28Z,yahoo_mcap|yahoo_ret|mops_paid_in
7810.TWO,4495499776.0,0.7440633305478332,202500000.0,2026-09-21T08:08:28Z,yahoo_mcap|yahoo_ret|mops_paid_in
7811.TWO,2436520960.0,-0.4095391677711798,333770000.0,2026-09-21T08:08:28Z,yahoo_mcap|yahoo_ret|mops_paid_in
7814.TWO,1140000000.0,-0.36454847336405616,450000000.0,2026-09-21T08:08:28Z,yahoo_mcap|yahoo_ret|mops_paid_in
7819.TWO,867818368.0,-0.7272958924089274,252635000.0,2026-09-21T08:08:28Z,yahoo_mcap|yahoo_ret|mops_paid_in
7820.TWO,3927881984.0,-0.45572891982328734,377680960.0,2026-09-21T08:08:28Z,yahoo_mcap|yahoo_ret|mops_paid_in
7825.TWO,1949225344.0,0.10790678972818757,231145000.0,2026-09-21T08:08:28Z,yahoo_mcap|yahoo_ret|mops_paid_in
7828.TWO,82685100032.0,3.9956105970731386,404939110.0,2026-09-21T08:08:28Z,yahoo_mcap|yahoo_ret|mops_paid_in
7839.TWO,653657856.0,-0.2702104995289185,150960250.0,2026-09-21T08:08:28Z,yahoo_mcap|yahoo_ret|mops_paid_in
7842.TWO,1684997504.0,-0.3877163592735644,182500000.0,2026-09-21T08:08:28Z,yahoo_mcap|yahoo_ret|mops_paid_in
8024.TWO,578048000.0,-0.07246376711439373,451601000.0,2026-09-21T08:08:28Z,yahoo_mcap|yahoo_ret|mops_paid_in
8027.TWO,19265304576.0,0.9426406605602338,1097505960.0,2026-09-21T08:08:28Z,yahoo_mcap|yahoo_ret|mops_paid_in
8032.TWO,1870340864.0,-0.1925249194948011,518103000.0,2026-09-21T08:08:28Z,yahoo_mcap|yahoo_ret|mops_paid_in
8034.TWO,1152769408.0,-0.15141616784550704,565863530.0,2026-09-21T08:08:28Z,yahoo_mcap|yahoo_ret|mops_paid_in
8038.TWO,2020927360.0,-0.36122044782894536,622781900.0,2026-09-21T08:08:28Z,yahoo_mcap|yahoo_ret|mops_paid_in
8040.TWO,8050569216.0,0.46748677962729146,964138740.0,2026-09-21T08:08:28Z,yahoo_mcap|yahoo_ret|mops_paid_in
8042.TWO,14922980352.0,2.0141503264894993,1314799540.0,2026-09-21T08:08:28Z,yahoo_mcap|yahoo_ret|mops_paid_in
8043.TWO,10587677696.0,2.7996197982335866,799071700.0,2026-09-21T08:08:28Z,yahoo_mcap|yahoo_ret|mops_paid_in
8044.TWO,4878977024.0,-0.24251970906895914,2047680650.0,2026-09-21T08:08:28Z,yahoo_mcap|yahoo_ret|mops_paid_in
8047.TWO,1585275904.0,1.5444444020589194,346130110.0,2026-09-21T08:08:28Z,yahoo_mcap|yahoo_ret|mops_paid_in
8048.TWO,2942127616.0,0.19405657210499339,594369240.0,2026-09-21T08:08:28Z,yahoo_mcap|yahoo_ret|mops_paid_in
8049.TWO,2891941120.0,-0.01651551579252797,1182798080.0,2026-09-21T08:08:28Z,yahoo_mcap|yahoo_ret|mops_paid_in
8050.TWO,11950314496.0,0.20207879027937437,2052048910.0,2026-09-21T08:08:28Z,yahoo_mcap|yahoo_ret|mops_paid_in
8054.TWO,9192553472.0,-0.1509999847412109,1062325660.0,2026-09-21T08:08:28Z,yahoo_mcap|yahoo_ret|mops_paid_in
8059.TWO,1408718336.0,-0.569684395666703,1164663000.0,2026-09-21T08:08:28Z,yahoo_mcap|yahoo_ret|mops_paid_in
8064.TWO,25504862208.0,2.1630875747122076,1848178360.0,2026-09-21T08:08:28Z,yahoo_mcap|yahoo_ret|mops_paid_in
8066.TWO,545965760.0,-0.3069767619288245,366423040.0,2026-09-21T08:08:28Z,yahoo_mcap|yahoo_ret|mops_paid_in
8067.TWO,245295008.0,-0.05952380772170396,207000000.0,2026-09-21T08:08:28Z,yahoo_mcap|yahoo_ret|mops_paid_in
8068.TWO,1296293504.0,-0.2687927708795579,807659490.0,2026-09-21T08:08:28Z,yahoo_mcap|yahoo_ret|mops_paid_in
8069.TWO,166851035136.0,-0.369852150062719,11546783800.0,2026-09-21T08:08:28Z,yahoo_mcap|yahoo_ret|mops_paid_in
8071.TWO,1327862656.0,,600842830.0,2026-09-21T08:08:28Z,yahoo_mcap|mops_paid_in
8074.TWO,4427027456.0,0.7520832293797715,869744660.0,2026-09-21T08:08:28Z,yahoo_mcap|yahoo_ret|mops_paid_in
8076.TWO,6311813632.0,-0.11980127129044638,2922135920.0,2026-09-21T08:08:28Z,yahoo_mcap|yahoo_ret|mops_paid_in
8077.TWO,954637952.0,0.03238039607253684,219456690.0,2026-09-21T08:08:28Z,yahoo_mcap|yahoo_ret|mops_paid_in
8080.TWO,1937676288.0,-0.008591065179476609,671638210.0,2026-09-21T08:08:28Z,yahoo_mcap|yahoo_ret|mops_paid_in
8083.TWO,5498344448.0,0.09230947496131914,351331930.0,2026-09-21T08:08:28Z,yahoo_mcap|yahoo_ret|mops_paid_in
8084.TWO,2865784576.0,-0.055813988973928086,695141490.0,2026-09-21T08:08:28Z,yahoo_mcap|yahoo_ret|mops_paid_in
8085.TWO,2022754432.0,-0.32159622878656624,1399830600.0,2026-09-21T08:08:28Z,yahoo_mcap|yahoo_ret|mops_paid_in
8086.TWO,21518516224.0,-0.054625531857713905,1965161230.0,2026-09-21T08:08:28Z,yahoo_mcap|yahoo_ret|mops_paid_in
8087.TWO,919658752.0,-0.26475038432643005,386460420.0,2026-09-21T08:08:28Z,yahoo_mcap|yahoo_ret|mops_paid_in
8088.TWO,2640968704.0,0.15871735329823178,609217499.0,2026-09-21T08:08:28Z,yahoo_mcap|yahoo_ret|mops_paid_in
8089.TWO,1316685056.0,-0.45934959517689955,659987180.0,2026-09-21T08:08:28Z,yahoo_mcap|yahoo_ret|mops_paid_in
8091.TWO,11552524288.0,0.8813801353519226,569436510.0,2026-09-21T08:08:28Z,yahoo_mcap|yahoo_ret|mops_paid_in
8092.TWO,726088192.0,-0.19620255342069992,571723250.0,2026-09-21T08:08:28Z,yahoo_mcap|yahoo_ret|mops_paid_in
8093.TWO,1385916032.0,-0.0328946882998159,565675670.0,2026-09-21T08:08:28Z,yahoo_mcap|yahoo_ret|mops_paid_in
8096.TWO,12918170624.0,0.8515515812708239,1493430660.0,2026-09-21T08:08:28Z,yahoo_mcap|yahoo_ret|mops_paid_in
8097.TWO,2919542528.0,-0.253383435701069,603024680.0,2026-09-21T08:08:28Z,yahoo_mcap|yahoo_ret|mops_paid_in
8099.TWO,5994360832.0,-0.14796119079909864,1000728000.0,2026-09-21T08:08:28Z,yahoo_mcap|yahoo_ret|mops_paid_in
8102.TWO,1424859392.0,-0.23846577473902897,233583500.0,2026-09-21T08:08:28Z,yahoo_mcap|yahoo_ret|mops_paid_in
8107.TWO,915000000.0,-0.22292993901404534,750000000.0,2026-09-21T08:08:28Z,yahoo_mcap|yahoo_ret|mops_paid_in
8109.TWO,10863326208.0,0.41279468021373455,821612360.0,2026-09-21T08:08:28Z,yahoo_mcap|yahoo_ret|mops_paid_in
8111.TWO,8793621504.0,0.4893356694128006,1091022230.0,2026-09-21T08:08:28Z,yahoo_mcap|yahoo_ret|mops_paid_in
8121.TWO,5899927040.0,0.01465207095448906,2129937430.0,2026-09-21T08:08:28Z,yahoo_mcap|yahoo_ret|mops_paid_in
8147.TWO,5641542656.0,0.17109975825974444,418171660.0,2026-09-21T08:08:28Z,yahoo_mcap|yahoo_ret|mops_paid_in
8155.TWO,20425519104.0,1.1514455245144846,623677000.0,2026-09-21T08:08:28Z,yahoo_mcap|yahoo_ret|mops_paid_in
8171.TWO,2268301568.0,-0.2814159562102462,1128533260.0,2026-09-21T08:08:28Z,yahoo_mcap|yahoo_ret|mops_paid_in
8176.TWO,565797760.0,-0.046376857798963944,598000000.0,2026-09-21T08:08:28Z,yahoo_mcap|yahoo_ret|mops_paid_in
8182.TWO,4233471488.0,0.4729076870807687,1070412150.0,2026-09-21T08:08:28Z,yahoo_mcap|yahoo_ret|mops_paid_in
8183.TWO,3489703936.0,-0.019847541271310498,1212510680.0,2026-09-21T08:08:28Z,yahoo_mcap|yahoo_ret|mops_paid_in
8227.TWO,11368612864.0,0.758239133063884,395430000.0,2026-09-21T08:08:28Z,yahoo_mcap|yahoo_ret|mops_paid_in
8234.TWO,8826653696.0,-0.30361649330610707,1412264720.0,2026-09-21T08:08:28Z,yahoo_mcap|yahoo_ret|mops_paid_in
8240.TWO,5110225408.0,0.3465285286800639,1000044140.0,2026-09-21T08:08:28Z,yahoo_mcap|yahoo_ret|mops_paid_in
8255.TWO,14016749568.0,-0.01747730712982065,1019610410.0,2026-09-21T08:08:28Z,yahoo_mcap|yahoo_ret|mops_paid_in
8272.TWO,1221555712.0,-0.25967676734314693,189977550.0,2026-09-21T08:08:28Z,yahoo_mcap|yahoo_ret|mops_paid_in
8277.TWO,286920736.0,-0.4325143397797918,395000000.0,2026-09-21T08:08:28Z,yahoo_mcap|yahoo_ret|mops_paid_in
8279.TWO,2130138496.0,-0.3389110376429427,271008510.0,2026-09-21T08:08:28Z,yahoo_mcap|yahoo_ret|mops_paid_in
8284.TWO,3254446592.0,0.14399341088504292,473030000.0,2026-09-21T08:08:28Z,yahoo_mcap|yahoo_ret|mops_paid_in
8289.TWO,3023779584.0,1.1066912885901066,683337650.0,2026-09-21T08:08:28Z,yahoo_mcap|yahoo_ret|mops_paid_in
8291.TWO,514727104.0,0.7222222284189364,174784500.0,2026-09-21T08:08:28Z,yahoo_mcap|yahoo_ret|mops_paid_in
8299.TWO,475504738304.0,1.9548946062201296,2211652470.0,2026-09-21T08:08:28Z,yahoo_mcap|yahoo_ret|mops_paid_in
8342.TWO,2800313856.0,0.03831146425710741,335366920.0,2026-09-21T08:08:28Z,yahoo_mcap|yahoo_ret|mops_paid_in
8349.TWO,7749240832.0,-0.1570082921709236,2188213910.0,2026-09-21T08:08:28Z,yahoo_mcap|yahoo_ret|mops_paid_in
8354.TWO,1323268736.0,0.1824482536432792,785322630.0,2026-09-21T08:08:28Z,yahoo_mcap|yahoo_ret|mops_paid_in
8358.TWO,124099330048.0,0.9869192864991341,2525880000.0,2026-09-21T08:08:28Z,yahoo_mcap|yahoo_ret|mops_paid_in
8383.TWO,7558202880.0,0.6095613747381226,1137604820.0,2026-09-21T08:08:28Z,yahoo_mcap|yahoo_ret|mops_paid_in
8390.TWO,8823460864.0,0.4271608200771153,961161280.0,2026-09-21T08:08:28Z,yahoo_mcap|yahoo_ret|mops_paid_in
8401.TWO,1611254400.0,-0.16948990508210704,706690580.0,2026-09-21T08:08:28Z,yahoo_mcap|yahoo_ret|mops_paid_in
8403.TWO,2601402368.0,-0.21850033317499407,1376403430.0,2026-09-21T08:08:28Z,yahoo_mcap|yahoo_ret|mops_paid_in
8409.TWO,576000000.0,-0.2035398364524531,320000000.0,2026-09-21T08:08:28Z,yahoo_mcap|yahoo_ret|mops_paid_in
8410.TWO,1061086784.0,-0.2723166844291819,365892000.0,2026-09-21T08:08:28Z,yahoo_mcap|yahoo_ret|mops_paid_in
8415.TWO,35104825344.0,0.08789449639241531,10315000000.0,2026-09-21T08:08:28Z,yahoo_mcap|yahoo_ret|mops_paid_in
8416.TWO,4809975296.0,0.040409523594925556,282107100.0,2026-09-21T08:08:28Z,yahoo_mcap|yahoo_ret|mops_paid_in
8421.TWO,933690112.0,0.048192802462793116,548171400.0,2026-09-21T08:08:28Z,yahoo_mcap|yahoo_ret|mops_paid_in
8423.TWO,750852480.0,0.0483967241601686,417140300.0,2026-09-21T08:08:28Z,yahoo_mcap|yahoo_ret|mops_paid_in
8424.TWO,2487794944.0,0.011831670174824671,360543680.0,2026-09-21T08:08:28Z,yahoo_mcap|yahoo_ret|mops_paid_in
8426.TWO,1035005824.0,-0.2561824313365638,502425000.0,2026-09-21T08:08:28Z,yahoo_mcap|yahoo_ret|mops_paid_in
8431.TWO,3141367552.0,0.4311111450195313,487783310.0,2026-09-21T08:08:28Z,yahoo_mcap|yahoo_ret|mops_paid_in
8432.TWO,1939099008.0,-0.005421012757816701,383981400.0,2026-09-21T08:08:28Z,yahoo_mcap|yahoo_ret|mops_paid_in
8433.TWO,2899719168.0,0.03653606413979227,545060980.0,2026-09-21T08:08:28Z,yahoo_mcap|yahoo_ret|mops_paid_in
8435.TWO,1869143680.0,-0.04464947341553327,352004500.0,2026-09-21T08:08:28Z,yahoo_mcap|yahoo_ret|mops_paid_in
8436.TWO,11459014656.0,-0.054439604708723555,1177288300.0,2026-09-21T08:08:28Z,yahoo_mcap|yahoo_ret|mops_paid_in
8437.TWO,428767680.0,-0.5016393297389017,470140700.0,2026-09-21T08:08:28Z,yahoo_mcap|yahoo_ret|mops_paid_in
8440.TWO,1005105920.0,-0.23410229197541998,502552990.0,2026-09-21T08:08:28Z,yahoo_mcap|yahoo_ret|mops_paid_in
8444.TWO,571950016.0,-0.6744680830916795,1251048450.0,2026-09-21T08:08:28Z,yahoo_mcap|yahoo_ret|mops_paid_in
8446.TWO,4476524544.0,-0.07041214357749981,529144050.0,2026-09-21T08:08:28Z,yahoo_mcap|yahoo_ret|mops_paid_in
8450.TWO,726035072.0,-0.17732564006514262,513099470.0,2026-09-21T08:08:28Z,yahoo_mcap|yahoo_ret|mops_paid_in
8455.TWO,572471296.0,0.09134623055627644,252190560.0,2026-09-21T08:08:28Z,yahoo_mcap|yahoo_ret|mops_paid_in
8472.TWO,1379845248.0,-0.008917158576333573,177358000.0,2026-09-21T08:08:28Z,yahoo_mcap|yahoo_ret|mops_paid_in
8477.TWO,1258350720.0,0.18181820237889346,841706160.0,2026-09-21T08:08:28Z,yahoo_mcap|yahoo_ret|mops_paid_in
8489.TWO,12889056256.0,-0.4604767672961827,599489600.0,2026-09-21T08:08:28Z,yahoo_mcap|yahoo_ret|mops_paid_in
8905.TWO,4064924160.0,0.13870377377288756,1194400000.0,2026-09-21T08:08:28Z,yahoo_mcap|yahoo_ret|mops_paid_in
8906.TWO,1264800000.0,-0.1428535928384539,440373700.0,2026-09-21T08:08:28Z,yahoo_mcap|yahoo_ret|mops_paid_in
8908.TWO,12917323776.0,0.051330948708016244,3153327420.0,2026-09-21T08:08:28Z,yahoo_mcap|yahoo_ret|mops_paid_in
8916.TWO,6080160768.0,-0.11871994527604257,1488411510.0,2026-09-21T08:08:28Z,yahoo_mcap|yahoo_ret|mops_paid_in
8917.TWO,8783208448.0,-0.07742252435946784,1626524590.0,2026-09-21T08:08:28Z,yahoo_mcap|yahoo_ret|mops_paid_in
8921.TWO,787407488.0,-0.008677973929604899,465921590.0,2026-09-21T08:08:28Z,yahoo_mcap|yahoo_ret|mops_paid_in
8923.TWO,568031232.0,0.025191265544491914,303758000.0,2026-09-21T08:08:28Z,yahoo_mcap|yahoo_ret|mops_paid_in
8924.TWO,4169050112.0,-0.21381166307471455,838000000.0,2026-09-21T08:08:28Z,yahoo_mcap|yahoo_ret|mops_paid_in
8927.TWO,8025158656.0,-0.47691202615493267,4190683670.0,2026-09-21T08:08:28Z,yahoo_mcap|yahoo_ret|mops_paid_in
8928.TWO,1162013952.0,-0.06549166488228331,508540150.0,2026-09-21T08:08:28Z,yahoo_mcap|yahoo_ret|mops_paid_in
8929.TWO,652493568.0,-0.2872928537760181,505808620.0,2026-09-21T08:08:28Z,yahoo_mcap|yahoo_ret|mops_paid_in
8930.TWO,,-0.00913696400682762,818094060.0,2026-09-21T08:08:28Z,yahoo_ret|mops_paid_in
8931.TWO,5256958976.0,-0.16769869433849083,1222548620.0,2026-09-21T08:08:28Z,yahoo_mcap|yahoo_ret|mops_paid_in
8932.TWO,40134840320.0,0.06606907579966115,894908210.0,2026-09-21T08:08:28Z,yahoo_mcap|yahoo_ret|mops_paid_in
8933.TWO,1450656000.0,-0.2745097810055187,3267243050.0,2026-09-21T08:08:28Z,yahoo_mcap|yahoo_ret|mops_paid_in
8935.TWO,1997512064.0,-0.31384013086865714,1134950000.0,2026-09-21T08:08:28Z,yahoo_mcap|yahoo_ret|mops_paid_in
8936.TWO,12999287808.0,0.04661677990125823,2480781570.0,2026-09-21T08:08:28Z,yahoo_mcap|yahoo_ret|mops_paid_in
8937.TWO,12253757440.0,-0.30271902401281625,1104200680.0,2026-09-21T08:08:28Z,yahoo_mcap|yahoo_ret|mops_paid_in
8938.TWO,7950599168.0,-0.08192018480903573,1569864900.0,2026-09-21T08:08:28Z,yahoo_mcap|yahoo_ret|mops_paid_in
8941.TWO,1538771200.0,0.03648837830597951,349720710.0,2026-09-21T08:08:28Z,yahoo_mcap|yahoo_ret|mops_paid_in
8942.TWO,8102821888.0,0.07800568754049197,1988422550.0,2026-09-21T08:08:28Z,yahoo_mcap|yahoo_ret|mops_paid_in
9949.TWO,1076658304.0,0.35295342777658734,448607630.0,2026-09-21T08:08:28Z,yahoo_mcap|yahoo_ret|mops_paid_in
9950.TWO,1719089024.0,-0.004854387360093471,1677160000.0,2026-09-21T08:08:28Z,yahoo_mcap|yahoo_ret|mops_paid_in
9951.TWO,3495704832.0,-0.12680229711890123,733000000.0,2026-09-21T08:08:28Z,yahoo_mcap|yahoo_ret|mops_paid_in
9960.TWO,1079998976.0,0.5620348248807823,335925000.0,2026-09-21T08:08:28Z,yahoo_mcap|yahoo_ret|mops_paid_in
9962.TWO,902200000.0,-0.09909913006003679,902202600.0,2026-09-21T08:08:28Z,yahoo_mcap|yahoo_ret|mops_paid_in
1260.TWO,3103779072.0,0.9025340095148455,1020981820.0,2026-09-21T08:08:28Z,yahoo_mcap|yahoo_ret|mops_paid_in
1269.TWO,1211184000.0,0.07758656248631257,208824820.0,2026-09-21T08:08:28Z,yahoo_mcap|yahoo_ret|mops_paid_in
1271.TWO,3581248512.0,-0.18262710995430098,770890660.0,2026-09-21T08:08:28Z,yahoo_mcap|yahoo_ret|mops_paid_in
1293.TWO,403421056.0,-0.059981180170165516,170941120.0,2026-09-21T08:08:28Z,yahoo_mcap|yahoo_ret|mops_paid_in
1343.TWO,1231621632.0,-0.32668884626491723,405138740.0,2026-09-21T08:08:28Z,yahoo_mcap|yahoo_ret|mops_paid_in
1480.TWO,3141443584.0,-0.2598038890278366,4160852170.0,2026-09-21T08:08:28Z,yahoo_mcap|yahoo_ret|mops_paid_in
1594.TWO,265760000.0,-0.004975119657066318,332200000.0,2026-09-21T08:08:28Z,yahoo_mcap|yahoo_ret|mops_paid_in
2071.TWO,2216376576.0,0.7931215977381685,690460000.0,2026-09-21T08:08:28Z,yahoo_mcap|yahoo_ret|mops_paid_in
2245.TWO,841104000.0,-0.10090252021592816,178200000.0,2026-09-21T08:08:28Z,yahoo_mcap|yahoo_ret|mops_paid_in
2249.TWO,2494551808.0,0.032514940567730966,281596900.0,2026-09-21T08:08:28Z,yahoo_mcap|yahoo_ret|mops_paid_in
2252.TWO,3251848960.0,0.24236256406710455,1066175000.0,2026-09-21T08:08:28Z,yahoo_mcap|yahoo_ret|mops_paid_in
2255.TWO,1084144896.0,-0.3529411724706959,609325000.0,2026-09-21T08:08:28Z,yahoo_mcap|yahoo_ret|mops_paid_in
2256.TWO,3061728000.0,2.0125523493388084,425240000.0,2026-09-21T08:08:28Z,yahoo_mcap|yahoo_ret|mops_paid_in
2644.TWO,6417214976.0,-0.2616714367234887,829516960.0,2026-09-21T08:08:28Z,yahoo_mcap|yahoo_ret|mops_paid_in
2733.TWO,260002896.0,-0.2861841764724151,245984000.0,2026-09-21T08:08:28Z,yahoo_mcap|yahoo_ret|mops_paid_in
2741.TWO,465318592.0,-0.45740695544654686,225882810.0,2026-09-21T08:08:28Z,yahoo_mcap|yahoo_ret|mops_paid_in
2758.TWO,1331597824.0,-0.33645884379374125,204861210.0,2026-09-21T08:08:28Z,yahoo_mcap|yahoo_ret|mops_paid_in
2760.TWO,107770000.0,-0.8355158787525758,130000000.0,2026-09-21T08:08:28Z,yahoo_mcap|yahoo_ret|mops_paid_in
2761.TWO,232394320.0,-0.4489361783291431,173366260.0,2026-09-21T08:08:28Z,yahoo_mcap|yahoo_ret|mops_paid_in
2938.TWO,422540000.0,-0.4098883644373118,201400000.0,2026-09-21T08:08:28Z,yahoo_mcap|yahoo_ret|mops_paid_in
2940.TWO,601897600.0,-0.08550191055590073,251842690.0,2026-09-21T08:08:28Z,yahoo_mcap|yahoo_ret|mops_paid_in
2942.TWO,2280000000.0,0.28313107791106473,600000000.0,2026-09-21T08:08:28Z,yahoo_mcap|yahoo_ret|mops_paid_in
3097.TWO,1910928640.0,0.09515690598330018,750856050.0,2026-09-21T08:08:28Z,yahoo_mcap|yahoo_ret|mops_paid_in
3117.TWO,629280000.0,3.928571580624096,228000000.0,2026-09-21T08:08:28Z,yahoo_mcap|yahoo_ret|mops_paid_in
3184.TWO,1121873152.0,0.3709929184212353,630744770.0,2026-09-21T08:08:28Z,yahoo_mcap|yahoo_ret|mops_paid_in
3194.TWO,,0.02999998728434239,139150000.0,2026-09-21T08:08:28Z,yahoo_ret|mops_paid_in
3473.TWO,,-0.18465251685784667,225114750.0,2026-09-21T08:08:28Z,yahoo_ret|mops_paid_in
3585.TWO,5103713280.0,1.6569766706876234,1116786240.0,2026-09-21T08:08:28Z,yahoo_mcap|yahoo_ret|mops_paid_in
3595.TWO,52701237248.0,2.607434614303986,406959380.0,2026-09-21T08:08:28Z,yahoo_mcap|yahoo_ret|mops_paid_in
3603.TWO,156765632.0,0.045762707891905396,248442640.0,2026-09-21T08:08:28Z,yahoo_mcap|yahoo_ret|mops_paid_in
3633.TWO,4831351296.0,0.8747600422651969,340236430.0,2026-09-21T08:08:28Z,yahoo_mcap|yahoo_ret|mops_paid_in
3644.TWO,27280750592.0,89.22038283060512,833000000.0,2026-09-21T08:08:28Z,yahoo_mcap|yahoo_ret|mops_paid_in
3659.TWO,453525664.0,-0.7053397017775461,547739300.0,2026-09-21T08:08:28Z,yahoo_mcap|yahoo_ret|mops_paid_in
3678.TWO,1317136640.0,0.2417919144793832,264220000.0,2026-09-21T08:08:28Z,yahoo_mcap|yahoo_ret|mops_paid_in
4115.TWO,453000000.0,-0.06790125491760368,600000000.0,2026-09-21T08:08:28Z,yahoo_mcap|yahoo_ret|mops_paid_in
4117.TWO,605271616.0,-0.4639498248916414,708243700.0,2026-09-21T08:08:28Z,yahoo_mcap|yahoo_ret|mops_paid_in
4170.TWO,562462080.0,-0.08865247987104696,437713700.0,2026-09-21T08:08:28Z,yahoo_mcap|yahoo_ret|mops_paid_in
4172.TWO,1231627776.0,-0.509523800441197,1195755000.0,2026-09-21T08:08:28Z,yahoo_mcap|yahoo_ret|mops_paid_in
4186.TWO,634500032.0,-0.4946236353313437,900000000.0,2026-09-21T08:08:28Z,yahoo_mcap|yahoo_ret|mops_paid_in
4194.TWO,1077291136.0,-0.26930694696003576,1459744000.0,2026-09-21T08:08:28Z,yahoo_mcap|yahoo_ret|mops_paid_in
4197.TWO,280985120.0,-0.2076595387560256,301809250.0,2026-09-21T08:08:28Z,yahoo_mcap|yahoo_ret|mops_paid_in
4431.TWO,745326208.0,0.12087905293227585,365355140.0,2026-09-21T08:08:28Z,yahoo_mcap|yahoo_ret|mops_paid_in
4537.TWO,12220199936.0,3.1231525389021026,788400000.0,2026-09-21T08:08:28Z,yahoo_mcap|yahoo_ret|mops_paid_in
4544.TWO,816929536.0,-0.1821409867745678,602900480.0,2026-09-21T08:08:28Z,yahoo_mcap|yahoo_ret|mops_paid_in
4553.TWO,496951008.0,-0.18604162129938362,330200000.0,2026-09-21T08:08:28Z,yahoo_mcap|yahoo_ret|mops_paid_in
4559.TWO,472200000.0,0.13074710379662413,600000000.0,2026-09-21T08:08:28Z,yahoo_mcap|yahoo_ret|mops_paid_in
4565.TWO,8427509760.0,0.1330039696524392,617400000.0,2026-09-21T08:08:28Z,yahoo_mcap|yahoo_ret|mops_paid_in
4570.TWO,3106400000.0,0.03583966837667041,440000000.0,2026-09-21T08:08:28Z,yahoo_mcap|yahoo_ret|mops_paid_in
4573.TWO,31211051008.0,6.242841759242854,456965800.0,2026-09-21T08:08:28Z,yahoo_mcap|yahoo_ret|mops_paid_in
4575.TWO,881653184.0,0.0873785930861235,386685000.0,2026-09-21T08:08:28Z,yahoo_mcap|yahoo_ret|mops_paid_in
4587.TWO,1341450112.0,0.4890110865166377,330000000.0,2026-09-21T08:08:28Z,yahoo_mcap|yahoo_ret|mops_paid_in
4589.TWO,859288640.0,-0.14696866412804255,260390500.0,2026-09-21T08:08:28Z,yahoo_mcap|yahoo_ret|mops_paid_in
4724.TWO,932890688.0,-0.523529389765298,959764060.0,2026-09-21T08:08:28Z,yahoo_mcap|yahoo_ret|mops_paid_in
4732.TWO,869794240.0,-0.12864075579891843,496435000.0,2026-09-21T08:08:28Z,yahoo_mcap|yahoo_ret|mops_paid_in
4738.TWO,513685504.0,0.06774194987333826,775960000.0,2026-09-21T08:08:28Z,yahoo_mcap|yahoo_ret|mops_paid_in
4765.TWO,501274816.0,-0.35269708985297665,321334940.0,2026-09-21T08:08:28Z,yahoo_mcap|yahoo_ret|mops_paid_in
4925.TWO,7974095360.0,1.7915633282827246,710658500.0,2026-09-21T08:08:28Z,yahoo_mcap|yahoo_ret|mops_paid_in
4980.TWO,1755324928.0,0.22870661910128387,452041090.0,2026-09-21T08:08:28Z,yahoo_mcap|yahoo_ret|mops_paid_in
5240.TWO,461197696.0,-0.04341020315814392,265816850.0,2026-09-21T08:08:28Z,yahoo_mcap|yahoo_ret|mops_paid_in
5246.TWO,6382979584.0,2.0319148936170213,447928420.0,2026-09-21T08:08:28Z,yahoo_mcap|yahoo_ret|mops_paid_in
5248.TWO,768075008.0,0.12567324782978306,245000000.0,2026-09-21T08:08:28Z,yahoo_mcap|yahoo_ret|mops_paid_in
5254.TWO,894098944.0,0.23602411534545698,226067860.0,2026-09-21T08:08:28Z,yahoo_mcap|yahoo_ret|mops_paid_in
5262.TWO,2205435648.0,0.31005498582947477,526985820.0,2026-09-21T08:08:28Z,yahoo_mcap|yahoo_ret|mops_paid_in
5267.TWO,1201008000.0,0.6509926887659547,253000000.0,2026-09-21T08:08:28Z,yahoo_mcap|yahoo_ret|mops_paid_in
5271.TWO,366129056.0,-0.25458871384347526,425261690.0,2026-09-21T08:08:28Z,yahoo_mcap|yahoo_ret|mops_paid_in
5297.TWO,2737335808.0,1.0915873115344188,376524900.0,2026-09-21T08:08:28Z,yahoo_mcap|yahoo_ret|mops_paid_in
5859.TWO,20666462208.0,-0.022596147870993954,14502775000.0,2026-09-21T08:08:28Z,yahoo_mcap|yahoo_ret|mops_paid_in
5863.TWO,3788630272.0,0.02738541322560817,3266061650.0,2026-09-21T08:08:28Z,yahoo_mcap|yahoo_ret|mops_paid_in
6027.TWO,2354488320.0,0.9158263023218118,1557200800.0,2026-09-21T08:08:28Z,yahoo_mcap|yahoo_ret|mops_paid_in
6035.TWO,3668058368.0,-0.19546263011587695,713630000.0,2026-09-21T08:08:28Z,yahoo_mcap|yahoo_ret|mops_paid_in
6407.TWO,1679166592.0,0.26033834930164157,751305000.0,2026-09-21T08:08:28Z,yahoo_mcap|yahoo_ret|mops_paid_in
6428.TWO,624209856.0,1.858299445077396,176824560.0,2026-09-21T08:08:28Z,yahoo_mcap|yahoo_ret|mops_paid_in
6434.TWO,6652688896.0,1.3719008147215783,4636020000.0,2026-09-21T08:08:28Z,yahoo_mcap|yahoo_ret|mops_paid_in
6467.TWO,12027777024.0,0.19220779220779227,524086150.0,2026-09-21T08:08:28Z,yahoo_mcap|yahoo_ret|mops_paid_in
6473.TWO,406800000.0,-0.08254393338268606,300000000.0,2026-09-21T08:08:28Z,yahoo_mcap|yahoo_ret|mops_paid_in
6483.TWO,838440384.0,0.0772532705299891,668080000.0,2026-09-21T08:08:28Z,yahoo_mcap|yahoo_ret|mops_paid_in
6493.TWO,1066774976.0,-0.4301765580298429,300500000.0,2026-09-21T08:08:28Z,yahoo_mcap|yahoo_ret|mops_paid_in
6518.TWO,,0.24337444993251345,333333340.0,2026-09-21T08:08:28Z,yahoo_ret|mops_paid_in
6536.TWO,96635056.0,-0.01176462813787138,123052000.0,2026-09-21T08:08:28Z,yahoo_mcap|yahoo_ret|mops_paid_in
6539.TWO,989786880.0,-0.25815695323003374,243494150.0,2026-09-21T08:08:28Z,yahoo_mcap|yahoo_ret|mops_paid_in
6543.TWO,1140369664.0,-0.37417440766160326,635303410.0,2026-09-21T08:08:28Z,yahoo_mcap|yahoo_ret|mops_paid_in
6549.TWO,552040576.0,-0.16180053008975792,801220000.0,2026-09-21T08:08:28Z,yahoo_mcap|yahoo_ret|mops_paid_in
6555.TWO,1621514496.0,-0.519434602540211,1192298000.0,2026-09-21T08:08:28Z,yahoo_mcap|yahoo_ret|mops_paid_in
6559.TWO,375661824.0,0.23557956783855039,231886470.0,2026-09-21T08:08:28Z,yahoo_mcap|yahoo_ret|mops_paid_in
6563.TWO,752492800.0,-0.3368283558285472,297428000.0,2026-09-21T08:08:28Z,yahoo_mcap|yahoo_ret|mops_paid_in
6564.TWO,1193817600.0,-0.19464720917294576,721340000.0,2026-09-21T08:08:28Z,yahoo_mcap|yahoo_ret|mops_paid_in
6565.TWO,479091584.0,-0.12406948125701,271438700.0,2026-09-21T08:08:28Z,yahoo_mcap|yahoo_ret|mops_paid_in
6572.TWO,740053824.0,-0.23717947346375645,1036495100.0,2026-09-21T08:08:28Z,yahoo_mcap|yahoo_ret|mops_paid_in
6580.TWO,1653769984.0,-0.47508897509742576,1121199080.0,2026-09-21T08:08:28Z,yahoo_mcap|yahoo_ret|mops_paid_in
6583.TWO,176214352.0,-0.32415902550935827,159470000.0,2026-09-21T08:08:28Z,yahoo_mcap|yahoo_ret|mops_paid_in
6586.TWO,21615060992.0,1.7297297297297298,2140105000.0,2026-09-21T08:08:28Z,yahoo_mcap|yahoo_ret|mops_paid_in
6595.TWO,1476535936.0,-0.14325238919742278,498578880.0,2026-09-21T08:08:28Z,yahoo_mcap|yahoo_ret|mops_paid_in
6599.TWO,828450048.0,-0.3136896977942213,210000000.0,2026-09-21T08:08:28Z,yahoo_mcap|yahoo_ret|mops_paid_in
6604.TWO,,0.015029385649482974,437310390.0,2026-09-21T08:08:28Z,yahoo_ret|mops_paid_in
6610.TWO,8831385600.0,0.29508196721311486,2235793950.0,2026-09-21T08:08:28Z,yahoo_mcap|yahoo_ret|mops_paid_in
6618.TWO,365807840.0,-0.8786086953204612,1048160000.0,2026-09-21T08:08:28Z,yahoo_mcap|yahoo_ret|mops_paid_in
6621.TWO,410036544.0,-0.11832062180146019,355010000.0,2026-09-21T08:08:28Z,yahoo_mcap|yahoo_ret|mops_paid_in
6622.TWO,228620608.0,-0.34607841166474607,353009500.0,2026-09-21T08:08:28Z,yahoo_mcap|yahoo_ret|mops_paid_in
6634.TWO,4320109056.0,0.3074433758170736,712889300.0,2026-09-21T08:08:28Z,yahoo_mcap|yahoo_ret|mops_paid_in
6638.TWO,1434000000.0,0.5419354592600176,300000000.0,2026-09-21T08:08:28Z,yahoo_mcap|yahoo_ret|mops_paid_in
6639.TWO,221933280.0,-0.5649717809398336,576450090.0,2026-09-21T08:08:28Z,yahoo_mcap|yahoo_ret|mops_paid_in
6648.TWO,811249984.0,-0.4326923076923077,550000000.0,2026-09-21T08:08:28Z,yahoo_mcap|yahoo_ret|mops_paid_in
6650.TWO,854976768.0,-0.34819647704072865,310900630.0,2026-09-21T08:08:28Z,yahoo_mcap|yahoo_ret|mops_paid_in
6659.TWO,,-0.4907022618681991,858830090.0,2026-09-21T08:08:28Z,yahoo_ret|mops_paid_in
6665.TWO,775484992.0,-0.2747554643354412,453501330.0,2026-09-21T08:08:28Z,yahoo_mcap|yahoo_ret|mops_paid_in
6673.TWO,421221696.0,0.4495413526322025,264886000.0,2026-09-21T08:08:28Z,yahoo_mcap|yahoo_ret|mops_paid_in
6676.TWO,1874953088.0,-0.3538011728520717,1696790000.0,2026-09-21T08:08:28Z,yahoo_mcap|yahoo_ret|mops_paid_in
6677.TWO,1100007040.0,-0.12666668362087674,560389500.0,2026-09-21T08:08:28Z,yahoo_mcap|yahoo_ret|mops_paid_in
6682.TWO,5323706880.0,-0.35185185185185186,1521059020.0,2026-09-21T08:08:28Z,yahoo_mcap|yahoo_ret|mops_paid_in
6696.TWO,139305598976.0,9.402477025896598,835060000.0,2026-09-21T08:08:28Z,yahoo_mcap|yahoo_ret|mops_paid_in
6704.TWO,2246118912.0,-0.2482269436389316,1059493160.0,2026-09-21T08:08:28Z,yahoo_mcap|yahoo_ret|mops_paid_in
6705.TWO,1809270144.0,0.5850189663418874,180046880.0,2026-09-21T08:08:28Z,yahoo_mcap|yahoo_ret|mops_paid_in
6707.TWO,2151434752.0,1.3317484957831596,590026640.0,2026-09-21T08:08:28Z,yahoo_mcap|yahoo_ret|mops_paid_in
6709.TWO,1717154944.0,-0.3172413793103448,693800000.0,2026-09-21T08:08:28Z,yahoo_mcap|yahoo_ret|mops_paid_in
6723.TWO,991286976.0,-0.33651604103395105,300390000.0,2026-09-21T08:08:28Z,yahoo_mcap|yahoo_ret|mops_paid_in
6729.TWO,1676256512.0,0.7393919698536104,276612780.0,2026-09-21T08:08:28Z,yahoo_mcap|yahoo_ret|mops_paid_in
6734.TWO,220088112.0,-0.3757361208931065,406231640.0,2026-09-21T08:08:28Z,yahoo_mcap|yahoo_ret|mops_paid_in
6737.TWO,1727912960.0,-0.4833958750795362,600504000.0,2026-09-21T08:08:28Z,yahoo_mcap|yahoo_ret|mops_paid_in
6738.TWO,2887461632.0,-0.0025640634390023953,371138990.0,2026-09-21T08:08:28Z,yahoo_mcap|yahoo_ret|mops_paid_in
6744.TWO,224840000.0,-0.2120884326348711,154000000.0,2026-09-21T08:08:28Z,yahoo_mcap|yahoo_ret|mops_paid_in
6748.TWO,15376046080.0,1.9423867696882593,712181980.0,2026-09-21T08:08:28Z,yahoo_mcap|yahoo_ret|mops_paid_in
6750.TWO,2557240320.0,0.272520703466814,447070000.0,2026-09-21T08:08:28Z,yahoo_mcap|yahoo_ret|mops_paid_in
6755.TWO,436062976.0,-0.5530612322748925,398231050.0,2026-09-21T08:08:28Z,yahoo_mcap|yahoo_ret|mops_paid_in
6758.TWO,404129984.0,-0.2776291474699035,134710400.0,2026-09-21T08:08:28Z,yahoo_mcap|yahoo_ret|mops_paid_in
6775.TWO,4385475072.0,0.294022560575111,1095000000.0,2026-09-21T08:08:28Z,yahoo_mcap|yahoo_ret|mops_paid_in
6780.TWO,647761728.0,0.5936249741042985,164697230.0,2026-09-21T08:08:28Z,yahoo_mcap|yahoo_ret|mops_paid_in
6784.TWO,373909216.0,0.21020380114917048,190770000.0,2026-09-21T08:08:28Z,yahoo_mcap|yahoo_ret|mops_paid_in
6786.TWO,1569653248.0,0.17281105383205664,308379800.0,2026-09-21T08:08:28Z,yahoo_mcap|yahoo_ret|mops_paid_in
6787.TWO,2341524224.0,-0.18968133096463213,810070000.0,2026-09-21T08:08:28Z,yahoo_mcap|yahoo_ret|mops_paid_in
6793.TWO,476280000.0,-0.052631563851613716,756000000.0,2026-09-21T08:08:28Z,yahoo_mcap|yahoo_ret|mops_paid_in
6797.TWO,338054016.0,-0.41624367742998625,307321770.0,2026-09-21T08:08:28Z,yahoo_mcap|yahoo_ret|mops_paid_in
6798.TWO,1223276928.0,1.0842247377911325,195724300.0,2026-09-21T08:08:28Z,yahoo_mcap|yahoo_ret|mops_paid_in
6808.TWO,2386441984.0,-0.37546440746169063,778400000.0,2026-09-21T08:08:28Z,yahoo_mcap|yahoo_ret|mops_paid_in
6810.TWO,1021111488.0,-0.15195074763757055,494485000.0,2026-09-21T08:08:28Z,yahoo_mcap|yahoo_ret|mops_paid_in
6812.TWO,1755619200.0,-0.027118618205442258,305852870.0,2026-09-21T08:08:28Z,yahoo_mcap|yahoo_ret|mops_paid_in
6814.TWO,760013056.0,-0.30459772592891343,418743710.0,2026-09-21T08:08:28Z,yahoo_mcap|yahoo_ret|mops_paid_in
6815.TWO,945857408.0,-0.4677777608235677,397056490.0,2026-09-21T08:08:28Z,yahoo_mcap|yahoo_ret|mops_paid_in
6816.TWO,417773984.0,-0.14216697328073746,121800000.0,2026-09-21T08:08:28Z,yahoo_mcap|yahoo_ret|mops_paid_in
6817.TWO,792851840.0,-0.5768216529579514,184170000.0,2026-09-21T08:08:28Z,yahoo_mcap|yahoo_ret|mops_paid_in
6818.TWO,1078776832.0,-0.047721075235223065,255030000.0,2026-09-21T08:08:28Z,yahoo_mcap|yahoo_ret|mops_paid_in
6819.TWO,2528953344.0,1.5287771575921467,339737330.0,2026-09-21T08:08:28Z,yahoo_mcap|yahoo_ret|mops_paid_in
6820.TWO,7951538176.0,2.590795233625872,222530000.0,2026-09-21T08:08:28Z,yahoo_mcap|yahoo_ret|mops_paid_in
6825.TWO,1349294080.0,0.06251091575600598,393385430.0,2026-09-21T08:08:28Z,yahoo_mcap|yahoo_ret|mops_paid_in
6826.TWO,37081591808.0,-0.10120348229893383,855400000.0,2026-09-21T08:08:28Z,yahoo_mcap|yahoo_ret|mops_paid_in
6827.TWO,935663360.0,-0.3295454582399573,792935030.0,2026-09-21T08:08:28Z,yahoo_mcap|yahoo_ret|mops_paid_in
6832.TWO,1716692608.0,0.4456208937394799,264106550.0,2026-09-21T08:08:28Z,yahoo_mcap|yahoo_ret|mops_paid_in
6833.TWO,1099494016.0,-0.1881918933461334,579770000.0,2026-09-21T08:08:28Z,yahoo_mcap|yahoo_ret|mops_paid_in
6839.TWO,930358272.0,-0.322485203093697,820197840.0,2026-09-21T08:08:28Z,yahoo_mcap|yahoo_ret|mops_paid_in
6842.TWO,1719041792.0,0.535514372357393,242802500.0,2026-09-21T08:08:28Z,yahoo_mcap|yahoo_ret|mops_paid_in
6847.TWO,1216438016.0,-0.016713154967022525,142300000.0,2026-09-21T08:08:28Z,yahoo_mcap|yahoo_ret|mops_paid_in
6848.TWO,,0.3840175705355635,142731600.0,2026-09-21T08:08:28Z,yahoo_ret|mops_paid_in
6849.TWO,7629075968.0,0.13749999999999996,419182620.0,2026-09-21T08:08:28Z,yahoo_mcap|yahoo_ret|mops_paid_in
6850.TWO,1058848000.0,-0.3167340298969914,330886600.0,2026-09-21T08:08:28Z,yahoo_mcap|yahoo_ret|mops_paid_in
6857.TWO,1431065984.0,-0.19823788546255505,152260000.0,2026-09-21T08:08:28Z,yahoo_mcap|yahoo_ret|mops_paid_in
6858.TWO,593395968.0,-0.26845638271194516,272204750.0,2026-09-21T08:08:28Z,yahoo_mcap|yahoo_ret|mops_paid_in
6864.TWO,1838831232.0,-0.40936738394734495,378747500.0,2026-09-21T08:08:28Z,yahoo_mcap|yahoo_ret|mops_paid_in
6867.TWO,624750016.0,-0.06404493980855597,245000000.0,2026-09-21T08:08:28Z,yahoo_mcap|yahoo_ret|mops_paid_in
6868.TWO,688692096.0,-0.15384615384615385,250433500.0,2026-09-21T08:08:28Z,yahoo_mcap|yahoo_ret|mops_paid_in
6876.TWO,1135509632.0,-0.38195774076781,1189416337.0,2026-09-21T08:08:28Z,yahoo_mcap|yahoo_ret|mops_paid_in
6878.TWO,1594465664.0,0.35913320627910994,726408000.0,2026-09-21T08:08:28Z,yahoo_mcap|yahoo_ret|mops_paid_in
6879.TWO,926048192.0,-0.16963229577794936,264585200.0,2026-09-21T08:08:28Z,yahoo_mcap|yahoo_ret|mops_paid_in
6882.TWO,289988288.0,-0.28774925678608587,231990650.0,2026-09-21T08:08:28Z,yahoo_mcap|yahoo_ret|mops_paid_in
6886.TWO,1478369792.0,0.021441956520315664,349910000.0,2026-09-21T08:08:28Z,yahoo_mcap|yahoo_ret|mops_paid_in
6891.TWO,7935400960.0,0.2535657747529425,2006422500.0,2026-09-21T08:08:28Z,yahoo_mcap|yahoo_ret|mops_paid_in
6892.TWO,2453797632.0,-0.07117437625797618,940152280.0,2026-09-21T08:08:28Z,yahoo_mcap|yahoo_ret|mops_paid_in
6898.TWO,2463468032.0,0.04871920792765949,290161130.0,2026-09-21T08:08:28Z,yahoo_mcap|yahoo_ret|mops_paid_in
6911.TWO,628436992.0,-0.15364977462739948,220000000.0,2026-09-21T08:08:28Z,yahoo_mcap|yahoo_ret|mops_paid_in
6912.TWO,1832907136.0,-0.3711047806586848,165000000.0,2026-09-21T08:08:28Z,yahoo_mcap|yahoo_ret|mops_paid_in
6915.TWO,1623800064.0,0.2534059684939274,353000000.0,2026-09-21T08:08:28Z,yahoo_mcap|yahoo_ret|mops_paid_in
6917.TWO,2260936960.0,0.9115600195204874,552720000.0,2026-09-21T08:08:28Z,yahoo_mcap|yahoo_ret|mops_paid_in
6920.TWO,19913746432.0,2.003124952316284,2072190190.0,2026-09-21T08:08:28Z,yahoo_mcap|yahoo_ret|mops_paid_in
6926.TWO,3167279872.0,-0.14859436315388352,498000000.0,2026-09-21T08:08:28Z,yahoo_mcap|yahoo_ret|mops_paid_in
6927.TWO,2645939712.0,0.14950159586780853,382361250.0,2026-09-21T08:08:28Z,yahoo_mcap|yahoo_ret|mops_paid_in
6932.TWO,2711313664.0,0.0566666920979817,108149026.0,2026-09-21T08:08:28Z,yahoo_mcap|yahoo_ret|mops_paid_in
6935.TWO,1353555456.0,-0.06648022575474022,374100000.0,2026-09-21T08:08:28Z,yahoo_mcap|yahoo_ret|mops_paid_in
6938.TWO,1156440064.0,0.07199422657236432,125700000.0,2026-09-21T08:08:28Z,yahoo_mcap|yahoo_ret|mops_paid_in
6939.TWO,674068224.0,-0.23800003051757812,353841610.0,2026-09-21T08:08:28Z,yahoo_mcap|yahoo_ret|mops_paid_in
6940.TWO,4823719936.0,-0.5915874948731916,801282375.0,2026-09-21T08:08:28Z,yahoo_mcap|yahoo_ret|mops_paid_in
6946.TWO,3072861952.0,-0.48283381069019515,3238000000.0,2026-09-21T08:08:28Z,yahoo_mcap|yahoo_ret|mops_paid_in
6950.TWO,4772757504.0,0.029850789820280887,1729258670.0,2026-09-21T08:08:28Z,yahoo_mcap|yahoo_ret|mops_paid_in
6959.TWO,4954676224.0,0.65359477124183,391674000.0,2026-09-21T08:08:28Z,yahoo_mcap|yahoo_ret|mops_paid_in
6963.TWO,454508768.0,-0.15934542697337772,159719660.0,2026-09-21T08:08:28Z,yahoo_mcap|yahoo_ret|mops_paid_in
6972.TWO,,-0.2099999745686849,229346860.0,2026-09-21T08:08:28Z,yahoo_ret|mops_paid_in
6973.TWO,2447884544.0,0.45390073544298426,408030000.0,2026-09-21T08:08:28Z,yahoo_mcap|yahoo_ret|mops_paid_in
6976.TWO,7635559936.0,-0.2556818126400642,5828671100.0,2026-09-21T08:08:28Z,yahoo_mcap|yahoo_ret|mops_paid_in
6977.TWO,3485344768.0,0.37391871650738673,167938000.0,2026-09-21T08:08:28Z,yahoo_mcap|yahoo_ret|mops_paid_in
6979.TWO,1080000000.0,-0.11061726425512208,120000000.0,2026-09-21T08:08:28Z,yahoo_mcap|yahoo_ret|mops_paid_in
6980.TWO,3608289024.0,1.0033112076687032,300000000.0,2026-09-21T08:08:28Z,yahoo_mcap|yahoo_ret|mops_paid_in
6984.TWO,302058144.0,-0.45862069623223667,192393730.0,2026-09-21T08:08:28Z,yahoo_mcap|yahoo_ret|mops_paid_in
6987.TWO,4680147456.0,-0.24045067656515495,3777745225.0,2026-09-21T08:08:28Z,yahoo_mcap|yahoo_ret|mops_paid_in
6990.TWO,10831708160.0,6.503340292328612,641719480.0,2026-09-21T08:08:28Z,yahoo_mcap|yahoo_ret|mops_paid_in
6992.TWO,1590768128.0,0.0048701795322909636,256990000.0,2026-09-21T08:08:28Z,yahoo_mcap|yahoo_ret|mops_paid_in
6995.TWO,1539025792.0,-0.19838954828683497,270000000.0,2026-09-21T08:08:28Z,yahoo_mcap|yahoo_ret|mops_paid_in
6999.TWO,649554880.0,-0.25720292918061216,231158330.0,2026-09-21T08:08:28Z,yahoo_mcap|yahoo_ret|mops_paid_in
7415.TWO,,-0.49789453731996003,300000000.0,2026-09-21T08:08:28Z,yahoo_ret|mops_paid_in
7418.TWO,,-0.044117647058823484,275543070.0,2026-09-21T08:08:28Z,yahoo_ret|mops_paid_in
7419.TWO,2024000000.0,1.4926108559523281,400000000.0,2026-09-21T08:08:28Z,yahoo_mcap|yahoo_ret|mops_paid_in
7422.TWO,,-0.16073972348818077,232720000.0,2026-09-21T08:08:28Z,yahoo_ret|mops_paid_in
7427.TWO,3825754624.0,1.3940397756705436,540262350.0,2026-09-21T08:08:28Z,yahoo_mcap|yahoo_ret|mops_paid_in
7443.TWO,187000000.0,-0.11017833879449068,220000000.0,2026-09-21T08:08:28Z,yahoo_mcap|yahoo_ret|mops_paid_in
7455.TWO,1313250048.0,-0.27340943462231915,255000000.0,2026-09-21T08:08:28Z,yahoo_mcap|yahoo_ret|mops_paid_in
7507.TWO,1817379456.0,-0.5550000190734863,1020999740.0,2026-09-21T08:08:28Z,yahoo_mcap|yahoo_ret|mops_paid_in
7516.TWO,162194752.0,-0.11764714132130372,193089280.0,2026-09-21T08:08:28Z,yahoo_mcap|yahoo_ret|mops_paid_in
7530.TWO,1694925056.0,1.053521169743068,465000000.0,2026-09-21T08:08:28Z,yahoo_mcap|yahoo_ret|mops_paid_in
7551.TWO,157300000.0,-0.09407667913465656,121000000.0,2026-09-21T08:08:28Z,yahoo_mcap|yahoo_ret|mops_paid_in
7558.TWO,331453792.0,0.6795999624928841,186207570.0,2026-09-21T08:08:28Z,yahoo_mcap|yahoo_ret|mops_paid_in
7561.TWO,606497856.0,-0.17785255126534427,300852620.0,2026-09-21T08:08:28Z,yahoo_mcap|yahoo_ret|mops_paid_in
7562.TWO,1606167808.0,0.24318264615011675,225535400.0,2026-09-21T08:08:28Z,yahoo_mcap|yahoo_ret|mops_paid_in
7566.TWO,1853366784.0,-0.4170853967922613,1597726470.0,2026-09-21T08:08:28Z,yahoo_mcap|yahoo_ret|mops_paid_in
7578.TWO,1423739008.0,-0.290160063269402,600733710.0,2026-09-21T08:08:28Z,yahoo_mcap|yahoo_ret|mops_paid_in
7583.TWO,615599040.0,-0.652723935628317,245748120.0,2026-09-21T08:08:28Z,yahoo_mcap|yahoo_ret|mops_paid_in
7590.TWO,1846223232.0,-0.16880379861462913,1223792640.0,2026-09-21T08:08:28Z,yahoo_mcap|yahoo_ret|mops_paid_in
7595.TWO,353255008.0,-0.4285714285714286,504650000.0,2026-09-21T08:08:28Z,yahoo_mcap|yahoo_ret|mops_paid_in
7607.TWO,379358560.0,-0.3708206746842555,270172143.0,2026-09-21T08:08:28Z,yahoo_mcap|yahoo_ret|mops_paid_in
7669.TWO,,1.052152868132381,220000000.0,2026-09-21T08:08:28Z,yahoo_ret|mops_paid_in
7686.TWO,,0.5884615384615384,501100000.0,2026-09-21T08:08:28Z,yahoo_ret|mops_paid_in
7702.TWO,1511399936.0,-0.49967495652543525,660000000.0,2026-09-21T08:08:28Z,yahoo_mcap|yahoo_ret|mops_paid_in
7706.TWO,294500000.0,-0.3607799104412708,100000000.0,2026-09-21T08:08:28Z,yahoo_mcap|yahoo_ret|mops_paid_in
7707.TWO,5849600000.0,0.497593722702093,457000000.0,2026-09-21T08:08:28Z,yahoo_mcap|yahoo_ret|mops_paid_in
7710.TWO,,-0.3443312069437634,639055800.0,2026-09-21T08:08:28Z,yahoo_ret|mops_paid_in
7719.TWO,1749600000.0,-0.34324326386322845,360000000.0,2026-09-21T08:08:28Z,yahoo_mcap|yahoo_ret|mops_paid_in
7724.TWO,510646112.0,-0.4567669322542043,353808310.0,2026-09-21T08:08:28Z,yahoo_mcap|yahoo_ret|mops_paid_in
7725.TWO,1112245888.0,-0.10022529353404008,483266330.0,2026-09-21T08:08:28Z,yahoo_mcap|yahoo_ret|mops_paid_in
7726.TWO,651758400.0,-0.18631184148729285,203040000.0,2026-09-21T08:08:28Z,yahoo_mcap|yahoo_ret|mops_paid_in
7729.TWO,14764850176.0,3.7347992956085285,806822410.0,2026-09-21T08:08:28Z,yahoo_mcap|yahoo_ret|mops_paid_in
7731.TWO,2325096448.0,0.022740586028527243,130495143.0,2026-09-21T08:08:28Z,yahoo_mcap|yahoo_ret|mops_paid_in
7735.TWO,,-0.41428571428571426,433310000.0,2026-09-21T08:08:28Z,yahoo_ret|mops_paid_in
7737.TWO,1150860672.0,-0.05724722333245458,297587850.0,2026-09-21T08:08:28Z,yahoo_mcap|yahoo_ret|mops_paid_in
7742.TWO,6670687744.0,1.7647869111067407,663750000.0,2026-09-21T08:08:28Z,yahoo_mcap|yahoo_ret|mops_paid_in
7745.TWO,,-0.6863181280945617,179500000.0,2026-09-21T08:08:28Z,yahoo_ret|mops_paid_in
7748.TWO,195024992.0,-0.2443820008002292,145000000.0,2026-09-21T08:08:28Z,yahoo_mcap|yahoo_ret|mops_paid_in
7752.TWO,5618875392.0,-0.6509202360375528,2000000000.0,2026-09-21T08:08:28Z,yahoo_mcap|yahoo_ret|mops_paid_in
7754.TWO,6684728320.0,0.3814002211488099,1009390390.0,2026-09-21T08:08:28Z,yahoo_mcap|yahoo_ret|mops_paid_in
7756.TWO,929003008.0,-0.13279638985300957,212830000.0,2026-09-21T08:08:28Z,yahoo_mcap|yahoo_ret|mops_paid_in
7758.TWO,627900032.0,-0.09020335395106316,161000000.0,2026-09-21T08:08:28Z,yahoo_mcap|yahoo_ret|mops_paid_in
7759.TWO,3021195776.0,-0.4303713541942292,703421590.0,2026-09-21T08:08:28Z,yahoo_mcap|yahoo_ret|mops_paid_in
7761.TWO,1131435008.0,-0.1958474669433956,289000000.0,2026-09-21T08:08:28Z,yahoo_mcap|yahoo_ret|mops_paid_in
7762.TWO,3160177408.0,-0.37360928556155404,580913340.0,2026-09-21T08:08:28Z,yahoo_mcap|yahoo_ret|mops_paid_in
7763.TWO,8462023168.0,0.8147358560320741,600143490.0,2026-09-21T08:08:28Z,yahoo_mcap|yahoo_ret|mops_paid_in
7764.TWO,678000000.0,-0.3901121854246141,600000000.0,2026-09-21T08:08:28Z,yahoo_mcap|yahoo_ret|mops_paid_in
7771.TWO,1000636416.0,-0.37340077892738865,200127270.0,2026-09-21T08:08:28Z,yahoo_mcap|yahoo_ret|mops_paid_in
7773.TWO,1356981120.0,-0.10643887827245646,399112090.0,2026-09-21T08:08:28Z,yahoo_mcap|yahoo_ret|mops_paid_in
7776.TWO,1605619712.0,-0.3511904806957402,491015200.0,2026-09-21T08:08:28Z,yahoo_mcap|yahoo_ret|mops_paid_in
7779.TWO,333373504.0,0.08947372436523438,161050000.0,2026-09-21T08:08:28Z,yahoo_mcap|yahoo_ret|mops_paid_in
7781.TWO,15703698432.0,3.17089682825019,324840430.0,2026-09-21T08:08:28Z,yahoo_mcap|yahoo_ret|mops_paid_in
7783.TWO,5735903232.0,-0.4157533073545202,624448000.0,2026-09-21T08:08:28Z,yahoo_mcap|yahoo_ret|mops_paid_in
7784.TWO,,-0.059322016775454234,1145133597.0,2026-09-21T08:08:28Z,yahoo_ret|mops_paid_in
7785.TWO,,-0.494059421048306,333393690.0,2026-09-21T08:08:28Z,yahoo_ret|mops_paid_in
7789.TWO,1012595200.0,0.03351349701752526,211836290.0,2026-09-21T08:08:28Z,yahoo_mcap|yahoo_ret|mops_paid_in
7790.TWO,925824064.0,-0.39794452954073056,185846680.0,2026-09-21T08:08:28Z,yahoo_mcap|yahoo_ret|mops_paid_in
7796.TWO,1566076544.0,-0.4340249215913511,229630000.0,2026-09-21T08:08:28Z,yahoo_mcap|yahoo_ret|mops_paid_in
7797.TWO,1272414080.0,-0.26481157392575805,222450000.0,2026-09-21T08:08:28Z,yahoo_mcap|yahoo_ret|mops_paid_in
7798.TWO,,-0.22122940660953927,3541264000.0,2026-09-21T08:08:28Z,yahoo_ret|mops_paid_in
7801.TWO,1884899968.0,-0.11505039206648116,183000000.0,2026-09-21T08:08:28Z,yahoo_mcap|yahoo_ret|mops_paid_in
7806.TWO,1813686016.0,-0.03326296755620195,292530000.0,2026-09-21T08:08:28Z,yahoo_mcap|yahoo_ret|mops_paid_in
7808.TWO,2415000064.0,-0.35873605038577017,700000000.0,2026-09-21T08:08:28Z,yahoo_mcap|yahoo_ret|mops_paid_in
7812.TWO,5171201536.0,0.08075369789447207,1511525594.0,2026-09-21T08:08:28Z,yahoo_mcap|yahoo_ret|mops_paid_in
7813.TWO,2188332544.0,0.2949386732618473,191959000.0,2026-09-21T08:08:28Z,yahoo_mcap|yahoo_ret|mops_paid_in
7815.TWO,10486250496.0,0.8391219422828167,329756310.0,2026-09-21T08:08:28Z,yahoo_mcap|yahoo_ret|mops_paid_in
7816.TWO,1338014336.0,-0.518947360390111,292782110.0,2026-09-21T08:08:28Z,yahoo_mcap|yahoo_ret|mops_paid_in
7824.TWO,,-0.408955246654909,313371450.0,2026-09-21T08:08:28Z,yahoo_ret|mops_paid_in
7826.TWO,398137856.0,-0.29293996422304425,120000000.0,2026-09-21T08:08:28Z,yahoo_mcap|yahoo_ret|mops_paid_in
7829.TWO,5595553280.0,0.04646840214595871,993881600.0,2026-09-21T08:08:28Z,yahoo_mcap|yahoo_ret|mops_paid_in
7831.TWO,522647904.0,-0.14660832934543055,134012280.0,2026-09-21T08:08:28Z,yahoo_mcap|yahoo_ret|mops_paid_in
7832.TWO,7975000064.0,0.3931104518164983,580000000.0,2026-09-21T08:08:28Z,yahoo_mcap|yahoo_ret|mops_paid_in
7833.TWO,1030113472.0,-0.617109403777709,430110240.0,2026-09-21T08:08:28Z,yahoo_mcap|yahoo_ret|mops_paid_in
7836.TWO,,-0.3657437140566342,495000000.0,2026-09-21T08:08:28Z,yahoo_ret|mops_paid_in
7837.TWO,1938021632.0,-0.21227884335696123,228002540.0,2026-09-21T08:08:28Z,yahoo_mcap|yahoo_ret|mops_paid_in
7840.TWO,1020000000.0,-0.21848738744226714,340000000.0,2026-09-21T08:08:28Z,yahoo_mcap|yahoo_ret|mops_paid_in
7841.TWO,636486272.0,-0.3684932649932525,242004320.0,2026-09-21T08:08:28Z,yahoo_mcap|yahoo_ret|mops_paid_in
7843.TWO,3711840000.0,1.9261638491756696,334400000.0,2026-09-21T08:08:28Z,yahoo_mcap|yahoo_ret|mops_paid_in
7846.TWO,3079842816.0,1.3089152878339108,344116520.0,2026-09-21T08:08:28Z,yahoo_mcap|yahoo_ret|mops_paid_in
7847.TWO,,-0.5832426702814002,290000000.0,2026-09-21T08:08:28Z,yahoo_ret|mops_paid_in
7848.TWO,,0.3544602793725924,333760000.0,2026-09-21T08:08:28Z,yahoo_ret|mops_paid_in
7849.TWO,,-0.26620690907960554,118923420.0,2026-09-21T08:08:28Z,yahoo_ret|mops_paid_in
7850.TWO,,-0.5896168091873375,976587500.0,2026-09-21T08:08:28Z,yahoo_ret|mops_paid_in
7851.TWO,,-0.40554819268001396,338455725.0,2026-09-21T08:08:28Z,yahoo_ret|mops_paid_in
7853.TWO,,2.8088087506328234,482470000.0,2026-09-21T08:08:28Z,yahoo_ret|mops_paid_in
7854.TWO,,0.11972771174457297,403000000.0,2026-09-21T08:08:28Z,yahoo_ret|mops_paid_in
7856.TWO,26494650368.0,-0.032943676939426125,271770000.0,2026-09-21T08:08:28Z,yahoo_mcap|yahoo_ret|mops_paid_in
7857.TWO,,-0.446983044856342,534875990.0,2026-09-21T08:08:28Z,yahoo_ret|mops_paid_in
7858.TWO,,0.5361044626199836,222370070.0,2026-09-21T08:08:28Z,yahoo_ret|mops_paid_in
7860.TWO,2252800000.0,-0.11046924579877859,320000000.0,2026-09-21T08:08:28Z,yahoo_mcap|yahoo_ret|mops_paid_in
7861.TWO,77842997248.0,2.8433656859647516,646000000.0,2026-09-21T08:08:28Z,yahoo_mcap|yahoo_ret|mops_paid_in
7862.TWO,,-0.5741057564686494,400000000.0,2026-09-21T08:08:28Z,yahoo_ret|mops_paid_in
7863.TWO,,-0.20681550709987073,300000000.0,2026-09-21T08:08:28Z,yahoo_ret|mops_paid_in
7865.TWO,,-0.5064402719816565,251240000.0,2026-09-21T08:08:28Z,yahoo_ret|mops_paid_in
7866.TWO,,2.6916040404153847,431712130.0,2026-09-21T08:08:28Z,yahoo_ret|mops_paid_in
7867.TWO,,-0.020116020913183097,960000000.0,2026-09-21T08:08:28Z,yahoo_ret|mops_paid_in
7868.TWO,,0.037973255985152665,222396460.0,2026-09-21T08:08:28Z,yahoo_ret|mops_paid_in
7869.TWO,,-0.020787814936687465,272410000.0,2026-09-21T08:08:28Z,yahoo_ret|mops_paid_in
7870.TWO,,-0.05838328269608506,184000000.0,2026-09-21T08:08:28Z,yahoo_ret|mops_paid_in
7871.TWO,,3.113924050632911,1342781940.0,2026-09-21T08:08:28Z,yahoo_ret|mops_paid_in
7872.TWO,,0.37748509545808195,300000000.0,2026-09-21T08:08:28Z,yahoo_ret|mops_paid_in
7873.TWO,,-0.427027027027027,1498520000.0,2026-09-21T08:08:28Z,yahoo_ret|mops_paid_in
7875.TWO,,0.9995555841976695,200000000.0,2026-09-21T08:08:28Z,yahoo_ret|mops_paid_in
7876.TWO,,0.16666668138386265,1072617500.0,2026-09-21T08:08:28Z,yahoo_ret|mops_paid_in
7877.TWO,,-0.17130456781168302,388566850.0,2026-09-21T08:08:28Z,yahoo_ret|mops_paid_in
7878.TWO,,-0.3452593917710197,561365800.0,2026-09-21T08:08:28Z,yahoo_ret|mops_paid_in
7879.TWO,,-0.5836666900625181,400000000.0,2026-09-21T08:08:28Z,yahoo_ret|mops_paid_in
7880.TWO,,-0.10441459293324529,265000000.0,2026-09-21T08:08:28Z,yahoo_ret|mops_paid_in
7881.TWO,,-0.27826086956521734,270000000.0,2026-09-21T08:08:28Z,yahoo_ret|mops_paid_in
7882.TWO,,0.22234741252509016,2052822290.0,2026-09-21T08:08:28Z,yahoo_ret|mops_paid_in
7883.TWO,,-0.03965517241379313,609760000.0,2026-09-21T08:08:28Z,yahoo_ret|mops_paid_in
7885.TWO,,-0.12311728839665137,292000000.0,2026-09-21T08:08:28Z,yahoo_ret|mops_paid_in
7886.TWO,,-0.5720207332947094,249780000.0,2026-09-21T08:08:28Z,yahoo_ret|mops_paid_in
7887.TWO,13384871936.0,0.05787781350482324,817200000.0,2026-09-21T08:08:28Z,yahoo_mcap|yahoo_ret|mops_paid_in
7888.TWO,,-0.34676567889068766,752350000.0,2026-09-21T08:08:28Z,yahoo_ret|mops_paid_in
7889.TWO,,-0.2643178897157228,207812710.0,2026-09-21T08:08:28Z,yahoo_ret|mops_paid_in
7890.TWO,,-0.31405963530809367,208000000.0,2026-09-21T08:08:28Z,yahoo_ret|mops_paid_in
7891.TWO,,-0.2591415366667601,194300000.0,2026-09-21T08:08:28Z,yahoo_ret|mops_paid_in
7892.TWO,,-0.04485981308411213,468980000.0,2026-09-21T08:08:28Z,yahoo_ret|mops_paid_in
7893.TWO,,-0.1155721358315972,407994000.0,2026-09-21T08:08:28Z,yahoo_ret|mops_paid_in
7894.TWO,,-0.279126213592233,240000000.0,2026-09-21T08:08:28Z,yahoo_ret|mops_paid_in
7895.TWO,,-0.11897917124687762,387900000.0,2026-09-21T08:08:28Z,yahoo_ret|mops_paid_in
7896.TWO,,-0.42238172778669236,279002070.0,2026-09-21T08:08:28Z,yahoo_ret|mops_paid_in
7897.TWO,,-0.6007042199792996,1336169240.0,2026-09-21T08:08:28Z,yahoo_ret|mops_paid_in
7898.TWO,,-0.55389023274116,300387180.0,2026-09-21T08:08:28Z,yahoo_ret|mops_paid_in
7899.TWO,,0.31277724998893675,229035000.0,2026-09-21T08:08:28Z,yahoo_ret|mops_paid_in
7901.TWO,,-0.055763957930972996,600000000.0,2026-09-21T08:08:28Z,yahoo_ret|mops_paid_in
7902.TWO,,0.028985479203023967,200605000.0,2026-09-21T08:08:28Z,yahoo_ret|mops_paid_in
7904.TWO,,-0.6836616654499124,150000000.0,2026-09-21T08:08:28Z,yahoo_ret|mops_paid_in
7907.TWO,9001292800.0,-0.4321698819995934,393929700.0,2026-09-21T08:08:28Z,yahoo_mcap|yahoo_ret|mops_paid_in
7909.TWO,44825919488.0,-0.32407414144921154,705926500.0,2026-09-21T08:08:28Z,yahoo_mcap|yahoo_ret|mops_paid_in
7911.TWO,4817891328.0,-0.3246753246753247,400000000.0,2026-09-21T08:08:28Z,yahoo_mcap|yahoo_ret|mops_paid_in
7912.TWO,7433650176.0,-0.6662143936893659,221900000.0,2026-09-21T08:08:28Z,yahoo_mcap|yahoo_ret|mops_paid_in
7913.TWO,,-0.42911153119092627,451387000.0,2026-09-21T08:08:28Z,yahoo_ret|mops_paid_in
7914.TWO,1963305600.0,-0.10481924034026735,528480620.0,2026-09-21T08:08:28Z,yahoo_mcap|yahoo_ret|mops_paid_in
7915.TWO,16821950464.0,-0.33728278041074244,401000000.0,2026-09-21T08:08:28Z,yahoo_mcap|yahoo_ret|mops_paid_in
7917.TWO,,-0.1228070175438597,669026590.0,2026-09-21T08:08:28Z,yahoo_ret|mops_paid_in
7918.TWO,34867900416.0,-0.04711425206124853,431000000.0,2026-09-21T08:08:28Z,yahoo_mcap|yahoo_ret|mops_paid_in
7919.TWO,445134976.0,-0.7009809801822033,127000000.0,2026-09-21T08:08:28Z,yahoo_mcap|yahoo_ret|mops_paid_in
7920.TWO,,0.44067795468646076,1187974836.0,2026-09-21T08:08:28Z,yahoo_ret|mops_paid_in
7921.TWO,,-0.4540060589453172,408070000.0,2026-09-21T08:08:28Z,yahoo_ret|mops_paid_in
7922.TWO,,-0.33105802047781574,934760324.0,2026-09-21T08:08:28Z,yahoo_ret|mops_paid_in
7924.TWO,,0.6603325415676959,1335606870.0,2026-09-21T08:08:28Z,yahoo_ret|mops_paid_in
7925.TWO,,-0.02160097857894716,656000000.0,2026-09-21T08:08:28Z,yahoo_ret|mops_paid_in
7926.TWO,,-0.19945725915875168,150018000.0,2026-09-21T08:08:28Z,yahoo_ret|mops_paid_in
7927.TWO,,-0.28308823529411764,447000000.0,2026-09-21T08:08:28Z,yahoo_ret|mops_paid_in
7928.TWO,,-0.13299232736572886,635291764.0,2026-09-21T08:08:28Z,yahoo_ret|mops_paid_in
7929.TWO,7535750144.0,-0.19702176403207328,215000000.0,2026-09-21T08:08:28Z,yahoo_mcap|yahoo_ret|mops_paid_in
7930.TWO,,0.8554216867469879,337545000.0,2026-09-21T08:08:28Z,yahoo_ret|mops_paid_in
7931.TWO,,-0.22352941176470587,246405500.0,2026-09-21T08:08:28Z,yahoo_ret|mops_paid_in
7932.TWO,21074999296.0,0.06305170239596469,500000000.0,2026-09-21T08:08:28Z,yahoo_mcap|yahoo_ret|mops_paid_in
7933.TWO,,-0.19889504450813744,235632060.0,2026-09-21T08:08:28Z,yahoo_ret|mops_paid_in
7934.TWO,,0.27318295739348364,260294000.0,2026-09-21T08:08:28Z,yahoo_ret|mops_paid_in
7935.TWO,,-0.02602228690873376,369998000.0,2026-09-21T08:08:28Z,yahoo_ret|mops_paid_in
7936.TWO,,-0.06666670905219185,360380000.0,2026-09-21T08:08:28Z,yahoo_ret|mops_paid_in
7939.TWO,4170540032.0,0.014285714285714235,195800000.0,2026-09-21T08:08:28Z,yahoo_mcap|yahoo_ret|mops_paid_in
7942.TWO,17472628736.0,0.5427769985974755,317684150.0,2026-09-21T08:08:28Z,yahoo_mcap|yahoo_ret|mops_paid_in
7943.TWO,,0.06963246462274153,306508370.0,2026-09-21T08:08:28Z,yahoo_ret|mops_paid_in
7944.TWO,,-0.17991165228351735,307631260.0,2026-09-21T08:08:28Z,yahoo_ret|mops_paid_in
7945.TWO,,-0.18958333333333333,115433750.0,2026-09-21T08:08:28Z,yahoo_ret|mops_paid_in
8058.TWO,,0.30174419679623954,688000000.0,2026-09-21T08:08:28Z,yahoo_ret|mops_paid_in
8098.TWO,5099159040.0,0.4739192108800441,132351750.0,2026-09-21T08:08:28Z,yahoo_mcap|yahoo_ret|mops_paid_in
8119.TWO,629853824.0,0.016427089442707654,636615990.0,2026-09-21T08:08:28Z,yahoo_mcap|yahoo_ret|mops_paid_in
8298.TWO,1025280000.0,0.8615375629632536,256320150.0,2026-09-21T08:08:28Z,yahoo_mcap|yahoo_ret|mops_paid_in
8329.TWO,3016213248.0,0.06820230451813836,2805781150.0,2026-09-21T08:08:28Z,yahoo_mcap|yahoo_ret|mops_paid_in
8345.TWO,3060408064.0,0.005425805560811403,600080000.0,2026-09-21T08:08:28Z,yahoo_mcap|yahoo_ret|mops_paid_in
8359.TWO,7210956800.0,-0.20903875645134173,1365000000.0,2026-09-21T08:08:28Z,yahoo_mcap|yahoo_ret|mops_paid_in
8458.TWO,476804992.0,-0.40888888041178384,358500000.0,2026-09-21T08:08:28Z,yahoo_mcap|yahoo_ret|mops_paid_in
8999.TWO,1332000000.0,-0.05198372465823353,360000000.0,2026-09-21T08:08:28Z,yahoo_mcap|yahoo_ret|mops_paid_in
9957.TWO,18195333120.0,-0.048821541929198076,32204136000.0,2026-09-21T08:08:28Z,yahoo_mcap|yahoo_ret|mops_paid_in
