"ticker","name","exchange","industry_raw","industry_key","fetched_at","source"
"NVDA","NVIDIA CORP","NASDAQ",NA,"sc.IC_Design","2026-09-20T13:30:43Z","sec-exchange"
"AAPL","Apple Inc.","NASDAQ",NA,"tech.Hardware","2026-09-20T13:30:43Z","sec-exchange"
"GOOGL","Alphabet Inc.","NASDAQ",NA,"tech.Internet_Platform","2026-09-20T13:30:43Z","sec-exchange"
"MSFT","MICROSOFT CORP","NASDAQ",NA,"tech.Software","2026-09-20T13:30:43Z","sec-exchange"
"AMZN","AMAZON COM INC","NASDAQ",NA,"ecr.Ecommerce_Retail","2026-09-20T13:30:43Z","sec-exchange"
"META","Meta Platforms, Inc.","NASDAQ",NA,"tech.Internet_Platform","2026-09-20T13:30:43Z","sec-exchange"
"AVGO","Broadcom Inc.","NASDAQ",NA,"sc.IC_Design","2026-09-20T13:30:43Z","sec-exchange"
"TSLA","Tesla, Inc.","NASDAQ",NA,"auto.Automotive_EV","2026-09-20T13:30:43Z","sec-exchange"
"MU","MICRON TECHNOLOGY INC","NASDAQ",NA,"sc.Memory","2026-09-20T13:30:43Z","sec-exchange"
"BRK-B","BERKSHIRE HATHAWAY INC","NYSE",NA,"fn.Conglomerate_Holding","2026-09-20T13:30:43Z","sec-exchange"
"LLY","ELI LILLY & Co","NYSE",NA,"hc.Pharma","2026-09-20T13:30:43Z","sec-exchange"
"JPM","JPMORGAN CHASE & CO","NYSE",NA,"fn.Banking","2026-09-20T13:30:43Z","sec-exchange"
"AMD","ADVANCED MICRO DEVICES INC","NASDAQ",NA,"sc.IC_Design","2026-09-20T13:30:43Z","sec-exchange"
"WMT","Walmart Inc.","NASDAQ",NA,"retail.Brick_Mortar","2026-09-20T13:30:43Z","sec-exchange"
"V","VISA INC.","NYSE",NA,"fn.Fintech","2026-09-20T13:30:43Z","sec-exchange"
"XOM","ExxonMobil Holdings Corp","NYSE",NA,"en.Energy_OilGas","2026-09-20T13:30:43Z","sec-exchange"
"JNJ","JOHNSON & JOHNSON","NYSE",NA,"hc.Pharma","2026-09-20T13:30:43Z","sec-exchange"
"ASML","ASML HOLDING NV","NASDAQ",NA,"lab.Unmapped","2026-09-20T13:30:43Z","sec-exchange"
"INTC","INTEL CORP","NASDAQ",NA,"sc.IC_Design","2026-09-20T13:30:43Z","sec-exchange"
"MA","Mastercard Inc","NYSE",NA,"fn.Fintech","2026-09-20T13:30:43Z","sec-exchange"
"ABBV","AbbVie Inc.","NYSE",NA,"hc.Biotech","2026-09-20T13:30:43Z","sec-exchange"
"ORCL","ORACLE CORP","NYSE",NA,"saas.SaaS_Cloud","2026-09-20T13:30:43Z","sec-exchange"
"CSCO","CISCO SYSTEMS, INC.","NASDAQ",NA,"ec.Hardware","2026-09-20T13:30:43Z","sec-exchange"
"PLTR","Palantir Technologies Inc.","NASDAQ",NA,"saas.SaaS_Cloud","2026-09-20T13:30:43Z","sec-exchange"
"CVX","CHEVRON CORP","NYSE",NA,"en.Energy_OilGas","2026-09-20T13:30:43Z","sec-exchange"
"BAC","BANK OF AMERICA CORP /DE/","NYSE",NA,"fn.Banking","2026-09-20T13:30:43Z","sec-exchange"
"COST","COSTCO WHOLESALE CORP /NEW","NASDAQ",NA,"retail.Brick_Mortar","2026-09-20T13:30:43Z","sec-exchange"
"KO","COCA COLA CO","NYSE",NA,"fmcg.Food_Beverages","2026-09-20T13:30:43Z","sec-exchange"
"DELL","Dell Technologies Inc.","NYSE",NA,"tech.Hardware","2026-09-20T13:30:43Z","sec-exchange"
"CAT","CATERPILLAR INC","NYSE",NA,"ind.Machinery","2026-09-20T13:30:43Z","sec-exchange"
"MRK","Merck & Co., Inc.","NYSE",NA,"hc.Pharma","2026-09-20T13:30:43Z","sec-exchange"
"HSBC","HSBC HOLDINGS PLC","NYSE",NA,"lab.Unmapped","2026-09-20T13:30:43Z","sec-exchange"
"PG","PROCTER & GAMBLE Co","NYSE",NA,"fmcg.Health_Beauty","2026-09-20T13:30:43Z","sec-exchange"
"UNH","UNITEDHEALTH GROUP INC","NYSE",NA,"hc.Healthcare_Services","2026-09-20T13:30:43Z","sec-exchange"
"LRCX","LAM RESEARCH CORP","NASDAQ",NA,"sc.Equipment","2026-09-20T13:30:43Z","sec-exchange"
"AMAT","APPLIED MATERIALS INC /DE","NASDAQ",NA,"sc.Equipment","2026-09-20T13:30:43Z","sec-exchange"
"GE","GENERAL ELECTRIC CO","NYSE",NA,"ind.Aerospace_Defense","2026-09-20T13:30:43Z","sec-exchange"
"MS","MORGAN STANLEY","NYSE",NA,"fn.Investment_Banking","2026-09-20T13:30:43Z","sec-exchange"
"NFLX","NETFLIX INC","NASDAQ",NA,"media.Entertainment","2026-09-20T13:30:43Z","sec-exchange"
"PANW","Palo Alto Networks Inc","NASDAQ",NA,"tech.Software","2026-09-20T13:30:43Z","sec-exchange"
"HD","HOME DEPOT, INC.","NYSE",NA,"retail.Brick_Mortar","2026-09-20T13:30:43Z","sec-exchange"
"PM","Philip Morris International Inc.","NYSE",NA,"fmcg.Food_Beverages","2026-09-20T13:30:43Z","sec-exchange"
"RY","ROYAL BANK OF CANADA","NYSE",NA,"lab.Unmapped","2026-09-20T13:30:43Z","sec-exchange"
"ARM","ARM HOLDINGS PLC /UK","NASDAQ",NA,"lab.Unmapped","2026-09-20T13:30:43Z","sec-exchange"
"GS","GOLDMAN SACHS GROUP INC","NYSE",NA,"fn.Investment_Banking","2026-09-20T13:30:43Z","sec-exchange"
"SHEL","Shell plc","NYSE",NA,"lab.Unmapped","2026-09-20T13:30:43Z","sec-exchange"
"BABA","Alibaba Group Holding Ltd","NYSE",NA,"lab.Unmapped","2026-09-20T13:30:43Z","sec-exchange"
"NVS","NOVARTIS AG","NYSE",NA,"lab.Unmapped","2026-09-20T13:30:43Z","sec-exchange"
"MUFG","MITSUBISHI UFJ FINANCIAL GROUP INC","NYSE",NA,"lab.Unmapped","2026-09-20T13:30:43Z","sec-exchange"
"WFC","WELLS FARGO & COMPANY/MN","NYSE",NA,"fn.Banking","2026-09-20T13:30:43Z","sec-exchange"
"RTX","RTX Corp","NYSE",NA,"ind.Aerospace_Defense","2026-09-20T13:30:43Z","sec-exchange"
"AZN","ASTRAZENECA PLC","NYSE",NA,"lab.Unmapped","2026-09-20T13:30:43Z","sec-exchange"
"CRWD","CrowdStrike Holdings, Inc.","NASDAQ",NA,"tech.Software","2026-09-20T13:30:43Z","sec-exchange"
"ANET","Arista Networks, Inc.","NYSE",NA,"ec.Hardware","2026-09-20T13:30:43Z","sec-exchange"
"GEV","GE Vernova Inc.","NYSE",NA,"ind.Machinery","2026-09-20T13:30:43Z","sec-exchange"
"SAP","SAP SE","NYSE",NA,"lab.Unmapped","2026-09-20T13:30:43Z","sec-exchange"
"TMO","THERMO FISHER SCIENTIFIC INC.","NYSE",NA,"hc.Medtech","2026-09-20T13:30:43Z","sec-exchange"
"TXN","TEXAS INSTRUMENTS INC","NASDAQ",NA,"sc.IC_Design","2026-09-20T13:30:43Z","sec-exchange"
"SNDK","Sandisk Corp","NASDAQ",NA,"tech.Hardware","2026-09-20T13:30:43Z","sec-exchange"
"TM","TOYOTA MOTOR CORP/","NYSE",NA,"lab.Unmapped","2026-09-20T13:30:43Z","sec-exchange"
"IBM","INTERNATIONAL BUSINESS MACHINES CORP","NYSE",NA,"tech.IT_Services","2026-09-20T13:30:43Z","sec-exchange"
"C","CITIGROUP INC","NYSE",NA,"fn.Banking","2026-09-20T13:30:43Z","sec-exchange"
"KLAC","KLA CORP","NASDAQ",NA,"sc.Equipment","2026-09-20T13:30:43Z","sec-exchange"
"BHP","BHP Group Ltd","NYSE",NA,"lab.Unmapped","2026-09-20T13:30:43Z","sec-exchange"
"MRVL","Marvell Technology, Inc.","NASDAQ",NA,"sc.IC_Design","2026-09-20T13:30:43Z","sec-exchange"
"SAN","Banco Santander, S.A.","NYSE",NA,"lab.Unmapped","2026-09-20T13:30:43Z","sec-exchange"
"AXP","AMERICAN EXPRESS CO","NYSE",NA,"fn.Fintech","2026-09-20T13:30:43Z","sec-exchange"
"LIN","LINDE PLC","NASDAQ",NA,"mat.Chemicals","2026-09-20T13:30:43Z","sec-exchange"
"AMGN","AMGEN INC","NASDAQ",NA,"hc.Biotech","2026-09-20T13:30:43Z","sec-exchange"
"TTE","TotalEnergies SE","NYSE",NA,"lab.Unmapped","2026-09-20T13:30:43Z","sec-exchange"
"QCOM","QUALCOMM INC/DE","NASDAQ",NA,"sc.IC_Design","2026-09-20T13:30:43Z","sec-exchange"
"VZ","VERIZON COMMUNICATIONS INC","NYSE",NA,"tel.Telecom","2026-09-20T13:30:43Z","sec-exchange"
"CRM","Salesforce, Inc.","NYSE",NA,"saas.SaaS_Cloud","2026-09-20T13:30:43Z","sec-exchange"
"TD","TORONTO DOMINION BANK","NYSE",NA,"lab.Unmapped","2026-09-20T13:30:43Z","sec-exchange"
"APH","AMPHENOL CORP /DE/","NYSE",NA,"ec.Hardware","2026-09-20T13:30:43Z","sec-exchange"
"NVO","NOVO NORDISK A S","NYSE",NA,"lab.Unmapped","2026-09-20T13:30:43Z","sec-exchange"
"GILD","GILEAD SCIENCES, INC.","NASDAQ",NA,"hc.Biotech","2026-09-20T13:30:43Z","sec-exchange"
"DE","DEERE & CO","NYSE",NA,"ind.Machinery","2026-09-20T13:30:43Z","sec-exchange"
"DIS","Walt Disney Co","NYSE",NA,"media.Entertainment","2026-09-20T13:30:43Z","sec-exchange"
"PEP","PEPSICO INC","NASDAQ",NA,"fmcg.Food_Beverages","2026-09-20T13:30:43Z","sec-exchange"
"STX","Seagate Technology Holdings plc","NASDAQ",NA,"tech.Hardware","2026-09-20T13:30:43Z","sec-exchange"
"SCHW","SCHWAB CHARLES CORP","NYSE",NA,"fn.Investment_Banking","2026-09-20T13:30:43Z","sec-exchange"
"TMUS","T-Mobile US, Inc.","NASDAQ",NA,"tel.Telecom","2026-09-20T13:30:43Z","sec-exchange"
"ABT","ABBOTT LABORATORIES","NYSE",NA,"hc.Medtech","2026-09-20T13:30:43Z","sec-exchange"
"MCD","MCDONALDS CORP","NYSE",NA,"cons.Restaurants","2026-09-20T13:30:43Z","sec-exchange"
"ADI","ANALOG DEVICES INC","NASDAQ",NA,"sc.IC_Design","2026-09-20T13:30:43Z","sec-exchange"
"T","AT&T INC.","NYSE",NA,"tel.Telecom","2026-09-20T13:30:43Z","sec-exchange"
"BLK","BlackRock, Inc.","NYSE",NA,"fn.Asset_Management","2026-09-20T13:30:43Z","sec-exchange"
"SMFG","SUMITOMO MITSUI FINANCIAL GROUP, INC.","NYSE",NA,"lab.Unmapped","2026-09-20T13:30:43Z","sec-exchange"
"NEE","NEXTERA ENERGY INC","NYSE",NA,"en.Utilities","2026-09-20T13:30:43Z","sec-exchange"
"UNP","UNION PACIFIC CORP","NYSE",NA,"tr.Logistics_Shipping","2026-09-20T13:30:43Z","sec-exchange"
"WELL","WELLTOWER INC.","NYSE",NA,"re.REIT","2026-09-20T13:30:43Z","sec-exchange"
"SHOP","SHOPIFY INC.","NASDAQ",NA,"lab.Unmapped","2026-09-20T13:30:43Z","sec-exchange"
"SCCO","SOUTHERN COPPER CORP/","NYSE",NA,"lab.Unmapped","2026-09-20T13:30:43Z","sec-exchange"
"COP","CONOCOPHILLIPS","NYSE",NA,"en.Energy_OilGas","2026-09-20T13:30:43Z","sec-exchange"
"RIO","RIO TINTO PLC","NYSE",NA,"lab.Unmapped","2026-09-20T13:30:43Z","sec-exchange"
"ETN","Eaton Corp plc","NYSE",NA,"ec.Hardware","2026-09-20T13:30:43Z","sec-exchange"
"BBVA","BANCO BILBAO VIZCAYA ARGENTARIA, S.A.","NYSE",NA,"lab.Unmapped","2026-09-20T13:30:43Z","sec-exchange"
"PFE","PFIZER INC","NYSE",NA,"hc.Pharma","2026-09-20T13:30:43Z","sec-exchange"
"BA","BOEING CO","NYSE",NA,"ind.Aerospace_Defense","2026-09-20T13:30:43Z","sec-exchange"
"BUD","Anheuser-Busch InBev SA/NV","NYSE",NA,"lab.Unmapped","2026-09-20T13:30:43Z","sec-exchange"
"UBS","UBS Group AG","NYSE",NA,"lab.Unmapped","2026-09-20T13:30:43Z","sec-exchange"
"WDC","WESTERN DIGITAL CORP","NASDAQ",NA,"tech.Hardware","2026-09-20T13:30:43Z","sec-exchange"
"IBKR","Interactive Brokers Group, Inc.","NASDAQ",NA,"fn.Investment_Banking","2026-09-20T13:30:43Z","sec-exchange"
"BX","Blackstone Inc.","NYSE",NA,"fn.Asset_Management","2026-09-20T13:30:43Z","sec-exchange"
"DHR","DANAHER CORP /DE/","NYSE",NA,"hc.Medtech","2026-09-20T13:30:43Z","sec-exchange"
"UBER","Uber Technologies, Inc","NYSE",NA,"tr.Logistics_Shipping","2026-09-20T13:30:43Z","sec-exchange"
"NOW","ServiceNow, Inc.","NYSE",NA,"tech.Software","2026-09-20T13:30:43Z","sec-exchange"
"SONY","Sony Group Corp","NYSE",NA,"lab.Unmapped","2026-09-20T13:30:43Z","sec-exchange"
"TJX","TJX COMPANIES INC /DE/","NYSE",NA,"retail.Brick_Mortar","2026-09-20T13:30:43Z","sec-exchange"
"ISRG","INTUITIVE SURGICAL INC","NASDAQ",NA,"hc.Medtech","2026-09-20T13:30:43Z","sec-exchange"
"PBR","PETROBRAS - PETROLEO BRASILEIRO SA","NYSE",NA,"lab.Unmapped","2026-09-20T13:30:43Z","sec-exchange"
"MFG","MIZUHO FINANCIAL GROUP INC","NYSE",NA,"lab.Unmapped","2026-09-20T13:30:43Z","sec-exchange"
"UL","UNILEVER PLC","NYSE",NA,"lab.Unmapped","2026-09-20T13:30:43Z","sec-exchange"
"CB","Chubb Ltd","NYSE",NA,"fn.Insurance","2026-09-20T13:30:43Z","sec-exchange"
"NEM","NEWMONT Corp /DE/","NYSE",NA,"mat.Metals_Mining","2026-09-20T13:30:43Z","sec-exchange"
"PLD","Prologis, Inc.","NYSE",NA,"re.REIT","2026-09-20T13:30:43Z","sec-exchange"
"VRTX","VERTEX PHARMACEUTICALS INC / MA","NASDAQ",NA,"hc.Biotech","2026-09-20T13:30:43Z","sec-exchange"
"BMY","BRISTOL MYERS SQUIBB CO","NYSE",NA,"hc.Pharma","2026-09-20T13:30:43Z","sec-exchange"
"BKNG","Booking Holdings Inc.","NASDAQ",NA,"hosp.Hotels_Travel","2026-09-20T13:30:43Z","sec-exchange"
"GLW","CORNING INC /NY","NYSE",NA,"ec.Hardware","2026-09-20T13:30:43Z","sec-exchange"
"FTNT","Fortinet, Inc.","NASDAQ",NA,"tech.Software","2026-09-20T13:30:43Z","sec-exchange"
"PGR","PROGRESSIVE CORP/OH/","NYSE",NA,"fn.Insurance","2026-09-20T13:30:43Z","sec-exchange"
"COF","CAPITAL ONE FINANCIAL CORP","NYSE",NA,"fn.Fintech","2026-09-20T13:30:43Z","sec-exchange"
"LMT","LOCKHEED MARTIN CORP","NYSE",NA,"ind.Aerospace_Defense","2026-09-20T13:30:43Z","sec-exchange"
"BMO","BANK OF MONTREAL /CAN/","NYSE",NA,"lab.Unmapped","2026-09-20T13:30:43Z","sec-exchange"
"BTI","British American Tobacco p.l.c.","NYSE",NA,"lab.Unmapped","2026-09-20T13:30:43Z","sec-exchange"
"SPGI","S&P Global Inc.","NYSE",NA,"fn.Asset_Management","2026-09-20T13:30:43Z","sec-exchange"
"SNOW","Snowflake Inc.","NYSE",NA,"lab.Unmapped","2026-09-20T13:30:43Z","sec-exchange"
"MDT","Medtronic plc","NYSE",NA,"hc.Medtech","2026-09-20T13:30:43Z","sec-exchange"
"NET","Cloudflare, Inc.","NYSE",NA,"lab.Unmapped","2026-09-20T13:30:43Z","sec-exchange"
"MPC","Marathon Petroleum Corp","NYSE",NA,"en.Energy_OilGas","2026-09-20T13:30:43Z","sec-exchange"
"VLO","VALERO ENERGY CORP/TX","NYSE",NA,"en.Energy_OilGas","2026-09-20T13:30:43Z","sec-exchange"
"BP","BP PLC","NYSE",NA,"lab.Unmapped","2026-09-20T13:30:43Z","sec-exchange"
"CVS","CVS HEALTH Corp","NYSE",NA,"hc.Healthcare_Services","2026-09-20T13:30:43Z","sec-exchange"
"HDB","HDFC BANK LTD","NYSE",NA,"lab.Unmapped","2026-09-20T13:30:43Z","sec-exchange"
"PH","Parker-Hannifin Corp","NYSE",NA,"ind.Machinery","2026-09-20T13:30:43Z","sec-exchange"
"ACN","Accenture plc","NYSE",NA,"tech.IT_Services","2026-09-20T13:30:43Z","sec-exchange"
"MO","ALTRIA GROUP, INC.","NYSE",NA,"fmcg.Food_Beverages","2026-09-20T13:30:43Z","sec-exchange"
"BNS","BANK OF NOVA SCOTIA","NYSE",NA,"lab.Unmapped","2026-09-20T13:30:43Z","sec-exchange"
"PDD","PDD Holdings Inc.","NASDAQ",NA,"lab.Unmapped","2026-09-20T13:30:43Z","sec-exchange"
"SBUX","STARBUCKS CORP","NASDAQ",NA,"cons.Restaurants","2026-09-20T13:30:43Z","sec-exchange"
"SPOT","Spotify Technology S.A.","NYSE",NA,"lab.Unmapped","2026-09-20T13:30:43Z","sec-exchange"
"PSX","Phillips 66","NYSE",NA,"en.Energy_OilGas","2026-09-20T13:30:43Z","sec-exchange"
"LOW","LOWES COMPANIES INC","NYSE",NA,"retail.Brick_Mortar","2026-09-20T13:30:43Z","sec-exchange"
"SYK","STRYKER CORP","NYSE",NA,"hc.Medtech","2026-09-20T13:30:43Z","sec-exchange"
"ADP","AUTOMATIC DATA PROCESSING INC","NASDAQ",NA,"bus.Professional_Services","2026-09-20T13:30:43Z","sec-exchange"
"ENB","ENBRIDGE INC","NYSE",NA,"lab.Unmapped","2026-09-20T13:30:43Z","sec-exchange"
"APP","AppLovin Corp","NASDAQ",NA,"media.Advertising","2026-09-20T13:30:43Z","sec-exchange"
"EQNR","EQUINOR ASA","NYSE",NA,"lab.Unmapped","2026-09-20T13:30:43Z","sec-exchange"
"ING","ING GROEP NV","NYSE",NA,"lab.Unmapped","2026-09-20T13:30:43Z","sec-exchange"
"BNY","Bank of New York Mellon Corp","NYSE",NA,"fn.Asset_Management","2026-09-20T13:30:43Z","sec-exchange"
"CNQ","CANADIAN NATURAL RESOURCES Ltd","NYSE",NA,"lab.Unmapped","2026-09-20T13:30:43Z","sec-exchange"
"ASX","ASE Technology Holding Co., Ltd.","NYSE",NA,"lab.Unmapped","2026-09-20T13:30:43Z","sec-exchange"
"SNY","Sanofi","NASDAQ",NA,"lab.Unmapped","2026-09-20T13:30:43Z","sec-exchange"
"CM","CANADIAN IMPERIAL BANK OF COMMERCE /CAN/","NYSE",NA,"lab.Unmapped","2026-09-20T13:30:43Z","sec-exchange"
"MCK","MCKESSON CORP","NYSE",NA,"hc.Healthcare_Services","2026-09-20T13:30:43Z","sec-exchange"
"AEM","AGNICO EAGLE MINES LTD","NYSE",NA,"lab.Unmapped","2026-09-20T13:30:43Z","sec-exchange"
"GSK","GSK plc","NYSE",NA,"lab.Unmapped","2026-09-20T13:30:43Z","sec-exchange"
"FCX","FREEPORT-MCMORAN INC","NYSE",NA,"mat.Metals_Mining","2026-09-20T13:30:43Z","sec-exchange"
"IBN","ICICI BANK LTD","NYSE",NA,"lab.Unmapped","2026-09-20T13:30:43Z","sec-exchange"
"EQIX","EQUINIX INC","NASDAQ",NA,"re.REIT","2026-09-20T13:30:43Z","sec-exchange"
"ADBE","ADOBE INC.","NASDAQ",NA,"saas.SaaS_Cloud","2026-09-20T13:30:43Z","sec-exchange"
"SO","SOUTHERN CO","NYSE",NA,"en.Utilities","2026-09-20T13:30:43Z","sec-exchange"
"ABNB","Airbnb, Inc.","NASDAQ",NA,"hosp.Hotels_Travel","2026-09-20T13:30:43Z","sec-exchange"
"CME","CME GROUP INC.","NASDAQ",NA,"fn.Asset_Management","2026-09-20T13:30:43Z","sec-exchange"
"HOOD","Robinhood Markets, Inc.","NASDAQ",NA,"fn.Investment_Banking","2026-09-20T13:30:43Z","sec-exchange"
"GD","GENERAL DYNAMICS CORP","NYSE",NA,"ind.Aerospace_Defense","2026-09-20T13:30:43Z","sec-exchange"
"USB","US BANCORP DE","NYSE",NA,"fn.Banking","2026-09-20T13:30:43Z","sec-exchange"
"HCA","HCA Healthcare, Inc.","NYSE",NA,"hc.Healthcare_Services","2026-09-20T13:30:43Z","sec-exchange"
"VRT","Vertiv Holdings Co","NYSE",NA,"ec.Hardware","2026-09-20T13:30:43Z","sec-exchange"
"PWR","QUANTA SERVICES, INC.","NYSE",NA,"ind.Construction","2026-09-20T13:30:43Z","sec-exchange"
"CEG","Constellation Energy Corp","NASDAQ",NA,"en.Utilities","2026-09-20T13:30:43Z","sec-exchange"
"PNC","PNC FINANCIAL SERVICES GROUP, INC.","NYSE",NA,"fn.Banking","2026-09-20T13:30:43Z","sec-exchange"
"TT","Trane Technologies plc","NYSE",NA,"ind.Construction","2026-09-20T13:30:43Z","sec-exchange"
"MELI","MERCADOLIBRE INC","NASDAQ",NA,"lab.Unmapped","2026-09-20T13:30:43Z","sec-exchange"
"DUK","Duke Energy CORP","NYSE",NA,"en.Utilities","2026-09-20T13:30:43Z","sec-exchange"
"ITUB","Itau Unibanco Holding S.A.","NYSE",NA,"lab.Unmapped","2026-09-20T13:30:43Z","sec-exchange"
"KKR","KKR & Co. Inc.","NYSE",NA,"fn.Asset_Management","2026-09-20T13:30:43Z","sec-exchange"
"ELV","Elevance Health, Inc.","NYSE",NA,"hc.Healthcare_Services","2026-09-20T13:30:43Z","sec-exchange"
"HWM","Howmet Aerospace Inc.","NYSE",NA,"ind.Aerospace_Defense","2026-09-20T13:30:43Z","sec-exchange"
"CSX","CSX CORP","NASDAQ",NA,"tr.Logistics_Shipping","2026-09-20T13:30:43Z","sec-exchange"
"WMB","WILLIAMS COMPANIES, INC.","NYSE",NA,"en.Energy_OilGas","2026-09-20T13:30:43Z","sec-exchange"
"MNST","Monster Beverage Corp","NASDAQ",NA,"fmcg.Food_Beverages","2026-09-20T13:30:43Z","sec-exchange"
"MAR","MARRIOTT INTERNATIONAL INC /MD/","NASDAQ",NA,"hosp.Hotels_Travel","2026-09-20T13:30:43Z","sec-exchange"
"ICE","Intercontinental Exchange, Inc.","NYSE",NA,"fn.Asset_Management","2026-09-20T13:30:43Z","sec-exchange"
"LYG","Lloyds Banking Group plc","NYSE",NA,"lab.Unmapped","2026-09-20T13:30:43Z","sec-exchange"
"BCS","BARCLAYS PLC","NYSE",NA,"lab.Unmapped","2026-09-20T13:30:43Z","sec-exchange"
"JCI","Johnson Controls International plc","NYSE",NA,"ind.Construction","2026-09-20T13:30:43Z","sec-exchange"
"UPS","UNITED PARCEL SERVICE INC","NYSE",NA,"tr.Logistics_Shipping","2026-09-20T13:30:43Z","sec-exchange"
"DDOG","Datadog, Inc.","NASDAQ",NA,"saas.SaaS_Cloud","2026-09-20T13:30:43Z","sec-exchange"
"MMM","3M CO","NYSE",NA,"ind.Conglomerate","2026-09-20T13:30:43Z","sec-exchange"
"WM","WASTE MANAGEMENT INC","NYSE",NA,"en.Environmental","2026-09-20T13:30:43Z","sec-exchange"
"DASH","DoorDash, Inc.","NASDAQ",NA,"cons.Discretionary","2026-09-20T13:30:43Z","sec-exchange"
"INTU","INTUIT INC.","NASDAQ",NA,"saas.SaaS_Cloud","2026-09-20T13:30:43Z","sec-exchange"
"BN","BROOKFIELD Corp /ON/","NYSE",NA,"lab.Unmapped","2026-09-20T13:30:43Z","sec-exchange"
"EPD","ENTERPRISE PRODUCTS PARTNERS L.P.","NYSE",NA,"lab.Unmapped","2026-09-20T13:30:43Z","sec-exchange"
"MRSH","MARSH & MCLENNAN COMPANIES, INC.","NYSE",NA,"fn.Insurance","2026-09-20T13:30:43Z","sec-exchange"
"EMR","EMERSON ELECTRIC CO","NYSE",NA,"ec.Hardware","2026-09-20T13:30:43Z","sec-exchange"
"BE","Bloom Energy Corp","NYSE",NA,"lab.Unmapped","2026-09-20T13:30:43Z","sec-exchange"
"SU","SUNCOR ENERGY INC","NYSE",NA,"lab.Unmapped","2026-09-20T13:30:43Z","sec-exchange"
"AMT","AMERICAN TOWER CORP /MA/","NYSE",NA,"re.REIT","2026-09-20T13:30:43Z","sec-exchange"
"CMCSA","COMCAST CORP","NASDAQ",NA,"tel.Telecom","2026-09-20T13:30:43Z","sec-exchange"
"HPE","Hewlett Packard Enterprise Co","NYSE",NA,"tech.Hardware","2026-09-20T13:30:43Z","sec-exchange"
"LITE","Lumentum Holdings Inc.","NASDAQ",NA,"ec.Hardware","2026-09-20T13:30:43Z","sec-exchange"
"REGN","REGENERON PHARMACEUTICALS, INC.","NASDAQ",NA,"hc.Biotech","2026-09-20T13:30:43Z","sec-exchange"
"MCO","MOODYS CORP /DE/","NYSE",NA,"fn.Asset_Management","2026-09-20T13:30:43Z","sec-exchange"
"E","ENI SPA","NYSE",NA,"lab.Unmapped","2026-09-20T13:30:43Z","sec-exchange"
"MDLZ","Mondelez International, Inc.","NASDAQ",NA,"fmcg.Food_Beverages","2026-09-20T13:30:43Z","sec-exchange"
"CTAS","CINTAS CORP","NASDAQ",NA,"ind.Machinery","2026-09-20T13:30:43Z","sec-exchange"
"TRV","TRAVELERS COMPANIES, INC.","NYSE",NA,"fn.Insurance","2026-09-20T13:30:43Z","sec-exchange"
"GM","General Motors Co","NYSE",NA,"auto.Vehicle_Manufacturing","2026-09-20T13:30:43Z","sec-exchange"
"CP","CANADIAN PACIFIC KANSAS CITY LTD/CN","NYSE",NA,"lab.Unmapped","2026-09-20T13:30:43Z","sec-exchange"
"SPG","SIMON PROPERTY GROUP INC.","NYSE",NA,"re.REIT","2026-09-20T13:30:43Z","sec-exchange"
"SHW","SHERWIN WILLIAMS CO","NYSE",NA,"mat.Chemicals","2026-09-20T13:30:43Z","sec-exchange"
"NGG","NATIONAL GRID PLC","NYSE",NA,"lab.Unmapped","2026-09-20T13:30:43Z","sec-exchange"
"SLB","SLB LIMITED/NV","NYSE",NA,"en.Energy_OilGas","2026-09-20T13:30:43Z","sec-exchange"
"ECL","ECOLAB INC.","NYSE",NA,"mat.Chemicals","2026-09-20T13:30:43Z","sec-exchange"
"CDNS","CADENCE DESIGN SYSTEMS INC","NASDAQ",NA,"saas.SaaS_Cloud","2026-09-20T13:30:43Z","sec-exchange"
"EOG","EOG RESOURCES INC","NYSE",NA,"en.Energy_OilGas","2026-09-20T13:30:43Z","sec-exchange"
"ITW","ILLINOIS TOOL WORKS INC","NYSE",NA,"ind.Machinery","2026-09-20T13:30:43Z","sec-exchange"
"MSI","Motorola Solutions, Inc.","NYSE",NA,"ec.Hardware","2026-09-20T13:30:43Z","sec-exchange"
"APO","Apollo Global Management, Inc.","NYSE",NA,"fn.Asset_Management","2026-09-20T13:30:43Z","sec-exchange"
"NWG","NatWest Group plc","NYSE",NA,"lab.Unmapped","2026-09-20T13:30:43Z","sec-exchange"
"NTES","NetEase, Inc.","NASDAQ",NA,"lab.Unmapped","2026-09-20T13:30:43Z","sec-exchange"
"NOC","NORTHROP GRUMMAN CORP /DE/","NYSE",NA,"ind.Aerospace_Defense","2026-09-20T13:30:43Z","sec-exchange"
"ROST","ROSS STORES, INC.","NASDAQ",NA,"retail.Brick_Mortar","2026-09-20T13:30:43Z","sec-exchange"
"CI","Cigna Group","NYSE",NA,"hc.Healthcare_Services","2026-09-20T13:30:43Z","sec-exchange"
"DB","DEUTSCHE BANK AKTIENGESELLSCHAFT","NYSE",NA,"lab.Unmapped","2026-09-20T13:30:43Z","sec-exchange"
"MFC","MANULIFE FINANCIAL CORP","NYSE",NA,"lab.Unmapped","2026-09-20T13:30:43Z","sec-exchange"
"CVNA","CARVANA CO.","NYSE",NA,"retail.Brick_Mortar","2026-09-20T13:30:43Z","sec-exchange"
"FDX","FEDEX CORP","NYSE",NA,"tr.Logistics_Shipping","2026-09-20T13:30:43Z","sec-exchange"
"BAM","Brookfield Asset Management Ltd.","NYSE",NA,"lab.Unmapped","2026-09-20T13:30:43Z","sec-exchange"
"SNPS","SYNOPSYS INC","NASDAQ",NA,"saas.SaaS_Cloud","2026-09-20T13:30:43Z","sec-exchange"
"ET","Energy Transfer LP","NYSE",NA,"lab.Unmapped","2026-09-20T13:30:43Z","sec-exchange"
"RACE","Ferrari N.V.","NYSE",NA,"lab.Unmapped","2026-09-20T13:30:43Z","sec-exchange"
"CNI","CANADIAN NATIONAL RAILWAY CO","NYSE",NA,"lab.Unmapped","2026-09-20T13:30:43Z","sec-exchange"
"TGT","TARGET CORP","NYSE",NA,"retail.Brick_Mortar","2026-09-20T13:30:43Z","sec-exchange"
"CMI","CUMMINS INC","NYSE",NA,"ind.Machinery","2026-09-20T13:30:43Z","sec-exchange"
"B","BARRICK MINING CORP","NYSE",NA,"lab.Unmapped","2026-09-20T13:30:43Z","sec-exchange"
"NSC","NORFOLK SOUTHERN CORP","NYSE",NA,"tr.Logistics_Shipping","2026-09-20T13:30:43Z","sec-exchange"
"WBD","Warner Bros. Discovery, Inc.","NASDAQ",NA,"media.Entertainment","2026-09-20T13:30:43Z","sec-exchange"
"KMI","KINDER MORGAN, INC.","NYSE",NA,"en.Energy_OilGas","2026-09-20T13:30:43Z","sec-exchange"
"CL","COLGATE PALMOLIVE CO","NYSE",NA,"fmcg.Household_Personal","2026-09-20T13:30:43Z","sec-exchange"
"DLR","DIGITAL REALTY TRUST, INC.","NYSE",NA,"re.REIT","2026-09-20T13:30:43Z","sec-exchange"
"WPM","Wheaton Precious Metals Corp.","NYSE",NA,"lab.Unmapped","2026-09-20T13:30:43Z","sec-exchange"
"AMX","AMERICA MOVIL SAB DE CV/","NYSE",NA,"lab.Unmapped","2026-09-20T13:30:43Z","sec-exchange"
"ORLY","O REILLY AUTOMOTIVE INC","NASDAQ",NA,"retail.Brick_Mortar","2026-09-20T13:30:43Z","sec-exchange"
"HLT","Hilton Worldwide Holdings Inc.","NYSE",NA,"hosp.Hotels_Travel","2026-09-20T13:30:43Z","sec-exchange"
"NU","Nu Holdings Ltd.","NYSE",NA,"lab.Unmapped","2026-09-20T13:30:43Z","sec-exchange"
"RSG","REPUBLIC SERVICES, INC.","NYSE",NA,"en.Environmental","2026-09-20T13:30:43Z","sec-exchange"
"RCL","ROYAL CARIBBEAN CRUISES LTD","NYSE",NA,"hosp.Hotels_Travel","2026-09-20T13:30:43Z","sec-exchange"
"AEP","AMERICAN ELECTRIC POWER CO INC","NASDAQ",NA,"en.Utilities","2026-09-20T13:30:43Z","sec-exchange"
"HON","HONEYWELL INTERNATIONAL INC","NASDAQ",NA,"ind.Conglomerate","2026-09-20T13:30:43Z","sec-exchange"
"ALL","ALLSTATE CORP","NYSE",NA,"fn.Insurance","2026-09-20T13:30:43Z","sec-exchange"
"APD","Air Products & Chemicals, Inc.","NYSE",NA,"mat.Chemicals","2026-09-20T13:30:43Z","sec-exchange"
"MRNA","Moderna, Inc.","NASDAQ",NA,"hc.Biotech","2026-09-20T13:30:43Z","sec-exchange"
"AON","Aon plc","NYSE",NA,"fn.Insurance","2026-09-20T13:30:43Z","sec-exchange"
"BSX","BOSTON SCIENTIFIC CORP","NYSE",NA,"hc.Medtech","2026-09-20T13:30:43Z","sec-exchange"
"URI","UNITED RENTALS, INC.","NYSE",NA,"ind.Machinery","2026-09-20T13:30:43Z","sec-exchange"
"AJG","Arthur J. Gallagher & Co.","NYSE",NA,"fn.Insurance","2026-09-20T13:30:43Z","sec-exchange"
"MET","METLIFE INC","NYSE",NA,"fn.Insurance","2026-09-20T13:30:43Z","sec-exchange"
"PCAR","PACCAR INC","NASDAQ",NA,"ind.Machinery","2026-09-20T13:30:43Z","sec-exchange"
"SE","Sea Ltd","NYSE",NA,"lab.Unmapped","2026-09-20T13:30:43Z","sec-exchange"
"ARGX","ARGENX SE","NASDAQ",NA,"lab.Unmapped","2026-09-20T13:30:43Z","sec-exchange"
"VALE","Vale S.A.","NYSE",NA,"lab.Unmapped","2026-09-20T13:30:43Z","sec-exchange"
"UMC","UNITED MICROELECTRONICS CORP","NYSE",NA,"lab.Unmapped","2026-09-20T13:30:43Z","sec-exchange"
"TRGP","Targa Resources Corp.","NYSE",NA,"en.Energy_OilGas","2026-09-20T13:30:43Z","sec-exchange"
"TAK","TAKEDA PHARMACEUTICAL CO LTD","NYSE",NA,"lab.Unmapped","2026-09-20T13:30:43Z","sec-exchange"
"CVE","CENOVUS ENERGY INC.","NYSE",NA,"lab.Unmapped","2026-09-20T13:30:43Z","sec-exchange"
"NUE","NUCOR CORP","NYSE",NA,"mat.Metals_Mining","2026-09-20T13:30:43Z","sec-exchange"
"RELX","RELX PLC","NYSE",NA,"lab.Unmapped","2026-09-20T13:30:43Z","sec-exchange"
"TDG","TransDigm Group INC","NYSE",NA,"ind.Aerospace_Defense","2026-09-20T13:30:43Z","sec-exchange"
"MPLX","MPLX LP","NYSE",NA,"lab.Unmapped","2026-09-20T13:30:43Z","sec-exchange"
"GWW","W.W. GRAINGER, INC.","NYSE",NA,"ind.Machinery","2026-09-20T13:30:43Z","sec-exchange"
"COR","Cencora, Inc.","NYSE",NA,"hc.Healthcare_Services","2026-09-20T13:30:43Z","sec-exchange"
"OXY","OCCIDENTAL PETROLEUM CORP /DE/","NYSE",NA,"en.Energy_OilGas","2026-09-20T13:30:43Z","sec-exchange"
"TEL","TE Connectivity plc","NYSE",NA,"ec.Hardware","2026-09-20T13:30:43Z","sec-exchange"
"TFC","TRUIST FINANCIAL CORP","NYSE",NA,"fn.Banking","2026-09-20T13:30:43Z","sec-exchange"
"OKE","ONEOK INC /NEW/","NYSE",NA,"en.Energy_OilGas","2026-09-20T13:30:43Z","sec-exchange"
"NOK","NOKIA CORP","NYSE",NA,"lab.Unmapped","2026-09-20T13:30:43Z","sec-exchange"
"AFL","AFLAC INC","NYSE",NA,"fn.Insurance","2026-09-20T13:30:43Z","sec-exchange"
"NBIS","Nebius Group N.V.","NASDAQ",NA,"lab.Unmapped","2026-09-20T13:30:43Z","sec-exchange"
"COHR","COHERENT CORP.","NYSE",NA,"ec.Hardware","2026-09-20T13:30:43Z","sec-exchange"
"CRH","CRH PUBLIC LTD CO","NYSE",NA,"ind.Construction","2026-09-20T13:30:43Z","sec-exchange"
"MPWR","MONOLITHIC POWER SYSTEMS, INC.","NASDAQ",NA,"sc.IC_Design","2026-09-20T13:30:43Z","sec-exchange"
"NXPI","NXP Semiconductors N.V.","NASDAQ",NA,"sc.IC_Design","2026-09-20T13:30:43Z","sec-exchange"
"MT","ArcelorMittal","NYSE",NA,"lab.Unmapped","2026-09-20T13:30:43Z","sec-exchange"
"KEYS","Keysight Technologies, Inc.","NYSE",NA,"ec.Hardware","2026-09-20T13:30:43Z","sec-exchange"
"D","DOMINION ENERGY, INC","NYSE",NA,"en.Utilities","2026-09-20T13:30:43Z","sec-exchange"
"BKR","Baker Hughes Co","NASDAQ",NA,"en.Energy_OilGas","2026-09-20T13:30:43Z","sec-exchange"
"FAST","FASTENAL CO","NASDAQ",NA,"ind.Machinery","2026-09-20T13:30:43Z","sec-exchange"
"PSA","Public Storage","NYSE",NA,"re.REIT","2026-09-20T13:30:43Z","sec-exchange"
"FIX","COMFORT SYSTEMS USA INC","NYSE",NA,"ind.Construction","2026-09-20T13:30:43Z","sec-exchange"
"LNG","Cheniere Energy, Inc.","NYSE",NA,"lab.Unmapped","2026-09-20T13:30:43Z","sec-exchange"
"TER","TERADYNE, INC","NASDAQ",NA,"sc.Equipment","2026-09-20T13:30:43Z","sec-exchange"
"FANG","Diamondback Energy, Inc.","NASDAQ",NA,"en.Energy_OilGas","2026-09-20T13:30:43Z","sec-exchange"
"CTVA","Corteva, Inc.","NYSE",NA,"mat.Chemicals","2026-09-20T13:30:43Z","sec-exchange"
"F","FORD MOTOR CO","NYSE",NA,"auto.Vehicle_Manufacturing","2026-09-20T13:30:43Z","sec-exchange"
"O","REALTY INCOME CORP","NYSE",NA,"re.REIT","2026-09-20T13:30:43Z","sec-exchange"
"GRMN","GARMIN LTD","NYSE",NA,"tech.Hardware","2026-09-20T13:30:43Z","sec-exchange"
"NKE","NIKE, Inc.","NYSE",NA,"lxg.Luxury_Fashion","2026-09-20T13:30:43Z","sec-exchange"
"SRE","SEMPRA","NYSE",NA,"en.Utilities","2026-09-20T13:30:43Z","sec-exchange"
"AME","AMETEK INC/","NYSE",NA,"ec.Hardware","2026-09-20T13:30:43Z","sec-exchange"
"DVN","DEVON ENERGY CORP/DE","NYSE",NA,"en.Energy_OilGas","2026-09-20T13:30:43Z","sec-exchange"
"CAH","CARDINAL HEALTH INC","NYSE",NA,"hc.Healthcare_Services","2026-09-20T13:30:43Z","sec-exchange"
"MSTR","Strategy Inc","NASDAQ",NA,"lab.Unmapped","2026-09-20T13:30:43Z","sec-exchange"
"HONA","Honeywell Aerospace Inc.","NASDAQ",NA,"ind.Aerospace_Defense","2026-09-20T13:30:43Z","sec-exchange"
"NTRA","Natera, Inc.","NASDAQ",NA,"lab.Unmapped","2026-09-20T13:30:43Z","sec-exchange"
"DAL","DELTA AIR LINES, INC.","NYSE",NA,"tr.Airlines","2026-09-20T13:30:43Z","sec-exchange"
"AU","AngloGold Ashanti PLC","NYSE",NA,"lab.Unmapped","2026-09-20T13:30:43Z","sec-exchange"
"FNV","FRANCO NEVADA Corp","NYSE",NA,"lab.Unmapped","2026-09-20T13:30:43Z","sec-exchange"
"NDAQ","NASDAQ, INC.","NASDAQ",NA,"fn.Asset_Management","2026-09-20T13:30:43Z","sec-exchange"
"EW","Edwards Lifesciences Corp","NYSE",NA,"hc.Medtech","2026-09-20T13:30:43Z","sec-exchange"
"STT","STATE STREET CORP","NYSE",NA,"fn.Asset_Management","2026-09-20T13:30:43Z","sec-exchange"
"ALAB","Astera Labs, Inc.","NASDAQ",NA,"lab.Unmapped","2026-09-20T13:30:43Z","sec-exchange"
"EBAY","EBAY INC","NASDAQ",NA,"ecr.Ecommerce_Retail","2026-09-20T13:30:43Z","sec-exchange"
"BDX","BECTON DICKINSON & CO","NYSE",NA,"hc.Medtech","2026-09-20T13:30:43Z","sec-exchange"
"CIEN","CIENA CORP","NYSE",NA,"ec.Hardware","2026-09-20T13:30:43Z","sec-exchange"
"ETR","ENTERGY CORP /DE/","NYSE",NA,"en.Utilities","2026-09-20T13:30:43Z","sec-exchange"
"VMRK","VIVMARK RESIDENTIAL","NYSE",NA,"lab.Unmapped","2026-09-20T13:30:43Z","sec-exchange"
"TEAM","Atlassian Corp","NASDAQ",NA,"lab.Unmapped","2026-09-20T13:30:43Z","sec-exchange"
"AMP","AMERIPRISE FINANCIAL INC","NYSE",NA,"fn.Asset_Management","2026-09-20T13:30:43Z","sec-exchange"
"DEO","DIAGEO PLC","NYSE",NA,"lab.Unmapped","2026-09-20T13:30:43Z","sec-exchange"
"FITB","FIFTH THIRD BANCORP","NYSE",NA,"fn.Banking","2026-09-20T13:30:43Z","sec-exchange"
"VST","Vistra Corp.","NYSE",NA,"en.Utilities","2026-09-20T13:30:43Z","sec-exchange"
"WDAY","Workday, Inc.","NASDAQ",NA,"saas.SaaS_Cloud","2026-09-20T13:30:43Z","sec-exchange"
"WAB","WESTINGHOUSE AIR BRAKE TECHNOLOGIES CORP","NYSE",NA,"ind.Machinery","2026-09-20T13:30:43Z","sec-exchange"
"CBRS","Cerebras Systems Inc.","NASDAQ",NA,"lab.Unmapped","2026-09-20T13:30:43Z","sec-exchange"
"LHX","L3HARRIS TECHNOLOGIES, INC. /DE/","NYSE",NA,"ind.Aerospace_Defense","2026-09-20T13:30:43Z","sec-exchange"
"HUM","HUMANA INC","NYSE",NA,"hc.Healthcare_Services","2026-09-20T13:30:43Z","sec-exchange"
"XYZ","Block, Inc.","NYSE",NA,"fn.Fintech","2026-09-20T13:30:43Z","sec-exchange"
"ABEV","AMBEV S.A.","NYSE",NA,"lab.Unmapped","2026-09-20T13:30:43Z","sec-exchange"
"XEL","XCEL ENERGY INC","NASDAQ",NA,"en.Utilities","2026-09-20T13:30:43Z","sec-exchange"
"TEVA","TEVA PHARMACEUTICAL INDUSTRIES LTD","NYSE",NA,"lab.Unmapped","2026-09-20T13:30:43Z","sec-exchange"
"ADSK","Autodesk, Inc.","NASDAQ",NA,"saas.SaaS_Cloud","2026-09-20T13:30:43Z","sec-exchange"
"KB","KB Financial Group Inc.","NYSE",NA,"lab.Unmapped","2026-09-20T13:30:43Z","sec-exchange"
"ROK","ROCKWELL AUTOMATION, INC","NYSE",NA,"ec.Hardware","2026-09-20T13:30:43Z","sec-exchange"
"PYPL","PayPal Holdings, Inc.","NASDAQ",NA,"fn.Fintech","2026-09-20T13:30:43Z","sec-exchange"
"COIN","Coinbase Global, Inc.","NASDAQ",NA,"fn.Asset_Management","2026-09-20T13:30:43Z","sec-exchange"
"VTR","Ventas, Inc.","NYSE",NA,"re.REIT","2026-09-20T13:30:43Z","sec-exchange"
"SLF","SUN LIFE FINANCIAL INC","NYSE",NA,"lab.Unmapped","2026-09-20T13:30:43Z","sec-exchange"
"CARR","CARRIER GLOBAL Corp","NYSE",NA,"ind.Construction","2026-09-20T13:30:43Z","sec-exchange"
"INFY","Infosys Ltd","NYSE",NA,"lab.Unmapped","2026-09-20T13:30:43Z","sec-exchange"
"BSBR","Banco Santander (Brasil) S.A.","NYSE",NA,"lab.Unmapped","2026-09-20T13:30:43Z","sec-exchange"
"IQV","IQVIA HOLDINGS INC.","NYSE",NA,"hc.Medtech","2026-09-20T13:30:43Z","sec-exchange"
"CCEP","COCA-COLA EUROPACIFIC PARTNERS plc","NASDAQ",NA,"lab.Unmapped","2026-09-20T13:30:43Z","sec-exchange"
"A","AGILENT TECHNOLOGIES, INC.","NYSE",NA,"hc.Medtech","2026-09-20T13:30:43Z","sec-exchange"
"EXC","EXELON CORP","NASDAQ",NA,"en.Utilities","2026-09-20T13:30:43Z","sec-exchange"
"CRWV","CoreWeave, Inc.","NASDAQ",NA,"lab.Unmapped","2026-09-20T13:30:43Z","sec-exchange"
"STM","STMicroelectronics N.V.","NYSE",NA,"lab.Unmapped","2026-09-20T13:30:43Z","sec-exchange"
"MDLN","Medline Inc.","NASDAQ",NA,"lab.Unmapped","2026-09-20T13:30:43Z","sec-exchange"
"RKLB","Rocket Lab Corp","NASDAQ",NA,"lab.Unmapped","2026-09-20T13:30:43Z","sec-exchange"
"KDP","Keurig Dr Pepper Inc.","NASDAQ",NA,"fmcg.Food_Beverages","2026-09-20T13:30:43Z","sec-exchange"
"TRI","THOMSON REUTERS CORP /CAN/","NASDAQ",NA,"lab.Unmapped","2026-09-20T13:30:43Z","sec-exchange"
"VEEV","VEEVA SYSTEMS INC","NYSE",NA,"hc.Healthcare_Services","2026-09-20T13:30:43Z","sec-exchange"
"CMG","CHIPOTLE MEXICAN GRILL INC","NYSE",NA,"cons.Restaurants","2026-09-20T13:30:43Z","sec-exchange"
"ADM","Archer-Daniels-Midland Co","NYSE",NA,"ag.Agriculture","2026-09-20T13:30:43Z","sec-exchange"
"HMC","HONDA MOTOR CO LTD","NYSE",NA,"lab.Unmapped","2026-09-20T13:30:43Z","sec-exchange"
"WAT","WATERS CORP /DE/","NYSE",NA,"hc.Medtech","2026-09-20T13:30:43Z","sec-exchange"
"CLS","CELESTICA INC","NYSE",NA,"lab.Unmapped","2026-09-20T13:30:43Z","sec-exchange"
"RVMD","Revolution Medicines, Inc.","NASDAQ",NA,"lab.Unmapped","2026-09-20T13:30:43Z","sec-exchange"
"ARES","Ares Management Corp","NYSE",NA,"fn.Asset_Management","2026-09-20T13:30:43Z","sec-exchange"
"IX","ORIX CORP","NYSE",NA,"lab.Unmapped","2026-09-20T13:30:43Z","sec-exchange"
"FERG","Ferguson Enterprises Inc. /DE/","NYSE",NA,"ind.Construction","2026-09-20T13:30:43Z","sec-exchange"
"PAYX","PAYCHEX INC","NASDAQ",NA,"bus.Professional_Services","2026-09-20T13:30:43Z","sec-exchange"
"HEI","HEICO CORP","NYSE",NA,"lab.Unmapped","2026-09-20T13:30:43Z","sec-exchange"
"FMX","MEXICAN ECONOMIC DEVELOPMENT INC","NYSE",NA,"lab.Unmapped","2026-09-20T13:30:43Z","sec-exchange"
"FLEX","FLEX LTD.","NASDAQ",NA,"ec.Hardware","2026-09-20T13:30:43Z","sec-exchange"
"PRU","PRUDENTIAL FINANCIAL INC","NYSE",NA,"fn.Insurance","2026-09-20T13:30:43Z","sec-exchange"
"HLN","Haleon plc","NYSE",NA,"lab.Unmapped","2026-09-20T13:30:43Z","sec-exchange"
"CBRE","CBRE GROUP, INC.","NYSE",NA,"re.REIT","2026-09-20T13:30:43Z","sec-exchange"
"VOD","VODAFONE GROUP PUBLIC LTD CO","NASDAQ",NA,"lab.Unmapped","2026-09-20T13:30:43Z","sec-exchange"
"CCJ","CAMECO CORP","NYSE",NA,"lab.Unmapped","2026-09-20T13:30:43Z","sec-exchange"
"IDXX","IDEXX LABORATORIES INC /DE","NASDAQ",NA,"hc.Medtech","2026-09-20T13:30:43Z","sec-exchange"
"MSCI","MSCI Inc.","NYSE",NA,"fn.Asset_Management","2026-09-20T13:30:43Z","sec-exchange"
"ONC","BeOne Medicines Ltd.","NASDAQ",NA,"lab.Unmapped","2026-09-20T13:30:43Z","sec-exchange"
"AIG","AMERICAN INTERNATIONAL GROUP, INC.","NYSE",NA,"fn.Insurance","2026-09-20T13:30:43Z","sec-exchange"
"FER","Ferrovial N.V.","NASDAQ",NA,"lab.Unmapped","2026-09-20T13:30:43Z","sec-exchange"
"ED","CONSOLIDATED EDISON INC","NYSE",NA,"en.Utilities","2026-09-20T13:30:43Z","sec-exchange"
"TTWO","TAKE TWO INTERACTIVE SOFTWARE INC","NASDAQ",NA,"media.Gaming","2026-09-20T13:30:43Z","sec-exchange"
"DHI","HORTON D R INC /DE/","NYSE",NA,"ind.Construction","2026-09-20T13:30:43Z","sec-exchange"
"LYV","Live Nation Entertainment, Inc.","NYSE",NA,"media.Entertainment","2026-09-20T13:30:43Z","sec-exchange"
"WCN","Waste Connections, Inc.","NYSE",NA,"lab.Unmapped","2026-09-20T13:30:43Z","sec-exchange"
"SHG","SHINHAN FINANCIAL GROUP CO LTD","NYSE",NA,"lab.Unmapped","2026-09-20T13:30:43Z","sec-exchange"
"NTAP","NetApp, Inc.","NASDAQ",NA,"tech.Hardware","2026-09-20T13:30:43Z","sec-exchange"
"GFI","GOLD FIELDS LTD","NYSE",NA,"lab.Unmapped","2026-09-20T13:30:43Z","sec-exchange"
"MCHP","MICROCHIP TECHNOLOGY INC","NASDAQ",NA,"sc.IC_Design","2026-09-20T13:30:43Z","sec-exchange"
"SYY","SYSCO CORP","NYSE",NA,"fmcg.Food_Beverages","2026-09-20T13:30:43Z","sec-exchange"
"VIK","Viking Holdings Ltd","NYSE",NA,"lab.Unmapped","2026-09-20T13:30:43Z","sec-exchange"
"NTR","Nutrien Ltd.","NYSE",NA,"lab.Unmapped","2026-09-20T13:30:43Z","sec-exchange"
"TWLO","TWILIO INC","NYSE",NA,"lab.Unmapped","2026-09-20T13:30:43Z","sec-exchange"
"YUM","YUM BRANDS INC","NYSE",NA,"cons.Restaurants","2026-09-20T13:30:43Z","sec-exchange"
"ROP","ROPER TECHNOLOGIES INC","NASDAQ",NA,"ec.Hardware","2026-09-20T13:30:43Z","sec-exchange"
"AXON","AXON ENTERPRISE, INC.","NASDAQ",NA,"ind.Aerospace_Defense","2026-09-20T13:30:43Z","sec-exchange"
"BBD","BANK BRADESCO","NYSE",NA,"lab.Unmapped","2026-09-20T13:30:43Z","sec-exchange"
"ILMN","ILLUMINA, INC.","NASDAQ",NA,"lab.Unmapped","2026-09-20T13:30:43Z","sec-exchange"
"ODFL","OLD DOMINION FREIGHT LINE, INC.","NASDAQ",NA,"tr.Logistics_Shipping","2026-09-20T13:30:43Z","sec-exchange"
"KR","KROGER CO","NYSE",NA,"retail.Brick_Mortar","2026-09-20T13:30:43Z","sec-exchange"
"HIG","HARTFORD INSURANCE GROUP, INC.","NYSE",NA,"fn.Insurance","2026-09-20T13:30:43Z","sec-exchange"
"JD","JD.com, Inc.","NASDAQ",NA,"lab.Unmapped","2026-09-20T13:30:43Z","sec-exchange"
"UI","Ubiquiti Inc.","NYSE",NA,"lab.Unmapped","2026-09-20T13:30:43Z","sec-exchange"
"VG","Venture Global, Inc.","NYSE",NA,"lab.Unmapped","2026-09-20T13:30:43Z","sec-exchange"
"TKO","TKO Group Holdings, Inc.","NYSE",NA,"media.Entertainment","2026-09-20T13:30:43Z","sec-exchange"
"EC","ECOPETROL S.A.","NYSE",NA,"lab.Unmapped","2026-09-20T13:30:43Z","sec-exchange"
"RKT","Rocket Companies, Inc.","NYSE",NA,"lab.Unmapped","2026-09-20T13:30:43Z","sec-exchange"
"CHT","CHUNGHWA TELECOM CO LTD","NYSE",NA,"lab.Unmapped","2026-09-20T13:30:43Z","sec-exchange"
"STLD","STEEL DYNAMICS INC","NASDAQ",NA,"mat.Metals_Mining","2026-09-20T13:30:43Z","sec-exchange"
"PEG","PUBLIC SERVICE ENTERPRISE GROUP INC","NYSE",NA,"en.Utilities","2026-09-20T13:30:43Z","sec-exchange"
"MLM","MARTIN MARIETTA MATERIALS INC","NYSE",NA,"ind.Construction","2026-09-20T13:30:43Z","sec-exchange"
"UAL","United Airlines Holdings, Inc.","NASDAQ",NA,"tr.Airlines","2026-09-20T13:30:43Z","sec-exchange"
"ESLT","ELBIT SYSTEMS LTD","NASDAQ",NA,"lab.Unmapped","2026-09-20T13:30:43Z","sec-exchange"
"KVUE","Kenvue Inc.","NYSE",NA,"fmcg.Health_Beauty","2026-09-20T13:30:43Z","sec-exchange"
"P","Everpure, Inc.","NYSE",NA,"lab.Unmapped","2026-09-20T13:30:43Z","sec-exchange"
"HSY","HERSHEY CO","NYSE",NA,"fmcg.Food_Beverages","2026-09-20T13:30:43Z","sec-exchange"
"EXPE","Expedia Group, Inc.","NASDAQ",NA,"hosp.Hotels_Travel","2026-09-20T13:30:43Z","sec-exchange"
"EL","ESTEE LAUDER COMPANIES INC","NYSE",NA,"fmcg.Health_Beauty","2026-09-20T13:30:43Z","sec-exchange"
"RBLX","Roblox Corp","NYSE",NA,"lab.Unmapped","2026-09-20T13:30:43Z","sec-exchange"
"RPRX","Royalty Pharma plc","NASDAQ",NA,"lab.Unmapped","2026-09-20T13:30:43Z","sec-exchange"
"IRM","IRON MOUNTAIN INC","NYSE",NA,"re.REIT","2026-09-20T13:30:43Z","sec-exchange"
"WEC","WEC ENERGY GROUP, INC.","NYSE",NA,"en.Utilities","2026-09-20T13:30:43Z","sec-exchange"
"QSR","Restaurant Brands International Inc.","NYSE",NA,"lab.Unmapped","2026-09-20T13:30:43Z","sec-exchange"
"KGC","KINROSS GOLD CORP","NYSE",NA,"lab.Unmapped","2026-09-20T13:30:43Z","sec-exchange"
"OKTA","Okta, Inc.","NASDAQ",NA,"lab.Unmapped","2026-09-20T13:30:43Z","sec-exchange"
"ERIC","ERICSSON LM TELEPHONE CO","NASDAQ",NA,"lab.Unmapped","2026-09-20T13:30:43Z","sec-exchange"
"CNC","CENTENE CORP","NYSE",NA,"hc.Healthcare_Services","2026-09-20T13:30:43Z","sec-exchange"
"DXCM","DEXCOM INC","NASDAQ",NA,"hc.Medtech","2026-09-20T13:30:43Z","sec-exchange"
"RMD","RESMED INC","NYSE",NA,"hc.Medtech","2026-09-20T13:30:43Z","sec-exchange"
"ACGL","ARCH CAPITAL GROUP LTD.","NASDAQ",NA,"fn.Insurance","2026-09-20T13:30:43Z","sec-exchange"
"PUK","PRUDENTIAL PLC","NYSE",NA,"lab.Unmapped","2026-09-20T13:30:43Z","sec-exchange"
"KMB","KIMBERLY CLARK CORP","NASDAQ",NA,"fmcg.Household_Personal","2026-09-20T13:30:43Z","sec-exchange"
"MTB","M&T BANK CORP","NYSE",NA,"fn.Banking","2026-09-20T13:30:43Z","sec-exchange"
"NTRS","NORTHERN TRUST CORP","NASDAQ",NA,"fn.Asset_Management","2026-09-20T13:30:43Z","sec-exchange"
"ALNY","ALNYLAM PHARMACEUTICALS, INC.","NASDAQ",NA,"lab.Unmapped","2026-09-20T13:30:43Z","sec-exchange"
"BIIB","BIOGEN INC.","NASDAQ",NA,"hc.Biotech","2026-09-20T13:30:43Z","sec-exchange"
"CCI","CROWN CASTLE INC.","NYSE",NA,"re.REIT","2026-09-20T13:30:43Z","sec-exchange"
"TECK","TECK RESOURCES LTD","NYSE",NA,"lab.Unmapped","2026-09-20T13:30:43Z","sec-exchange"
"CQP","Cheniere Energy Partners, L.P.","NYSE",NA,"lab.Unmapped","2026-09-20T13:30:43Z","sec-exchange"
"ZS","Zscaler, Inc.","NASDAQ",NA,"lab.Unmapped","2026-09-20T13:30:43Z","sec-exchange"
"EME","EMCOR Group, Inc.","NYSE",NA,"ind.Construction","2026-09-20T13:30:43Z","sec-exchange"
"HBAN","HUNTINGTON BANCSHARES INC /MD/","NASDAQ",NA,"fn.Banking","2026-09-20T13:30:43Z","sec-exchange"
"MDB","MongoDB, Inc.","NASDAQ",NA,"lab.Unmapped","2026-09-20T13:30:43Z","sec-exchange"
"VMC","Vulcan Materials CO","NYSE",NA,"ind.Construction","2026-09-20T13:30:43Z","sec-exchange"
"EQT","EQT Corp","NYSE",NA,"en.Energy_OilGas","2026-09-20T13:30:43Z","sec-exchange"
"ALC","ALCON INC","NYSE",NA,"lab.Unmapped","2026-09-20T13:30:43Z","sec-exchange"
"RJF","RAYMOND JAMES FINANCIAL INC","NYSE",NA,"fn.Investment_Banking","2026-09-20T13:30:43Z","sec-exchange"
"JBL","JABIL INC","NYSE",NA,"ec.Hardware","2026-09-20T13:30:43Z","sec-exchange"
"CRDO","Credo Technology Group Holding Ltd","NASDAQ",NA,"lab.Unmapped","2026-09-20T13:30:43Z","sec-exchange"
"HPQ","HP INC","NYSE",NA,"tech.Hardware","2026-09-20T13:30:43Z","sec-exchange"
"BIDU","Baidu, Inc.","NASDAQ",NA,"lab.Unmapped","2026-09-20T13:30:43Z","sec-exchange"
"EXR","Extra Space Storage Inc.","NYSE",NA,"re.REIT","2026-09-20T13:30:43Z","sec-exchange"
"CCL","Carnival Corp Ltd.","NYSE",NA,"hosp.Hotels_Travel","2026-09-20T13:30:43Z","sec-exchange"
"BAP","CREDICORP LTD","NYSE",NA,"lab.Unmapped","2026-09-20T13:30:43Z","sec-exchange"
"SUNB","Sunbelt Rentals Holdings, Inc.","NYSE",NA,"lab.Unmapped","2026-09-20T13:30:43Z","sec-exchange"
"ZTS","Zoetis Inc.","NYSE",NA,"hc.Pharma","2026-09-20T13:30:43Z","sec-exchange"
"NMR","NOMURA HOLDINGS INC","NYSE",NA,"lab.Unmapped","2026-09-20T13:30:43Z","sec-exchange"
"PCG","PG&E Corp","NYSE",NA,"en.Utilities","2026-09-20T13:30:43Z","sec-exchange"
"KHC","Kraft Heinz Co","NYSE",NA,"fmcg.Food_Beverages","2026-09-20T13:30:43Z","sec-exchange"
"GEHC","GE HealthCare Technologies Inc.","NASDAQ",NA,"hc.Medtech","2026-09-20T13:30:43Z","sec-exchange"
"RDDT","Reddit, Inc.","NYSE",NA,"lab.Unmapped","2026-09-20T13:30:43Z","sec-exchange"
"WTW","WILLIS TOWERS WATSON PLC","NASDAQ",NA,"fn.Insurance","2026-09-20T13:30:43Z","sec-exchange"
"FTI","TechnipFMC plc","NYSE",NA,"lab.Unmapped","2026-09-20T13:30:43Z","sec-exchange"
"ROIV","Roivant Sciences Ltd.","NASDAQ",NA,"lab.Unmapped","2026-09-20T13:30:43Z","sec-exchange"
"AEE","AMEREN CORP","NYSE",NA,"en.Utilities","2026-09-20T13:30:43Z","sec-exchange"
"IR","Ingersoll Rand Inc.","NYSE",NA,"ind.Machinery","2026-09-20T13:30:43Z","sec-exchange"
"TS","TENARIS SA","NYSE",NA,"lab.Unmapped","2026-09-20T13:30:43Z","sec-exchange"
"CFG","CITIZENS FINANCIAL GROUP INC/RI","NYSE",NA,"fn.Banking","2026-09-20T13:30:43Z","sec-exchange"
"HAL","HALLIBURTON CO","NYSE",NA,"en.Energy_OilGas","2026-09-20T13:30:43Z","sec-exchange"
"MTD","METTLER TOLEDO INTERNATIONAL INC/","NYSE",NA,"hc.Medtech","2026-09-20T13:30:43Z","sec-exchange"
"TDY","TELEDYNE TECHNOLOGIES INC","NYSE",NA,"ec.Hardware","2026-09-20T13:30:43Z","sec-exchange"
"FTS","Fortis Inc.","NYSE",NA,"lab.Unmapped","2026-09-20T13:30:43Z","sec-exchange"
"PBA","PEMBINA PIPELINE CORP","NYSE",NA,"lab.Unmapped","2026-09-20T13:30:43Z","sec-exchange"
"CTSH","COGNIZANT TECHNOLOGY SOLUTIONS CORP","NASDAQ",NA,"tech.IT_Services","2026-09-20T13:30:43Z","sec-exchange"
"FOXA","Fox Corp","NASDAQ",NA,"media.Entertainment","2026-09-20T13:30:43Z","sec-exchange"
"CPRT","COPART INC","NASDAQ",NA,"ind.Machinery","2026-09-20T13:30:43Z","sec-exchange"
"RYAAY","RYANAIR HOLDINGS PLC","NASDAQ",NA,"lab.Unmapped","2026-09-20T13:30:43Z","sec-exchange"
"ATO","ATMOS ENERGY CORP","NYSE",NA,"en.Utilities","2026-09-20T13:30:43Z","sec-exchange"
"AWK","American Water Works Company, Inc.","NYSE",NA,"en.Utilities","2026-09-20T13:30:43Z","sec-exchange"
"DGX","QUEST DIAGNOSTICS INC","NYSE",NA,"hc.Healthcare_Services","2026-09-20T13:30:43Z","sec-exchange"
"DG","DOLLAR GENERAL CORP","NYSE",NA,"retail.Brick_Mortar","2026-09-20T13:30:43Z","sec-exchange"
"ECHO","EchoStar CORP","NASDAQ",NA,"tel.Telecom","2026-09-20T13:30:43Z","sec-exchange"
"VRSN","VERISIGN INC/CA","NASDAQ",NA,"saas.SaaS_Cloud","2026-09-20T13:30:43Z","sec-exchange"
"DTE","DTE ENERGY CO","NYSE",NA,"en.Utilities","2026-09-20T13:30:43Z","sec-exchange"
"ZM","Zoom Communications, Inc.","NASDAQ",NA,"lab.Unmapped","2026-09-20T13:30:43Z","sec-exchange"
"SYM","Symbotic Inc.","NASDAQ",NA,"lab.Unmapped","2026-09-20T13:30:43Z","sec-exchange"
"INSM","INSMED Inc","NASDAQ",NA,"lab.Unmapped","2026-09-20T13:30:43Z","sec-exchange"
"ON","ON SEMICONDUCTOR CORP","NASDAQ",NA,"sc.IC_Design","2026-09-20T13:30:43Z","sec-exchange"
"CPAY","CORPAY, INC.","NYSE",NA,"fn.Fintech","2026-09-20T13:30:43Z","sec-exchange"
"LVS","LAS VEGAS SANDS CORP","NYSE",NA,"media.Gaming","2026-09-20T13:30:43Z","sec-exchange"
"SMCI","Super Micro Computer, Inc.","NASDAQ",NA,"tech.Hardware","2026-09-20T13:30:43Z","sec-exchange"
"VICI","VICI PROPERTIES INC.","NYSE",NA,"re.REIT","2026-09-20T13:30:43Z","sec-exchange"
"FE","FIRSTENERGY CORP","NYSE",NA,"en.Utilities","2026-09-20T13:30:43Z","sec-exchange"
"CPNG","Coupang, Inc.","NYSE",NA,"lab.Unmapped","2026-09-20T13:30:43Z","sec-exchange"
"LH","LABCORP HOLDINGS INC.","NYSE",NA,"hc.Healthcare_Services","2026-09-20T13:30:43Z","sec-exchange"
"FISV","FISERV INC","NASDAQ",NA,"fn.Fintech","2026-09-20T13:30:43Z","sec-exchange"
"OTIS","Otis Worldwide Corp","NYSE",NA,"ind.Machinery","2026-09-20T13:30:43Z","sec-exchange"
"CINF","CINCINNATI FINANCIAL CORP","NASDAQ",NA,"fn.Insurance","2026-09-20T13:30:43Z","sec-exchange"
"WRB","BERKLEY W R CORP","NYSE",NA,"fn.Insurance","2026-09-20T13:30:43Z","sec-exchange"
"LPLA","LPL Financial Holdings Inc.","NASDAQ",NA,"lab.Unmapped","2026-09-20T13:30:43Z","sec-exchange"
"WSM","WILLIAMS SONOMA INC","NYSE",NA,"cons.Home_Living","2026-09-20T13:30:43Z","sec-exchange"
"ES","EVERSOURCE ENERGY","NYSE",NA,"en.Utilities","2026-09-20T13:30:43Z","sec-exchange"
"WST","WEST PHARMACEUTICAL SERVICES INC","NYSE",NA,"hc.Medtech","2026-09-20T13:30:43Z","sec-exchange"
"INCY","INCYTE CORP","NASDAQ",NA,"hc.Biotech","2026-09-20T13:30:43Z","sec-exchange"
"DOV","DOVER Corp","NYSE",NA,"ind.Machinery","2026-09-20T13:30:43Z","sec-exchange"
"TCOM","Trip.com Group Ltd","NASDAQ",NA,"lab.Unmapped","2026-09-20T13:30:43Z","sec-exchange"
"CNP","CENTERPOINT ENERGY INC","NYSE",NA,"en.Utilities","2026-09-20T13:30:43Z","sec-exchange"
"GFS","GLOBALFOUNDRIES Inc.","NASDAQ",NA,"lab.Unmapped","2026-09-20T13:30:43Z","sec-exchange"
"PPL","PPL Corp","NYSE",NA,"en.Utilities","2026-09-20T13:30:43Z","sec-exchange"
"XYL","Xylem Inc.","NYSE",NA,"ind.Machinery","2026-09-20T13:30:43Z","sec-exchange"
"PFG","PRINCIPAL FINANCIAL GROUP INC","NASDAQ",NA,"fn.Insurance","2026-09-20T13:30:43Z","sec-exchange"
"BNTX","BioNTech SE","NASDAQ",NA,"lab.Unmapped","2026-09-20T13:30:43Z","sec-exchange"
"ATI","ATI INC","NYSE",NA,"lab.Unmapped","2026-09-20T13:30:43Z","sec-exchange"
"FFIV","F5, INC.","NASDAQ",NA,"ec.Hardware","2026-09-20T13:30:43Z","sec-exchange"
"EXPD","EXPEDITORS INTERNATIONAL OF WASHINGTON INC","NYSE",NA,"tr.Logistics_Shipping","2026-09-20T13:30:43Z","sec-exchange"
"TSEM","TOWER SEMICONDUCTOR LTD","NASDAQ",NA,"lab.Unmapped","2026-09-20T13:30:43Z","sec-exchange"
"ASTS","AST SpaceMobile, Inc.","NASDAQ",NA,"lab.Unmapped","2026-09-20T13:30:43Z","sec-exchange"
"Q","Qnity Electronics, Inc.","NYSE",NA,"sc.Equipment","2026-09-20T13:30:43Z","sec-exchange"
"NVT","nVent Electric plc","NYSE",NA,"lab.Unmapped","2026-09-20T13:30:43Z","sec-exchange"
"GH","Guardant Health, Inc.","NASDAQ",NA,"lab.Unmapped","2026-09-20T13:30:43Z","sec-exchange"
"SYF","Synchrony Financial","NYSE",NA,"fn.Fintech","2026-09-20T13:30:43Z","sec-exchange"
"RF","REGIONS FINANCIAL CORP","NYSE",NA,"fn.Banking","2026-09-20T13:30:43Z","sec-exchange"
"BSP","Bending Spoons S.p.A.","NASDAQ",NA,"lab.Unmapped","2026-09-20T13:30:43Z","sec-exchange"
"PHG","KONINKLIJKE PHILIPS NV","NYSE",NA,"lab.Unmapped","2026-09-20T13:30:43Z","sec-exchange"
"TPL","Texas Pacific Land Corp","NYSE",NA,"en.Energy_OilGas","2026-09-20T13:30:43Z","sec-exchange"
"SW","Smurfit Westrock plc","NYSE",NA,"mat.Paper_Packaging","2026-09-20T13:30:43Z","sec-exchange"
"FCNCA","FIRST CITIZENS BANCSHARES INC /DE/","NASDAQ",NA,"lab.Unmapped","2026-09-20T13:30:43Z","sec-exchange"
"AFRM","Affirm Holdings, Inc.","NASDAQ",NA,"lab.Unmapped","2026-09-20T13:30:43Z","sec-exchange"
"SN","SharkNinja, Inc.","NYSE",NA,"lab.Unmapped","2026-09-20T13:30:43Z","sec-exchange"
"TPR","TAPESTRY, INC.","NYSE",NA,"lxg.Luxury_Fashion","2026-09-20T13:30:43Z","sec-exchange"
"IOT","Samsara Inc.","NYSE",NA,"lab.Unmapped","2026-09-20T13:30:43Z","sec-exchange"
"HUBB","HUBBELL INC","NYSE",NA,"ind.Machinery","2026-09-20T13:30:43Z","sec-exchange"
"DRI","DARDEN RESTAURANTS INC","NYSE",NA,"cons.Restaurants","2026-09-20T13:30:43Z","sec-exchange"
"PPG","PPG INDUSTRIES INC","NYSE",NA,"mat.Chemicals","2026-09-20T13:30:43Z","sec-exchange"
"ULTA","Ulta Beauty, Inc.","NASDAQ",NA,"retail.Brick_Mortar","2026-09-20T13:30:43Z","sec-exchange"
"VLTO","Veralto Corp","NYSE",NA,"en.Environmental","2026-09-20T13:30:43Z","sec-exchange"
"CIB","Grupo Cibest S.A.","NYSE",NA,"lab.Unmapped","2026-09-20T13:30:43Z","sec-exchange"
"CRCL","Circle Internet Group, Inc.","NYSE",NA,"lab.Unmapped","2026-09-20T13:30:43Z","sec-exchange"
"VRSK","Verisk Analytics, Inc.","NASDAQ",NA,"bus.Professional_Services","2026-09-20T13:30:43Z","sec-exchange"
"ROKU","ROKU, INC","NASDAQ",NA,"lab.Unmapped","2026-09-20T13:30:43Z","sec-exchange"
"BG","Bunge Global SA","NYSE",NA,"ag.Agriculture","2026-09-20T13:30:43Z","sec-exchange"
"GPN","GLOBAL PAYMENTS INC","NYSE",NA,"fn.Fintech","2026-09-20T13:30:43Z","sec-exchange"
"CHD","CHURCH & DWIGHT CO INC /DE/","NYSE",NA,"fmcg.Household_Personal","2026-09-20T13:30:43Z","sec-exchange"
"RIVN","Rivian Automotive, Inc. / DE","NASDAQ",NA,"lab.Unmapped","2026-09-20T13:30:43Z","sec-exchange"
"CASY","CASEYS GENERAL STORES INC","NASDAQ",NA,"retail.Brick_Mortar","2026-09-20T13:30:43Z","sec-exchange"
"PHM","PULTEGROUP INC/MI/","NYSE",NA,"ind.Construction","2026-09-20T13:30:43Z","sec-exchange"
"AER","AerCap Holdings N.V.","NYSE",NA,"lab.Unmapped","2026-09-20T13:30:43Z","sec-exchange"
"IHG","INTERCONTINENTAL HOTELS GROUP PLC /NEW/","NYSE",NA,"lab.Unmapped","2026-09-20T13:30:43Z","sec-exchange"
"JBHT","HUNT J B TRANSPORT SERVICES INC","NASDAQ",NA,"tr.Logistics_Shipping","2026-09-20T13:30:43Z","sec-exchange"
"NRG","NRG ENERGY, INC.","NYSE",NA,"en.Utilities","2026-09-20T13:30:43Z","sec-exchange"
"KEY","KEYCORP /NEW/","NYSE",NA,"fn.Banking","2026-09-20T13:30:43Z","sec-exchange"
"RBRK","Rubrik, Inc.","NYSE",NA,"lab.Unmapped","2026-09-20T13:30:43Z","sec-exchange"
"MKL","MARKEL GROUP INC.","NYSE",NA,"lab.Unmapped","2026-09-20T13:30:43Z","sec-exchange"
"TW","Tradeweb Markets Inc.","NASDAQ",NA,"lab.Unmapped","2026-09-20T13:30:43Z","sec-exchange"
"L","LOEWS CORP","NYSE",NA,"fn.Insurance","2026-09-20T13:30:43Z","sec-exchange"
"TROW","PRICE T ROWE GROUP INC","NASDAQ",NA,"fn.Asset_Management","2026-09-20T13:30:43Z","sec-exchange"
"CNH","CNH Industrial N.V.","NYSE",NA,"lab.Unmapped","2026-09-20T13:30:43Z","sec-exchange"
"BRO","BROWN & BROWN, INC.","NYSE",NA,"fn.Insurance","2026-09-20T13:30:43Z","sec-exchange"
"IFF","INTERNATIONAL FLAVORS & FRAGRANCES INC","NYSE",NA,"mat.Chemicals","2026-09-20T13:30:43Z","sec-exchange"
"OMC","OMNICOM GROUP INC.","NYSE",NA,"media.Advertising","2026-09-20T13:30:43Z","sec-exchange"
"FWONA","Liberty Media Corp","NASDAQ",NA,"lab.Unmapped","2026-09-20T13:30:43Z","sec-exchange"
"SOFI","SoFi Technologies, Inc.","NASDAQ",NA,"lab.Unmapped","2026-09-20T13:30:43Z","sec-exchange"
"FSLR","FIRST SOLAR, INC.","NASDAQ",NA,"en.Renewables","2026-09-20T13:30:43Z","sec-exchange"
"EIX","EDISON INTERNATIONAL","NYSE",NA,"en.Utilities","2026-09-20T13:30:43Z","sec-exchange"
"HSAI","Hesai Group","NASDAQ",NA,"lab.Unmapped","2026-09-20T13:30:43Z","sec-exchange"
"DOW","DOW INC.","NYSE",NA,"mat.Chemicals","2026-09-20T13:30:43Z","sec-exchange"
"DLTR","DOLLAR TREE, INC.","NASDAQ",NA,"retail.Brick_Mortar","2026-09-20T13:30:43Z","sec-exchange"
"RGLD","ROYAL GOLD INC","NASDAQ",NA,"lab.Unmapped","2026-09-20T13:30:43Z","sec-exchange"
"YPF","YPF SOCIEDAD ANONIMA","NYSE",NA,"lab.Unmapped","2026-09-20T13:30:43Z","sec-exchange"
"UTHR","UNITED THERAPEUTICS Corp","NASDAQ",NA,"lab.Unmapped","2026-09-20T13:30:43Z","sec-exchange"
"GMAB","GENMAB A/S","NASDAQ",NA,"lab.Unmapped","2026-09-20T13:30:43Z","sec-exchange"
"ARXS","Arxis, Inc.","NASDAQ",NA,"lab.Unmapped","2026-09-20T13:30:43Z","sec-exchange"
"THC","TENET HEALTHCARE CORP","NYSE",NA,"lab.Unmapped","2026-09-20T13:30:43Z","sec-exchange"
"STZ","CONSTELLATION BRANDS, INC.","NYSE",NA,"fmcg.Food_Beverages","2026-09-20T13:30:43Z","sec-exchange"
"CW","CURTISS WRIGHT CORP","NYSE",NA,"lab.Unmapped","2026-09-20T13:30:43Z","sec-exchange"
"FICO","FAIR ISAAC CORP","NYSE",NA,"saas.SaaS_Cloud","2026-09-20T13:30:43Z","sec-exchange"
"AMRZ","Amrize Ltd","NYSE",NA,"lab.Unmapped","2026-09-20T13:30:43Z","sec-exchange"
"PKG","PACKAGING CORP OF AMERICA","NYSE",NA,"mat.Paper_Packaging","2026-09-20T13:30:43Z","sec-exchange"
"BCH","BANK OF CHILE","NYSE",NA,"lab.Unmapped","2026-09-20T13:30:43Z","sec-exchange"
"BCE","BCE INC","NYSE",NA,"lab.Unmapped","2026-09-20T13:30:43Z","sec-exchange"
"CMS","CMS ENERGY CORP","NYSE",NA,"en.Utilities","2026-09-20T13:30:43Z","sec-exchange"
"LYB","LyondellBasell Industries N.V.","NYSE",NA,"mat.Chemicals","2026-09-20T13:30:43Z","sec-exchange"
"PAAS","PAN AMERICAN SILVER CORP","NYSE",NA,"lab.Unmapped","2026-09-20T13:30:43Z","sec-exchange"
"DINO","HF Sinclair Corp","NYSE",NA,"lab.Unmapped","2026-09-20T13:30:43Z","sec-exchange"
"CDE","Coeur Mining, Inc.","NYSE",NA,"lab.Unmapped","2026-09-20T13:30:43Z","sec-exchange"
"SQM","CHEMICAL & MINING CO OF CHILE INC","NYSE",NA,"lab.Unmapped","2026-09-20T13:30:43Z","sec-exchange"
"XPO","XPO, Inc.","NYSE",NA,"lab.Unmapped","2026-09-20T13:30:43Z","sec-exchange"
"EXE","EXPAND ENERGY Corp","NASDAQ",NA,"en.Energy_OilGas","2026-09-20T13:30:43Z","sec-exchange"
"RS","RELIANCE, INC.","NYSE",NA,"lab.Unmapped","2026-09-20T13:30:43Z","sec-exchange"
"ENTG","ENTEGRIS INC","NASDAQ",NA,"lab.Unmapped","2026-09-20T13:30:43Z","sec-exchange"
"STE","STERIS plc","NYSE",NA,"hc.Medtech","2026-09-20T13:30:43Z","sec-exchange"
"CF","CF Industries Holdings, Inc.","NYSE",NA,"mat.Chemicals","2026-09-20T13:30:43Z","sec-exchange"
"USFD","US Foods Holding Corp.","NYSE",NA,"lab.Unmapped","2026-09-20T13:30:43Z","sec-exchange"
"CRS","CARPENTER TECHNOLOGY CORP","NYSE",NA,"lab.Unmapped","2026-09-20T13:30:43Z","sec-exchange"
"RL","RALPH LAUREN CORP","NYSE",NA,"lxg.Luxury_Fashion","2026-09-20T13:30:43Z","sec-exchange"
"MTSI","MACOM Technology Solutions Holdings, Inc.","NASDAQ",NA,"lab.Unmapped","2026-09-20T13:30:43Z","sec-exchange"
"FTAI","FTAI Aviation Ltd.","NASDAQ",NA,"lab.Unmapped","2026-09-20T13:30:43Z","sec-exchange"
"BBY","BEST BUY CO INC","NYSE",NA,"retail.Brick_Mortar","2026-09-20T13:30:43Z","sec-exchange"
"LUV","SOUTHWEST AIRLINES CO","NYSE",NA,"tr.Airlines","2026-09-20T13:30:43Z","sec-exchange"
"VTRS","Viatris Inc","NASDAQ",NA,"hc.Pharma","2026-09-20T13:30:43Z","sec-exchange"
"GIS","GENERAL MILLS INC","NYSE",NA,"fmcg.Food_Beverages","2026-09-20T13:30:43Z","sec-exchange"
"AMCR","Amcor plc","NYSE",NA,"mat.Paper_Packaging","2026-09-20T13:30:43Z","sec-exchange"
"NI","NISOURCE INC.","NYSE",NA,"en.Utilities","2026-09-20T13:30:43Z","sec-exchange"
"PR","Permian Resources Corp","NYSE",NA,"lab.Unmapped","2026-09-20T13:30:43Z","sec-exchange"
"WES","Western Midstream Partners, LP","NYSE",NA,"lab.Unmapped","2026-09-20T13:30:43Z","sec-exchange"
"SNA","Snap-on Inc","NYSE",NA,"ind.Machinery","2026-09-20T13:30:43Z","sec-exchange"
"SBAC","SBA COMMUNICATIONS CORP","NASDAQ",NA,"re.REIT","2026-09-20T13:30:43Z","sec-exchange"
"WF","WOORI FINANCIAL GROUP INC.","NYSE",NA,"lab.Unmapped","2026-09-20T13:30:43Z","sec-exchange"
"VIV","TELEFONICA BRASIL S.A.","NYSE",NA,"lab.Unmapped","2026-09-20T13:30:43Z","sec-exchange"
"STLA","Stellantis N.V.","NYSE",NA,"lab.Unmapped","2026-09-20T13:30:43Z","sec-exchange"
"EFX","EQUIFAX INC","NYSE",NA,"bus.Professional_Services","2026-09-20T13:30:43Z","sec-exchange"
"RCI","ROGERS COMMUNICATIONS INC","NYSE",NA,"lab.Unmapped","2026-09-20T13:30:43Z","sec-exchange"
"LEN","LENNAR CORP /NEW/","NYSE",NA,"ind.Construction","2026-09-20T13:30:43Z","sec-exchange"
"FIS","Fidelity National Information Services, Inc.","NYSE",NA,"fn.Fintech","2026-09-20T13:30:43Z","sec-exchange"
"IP","INTERNATIONAL PAPER CO /NEW/","NYSE",NA,"mat.Paper_Packaging","2026-09-20T13:30:43Z","sec-exchange"
"WWD","Woodward, Inc.","NASDAQ",NA,"lab.Unmapped","2026-09-20T13:30:43Z","sec-exchange"
"SSNC","SS&C Technologies Holdings Inc","NASDAQ",NA,"lab.Unmapped","2026-09-20T13:30:43Z","sec-exchange"
"NTNX","Nutanix, Inc.","NASDAQ",NA,"lab.Unmapped","2026-09-20T13:30:43Z","sec-exchange"
"BR","BROADRIDGE FINANCIAL SOLUTIONS, INC.","NYSE",NA,"fn.Fintech","2026-09-20T13:30:43Z","sec-exchange"
"CDW","CDW Corp","NASDAQ",NA,"tech.Electronics_Distribution","2026-09-20T13:30:43Z","sec-exchange"
"ESS","ESSEX PROPERTY TRUST, INC.","NYSE",NA,"re.REIT","2026-09-20T13:30:43Z","sec-exchange"
"EVRG","Evergy, Inc.","NASDAQ",NA,"en.Utilities","2026-09-20T13:30:43Z","sec-exchange"
"KSPI","Joint Stock Co Kaspi.kz","NASDAQ",NA,"lab.Unmapped","2026-09-20T13:30:43Z","sec-exchange"
"SBS","COMPANHIA DE SANEAMENTO BASICO DO ESTADO DE SAO PAULO-SABESP","NYSE",NA,"lab.Unmapped","2026-09-20T13:30:43Z","sec-exchange"
"U","Unity Software Inc.","NYSE",NA,"lab.Unmapped","2026-09-20T13:30:43Z","sec-exchange"
"TSN","TYSON FOODS, INC.","NYSE",NA,"fmcg.Food_Beverages","2026-09-20T13:30:43Z","sec-exchange"
"GEN","Gen Digital Inc.","NASDAQ",NA,"tech.Software","2026-09-20T13:30:43Z","sec-exchange"
"FDXF","FedEx Freight Holding Company, Inc.","NYSE",NA,"tr.Logistics_Shipping","2026-09-20T13:30:43Z","sec-exchange"
"TPG","TPG Inc.","NASDAQ",NA,"lab.Unmapped","2026-09-20T13:30:43Z","sec-exchange"
"PKX","POSCO HOLDINGS INC.","NYSE",NA,"lab.Unmapped","2026-09-20T13:30:43Z","sec-exchange"
"GPC","GENUINE PARTS CO","NYSE",NA,"cons.Discretionary","2026-09-20T13:30:43Z","sec-exchange"
"ZBH","ZIMMER BIOMET HOLDINGS, INC.","NYSE",NA,"hc.Medtech","2026-09-20T13:30:43Z","sec-exchange"
"PAA","PLAINS ALL AMERICAN PIPELINE LP","NASDAQ",NA,"lab.Unmapped","2026-09-20T13:30:43Z","sec-exchange"
"CHRW","C. H. ROBINSON WORLDWIDE, INC.","NASDAQ",NA,"tr.Logistics_Shipping","2026-09-20T13:30:43Z","sec-exchange"
"TOST","Toast, Inc.","NYSE",NA,"lab.Unmapped","2026-09-20T13:30:43Z","sec-exchange"
"SITM","SITIME Corp","NASDAQ",NA,"lab.Unmapped","2026-09-20T13:30:43Z","sec-exchange"
"BEKE","KE Holdings Inc.","NYSE",NA,"lab.Unmapped","2026-09-20T13:30:43Z","sec-exchange"
"DD","DuPont de Nemours, Inc.","NYSE",NA,"ind.Conglomerate","2026-09-20T13:30:43Z","sec-exchange"
"OVV","Ovintiv Inc.","NYSE",NA,"lab.Unmapped","2026-09-20T13:30:43Z","sec-exchange"
"NDSN","NORDSON CORP","NASDAQ",NA,"ind.Machinery","2026-09-20T13:30:43Z","sec-exchange"
"CHTR","CHARTER COMMUNICATIONS, INC. /MO/","NASDAQ",NA,"tel.Telecom","2026-09-20T13:30:43Z","sec-exchange"
"MGA","MAGNA INTERNATIONAL INC","NYSE",NA,"lab.Unmapped","2026-09-20T13:30:43Z","sec-exchange"
"MEDP","Medpace Holdings, Inc.","NASDAQ",NA,"lab.Unmapped","2026-09-20T13:30:43Z","sec-exchange"
"EWBC","EAST WEST BANCORP INC","NASDAQ",NA,"lab.Unmapped","2026-09-20T13:30:43Z","sec-exchange"
"PS","PERSHING SQUARE INC.","NYSE",NA,"lab.Unmapped","2026-09-20T13:30:43Z","sec-exchange"
"LNT","ALLIANT ENERGY CORP","NASDAQ",NA,"en.Utilities","2026-09-20T13:30:43Z","sec-exchange"
"TSCO","TRACTOR SUPPLY CO /DE/","NASDAQ",NA,"retail.Brick_Mortar","2026-09-20T13:30:43Z","sec-exchange"
"IREN","IREN Ltd","NASDAQ",NA,"lab.Unmapped","2026-09-20T13:30:43Z","sec-exchange"
"MTZ","MASTEC INC","NYSE",NA,"lab.Unmapped","2026-09-20T13:30:43Z","sec-exchange"
"BEN","FRANKLIN TEMPLETON INC","NYSE",NA,"fn.Asset_Management","2026-09-20T13:30:43Z","sec-exchange"
"J","JACOBS SOLUTIONS INC.","NYSE",NA,"ind.Construction","2026-09-20T13:30:43Z","sec-exchange"
"CLH","CLEAN HARBORS INC","NYSE",NA,"lab.Unmapped","2026-09-20T13:30:43Z","sec-exchange"
"FTV","Fortive Corp","NYSE",NA,"ind.Machinery","2026-09-20T13:30:43Z","sec-exchange"
"WIT","WIPRO LTD","NYSE",NA,"lab.Unmapped","2026-09-20T13:30:43Z","sec-exchange"
"NVR","NVR INC","NYSE",NA,"ind.Construction","2026-09-20T13:30:43Z","sec-exchange"
"SMTC","SEMTECH CORP","NASDAQ",NA,"lab.Unmapped","2026-09-20T13:30:43Z","sec-exchange"
"RVTY","REVVITY, INC.","NYSE",NA,"hc.Medtech","2026-09-20T13:30:43Z","sec-exchange"
"WCC","WESCO INTERNATIONAL INC","NYSE",NA,"lab.Unmapped","2026-09-20T13:30:43Z","sec-exchange"
"IONQ","IonQ, Inc.","NYSE",NA,"lab.Unmapped","2026-09-20T13:30:43Z","sec-exchange"
"LDOS","Leidos Holdings, Inc.","NYSE",NA,"ind.Machinery","2026-09-20T13:30:43Z","sec-exchange"
"IEX","IDEX CORP /DE/","NYSE",NA,"ind.Machinery","2026-09-20T13:30:43Z","sec-exchange"
"ZBRA","ZEBRA TECHNOLOGIES CORP","NASDAQ",NA,"ec.Hardware","2026-09-20T13:30:43Z","sec-exchange"
"BSAC","BANCO SANTANDER CHILE","NYSE",NA,"lab.Unmapped","2026-09-20T13:30:43Z","sec-exchange"
"NWSA","NEWS CORP","NASDAQ",NA,"media.Entertainment","2026-09-20T13:30:43Z","sec-exchange"
"MKSI","MKS INC","NASDAQ",NA,"lab.Unmapped","2026-09-20T13:30:43Z","sec-exchange"
"RGA","REINSURANCE GROUP OF AMERICA INC","NYSE",NA,"lab.Unmapped","2026-09-20T13:30:43Z","sec-exchange"
"BALL","BALL Corp","NYSE",NA,"mat.Paper_Packaging","2026-09-20T13:30:43Z","sec-exchange"
"NLY","ANNALY CAPITAL MANAGEMENT INC","NYSE",NA,"lab.Unmapped","2026-09-20T13:30:43Z","sec-exchange"
"TIGO","MILLICOM INTERNATIONAL CELLULAR SA","NASDAQ",NA,"lab.Unmapped","2026-09-20T13:30:43Z","sec-exchange"
"INVH","Invitation Homes Inc.","NYSE",NA,"re.REIT","2026-09-20T13:30:43Z","sec-exchange"
"DT","Dynatrace, Inc.","NYSE",NA,"lab.Unmapped","2026-09-20T13:30:43Z","sec-exchange"
"APG","APi Group Corp","NYSE",NA,"lab.Unmapped","2026-09-20T13:30:43Z","sec-exchange"
"ROL","ROLLINS INC","NYSE",NA,"en.Environmental","2026-09-20T13:30:43Z","sec-exchange"
"JAZZ","Jazz Pharmaceuticals plc","NASDAQ",NA,"lab.Unmapped","2026-09-20T13:30:43Z","sec-exchange"
"FLUT","Flutter Entertainment plc","NYSE",NA,"lab.Unmapped","2026-09-20T13:30:43Z","sec-exchange"
"APA","APA Corp","NASDAQ",NA,"en.Energy_OilGas","2026-09-20T13:30:43Z","sec-exchange"
"OWL","BLUE OWL CAPITAL INC.","NYSE",NA,"lab.Unmapped","2026-09-20T13:30:43Z","sec-exchange"
"ZTO","ZTO Express (Cayman) Inc.","NYSE",NA,"lab.Unmapped","2026-09-20T13:30:43Z","sec-exchange"
"RBA","RB GLOBAL INC.","NYSE",NA,"lab.Unmapped","2026-09-20T13:30:43Z","sec-exchange"
"DOCN","DigitalOcean Holdings, Inc.","NYSE",NA,"lab.Unmapped","2026-09-20T13:30:43Z","sec-exchange"
"ASND","Ascendis Pharma A/S","NASDAQ",NA,"lab.Unmapped","2026-09-20T13:30:43Z","sec-exchange"
"WY","WEYERHAEUSER CO","NYSE",NA,"re.REIT","2026-09-20T13:30:43Z","sec-exchange"
"FUTU","Futu Holdings Ltd","NASDAQ",NA,"lab.Unmapped","2026-09-20T13:30:43Z","sec-exchange"
"RML","Resolution Minerals Ltd","NASDAQ",NA,"lab.Unmapped","2026-09-20T13:30:43Z","sec-exchange"
"JLL","JONES LANG LASALLE INC","NYSE",NA,"lab.Unmapped","2026-09-20T13:30:43Z","sec-exchange"
"CRBG","Corebridge Financial, Inc.","NYSE",NA,"lab.Unmapped","2026-09-20T13:30:43Z","sec-exchange"
"GFL","GFL Environmental Inc.","NYSE",NA,"lab.Unmapped","2026-09-20T13:30:43Z","sec-exchange"
"PHYS","Sprott Physical Gold Trust","NYSE",NA,"lab.Unmapped","2026-09-20T13:30:43Z","sec-exchange"
"RBC","RBC Bearings INC","NYSE",NA,"lab.Unmapped","2026-09-20T13:30:43Z","sec-exchange"
"VNOM","Viper Energy, Inc.","NASDAQ",NA,"lab.Unmapped","2026-09-20T13:30:43Z","sec-exchange"
"LSCC","LATTICE SEMICONDUCTOR CORP","NASDAQ",NA,"lab.Unmapped","2026-09-20T13:30:43Z","sec-exchange"
"AKAM","AKAMAI TECHNOLOGIES INC","NASDAQ",NA,"saas.SaaS_Cloud","2026-09-20T13:30:43Z","sec-exchange"
"INIO","INNIO N.V.","NASDAQ",NA,"lab.Unmapped","2026-09-20T13:30:43Z","sec-exchange"
"NBIX","NEUROCRINE BIOSCIENCES INC","NASDAQ",NA,"lab.Unmapped","2026-09-20T13:30:43Z","sec-exchange"
"AS","Amer Sports, Inc.","NYSE",NA,"lab.Unmapped","2026-09-20T13:30:43Z","sec-exchange"
"ONTO","ONTO INNOVATION INC.","NYSE",NA,"lab.Unmapped","2026-09-20T13:30:43Z","sec-exchange"
"STRL","STERLING INFRASTRUCTURE, INC.","NASDAQ",NA,"lab.Unmapped","2026-09-20T13:30:43Z","sec-exchange"
"HST","HOST HOTELS & RESORTS, INC.","NASDAQ",NA,"re.REIT","2026-09-20T13:30:43Z","sec-exchange"
"JHX","James Hardie Industries plc","NYSE",NA,"lab.Unmapped","2026-09-20T13:30:43Z","sec-exchange"
"OHI","OMEGA HEALTHCARE INVESTORS INC","NYSE",NA,"lab.Unmapped","2026-09-20T13:30:43Z","sec-exchange"
"KIM","KIMCO REALTY CORP","NYSE",NA,"re.REIT","2026-09-20T13:30:43Z","sec-exchange"
"WPC","W. P. Carey Inc.","NYSE",NA,"lab.Unmapped","2026-09-20T13:30:43Z","sec-exchange"
"EMA","EMERA INC","NYSE",NA,"lab.Unmapped","2026-09-20T13:30:43Z","sec-exchange"
"UNM","Unum Group","NYSE",NA,"lab.Unmapped","2026-09-20T13:30:43Z","sec-exchange"
"ARMK","Aramark","NYSE",NA,"lab.Unmapped","2026-09-20T13:30:43Z","sec-exchange"
"SOLV","Solventum Corp","NYSE",NA,"hc.Healthcare_Services","2026-09-20T13:30:43Z","sec-exchange"
"BURL","Burlington Stores, Inc.","NYSE",NA,"lab.Unmapped","2026-09-20T13:30:43Z","sec-exchange"
"AGI","ALAMOS GOLD INC","NYSE",NA,"lab.Unmapped","2026-09-20T13:30:43Z","sec-exchange"
"LAMR","LAMAR ADVERTISING CO/NEW","NASDAQ",NA,"lab.Unmapped","2026-09-20T13:30:43Z","sec-exchange"
"EQH","Equitable Holdings, Inc.","NYSE",NA,"lab.Unmapped","2026-09-20T13:30:43Z","sec-exchange"
"GIB","CGI INC","NYSE",NA,"lab.Unmapped","2026-09-20T13:30:43Z","sec-exchange"
"CX","CEMEX SAB DE CV","NYSE",NA,"lab.Unmapped","2026-09-20T13:30:43Z","sec-exchange"
"SUN","Sunoco LP","NYSE",NA,"lab.Unmapped","2026-09-20T13:30:43Z","sec-exchange"
"QNT","Quantinuum Inc.","NASDAQ",NA,"lab.Unmapped","2026-09-20T13:30:43Z","sec-exchange"
"LOGI","LOGITECH INTERNATIONAL S.A.","NASDAQ",NA,"lab.Unmapped","2026-09-20T13:30:43Z","sec-exchange"
"H","Hyatt Hotels Corp","NYSE",NA,"lab.Unmapped","2026-09-20T13:30:43Z","sec-exchange"
"WMG","Warner Music Group Corp.","NASDAQ",NA,"lab.Unmapped","2026-09-20T13:30:43Z","sec-exchange"
"PNFP","Pinnacle Financial Partners, Inc.","NYSE",NA,"lab.Unmapped","2026-09-20T13:30:43Z","sec-exchange"
"DOC","HEALTHPEAK PROPERTIES, INC.","NYSE",NA,"re.REIT","2026-09-20T13:30:43Z","sec-exchange"
"PTC","PTC INC.","NASDAQ",NA,"saas.SaaS_Cloud","2026-09-20T13:30:43Z","sec-exchange"
"SUI","SUN COMMUNITIES INC","NYSE",NA,"lab.Unmapped","2026-09-20T13:30:43Z","sec-exchange"
"KEP","KOREA ELECTRIC POWER CORP","NYSE",NA,"lab.Unmapped","2026-09-20T13:30:43Z","sec-exchange"
"BMNR","BITMINE IMMERSION TECHNOLOGIES, INC.","NYSE",NA,"lab.Unmapped","2026-09-20T13:30:43Z","sec-exchange"
"EG","EVEREST GROUP, LTD.","NYSE",NA,"fn.Insurance","2026-09-20T13:30:43Z","sec-exchange"
"TEM","Tempus AI, Inc.","NASDAQ",NA,"lab.Unmapped","2026-09-20T13:30:43Z","sec-exchange"
"CG","Carlyle Group Inc.","NASDAQ",NA,"lab.Unmapped","2026-09-20T13:30:43Z","sec-exchange"
"BEP","Brookfield Renewable Partners L.P.","NYSE",NA,"lab.Unmapped","2026-09-20T13:30:43Z","sec-exchange"
"MAA","MID AMERICA APARTMENT COMMUNITIES INC.","NYSE",NA,"re.REIT","2026-09-20T13:30:43Z","sec-exchange"
"EXEL","EXELIXIS, INC.","NASDAQ",NA,"lab.Unmapped","2026-09-20T13:30:43Z","sec-exchange"
"PFGC","Performance Food Group Co","NYSE",NA,"lab.Unmapped","2026-09-20T13:30:43Z","sec-exchange"
"EQX","Equinox Gold Corp.","NYSE",NA,"lab.Unmapped","2026-09-20T13:30:43Z","sec-exchange"
"SMMT","Summit Therapeutics Inc.","NASDAQ",NA,"lab.Unmapped","2026-09-20T13:30:43Z","sec-exchange"
"ARCC","ARES CAPITAL CORP","NASDAQ",NA,"lab.Unmapped","2026-09-20T13:30:43Z","sec-exchange"
"YUMC","Yum China Holdings, Inc.","NYSE",NA,"lab.Unmapped","2026-09-20T13:30:43Z","sec-exchange"
"AIZ","ASSURANT, INC.","NYSE",NA,"fn.Insurance","2026-09-20T13:30:43Z","sec-exchange"
"TLN","Talen Energy Corp","NASDAQ",NA,"lab.Unmapped","2026-09-20T13:30:43Z","sec-exchange"
"TLK","PERUSAHAAN PERSEROAN PERSERO PT TELEKOMUNIKASI INDONESIA TBK","NYSE",NA,"lab.Unmapped","2026-09-20T13:30:43Z","sec-exchange"
"PAG","PENSKE AUTOMOTIVE GROUP, INC.","NYSE",NA,"lab.Unmapped","2026-09-20T13:30:43Z","sec-exchange"
"LECO","LINCOLN ELECTRIC HOLDINGS INC","NASDAQ",NA,"lab.Unmapped","2026-09-20T13:30:43Z","sec-exchange"
"CACI","CACI INTERNATIONAL INC /DE/","NYSE",NA,"lab.Unmapped","2026-09-20T13:30:43Z","sec-exchange"
"TU","TELUS CORP","NYSE",NA,"lab.Unmapped","2026-09-20T13:30:43Z","sec-exchange"
"W","Wayfair Inc.","NYSE",NA,"lab.Unmapped","2026-09-20T13:30:43Z","sec-exchange"
"TRU","TransUnion","NYSE",NA,"lab.Unmapped","2026-09-20T13:30:43Z","sec-exchange"
"TXT","TEXTRON INC","NYSE",NA,"ind.Aerospace_Defense","2026-09-20T13:30:43Z","sec-exchange"
"TYL","TYLER TECHNOLOGIES INC","NYSE",NA,"saas.SaaS_Cloud","2026-09-20T13:30:43Z","sec-exchange"
"CHKP","CHECK POINT SOFTWARE TECHNOLOGIES LTD","NASDAQ",NA,"lab.Unmapped","2026-09-20T13:30:43Z","sec-exchange"
"SGI","SOMNIGROUP INTERNATIONAL INC.","NYSE",NA,"lab.Unmapped","2026-09-20T13:30:43Z","sec-exchange"
"FN","Fabrinet","NYSE",NA,"lab.Unmapped","2026-09-20T13:30:43Z","sec-exchange"
"SKM","SK TELECOM CO LTD","NYSE",NA,"lab.Unmapped","2026-09-20T13:30:43Z","sec-exchange"
"CRL","CHARLES RIVER LABORATORIES INTERNATIONAL, INC.","NYSE",NA,"hc.Medtech","2026-09-20T13:30:43Z","sec-exchange"
"REG","REGENCY CENTERS CORP","NASDAQ",NA,"re.REIT","2026-09-20T13:30:43Z","sec-exchange"
"RNR","RENAISSANCERE HOLDINGS LTD","NYSE",NA,"lab.Unmapped","2026-09-20T13:30:43Z","sec-exchange"
"ALB","ALBEMARLE CORP","NYSE",NA,"mat.Chemicals","2026-09-20T13:30:43Z","sec-exchange"
"SWKS","SKYWORKS SOLUTIONS, INC.","NASDAQ",NA,"sc.IC_Design","2026-09-20T13:30:43Z","sec-exchange"
"AEG","AEGON LTD.","NYSE",NA,"lab.Unmapped","2026-09-20T13:30:43Z","sec-exchange"
"TRMB","TRIMBLE INC.","NASDAQ",NA,"saas.SaaS_Cloud","2026-09-20T13:30:43Z","sec-exchange"
"IVZ","Invesco Ltd.","NYSE",NA,"fn.Asset_Management","2026-09-20T13:30:43Z","sec-exchange"
"MKC","MCCORMICK & CO INC","NYSE",NA,"fmcg.Food_Beverages","2026-09-20T13:30:43Z","sec-exchange"
"PSLV","Sprott Physical Silver Trust","NYSE",NA,"lab.Unmapped","2026-09-20T13:30:43Z","sec-exchange"
"GLXY","Galaxy Digital Inc.","NASDAQ",NA,"lab.Unmapped","2026-09-20T13:30:43Z","sec-exchange"
"BWXT","BWX Technologies, Inc.","NYSE",NA,"lab.Unmapped","2026-09-20T13:30:43Z","sec-exchange"
"MAS","MASCO CORP /DE/","NYSE",NA,"ind.Construction","2026-09-20T13:30:43Z","sec-exchange"
"SWK","STANLEY BLACK & DECKER, INC.","NYSE",NA,"ind.Machinery","2026-09-20T13:30:43Z","sec-exchange"
"HTHT","H World Group Ltd","NASDAQ",NA,"lab.Unmapped","2026-09-20T13:30:43Z","sec-exchange"
"COKE","Coca-Cola Consolidated, Inc.","NASDAQ",NA,"lab.Unmapped","2026-09-20T13:30:43Z","sec-exchange"
"GL","GLOBE LIFE INC.","NYSE",NA,"fn.Insurance","2026-09-20T13:30:43Z","sec-exchange"
"MLI","MUELLER INDUSTRIES INC","NYSE",NA,"lab.Unmapped","2026-09-20T13:30:43Z","sec-exchange"
"SJM","J M SMUCKER Co","NYSE",NA,"fmcg.Food_Beverages","2026-09-20T13:30:43Z","sec-exchange"
"DOCU","DOCUSIGN, INC.","NASDAQ",NA,"lab.Unmapped","2026-09-20T13:30:43Z","sec-exchange"
"EMBJ","EMBRAER S.A.","NYSE",NA,"lab.Unmapped","2026-09-20T13:30:43Z","sec-exchange"
"AUR","Aurora Innovation, Inc.","NASDAQ",NA,"lab.Unmapped","2026-09-20T13:30:43Z","sec-exchange"
"ICLR","ICON PLC","NASDAQ",NA,"lab.Unmapped","2026-09-20T13:30:43Z","sec-exchange"
"ALLE","Allegion plc","NYSE",NA,"ind.Construction","2026-09-20T13:30:43Z","sec-exchange"
"BBIO","BridgeBio Pharma, Inc.","NASDAQ",NA,"lab.Unmapped","2026-09-20T13:30:43Z","sec-exchange"
"BWA","BORGWARNER INC","NYSE",NA,"lab.Unmapped","2026-09-20T13:30:43Z","sec-exchange"
"AVY","Avery Dennison Corp","NYSE",NA,"mat.Paper_Packaging","2026-09-20T13:30:43Z","sec-exchange"
"CNA","CNA FINANCIAL CORP","NYSE",NA,"lab.Unmapped","2026-09-20T13:30:43Z","sec-exchange"
"FIVE","FIVE BELOW, INC","NASDAQ",NA,"lab.Unmapped","2026-09-20T13:30:43Z","sec-exchange"
"ULS","UL Solutions Inc.","NYSE",NA,"lab.Unmapped","2026-09-20T13:30:43Z","sec-exchange"
"JBS","JBS N.V.","NYSE",NA,"lab.Unmapped","2026-09-20T13:30:43Z","sec-exchange"
"DTM","DT Midstream, Inc.","NYSE",NA,"lab.Unmapped","2026-09-20T13:30:43Z","sec-exchange"
"AMH","American Homes 4 Rent","NYSE",NA,"lab.Unmapped","2026-09-20T13:30:43Z","sec-exchange"
"ERIE","ERIE INDEMNITY CO","NASDAQ",NA,"fn.Insurance","2026-09-20T13:30:43Z","sec-exchange"
"HL","HECLA MINING CO/DE/","NYSE",NA,"lab.Unmapped","2026-09-20T13:30:43Z","sec-exchange"
"CSL","CARLISLE COMPANIES INC","NYSE",NA,"lab.Unmapped","2026-09-20T13:30:43Z","sec-exchange"
"TME","Tencent Music Entertainment Group","NYSE",NA,"lab.Unmapped","2026-09-20T13:30:43Z","sec-exchange"
"NXT","Nextpower Inc.","NASDAQ",NA,"lab.Unmapped","2026-09-20T13:30:43Z","sec-exchange"
"RPM","RPM INTERNATIONAL INC/DE/","NYSE",NA,"lab.Unmapped","2026-09-20T13:30:43Z","sec-exchange"
"BMRN","BIOMARIN PHARMACEUTICAL INC","NASDAQ",NA,"lab.Unmapped","2026-09-20T13:30:43Z","sec-exchange"
"IESC","IES Holdings, Inc.","NASDAQ",NA,"lab.Unmapped","2026-09-20T13:30:43Z","sec-exchange"
"SEIC","SEI INVESTMENTS CO","NASDAQ",NA,"lab.Unmapped","2026-09-20T13:30:43Z","sec-exchange"
"HAS","HASBRO, INC.","NASDAQ",NA,"cons.Sports_Leisure","2026-09-20T13:30:43Z","sec-exchange"
"WSO","WATSCO INC","NYSE",NA,"lab.Unmapped","2026-09-20T13:30:43Z","sec-exchange"
"UDR","UDR, Inc.","NYSE",NA,"re.REIT","2026-09-20T13:30:43Z","sec-exchange"
"PEN","Penumbra Inc","NYSE",NA,"lab.Unmapped","2026-09-20T13:30:43Z","sec-exchange"
"FIG","Figma, Inc.","NYSE",NA,"lab.Unmapped","2026-09-20T13:30:43Z","sec-exchange"
"UHAL","U-Haul Holding Co /NV/","NYSE",NA,"lab.Unmapped","2026-09-20T13:30:43Z","sec-exchange"
"GDDY","GoDaddy Inc.","NYSE",NA,"saas.SaaS_Cloud","2026-09-20T13:30:43Z","sec-exchange"
"HMY","HARMONY GOLD MINING CO LTD","NYSE",NA,"lab.Unmapped","2026-09-20T13:30:43Z","sec-exchange"
"AA","Alcoa Corp","NYSE",NA,"lab.Unmapped","2026-09-20T13:30:43Z","sec-exchange"
"HALO","HALOZYME THERAPEUTICS, INC.","NASDAQ",NA,"lab.Unmapped","2026-09-20T13:30:43Z","sec-exchange"
"ALLY","Ally Financial Inc.","NYSE",NA,"lab.Unmapped","2026-09-20T13:30:43Z","sec-exchange"
"GGG","GRACO INC","NYSE",NA,"lab.Unmapped","2026-09-20T13:30:43Z","sec-exchange"
"LII","LENNOX INTERNATIONAL INC","NYSE",NA,"ind.Construction","2026-09-20T13:30:43Z","sec-exchange"
"TOL","Toll Brothers, Inc.","NYSE",NA,"lab.Unmapped","2026-09-20T13:30:43Z","sec-exchange"
"CORT","CORCEPT THERAPEUTICS INC","NASDAQ",NA,"lab.Unmapped","2026-09-20T13:30:43Z","sec-exchange"
"MDGL","MADRIGAL PHARMACEUTICALS, INC.","NASDAQ",NA,"lab.Unmapped","2026-09-20T13:30:43Z","sec-exchange"
"ELS","EQUITY LIFESTYLE PROPERTIES INC","NYSE",NA,"lab.Unmapped","2026-09-20T13:30:43Z","sec-exchange"
"BF-B","BROWN FORMAN CORP","NYSE",NA,"fmcg.Food_Beverages","2026-09-20T13:30:43Z","sec-exchange"
"EHC","Encompass Health Corp","NYSE",NA,"lab.Unmapped","2026-09-20T13:30:43Z","sec-exchange"
"GNRC","GENERAC HOLDINGS INC.","NYSE",NA,"ind.Machinery","2026-09-20T13:30:43Z","sec-exchange"
"MANH","MANHATTAN ASSOCIATES INC","NASDAQ",NA,"lab.Unmapped","2026-09-20T13:30:43Z","sec-exchange"
"PAYP","PayPay Corp","NASDAQ",NA,"lab.Unmapped","2026-09-20T13:30:43Z","sec-exchange"
"FRO","Frontline plc","NYSE",NA,"lab.Unmapped","2026-09-20T13:30:43Z","sec-exchange"
"QXO","QXO, Inc.","NYSE",NA,"lab.Unmapped","2026-09-20T13:30:43Z","sec-exchange"
"TTMI","TTM TECHNOLOGIES INC","NASDAQ",NA,"lab.Unmapped","2026-09-20T13:30:43Z","sec-exchange"
"AMKR","AMKOR TECHNOLOGY, INC.","NASDAQ",NA,"lab.Unmapped","2026-09-20T13:30:43Z","sec-exchange"
"CCK","CROWN HOLDINGS, INC.","NYSE",NA,"lab.Unmapped","2026-09-20T13:30:43Z","sec-exchange"
"PSKY","Paramount Skydance Corp","NASDAQ",NA,"media.Entertainment","2026-09-20T13:30:43Z","sec-exchange"
"GLPI","Gaming & Leisure Properties, Inc.","NASDAQ",NA,"lab.Unmapped","2026-09-20T13:30:43Z","sec-exchange"
"CSGP","COSTAR GROUP, INC.","NASDAQ",NA,"re.REIT","2026-09-20T13:30:43Z","sec-exchange"
"BAX","BAXTER INTERNATIONAL INC","NYSE",NA,"hc.Medtech","2026-09-20T13:30:43Z","sec-exchange"
"IT","GARTNER INC","NYSE",NA,"tech.IT_Services","2026-09-20T13:30:43Z","sec-exchange"
"AFG","AMERICAN FINANCIAL GROUP INC","NYSE",NA,"lab.Unmapped","2026-09-20T13:30:43Z","sec-exchange"
"DVA","DAVITA INC.","NYSE",NA,"hc.Healthcare_Services","2026-09-20T13:30:43Z","sec-exchange"
"FPS","Forgent Power Solutions, Inc.","NYSE",NA,"lab.Unmapped","2026-09-20T13:30:43Z","sec-exchange"
"GWRE","Guidewire Software, Inc.","NYSE",NA,"lab.Unmapped","2026-09-20T13:30:43Z","sec-exchange"
"CHYM","Chime Financial, Inc.","NASDAQ",NA,"lab.Unmapped","2026-09-20T13:30:43Z","sec-exchange"
"HUBS","HUBSPOT INC","NYSE",NA,"lab.Unmapped","2026-09-20T13:30:43Z","sec-exchange"
"FMS","Fresenius Medical Care AG","NYSE",NA,"lab.Unmapped","2026-09-20T13:30:43Z","sec-exchange"
"AGNC","AGNC Investment Corp.","NASDAQ",NA,"lab.Unmapped","2026-09-20T13:30:43Z","sec-exchange"
"PAC","Pacific Airport Group","NYSE",NA,"lab.Unmapped","2026-09-20T13:30:43Z","sec-exchange"
"BJ","BJ's Wholesale Club Holdings, Inc.","NYSE",NA,"lab.Unmapped","2026-09-20T13:30:43Z","sec-exchange"
"WTRG","Essential Utilities, Inc.","NYSE",NA,"lab.Unmapped","2026-09-20T13:30:43Z","sec-exchange"
"HBM","Hudbay Minerals Inc.","NYSE",NA,"lab.Unmapped","2026-09-20T13:30:43Z","sec-exchange"
"MAIR","Madison Air Solutions Corp","NYSE",NA,"lab.Unmapped","2026-09-20T13:30:43Z","sec-exchange"
"AIT","APPLIED INDUSTRIAL TECHNOLOGIES INC","NYSE",NA,"lab.Unmapped","2026-09-20T13:30:43Z","sec-exchange"
"WTS","WATTS WATER TECHNOLOGIES INC","NYSE",NA,"lab.Unmapped","2026-09-20T13:30:43Z","sec-exchange"
"LI","Li Auto Inc.","NASDAQ",NA,"lab.Unmapped","2026-09-20T13:30:43Z","sec-exchange"
"CPT","CAMDEN PROPERTY TRUST","NYSE",NA,"re.REIT","2026-09-20T13:30:43Z","sec-exchange"
"GRAB","Grab Holdings Ltd","NASDAQ",NA,"lab.Unmapped","2026-09-20T13:30:43Z","sec-exchange"
"FNF","Fidelity National Financial, Inc.","NYSE",NA,"lab.Unmapped","2026-09-20T13:30:43Z","sec-exchange"
"AHR","American Healthcare REIT, Inc.","NYSE",NA,"lab.Unmapped","2026-09-20T13:30:43Z","sec-exchange"
"SNN","SMITH & NEPHEW PLC","NYSE",NA,"lab.Unmapped","2026-09-20T13:30:43Z","sec-exchange"
"FROG","JFrog Ltd","NASDAQ",NA,"lab.Unmapped","2026-09-20T13:30:43Z","sec-exchange"
"BXP","BXP, Inc.","NYSE",NA,"re.REIT","2026-09-20T13:30:43Z","sec-exchange"
"WSE","Wise Group plc","NASDAQ",NA,"lab.Unmapped","2026-09-20T13:30:43Z","sec-exchange"
"PNW","PINNACLE WEST CAPITAL CORP","NYSE",NA,"en.Utilities","2026-09-20T13:30:43Z","sec-exchange"
"IAG","IAMGOLD CORP","NYSE",NA,"lab.Unmapped","2026-09-20T13:30:43Z","sec-exchange"
"MICC","Magnum Ice Cream Co N.V.","NYSE",NA,"lab.Unmapped","2026-09-20T13:30:43Z","sec-exchange"
"ELAN","Elanco Animal Health Inc","NYSE",NA,"lab.Unmapped","2026-09-20T13:30:43Z","sec-exchange"
"HRL","HORMEL FOODS CORP /DE/","NYSE",NA,"fmcg.Food_Beverages","2026-09-20T13:30:43Z","sec-exchange"
"BTSG","BrightSpring Health Services, Inc.","NASDAQ",NA,"lab.Unmapped","2026-09-20T13:30:43Z","sec-exchange"
"SAIL","SailPoint, Inc.","NASDAQ",NA,"lab.Unmapped","2026-09-20T13:30:43Z","sec-exchange"
"SF","STIFEL FINANCIAL CORP","NYSE",NA,"lab.Unmapped","2026-09-20T13:30:43Z","sec-exchange"
"SUZ","Suzano S.A.","NYSE",NA,"lab.Unmapped","2026-09-20T13:30:43Z","sec-exchange"
"GME","GameStop Corp.","NYSE",NA,"lab.Unmapped","2026-09-20T13:30:43Z","sec-exchange"
"FHN","FIRST HORIZON CORP","NYSE",NA,"lab.Unmapped","2026-09-20T13:30:43Z","sec-exchange"
"CR","Crane Co","NYSE",NA,"lab.Unmapped","2026-09-20T13:30:43Z","sec-exchange"
"TECH","BIO-TECHNE Corp","NASDAQ",NA,"hc.Medtech","2026-09-20T13:30:43Z","sec-exchange"
"NYT","NEW YORK TIMES CO","NYSE",NA,"lab.Unmapped","2026-09-20T13:30:43Z","sec-exchange"
"HUT","Hut 8 Corp.","NASDAQ",NA,"lab.Unmapped","2026-09-20T13:30:43Z","sec-exchange"
"MOG-A","MOOG INC.","NYSE",NA,"lab.Unmapped","2026-09-20T13:30:43Z","sec-exchange"
"DKNG","DraftKings Inc.","NASDAQ",NA,"lab.Unmapped","2026-09-20T13:30:43Z","sec-exchange"
"DKS","DICK'S SPORTING GOODS, INC.","NYSE",NA,"lab.Unmapped","2026-09-20T13:30:43Z","sec-exchange"
"EGO","ELDORADO GOLD CORP /FI","NYSE",NA,"lab.Unmapped","2026-09-20T13:30:43Z","sec-exchange"
"TXRH","Texas Roadhouse, Inc.","NASDAQ",NA,"lab.Unmapped","2026-09-20T13:30:43Z","sec-exchange"
"AXSM","Axsome Therapeutics, Inc.","NASDAQ",NA,"lab.Unmapped","2026-09-20T13:30:43Z","sec-exchange"
"JKHY","JACK HENRY & ASSOCIATES INC","NASDAQ",NA,"fn.Fintech","2026-09-20T13:30:43Z","sec-exchange"
"ARW","ARROW ELECTRONICS, INC.","NYSE",NA,"lab.Unmapped","2026-09-20T13:30:43Z","sec-exchange"
"RTO","RENTOKIL INITIAL PLC /FI","NYSE",NA,"lab.Unmapped","2026-09-20T13:30:43Z","sec-exchange"
"NVMI","NOVA LTD.","NASDAQ",NA,"lab.Unmapped","2026-09-20T13:30:43Z","sec-exchange"
"AR","ANTERO RESOURCES Corp","NYSE",NA,"lab.Unmapped","2026-09-20T13:30:43Z","sec-exchange"
"KRSA","Korsana Biosciences, Inc.","NASDAQ",NA,"lab.Unmapped","2026-09-20T13:30:43Z","sec-exchange"
"LULU","lululemon athletica inc.","NASDAQ",NA,"lxg.Luxury_Fashion","2026-09-20T13:30:43Z","sec-exchange"
"SCI","SERVICE CORP INTERNATIONAL","NYSE",NA,"lab.Unmapped","2026-09-20T13:30:43Z","sec-exchange"
"HII","HUNTINGTON INGALLS INDUSTRIES, INC.","NYSE",NA,"ind.Aerospace_Defense","2026-09-20T13:30:43Z","sec-exchange"
"DECK","DECKERS OUTDOOR CORP","NYSE",NA,"lxg.Luxury_Fashion","2026-09-20T13:30:43Z","sec-exchange"
"KNX","Knight-Swift Transportation Holdings Inc.","NYSE",NA,"lab.Unmapped","2026-09-20T13:30:43Z","sec-exchange"
"MOH","MOLINA HEALTHCARE, INC.","NYSE",NA,"lab.Unmapped","2026-09-20T13:30:43Z","sec-exchange"
"ALGN","ALIGN TECHNOLOGY INC","NASDAQ",NA,"hc.Medtech","2026-09-20T13:30:43Z","sec-exchange"
"EGP","EASTGROUP PROPERTIES INC","NYSE",NA,"lab.Unmapped","2026-09-20T13:30:43Z","sec-exchange"
"AVTR","Avantor, Inc.","NYSE",NA,"lab.Unmapped","2026-09-20T13:30:43Z","sec-exchange"
"GSAT","Globalstar, Inc.","NASDAQ",NA,"lab.Unmapped","2026-09-20T13:30:43Z","sec-exchange"
"UHS","UNIVERSAL HEALTH SERVICES INC","NYSE",NA,"hc.Healthcare_Services","2026-09-20T13:30:43Z","sec-exchange"
"AES","AES CORP","NYSE",NA,"en.Utilities","2026-09-20T13:30:43Z","sec-exchange"
"FRHC","Freedom Holding Corp.","NASDAQ",NA,"lab.Unmapped","2026-09-20T13:30:43Z","sec-exchange"
"SANM","SANMINA CORP","NASDAQ",NA,"lab.Unmapped","2026-09-20T13:30:43Z","sec-exchange"
"ENLT","Enlight Renewable Energy Ltd.","NASDAQ",NA,"lab.Unmapped","2026-09-20T13:30:43Z","sec-exchange"
"QRVO","Qorvo, Inc.","NASDAQ",NA,"lab.Unmapped","2026-09-20T13:30:43Z","sec-exchange"
"CART","Maplebear Inc.","NASDAQ",NA,"lab.Unmapped","2026-09-20T13:30:43Z","sec-exchange"
"TWST","Twist Bioscience Corp","NASDAQ",NA,"lab.Unmapped","2026-09-20T13:30:43Z","sec-exchange"
"DAR","DARLING INGREDIENTS INC.","NYSE",NA,"lab.Unmapped","2026-09-20T13:30:43Z","sec-exchange"
"PINS","PINTEREST, INC.","NYSE",NA,"lab.Unmapped","2026-09-20T13:30:43Z","sec-exchange"
"TFII","TFI International Inc.","NYSE",NA,"lab.Unmapped","2026-09-20T13:30:43Z","sec-exchange"
"XP","XP Inc.","NASDAQ",NA,"lab.Unmapped","2026-09-20T13:30:43Z","sec-exchange"
"BPOP","POPULAR, INC.","NASDAQ",NA,"lab.Unmapped","2026-09-20T13:30:43Z","sec-exchange"
"RYAN","RYAN SPECIALTY HOLDINGS, INC.","NYSE",NA,"lab.Unmapped","2026-09-20T13:30:43Z","sec-exchange"
"PAYC","Paycom Software, Inc.","NYSE",NA,"lab.Unmapped","2026-09-20T13:30:43Z","sec-exchange"
"COO","COOPER COMPANIES, INC.","NASDAQ",NA,"hc.Medtech","2026-09-20T13:30:43Z","sec-exchange"
"CLX","CLOROX CO /DE/","NYSE",NA,"fmcg.Household_Personal","2026-09-20T13:30:43Z","sec-exchange"
"BNT","Brookfield Wealth Solutions Ltd.","NYSE",NA,"lab.Unmapped","2026-09-20T13:30:43Z","sec-exchange"
"UMBF","UMB FINANCIAL CORP","NASDAQ",NA,"lab.Unmapped","2026-09-20T13:30:43Z","sec-exchange"
"LFUS","LITTELFUSE INC /DE","NASDAQ",NA,"lab.Unmapped","2026-09-20T13:30:43Z","sec-exchange"
"BIO","BIO-RAD LABORATORIES, INC.","NYSE",NA,"lab.Unmapped","2026-09-20T13:30:43Z","sec-exchange"
"AEIS","ADVANCED ENERGY INDUSTRIES INC","NASDAQ",NA,"lab.Unmapped","2026-09-20T13:30:43Z","sec-exchange"
"CGNX","COGNEX CORP","NASDAQ",NA,"lab.Unmapped","2026-09-20T13:30:43Z","sec-exchange"
"XPEV","XPENG INC.","NYSE",NA,"lab.Unmapped","2026-09-20T13:30:43Z","sec-exchange"
"MTCH","Match Group, Inc.","NASDAQ",NA,"lab.Unmapped","2026-09-20T13:30:43Z","sec-exchange"
"ENSG","ENSIGN GROUP, INC","NASDAQ",NA,"lab.Unmapped","2026-09-20T13:30:43Z","sec-exchange"
"RDY","DR REDDYS LABORATORIES LTD","NYSE",NA,"lab.Unmapped","2026-09-20T13:30:43Z","sec-exchange"
"EVR","Evercore Inc.","NYSE",NA,"lab.Unmapped","2026-09-20T13:30:43Z","sec-exchange"
"AM","Antero Midstream Corp","NYSE",NA,"lab.Unmapped","2026-09-20T13:30:43Z","sec-exchange"
"TXG","10x Genomics, Inc.","NASDAQ",NA,"lab.Unmapped","2026-09-20T13:30:43Z","sec-exchange"
"OSCR","Oscar Health, Inc.","NYSE",NA,"lab.Unmapped","2026-09-20T13:30:43Z","sec-exchange"
"DDS","DILLARD'S, INC.","NYSE",NA,"lab.Unmapped","2026-09-20T13:30:43Z","sec-exchange"
"SSB","SouthState Bank Corp","NYSE",NA,"lab.Unmapped","2026-09-20T13:30:43Z","sec-exchange"
"GMED","GLOBUS MEDICAL INC","NYSE",NA,"lab.Unmapped","2026-09-20T13:30:43Z","sec-exchange"
"VICR","VICOR CORP","NASDAQ",NA,"lab.Unmapped","2026-09-20T13:30:43Z","sec-exchange"
"VSAT","VIASAT INC","NASDAQ",NA,"lab.Unmapped","2026-09-20T13:30:43Z","sec-exchange"
"RGEN","REPLIGEN CORP","NASDAQ",NA,"lab.Unmapped","2026-09-20T13:30:43Z","sec-exchange"
"GGB","GERDAU S.A.","NYSE",NA,"lab.Unmapped","2026-09-20T13:30:43Z","sec-exchange"
"WTFC","WINTRUST FINANCIAL CORP","NASDAQ",NA,"lab.Unmapped","2026-09-20T13:30:43Z","sec-exchange"
"KRYS","Krystal Biotech, Inc.","NASDAQ",NA,"lab.Unmapped","2026-09-20T13:30:43Z","sec-exchange"
"FDS","FACTSET RESEARCH SYSTEMS INC","NYSE",NA,"fn.Asset_Management","2026-09-20T13:30:43Z","sec-exchange"
"CFR","CULLEN/FROST BANKERS, INC.","NYSE",NA,"lab.Unmapped","2026-09-20T13:30:43Z","sec-exchange"
"MOD","MODINE MANUFACTURING CO","NYSE",NA,"lab.Unmapped","2026-09-20T13:30:43Z","sec-exchange"
"DPZ","DOMINOS PIZZA INC","NASDAQ",NA,"cons.Restaurants","2026-09-20T13:30:43Z","sec-exchange"
"RRX","REGAL REXNORD CORP","NYSE",NA,"lab.Unmapped","2026-09-20T13:30:43Z","sec-exchange"
"MGM","MGM Resorts International","NYSE",NA,"media.Gaming","2026-09-20T13:30:43Z","sec-exchange"
"DRS","Leonardo DRS, Inc.","NASDAQ",NA,"lab.Unmapped","2026-09-20T13:30:43Z","sec-exchange"
"OC","Owens Corning","NYSE",NA,"lab.Unmapped","2026-09-20T13:30:43Z","sec-exchange"
"FRT","FEDERAL REALTY INVESTMENT TRUST","NYSE",NA,"re.REIT","2026-09-20T13:30:43Z","sec-exchange"
"ALSN","Allison Transmission Holdings Inc","NYSE",NA,"lab.Unmapped","2026-09-20T13:30:43Z","sec-exchange"
"PODD","INSULET CORP","NASDAQ",NA,"hc.Medtech","2026-09-20T13:30:43Z","sec-exchange"
"ORI","OLD REPUBLIC INTERNATIONAL CORP","NYSE",NA,"lab.Unmapped","2026-09-20T13:30:43Z","sec-exchange"
"KYMR","Kymera Therapeutics, Inc.","NASDAQ",NA,"lab.Unmapped","2026-09-20T13:30:43Z","sec-exchange"
"JEF","Jefferies Financial Group Inc.","NYSE",NA,"lab.Unmapped","2026-09-20T13:30:43Z","sec-exchange"
"ONB","OLD NATIONAL BANCORP /IN/","NASDAQ",NA,"lab.Unmapped","2026-09-20T13:30:43Z","sec-exchange"
"CYTK","CYTOKINETICS INC","NASDAQ",NA,"lab.Unmapped","2026-09-20T13:30:43Z","sec-exchange"
"ARE","ALEXANDRIA REAL ESTATE EQUITIES, INC.","NYSE",NA,"re.REIT","2026-09-20T13:30:43Z","sec-exchange"
"ZION","ZIONS BANCORPORATION, NATIONAL ASSOCIATION /UT/","NASDAQ",NA,"lab.Unmapped","2026-09-20T13:30:43Z","sec-exchange"
"BRKR","BRUKER CORP","NASDAQ",NA,"lab.Unmapped","2026-09-20T13:30:43Z","sec-exchange"
"MUSA","Murphy USA Inc.","NYSE",NA,"lab.Unmapped","2026-09-20T13:30:43Z","sec-exchange"
"PSO","PEARSON PLC","NYSE",NA,"lab.Unmapped","2026-09-20T13:30:43Z","sec-exchange"
"AG","FIRST MAJESTIC SILVER CORP","NYSE",NA,"lab.Unmapped","2026-09-20T13:30:43Z","sec-exchange"
"ARWR","ARROWHEAD PHARMACEUTICALS, INC.","NASDAQ",NA,"lab.Unmapped","2026-09-20T13:30:43Z","sec-exchange"
"SNAP","Snap Inc","NYSE",NA,"lab.Unmapped","2026-09-20T13:30:43Z","sec-exchange"
"GKOS","GLAUKOS Corp","NYSE",NA,"lab.Unmapped","2026-09-20T13:30:43Z","sec-exchange"
"LINE","Lineage, Inc.","NASDAQ",NA,"lab.Unmapped","2026-09-20T13:30:43Z","sec-exchange"
"OGE","OGE ENERGY CORP.","NYSE",NA,"lab.Unmapped","2026-09-20T13:30:43Z","sec-exchange"
"FCFS","FirstCash Holdings, Inc.","NASDAQ",NA,"lab.Unmapped","2026-09-20T13:30:43Z","sec-exchange"
"MSGS","Madison Square Garden Sports Corp.","NYSE",NA,"lab.Unmapped","2026-09-20T13:30:43Z","sec-exchange"
"WMS","ADVANCED DRAINAGE SYSTEMS, INC.","NYSE",NA,"lab.Unmapped","2026-09-20T13:30:43Z","sec-exchange"
"HSIC","HENRY SCHEIN INC","NASDAQ",NA,"hc.Healthcare_Services","2026-09-20T13:30:43Z","sec-exchange"
"JAN","Janus Living, Inc.","NYSE",NA,"lab.Unmapped","2026-09-20T13:30:43Z","sec-exchange"
"BAH","Booz Allen Hamilton Holding Corp","NYSE",NA,"lab.Unmapped","2026-09-20T13:30:43Z","sec-exchange"
"BSY","BENTLEY SYSTEMS INC","NASDAQ",NA,"lab.Unmapped","2026-09-20T13:30:43Z","sec-exchange"
"SIRI","SIRIUS XM HOLDINGS INC.","NASDAQ",NA,"lab.Unmapped","2026-09-20T13:30:43Z","sec-exchange"
"HLI","HOULIHAN LOKEY, INC.","NYSE",NA,"lab.Unmapped","2026-09-20T13:30:43Z","sec-exchange"
"FLS","FLOWSERVE CORP","NYSE",NA,"lab.Unmapped","2026-09-20T13:30:43Z","sec-exchange"
"KT","KT CORP","NYSE",NA,"lab.Unmapped","2026-09-20T13:30:43Z","sec-exchange"
"SOLS","Solstice Advanced Materials Inc.","NASDAQ",NA,"lab.Unmapped","2026-09-20T13:30:43Z","sec-exchange"
"ELPC","ENERGY CO OF PARANA","NYSE",NA,"lab.Unmapped","2026-09-20T13:30:43Z","sec-exchange"
"ESTC","Elastic N.V.","NYSE",NA,"lab.Unmapped","2026-09-20T13:30:43Z","sec-exchange"
"ABVX","Abivax S.A.","NASDAQ",NA,"lab.Unmapped","2026-09-20T13:30:43Z","sec-exchange"
"PTGX","Protagonist Therapeutics, Inc","NASDAQ",NA,"lab.Unmapped","2026-09-20T13:30:43Z","sec-exchange"
"TTEK","TETRA TECH INC","NASDAQ",NA,"lab.Unmapped","2026-09-20T13:30:43Z","sec-exchange"
"IBRX","ImmunityBio, Inc.","NASDAQ",NA,"lab.Unmapped","2026-09-20T13:30:43Z","sec-exchange"
"RMBS","RAMBUS INC","NASDAQ",NA,"lab.Unmapped","2026-09-20T13:30:43Z","sec-exchange"
"LTH","Life Time Group Holdings, Inc.","NYSE",NA,"lab.Unmapped","2026-09-20T13:30:43Z","sec-exchange"
"SAIA","SAIA INC","NASDAQ",NA,"lab.Unmapped","2026-09-20T13:30:43Z","sec-exchange"
"AMG","AFFILIATED MANAGERS GROUP, INC.","NYSE",NA,"lab.Unmapped","2026-09-20T13:30:43Z","sec-exchange"
"QGEN","QIAGEN N.V.","NYSE",NA,"lab.Unmapped","2026-09-20T13:30:43Z","sec-exchange"
"R","RYDER SYSTEM INC","NYSE",NA,"lab.Unmapped","2026-09-20T13:30:43Z","sec-exchange"
"RRC","RANGE RESOURCES CORP","NYSE",NA,"lab.Unmapped","2026-09-20T13:30:43Z","sec-exchange"
"VMI","VALMONT INDUSTRIES INC","NYSE",NA,"lab.Unmapped","2026-09-20T13:30:43Z","sec-exchange"
"KNTK","Kinetik Holdings Inc.","NYSE",NA,"lab.Unmapped","2026-09-20T13:30:43Z","sec-exchange"
"APTV","Aptiv PLC","NYSE",NA,"auto.Parts_Suppliers","2026-09-20T13:30:43Z","sec-exchange"
"PBF","PBF Energy Inc.","NYSE",NA,"lab.Unmapped","2026-09-20T13:30:43Z","sec-exchange"
"ONON","On Holding AG","NYSE",NA,"lab.Unmapped","2026-09-20T13:30:43Z","sec-exchange"
"CUBE","CubeSmart","NYSE",NA,"lab.Unmapped","2026-09-20T13:30:43Z","sec-exchange"
"NIO","NIO Inc.","NYSE",NA,"lab.Unmapped","2026-09-20T13:30:43Z","sec-exchange"
"VOYA","Voya Financial, Inc.","NYSE",NA,"lab.Unmapped","2026-09-20T13:30:43Z","sec-exchange"
"CTRE","CareTrust REIT, Inc.","NYSE",NA,"lab.Unmapped","2026-09-20T13:30:43Z","sec-exchange"
"WLK","WESTLAKE CORP","NYSE",NA,"lab.Unmapped","2026-09-20T13:30:43Z","sec-exchange"
"SPXC","SPX Technologies, Inc.","NYSE",NA,"lab.Unmapped","2026-09-20T13:30:43Z","sec-exchange"
"TIMB","TIM S.A.","NYSE",NA,"lab.Unmapped","2026-09-20T13:30:43Z","sec-exchange"
"SSL","SASOL LTD","NYSE",NA,"lab.Unmapped","2026-09-20T13:30:43Z","sec-exchange"
"PRI","Primerica, Inc.","NYSE",NA,"lab.Unmapped","2026-09-20T13:30:43Z","sec-exchange"
"PCVX","Vaxcyte, Inc.","NASDAQ",NA,"lab.Unmapped","2026-09-20T13:30:43Z","sec-exchange"
"LGN","Legence Corp.","NASDAQ",NA,"lab.Unmapped","2026-09-20T13:30:43Z","sec-exchange"
"AYI","ACUITY INC. (DE)","NYSE",NA,"lab.Unmapped","2026-09-20T13:30:43Z","sec-exchange"
"OSK","OSHKOSH CORP","NYSE",NA,"lab.Unmapped","2026-09-20T13:30:43Z","sec-exchange"
"KTOS","KRATOS DEFENSE & SECURITY SOLUTIONS, INC.","NASDAQ",NA,"lab.Unmapped","2026-09-20T13:30:43Z","sec-exchange"
"PNR","PENTAIR plc","NYSE",NA,"ind.Machinery","2026-09-20T13:30:43Z","sec-exchange"
"MP","MP Materials Corp. / DE","NYSE",NA,"lab.Unmapped","2026-09-20T13:30:43Z","sec-exchange"
"SM","SM Energy Co","NYSE",NA,"lab.Unmapped","2026-09-20T13:30:43Z","sec-exchange"
"BVN","BUENAVENTURA MINING CO INC","NYSE",NA,"lab.Unmapped","2026-09-20T13:30:43Z","sec-exchange"
"JXN","Jackson Financial Inc.","NYSE",NA,"lab.Unmapped","2026-09-20T13:30:43Z","sec-exchange"
"CAI","Caris Life Sciences, Inc.","NASDAQ",NA,"lab.Unmapped","2026-09-20T13:30:43Z","sec-exchange"
"REXR","Rexford Industrial Realty, Inc.","NYSE",NA,"lab.Unmapped","2026-09-20T13:30:43Z","sec-exchange"
"TTC","TORO CO","NYSE",NA,"lab.Unmapped","2026-09-20T13:30:43Z","sec-exchange"
"FORM","FORMFACTOR INC","NASDAQ",NA,"lab.Unmapped","2026-09-20T13:30:43Z","sec-exchange"
"SBSW","Sibanye Stillwater Ltd","NYSE",NA,"lab.Unmapped","2026-09-20T13:30:43Z","sec-exchange"
"TGTX","TG THERAPEUTICS, INC.","NASDAQ",NA,"lab.Unmapped","2026-09-20T13:30:43Z","sec-exchange"
"LLYVA","Liberty Live Holdings, Inc.","NASDAQ",NA,"lab.Unmapped","2026-09-20T13:30:43Z","sec-exchange"
"MHK","MOHAWK INDUSTRIES INC","NYSE",NA,"lab.Unmapped","2026-09-20T13:30:43Z","sec-exchange"
"WAL","WESTERN ALLIANCE BANCORPORATION","NYSE",NA,"lab.Unmapped","2026-09-20T13:30:43Z","sec-exchange"
"WYNN","WYNN RESORTS LTD","NASDAQ",NA,"media.Gaming","2026-09-20T13:30:43Z","sec-exchange"
"GIL","Gildan Activewear Inc.","NYSE",NA,"lab.Unmapped","2026-09-20T13:30:43Z","sec-exchange"
"BRX","Brixmor Property Group Inc.","NYSE",NA,"lab.Unmapped","2026-09-20T13:30:43Z","sec-exchange"
"DY","DYCOM INDUSTRIES INC","NYSE",NA,"lab.Unmapped","2026-09-20T13:30:43Z","sec-exchange"
"PRAX","Praxis Precision Medicines, Inc.","NASDAQ",NA,"lab.Unmapped","2026-09-20T13:30:43Z","sec-exchange"
"AAL","American Airlines Group Inc.","NASDAQ",NA,"lab.Unmapped","2026-09-20T13:30:43Z","sec-exchange"
"ALV","AUTOLIV INC","NYSE",NA,"lab.Unmapped","2026-09-20T13:30:43Z","sec-exchange"
"VIAV","VIAVI SOLUTIONS INC.","NASDAQ",NA,"lab.Unmapped","2026-09-20T13:30:43Z","sec-exchange"
"SIMO","Silicon Motion Technology CORP","NASDAQ",NA,"lab.Unmapped","2026-09-20T13:30:43Z","sec-exchange"
"FR","FIRST INDUSTRIAL REALTY TRUST INC","NYSE",NA,"lab.Unmapped","2026-09-20T13:30:43Z","sec-exchange"
"ADC","AGREE REALTY CORP","NYSE",NA,"lab.Unmapped","2026-09-20T13:30:43Z","sec-exchange"
"AGCO","AGCO CORP /DE","NYSE",NA,"lab.Unmapped","2026-09-20T13:30:43Z","sec-exchange"
"PB","PROSPERITY BANCSHARES INC","NYSE",NA,"lab.Unmapped","2026-09-20T13:30:43Z","sec-exchange"
"COLB","COLUMBIA BANKING SYSTEM, INC.","NASDAQ",NA,"lab.Unmapped","2026-09-20T13:30:43Z","sec-exchange"
"YMM","Full Truck Alliance Co. Ltd.","NYSE",NA,"lab.Unmapped","2026-09-20T13:30:43Z","sec-exchange"
"CHWY","Chewy, Inc.","NYSE",NA,"lab.Unmapped","2026-09-20T13:30:43Z","sec-exchange"
"EAT","BRINKER INTERNATIONAL, INC","NYSE",NA,"lab.Unmapped","2026-09-20T13:30:43Z","sec-exchange"
"RHP","Ryman Hospitality Properties, Inc.","NYSE",NA,"lab.Unmapped","2026-09-20T13:30:43Z","sec-exchange"
"IDCC","InterDigital, Inc.","NASDAQ",NA,"lab.Unmapped","2026-09-20T13:30:43Z","sec-exchange"
"AAOI","APPLIED OPTOELECTRONICS, INC.","NASDAQ",NA,"lab.Unmapped","2026-09-20T13:30:43Z","sec-exchange"
"AVAV","AeroVironment Inc","NASDAQ",NA,"lab.Unmapped","2026-09-20T13:30:43Z","sec-exchange"
"HESM","Hess Midstream LP","NYSE",NA,"lab.Unmapped","2026-09-20T13:30:43Z","sec-exchange"
"GTLB","Gitlab Inc.","NASDAQ",NA,"lab.Unmapped","2026-09-20T13:30:43Z","sec-exchange"
"KMX","CARMAX INC","NYSE",NA,"lab.Unmapped","2026-09-20T13:30:43Z","sec-exchange"
"CBSH","COMMERCE BANCSHARES INC /MO/","NASDAQ",NA,"lab.Unmapped","2026-09-20T13:30:43Z","sec-exchange"
"UGI","UGI CORP /PA/","NYSE",NA,"lab.Unmapped","2026-09-20T13:30:43Z","sec-exchange"
"WULF","TERAWULF INC.","NASDAQ",NA,"lab.Unmapped","2026-09-20T13:30:43Z","sec-exchange"
"DBX","DROPBOX, INC.","NASDAQ",NA,"lab.Unmapped","2026-09-20T13:30:43Z","sec-exchange"
"LEA","LEAR CORP","NYSE",NA,"lab.Unmapped","2026-09-20T13:30:43Z","sec-exchange"
"NEU","NEWMARKET CORP","NYSE",NA,"lab.Unmapped","2026-09-20T13:30:43Z","sec-exchange"
"KNSL","Kinsale Capital Group, Inc.","NYSE",NA,"lab.Unmapped","2026-09-20T13:30:43Z","sec-exchange"
"ACM","AECOM","NYSE",NA,"lab.Unmapped","2026-09-20T13:30:43Z","sec-exchange"
"LNC","LINCOLN NATIONAL CORP","NYSE",NA,"lab.Unmapped","2026-09-20T13:30:43Z","sec-exchange"
"SYRE","Spyre Therapeutics, Inc.","NASDAQ",NA,"lab.Unmapped","2026-09-20T13:30:43Z","sec-exchange"
"RIOT","Riot Platforms, Inc.","NASDAQ",NA,"lab.Unmapped","2026-09-20T13:30:43Z","sec-exchange"
"VIST","Vista Energy, S.A.B. de C.V.","NYSE",NA,"lab.Unmapped","2026-09-20T13:30:43Z","sec-exchange"
"S","SentinelOne, Inc.","NYSE",NA,"lab.Unmapped","2026-09-20T13:30:43Z","sec-exchange"
"MOS","MOSAIC CO","NYSE",NA,"mat.Chemicals","2026-09-20T13:30:43Z","sec-exchange"
"TKR","TIMKEN CO","NYSE",NA,"lab.Unmapped","2026-09-20T13:30:43Z","sec-exchange"
"BOKF","BOK FINANCIAL CORP","NASDAQ",NA,"lab.Unmapped","2026-09-20T13:30:43Z","sec-exchange"
"ESI","Element Solutions Inc","NYSE",NA,"lab.Unmapped","2026-09-20T13:30:43Z","sec-exchange"
"CHRD","Chord Energy Corp","NASDAQ",NA,"lab.Unmapped","2026-09-20T13:30:43Z","sec-exchange"
"UGP","ULTRAPAR HOLDINGS INC","NYSE",NA,"lab.Unmapped","2026-09-20T13:30:43Z","sec-exchange"
"SNEX","StoneX Group Inc.","NASDAQ",NA,"lab.Unmapped","2026-09-20T13:30:43Z","sec-exchange"
"THG","HANOVER INSURANCE GROUP, INC.","NYSE",NA,"lab.Unmapped","2026-09-20T13:30:43Z","sec-exchange"
"PCTY","Paylocity Holding Corp","NASDAQ",NA,"lab.Unmapped","2026-09-20T13:30:43Z","sec-exchange"
"ATR","APTARGROUP, INC.","NYSE",NA,"lab.Unmapped","2026-09-20T13:30:43Z","sec-exchange"
"COMP","Compass, Inc.","NYSE",NA,"lab.Unmapped","2026-09-20T13:30:43Z","sec-exchange"
"NNN","NNN REIT, INC.","NYSE",NA,"lab.Unmapped","2026-09-20T13:30:43Z","sec-exchange"
"STN","STANTEC INC","NYSE",NA,"lab.Unmapped","2026-09-20T13:30:43Z","sec-exchange"
"PCOR","PROCORE TECHNOLOGIES, INC.","NYSE",NA,"lab.Unmapped","2026-09-20T13:30:43Z","sec-exchange"
"CNM","Core & Main, Inc.","NYSE",NA,"lab.Unmapped","2026-09-20T13:30:43Z","sec-exchange"
"SFD","SMITHFIELD FOODS INC","NASDAQ",NA,"lab.Unmapped","2026-09-20T13:30:43Z","sec-exchange"
"HQY","HEALTHEQUITY, INC.","NASDAQ",NA,"lab.Unmapped","2026-09-20T13:30:43Z","sec-exchange"
"ALKS","Alkermes plc.","NASDAQ",NA,"lab.Unmapped","2026-09-20T13:30:43Z","sec-exchange"
"APPF","APPFOLIO INC","NASDAQ",NA,"lab.Unmapped","2026-09-20T13:30:43Z","sec-exchange"
"CAE","CAE INC","NASDAQ",NA,"lab.Unmapped","2026-09-20T13:30:43Z","sec-exchange"
"AOS","SMITH A O CORP","NYSE",NA,"ind.Construction","2026-09-20T13:30:43Z","sec-exchange"
"IONS","IONIS PHARMACEUTICALS INC","NASDAQ",NA,"lab.Unmapped","2026-09-20T13:30:43Z","sec-exchange"
"CEF","Sprott Physical Gold & Silver Trust","NYSE",NA,"lab.Unmapped","2026-09-20T13:30:43Z","sec-exchange"
"AVT","AVNET INC","NASDAQ",NA,"lab.Unmapped","2026-09-20T13:30:43Z","sec-exchange"
"PRMB","Primo Brands Corp","NYSE",NA,"lab.Unmapped","2026-09-20T13:30:43Z","sec-exchange"
"IDA","IDACORP INC","NYSE",NA,"lab.Unmapped","2026-09-20T13:30:43Z","sec-exchange"
"LEVI","LEVI STRAUSS & CO","NYSE",NA,"lab.Unmapped","2026-09-20T13:30:43Z","sec-exchange"
"MORN","Morningstar, Inc.","NASDAQ",NA,"lab.Unmapped","2026-09-20T13:30:43Z","sec-exchange"
"HNGE","Hinge Health, Inc.","NYSE",NA,"lab.Unmapped","2026-09-20T13:30:43Z","sec-exchange"
"NFG","NATIONAL FUEL GAS CO","NYSE",NA,"lab.Unmapped","2026-09-20T13:30:43Z","sec-exchange"
"FIGR","Figure Technology Solutions, Inc.","NASDAQ",NA,"lab.Unmapped","2026-09-20T13:30:43Z","sec-exchange"
"EMN","EASTMAN CHEMICAL CO","NYSE",NA,"lab.Unmapped","2026-09-20T13:30:43Z","sec-exchange"
"IMVT","Immunovant, Inc.","NASDAQ",NA,"lab.Unmapped","2026-09-20T13:30:43Z","sec-exchange"
"CWEN","Clearway Energy, Inc.","NYSE",NA,"lab.Unmapped","2026-09-20T13:30:43Z","sec-exchange"
"VLY","VALLEY NATIONAL BANCORP","NASDAQ",NA,"lab.Unmapped","2026-09-20T13:30:43Z","sec-exchange"
"ZWS","Zurn Elkay Water Solutions Corp","NYSE",NA,"lab.Unmapped","2026-09-20T13:30:43Z","sec-exchange"
"ZETA","Zeta Global Holdings Corp.","NYSE",NA,"lab.Unmapped","2026-09-20T13:30:43Z","sec-exchange"
"VFS","VinFast Auto Ltd.","NASDAQ",NA,"lab.Unmapped","2026-09-20T13:30:43Z","sec-exchange"
"CBC","Central Bancompany, Inc.","NASDAQ",NA,"lab.Unmapped","2026-09-20T13:30:43Z","sec-exchange"
"APLD","Applied Digital Corp.","NASDAQ",NA,"lab.Unmapped","2026-09-20T13:30:43Z","sec-exchange"
"SOBO","South Bow Corp","NYSE",NA,"lab.Unmapped","2026-09-20T13:30:43Z","sec-exchange"
"OKLO","Oklo Inc.","NYSE",NA,"lab.Unmapped","2026-09-20T13:30:43Z","sec-exchange"
"SARO","StandardAero, Inc.","NYSE",NA,"lab.Unmapped","2026-09-20T13:30:43Z","sec-exchange"
"FAF","First American Financial Corp","NYSE",NA,"lab.Unmapped","2026-09-20T13:30:43Z","sec-exchange"
"CLF","CLEVELAND-CLIFFS INC.","NYSE",NA,"lab.Unmapped","2026-09-20T13:30:43Z","sec-exchange"
"FLR","FLUOR CORP","NYSE",NA,"lab.Unmapped","2026-09-20T13:30:43Z","sec-exchange"
"RAL","Ralliant Corp","NYSE",NA,"lab.Unmapped","2026-09-20T13:30:43Z","sec-exchange"
"SSRM","SSR MINING INC.","NASDAQ",NA,"lab.Unmapped","2026-09-20T13:30:43Z","sec-exchange"
"NOV","NOV Inc.","NYSE",NA,"lab.Unmapped","2026-09-20T13:30:43Z","sec-exchange"
"AUGO","Aura Minerals Inc.","NASDAQ",NA,"lab.Unmapped","2026-09-20T13:30:43Z","sec-exchange"
"STAG","STAG Industrial, Inc.","NYSE",NA,"lab.Unmapped","2026-09-20T13:30:43Z","sec-exchange"
"KEX","KIRBY CORP","NYSE",NA,"lab.Unmapped","2026-09-20T13:30:43Z","sec-exchange"
"SLAB","SILICON LABORATORIES INC.","NASDAQ",NA,"lab.Unmapped","2026-09-20T13:30:43Z","sec-exchange"
"AXS","AXIS CAPITAL HOLDINGS LTD","NYSE",NA,"lab.Unmapped","2026-09-20T13:30:43Z","sec-exchange"
"GAP","GAP INC","NYSE",NA,"lab.Unmapped","2026-09-20T13:30:43Z","sec-exchange"
"TAP","MOLSON COORS BEVERAGE CO","NYSE",NA,"fmcg.Food_Beverages","2026-09-20T13:30:43Z","sec-exchange"
"CAG","CONAGRA BRANDS INC.","NYSE",NA,"lab.Unmapped","2026-09-20T13:30:43Z","sec-exchange"
"PATH","UiPath, Inc.","NYSE",NA,"lab.Unmapped","2026-09-20T13:30:43Z","sec-exchange"
"MAAS","Maase Inc.","NASDAQ",NA,"lab.Unmapped","2026-09-20T13:30:43Z","sec-exchange"
"GGAL","GRUPO FINANCIERO GALICIA SA","NASDAQ",NA,"lab.Unmapped","2026-09-20T13:30:43Z","sec-exchange"
"TRNO","Terreno Realty Corp","NYSE",NA,"lab.Unmapped","2026-09-20T13:30:43Z","sec-exchange"
"NTSK","Netskope Inc","NASDAQ",NA,"lab.Unmapped","2026-09-20T13:30:43Z","sec-exchange"
"CELH","Celsius Holdings, Inc.","NASDAQ",NA,"lab.Unmapped","2026-09-20T13:30:43Z","sec-exchange"
"ACA","Arcosa, Inc.","NYSE",NA,"lab.Unmapped","2026-09-20T13:30:43Z","sec-exchange"
"MTDR","Matador Resources Co","NYSE",NA,"lab.Unmapped","2026-09-20T13:30:43Z","sec-exchange"
"BROS","Dutch Bros Inc.","NYSE",NA,"lab.Unmapped","2026-09-20T13:30:43Z","sec-exchange"
"CIFR","Cipher Digital Inc.","NASDAQ",NA,"lab.Unmapped","2026-09-20T13:30:43Z","sec-exchange"
"NE","Noble Corp plc","NYSE",NA,"lab.Unmapped","2026-09-20T13:30:43Z","sec-exchange"
"LAD","LITHIA MOTORS INC","NYSE",NA,"lab.Unmapped","2026-09-20T13:30:43Z","sec-exchange"
"MGY","Magnolia Oil & Gas Corp","NYSE",NA,"lab.Unmapped","2026-09-20T13:30:43Z","sec-exchange"
"BTG","B2GOLD CORP","NYSE",NA,"lab.Unmapped","2026-09-20T13:30:43Z","sec-exchange"
"PPC","PILGRIMS PRIDE CORP","NASDAQ",NA,"lab.Unmapped","2026-09-20T13:30:43Z","sec-exchange"
"MATX","Matson, Inc.","NYSE",NA,"lab.Unmapped","2026-09-20T13:30:43Z","sec-exchange"
"OMF","OneMain Holdings, Inc.","NYSE",NA,"lab.Unmapped","2026-09-20T13:30:43Z","sec-exchange"
"SSD","Simpson Manufacturing Co., Inc.","NYSE",NA,"lab.Unmapped","2026-09-20T13:30:43Z","sec-exchange"
"AXTA","Axalta Coating Systems Ltd.","NYSE",NA,"lab.Unmapped","2026-09-20T13:30:43Z","sec-exchange"
"MBLY","Mobileye Global Inc.","NASDAQ",NA,"lab.Unmapped","2026-09-20T13:30:43Z","sec-exchange"
"ZG","ZILLOW GROUP, INC.","NASDAQ",NA,"lab.Unmapped","2026-09-20T13:30:43Z","sec-exchange"
"MSA","MSA Safety Inc","NYSE",NA,"lab.Unmapped","2026-09-20T13:30:43Z","sec-exchange"
"FSS","FEDERAL SIGNAL CORP /DE/","NYSE",NA,"lab.Unmapped","2026-09-20T13:30:43Z","sec-exchange"
"OR","OR Royalties Inc.","NYSE",NA,"lab.Unmapped","2026-09-20T13:30:43Z","sec-exchange"
"PDI","PIMCO Dynamic Income Fund","NYSE",NA,"lab.Unmapped","2026-09-20T13:30:43Z","sec-exchange"
"VNO","VORNADO REALTY TRUST","NYSE",NA,"lab.Unmapped","2026-09-20T13:30:43Z","sec-exchange"
"SEI","Solaris Energy Infrastructure, Inc.","NYSE",NA,"lab.Unmapped","2026-09-20T13:30:43Z","sec-exchange"
"MXL","MAXLINEAR, INC","NASDAQ",NA,"lab.Unmapped","2026-09-20T13:30:43Z","sec-exchange"
"LUMN","Lumen Technologies, Inc.","NYSE",NA,"lab.Unmapped","2026-09-20T13:30:43Z","sec-exchange"
"RYTM","RHYTHM PHARMACEUTICALS, INC.","NASDAQ",NA,"lab.Unmapped","2026-09-20T13:30:43Z","sec-exchange"
"BLTE","BELITE BIO, INC","NASDAQ",NA,"lab.Unmapped","2026-09-20T13:30:43Z","sec-exchange"
"DSGX","DESCARTES SYSTEMS GROUP INC","NASDAQ",NA,"lab.Unmapped","2026-09-20T13:30:43Z","sec-exchange"
"PACS","PACS Group, Inc.","NYSE",NA,"lab.Unmapped","2026-09-20T13:30:43Z","sec-exchange"
"DUOL","Duolingo, Inc.","NASDAQ",NA,"lab.Unmapped","2026-09-20T13:30:43Z","sec-exchange"
"QBTS","D-Wave Quantum Inc.","NASDAQ",NA,"lab.Unmapped","2026-09-20T13:30:43Z","sec-exchange"
"ESE","ESCO TECHNOLOGIES INC","NYSE",NA,"lab.Unmapped","2026-09-20T13:30:43Z","sec-exchange"
"TFPM","Triple Flag Precious Metals Corp.","NYSE",NA,"lab.Unmapped","2026-09-20T13:30:43Z","sec-exchange"
"AWI","ARMSTRONG WORLD INDUSTRIES INC","NYSE",NA,"lab.Unmapped","2026-09-20T13:30:43Z","sec-exchange"
"CAMT","CAMTEK LTD","NASDAQ",NA,"lab.Unmapped","2026-09-20T13:30:43Z","sec-exchange"
"TTD","Trade Desk, Inc.","NASDAQ",NA,"media.Advertising","2026-09-20T13:30:43Z","sec-exchange"
"CGON","CG Oncology, Inc.","NASDAQ",NA,"lab.Unmapped","2026-09-20T13:30:43Z","sec-exchange"
"ACT","Enact Holdings, Inc.","NASDAQ",NA,"lab.Unmapped","2026-09-20T13:30:43Z","sec-exchange"
"WEX","WEX Inc.","NYSE",NA,"lab.Unmapped","2026-09-20T13:30:43Z","sec-exchange"
"ETSY","ETSY INC","NYSE",NA,"lab.Unmapped","2026-09-20T13:30:43Z","sec-exchange"
"MAC","MACERICH CO","NYSE",NA,"lab.Unmapped","2026-09-20T13:30:43Z","sec-exchange"
"LB","LandBridge Co LLC","NYSE",NA,"lab.Unmapped","2026-09-20T13:30:43Z","sec-exchange"
"HXL","HEXCEL CORP /DE/","NYSE",NA,"lab.Unmapped","2026-09-20T13:30:43Z","sec-exchange"
"NCLH","Norwegian Cruise Line Holdings Ltd.","NYSE",NA,"hosp.Hotels_Travel","2026-09-20T13:30:43Z","sec-exchange"
"TEX","TEREX CORP","NYSE",NA,"lab.Unmapped","2026-09-20T13:30:43Z","sec-exchange"
"CHE","CHEMED CORP","NYSE",NA,"lab.Unmapped","2026-09-20T13:30:43Z","sec-exchange"
"LNTH","Lantheus Holdings, Inc.","NASDAQ",NA,"lab.Unmapped","2026-09-20T13:30:43Z","sec-exchange"
"SFM","Sprouts Farmers Market, Inc.","NASDAQ",NA,"lab.Unmapped","2026-09-20T13:30:43Z","sec-exchange"
"SGHC","Super Group (SGHC) Ltd","NYSE",NA,"lab.Unmapped","2026-09-20T13:30:43Z","sec-exchange"
"PLXS","PLEXUS CORP","NASDAQ",NA,"lab.Unmapped","2026-09-20T13:30:43Z","sec-exchange"
"URBN","URBAN OUTFITTERS INC","NASDAQ",NA,"lab.Unmapped","2026-09-20T13:30:43Z","sec-exchange"
"HIMS","Hims & Hers Health, Inc.","NYSE",NA,"lab.Unmapped","2026-09-20T13:30:43Z","sec-exchange"
"BZ","Kanzhun Ltd","NASDAQ",NA,"lab.Unmapped","2026-09-20T13:30:43Z","sec-exchange"
"PJT","PJT Partners Inc.","NYSE",NA,"lab.Unmapped","2026-09-20T13:30:43Z","sec-exchange"
"TAL","TAL Education Group","NYSE",NA,"lab.Unmapped","2026-09-20T13:30:43Z","sec-exchange"
"POWL","POWELL INDUSTRIES INC","NASDAQ",NA,"lab.Unmapped","2026-09-20T13:30:43Z","sec-exchange"
"GTES","Gates Industrial Corp Ltd.","NYSE",NA,"lab.Unmapped","2026-09-20T13:30:43Z","sec-exchange"
"PAGP","PLAINS GP HOLDINGS LP","NASDAQ",NA,"lab.Unmapped","2026-09-20T13:30:43Z","sec-exchange"
"GLBE","Global-E Online Ltd.","NASDAQ",NA,"lab.Unmapped","2026-09-20T13:30:43Z","sec-exchange"
"UBSI","UNITED BANKSHARES INC/WV","NASDAQ",NA,"lab.Unmapped","2026-09-20T13:30:43Z","sec-exchange"
"VCTR","Victory Capital Holdings, Inc.","NASDAQ",NA,"lab.Unmapped","2026-09-20T13:30:43Z","sec-exchange"
"FNB","FNB CORP/PA/","NYSE",NA,"lab.Unmapped","2026-09-20T13:30:43Z","sec-exchange"
"MBGL","Mobility Global Inc.","NYSE",NA,"lab.Unmapped","2026-09-20T13:30:43Z","sec-exchange"
"LW","Lamb Weston Holdings, Inc.","NYSE",NA,"lab.Unmapped","2026-09-20T13:30:43Z","sec-exchange"
"HR","Healthcare Realty Trust Inc","NYSE",NA,"lab.Unmapped","2026-09-20T13:30:43Z","sec-exchange"
"OGC","OceanaGold Corp","NYSE",NA,"lab.Unmapped","2026-09-20T13:30:43Z","sec-exchange"
"GATX","GATX CORP","NYSE",NA,"lab.Unmapped","2026-09-20T13:30:43Z","sec-exchange"
"CPB","CAMPBELL'S Co","NASDAQ",NA,"lab.Unmapped","2026-09-20T13:30:43Z","sec-exchange"
"MIRM","Mirum Pharmaceuticals, Inc.","NASDAQ",NA,"lab.Unmapped","2026-09-20T13:30:43Z","sec-exchange"
"DOX","AMDOCS LTD","NASDAQ",NA,"lab.Unmapped","2026-09-20T13:30:43Z","sec-exchange"
"AAON","AAON, INC.","NASDAQ",NA,"lab.Unmapped","2026-09-20T13:30:43Z","sec-exchange"
"NXE","NexGen Energy Ltd.","NYSE",NA,"lab.Unmapped","2026-09-20T13:30:43Z","sec-exchange"
"RIG","Transocean Ltd.","NYSE",NA,"lab.Unmapped","2026-09-20T13:30:43Z","sec-exchange"
"AMRX","Amneal Pharmaceuticals, Inc.","NASDAQ",NA,"lab.Unmapped","2026-09-20T13:30:43Z","sec-exchange"
"ORKA","Oruka Therapeutics, Inc.","NASDAQ",NA,"lab.Unmapped","2026-09-20T13:30:43Z","sec-exchange"
"MMED","MiniMed Group, Inc.","NASDAQ",NA,"lab.Unmapped","2026-09-20T13:30:43Z","sec-exchange"
"ENS","EnerSys","NYSE",NA,"lab.Unmapped","2026-09-20T13:30:43Z","sec-exchange"
"GDS","GDS Holdings Ltd","NASDAQ",NA,"lab.Unmapped","2026-09-20T13:30:43Z","sec-exchange"
"SWX","Southwest Gas Holdings, Inc.","NYSE",NA,"lab.Unmapped","2026-09-20T13:30:43Z","sec-exchange"
"AVAL","Grupo Aval Acciones Y Valores S.A.","NYSE",NA,"lab.Unmapped","2026-09-20T13:30:43Z","sec-exchange"
"INGR","Ingredion Inc","NYSE",NA,"lab.Unmapped","2026-09-20T13:30:43Z","sec-exchange"
"INGM","Ingram Micro Holding Corp","NYSE",NA,"lab.Unmapped","2026-09-20T13:30:43Z","sec-exchange"
"STVN","Stevanato Group S.p.A.","NYSE",NA,"lab.Unmapped","2026-09-20T13:30:43Z","sec-exchange"
"NICE","NICE Ltd.","NASDAQ",NA,"lab.Unmapped","2026-09-20T13:30:43Z","sec-exchange"
"RSI","Rush Street Interactive, Inc.","NYSE",NA,"lab.Unmapped","2026-09-20T13:30:43Z","sec-exchange"
"ANDG","Andersen Group Inc.","NYSE",NA,"lab.Unmapped","2026-09-20T13:30:43Z","sec-exchange"
"PL","Planet Labs PBC","NYSE",NA,"lab.Unmapped","2026-09-20T13:30:43Z","sec-exchange"
"RNG","RingCentral, Inc.","NYSE",NA,"lab.Unmapped","2026-09-20T13:30:43Z","sec-exchange"
"QLYS","QUALYS, INC.","NASDAQ",NA,"lab.Unmapped","2026-09-20T13:30:43Z","sec-exchange"
"ALGM","ALLEGRO MICROSYSTEMS, INC.","NASDAQ",NA,"lab.Unmapped","2026-09-20T13:30:43Z","sec-exchange"
"VSXY","Victoria's Secret & Co.","NYSE",NA,"lab.Unmapped","2026-09-20T13:30:43Z","sec-exchange"
"BLDR","Builders FirstSource, Inc.","NYSE",NA,"ind.Construction","2026-09-20T13:30:43Z","sec-exchange"
"ST","Sensata Technologies Holding plc","NYSE",NA,"lab.Unmapped","2026-09-20T13:30:43Z","sec-exchange"
"STEP","StepStone Group Inc.","NASDAQ",NA,"lab.Unmapped","2026-09-20T13:30:43Z","sec-exchange"
"TBBB","BBB FOODS INC","NYSE",NA,"lab.Unmapped","2026-09-20T13:30:43Z","sec-exchange"
"CVLT","COMMVAULT SYSTEMS INC","NASDAQ",NA,"lab.Unmapped","2026-09-20T13:30:43Z","sec-exchange"
"CACC","CREDIT ACCEPTANCE CORP","NASDAQ",NA,"lab.Unmapped","2026-09-20T13:30:43Z","sec-exchange"
"KNSA","Kiniksa Pharmaceuticals International, plc","NASDAQ",NA,"lab.Unmapped","2026-09-20T13:30:43Z","sec-exchange"
"JOBY","Joby Aviation, Inc.","NYSE",NA,"lab.Unmapped","2026-09-20T13:30:43Z","sec-exchange"
"CIG","ENERGY CO OF MINAS GERAIS","NYSE",NA,"lab.Unmapped","2026-09-20T13:30:43Z","sec-exchange"
"ACI","Albertsons Companies, Inc.","NYSE",NA,"lab.Unmapped","2026-09-20T13:30:43Z","sec-exchange"
"MTG","MGIC INVESTMENT CORP","NYSE",NA,"lab.Unmapped","2026-09-20T13:30:43Z","sec-exchange"
"POOL","POOL CORP","NASDAQ",NA,"lab.Unmapped","2026-09-20T13:30:43Z","sec-exchange"
"ESNT","Essent Group Ltd.","NYSE",NA,"lab.Unmapped","2026-09-20T13:30:43Z","sec-exchange"
"TVTX","Travere Therapeutics, Inc.","NASDAQ",NA,"lab.Unmapped","2026-09-20T13:30:43Z","sec-exchange"
"NPO","Enpro Inc.","NYSE",NA,"lab.Unmapped","2026-09-20T13:30:43Z","sec-exchange"
"RDNT","RadNet, Inc.","NASDAQ",NA,"lab.Unmapped","2026-09-20T13:30:43Z","sec-exchange"
"CRUS","CIRRUS LOGIC, INC.","NASDAQ",NA,"lab.Unmapped","2026-09-20T13:30:43Z","sec-exchange"
"IFS","Intercorp Financial Services Inc.","NYSE",NA,"lab.Unmapped","2026-09-20T13:30:43Z","sec-exchange"
"LQDA","Liquidia Corp","NASDAQ",NA,"lab.Unmapped","2026-09-20T13:30:43Z","sec-exchange"
"EPAM","EPAM Systems, Inc.","NYSE",NA,"lab.Unmapped","2026-09-20T13:30:43Z","sec-exchange"
"CZR","Caesars Entertainment, Inc.","NASDAQ",NA,"lab.Unmapped","2026-09-20T13:30:43Z","sec-exchange"
"TXNM","TXNM ENERGY INC","NYSE",NA,"lab.Unmapped","2026-09-20T13:30:43Z","sec-exchange"
"LKQ","LKQ CORP","NASDAQ",NA,"lab.Unmapped","2026-09-20T13:30:43Z","sec-exchange"
"CAVA","CAVA GROUP, INC.","NYSE",NA,"lab.Unmapped","2026-09-20T13:30:43Z","sec-exchange"
"RYN","RAYONIER INC","NYSE",NA,"lab.Unmapped","2026-09-20T13:30:43Z","sec-exchange"
"HWC","HANCOCK WHITNEY CORP","NASDAQ",NA,"lab.Unmapped","2026-09-20T13:30:43Z","sec-exchange"
"DPC","DPC Holdings PLC","NYSE",NA,"lab.Unmapped","2026-09-20T13:30:43Z","sec-exchange"
"BLCO","Bausch & Lomb Corp","NYSE",NA,"lab.Unmapped","2026-09-20T13:30:43Z","sec-exchange"
"CROX","Crocs, Inc.","NASDAQ",NA,"lab.Unmapped","2026-09-20T13:30:43Z","sec-exchange"
"ORA","ORMAT TECHNOLOGIES, INC.","NYSE",NA,"lab.Unmapped","2026-09-20T13:30:43Z","sec-exchange"
"HOMB","HOME BANCSHARES INC","NYSE",NA,"lab.Unmapped","2026-09-20T13:30:43Z","sec-exchange"
"LOAR","Loar Holdings Inc.","NYSE",NA,"lab.Unmapped","2026-09-20T13:30:43Z","sec-exchange"
"CMBT","CMB.TECH NV","NYSE",NA,"lab.Unmapped","2026-09-20T13:30:43Z","sec-exchange"
"ENIC","Enel Chile S.A.","NYSE",NA,"lab.Unmapped","2026-09-20T13:30:43Z","sec-exchange"
"BILI","Bilibili Inc.","NASDAQ",NA,"lab.Unmapped","2026-09-20T13:30:43Z","sec-exchange"
"KGS","Kodiak Gas Services, Inc.","NYSE",NA,"lab.Unmapped","2026-09-20T13:30:43Z","sec-exchange"
"PEGA","PEGASYSTEMS INC","NASDAQ",NA,"lab.Unmapped","2026-09-20T13:30:43Z","sec-exchange"
"SRRK","Scholar Rock Holding Corp","NASDAQ",NA,"lab.Unmapped","2026-09-20T13:30:43Z","sec-exchange"
"BXSL","Blackstone Secured Lending Fund","NYSE",NA,"lab.Unmapped","2026-09-20T13:30:43Z","sec-exchange"
"HLNE","Hamilton Lane INC","NASDAQ",NA,"lab.Unmapped","2026-09-20T13:30:43Z","sec-exchange"
"WFRD","Weatherford International plc","NASDAQ",NA,"lab.Unmapped","2026-09-20T13:30:43Z","sec-exchange"
"ANF","ABERCROMBIE & FITCH CO /DE/","NYSE",NA,"lab.Unmapped","2026-09-20T13:30:43Z","sec-exchange"
"USAR","USA Rare Earth, Inc.","NASDAQ",NA,"lab.Unmapped","2026-09-20T13:30:43Z","sec-exchange"
"G","Genpact LTD","NYSE",NA,"lab.Unmapped","2026-09-20T13:30:43Z","sec-exchange"
"GBCI","GLACIER BANCORP, INC.","NYSE",NA,"lab.Unmapped","2026-09-20T13:30:43Z","sec-exchange"
"AN","AUTONATION, INC.","NYSE",NA,"lab.Unmapped","2026-09-20T13:30:43Z","sec-exchange"
"LYFT","Lyft, Inc.","NASDAQ",NA,"lab.Unmapped","2026-09-20T13:30:43Z","sec-exchange"
"VIPS","Vipshop Holdings Ltd","NYSE",NA,"lab.Unmapped","2026-09-20T13:30:43Z","sec-exchange"
"VAL","Valaris Ltd","NYSE",NA,"lab.Unmapped","2026-09-20T13:30:43Z","sec-exchange"
"LSTR","LANDSTAR SYSTEM INC","NASDAQ",NA,"lab.Unmapped","2026-09-20T13:30:43Z","sec-exchange"
"EPRT","ESSENTIAL PROPERTIES REALTY TRUST, INC.","NYSE",NA,"lab.Unmapped","2026-09-20T13:30:43Z","sec-exchange"
"FSV","FirstService Corp","NASDAQ",NA,"lab.Unmapped","2026-09-20T13:30:43Z","sec-exchange"
"STWD","STARWOOD PROPERTY TRUST, INC.","NYSE",NA,"lab.Unmapped","2026-09-20T13:30:43Z","sec-exchange"
"RUSHA","RUSH ENTERPRISES INC \TX\","NASDAQ",NA,"lab.Unmapped","2026-09-20T13:30:43Z","sec-exchange"
"NAVN","Navan, Inc.","NASDAQ",NA,"lab.Unmapped","2026-09-20T13:30:43Z","sec-exchange"
"MKTX","MARKETAXESS HOLDINGS INC","NASDAQ",NA,"lab.Unmapped","2026-09-20T13:30:43Z","sec-exchange"
"ECG","Everus Construction Group, Inc.","NYSE",NA,"lab.Unmapped","2026-09-20T13:30:43Z","sec-exchange"
"JBTM","JBT MAREL Corp","NYSE",NA,"lab.Unmapped","2026-09-20T13:30:43Z","sec-exchange"
"BGC","BGC Group, Inc.","NASDAQ",NA,"lab.Unmapped","2026-09-20T13:30:43Z","sec-exchange"
"CHDN","Churchill Downs Inc","NASDAQ",NA,"lab.Unmapped","2026-09-20T13:30:43Z","sec-exchange"
"M","Macy's, Inc.","NYSE",NA,"lab.Unmapped","2026-09-20T13:30:43Z","sec-exchange"
"SNDR","Schneider National, Inc.","NYSE",NA,"lab.Unmapped","2026-09-20T13:30:43Z","sec-exchange"
"COGT","Cogent Biosciences, Inc.","NASDAQ",NA,"lab.Unmapped","2026-09-20T13:30:43Z","sec-exchange"
"OTEX","OPEN TEXT CORP","NASDAQ",NA,"lab.Unmapped","2026-09-20T13:30:43Z","sec-exchange"
"OBDC","Blue Owl Capital Corp","NYSE",NA,"lab.Unmapped","2026-09-20T13:30:43Z","sec-exchange"
"LGND","LIGAND PHARMACEUTICALS INC","NASDAQ",NA,"lab.Unmapped","2026-09-20T13:30:43Z","sec-exchange"
"CWST","CASELLA WASTE SYSTEMS INC","NASDAQ",NA,"lab.Unmapped","2026-09-20T13:30:43Z","sec-exchange"
"ASB","ASSOCIATED BANC-CORP","NYSE",NA,"lab.Unmapped","2026-09-20T13:30:43Z","sec-exchange"
"WFG","WEST FRASER TIMBER CO., LTD","NYSE",NA,"lab.Unmapped","2026-09-20T13:30:43Z","sec-exchange"
"POR","PORTLAND GENERAL ELECTRIC CO /OR/","NYSE",NA,"lab.Unmapped","2026-09-20T13:30:43Z","sec-exchange"
"PTCT","PTC THERAPEUTICS, INC.","NASDAQ",NA,"lab.Unmapped","2026-09-20T13:30:43Z","sec-exchange"
"SAIC","Science Applications International Corp","NASDAQ",NA,"lab.Unmapped","2026-09-20T13:30:43Z","sec-exchange"
"DNTH","Dianthus Therapeutics, Inc. /DE/","NASDAQ",NA,"lab.Unmapped","2026-09-20T13:30:43Z","sec-exchange"
"CORZ","Core Scientific, Inc./tx","NASDAQ",NA,"lab.Unmapped","2026-09-20T13:30:43Z","sec-exchange"
"AUB","Atlantic Union Bankshares Corp","NYSE",NA,"lab.Unmapped","2026-09-20T13:30:43Z","sec-exchange"
"ABCB","Ameris Bancorp","NYSE",NA,"lab.Unmapped","2026-09-20T13:30:43Z","sec-exchange"
"XENE","Xenon Pharmaceuticals Inc.","NASDAQ",NA,"lab.Unmapped","2026-09-20T13:30:43Z","sec-exchange"
"CRGY","Crescent Energy Co","NYSE",NA,"lab.Unmapped","2026-09-20T13:30:43Z","sec-exchange"
"WPP","WPP plc","NYSE",NA,"lab.Unmapped","2026-09-20T13:30:43Z","sec-exchange"
"XMTR","Xometry, Inc.","NASDAQ",NA,"lab.Unmapped","2026-09-20T13:30:43Z","sec-exchange"
"BEPC","Brookfield Renewable Corp","NYSE",NA,"lab.Unmapped","2026-09-20T13:30:43Z","sec-exchange"
"CRSP","CRISPR Therapeutics AG","NASDAQ",NA,"lab.Unmapped","2026-09-20T13:30:43Z","sec-exchange"
"RLI","RLI CORP","NYSE",NA,"lab.Unmapped","2026-09-20T13:30:43Z","sec-exchange"
"FTDR","Frontdoor, Inc.","NASDAQ",NA,"lab.Unmapped","2026-09-20T13:30:43Z","sec-exchange"
"ELF","e.l.f. Beauty, Inc.","NYSE",NA,"lab.Unmapped","2026-09-20T13:30:43Z","sec-exchange"
"INSW","International Seaways, Inc.","NYSE",NA,"lab.Unmapped","2026-09-20T13:30:43Z","sec-exchange"
"AROC","Archrock, Inc.","NYSE",NA,"lab.Unmapped","2026-09-20T13:30:43Z","sec-exchange"
"PI","IMPINJ INC","NASDAQ",NA,"lab.Unmapped","2026-09-20T13:30:43Z","sec-exchange"
"VRNS","VARONIS SYSTEMS INC","NASDAQ",NA,"lab.Unmapped","2026-09-20T13:30:43Z","sec-exchange"
"HRB","H&R BLOCK INC","NYSE",NA,"lab.Unmapped","2026-09-20T13:30:43Z","sec-exchange"
"SXT","SENSIENT TECHNOLOGIES CORP","NYSE",NA,"lab.Unmapped","2026-09-20T13:30:43Z","sec-exchange"
"EXP","EAGLE MATERIALS INC","NYSE",NA,"lab.Unmapped","2026-09-20T13:30:43Z","sec-exchange"
"BYD","BOYD GAMING CORP","NYSE",NA,"lab.Unmapped","2026-09-20T13:30:43Z","sec-exchange"
"YOU","Clear Secure, Inc.","NYSE",NA,"lab.Unmapped","2026-09-20T13:30:43Z","sec-exchange"
"BKH","BLACK HILLS CORP /SD/","NYSE",NA,"lab.Unmapped","2026-09-20T13:30:43Z","sec-exchange"
"NJR","NEW JERSEY RESOURCES CORP","NYSE",NA,"lab.Unmapped","2026-09-20T13:30:43Z","sec-exchange"
"RRR","Red Rock Resorts, Inc.","NASDAQ",NA,"lab.Unmapped","2026-09-20T13:30:43Z","sec-exchange"
"SHC","Sotera Health Co","NASDAQ",NA,"lab.Unmapped","2026-09-20T13:30:43Z","sec-exchange"
"DLB","Dolby Laboratories, Inc.","NYSE",NA,"lab.Unmapped","2026-09-20T13:30:43Z","sec-exchange"
"MUR","MURPHY OIL CORP","NYSE",NA,"lab.Unmapped","2026-09-20T13:30:43Z","sec-exchange"
"CVI","CVR ENERGY INC","NYSE",NA,"lab.Unmapped","2026-09-20T13:30:43Z","sec-exchange"
"EXLS","ExlService Holdings, Inc.","NASDAQ",NA,"lab.Unmapped","2026-09-20T13:30:43Z","sec-exchange"
"GXO","GXO Logistics, Inc.","NYSE",NA,"lab.Unmapped","2026-09-20T13:30:43Z","sec-exchange"
"AGX","ARGAN INC","NYSE",NA,"lab.Unmapped","2026-09-20T13:30:43Z","sec-exchange"
"MAIN","Main Street Capital CORP","NYSE",NA,"lab.Unmapped","2026-09-20T13:30:43Z","sec-exchange"
"ROAD","Construction Partners, Inc.","NASDAQ",NA,"lab.Unmapped","2026-09-20T13:30:43Z","sec-exchange"
"RGTI","Rigetti Computing, Inc.","NASDAQ",NA,"lab.Unmapped","2026-09-20T13:30:43Z","sec-exchange"
"CPA","Copa Holdings, S.A.","NYSE",NA,"lab.Unmapped","2026-09-20T13:30:43Z","sec-exchange"
"BLSH","Bullish","NYSE",NA,"lab.Unmapped","2026-09-20T13:30:43Z","sec-exchange"
"TFX","TELEFLEX INC","NYSE",NA,"lab.Unmapped","2026-09-20T13:30:43Z","sec-exchange"
"IBP","Installed Building Products, Inc.","NYSE",NA,"lab.Unmapped","2026-09-20T13:30:43Z","sec-exchange"
"ERAS","Erasca, Inc.","NASDAQ",NA,"lab.Unmapped","2026-09-20T13:30:43Z","sec-exchange"
"RITM","Rithm Capital Corp.","NYSE",NA,"lab.Unmapped","2026-09-20T13:30:43Z","sec-exchange"
"KLAR","Klarna Group plc","NYSE",NA,"lab.Unmapped","2026-09-20T13:30:43Z","sec-exchange"
"PECO","Phillips Edison & Company, Inc.","NASDAQ",NA,"lab.Unmapped","2026-09-20T13:30:43Z","sec-exchange"
"NIQ","NIQ Global Intelligence plc","NYSE",NA,"lab.Unmapped","2026-09-20T13:30:43Z","sec-exchange"
"ZGN","Ermenegildo Zegna N.V.","NYSE",NA,"lab.Unmapped","2026-09-20T13:30:43Z","sec-exchange"
"BCPC","BALCHEM CORP","NASDAQ",NA,"lab.Unmapped","2026-09-20T13:30:43Z","sec-exchange"
"TTAN","ServiceTitan, Inc.","NASDAQ",NA,"lab.Unmapped","2026-09-20T13:30:43Z","sec-exchange"
"FLG","FLAGSTAR BANK, NATIONAL ASSOCIATION","NYSE",NA,"lab.Unmapped","2026-09-20T13:30:43Z","sec-exchange"
"MTRN","MATERION Corp","NYSE",NA,"lab.Unmapped","2026-09-20T13:30:43Z","sec-exchange"
"BBUC","Brookfield Business Corp","NYSE",NA,"lab.Unmapped","2026-09-20T13:30:43Z","sec-exchange"
"OZK","Bank OZK","NASDAQ",NA,"lab.Unmapped","2026-09-20T13:30:43Z","sec-exchange"
"KRG","KITE REALTY GROUP TRUST","NYSE",NA,"lab.Unmapped","2026-09-20T13:30:43Z","sec-exchange"
"PRM","Perimeter Solutions, Inc.","NYSE",NA,"lab.Unmapped","2026-09-20T13:30:43Z","sec-exchange"
"SIGI","SELECTIVE INSURANCE GROUP INC","NASDAQ",NA,"lab.Unmapped","2026-09-20T13:30:43Z","sec-exchange"
"SPHR","Sphere Entertainment Co.","NYSE",NA,"lab.Unmapped","2026-09-20T13:30:43Z","sec-exchange"
"BLLN","BillionToOne, Inc.","NASDAQ",NA,"lab.Unmapped","2026-09-20T13:30:43Z","sec-exchange"
"AX","Axos Financial, Inc.","NYSE",NA,"lab.Unmapped","2026-09-20T13:30:43Z","sec-exchange"
"GLNG","GOLAR LNG LTD","NASDAQ",NA,"lab.Unmapped","2026-09-20T13:30:43Z","sec-exchange"
"MRCY","MERCURY SYSTEMS INC","NASDAQ",NA,"lab.Unmapped","2026-09-20T13:30:43Z","sec-exchange"
"PSMT","PRICESMART INC","NASDAQ",NA,"lab.Unmapped","2026-09-20T13:30:43Z","sec-exchange"
"MWH","SOLV Energy, Inc.","NASDAQ",NA,"lab.Unmapped","2026-09-20T13:30:43Z","sec-exchange"
"BETA","BETA Technologies, Inc.","NYSE",NA,"lab.Unmapped","2026-09-20T13:30:43Z","sec-exchange"
"SBRA","Sabra Health Care REIT, Inc.","NASDAQ",NA,"lab.Unmapped","2026-09-20T13:30:43Z","sec-exchange"
"BIRK","Birkenstock Holding plc","NYSE",NA,"lab.Unmapped","2026-09-20T13:30:43Z","sec-exchange"
"CLMT","Calumet, Inc. /DE","NASDAQ",NA,"lab.Unmapped","2026-09-20T13:30:43Z","sec-exchange"
"CNO","CNO Financial Group, Inc.","NYSE",NA,"lab.Unmapped","2026-09-20T13:30:43Z","sec-exchange"
"ACIW","ACI WORLDWIDE, INC.","NASDAQ",NA,"lab.Unmapped","2026-09-20T13:30:43Z","sec-exchange"
"CE","Celanese Corp","NYSE",NA,"lab.Unmapped","2026-09-20T13:30:43Z","sec-exchange"
"DFTX","Definium Therapeutics, Inc.","NASDAQ",NA,"lab.Unmapped","2026-09-20T13:30:43Z","sec-exchange"
"MMSI","MERIT MEDICAL SYSTEMS INC","NASDAQ",NA,"lab.Unmapped","2026-09-20T13:30:43Z","sec-exchange"
"PIPR","PIPER SANDLER COMPANIES","NYSE",NA,"lab.Unmapped","2026-09-20T13:30:43Z","sec-exchange"
"WH","WYNDHAM HOTELS & RESORTS, INC.","NYSE",NA,"lab.Unmapped","2026-09-20T13:30:43Z","sec-exchange"
"ADT","ADT Inc.","NYSE",NA,"lab.Unmapped","2026-09-20T13:30:43Z","sec-exchange"
"VSNT","Versant Media Group, Inc.","NASDAQ",NA,"lab.Unmapped","2026-09-20T13:30:43Z","sec-exchange"
"NOVT","NOVANTA INC","NASDAQ",NA,"lab.Unmapped","2026-09-20T13:30:43Z","sec-exchange"
"VFC","V F CORP","NYSE",NA,"lab.Unmapped","2026-09-20T13:30:43Z","sec-exchange"
"WAY","Waystar Holding Corp.","NASDAQ",NA,"lab.Unmapped","2026-09-20T13:30:43Z","sec-exchange"
"GVA","GRANITE CONSTRUCTION INC","NYSE",NA,"lab.Unmapped","2026-09-20T13:30:43Z","sec-exchange"
"VIRT","Virtu Financial, Inc.","NYSE",NA,"lab.Unmapped","2026-09-20T13:30:43Z","sec-exchange"
"FND","Floor & Decor Holdings, Inc.","NYSE",NA,"lab.Unmapped","2026-09-20T13:30:43Z","sec-exchange"
"GRFS","Grifols SA","NASDAQ",NA,"lab.Unmapped","2026-09-20T13:30:43Z","sec-exchange"
"MIDD","MIDDLEBY Corp","NASDAQ",NA,"lab.Unmapped","2026-09-20T13:30:43Z","sec-exchange"
"IRDM","Iridium Communications Inc.","NASDAQ",NA,"lab.Unmapped","2026-09-20T13:30:43Z","sec-exchange"
"CNX","CNX Resources Corp","NYSE",NA,"lab.Unmapped","2026-09-20T13:30:43Z","sec-exchange"
"UEC","URANIUM ENERGY CORP","NYSE",NA,"lab.Unmapped","2026-09-20T13:30:43Z","sec-exchange"
"OTF","Blue Owl Technology Finance Corp.","NYSE",NA,"lab.Unmapped","2026-09-20T13:30:43Z","sec-exchange"
"IEP","ICAHN ENTERPRISES L.P.","NASDAQ",NA,"lab.Unmapped","2026-09-20T13:30:43Z","sec-exchange"
"OCTV","Octave Intelligence plc","NASDAQ",NA,"lab.Unmapped","2026-09-20T13:30:43Z","sec-exchange"
"NXST","NEXSTAR MEDIA GROUP, INC.","NASDAQ",NA,"lab.Unmapped","2026-09-20T13:30:43Z","sec-exchange"
"PSN","PARSONS CORP","NYSE",NA,"lab.Unmapped","2026-09-20T13:30:43Z","sec-exchange"
"EWTX","Edgewise Therapeutics, Inc.","NASDAQ",NA,"lab.Unmapped","2026-09-20T13:30:43Z","sec-exchange"
"MTN","VAIL RESORTS INC","NYSE",NA,"lab.Unmapped","2026-09-20T13:30:43Z","sec-exchange"
"HAE","HAEMONETICS CORP","NYSE",NA,"lab.Unmapped","2026-09-20T13:30:43Z","sec-exchange"
"DK","Delek US Holdings, Inc.","NYSE",NA,"lab.Unmapped","2026-09-20T13:30:43Z","sec-exchange"
"GBTG","Global Business Travel Group, Inc.","NYSE",NA,"lab.Unmapped","2026-09-20T13:30:43Z","sec-exchange"
"MDA","MDA Space Ltd.","NYSE",NA,"lab.Unmapped","2026-09-20T13:30:43Z","sec-exchange"
"LAUR","LAUREATE EDUCATION, INC.","NASDAQ",NA,"lab.Unmapped","2026-09-20T13:30:43Z","sec-exchange"
"OUT","OUTFRONT Media Inc.","NYSE",NA,"lab.Unmapped","2026-09-20T13:30:43Z","sec-exchange"
"BMA","Macro Bank Inc.","NYSE",NA,"lab.Unmapped","2026-09-20T13:30:43Z","sec-exchange"
"EBC","Eastern Bankshares, Inc.","NASDAQ",NA,"lab.Unmapped","2026-09-20T13:30:43Z","sec-exchange"
"AMTM","Amentum Holdings, Inc.","NYSE",NA,"lab.Unmapped","2026-09-20T13:30:43Z","sec-exchange"
"GTX","Garrett Motion Inc.","NASDAQ",NA,"lab.Unmapped","2026-09-20T13:30:43Z","sec-exchange"
"VSEC","VSE CORP","NASDAQ",NA,"lab.Unmapped","2026-09-20T13:30:43Z","sec-exchange"
"PBLS","Parabilis Medicines, Inc.","NASDAQ",NA,"lab.Unmapped","2026-09-20T13:30:43Z","sec-exchange"
"WTM","WHITE MOUNTAINS INSURANCE GROUP LTD","NYSE",NA,"lab.Unmapped","2026-09-20T13:30:43Z","sec-exchange"
"HAFN","Hafnia Ltd","NYSE",NA,"lab.Unmapped","2026-09-20T13:30:43Z","sec-exchange"
"VSH","VISHAY INTERTECHNOLOGY INC","NYSE",NA,"lab.Unmapped","2026-09-20T13:30:43Z","sec-exchange"
"LFST","LifeStance Health Group, Inc.","NASDAQ",NA,"lab.Unmapped","2026-09-20T13:30:43Z","sec-exchange"
"HCC","WARRIOR MET COAL, INC.","NYSE",NA,"lab.Unmapped","2026-09-20T13:30:43Z","sec-exchange"
"FRVO","Fervo Energy Co","NASDAQ",NA,"lab.Unmapped","2026-09-20T13:30:43Z","sec-exchange"
"CRC","California Resources Corp","NYSE",NA,"lab.Unmapped","2026-09-20T13:30:43Z","sec-exchange"
"VEON","VEON Ltd.","NASDAQ",NA,"lab.Unmapped","2026-09-20T13:30:43Z","sec-exchange"
"SON","SONOCO PRODUCTS CO","NYSE",NA,"lab.Unmapped","2026-09-20T13:30:43Z","sec-exchange"
"GOLF","Acushnet Holdings Corp.","NYSE",NA,"lab.Unmapped","2026-09-20T13:30:43Z","sec-exchange"
"CAKE","CHEESECAKE FACTORY INC","NASDAQ",NA,"lab.Unmapped","2026-09-20T13:30:43Z","sec-exchange"
"ENPH","Enphase Energy, Inc.","NASDAQ",NA,"lab.Unmapped","2026-09-20T13:30:43Z","sec-exchange"
"HASI","HA Sustainable Infrastructure Capital, Inc.","NYSE",NA,"lab.Unmapped","2026-09-20T13:30:43Z","sec-exchange"
"OGS","ONE Gas, Inc.","NYSE",NA,"lab.Unmapped","2026-09-20T13:30:43Z","sec-exchange"
"MRP","Millrose Properties, Inc.","NYSE",NA,"lab.Unmapped","2026-09-20T13:30:43Z","sec-exchange"
"GHC","Graham Holdings Co","NYSE",NA,"lab.Unmapped","2026-09-20T13:30:43Z","sec-exchange"
"REYN","Reynolds Consumer Products Inc.","NASDAQ",NA,"lab.Unmapped","2026-09-20T13:30:43Z","sec-exchange"
"HGTY","Hagerty, Inc.","NYSE",NA,"lab.Unmapped","2026-09-20T13:30:43Z","sec-exchange"
"BOX","BOX INC","NYSE",NA,"lab.Unmapped","2026-09-20T13:30:43Z","sec-exchange"
"UNF","UNIFIRST CORP","NYSE",NA,"lab.Unmapped","2026-09-20T13:30:43Z","sec-exchange"
"XE","X-Energy, Inc.","NASDAQ",NA,"lab.Unmapped","2026-09-20T13:30:43Z","sec-exchange"
"FFIN","FIRST FINANCIAL BANKSHARES INC","NASDAQ",NA,"lab.Unmapped","2026-09-20T13:30:43Z","sec-exchange"
"GEF","GREIF, INC","NYSE",NA,"lab.Unmapped","2026-09-20T13:30:43Z","sec-exchange"
"SR","SPIRE INC","NYSE",NA,"lab.Unmapped","2026-09-20T13:30:43Z","sec-exchange"
"GNTX","GENTEX CORP","NASDAQ",NA,"lab.Unmapped","2026-09-20T13:30:43Z","sec-exchange"
"FBIN","Fortune Brands Innovations, Inc.","NYSE",NA,"lab.Unmapped","2026-09-20T13:30:43Z","sec-exchange"
"KVYO","Klaviyo, Inc.","NYSE",NA,"lab.Unmapped","2026-09-20T13:30:43Z","sec-exchange"
"MEOH","METHANEX CORP","NASDAQ",NA,"lab.Unmapped","2026-09-20T13:30:43Z","sec-exchange"
"WHD","Cactus, Inc.","NYSE",NA,"lab.Unmapped","2026-09-20T13:30:43Z","sec-exchange"
"JMKE","Jersey Mike's Subs Inc.","NYSE",NA,"lab.Unmapped","2026-09-20T13:30:43Z","sec-exchange"
"ACAD","ACADIA PHARMACEUTICALS INC","NASDAQ",NA,"lab.Unmapped","2026-09-20T13:30:43Z","sec-exchange"
"SLM","SLM Corp","NASDAQ",NA,"lab.Unmapped","2026-09-20T13:30:43Z","sec-exchange"
"TFSL","TFS Financial CORP","NASDAQ",NA,"lab.Unmapped","2026-09-20T13:30:43Z","sec-exchange"
"CSW","CSW INDUSTRIALS, INC.","NYSE",NA,"lab.Unmapped","2026-09-20T13:30:43Z","sec-exchange"
"BB","BLACKBERRY Ltd","NYSE",NA,"lab.Unmapped","2026-09-20T13:30:43Z","sec-exchange"
"HRI","HERC HOLDINGS INC","NYSE",NA,"lab.Unmapped","2026-09-20T13:30:43Z","sec-exchange"
"ACMR","ACM Research, Inc.","NASDAQ",NA,"lab.Unmapped","2026-09-20T13:30:43Z","sec-exchange"
"OMAB","Central North Airport Group","NASDAQ",NA,"lab.Unmapped","2026-09-20T13:30:43Z","sec-exchange"
"CUZ","COUSINS PROPERTIES INC","NYSE",NA,"lab.Unmapped","2026-09-20T13:30:43Z","sec-exchange"
"IOVA","IOVANCE BIOTHERAPEUTICS, INC.","NASDAQ",NA,"lab.Unmapped","2026-09-20T13:30:43Z","sec-exchange"
"CNR","Core Natural Resources, Inc.","NYSE",NA,"lab.Unmapped","2026-09-20T13:30:43Z","sec-exchange"
"DOCS","Doximity, Inc.","NYSE",NA,"lab.Unmapped","2026-09-20T13:30:43Z","sec-exchange"
"RELY","Remitly Global, Inc.","NASDAQ",NA,"lab.Unmapped","2026-09-20T13:30:43Z","sec-exchange"
"SKY","Champion Homes, Inc.","NYSE",NA,"lab.Unmapped","2026-09-20T13:30:43Z","sec-exchange"
"KRMN","Karman Holdings Inc.","NYSE",NA,"lab.Unmapped","2026-09-20T13:30:43Z","sec-exchange"
"LPX","LOUISIANA-PACIFIC CORP","NYSE",NA,"lab.Unmapped","2026-09-20T13:30:43Z","sec-exchange"
"KBR","KBR, INC.","NYSE",NA,"lab.Unmapped","2026-09-20T13:30:43Z","sec-exchange"
"RDN","RADIAN GROUP INC","NYSE",NA,"lab.Unmapped","2026-09-20T13:30:43Z","sec-exchange"
"OII","OCEANEERING INTERNATIONAL INC","NYSE",NA,"lab.Unmapped","2026-09-20T13:30:43Z","sec-exchange"
"EQPT","EquipmentShare.com Inc","NASDAQ",NA,"lab.Unmapped","2026-09-20T13:30:43Z","sec-exchange"
"NSIT","INSIGHT ENTERPRISES INC","NASDAQ",NA,"lab.Unmapped","2026-09-20T13:30:43Z","sec-exchange"
"PTEN","PATTERSON UTI ENERGY INC","NASDAQ",NA,"lab.Unmapped","2026-09-20T13:30:43Z","sec-exchange"
"DAVE","Dave Inc./DE","NASDAQ",NA,"lab.Unmapped","2026-09-20T13:30:43Z","sec-exchange"
"PAY","Paymentus Holdings, Inc.","NYSE",NA,"lab.Unmapped","2026-09-20T13:30:43Z","sec-exchange"
"AIR","AAR CORP","NYSE",NA,"lab.Unmapped","2026-09-20T13:30:43Z","sec-exchange"
"CIGI","Colliers International Group Inc.","NASDAQ",NA,"lab.Unmapped","2026-09-20T13:30:43Z","sec-exchange"
"CON","Concentra Group Holdings Parent, Inc.","NYSE",NA,"lab.Unmapped","2026-09-20T13:30:43Z","sec-exchange"
"NNI","NELNET INC","NYSE",NA,"lab.Unmapped","2026-09-20T13:30:43Z","sec-exchange"
"OLLI","Ollie's Bargain Outlet Holdings, Inc.","NASDAQ",NA,"lab.Unmapped","2026-09-20T13:30:43Z","sec-exchange"
"MMYT","MakeMyTrip Ltd","NASDAQ",NA,"lab.Unmapped","2026-09-20T13:30:43Z","sec-exchange"
"CHEF","Chefs' Warehouse, Inc.","NASDAQ",NA,"lab.Unmapped","2026-09-20T13:30:43Z","sec-exchange"
"ADPT","Adaptive Biotechnologies Corp","NASDAQ",NA,"lab.Unmapped","2026-09-20T13:30:43Z","sec-exchange"
"MANE","Veradermics, Inc","NYSE",NA,"lab.Unmapped","2026-09-20T13:30:43Z","sec-exchange"
"ALK","ALASKA AIR GROUP, INC.","NYSE",NA,"lab.Unmapped","2026-09-20T13:30:43Z","sec-exchange"
"TPC","TUTOR PERINI CORP","NYSE",NA,"lab.Unmapped","2026-09-20T13:30:43Z","sec-exchange"
"SFBS","ServisFirst Bancshares, Inc.","NYSE",NA,"lab.Unmapped","2026-09-20T13:30:43Z","sec-exchange"
"CHH","CHOICE HOTELS INTERNATIONAL INC /DE","NYSE",NA,"lab.Unmapped","2026-09-20T13:30:43Z","sec-exchange"
"FULT","FULTON FINANCIAL CORP","NASDAQ",NA,"lab.Unmapped","2026-09-20T13:30:43Z","sec-exchange"
"PAM","Pampa Energy Inc.","NYSE",NA,"lab.Unmapped","2026-09-20T13:30:43Z","sec-exchange"
"MARA","MARA Holdings, Inc.","NASDAQ",NA,"lab.Unmapped","2026-09-20T13:30:43Z","sec-exchange"
"STNG","Scorpio Tankers Inc.","NYSE",NA,"lab.Unmapped","2026-09-20T13:30:43Z","sec-exchange"
"BIPC","Brookfield Infrastructure Corp","NYSE",NA,"lab.Unmapped","2026-09-20T13:30:43Z","sec-exchange"
"CGAU","Centerra Gold Inc.","NYSE",NA,"lab.Unmapped","2026-09-20T13:30:43Z","sec-exchange"
"TKC","TURKCELL ILETISIM HIZMETLERI A S","NYSE",NA,"lab.Unmapped","2026-09-20T13:30:43Z","sec-exchange"
"AXTI","AXT INC","NASDAQ",NA,"lab.Unmapped","2026-09-20T13:30:43Z","sec-exchange"
"ATAT","Atour Lifestyle Holdings Ltd","NASDAQ",NA,"lab.Unmapped","2026-09-20T13:30:43Z","sec-exchange"
"BCO","BRINKS CO","NYSE",NA,"lab.Unmapped","2026-09-20T13:30:43Z","sec-exchange"
"ENVA","Enova International, Inc.","NYSE",NA,"lab.Unmapped","2026-09-20T13:30:43Z","sec-exchange"
"BC","BRUNSWICK CORP","NYSE",NA,"lab.Unmapped","2026-09-20T13:30:43Z","sec-exchange"
"MC","Moelis & Co","NYSE",NA,"lab.Unmapped","2026-09-20T13:30:43Z","sec-exchange"
"TREX","TREX CO INC","NYSE",NA,"lab.Unmapped","2026-09-20T13:30:43Z","sec-exchange"
"IBOC","INTERNATIONAL BANCSHARES CORP","NASDAQ",NA,"lab.Unmapped","2026-09-20T13:30:43Z","sec-exchange"
"TDW","TIDEWATER INC","NYSE",NA,"lab.Unmapped","2026-09-20T13:30:43Z","sec-exchange"
"BDC","BELDEN INC.","NYSE",NA,"lab.Unmapped","2026-09-20T13:30:43Z","sec-exchange"
"UFPI","UFP INDUSTRIES INC","NASDAQ",NA,"lab.Unmapped","2026-09-20T13:30:43Z","sec-exchange"
"EPR","EPR PROPERTIES","NYSE",NA,"lab.Unmapped","2026-09-20T13:30:43Z","sec-exchange"
"TGS","GAS TRANSPORTER OF THE SOUTH INC","NYSE",NA,"lab.Unmapped","2026-09-20T13:30:43Z","sec-exchange"
"ONDS","Ondas Inc.","NASDAQ",NA,"lab.Unmapped","2026-09-20T13:30:43Z","sec-exchange"
"HTFL","Heartflow, Inc.","NASDAQ",NA,"lab.Unmapped","2026-09-20T13:30:43Z","sec-exchange"
"RUM","RUM Group Inc.","NASDAQ",NA,"lab.Unmapped","2026-09-20T13:30:43Z","sec-exchange"
"LIVN","LivaNova PLC","NASDAQ",NA,"lab.Unmapped","2026-09-20T13:30:43Z","sec-exchange"
"ARX","Accelerant Holdings","NYSE",NA,"lab.Unmapped","2026-09-20T13:30:43Z","sec-exchange"
"MYRG","MYR GROUP INC.","NASDAQ",NA,"lab.Unmapped","2026-09-20T13:30:43Z","sec-exchange"
"KLIC","KULICKE & SOFFA INDUSTRIES INC","NASDAQ",NA,"lab.Unmapped","2026-09-20T13:30:43Z","sec-exchange"
"PARR","PAR PACIFIC HOLDINGS, INC.","NYSE",NA,"lab.Unmapped","2026-09-20T13:30:43Z","sec-exchange"
"CVSA","Covista Inc.","NYSE",NA,"lab.Unmapped","2026-09-20T13:30:43Z","sec-exchange"
"ITGR","Integer Holdings Corp","NYSE",NA,"lab.Unmapped","2026-09-20T13:30:43Z","sec-exchange"
"SKT","TANGER INC.","NYSE",NA,"lab.Unmapped","2026-09-20T13:30:43Z","sec-exchange"
"ALH","Alliance Laundry Holdings Inc.","NYSE",NA,"lab.Unmapped","2026-09-20T13:30:43Z","sec-exchange"
"COLD","AMERICOLD REALTY TRUST","NYSE",NA,"lab.Unmapped","2026-09-20T13:30:43Z","sec-exchange"
"NWE","NorthWestern Energy Group, Inc.","NASDAQ",NA,"lab.Unmapped","2026-09-20T13:30:43Z","sec-exchange"
"VNT","Vontier Corp","NYSE",NA,"lab.Unmapped","2026-09-20T13:30:43Z","sec-exchange"
"GFF","GRIFFON CORP","NYSE",NA,"lab.Unmapped","2026-09-20T13:30:43Z","sec-exchange"
"FELE","FRANKLIN ELECTRIC CO INC","NASDAQ",NA,"lab.Unmapped","2026-09-20T13:30:43Z","sec-exchange"
"TLX","Telix Pharmaceuticals Ltd","NASDAQ",NA,"lab.Unmapped","2026-09-20T13:30:43Z","sec-exchange"
"FHI","FEDERATED HERMES, INC.","NYSE",NA,"lab.Unmapped","2026-09-20T13:30:43Z","sec-exchange"
"EE","Excelerate Energy, Inc.","NYSE",NA,"lab.Unmapped","2026-09-20T13:30:43Z","sec-exchange"
"DLO","dLocal Ltd","NASDAQ",NA,"lab.Unmapped","2026-09-20T13:30:43Z","sec-exchange"
"SIM","GRUPO SIMEC, S.A.B. de C.V.","NYSE",NA,"lab.Unmapped","2026-09-20T13:30:43Z","sec-exchange"
"FBP","FIRST BANCORP /PR/","NYSE",NA,"lab.Unmapped","2026-09-20T13:30:43Z","sec-exchange"
"MTH","Meritage Homes CORP","NYSE",NA,"lab.Unmapped","2026-09-20T13:30:43Z","sec-exchange"
"CELC","Celcuity Inc.","NASDAQ",NA,"lab.Unmapped","2026-09-20T13:30:43Z","sec-exchange"
"TDS","TELEPHONE & DATA SYSTEMS INC /DE/","NYSE",NA,"lab.Unmapped","2026-09-20T13:30:43Z","sec-exchange"
"RLAY","Relay Therapeutics, Inc.","NASDAQ",NA,"lab.Unmapped","2026-09-20T13:30:43Z","sec-exchange"
"GEO","GEO GROUP INC","NYSE",NA,"lab.Unmapped","2026-09-20T13:30:43Z","sec-exchange"
"DIOD","DIODES INC /DEL/","NASDAQ",NA,"lab.Unmapped","2026-09-20T13:30:43Z","sec-exchange"
"KFY","KORN FERRY","NYSE",NA,"lab.Unmapped","2026-09-20T13:30:43Z","sec-exchange"
"BFH","BREAD FINANCIAL HOLDINGS, INC.","NYSE",NA,"lab.Unmapped","2026-09-20T13:30:43Z","sec-exchange"
"OPLN","OPENLANE, Inc.","NYSE",NA,"lab.Unmapped","2026-09-20T13:30:43Z","sec-exchange"
"NP","Neptune Insurance Holdings Inc.","NYSE",NA,"lab.Unmapped","2026-09-20T13:30:43Z","sec-exchange"
"UCB","UNITED COMMUNITY BANKS INC","NYSE",NA,"lab.Unmapped","2026-09-20T13:30:43Z","sec-exchange"
"DOO","BRP Inc.","NASDAQ",NA,"lab.Unmapped","2026-09-20T13:30:43Z","sec-exchange"
"ESAB","ESAB Corp","NYSE",NA,"lab.Unmapped","2026-09-20T13:30:43Z","sec-exchange"
"HP","Helmerich & Payne, Inc.","NYSE",NA,"lab.Unmapped","2026-09-20T13:30:43Z","sec-exchange"
"SUNC","SunocoCorp LLC","NYSE",NA,"lab.Unmapped","2026-09-20T13:30:43Z","sec-exchange"
"INDV","Indivior Pharmaceuticals, Inc.","NASDAQ",NA,"lab.Unmapped","2026-09-20T13:30:43Z","sec-exchange"
"CATY","CATHAY GENERAL BANCORP","NASDAQ",NA,"lab.Unmapped","2026-09-20T13:30:43Z","sec-exchange"
"CECO","CECO ENVIRONMENTAL CORP","NASDAQ",NA,"lab.Unmapped","2026-09-20T13:30:43Z","sec-exchange"
"CVCO","CAVCO INDUSTRIES, INC.","NASDAQ",NA,"lab.Unmapped","2026-09-20T13:30:43Z","sec-exchange"
"ACHR","Archer Aviation Inc.","NYSE",NA,"lab.Unmapped","2026-09-20T13:30:43Z","sec-exchange"
"BULL","Webull Corp","NASDAQ",NA,"lab.Unmapped","2026-09-20T13:30:43Z","sec-exchange"
"PRIM","Primoris Services Corp","NYSE",NA,"lab.Unmapped","2026-09-20T13:30:43Z","sec-exchange"
"TCBI","TEXAS CAPITAL BANCSHARES INC/TX","NASDAQ",NA,"lab.Unmapped","2026-09-20T13:30:43Z","sec-exchange"
"AQN","ALGONQUIN POWER & UTILITIES CORP.","NYSE",NA,"lab.Unmapped","2026-09-20T13:30:43Z","sec-exchange"
"BNL","Broadstone Net Lease, Inc.","NYSE",NA,"lab.Unmapped","2026-09-20T13:30:43Z","sec-exchange"
"ABCL","AbCellera Biologics Inc.","NASDAQ",NA,"lab.Unmapped","2026-09-20T13:30:43Z","sec-exchange"
"BILL","BILL Holdings, Inc.","NYSE",NA,"lab.Unmapped","2026-09-20T13:30:43Z","sec-exchange"
"AYA","Aya Gold & Silver Inc.","NASDAQ",NA,"lab.Unmapped","2026-09-20T13:30:43Z","sec-exchange"
"SEB","SEABOARD CORP /DE/","NYSE",NA,"lab.Unmapped","2026-09-20T13:30:43Z","sec-exchange"
"KRC","KILROY REALTY CORP","NYSE",NA,"lab.Unmapped","2026-09-20T13:30:43Z","sec-exchange"
"ALM","Almonty Industries Inc.","NASDAQ",NA,"lab.Unmapped","2026-09-20T13:30:43Z","sec-exchange"
"WSFS","WSFS FINANCIAL CORP","NASDAQ",NA,"lab.Unmapped","2026-09-20T13:30:43Z","sec-exchange"
"TENB","Tenable Holdings, Inc.","NASDAQ",NA,"lab.Unmapped","2026-09-20T13:30:43Z","sec-exchange"
"CAR","AVIS BUDGET GROUP, INC.","NASDAQ",NA,"lab.Unmapped","2026-09-20T13:30:43Z","sec-exchange"
"CENX","CENTURY ALUMINUM CO","NASDAQ",NA,"lab.Unmapped","2026-09-20T13:30:43Z","sec-exchange"
"WK","WORKIVA INC","NYSE",NA,"lab.Unmapped","2026-09-20T13:30:43Z","sec-exchange"
"SLGN","SILGAN HOLDINGS INC","NYSE",NA,"lab.Unmapped","2026-09-20T13:30:43Z","sec-exchange"
"CBT","CABOT CORP","NYSE",NA,"lab.Unmapped","2026-09-20T13:30:43Z","sec-exchange"
"CVBF","CVB FINANCIAL CORP","NASDAQ",NA,"lab.Unmapped","2026-09-20T13:30:43Z","sec-exchange"
"CDP","COPT DEFENSE PROPERTIES","NYSE",NA,"lab.Unmapped","2026-09-20T13:30:43Z","sec-exchange"
"TNGX","Tango Therapeutics, Inc.","NASDAQ",NA,"lab.Unmapped","2026-09-20T13:30:43Z","sec-exchange"
"AZZ","AZZ INC","NYSE",NA,"lab.Unmapped","2026-09-20T13:30:43Z","sec-exchange"
"SLG","SL GREEN REALTY CORP","NYSE",NA,"lab.Unmapped","2026-09-20T13:30:43Z","sec-exchange"
"ITRI","ITRON, INC.","NASDAQ",NA,"lab.Unmapped","2026-09-20T13:30:43Z","sec-exchange"
"LOPE","Grand Canyon Education, Inc.","NASDAQ",NA,"lab.Unmapped","2026-09-20T13:30:43Z","sec-exchange"
"BWLP","BW LPG Ltd","NYSE",NA,"lab.Unmapped","2026-09-20T13:30:43Z","sec-exchange"
"BRC","BRADY CORP","NYSE",NA,"lab.Unmapped","2026-09-20T13:30:43Z","sec-exchange"
"CNK","Cinemark Holdings, Inc.","NYSE",NA,"lab.Unmapped","2026-09-20T13:30:43Z","sec-exchange"
"PTRN","Pattern Group Inc.","NASDAQ",NA,"lab.Unmapped","2026-09-20T13:30:43Z","sec-exchange"
"SKE","Skeena Resources Ltd","NYSE",NA,"lab.Unmapped","2026-09-20T13:30:43Z","sec-exchange"
"MDU","MDU RESOURCES GROUP INC","NYSE",NA,"lab.Unmapped","2026-09-20T13:30:43Z","sec-exchange"
"SIG","SIGNET JEWELERS LTD","NYSE",NA,"lab.Unmapped","2026-09-20T13:30:43Z","sec-exchange"
"TNL","Travel & Leisure Co.","NYSE",NA,"lab.Unmapped","2026-09-20T13:30:43Z","sec-exchange"
"FSLY","Fastly, Inc.","NASDAQ",NA,"lab.Unmapped","2026-09-20T13:30:43Z","sec-exchange"
"MIR","Mirion Technologies, Inc.","NYSE",NA,"lab.Unmapped","2026-09-20T13:30:43Z","sec-exchange"
"INDB","INDEPENDENT BANK CORP","NASDAQ",NA,"lab.Unmapped","2026-09-20T13:30:43Z","sec-exchange"
"ARIS","Aris Mining Corp","NYSE",NA,"lab.Unmapped","2026-09-20T13:30:43Z","sec-exchange"
"CAAP","CORPORACION AMERICA AIRPORTS S.A.","NYSE",NA,"lab.Unmapped","2026-09-20T13:30:43Z","sec-exchange"
"FCN","FTI CONSULTING, INC","NYSE",NA,"lab.Unmapped","2026-09-20T13:30:43Z","sec-exchange"
"SITE","SiteOne Landscape Supply, Inc.","NYSE",NA,"lab.Unmapped","2026-09-20T13:30:43Z","sec-exchange"
"DNP","DNP SELECT INCOME FUND INC","NYSE",NA,"lab.Unmapped","2026-09-20T13:30:43Z","sec-exchange"
"CCC","CCC Intelligent Solutions Holdings Inc.","NASDAQ",NA,"lab.Unmapped","2026-09-20T13:30:43Z","sec-exchange"
"GNW","GENWORTH FINANCIAL INC","NYSE",NA,"lab.Unmapped","2026-09-20T13:30:43Z","sec-exchange"
"JOYY","JOYY Inc.","NASDAQ",NA,"lab.Unmapped","2026-09-20T13:30:43Z","sec-exchange"
"SEZL","Sezzle Inc.","NASDAQ",NA,"lab.Unmapped","2026-09-20T13:30:43Z","sec-exchange"
"TAC","TRANSALTA CORP","NYSE",NA,"lab.Unmapped","2026-09-20T13:30:43Z","sec-exchange"
"WBI","WaterBridge Infrastructure LLC","NYSE",NA,"lab.Unmapped","2026-09-20T13:30:43Z","sec-exchange"
"ICUI","ICU MEDICAL INC/DE","NASDAQ",NA,"lab.Unmapped","2026-09-20T13:30:43Z","sec-exchange"
"MNDY","monday.com Ltd.","NASDAQ",NA,"lab.Unmapped","2026-09-20T13:30:43Z","sec-exchange"
"NVST","Envista Holdings Corp","NYSE",NA,"lab.Unmapped","2026-09-20T13:30:43Z","sec-exchange"
"CRK","COMSTOCK RESOURCES INC","NYSE",NA,"lab.Unmapped","2026-09-20T13:30:43Z","sec-exchange"
"MAT","MATTEL INC /DE/","NASDAQ",NA,"lab.Unmapped","2026-09-20T13:30:43Z","sec-exchange"
"USAC","USA Compression Partners, LP","NYSE",NA,"lab.Unmapped","2026-09-20T13:30:43Z","sec-exchange"
"IOND","Ionic Digital Inc.","NASDAQ",NA,"lab.Unmapped","2026-09-20T13:30:43Z","sec-exchange"
"PLNT","Planet Fitness, Inc.","NYSE",NA,"lab.Unmapped","2026-09-20T13:30:43Z","sec-exchange"
"LMND","Lemonade, Inc.","NYSE",NA,"lab.Unmapped","2026-09-20T13:30:43Z","sec-exchange"
"MIAX","MIAMI INTERNATIONAL HOLDINGS, INC.","NYSE",NA,"lab.Unmapped","2026-09-20T13:30:43Z","sec-exchange"
"WSBC","WESBANCO INC","NASDAQ",NA,"lab.Unmapped","2026-09-20T13:30:43Z","sec-exchange"
"RHI","ROBERT HALF INC.","NYSE",NA,"lab.Unmapped","2026-09-20T13:30:43Z","sec-exchange"
"TRMD","TORM plc","NASDAQ",NA,"lab.Unmapped","2026-09-20T13:30:43Z","sec-exchange"
"CNS","COHEN & STEERS, INC.","NYSE",NA,"lab.Unmapped","2026-09-20T13:30:43Z","sec-exchange"
"BOOT","Boot Barn Holdings, Inc.","NYSE",NA,"lab.Unmapped","2026-09-20T13:30:43Z","sec-exchange"
"AVNT","AVIENT CORP","NYSE",NA,"lab.Unmapped","2026-09-20T13:30:43Z","sec-exchange"
"IDYA","IDEAYA Biosciences, Inc.","NASDAQ",NA,"lab.Unmapped","2026-09-20T13:30:43Z","sec-exchange"
"SKYW","SKYWEST INC","NASDAQ",NA,"lab.Unmapped","2026-09-20T13:30:43Z","sec-exchange"
"SMR","NUSCALE POWER Corp","NYSE",NA,"lab.Unmapped","2026-09-20T13:30:43Z","sec-exchange"
"OTTR","Otter Tail Corp","NASDAQ",NA,"lab.Unmapped","2026-09-20T13:30:43Z","sec-exchange"
"AMLX","Amylyx Pharmaceuticals, Inc.","NASDAQ",NA,"lab.Unmapped","2026-09-20T13:30:43Z","sec-exchange"
"SBLK","Star Bulk Carriers Corp.","NASDAQ",NA,"lab.Unmapped","2026-09-20T13:30:43Z","sec-exchange"
"MSGE","Madison Square Garden Entertainment Corp.","NYSE",NA,"lab.Unmapped","2026-09-20T13:30:43Z","sec-exchange"
"BMI","BADGER METER INC","NYSE",NA,"lab.Unmapped","2026-09-20T13:30:43Z","sec-exchange"
"DHT","DHT Holdings, Inc.","NYSE",NA,"lab.Unmapped","2026-09-20T13:30:43Z","sec-exchange"
"APLE","Apple Hospitality REIT, Inc.","NYSE",NA,"lab.Unmapped","2026-09-20T13:30:43Z","sec-exchange"
"HHH","Howard Hughes Holdings Inc.","NYSE",NA,"lab.Unmapped","2026-09-20T13:30:43Z","sec-exchange"
"RNST","RENASANT CORP","NYSE",NA,"lab.Unmapped","2026-09-20T13:30:43Z","sec-exchange"
"BANF","BANCFIRST CORP /OK/","NASDAQ",NA,"lab.Unmapped","2026-09-20T13:30:43Z","sec-exchange"
"IRTC","iRhythm Holdings, Inc.","NASDAQ",NA,"lab.Unmapped","2026-09-20T13:30:43Z","sec-exchange"
"DORM","Dorman Products, Inc.","NASDAQ",NA,"lab.Unmapped","2026-09-20T13:30:43Z","sec-exchange"
"TARS","Tarsus Pharmaceuticals, Inc.","NASDAQ",NA,"lab.Unmapped","2026-09-20T13:30:43Z","sec-exchange"
"SRAD","Sportradar Group AG","NASDAQ",NA,"lab.Unmapped","2026-09-20T13:30:43Z","sec-exchange"
"AKO-A","ANDINA BOTTLING CO INC","NYSE",NA,"lab.Unmapped","2026-09-20T13:30:43Z","sec-exchange"
"FLY","Firefly Aerospace Inc.","NASDAQ",NA,"lab.Unmapped","2026-09-20T13:30:43Z","sec-exchange"
"JOE","ST JOE Co","NYSE",NA,"lab.Unmapped","2026-09-20T13:30:43Z","sec-exchange"
"SYNA","SYNAPTICS Inc","NASDAQ",NA,"lab.Unmapped","2026-09-20T13:30:43Z","sec-exchange"
"QTWO","Q2 Holdings, Inc.","NYSE",NA,"lab.Unmapped","2026-09-20T13:30:43Z","sec-exchange"
"IRT","INDEPENDENCE REALTY TRUST, INC.","NYSE",NA,"lab.Unmapped","2026-09-20T13:30:43Z","sec-exchange"
"OPCH","Option Care Health, Inc.","NASDAQ",NA,"lab.Unmapped","2026-09-20T13:30:43Z","sec-exchange"
"MGNI","MAGNITE, INC.","NASDAQ",NA,"lab.Unmapped","2026-09-20T13:30:43Z","sec-exchange"
"ELVN","Enliven Therapeutics, Inc.","NASDAQ",NA,"lab.Unmapped","2026-09-20T13:30:43Z","sec-exchange"
"ZIM","ZIM Integrated Shipping Services Ltd.","NYSE",NA,"lab.Unmapped","2026-09-20T13:30:43Z","sec-exchange"
"PLMR","Palomar Holdings, Inc.","NASDAQ",NA,"lab.Unmapped","2026-09-20T13:30:43Z","sec-exchange"
"FA","FIRST ADVANTAGE CORP","NASDAQ",NA,"lab.Unmapped","2026-09-20T13:30:43Z","sec-exchange"
"PLSE","PULSE BIOSCIENCES, INC.","NASDAQ",NA,"lab.Unmapped","2026-09-20T13:30:43Z","sec-exchange"
"KTB","Kontoor Brands, Inc.","NYSE",NA,"lab.Unmapped","2026-09-20T13:30:43Z","sec-exchange"
"ATMU","Atmus Filtration Technologies Inc.","NYSE",NA,"lab.Unmapped","2026-09-20T13:30:43Z","sec-exchange"
"BATRA","Atlanta Braves Holdings, Inc.","NASDAQ",NA,"lab.Unmapped","2026-09-20T13:30:43Z","sec-exchange"
"LIFE","Ethos Technologies Inc.","NASDAQ",NA,"lab.Unmapped","2026-09-20T13:30:43Z","sec-exchange"
"VAC","MARRIOTT VACATIONS WORLDWIDE Corp","NYSE",NA,"lab.Unmapped","2026-09-20T13:30:43Z","sec-exchange"
"OGN","Organon & Co.","NYSE",NA,"lab.Unmapped","2026-09-20T13:30:43Z","sec-exchange"
"EROC","ERock, Inc.","NYSE",NA,"lab.Unmapped","2026-09-20T13:30:43Z","sec-exchange"
"LXP","LXP Industrial Trust","NYSE",NA,"lab.Unmapped","2026-09-20T13:30:43Z","sec-exchange"
"THO","THOR INDUSTRIES INC","NYSE",NA,"lab.Unmapped","2026-09-20T13:30:43Z","sec-exchange"
"MHO","M/I HOMES, INC.","NYSE",NA,"lab.Unmapped","2026-09-20T13:30:43Z","sec-exchange"
"CRVL","CORVEL CORP","NASDAQ",NA,"lab.Unmapped","2026-09-20T13:30:43Z","sec-exchange"
"CSTM","CONSTELLIUM SE","NYSE",NA,"lab.Unmapped","2026-09-20T13:30:43Z","sec-exchange"
"IPAR","INTERPARFUMS INC","NASDAQ",NA,"lab.Unmapped","2026-09-20T13:30:43Z","sec-exchange"
"FIBK","FIRST INTERSTATE BANCSYSTEM INC","NASDAQ",NA,"lab.Unmapped","2026-09-20T13:30:43Z","sec-exchange"
"GRAL","GRAIL, Inc.","NASDAQ",NA,"lab.Unmapped","2026-09-20T13:30:43Z","sec-exchange"
"POST","Post Holdings, Inc.","NYSE",NA,"lab.Unmapped","2026-09-20T13:30:43Z","sec-exchange"
"OLED","UNIVERSAL DISPLAY CORP \PA\","NASDAQ",NA,"lab.Unmapped","2026-09-20T13:30:43Z","sec-exchange"
"LAZ","Lazard, Inc.","NYSE",NA,"lab.Unmapped","2026-09-20T13:30:43Z","sec-exchange"
"FSM","FORTUNA MINING CORP.","NYSE",NA,"lab.Unmapped","2026-09-20T13:30:43Z","sec-exchange"
"GPGI","GPGI, Inc.","NYSE",NA,"lab.Unmapped","2026-09-20T13:30:43Z","sec-exchange"
"NIC","NICOLET BANKSHARES INC","NYSE",NA,"lab.Unmapped","2026-09-20T13:30:43Z","sec-exchange"
"NHC","NATIONAL HEALTHCARE CORP","NYSE",NA,"lab.Unmapped","2026-09-20T13:30:43Z","sec-exchange"
"LBTYA","Liberty Global Ltd.","NASDAQ",NA,"lab.Unmapped","2026-09-20T13:30:43Z","sec-exchange"
"TNK","TEEKAY TANKERS LTD.","NYSE",NA,"lab.Unmapped","2026-09-20T13:30:43Z","sec-exchange"
"CXW","CoreCivic, Inc.","NYSE",NA,"lab.Unmapped","2026-09-20T13:30:43Z","sec-exchange"
"PFSI","PennyMac Financial Services, Inc.","NYSE",NA,"lab.Unmapped","2026-09-20T13:30:43Z","sec-exchange"
"CALM","CAL-MAINE FOODS INC","NASDAQ",NA,"lab.Unmapped","2026-09-20T13:30:43Z","sec-exchange"
"HG","Hamilton Insurance Group, Ltd.","NYSE",NA,"lab.Unmapped","2026-09-20T13:30:43Z","sec-exchange"
"ERO","Ero Copper Corp.","NYSE",NA,"lab.Unmapped","2026-09-20T13:30:43Z","sec-exchange"
"HIW","HIGHWOODS PROPERTIES, INC.","NYSE",NA,"lab.Unmapped","2026-09-20T13:30:43Z","sec-exchange"
"VVV","VALVOLINE INC","NYSE",NA,"lab.Unmapped","2026-09-20T13:30:43Z","sec-exchange"
"BBWI","Bath & Body Works, Inc.","NYSE",NA,"lab.Unmapped","2026-09-20T13:30:43Z","sec-exchange"
"AWR","AMERICAN STATES WATER CO","NYSE",NA,"lab.Unmapped","2026-09-20T13:30:43Z","sec-exchange"
"CLSK","CLEANSPARK, INC.","NASDAQ",NA,"lab.Unmapped","2026-09-20T13:30:43Z","sec-exchange"
"VKTX","Viking Therapeutics, Inc.","NASDAQ",NA,"lab.Unmapped","2026-09-20T13:30:43Z","sec-exchange"
"PVH","PVH CORP. /DE/","NYSE",NA,"lab.Unmapped","2026-09-20T13:30:43Z","sec-exchange"
"LEGN","Legend Biotech Corp","NASDAQ",NA,"lab.Unmapped","2026-09-20T13:30:43Z","sec-exchange"
"MWA","Mueller Water Products, Inc.","NYSE",NA,"lab.Unmapped","2026-09-20T13:30:43Z","sec-exchange"
"MCHB","Mechanics Bancorp","NASDAQ",NA,"lab.Unmapped","2026-09-20T13:30:43Z","sec-exchange"
"NHI","NATIONAL HEALTH INVESTORS INC","NYSE",NA,"lab.Unmapped","2026-09-20T13:30:43Z","sec-exchange"
"BTE","BAYTEX ENERGY CORP.","NYSE",NA,"lab.Unmapped","2026-09-20T13:30:43Z","sec-exchange"
"NMRK","NEWMARK GROUP, INC.","NASDAQ",NA,"lab.Unmapped","2026-09-20T13:30:43Z","sec-exchange"
"NATL","NCR Atleos Corp","NYSE",NA,"lab.Unmapped","2026-09-20T13:30:43Z","sec-exchange"
"FFBC","FIRST FINANCIAL BANCORP /OH/","NASDAQ",NA,"lab.Unmapped","2026-09-20T13:30:43Z","sec-exchange"
"ABG","ASBURY AUTOMOTIVE GROUP INC","NYSE",NA,"lab.Unmapped","2026-09-20T13:30:43Z","sec-exchange"
"WT","WisdomTree, Inc.","NYSE",NA,"lab.Unmapped","2026-09-20T13:30:43Z","sec-exchange"
"LION","Lionsgate Studios Corp.","NYSE",NA,"lab.Unmapped","2026-09-20T13:30:43Z","sec-exchange"
"AB","ALLIANCEBERNSTEIN HOLDING L.P.","NYSE",NA,"lab.Unmapped","2026-09-20T13:30:43Z","sec-exchange"
"WIX","Wix.com Ltd.","NASDAQ",NA,"lab.Unmapped","2026-09-20T13:30:43Z","sec-exchange"
"ECO","Okeanis Eco Tankers Corp.","NYSE",NA,"lab.Unmapped","2026-09-20T13:30:43Z","sec-exchange"
"BTU","PEABODY ENERGY CORP","NYSE",NA,"lab.Unmapped","2026-09-20T13:30:43Z","sec-exchange"
"ARLP","ALLIANCE RESOURCE PARTNERS LP","NASDAQ",NA,"lab.Unmapped","2026-09-20T13:30:43Z","sec-exchange"
"LRN","Stride, Inc.","NYSE",NA,"lab.Unmapped","2026-09-20T13:30:43Z","sec-exchange"
"HTGC","Hercules Capital, Inc.","NYSE",NA,"lab.Unmapped","2026-09-20T13:30:43Z","sec-exchange"
"HNI","HNI CORP","NYSE",NA,"lab.Unmapped","2026-09-20T13:30:43Z","sec-exchange"
"GBDC","GOLUB CAPITAL BDC, Inc.","NASDAQ",NA,"lab.Unmapped","2026-09-20T13:30:43Z","sec-exchange"
"UTG","REAVES UTILITY INCOME FUND","NYSE",NA,"lab.Unmapped","2026-09-20T13:30:43Z","sec-exchange"
"PRK","PARK NATIONAL CORP /OH/","NYSE",NA,"lab.Unmapped","2026-09-20T13:30:43Z","sec-exchange"
"FRSH","Freshworks Inc.","NASDAQ",NA,"lab.Unmapped","2026-09-20T13:30:43Z","sec-exchange"
"SFNC","SIMMONS FIRST NATIONAL CORP","NASDAQ",NA,"lab.Unmapped","2026-09-20T13:30:43Z","sec-exchange"
"VGNT","Versigent PLC","NYSE",NA,"lab.Unmapped","2026-09-20T13:30:43Z","sec-exchange"
"USLM","UNITED STATES LIME & MINERALS INC","NASDAQ",NA,"lab.Unmapped","2026-09-20T13:30:43Z","sec-exchange"
"CURB","Curbline Properties Corp.","NYSE",NA,"lab.Unmapped","2026-09-20T13:30:43Z","sec-exchange"
"DAN","DANA Inc","NYSE",NA,"lab.Unmapped","2026-09-20T13:30:43Z","sec-exchange"
"SA","SEABRIDGE GOLD INC","NYSE",NA,"lab.Unmapped","2026-09-20T13:30:43Z","sec-exchange"
"DYN","Dyne Therapeutics, Inc.","NASDAQ",NA,"lab.Unmapped","2026-09-20T13:30:43Z","sec-exchange"
"COCO","Vita Coco Company, Inc.","NASDAQ",NA,"lab.Unmapped","2026-09-20T13:30:43Z","sec-exchange"
"WSC","WillScot Holdings Corp","NASDAQ",NA,"lab.Unmapped","2026-09-20T13:30:43Z","sec-exchange"
"CBU","COMMUNITY FINANCIAL SYSTEM, INC.","NYSE",NA,"lab.Unmapped","2026-09-20T13:30:43Z","sec-exchange"
"FOUR","Shift4 Payments, Inc.","NYSE",NA,"lab.Unmapped","2026-09-20T13:30:43Z","sec-exchange"
"DKL","Delek Logistics Partners, LP","NYSE",NA,"lab.Unmapped","2026-09-20T13:30:43Z","sec-exchange"
"RXO","RXO, Inc.","NYSE",NA,"lab.Unmapped","2026-09-20T13:30:43Z","sec-exchange"
"LIF","Life360, Inc.","NASDAQ",NA,"lab.Unmapped","2026-09-20T13:30:43Z","sec-exchange"
"CSQ","CALAMOS STRATEGIC TOTAL RETURN FUND","NASDAQ",NA,"lab.Unmapped","2026-09-20T13:30:43Z","sec-exchange"
"IPGP","IPG PHOTONICS CORP","NASDAQ",NA,"lab.Unmapped","2026-09-20T13:30:43Z","sec-exchange"
"NG","NOVAGOLD RESOURCES INC","NYSE",NA,"lab.Unmapped","2026-09-20T13:30:43Z","sec-exchange"
"SBCF","SEACOAST BANKING CORP OF FLORIDA","NASDAQ",NA,"lab.Unmapped","2026-09-20T13:30:43Z","sec-exchange"
"BFAM","BRIGHT HORIZONS FAMILY SOLUTIONS INC.","NYSE",NA,"lab.Unmapped","2026-09-20T13:30:43Z","sec-exchange"
"FSK","FS KKR Capital Corp","NYSE",NA,"lab.Unmapped","2026-09-20T13:30:43Z","sec-exchange"
"EXPO","EXPONENT INC","NASDAQ",NA,"lab.Unmapped","2026-09-20T13:30:43Z","sec-exchange"
"NESR","National Energy Services Reunited Corp.","NASDAQ",NA,"lab.Unmapped","2026-09-20T13:30:43Z","sec-exchange"
"NMIH","NMI Holdings, Inc.","NASDAQ",NA,"lab.Unmapped","2026-09-20T13:30:43Z","sec-exchange"
"QS","QuantumScape Corp","NASDAQ",NA,"lab.Unmapped","2026-09-20T13:30:43Z","sec-exchange"
"ACLS","AXCELIS TECHNOLOGIES INC","NASDAQ",NA,"lab.Unmapped","2026-09-20T13:30:43Z","sec-exchange"
"VCYT","VERACYTE, INC.","NASDAQ",NA,"lab.Unmapped","2026-09-20T13:30:43Z","sec-exchange"
"AAMI","Acadian Asset Management Inc.","NYSE",NA,"lab.Unmapped","2026-09-20T13:30:43Z","sec-exchange"
"SII","SPROTT INC.","NYSE",NA,"lab.Unmapped","2026-09-20T13:30:43Z","sec-exchange"
"RCUS","Arcus Biosciences, Inc.","NYSE",NA,"lab.Unmapped","2026-09-20T13:30:43Z","sec-exchange"
"ASH","ASHLAND INC.","NYSE",NA,"lab.Unmapped","2026-09-20T13:30:43Z","sec-exchange"
"AD","ARRAY DIGITAL INFRASTRUCTURE, INC.","NYSE",NA,"lab.Unmapped","2026-09-20T13:30:43Z","sec-exchange"
"ADX","ADAMS DIVERSIFIED EQUITY FUND, INC.","NYSE",NA,"lab.Unmapped","2026-09-20T13:30:43Z","sec-exchange"
"ARQT","Arcutis Biotherapeutics, Inc.","NASDAQ",NA,"lab.Unmapped","2026-09-20T13:30:43Z","sec-exchange"
"NEA","Nuveen AMT-Free Quality Municipal Income Fund","NYSE",NA,"lab.Unmapped","2026-09-20T13:30:43Z","sec-exchange"
"DNLI","Denali Therapeutics Inc.","NASDAQ",NA,"lab.Unmapped","2026-09-20T13:30:43Z","sec-exchange"
"UUUU","ENERGY FUELS INC","NYSE",NA,"lab.Unmapped","2026-09-20T13:30:43Z","sec-exchange"
"BKU","BankUnited, Inc.","NYSE",NA,"lab.Unmapped","2026-09-20T13:30:43Z","sec-exchange"
"ATKR","Atkore Inc.","NYSE",NA,"lab.Unmapped","2026-09-20T13:30:43Z","sec-exchange"
"KAI","KADANT INC","NYSE",NA,"lab.Unmapped","2026-09-20T13:30:43Z","sec-exchange"
"PII","Polaris Inc.","NYSE",NA,"lab.Unmapped","2026-09-20T13:30:43Z","sec-exchange"
"OSIS","OSI SYSTEMS INC","NASDAQ",NA,"lab.Unmapped","2026-09-20T13:30:43Z","sec-exchange"
"SXI","STANDEX INTERNATIONAL CORP/DE/","NYSE",NA,"lab.Unmapped","2026-09-20T13:30:43Z","sec-exchange"
"SMG","SCOTTS MIRACLE-GRO CO","NYSE",NA,"lab.Unmapped","2026-09-20T13:30:43Z","sec-exchange"
"INFQ","Infleqtion, Inc.","NYSE",NA,"lab.Unmapped","2026-09-20T13:30:43Z","sec-exchange"
"CPK","CHESAPEAKE UTILITIES CORP","NYSE",NA,"lab.Unmapped","2026-09-20T13:30:43Z","sec-exchange"
"AGO","ASSURED GUARANTY LTD","NYSE",NA,"lab.Unmapped","2026-09-20T13:30:43Z","sec-exchange"
"BSM","Black Stone Minerals, L.P.","NYSE",NA,"lab.Unmapped","2026-09-20T13:30:43Z","sec-exchange"
"FHB","FIRST HAWAIIAN, INC.","NASDAQ",NA,"lab.Unmapped","2026-09-20T13:30:43Z","sec-exchange"
"EROK","EagleRock Land, LLC","NYSE",NA,"lab.Unmapped","2026-09-20T13:30:43Z","sec-exchange"
"LBRT","Liberty Energy Inc.","NYSE",NA,"lab.Unmapped","2026-09-20T13:30:43Z","sec-exchange"
"TNET","TRINET GROUP, INC.","NYSE",NA,"lab.Unmapped","2026-09-20T13:30:43Z","sec-exchange"
"FRMI","Fermi Inc.","NASDAQ",NA,"lab.Unmapped","2026-09-20T13:30:43Z","sec-exchange"
"BWIN","Baldwin Insurance Group, Inc.","NASDAQ",NA,"lab.Unmapped","2026-09-20T13:30:43Z","sec-exchange"
"KNF","Knife River Corp","NYSE",NA,"lab.Unmapped","2026-09-20T13:30:43Z","sec-exchange"
"VTMX","Vesta Real Estate Corporation, S.A.B. de C.V.","NYSE",NA,"lab.Unmapped","2026-09-20T13:30:43Z","sec-exchange"
"ASO","Academy Sports & Outdoors, Inc.","NASDAQ",NA,"lab.Unmapped","2026-09-20T13:30:43Z","sec-exchange"
"CLDX","Celldex Therapeutics, Inc.","NASDAQ",NA,"lab.Unmapped","2026-09-20T13:30:43Z","sec-exchange"
"BTDR","Bitdeer Technologies Group","NASDAQ",NA,"lab.Unmapped","2026-09-20T13:30:43Z","sec-exchange"
"MBX","MBX Biosciences, Inc.","NASDAQ",NA,"lab.Unmapped","2026-09-20T13:30:43Z","sec-exchange"
"AVA","AVISTA CORP","NYSE",NA,"lab.Unmapped","2026-09-20T13:30:43Z","sec-exchange"
"SHOO","STEVEN MADDEN, LTD.","NASDAQ",NA,"lab.Unmapped","2026-09-20T13:30:43Z","sec-exchange"
"AVAH","Aveanna Healthcare Holdings, Inc.","NASDAQ",NA,"lab.Unmapped","2026-09-20T13:30:43Z","sec-exchange"
"QURE","uniQure N.V.","NASDAQ",NA,"lab.Unmapped","2026-09-20T13:30:43Z","sec-exchange"
"DX","DYNEX CAPITAL INC","NYSE",NA,"lab.Unmapped","2026-09-20T13:30:43Z","sec-exchange"
"FG","F&G Annuities & Life, Inc.","NYSE",NA,"lab.Unmapped","2026-09-20T13:30:43Z","sec-exchange"
"UCTT","Ultra Clean Holdings, Inc.","NASDAQ",NA,"lab.Unmapped","2026-09-20T13:30:43Z","sec-exchange"
"KYIV","Kyivstar Group Ltd.","NASDAQ",NA,"lab.Unmapped","2026-09-20T13:30:43Z","sec-exchange"
"LEU","CENTRUS ENERGY CORP","NYSE",NA,"lab.Unmapped","2026-09-20T13:30:43Z","sec-exchange"
"YETI","YETI Holdings, Inc.","NYSE",NA,"lab.Unmapped","2026-09-20T13:30:43Z","sec-exchange"
"WGS","GeneDx Holdings Corp.","NASDAQ",NA,"lab.Unmapped","2026-09-20T13:30:43Z","sec-exchange"
"PK","Park Hotels & Resorts Inc.","NYSE",NA,"lab.Unmapped","2026-09-20T13:30:43Z","sec-exchange"
"TGB","Trekor Metals Ltd","NYSE",NA,"lab.Unmapped","2026-09-20T13:30:43Z","sec-exchange"
"GPI","GROUP 1 AUTOMOTIVE INC","NYSE",NA,"lab.Unmapped","2026-09-20T13:30:43Z","sec-exchange"
"PFS","PROVIDENT FINANCIAL SERVICES INC","NYSE",NA,"lab.Unmapped","2026-09-20T13:30:43Z","sec-exchange"
"CARG","CarGurus, Inc.","NASDAQ",NA,"lab.Unmapped","2026-09-20T13:30:43Z","sec-exchange"
"KN","Knowles Corp","NYSE",NA,"lab.Unmapped","2026-09-20T13:30:43Z","sec-exchange"
"AAUC","Allied Gold Corp","NYSE",NA,"lab.Unmapped","2026-09-20T13:30:43Z","sec-exchange"
"PLUG","PLUG POWER INC","NASDAQ",NA,"lab.Unmapped","2026-09-20T13:30:43Z","sec-exchange"
"LPL","LG Display Co., Ltd.","NYSE",NA,"lab.Unmapped","2026-09-20T13:30:43Z","sec-exchange"
"EXK","ENDEAVOUR SILVER CORP","NYSE",NA,"lab.Unmapped","2026-09-20T13:30:43Z","sec-exchange"
"SDRL","SEADRILL Ltd","NYSE",NA,"lab.Unmapped","2026-09-20T13:30:43Z","sec-exchange"
"BBAR","Banco BBVA Argentina S.A.","NYSE",NA,"lab.Unmapped","2026-09-20T13:30:43Z","sec-exchange"
"FIZZ","NATIONAL BEVERAGE CORP","NASDAQ",NA,"lab.Unmapped","2026-09-20T13:30:43Z","sec-exchange"
"TMDX","TransMedics Group, Inc.","NASDAQ",NA,"lab.Unmapped","2026-09-20T13:30:43Z","sec-exchange"
"AMBA","AMBARELLA INC","NASDAQ",NA,"lab.Unmapped","2026-09-20T13:30:43Z","sec-exchange"
"PONY","Pony AI Inc.","NASDAQ",NA,"lab.Unmapped","2026-09-20T13:30:43Z","sec-exchange"
"KBH","KB HOME","NYSE",NA,"lab.Unmapped","2026-09-20T13:30:43Z","sec-exchange"
"DBRG","DigitalBridge Group, Inc.","NYSE",NA,"lab.Unmapped","2026-09-20T13:30:43Z","sec-exchange"
"WRBY","Warby Parker Inc.","NYSE",NA,"lab.Unmapped","2026-09-20T13:30:43Z","sec-exchange"
"MMS","MAXIMUS, INC.","NYSE",NA,"lab.Unmapped","2026-09-20T13:30:43Z","sec-exchange"
"CSQR","Csquare, Inc.","NYSE",NA,"lab.Unmapped","2026-09-20T13:30:43Z","sec-exchange"
"FRPT","Freshpet, Inc.","NASDAQ",NA,"lab.Unmapped","2026-09-20T13:30:43Z","sec-exchange"
"CWT","CALIFORNIA WATER SERVICE GROUP","NYSE",NA,"lab.Unmapped","2026-09-20T13:30:43Z","sec-exchange"
"ATRC","AtriCure, Inc.","NASDAQ",NA,"lab.Unmapped","2026-09-20T13:30:43Z","sec-exchange"
"CBZ","CBIZ, Inc.","NYSE",NA,"lab.Unmapped","2026-09-20T13:30:43Z","sec-exchange"
"AEHR","AEHR TEST SYSTEMS","NASDAQ",NA,"lab.Unmapped","2026-09-20T13:30:43Z","sec-exchange"
"SLDE","Slide Insurance Holdings, Inc.","NASDAQ",NA,"lab.Unmapped","2026-09-20T13:30:43Z","sec-exchange"
"BOH","BANK OF HAWAII CORP","NYSE",NA,"lab.Unmapped","2026-09-20T13:30:43Z","sec-exchange"
"LFTO","Liftoff Mobile, Inc.","NASDAQ",NA,"lab.Unmapped","2026-09-20T13:30:43Z","sec-exchange"
"COLM","COLUMBIA SPORTSWEAR CO","NASDAQ",NA,"lab.Unmapped","2026-09-20T13:30:43Z","sec-exchange"
"CWK","Cushman & Wakefield Ltd.","NYSE",NA,"lab.Unmapped","2026-09-20T13:30:43Z","sec-exchange"
"BANC","BANC OF CALIFORNIA, INC.","NYSE",NA,"lab.Unmapped","2026-09-20T13:30:43Z","sec-exchange"
"EXTR","EXTREME NETWORKS INC","NASDAQ",NA,"lab.Unmapped","2026-09-20T13:30:43Z","sec-exchange"
"PPTA","PERPETUA RESOURCES CORP.","NASDAQ",NA,"lab.Unmapped","2026-09-20T13:30:43Z","sec-exchange"
"NVTS","Navitas Semiconductor Corp","NASDAQ",NA,"lab.Unmapped","2026-09-20T13:30:43Z","sec-exchange"
"CHRN","ChronoScale Holdings Corp","NASDAQ",NA,"lab.Unmapped","2026-09-20T13:30:43Z","sec-exchange"
"CLBT","Cellebrite DI Ltd.","NASDAQ",NA,"lab.Unmapped","2026-09-20T13:30:43Z","sec-exchange"
"GPK","GRAPHIC PACKAGING HOLDING CO","NYSE",NA,"lab.Unmapped","2026-09-20T13:30:43Z","sec-exchange"
"WOR","WORTHINGTON ENTERPRISES, INC.","NYSE",NA,"lab.Unmapped","2026-09-20T13:30:43Z","sec-exchange"
"AGYS","AGILYSYS INC","NASDAQ",NA,"lab.Unmapped","2026-09-20T13:30:43Z","sec-exchange"
"ZLAB","Zai Lab Ltd","NASDAQ",NA,"lab.Unmapped","2026-09-20T13:30:43Z","sec-exchange"
"WTTR","Select Water Solutions, Inc.","NYSE",NA,"lab.Unmapped","2026-09-20T13:30:43Z","sec-exchange"
"ABM","ABM INDUSTRIES INC /DE/","NYSE",NA,"lab.Unmapped","2026-09-20T13:30:43Z","sec-exchange"
"ARCB","ARCBEST CORP /TX/","NASDAQ",NA,"lab.Unmapped","2026-09-20T13:30:43Z","sec-exchange"
"SPSC","SPS COMMERCE INC","NASDAQ",NA,"lab.Unmapped","2026-09-20T13:30:43Z","sec-exchange"
"GRBK","Green Brick Partners, Inc.","NYSE",NA,"lab.Unmapped","2026-09-20T13:30:43Z","sec-exchange"
"DNOW","DNOW Inc.","NYSE",NA,"lab.Unmapped","2026-09-20T13:30:43Z","sec-exchange"
"RDW","Redwire Corp","NYSE",NA,"lab.Unmapped","2026-09-20T13:30:43Z","sec-exchange"
"HGV","Hilton Grand Vacations Inc.","NYSE",NA,"lab.Unmapped","2026-09-20T13:30:43Z","sec-exchange"
"TALO","TALOS ENERGY INC.","NYSE",NA,"lab.Unmapped","2026-09-20T13:30:43Z","sec-exchange"
"AMBP","Ardagh Metal Packaging S.A.","NYSE",NA,"lab.Unmapped","2026-09-20T13:30:43Z","sec-exchange"
"GPOR","GULFPORT ENERGY CORP","NYSE",NA,"lab.Unmapped","2026-09-20T13:30:43Z","sec-exchange"
"GRDN","Guardian Pharmacy Services, Inc.","NYSE",NA,"lab.Unmapped","2026-09-20T13:30:43Z","sec-exchange"
"AVPT","AvePoint, Inc.","NASDAQ",NA,"lab.Unmapped","2026-09-20T13:30:43Z","sec-exchange"
"IHS","IHS Holding Ltd","NYSE",NA,"lab.Unmapped","2026-09-20T13:30:43Z","sec-exchange"
"DXPE","DXP ENTERPRISES INC","NASDAQ",NA,"lab.Unmapped","2026-09-20T13:30:43Z","sec-exchange"
"NTCT","NETSCOUT SYSTEMS INC","NASDAQ",NA,"lab.Unmapped","2026-09-20T13:30:43Z","sec-exchange"
"SPNT","SiriusPoint Ltd","NYSE",NA,"lab.Unmapped","2026-09-20T13:30:43Z","sec-exchange"
"MGEE","MGE ENERGY INC","NASDAQ",NA,"lab.Unmapped","2026-09-20T13:30:43Z","sec-exchange"
"BHF","Brighthouse Financial, Inc.","NASDAQ",NA,"lab.Unmapped","2026-09-20T13:30:43Z","sec-exchange"
"KD","Kyndryl Holdings, Inc.","NYSE",NA,"lab.Unmapped","2026-09-20T13:30:43Z","sec-exchange"
"IMAX","IMAX CORP","NYSE",NA,"lab.Unmapped","2026-09-20T13:30:43Z","sec-exchange"
"WING","Wingstop Inc.","NASDAQ",NA,"lab.Unmapped","2026-09-20T13:30:43Z","sec-exchange"
"TR","TOOTSIE ROLL INDUSTRIES INC","NYSE",NA,"lab.Unmapped","2026-09-20T13:30:43Z","sec-exchange"
"BRZE","Braze, Inc.","NASDAQ",NA,"lab.Unmapped","2026-09-20T13:30:43Z","sec-exchange"
"BELFA","BEL FUSE INC /NJ","NASDAQ",NA,"lab.Unmapped","2026-09-20T13:30:43Z","sec-exchange"
"AKR","ACADIA REALTY TRUST","NYSE",NA,"lab.Unmapped","2026-09-20T13:30:43Z","sec-exchange"
"NEOG","NEOGEN CORP","NASDAQ",NA,"lab.Unmapped","2026-09-20T13:30:43Z","sec-exchange"
"REZI","RESIDEO TECHNOLOGIES, INC.","NYSE",NA,"lab.Unmapped","2026-09-20T13:30:43Z","sec-exchange"
"CDNA","CareDx, Inc.","NASDAQ",NA,"lab.Unmapped","2026-09-20T13:30:43Z","sec-exchange"
"HOS","HORNBECK OFFSHORE SERVICES, INC.","NYSE",NA,"lab.Unmapped","2026-09-20T13:30:43Z","sec-exchange"
"KC","Kingsoft Cloud Holdings Ltd","NASDAQ",NA,"lab.Unmapped","2026-09-20T13:30:43Z","sec-exchange"
"INTA","Intapp, Inc.","NASDAQ",NA,"lab.Unmapped","2026-09-20T13:30:43Z","sec-exchange"
"UNFI","UNITED NATURAL FOODS INC","NYSE",NA,"lab.Unmapped","2026-09-20T13:30:43Z","sec-exchange"
"BKD","Brookdale Senior Living Inc.","NYSE",NA,"lab.Unmapped","2026-09-20T13:30:43Z","sec-exchange"
"PGEN","PRECIGEN, INC.","NASDAQ",NA,"lab.Unmapped","2026-09-20T13:30:43Z","sec-exchange"
"ADEA","Adeia Inc.","NASDAQ",NA,"lab.Unmapped","2026-09-20T13:30:43Z","sec-exchange"
"PPLI","People Inc","NASDAQ",NA,"lab.Unmapped","2026-09-20T13:30:43Z","sec-exchange"
"UE","Urban Edge Properties","NYSE",NA,"lab.Unmapped","2026-09-20T13:30:43Z","sec-exchange"
"MZTI","MARZETTI CO","NASDAQ",NA,"lab.Unmapped","2026-09-20T13:30:43Z","sec-exchange"
"HOG","HARLEY-DAVIDSON, INC.","NYSE",NA,"lab.Unmapped","2026-09-20T13:30:43Z","sec-exchange"
"ATRO","ASTRONICS CORP","NASDAQ",NA,"lab.Unmapped","2026-09-20T13:30:43Z","sec-exchange"
"EFXT","Enerflex Ltd.","NYSE",NA,"lab.Unmapped","2026-09-20T13:30:43Z","sec-exchange"
"LCLN","Lincoln International, Inc.","NYSE",NA,"lab.Unmapped","2026-09-20T13:30:43Z","sec-exchange"
"HAYW","Hayward Holdings, Inc.","NYSE",NA,"lab.Unmapped","2026-09-20T13:30:43Z","sec-exchange"
"POWI","POWER INTEGRATIONS INC","NASDAQ",NA,"lab.Unmapped","2026-09-20T13:30:43Z","sec-exchange"
"TRMK","TRUSTMARK CORP","NASDAQ",NA,"lab.Unmapped","2026-09-20T13:30:43Z","sec-exchange"
"FUL","FULLER H B CO","NYSE",NA,"lab.Unmapped","2026-09-20T13:30:43Z","sec-exchange"
"NMM","Navios Maritime Partners L.P.","NYSE",NA,"lab.Unmapped","2026-09-20T13:30:43Z","sec-exchange"
"DGII","DIGI INTERNATIONAL INC","NASDAQ",NA,"lab.Unmapped","2026-09-20T13:30:43Z","sec-exchange"
"ASST","Strive, Inc.","NASDAQ",NA,"lab.Unmapped","2026-09-20T13:30:43Z","sec-exchange"
"APPN","APPIAN CORP","NASDAQ",NA,"lab.Unmapped","2026-09-20T13:30:43Z","sec-exchange"
"TDC","TERADATA CORP /DE/","NYSE",NA,"lab.Unmapped","2026-09-20T13:30:43Z","sec-exchange"
"IMNM","Immunome Inc.","NASDAQ",NA,"lab.Unmapped","2026-09-20T13:30:43Z","sec-exchange"
"MRVI","MARAVAI LIFESCIENCES HOLDINGS, INC.","NASDAQ",NA,"lab.Unmapped","2026-09-20T13:30:43Z","sec-exchange"
"MGRC","MCGRATH RENTCORP","NASDAQ",NA,"lab.Unmapped","2026-09-20T13:30:43Z","sec-exchange"
"KWR","QUAKER CHEMICAL CORP","NYSE",NA,"lab.Unmapped","2026-09-20T13:30:43Z","sec-exchange"
"NOG","NORTHERN OIL & GAS, INC.","NYSE",NA,"lab.Unmapped","2026-09-20T13:30:43Z","sec-exchange"
"FBK","FB Financial Corp","NYSE",NA,"lab.Unmapped","2026-09-20T13:30:43Z","sec-exchange"
"SVM","SILVERCORP METALS INC","NYSE",NA,"lab.Unmapped","2026-09-20T13:30:43Z","sec-exchange"
"SOUN","SOUNDHOUND AI, INC.","NASDAQ",NA,"lab.Unmapped","2026-09-20T13:30:43Z","sec-exchange"
"GRND","Grindr Inc.","NYSE",NA,"lab.Unmapped","2026-09-20T13:30:43Z","sec-exchange"
"BHE","BENCHMARK ELECTRONICS INC","NYSE",NA,"lab.Unmapped","2026-09-20T13:30:43Z","sec-exchange"
"NBTB","NBT BANCORP INC","NASDAQ",NA,"lab.Unmapped","2026-09-20T13:30:43Z","sec-exchange"
"ALRM","Alarm.com Holdings, Inc.","NASDAQ",NA,"lab.Unmapped","2026-09-20T13:30:43Z","sec-exchange"
"PENG","Penguin Solutions, Inc.","NASDAQ",NA,"lab.Unmapped","2026-09-20T13:30:43Z","sec-exchange"
"JPC","Nuveen Preferred & Income Opportunities Fund","NYSE",NA,"lab.Unmapped","2026-09-20T13:30:43Z","sec-exchange"
"CALY","Callaway Golf Co","NYSE",NA,"lab.Unmapped","2026-09-20T13:30:43Z","sec-exchange"
"PHVS","Pharvaris N.V.","NASDAQ",NA,"lab.Unmapped","2026-09-20T13:30:43Z","sec-exchange"
"AXGN","Axogen, Inc.","NASDAQ",NA,"lab.Unmapped","2026-09-20T13:30:43Z","sec-exchange"
"MAN","ManpowerGroup Inc.","NYSE",NA,"lab.Unmapped","2026-09-20T13:30:43Z","sec-exchange"
"TSAT","Telesat Corp","NASDAQ",NA,"lab.Unmapped","2026-09-20T13:30:43Z","sec-exchange"
"PAGS","PagSeguro Digital Ltd.","NYSE",NA,"lab.Unmapped","2026-09-20T13:30:43Z","sec-exchange"
"NRIX","Nurix Therapeutics, Inc.","NASDAQ",NA,"lab.Unmapped","2026-09-20T13:30:43Z","sec-exchange"
"HTO","H2O AMERICA","NASDAQ",NA,"lab.Unmapped","2026-09-20T13:30:43Z","sec-exchange"
"ACHC","Acadia Healthcare Company, Inc.","NASDAQ",NA,"lab.Unmapped","2026-09-20T13:30:43Z","sec-exchange"
"IRON","Disc Medicine, Inc.","NASDAQ",NA,"lab.Unmapped","2026-09-20T13:30:43Z","sec-exchange"
"CUBI","Customers Bancorp, Inc.","NYSE",NA,"lab.Unmapped","2026-09-20T13:30:43Z","sec-exchange"
"BCC","BOISE CASCADE Co","NYSE",NA,"lab.Unmapped","2026-09-20T13:30:43Z","sec-exchange"
"CXT","Crane NXT, Co.","NYSE",NA,"lab.Unmapped","2026-09-20T13:30:43Z","sec-exchange"
"MNSO","MINISO Group Holding Ltd","NYSE",NA,"lab.Unmapped","2026-09-20T13:30:43Z","sec-exchange"
"VC","VISTEON CORP","NASDAQ",NA,"lab.Unmapped","2026-09-20T13:30:43Z","sec-exchange"
"DNN","DENISON MINES CORP.","NYSE",NA,"lab.Unmapped","2026-09-20T13:30:43Z","sec-exchange"
"BANR","BANNER CORP","NASDAQ",NA,"lab.Unmapped","2026-09-20T13:30:43Z","sec-exchange"
"APAM","Artisan Partners Asset Management Inc.","NYSE",NA,"lab.Unmapped","2026-09-20T13:30:43Z","sec-exchange"
"BBT","Beacon Financial Corp","NYSE",NA,"lab.Unmapped","2026-09-20T13:30:43Z","sec-exchange"
"PRVA","Privia Health Group, Inc.","NASDAQ",NA,"lab.Unmapped","2026-09-20T13:30:43Z","sec-exchange"
"FBNC","FIRST BANCORP /NC/","NASDAQ",NA,"lab.Unmapped","2026-09-20T13:30:43Z","sec-exchange"
"COHU","COHU INC","NASDAQ",NA,"lab.Unmapped","2026-09-20T13:30:43Z","sec-exchange"
"FRME","FIRST MERCHANTS CORP","NASDAQ",NA,"lab.Unmapped","2026-09-20T13:30:43Z","sec-exchange"
"BEAM","Beam Therapeutics Inc.","NASDAQ",NA,"lab.Unmapped","2026-09-20T13:30:43Z","sec-exchange"
"KALU","KAISER ALUMINUM CORP","NASDAQ",NA,"lab.Unmapped","2026-09-20T13:30:43Z","sec-exchange"
"TTAM","Titan America SA","NYSE",NA,"lab.Unmapped","2026-09-20T13:30:43Z","sec-exchange"
"OUST","Ouster, Inc.","NASDAQ",NA,"lab.Unmapped","2026-09-20T13:30:43Z","sec-exchange"
"EEFT","EURONET WORLDWIDE, INC.","NASDAQ",NA,"lab.Unmapped","2026-09-20T13:30:43Z","sec-exchange"
"CENT","CENTRAL GARDEN & PET CO","NASDAQ",NA,"lab.Unmapped","2026-09-20T13:30:43Z","sec-exchange"
"NAMS","NewAmsterdam Pharma Co N.V.","NASDAQ",NA,"lab.Unmapped","2026-09-20T13:30:43Z","sec-exchange"
"BRVE","Braveheart Bio, Inc.","NASDAQ",NA,"lab.Unmapped","2026-09-20T13:30:43Z","sec-exchange"
"NN","NEXTNAV INC.","NASDAQ",NA,"lab.Unmapped","2026-09-20T13:30:43Z","sec-exchange"
"GPCR","Structure Therapeutics Inc.","NASDAQ",NA,"lab.Unmapped","2026-09-20T13:30:43Z","sec-exchange"
"FIVN","Five9, Inc.","NASDAQ",NA,"lab.Unmapped","2026-09-20T13:30:43Z","sec-exchange"
"WDFC","WD 40 CO","NASDAQ",NA,"lab.Unmapped","2026-09-20T13:30:43Z","sec-exchange"
"NEO","NEOGENOMICS INC","NASDAQ",NA,"lab.Unmapped","2026-09-20T13:30:43Z","sec-exchange"
"AAP","ADVANCE AUTO PARTS INC","NYSE",NA,"lab.Unmapped","2026-09-20T13:30:43Z","sec-exchange"
"DRH","DiamondRock Hospitality Co","NASDAQ",NA,"lab.Unmapped","2026-09-20T13:30:43Z","sec-exchange"
"NAD","Nuveen Quality Municipal Income Fund","NYSE",NA,"lab.Unmapped","2026-09-20T13:30:43Z","sec-exchange"
"HWKN","HAWKINS INC","NASDAQ",NA,"lab.Unmapped","2026-09-20T13:30:43Z","sec-exchange"
"SKWD","Skyward Specialty Insurance Group, Inc.","NASDAQ",NA,"lab.Unmapped","2026-09-20T13:30:43Z","sec-exchange"
"GDV","GABELLI DIVIDEND & INCOME TRUST","NYSE",NA,"lab.Unmapped","2026-09-20T13:30:43Z","sec-exchange"
"LPG","DORIAN LPG LTD.","NYSE",NA,"lab.Unmapped","2026-09-20T13:30:43Z","sec-exchange"
"VECO","VEECO INSTRUMENTS INC","NASDAQ",NA,"lab.Unmapped","2026-09-20T13:30:43Z","sec-exchange"
"FCPT","Four Corners Property Trust, Inc.","NYSE",NA,"lab.Unmapped","2026-09-20T13:30:43Z","sec-exchange"
"AEO","AMERICAN EAGLE OUTFITTERS INC","NYSE",NA,"lab.Unmapped","2026-09-20T13:30:43Z","sec-exchange"
"PURR","Hyperliquid Strategies Inc","NASDAQ",NA,"lab.Unmapped","2026-09-20T13:30:43Z","sec-exchange"
"OPEN","Opendoor Technologies Inc.","NASDAQ",NA,"lab.Unmapped","2026-09-20T13:30:43Z","sec-exchange"
"BUSE","FIRST BUSEY CORP /NV/","NASDAQ",NA,"lab.Unmapped","2026-09-20T13:30:43Z","sec-exchange"
"PTY","PIMCO CORPORATE & INCOME OPPORTUNITY FUND","NYSE",NA,"lab.Unmapped","2026-09-20T13:30:43Z","sec-exchange"
"RNW","ReNew Energy Global plc","NASDAQ",NA,"lab.Unmapped","2026-09-20T13:30:43Z","sec-exchange"
"BKV","BKV Corp","NYSE",NA,"lab.Unmapped","2026-09-20T13:30:43Z","sec-exchange"
"SYBT","Stock Yards Bancorp, Inc.","NASDAQ",NA,"lab.Unmapped","2026-09-20T13:30:43Z","sec-exchange"
"MLYS","Mineralys Therapeutics, Inc.","NASDAQ",NA,"lab.Unmapped","2026-09-20T13:30:43Z","sec-exchange"
"NVG","Nuveen AMT-Free Municipal Credit Income Fund","NYSE",NA,"lab.Unmapped","2026-09-20T13:30:43Z","sec-exchange"
"MH","McGraw Hill, Inc.","NYSE",NA,"lab.Unmapped","2026-09-20T13:30:43Z","sec-exchange"
"WLY","JOHN WILEY & SONS, INC.","NYSE",NA,"lab.Unmapped","2026-09-20T13:30:43Z","sec-exchange"
"VERA","Vera Therapeutics, Inc.","NASDAQ",NA,"lab.Unmapped","2026-09-20T13:30:43Z","sec-exchange"
"VRDN","Viridian Therapeutics, Inc.\DE","NASDAQ",NA,"lab.Unmapped","2026-09-20T13:30:43Z","sec-exchange"
"SUPN","SUPERNUS PHARMACEUTICALS, INC.","NASDAQ",NA,"lab.Unmapped","2026-09-20T13:30:43Z","sec-exchange"
"DCO","DUCOMMUN INC /DE/","NYSE",NA,"lab.Unmapped","2026-09-20T13:30:43Z","sec-exchange"
"HRMY","Harmony Biosciences Holdings, Inc.","NASDAQ",NA,"lab.Unmapped","2026-09-20T13:30:43Z","sec-exchange"
"CLOV","CLOVER HEALTH INVESTMENTS, CORP. /DE","NASDAQ",NA,"lab.Unmapped","2026-09-20T13:30:43Z","sec-exchange"
"HURN","Huron Consulting Group Inc.","NASDAQ",NA,"lab.Unmapped","2026-09-20T13:30:43Z","sec-exchange"
"EMAT","Evolution Metals & Technologies Corp.","NASDAQ",NA,"lab.Unmapped","2026-09-20T13:30:43Z","sec-exchange"
"ATHM","Autohome Inc.","NYSE",NA,"lab.Unmapped","2026-09-20T13:30:43Z","sec-exchange"
"KYN","Kayne Anderson Energy Infrastructure Fund, Inc.","NYSE",NA,"lab.Unmapped","2026-09-20T13:30:43Z","sec-exchange"
"ANDE","Andersons, Inc.","NASDAQ",NA,"lab.Unmapped","2026-09-20T13:30:43Z","sec-exchange"
"CDLR","Cadeler A/S","NYSE",NA,"lab.Unmapped","2026-09-20T13:30:43Z","sec-exchange"
"AGM","FEDERAL AGRICULTURAL MORTGAGE CORP","NYSE",NA,"lab.Unmapped","2026-09-20T13:30:43Z","sec-exchange"
"UPST","Upstart Holdings, Inc.","NASDAQ",NA,"lab.Unmapped","2026-09-20T13:30:43Z","sec-exchange"
"RH","RH","NYSE",NA,"lab.Unmapped","2026-09-20T13:30:43Z","sec-exchange"
"WAFD","WAFD INC","NASDAQ",NA,"lab.Unmapped","2026-09-20T13:30:43Z","sec-exchange"
"INTR","Inter & Co, Inc.","NASDAQ",NA,"lab.Unmapped","2026-09-20T13:30:43Z","sec-exchange"
"DJT","Trump Media & Technology Group Corp.","NASDAQ",NA,"lab.Unmapped","2026-09-20T13:30:43Z","sec-exchange"
"IVT","InvenTrust Properties Corp.","NYSE",NA,"lab.Unmapped","2026-09-20T13:30:43Z","sec-exchange"
"PAYO","Payoneer Global Inc.","NASDAQ",NA,"lab.Unmapped","2026-09-20T13:30:43Z","sec-exchange"
"HIMX","Himax Technologies, Inc.","NASDAQ",NA,"lab.Unmapped","2026-09-20T13:30:43Z","sec-exchange"
"AMC","AMC ENTERTAINMENT HOLDINGS, INC.","NYSE",NA,"lab.Unmapped","2026-09-20T13:30:43Z","sec-exchange"
"NWL","NEWELL BRANDS INC.","NASDAQ",NA,"lab.Unmapped","2026-09-20T13:30:43Z","sec-exchange"
"HCM","HUTCHMED (China) Ltd","NASDAQ",NA,"lab.Unmapped","2026-09-20T13:30:43Z","sec-exchange"
"MBIN","Merchants Bancorp","NASDAQ",NA,"lab.Unmapped","2026-09-20T13:30:43Z","sec-exchange"
"SHAK","Shake Shack Inc.","NYSE",NA,"lab.Unmapped","2026-09-20T13:30:43Z","sec-exchange"
"LUNR","Intuitive Machines, Inc.","NASDAQ",NA,"lab.Unmapped","2026-09-20T13:30:43Z","sec-exchange"
"PLUS","EPLUS INC","NASDAQ",NA,"lab.Unmapped","2026-09-20T13:30:43Z","sec-exchange"
"PBI","PITNEY BOWES INC /DE/","NYSE",NA,"lab.Unmapped","2026-09-20T13:30:43Z","sec-exchange"
"SIND","Sinda Ltd.","NYSE",NA,"lab.Unmapped","2026-09-20T13:30:43Z","sec-exchange"
"VVX","V2X, Inc.","NYSE",NA,"lab.Unmapped","2026-09-20T13:30:43Z","sec-exchange"
"VIA","Via Transportation, Inc.","NYSE",NA,"lab.Unmapped","2026-09-20T13:30:43Z","sec-exchange"
"AMR","Alpha Metallurgical Resources, Inc.","NYSE",NA,"lab.Unmapped","2026-09-20T13:30:43Z","sec-exchange"
"ROG","ROGERS CORP","NYSE",NA,"lab.Unmapped","2026-09-20T13:30:43Z","sec-exchange"
"NKTR","NEKTAR THERAPEUTICS","NASDAQ",NA,"lab.Unmapped","2026-09-20T13:30:43Z","sec-exchange"
"PENN","PENN Entertainment, Inc.","NASDAQ",NA,"lab.Unmapped","2026-09-20T13:30:43Z","sec-exchange"
"SSMR","Sunshine Silver Mining & Refining Co","NYSE",NA,"lab.Unmapped","2026-09-20T13:30:43Z","sec-exchange"
"NGVT","Ingevity Corp","NYSE",NA,"lab.Unmapped","2026-09-20T13:30:43Z","sec-exchange"
"UNIT","Uniti Group Inc.","NASDAQ",NA,"lab.Unmapped","2026-09-20T13:30:43Z","sec-exchange"
"LTC","LTC PROPERTIES INC","NYSE",NA,"lab.Unmapped","2026-09-20T13:30:43Z","sec-exchange"
"CHA","Chagee Holdings Ltd.","NASDAQ",NA,"lab.Unmapped","2026-09-20T13:30:43Z","sec-exchange"
"NTB","Bank of N.T. Butterfield & Son Ltd","NYSE",NA,"lab.Unmapped","2026-09-20T13:30:43Z","sec-exchange"
"SLS","SELLAS Life Sciences Group, Inc.","NASDAQ",NA,"lab.Unmapped","2026-09-20T13:30:43Z","sec-exchange"
"XNDU","Xanadu Quantum Technologies Ltd","NASDAQ",NA,"lab.Unmapped","2026-09-20T13:30:43Z","sec-exchange"
"HCI","HCI Group, Inc.","NYSE",NA,"lab.Unmapped","2026-09-20T13:30:43Z","sec-exchange"
"RAMP","LiveRamp Holdings, Inc.","NYSE",NA,"lab.Unmapped","2026-09-20T13:30:43Z","sec-exchange"
"IOSP","INNOSPEC INC.","NASDAQ",NA,"lab.Unmapped","2026-09-20T13:30:43Z","sec-exchange"
"BVC","BitVentures Ltd","NASDAQ",NA,"lab.Unmapped","2026-09-20T13:30:43Z","sec-exchange"
"NCNO","nCino, Inc.","NASDAQ",NA,"lab.Unmapped","2026-09-20T13:30:43Z","sec-exchange"
"ASAN","Asana, Inc.","NYSE",NA,"lab.Unmapped","2026-09-20T13:30:43Z","sec-exchange"
"KMT","KENNAMETAL INC","NYSE",NA,"lab.Unmapped","2026-09-20T13:30:43Z","sec-exchange"
"PHIN","PHINIA INC.","NYSE",NA,"lab.Unmapped","2026-09-20T13:30:43Z","sec-exchange"
"BXMT","BLACKSTONE MORTGAGE TRUST, INC.","NYSE",NA,"lab.Unmapped","2026-09-20T13:30:43Z","sec-exchange"
"TRN","TRINITY INDUSTRIES INC","NYSE",NA,"lab.Unmapped","2026-09-20T13:30:43Z","sec-exchange"
"VOYG","Voyager Technologies, Inc./TX","NYSE",NA,"lab.Unmapped","2026-09-20T13:30:43Z","sec-exchange"
"BGSI","Boyd Group Services Inc.","NYSE",NA,"lab.Unmapped","2026-09-20T13:30:43Z","sec-exchange"
"DRD","DRDGOLD LTD","NYSE",NA,"lab.Unmapped","2026-09-20T13:30:43Z","sec-exchange"
"NWBI","Northwest Bancshares, Inc.","NASDAQ",NA,"lab.Unmapped","2026-09-20T13:30:43Z","sec-exchange"
"NZF","Nuveen Municipal Credit Income Fund","NYSE",NA,"lab.Unmapped","2026-09-20T13:30:43Z","sec-exchange"
"EFSC","ENTERPRISE FINANCIAL SERVICES CORP","NASDAQ",NA,"lab.Unmapped","2026-09-20T13:30:43Z","sec-exchange"
"STNE","StoneCo Ltd.","NASDAQ",NA,"lab.Unmapped","2026-09-20T13:30:43Z","sec-exchange"
"PATK","PATRICK INDUSTRIES INC","NASDAQ",NA,"lab.Unmapped","2026-09-20T13:30:43Z","sec-exchange"
"STUB","StubHub Holdings, Inc.","NYSE",NA,"lab.Unmapped","2026-09-20T13:30:43Z","sec-exchange"
"HLIO","HELIOS TECHNOLOGIES, INC.","NYSE",NA,"lab.Unmapped","2026-09-20T13:30:43Z","sec-exchange"
"CALX","CALIX, INC","NYSE",NA,"lab.Unmapped","2026-09-20T13:30:43Z","sec-exchange"
"TRLV","Trulieve Cannabis Corp.","NYSE",NA,"lab.Unmapped","2026-09-20T13:30:43Z","sec-exchange"
"FLOC","Flowco Holdings Inc.","NYSE",NA,"lab.Unmapped","2026-09-20T13:30:43Z","sec-exchange"
"AUPH","Aurinia Pharmaceuticals Inc.","NASDAQ",NA,"lab.Unmapped","2026-09-20T13:30:43Z","sec-exchange"
"SEDG","SOLAREDGE TECHNOLOGIES, INC.","NASDAQ",NA,"lab.Unmapped","2026-09-20T13:30:43Z","sec-exchange"
"KEEL","Keel Infrastructure Corp.","NASDAQ",NA,"lab.Unmapped","2026-09-20T13:30:43Z","sec-exchange"
"LASR","NLIGHT, INC.","NASDAQ",NA,"lab.Unmapped","2026-09-20T13:30:43Z","sec-exchange"
"ETOR","eToro Group Ltd.","NASDAQ",NA,"lab.Unmapped","2026-09-20T13:30:43Z","sec-exchange"
"OCUL","OCULAR THERAPEUTIX, INC","NASDAQ",NA,"lab.Unmapped","2026-09-20T13:30:43Z","sec-exchange"
"HTH","Hilltop Holdings Inc.","NYSE",NA,"lab.Unmapped","2026-09-20T13:30:43Z","sec-exchange"
"PBH","Prestige Consumer Healthcare Inc.","NYSE",NA,"lab.Unmapped","2026-09-20T13:30:43Z","sec-exchange"
"BCRX","BIOCRYST PHARMACEUTICALS INC","NASDAQ",NA,"lab.Unmapped","2026-09-20T13:30:43Z","sec-exchange"
"OFG","OFG BANCORP","NYSE",NA,"lab.Unmapped","2026-09-20T13:30:43Z","sec-exchange"
"PVLA","PALVELLA THERAPEUTICS, INC.","NASDAQ",NA,"lab.Unmapped","2026-09-20T13:30:43Z","sec-exchange"
"ALMR","Alamar Biosciences, Inc.","NASDAQ",NA,"lab.Unmapped","2026-09-20T13:30:43Z","sec-exchange"
"ADUS","Addus HomeCare Corp","NASDAQ",NA,"lab.Unmapped","2026-09-20T13:30:43Z","sec-exchange"
"AADX","Applied Aerospace & Defense, Inc.","NYSE",NA,"lab.Unmapped","2026-09-20T13:30:43Z","sec-exchange"
"OSW","ONESPAWORLD HOLDINGS Ltd","NASDAQ",NA,"lab.Unmapped","2026-09-20T13:30:43Z","sec-exchange"
"MCRI","MONARCH CASINO & RESORT INC","NASDAQ",NA,"lab.Unmapped","2026-09-20T13:30:43Z","sec-exchange"
"ALGT","Allegiant Travel CO","NASDAQ",NA,"lab.Unmapped","2026-09-20T13:30:43Z","sec-exchange"
"CNXN","PC CONNECTION INC","NASDAQ",NA,"lab.Unmapped","2026-09-20T13:30:43Z","sec-exchange"
"DBD","DIEBOLD NIXDORF, Inc","NYSE",NA,"lab.Unmapped","2026-09-20T13:30:43Z","sec-exchange"
"COTY","COTY INC.","NYSE",NA,"lab.Unmapped","2026-09-20T13:30:43Z","sec-exchange"
"SRPT","Sarepta Therapeutics, Inc.","NASDAQ",NA,"lab.Unmapped","2026-09-20T13:30:43Z","sec-exchange"
"FIGS","FIGS, Inc.","NYSE",NA,"lab.Unmapped","2026-09-20T13:30:43Z","sec-exchange"
"MPT","MEDICAL PROPERTIES TRUST INC","NYSE",NA,"lab.Unmapped","2026-09-20T13:30:43Z","sec-exchange"
"FLYW","Flywire Corp","NASDAQ",NA,"lab.Unmapped","2026-09-20T13:30:43Z","sec-exchange"
"CC","Chemours Co","NYSE",NA,"lab.Unmapped","2026-09-20T13:30:43Z","sec-exchange"
"GENB","Generate Biomedicines, Inc.","NASDAQ",NA,"lab.Unmapped","2026-09-20T13:30:43Z","sec-exchange"
"WERN","WERNER ENTERPRISES INC","NASDAQ",NA,"lab.Unmapped","2026-09-20T13:30:43Z","sec-exchange"
"RVT","ROYCE SMALL-CAP TRUST, INC.","NYSE",NA,"lab.Unmapped","2026-09-20T13:30:43Z","sec-exchange"
"AERO","Grupo Aeromexico, S.A.B. de C.V.","NYSE",NA,"lab.Unmapped","2026-09-20T13:30:43Z","sec-exchange"
"WHR","WHIRLPOOL CORP /DE/","NYSE",NA,"lab.Unmapped","2026-09-20T13:30:43Z","sec-exchange"
"CEPU","CENTRAL PUERTO S.A.","NYSE",NA,"lab.Unmapped","2026-09-20T13:30:43Z","sec-exchange"
"SDGR","Schrodinger, Inc.","NASDAQ",NA,"lab.Unmapped","2026-09-20T13:30:43Z","sec-exchange"
"ECPG","ENCORE CAPITAL GROUP INC","NASDAQ",NA,"lab.Unmapped","2026-09-20T13:30:43Z","sec-exchange"
"TRVI","Trevi Therapeutics, Inc.","NASDAQ",NA,"lab.Unmapped","2026-09-20T13:30:43Z","sec-exchange"
"MTX","MINERALS TECHNOLOGIES INC","NYSE",NA,"lab.Unmapped","2026-09-20T13:30:43Z","sec-exchange"
"UFPT","UFP TECHNOLOGIES INC","NASDAQ",NA,"lab.Unmapped","2026-09-20T13:30:43Z","sec-exchange"
"FCF","FIRST COMMONWEALTH FINANCIAL CORP /PA/","NYSE",NA,"lab.Unmapped","2026-09-20T13:30:43Z","sec-exchange"
"URGN","UroGen Pharma Ltd.","NASDAQ",NA,"lab.Unmapped","2026-09-20T13:30:43Z","sec-exchange"
"PTON","PELOTON INTERACTIVE, INC.","NASDAQ",NA,"lab.Unmapped","2026-09-20T13:30:43Z","sec-exchange"
"UAA","Under Armour, Inc.","NYSE",NA,"lab.Unmapped","2026-09-20T13:30:43Z","sec-exchange"
"INSP","Inspire Medical Systems, Inc.","NYSE",NA,"lab.Unmapped","2026-09-20T13:30:43Z","sec-exchange"
"BFLY","Butterfly Network, Inc.","NYSE",NA,"lab.Unmapped","2026-09-20T13:30:43Z","sec-exchange"
"NUVB","Nuvation Bio Inc.","NYSE",NA,"lab.Unmapped","2026-09-20T13:30:43Z","sec-exchange"
"BHC","Bausch Health Companies Inc.","NYSE",NA,"lab.Unmapped","2026-09-20T13:30:43Z","sec-exchange"
"TMC","TMC the metals Co Inc.","NASDAQ",NA,"lab.Unmapped","2026-09-20T13:30:43Z","sec-exchange"
"KARO","Karooooo Ltd.","NASDAQ",NA,"lab.Unmapped","2026-09-20T13:30:43Z","sec-exchange"
"ARR","Armour Residential REIT, Inc.","NYSE",NA,"lab.Unmapped","2026-09-20T13:30:43Z","sec-exchange"
"RLX","RLX Technology Inc.","NYSE",NA,"lab.Unmapped","2026-09-20T13:30:43Z","sec-exchange"
"LCII","LCI INDUSTRIES","NYSE",NA,"lab.Unmapped","2026-09-20T13:30:43Z","sec-exchange"
"RUN","Sunrun Inc.","NASDAQ",NA,"lab.Unmapped","2026-09-20T13:30:43Z","sec-exchange"
"MD","Pediatrix Medical Group, Inc.","NYSE",NA,"lab.Unmapped","2026-09-20T13:30:43Z","sec-exchange"
"PGNY","Progyny, Inc.","NASDAQ",NA,"lab.Unmapped","2026-09-20T13:30:43Z","sec-exchange"
"SAH","SONIC AUTOMOTIVE INC","NYSE",NA,"lab.Unmapped","2026-09-20T13:30:43Z","sec-exchange"
"EVT","Eaton Vance Tax-Advantaged Dividend Income Fund","NYSE",NA,"lab.Unmapped","2026-09-20T13:30:43Z","sec-exchange"
"ZBIO","Zenas BioPharma, Inc.","NASDAQ",NA,"lab.Unmapped","2026-09-20T13:30:43Z","sec-exchange"
"DV","DoubleVerify Holdings, Inc.","NYSE",NA,"lab.Unmapped","2026-09-20T13:30:43Z","sec-exchange"
"BKE","BUCKLE INC","NYSE",NA,"lab.Unmapped","2026-09-20T13:30:43Z","sec-exchange"
"CTOS","Custom Truck One Source, Inc.","NYSE",NA,"lab.Unmapped","2026-09-20T13:30:43Z","sec-exchange"
"CMPS","COMPASS Pathways plc","NASDAQ",NA,"lab.Unmapped","2026-09-20T13:30:43Z","sec-exchange"
"PICS","PicS N.V.","NASDAQ",NA,"lab.Unmapped","2026-09-20T13:30:43Z","sec-exchange"
"SRCE","1ST SOURCE CORP","NASDAQ",NA,"lab.Unmapped","2026-09-20T13:30:43Z","sec-exchange"
"TBBK","Bancorp, Inc.","NASDAQ",NA,"lab.Unmapped","2026-09-20T13:30:43Z","sec-exchange"
"ESTA","ESTABLISHMENT LABS HOLDINGS INC.","NASDAQ",NA,"lab.Unmapped","2026-09-20T13:30:43Z","sec-exchange"
"DEI","Douglas Emmett Inc","NYSE",NA,"lab.Unmapped","2026-09-20T13:30:43Z","sec-exchange"
"KOD","Kodiak Sciences Inc.","NASDAQ",NA,"lab.Unmapped","2026-09-20T13:30:43Z","sec-exchange"
"STGW","Stagwell Inc","NASDAQ",NA,"lab.Unmapped","2026-09-20T13:30:43Z","sec-exchange"
"PRDO","PERDOCEO EDUCATION Corp","NASDAQ",NA,"lab.Unmapped","2026-09-20T13:30:43Z","sec-exchange"
"UTZ","Utz Brands, Inc.","NYSE",NA,"lab.Unmapped","2026-09-20T13:30:43Z","sec-exchange"
"NMZ","NUVEEN MUNICIPAL HIGH INCOME OPPORTUNITY FUND","NYSE",NA,"lab.Unmapped","2026-09-20T13:30:43Z","sec-exchange"
"SHO","Sunstone Hotel Investors, Inc.","NYSE",NA,"lab.Unmapped","2026-09-20T13:30:43Z","sec-exchange"
"HUBG","Hub Group, Inc.","NASDAQ",NA,"lab.Unmapped","2026-09-20T13:30:43Z","sec-exchange"
"GNL","Global Net Lease, Inc.","NYSE",NA,"lab.Unmapped","2026-09-20T13:30:43Z","sec-exchange"
"NWN","Northwest Natural Holding Co","NYSE",NA,"lab.Unmapped","2026-09-20T13:30:43Z","sec-exchange"
"STDN","Standard Nuclear, Inc.","NYSE",NA,"lab.Unmapped","2026-09-20T13:30:43Z","sec-exchange"
"PRLB","Proto Labs Inc","NYSE",NA,"lab.Unmapped","2026-09-20T13:30:43Z","sec-exchange"
"WU","Western Union CO","NYSE",NA,"lab.Unmapped","2026-09-20T13:30:43Z","sec-exchange"
"VCEL","Vericel Corp","NASDAQ",NA,"lab.Unmapped","2026-09-20T13:30:43Z","sec-exchange"
"ZD","ZIFF DAVIS, INC.","NASDAQ",NA,"lab.Unmapped","2026-09-20T13:30:43Z","sec-exchange"
"ALG","ALAMO GROUP INC","NYSE",NA,"lab.Unmapped","2026-09-20T13:30:43Z","sec-exchange"
"PEB","Pebblebrook Hotel Trust","NYSE",NA,"lab.Unmapped","2026-09-20T13:30:43Z","sec-exchange"
"PLBL","Polibeli Group Ltd","NASDAQ",NA,"lab.Unmapped","2026-09-20T13:30:43Z","sec-exchange"
"MFP","Midera Food Processing, Inc.","NASDAQ",NA,"lab.Unmapped","2026-09-20T13:30:43Z","sec-exchange"
"INVX","Innovex International, Inc.","NYSE",NA,"lab.Unmapped","2026-09-20T13:30:43Z","sec-exchange"
"CHCO","CITY HOLDING CO","NASDAQ",NA,"lab.Unmapped","2026-09-20T13:30:43Z","sec-exchange"
"DRVN","Driven Brands Holdings Inc.","NASDAQ",NA,"lab.Unmapped","2026-09-20T13:30:43Z","sec-exchange"
"SHAZ","SharonAI Holdings Inc.","NASDAQ",NA,"lab.Unmapped","2026-09-20T13:30:43Z","sec-exchange"
"ALKT","ALKAMI TECHNOLOGY, INC.","NASDAQ",NA,"lab.Unmapped","2026-09-20T13:30:43Z","sec-exchange"
"AGIO","AGIOS PHARMACEUTICALS, INC.","NASDAQ",NA,"lab.Unmapped","2026-09-20T13:30:43Z","sec-exchange"
"ADMA","ADMA BIOLOGICS, INC.","NASDAQ",NA,"lab.Unmapped","2026-09-20T13:30:43Z","sec-exchange"
"BHVN","Biohaven Ltd.","NYSE",NA,"lab.Unmapped","2026-09-20T13:30:43Z","sec-exchange"
"STC","STEWART INFORMATION SERVICES CORP","NYSE",NA,"lab.Unmapped","2026-09-20T13:30:43Z","sec-exchange"
"VERX","Vertex, Inc.","NASDAQ",NA,"lab.Unmapped","2026-09-20T13:30:43Z","sec-exchange"
"RAPP","Rapport Therapeutics, Inc.","NASDAQ",NA,"lab.Unmapped","2026-09-20T13:30:43Z","sec-exchange"
"PLGO","Pelagos Insurance Capital Ltd","NYSE",NA,"lab.Unmapped","2026-09-20T13:30:43Z","sec-exchange"
"HYMC","HYCROFT MINING HOLDING CORP","NASDAQ",NA,"lab.Unmapped","2026-09-20T13:30:43Z","sec-exchange"
"CMPR","CIMPRESS plc","NASDAQ",NA,"lab.Unmapped","2026-09-20T13:30:43Z","sec-exchange"
"ICHR","ICHOR HOLDINGS, LTD.","NASDAQ",NA,"lab.Unmapped","2026-09-20T13:30:43Z","sec-exchange"
"PLPC","PREFORMED LINE PRODUCTS CO","NASDAQ",NA,"lab.Unmapped","2026-09-20T13:30:43Z","sec-exchange"
"CLM","Cornerstone Strategic Investment Fund, Inc.","NYSE",NA,"lab.Unmapped","2026-09-20T13:30:43Z","sec-exchange"
"TILE","INTERFACE INC","NASDAQ",NA,"lab.Unmapped","2026-09-20T13:30:43Z","sec-exchange"
"TH","Target Hospitality Corp.","NASDAQ",NA,"lab.Unmapped","2026-09-20T13:30:43Z","sec-exchange"
"BLKB","BLACKBAUD INC","NASDAQ",NA,"lab.Unmapped","2026-09-20T13:30:43Z","sec-exchange"
"UWMC","UWM Holdings Corp","NYSE",NA,"lab.Unmapped","2026-09-20T13:30:43Z","sec-exchange"
"SPB","Spectrum Brands Holdings, Inc.","NYSE",NA,"lab.Unmapped","2026-09-20T13:30:43Z","sec-exchange"
"HMN","HORACE MANN EDUCATORS CORP /DE/","NYSE",NA,"lab.Unmapped","2026-09-20T13:30:43Z","sec-exchange"
"ZYME","Zymeworks Inc.","NASDAQ",NA,"lab.Unmapped","2026-09-20T13:30:43Z","sec-exchange"
"TIC","TIC Solutions, Inc.","NYSE",NA,"lab.Unmapped","2026-09-20T13:30:43Z","sec-exchange"
"DHC","DIVERSIFIED HEALTHCARE TRUST","NASDAQ",NA,"lab.Unmapped","2026-09-20T13:30:43Z","sec-exchange"
"BXDC","Blackstone Digital Infrastructure Trust Inc.","NYSE",NA,"lab.Unmapped","2026-09-20T13:30:43Z","sec-exchange"
"NVCR","NovoCure Ltd","NASDAQ",NA,"lab.Unmapped","2026-09-20T13:30:43Z","sec-exchange"
"BSTZ","BlackRock Science & Technology Term Trust","NYSE",NA,"lab.Unmapped","2026-09-20T13:30:43Z","sec-exchange"
"ATEN","A10 Networks, Inc.","NYSE",NA,"lab.Unmapped","2026-09-20T13:30:43Z","sec-exchange"
"GHRS","GH Research PLC","NASDAQ",NA,"lab.Unmapped","2026-09-20T13:30:43Z","sec-exchange"
"GSHD","Goosehead Insurance, Inc.","NASDAQ",NA,"lab.Unmapped","2026-09-20T13:30:43Z","sec-exchange"
"INOD","INNODATA INC","NASDAQ",NA,"lab.Unmapped","2026-09-20T13:30:43Z","sec-exchange"
"EZPW","EZCORP INC","NASDAQ",NA,"lab.Unmapped","2026-09-20T13:30:43Z","sec-exchange"
"FTRE","Fortrea Holdings Inc.","NASDAQ",NA,"lab.Unmapped","2026-09-20T13:30:43Z","sec-exchange"
"CTRI","Centuri Holdings, Inc.","NYSE",NA,"lab.Unmapped","2026-09-20T13:30:43Z","sec-exchange"
"VET","VERMILION ENERGY INC.","NYSE",NA,"lab.Unmapped","2026-09-20T13:30:43Z","sec-exchange"
"KSS","KOHLS Corp","NYSE",NA,"lab.Unmapped","2026-09-20T13:30:43Z","sec-exchange"
"BOBS","Bob's Discount Furniture, Inc.","NYSE",NA,"lab.Unmapped","2026-09-20T13:30:43Z","sec-exchange"
"MESO","MESOBLAST LTD","NASDAQ",NA,"lab.Unmapped","2026-09-20T13:30:43Z","sec-exchange"
"OLN","OLIN Corp","NYSE",NA,"lab.Unmapped","2026-09-20T13:30:43Z","sec-exchange"
"XXI","Twenty One Capital, Inc.","NYSE",NA,"lab.Unmapped","2026-09-20T13:30:43Z","sec-exchange"
"GOF","GUGGENHEIM STRATEGIC OPPORTUNITIES FUND","NYSE",NA,"lab.Unmapped","2026-09-20T13:30:43Z","sec-exchange"
"QUBT","Quantum Computing Inc.","NASDAQ",NA,"lab.Unmapped","2026-09-20T13:30:43Z","sec-exchange"
"BLBD","Blue Bird Corp","NASDAQ",NA,"lab.Unmapped","2026-09-20T13:30:43Z","sec-exchange"
"ALVO","Alvotech","NASDAQ",NA,"lab.Unmapped","2026-09-20T13:30:43Z","sec-exchange"
"SFL","SFL Corp Ltd.","NYSE",NA,"lab.Unmapped","2026-09-20T13:30:43Z","sec-exchange"
"IMOS","CHIPMOS TECHNOLOGIES INC","NASDAQ",NA,"lab.Unmapped","2026-09-20T13:30:43Z","sec-exchange"
"LIME","Neutron Holdings, Inc.","NASDAQ",NA,"lab.Unmapped","2026-09-20T13:30:43Z","sec-exchange"
"COAG","Hemab Therapeutics Holdings, Inc.","NASDAQ",NA,"lab.Unmapped","2026-09-20T13:30:43Z","sec-exchange"
"SONO","Sonos Inc","NASDAQ",NA,"lab.Unmapped","2026-09-20T13:30:43Z","sec-exchange"
"BRSL","Brightstar Lottery PLC","NYSE",NA,"lab.Unmapped","2026-09-20T13:30:43Z","sec-exchange"
"NSP","INSPERITY, INC.","NYSE",NA,"lab.Unmapped","2026-09-20T13:30:43Z","sec-exchange"
"TOP","TOP Financial Group Ltd","NASDAQ",NA,"lab.Unmapped","2026-09-20T13:30:43Z","sec-exchange"
"GRC","GORMAN RUPP CO","NYSE",NA,"lab.Unmapped","2026-09-20T13:30:43Z","sec-exchange"
"ATS","ATS Corp /ATS","NYSE",NA,"lab.Unmapped","2026-09-20T13:30:43Z","sec-exchange"
"GCT","GigaCloud Technology Inc","NASDAQ",NA,"lab.Unmapped","2026-09-20T13:30:43Z","sec-exchange"
"KRP","Kimbell Royalty Partners, LP","NYSE",NA,"lab.Unmapped","2026-09-20T13:30:43Z","sec-exchange"
"XRAY","DENTSPLY SIRONA Inc.","NASDAQ",NA,"lab.Unmapped","2026-09-20T13:30:43Z","sec-exchange"
"CMRE","Costamare Inc.","NYSE",NA,"lab.Unmapped","2026-09-20T13:30:43Z","sec-exchange"
"RXRX","RECURSION PHARMACEUTICALS, INC.","NASDAQ",NA,"lab.Unmapped","2026-09-20T13:30:43Z","sec-exchange"
"NEXT","NextDecade Corp","NASDAQ",NA,"lab.Unmapped","2026-09-20T13:30:43Z","sec-exchange"
"HAPN","Happen, Inc.","NASDAQ",NA,"lab.Unmapped","2026-09-20T13:30:43Z","sec-exchange"
"LKFT","Lakefront Biotherapeutics NV","NASDAQ",NA,"lab.Unmapped","2026-09-20T13:30:43Z","sec-exchange"
"GEL","GENESIS ENERGY LP","NYSE",NA,"lab.Unmapped","2026-09-20T13:30:43Z","sec-exchange"
"SNDA","SONIDA SENIOR LIVING, INC.","NYSE",NA,"lab.Unmapped","2026-09-20T13:30:43Z","sec-exchange"
"PDFS","PDF SOLUTIONS INC","NASDAQ",NA,"lab.Unmapped","2026-09-20T13:30:43Z","sec-exchange"
"ALHC","Alignment Healthcare, Inc.","NASDAQ",NA,"lab.Unmapped","2026-09-20T13:30:43Z","sec-exchange"
"GTY","GETTY REALTY CORP /MD/","NYSE",NA,"lab.Unmapped","2026-09-20T13:30:43Z","sec-exchange"
"VIR","Vir Biotechnology, Inc.","NASDAQ",NA,"lab.Unmapped","2026-09-20T13:30:43Z","sec-exchange"
"PRGO","PERRIGO Co plc","NYSE",NA,"lab.Unmapped","2026-09-20T13:30:43Z","sec-exchange"
"WRD","WeRide Inc.","NASDAQ",NA,"lab.Unmapped","2026-09-20T13:30:43Z","sec-exchange"
"GABC","GERMAN AMERICAN BANCORP, INC.","NASDAQ",NA,"lab.Unmapped","2026-09-20T13:30:43Z","sec-exchange"
"RBCAA","REPUBLIC BANCORP INC /KY/","NASDAQ",NA,"lab.Unmapped","2026-09-20T13:30:43Z","sec-exchange"
"NTST","NETSTREIT Corp.","NYSE",NA,"lab.Unmapped","2026-09-20T13:30:43Z","sec-exchange"
"XPRO","Expro Ltd","NYSE",NA,"lab.Unmapped","2026-09-20T13:30:43Z","sec-exchange"
"TY","TRI-CONTINENTAL Corp","NYSE",NA,"lab.Unmapped","2026-09-20T13:30:43Z","sec-exchange"
"STOK","Stoke Therapeutics, Inc.","NASDAQ",NA,"lab.Unmapped","2026-09-20T13:30:43Z","sec-exchange"
"SEPN","Septerna, Inc.","NASDAQ",NA,"lab.Unmapped","2026-09-20T13:30:43Z","sec-exchange"
"LMAT","LEMAITRE VASCULAR INC","NASDAQ",NA,"lab.Unmapped","2026-09-20T13:30:43Z","sec-exchange"
"NBHC","National Bank Holdings Corp","NYSE",NA,"lab.Unmapped","2026-09-20T13:30:43Z","sec-exchange"
"EPAC","ENERPAC TOOL GROUP CORP","NYSE",NA,"lab.Unmapped","2026-09-20T13:30:43Z","sec-exchange"
"WKC","WORLD KINECT CORP","NYSE",NA,"lab.Unmapped","2026-09-20T13:30:43Z","sec-exchange"
"GAB","GABELLI EQUITY TRUST INC","NYSE",NA,"lab.Unmapped","2026-09-20T13:30:43Z","sec-exchange"
"VSTS","Vestis Corp","NYSE",NA,"lab.Unmapped","2026-09-20T13:30:43Z","sec-exchange"
"MNR","MACH NATURAL RESOURCES LP","NYSE",NA,"lab.Unmapped","2026-09-20T13:30:43Z","sec-exchange"
"DXC","DXC Technology Co","NYSE",NA,"lab.Unmapped","2026-09-20T13:30:43Z","sec-exchange"
"FORTY","FORMULA SYSTEMS (1985) LTD","NASDAQ",NA,"lab.Unmapped","2026-09-20T13:30:43Z","sec-exchange"
"LIND","LINDBLAD EXPEDITIONS HOLDINGS, INC.","NASDAQ",NA,"lab.Unmapped","2026-09-20T13:30:43Z","sec-exchange"
"AMPL","Amplitude, Inc.","NASDAQ",NA,"lab.Unmapped","2026-09-20T13:30:43Z","sec-exchange"
"XNCR","Xencor Inc","NASDAQ",NA,"lab.Unmapped","2026-09-20T13:30:43Z","sec-exchange"
"PRCH","Porch Group, Inc.","NASDAQ",NA,"lab.Unmapped","2026-09-20T13:30:43Z","sec-exchange"
"SBET","Sharplink, Inc.","NASDAQ",NA,"lab.Unmapped","2026-09-20T13:30:43Z","sec-exchange"
"NBTX","Nanobiotix S.A.","NASDAQ",NA,"lab.Unmapped","2026-09-20T13:30:43Z","sec-exchange"
"SMA","SmartStop Self Storage REIT, Inc.","NYSE",NA,"lab.Unmapped","2026-09-20T13:30:43Z","sec-exchange"
"BLFS","BIOLIFE SOLUTIONS INC","NASDAQ",NA,"lab.Unmapped","2026-09-20T13:30:43Z","sec-exchange"
"MLCO","Melco Resorts & Entertainment LTD","NASDAQ",NA,"lab.Unmapped","2026-09-20T13:30:43Z","sec-exchange"
"DCOM","Dime Commercial Bancshares, Inc. /NY/","NYSE",NA,"lab.Unmapped","2026-09-20T13:30:43Z","sec-exchange"
"STRA","Strategic Education, Inc.","NASDAQ",NA,"lab.Unmapped","2026-09-20T13:30:43Z","sec-exchange"
"HOPE","HOPE BANCORP INC","NASDAQ",NA,"lab.Unmapped","2026-09-20T13:30:43Z","sec-exchange"
"NUV","NUVEEN MUNICIPAL VALUE FUND INC","NYSE",NA,"lab.Unmapped","2026-09-20T13:30:43Z","sec-exchange"
"ASTH","Astrana Health, Inc.","NASDAQ",NA,"lab.Unmapped","2026-09-20T13:30:43Z","sec-exchange"
"SAM","BOSTON BEER CO INC","NYSE",NA,"lab.Unmapped","2026-09-20T13:30:43Z","sec-exchange"
"ACVA","ACV Auctions Inc.","NYSE",NA,"lab.Unmapped","2026-09-20T13:30:43Z","sec-exchange"
"SGRY","Surgery Partners, Inc.","NASDAQ",NA,"lab.Unmapped","2026-09-20T13:30:43Z","sec-exchange"
"LOB","Live Oak Bancshares, Inc.","NYSE",NA,"lab.Unmapped","2026-09-20T13:30:43Z","sec-exchange"
"FLNG","Flex LNG Ltd.","NYSE",NA,"lab.Unmapped","2026-09-20T13:30:43Z","sec-exchange"
"ETV","Eaton Vance Tax-Managed Buy-Write Opportunities Fund","NYSE",NA,"lab.Unmapped","2026-09-20T13:30:43Z","sec-exchange"
"VNET","VNET Group, Inc.","NASDAQ",NA,"lab.Unmapped","2026-09-20T13:30:43Z","sec-exchange"
"ETG","Eaton Vance Tax-Advantaged Global Dividend Income Fund","NYSE",NA,"lab.Unmapped","2026-09-20T13:30:43Z","sec-exchange"
"OCFC","OCEANFIRST FINANCIAL CORP","NASDAQ",NA,"lab.Unmapped","2026-09-20T13:30:43Z","sec-exchange"
"STBA","S&T BANCORP INC","NASDAQ",NA,"lab.Unmapped","2026-09-20T13:30:43Z","sec-exchange"
"NTLA","Intellia Therapeutics, Inc.","NASDAQ",NA,"lab.Unmapped","2026-09-20T13:30:43Z","sec-exchange"
"HE","HAWAIIAN ELECTRIC INDUSTRIES INC","NYSE",NA,"lab.Unmapped","2026-09-20T13:30:43Z","sec-exchange"
"TSLX","Sixth Street Specialty Lending, Inc.","NYSE",NA,"lab.Unmapped","2026-09-20T13:30:43Z","sec-exchange"
"XHR","Xenia Hotels & Resorts, Inc.","NYSE",NA,"lab.Unmapped","2026-09-20T13:30:43Z","sec-exchange"
"STEW","SRH Total Return Fund, Inc.","NYSE",NA,"lab.Unmapped","2026-09-20T13:30:43Z","sec-exchange"
"PDO","PIMCO Dynamic Income Opportunities Fund","NYSE",NA,"lab.Unmapped","2026-09-20T13:30:43Z","sec-exchange"
"CPRI","Capri Holdings Ltd","NYSE",NA,"lab.Unmapped","2026-09-20T13:30:43Z","sec-exchange"
"PGY","Pagaya Technologies Ltd.","NASDAQ",NA,"lab.Unmapped","2026-09-20T13:30:43Z","sec-exchange"
"FSUN","FIRSTSUN CAPITAL BANCORP","NASDAQ",NA,"lab.Unmapped","2026-09-20T13:30:43Z","sec-exchange"
"PSNL","Personalis, Inc.","NASDAQ",NA,"lab.Unmapped","2026-09-20T13:30:43Z","sec-exchange"
"IQMX","IQM Quantum Computers Oyj","NASDAQ",NA,"lab.Unmapped","2026-09-20T13:30:43Z","sec-exchange"
"CCS","Century Communities, Inc.","NYSE",NA,"lab.Unmapped","2026-09-20T13:30:43Z","sec-exchange"
"NAT","NORDIC AMERICAN TANKERS Ltd","NYSE",NA,"lab.Unmapped","2026-09-20T13:30:43Z","sec-exchange"
"DAO","Youdao, Inc.","NYSE",NA,"lab.Unmapped","2026-09-20T13:30:43Z","sec-exchange"
"UROY","Uranium Royalty Corp.","NASDAQ",NA,"lab.Unmapped","2026-09-20T13:30:43Z","sec-exchange"
"GLP","GLOBAL PARTNERS LP","NYSE",NA,"lab.Unmapped","2026-09-20T13:30:43Z","sec-exchange"
"WS","Worthington Steel, Inc.","NYSE",NA,"lab.Unmapped","2026-09-20T13:30:43Z","sec-exchange"
"ANIP","ANI PHARMACEUTICALS INC","NASDAQ",NA,"lab.Unmapped","2026-09-20T13:30:43Z","sec-exchange"
"FRNM","Freenome, Inc.","NASDAQ",NA,"lab.Unmapped","2026-09-20T13:30:43Z","sec-exchange"
"TCBK","TRICO BANCSHARES /","NASDAQ",NA,"lab.Unmapped","2026-09-20T13:30:43Z","sec-exchange"
"AI","C3.ai, Inc.","NYSE",NA,"lab.Unmapped","2026-09-20T13:30:43Z","sec-exchange"
"AGRO","Adecoagro S.A.","NYSE",NA,"lab.Unmapped","2026-09-20T13:30:43Z","sec-exchange"
"NEXA","Nexa Resources S.A.","NYSE",NA,"lab.Unmapped","2026-09-20T13:30:43Z","sec-exchange"
"CNXC","Concentrix Corp","NASDAQ",NA,"lab.Unmapped","2026-09-20T13:30:43Z","sec-exchange"
"AAT","American Assets Trust, Inc.","NYSE",NA,"lab.Unmapped","2026-09-20T13:30:43Z","sec-exchange"
"USAS","Americas Gold & Silver Corp","NYSE",NA,"lab.Unmapped","2026-09-20T13:30:43Z","sec-exchange"
"BY","BYLINE BANCORP, INC.","NYSE",NA,"lab.Unmapped","2026-09-20T13:30:43Z","sec-exchange"
"BDJ","BlackRock Enhanced Equity Dividend Trust","NYSE",NA,"lab.Unmapped","2026-09-20T13:30:43Z","sec-exchange"
"AIN","ALBANY INTERNATIONAL CORP /DE/","NYSE",NA,"lab.Unmapped","2026-09-20T13:30:43Z","sec-exchange"
"GENI","Genius Sports Ltd","NYSE",NA,"lab.Unmapped","2026-09-20T13:30:43Z","sec-exchange"
"AESI","Atlas Energy Solutions Inc.","NYSE",NA,"lab.Unmapped","2026-09-20T13:30:43Z","sec-exchange"
"NVAX","NOVAVAX INC","NASDAQ",NA,"lab.Unmapped","2026-09-20T13:30:43Z","sec-exchange"
"LCID","Lucid Group, Inc.","NASDAQ",NA,"lab.Unmapped","2026-09-20T13:30:43Z","sec-exchange"
"LILA","Liberty Latin America Ltd.","NASDAQ",NA,"lab.Unmapped","2026-09-20T13:30:43Z","sec-exchange"
"PRGS","PROGRESS SOFTWARE CORP /MA","NASDAQ",NA,"lab.Unmapped","2026-09-20T13:30:43Z","sec-exchange"
"KOS","Kosmos Energy Ltd.","NYSE",NA,"lab.Unmapped","2026-09-20T13:30:43Z","sec-exchange"
"BFC","Bank First Corp","NASDAQ",NA,"lab.Unmapped","2026-09-20T13:30:43Z","sec-exchange"
"RLJ","RLJ Lodging Trust","NYSE",NA,"lab.Unmapped","2026-09-20T13:30:43Z","sec-exchange"
"TYRA","Tyra Biosciences, Inc.","NASDAQ",NA,"lab.Unmapped","2026-09-20T13:30:43Z","sec-exchange"
"JBLU","JETBLUE AIRWAYS CORP","NASDAQ",NA,"lab.Unmapped","2026-09-20T13:30:43Z","sec-exchange"
"EVTC","EVERTEC, Inc.","NYSE",NA,"lab.Unmapped","2026-09-20T13:30:43Z","sec-exchange"
"PLAB","PHOTRONICS INC","NASDAQ",NA,"lab.Unmapped","2026-09-20T13:30:43Z","sec-exchange"
"PSQL","Pasqal Holding SA","NASDAQ",NA,"lab.Unmapped","2026-09-20T13:30:43Z","sec-exchange"
"KLRA","Kailera Therapeutics, Inc.","NASDAQ",NA,"lab.Unmapped","2026-09-20T13:30:43Z","sec-exchange"
"MQ","Marqeta, Inc.","NASDAQ",NA,"lab.Unmapped","2026-09-20T13:30:43Z","sec-exchange"
"CBL","CBL & ASSOCIATES PROPERTIES INC","NYSE",NA,"lab.Unmapped","2026-09-20T13:30:43Z","sec-exchange"
"ALNT","ALLIENT INC","NASDAQ",NA,"lab.Unmapped","2026-09-20T13:30:43Z","sec-exchange"
"OBK","Origin Bancorp, Inc.","NYSE",NA,"lab.Unmapped","2026-09-20T13:30:43Z","sec-exchange"
"EFC","Ellington Financial Inc.","NYSE",NA,"lab.Unmapped","2026-09-20T13:30:43Z","sec-exchange"
"BL","BLACKLINE, INC.","NASDAQ",NA,"lab.Unmapped","2026-09-20T13:30:43Z","sec-exchange"
"ADIG","ADI GLOBAL DISTRIBUTION INC.","NYSE",NA,"lab.Unmapped","2026-09-20T13:30:43Z","sec-exchange"
"IMCR","Immunocore Holdings plc","NASDAQ",NA,"lab.Unmapped","2026-09-20T13:30:43Z","sec-exchange"
"QCRH","QCR HOLDINGS INC","NASDAQ",NA,"lab.Unmapped","2026-09-20T13:30:43Z","sec-exchange"
"CTS","CTS CORP","NYSE",NA,"lab.Unmapped","2026-09-20T13:30:43Z","sec-exchange"
"HAWK","HawkEye 360, Inc.","NYSE",NA,"lab.Unmapped","2026-09-20T13:30:43Z","sec-exchange"
"TSHA","Taysha Gene Therapies, Inc.","NASDAQ",NA,"lab.Unmapped","2026-09-20T13:30:43Z","sec-exchange"
"GLOB","Globant S.A.","NYSE",NA,"lab.Unmapped","2026-09-20T13:30:43Z","sec-exchange"
"PAX","Patria Investments Ltd","NASDAQ",NA,"lab.Unmapped","2026-09-20T13:30:43Z","sec-exchange"
"TRIN","Trinity Capital Inc.","NYSE",NA,"lab.Unmapped","2026-09-20T13:30:43Z","sec-exchange"
"PRKS","United Parks & Resorts Inc.","NYSE",NA,"lab.Unmapped","2026-09-20T13:30:43Z","sec-exchange"
"AGBK","AGI Inc","NYSE",NA,"lab.Unmapped","2026-09-20T13:30:43Z","sec-exchange"
"OPRA","Opera Ltd","NASDAQ",NA,"lab.Unmapped","2026-09-20T13:30:43Z","sec-exchange"
"NYAX","Nayax Ltd.","NASDAQ",NA,"lab.Unmapped","2026-09-20T13:30:43Z","sec-exchange"
"ANAB","ANAPTYSBIO, INC","NASDAQ",NA,"lab.Unmapped","2026-09-20T13:30:43Z","sec-exchange"
"ARCO","Arcos Dorados Holdings Inc.","NYSE",NA,"lab.Unmapped","2026-09-20T13:30:43Z","sec-exchange"
"PIII","P3 Health Partners Inc.","NASDAQ",NA,"lab.Unmapped","2026-09-20T13:30:43Z","sec-exchange"
"PBT","PERMIAN BASIN ROYALTY TRUST","NYSE",NA,"lab.Unmapped","2026-09-20T13:30:43Z","sec-exchange"
"ABSI","Absci Corp","NASDAQ",NA,"lab.Unmapped","2026-09-20T13:30:43Z","sec-exchange"
"DSGR","Distribution Solutions Group, Inc.","NASDAQ",NA,"lab.Unmapped","2026-09-20T13:30:43Z","sec-exchange"
"CASH","PATHWARD FINANCIAL, INC.","NASDAQ",NA,"lab.Unmapped","2026-09-20T13:30:43Z","sec-exchange"
"TGLS","Tecnoglass Holdings Inc.","NYSE",NA,"lab.Unmapped","2026-09-20T13:30:43Z","sec-exchange"
"WB","WEIBO Corp","NASDAQ",NA,"lab.Unmapped","2026-09-20T13:30:43Z","sec-exchange"
"MGRT","Mega Fortune Co Ltd","NASDAQ",NA,"lab.Unmapped","2026-09-20T13:30:43Z","sec-exchange"
"ETON","Eton Pharmaceuticals, Inc.","NASDAQ",NA,"lab.Unmapped","2026-09-20T13:30:43Z","sec-exchange"
"WWW","WOLVERINE WORLD WIDE INC /DE/","NYSE",NA,"lab.Unmapped","2026-09-20T13:30:43Z","sec-exchange"
"TEN","TSAKOS ENERGY NAVIGATION LTD","NYSE",NA,"lab.Unmapped","2026-09-20T13:30:43Z","sec-exchange"
"BAND","Bandwidth Inc.","NASDAQ",NA,"lab.Unmapped","2026-09-20T13:30:43Z","sec-exchange"
"HUN","Huntsman CORP","NYSE",NA,"lab.Unmapped","2026-09-20T13:30:43Z","sec-exchange"
"CNOB","ConnectOne Bancorp, Inc.","NASDAQ",NA,"lab.Unmapped","2026-09-20T13:30:43Z","sec-exchange"
"SID","NATIONAL STEEL CO","NYSE",NA,"lab.Unmapped","2026-09-20T13:30:43Z","sec-exchange"
"ITG","ITG, Inc./DE/","NASDAQ",NA,"lab.Unmapped","2026-09-20T13:30:43Z","sec-exchange"
"SNDX","Syndax Pharmaceuticals Inc","NASDAQ",NA,"lab.Unmapped","2026-09-20T13:30:43Z","sec-exchange"
"LTGO","Latigo Biotherapeutics, Inc.","NASDAQ",NA,"lab.Unmapped","2026-09-20T13:30:43Z","sec-exchange"
"KMPR","KEMPER Corp","NYSE",NA,"lab.Unmapped","2026-09-20T13:30:43Z","sec-exchange"
"IMKTA","INGLES MARKETS INC","NASDAQ",NA,"lab.Unmapped","2026-09-20T13:30:43Z","sec-exchange"
"WLTH","WEALTHFRONT CORP","NASDAQ",NA,"lab.Unmapped","2026-09-20T13:30:43Z","sec-exchange"
"HYT","BLACKROCK CORPORATE HIGH YIELD FUND, INC.","NYSE",NA,"lab.Unmapped","2026-09-20T13:30:43Z","sec-exchange"
"ELE","Elemental Royalty Corp","NASDAQ",NA,"lab.Unmapped","2026-09-20T13:30:43Z","sec-exchange"
"ATEC","Alphatec Holdings, Inc.","NASDAQ",NA,"lab.Unmapped","2026-09-20T13:30:43Z","sec-exchange"
"IIPR","INNOVATIVE INDUSTRIAL PROPERTIES INC","NYSE",NA,"lab.Unmapped","2026-09-20T13:30:43Z","sec-exchange"
"KARD","Kardigan, Inc.","NASDAQ",NA,"lab.Unmapped","2026-09-20T13:30:43Z","sec-exchange"
"ICFI","ICF International, Inc.","NASDAQ",NA,"lab.Unmapped","2026-09-20T13:30:43Z","sec-exchange"
"INBX","Inhibrx Biosciences, Inc.","NASDAQ",NA,"lab.Unmapped","2026-09-20T13:30:43Z","sec-exchange"
"LYNX","Lyntris Inc.","NYSE",NA,"lab.Unmapped","2026-09-20T13:30:43Z","sec-exchange"
"GAM","GENERAL AMERICAN INVESTORS CO INC","NYSE",NA,"lab.Unmapped","2026-09-20T13:30:43Z","sec-exchange"
"FOIL","Londian Wason New Energy Tech Inc.","NYSE",NA,"lab.Unmapped","2026-09-20T13:30:43Z","sec-exchange"
"RQI","COHEN & STEERS QUALITY INCOME REALTY FUND INC","NYSE",NA,"lab.Unmapped","2026-09-20T13:30:43Z","sec-exchange"
"NVGS","Navigator Holdings Ltd.","NYSE",NA,"lab.Unmapped","2026-09-20T13:30:43Z","sec-exchange"
"GIC","GLOBAL INDUSTRIAL Co","NYSE",NA,"lab.Unmapped","2026-09-20T13:30:43Z","sec-exchange"
"APC","ARKO Petroleum Corp.","NASDAQ",NA,"lab.Unmapped","2026-09-20T13:30:43Z","sec-exchange"
"CSWC","CAPITAL SOUTHWEST CORP","NASDAQ",NA,"lab.Unmapped","2026-09-20T13:30:43Z","sec-exchange"
"NOMD","Nomad Foods Ltd","NYSE",NA,"lab.Unmapped","2026-09-20T13:30:43Z","sec-exchange"
"IE","Ivanhoe Electric Inc.","NYSE",NA,"lab.Unmapped","2026-09-20T13:30:43Z","sec-exchange"
"ARDT","Ardent Health, Inc.","NYSE",NA,"lab.Unmapped","2026-09-20T13:30:43Z","sec-exchange"
"BCAT","BlackRock Capital Allocation Term Trust","NYSE",NA,"lab.Unmapped","2026-09-20T13:30:43Z","sec-exchange"
"INVA","Innoviva, Inc.","NASDAQ",NA,"lab.Unmapped","2026-09-20T13:30:43Z","sec-exchange"
"SAFT","SAFETY INSURANCE GROUP INC","NASDAQ",NA,"lab.Unmapped","2026-09-20T13:30:43Z","sec-exchange"
"AGL","agilon health, inc.","NYSE",NA,"lab.Unmapped","2026-09-20T13:30:43Z","sec-exchange"
"ATEX","Anterix Inc.","NASDAQ",NA,"lab.Unmapped","2026-09-20T13:30:43Z","sec-exchange"
"IAUX","i-80 Gold Corp.","NYSE",NA,"lab.Unmapped","2026-09-20T13:30:43Z","sec-exchange"
"AMBQ","Ambiq Micro, Inc.","NYSE",NA,"lab.Unmapped","2026-09-20T13:30:43Z","sec-exchange"
"TFIN","Triumph Financial, Inc.","NYSE",NA,"lab.Unmapped","2026-09-20T13:30:43Z","sec-exchange"
"RVLV","Revolve Group, Inc.","NYSE",NA,"lab.Unmapped","2026-09-20T13:30:43Z","sec-exchange"
"VISN","Vistance Networks, Inc.","NASDAQ",NA,"lab.Unmapped","2026-09-20T13:30:43Z","sec-exchange"
"ESQ","Esquire Financial Holdings, Inc.","NASDAQ",NA,"lab.Unmapped","2026-09-20T13:30:43Z","sec-exchange"
"LKFN","LAKELAND FINANCIAL CORP","NASDAQ",NA,"lab.Unmapped","2026-09-20T13:30:43Z","sec-exchange"
"BCAX","Bicara Therapeutics Inc.","NASDAQ",NA,"lab.Unmapped","2026-09-20T13:30:43Z","sec-exchange"
"GT","GOODYEAR TIRE & RUBBER CO /OH/","NASDAQ",NA,"lab.Unmapped","2026-09-20T13:30:43Z","sec-exchange"
"JJSF","J&J SNACK FOODS CORP","NASDAQ",NA,"lab.Unmapped","2026-09-20T13:30:43Z","sec-exchange"
"NUTX","Nutex Health Inc.","NASDAQ",NA,"lab.Unmapped","2026-09-20T13:30:43Z","sec-exchange"
"AZTA","Azenta, Inc.","NASDAQ",NA,"lab.Unmapped","2026-09-20T13:30:43Z","sec-exchange"
"OMCL","OMNICELL, INC.","NASDAQ",NA,"lab.Unmapped","2026-09-20T13:30:43Z","sec-exchange"
"SBH","Sally Beauty Holdings, Inc.","NYSE",NA,"lab.Unmapped","2026-09-20T13:30:43Z","sec-exchange"
"INNV","InnovAge Holding Corp.","NASDAQ",NA,"lab.Unmapped","2026-09-20T13:30:43Z","sec-exchange"
"HCSG","HEALTHCARE SERVICES GROUP INC","NASDAQ",NA,"lab.Unmapped","2026-09-20T13:30:43Z","sec-exchange"
"XZO","Exzeo Group, Inc.","NYSE",NA,"lab.Unmapped","2026-09-20T13:30:43Z","sec-exchange"
"ENR","ENERGIZER HOLDINGS, INC.","NYSE",NA,"lab.Unmapped","2026-09-20T13:30:43Z","sec-exchange"
"COUR","Coursera, Inc.","NYSE",NA,"lab.Unmapped","2026-09-20T13:30:43Z","sec-exchange"
"SECZ","Securitize Corp.","NYSE",NA,"lab.Unmapped","2026-09-20T13:30:43Z","sec-exchange"
"CRSR","Corsair Gaming, Inc.","NASDAQ",NA,"lab.Unmapped","2026-09-20T13:30:43Z","sec-exchange"
"ADNT","Adient plc","NYSE",NA,"lab.Unmapped","2026-09-20T13:30:43Z","sec-exchange"
"SLVM","Sylvamo Corp","NYSE",NA,"lab.Unmapped","2026-09-20T13:30:43Z","sec-exchange"
"DMC","DEL MONTE CORP","NYSE",NA,"lab.Unmapped","2026-09-20T13:30:43Z","sec-exchange"
"DCH","Dauch Corp","NYSE",NA,"lab.Unmapped","2026-09-20T13:30:43Z","sec-exchange"
"QQQX","Nuveen NASDAQ 100 Dynamic Overwrite Fund","NASDAQ",NA,"lab.Unmapped","2026-09-20T13:30:43Z","sec-exchange"
"DMLP","DORCHESTER MINERALS, L.P.","NASDAQ",NA,"lab.Unmapped","2026-09-20T13:30:43Z","sec-exchange"
"XERS","Xeris Biopharma Holdings, Inc.","NASDAQ",NA,"lab.Unmapped","2026-09-20T13:30:43Z","sec-exchange"
"MLKN","MILLERKNOLL, INC.","NASDAQ",NA,"lab.Unmapped","2026-09-20T13:30:43Z","sec-exchange"
"DMRA","Damora Therapeutics, Inc.","NASDAQ",NA,"lab.Unmapped","2026-09-20T13:30:43Z","sec-exchange"
"DRTS","Alpha Tau Medical Ltd.","NASDAQ",NA,"lab.Unmapped","2026-09-20T13:30:43Z","sec-exchange"
"EOSE","Eos Energy Enterprises, Inc.","NASDAQ",NA,"lab.Unmapped","2026-09-20T13:30:43Z","sec-exchange"
"AVLN","Avalyn Pharma Inc.","NASDAQ",NA,"lab.Unmapped","2026-09-20T13:30:43Z","sec-exchange"
"FLNC","Fluence Energy, Inc.","NASDAQ",NA,"lab.Unmapped","2026-09-20T13:30:43Z","sec-exchange"
"ARLO","Arlo Technologies, Inc.","NYSE",NA,"lab.Unmapped","2026-09-20T13:30:43Z","sec-exchange"
"AAPG","ASCENTAGE PHARMA GROUP INTERNATIONAL","NASDAQ",NA,"lab.Unmapped","2026-09-20T13:30:43Z","sec-exchange"
"PRG","PROG Holdings, Inc.","NYSE",NA,"lab.Unmapped","2026-09-20T13:30:43Z","sec-exchange"
"NFJ","Virtus Dividend, Interest & Premium Strategy Fund","NYSE",NA,"lab.Unmapped","2026-09-20T13:30:43Z","sec-exchange"
"BXBL","BOXABL Inc.","NASDAQ",NA,"lab.Unmapped","2026-09-20T13:30:43Z","sec-exchange"
"BHRB","Burke & Herbert Financial Services Corp.","NASDAQ",NA,"lab.Unmapped","2026-09-20T13:30:43Z","sec-exchange"
"SVV","Savers Value Village, Inc.","NYSE",NA,"lab.Unmapped","2026-09-20T13:30:43Z","sec-exchange"
"KMTS","KESTRA MEDICAL TECHNOLOGIES, LTD.","NASDAQ",NA,"lab.Unmapped","2026-09-20T13:30:43Z","sec-exchange"
"ATLC","Atlanticus Holdings Corp","NASDAQ",NA,"lab.Unmapped","2026-09-20T13:30:43Z","sec-exchange"
"ECAT","BlackRock ESG Capital Allocation Term Trust","NYSE",NA,"lab.Unmapped","2026-09-20T13:30:43Z","sec-exchange"
"REX","REX AMERICAN RESOURCES Corp","NYSE",NA,"lab.Unmapped","2026-09-20T13:30:43Z","sec-exchange"
"WBTN","WEBTOON Entertainment Inc.","NASDAQ",NA,"lab.Unmapped","2026-09-20T13:30:43Z","sec-exchange"
"FCEL","FUELCELL ENERGY INC","NASDAQ",NA,"lab.Unmapped","2026-09-20T13:30:43Z","sec-exchange"
"PEBO","PEOPLES BANCORP INC","NASDAQ",NA,"lab.Unmapped","2026-09-20T13:30:43Z","sec-exchange"
"TMP","TOMPKINS FINANCIAL CORP","NYSE",NA,"lab.Unmapped","2026-09-20T13:30:43Z","sec-exchange"
"PNTG","Pennant Group, Inc.","NASDAQ",NA,"lab.Unmapped","2026-09-20T13:30:43Z","sec-exchange"
"VZLA","Vizsla Silver Corp.","NYSE",NA,"lab.Unmapped","2026-09-20T13:30:43Z","sec-exchange"
"PAHC","PHIBRO ANIMAL HEALTH CORP","NASDAQ",NA,"lab.Unmapped","2026-09-20T13:30:43Z","sec-exchange"
"AMSC","AMERICAN SUPERCONDUCTOR CORP /DE/","NASDAQ",NA,"lab.Unmapped","2026-09-20T13:30:43Z","sec-exchange"
"SCL","STEPAN CO","NYSE",NA,"lab.Unmapped","2026-09-20T13:30:43Z","sec-exchange"
"TRAX","First Tracks Biotherapeutics, Inc.","NASDAQ",NA,"lab.Unmapped","2026-09-20T13:30:43Z","sec-exchange"
"BTT","BlackRock Municipal 2030 Target Term Trust","NYSE",NA,"lab.Unmapped","2026-09-20T13:30:43Z","sec-exchange"
"HLMN","Hillman Solutions Corp.","NASDAQ",NA,"lab.Unmapped","2026-09-20T13:30:43Z","sec-exchange"
"AMAL","Amalgamated Financial Corp.","NASDAQ",NA,"lab.Unmapped","2026-09-20T13:30:43Z","sec-exchange"
"UFCS","UNITED FIRE GROUP INC","NASDAQ",NA,"lab.Unmapped","2026-09-20T13:30:43Z","sec-exchange"
"WABC","WESTAMERICA BANCORPORATION","NASDAQ",NA,"lab.Unmapped","2026-09-20T13:30:43Z","sec-exchange"
"CNMD","CONMED Corp","NYSE",NA,"lab.Unmapped","2026-09-20T13:30:43Z","sec-exchange"
"TRS","TRIMAS CORP","NASDAQ",NA,"lab.Unmapped","2026-09-20T13:30:43Z","sec-exchange"
"CTBI","COMMUNITY TRUST BANCORP INC /KY/","NASDAQ",NA,"lab.Unmapped","2026-09-20T13:30:43Z","sec-exchange"
"AMPX","Amprius Technologies, Inc.","NYSE",NA,"lab.Unmapped","2026-09-20T13:30:43Z","sec-exchange"
"AVBP","ArriVent BioPharma, Inc.","NASDAQ",NA,"lab.Unmapped","2026-09-20T13:30:43Z","sec-exchange"
"RARE","Ultragenyx Pharmaceutical Inc.","NASDAQ",NA,"lab.Unmapped","2026-09-20T13:30:43Z","sec-exchange"
"TPB","Turning Point Brands, Inc.","NYSE",NA,"lab.Unmapped","2026-09-20T13:30:43Z","sec-exchange"
"GOLD","Gold.com, Inc.","NYSE",NA,"lab.Unmapped","2026-09-20T13:30:43Z","sec-exchange"
"EVCM","EverCommerce Inc.","NASDAQ",NA,"lab.Unmapped","2026-09-20T13:30:43Z","sec-exchange"
"ULCC","Frontier Group Holdings, Inc.","NASDAQ",NA,"lab.Unmapped","2026-09-20T13:30:43Z","sec-exchange"
"BORR","Borr Drilling Ltd","NYSE",NA,"lab.Unmapped","2026-09-20T13:30:43Z","sec-exchange"
"BBAI","BigBear.ai Holdings, Inc.","NYSE",NA,"lab.Unmapped","2026-09-20T13:30:43Z","sec-exchange"
"LBRX","LB PHARMACEUTICALS INC","NASDAQ",NA,"lab.Unmapped","2026-09-20T13:30:43Z","sec-exchange"
"WEN","Wendy's Co","NASDAQ",NA,"lab.Unmapped","2026-09-20T13:30:43Z","sec-exchange"
"IRS","IRSA INVESTMENTS & REPRESENTATIONS INC","NYSE",NA,"lab.Unmapped","2026-09-20T13:30:43Z","sec-exchange"
"ASIC","Ategrity Specialty Insurance Co Holdings","NYSE",NA,"lab.Unmapped","2026-09-20T13:30:43Z","sec-exchange"
"NMAX","Newsmax Inc.","NYSE",NA,"lab.Unmapped","2026-09-20T13:30:43Z","sec-exchange"
"EFOR","Everforth Inc","NYSE",NA,"lab.Unmapped","2026-09-20T13:30:43Z","sec-exchange"
"PRSU","Pursuit Attractions & Hospitality, Inc.","NYSE",NA,"lab.Unmapped","2026-09-20T13:30:43Z","sec-exchange"
"IMTX","Immatics N.V.","NASDAQ",NA,"lab.Unmapped","2026-09-20T13:30:43Z","sec-exchange"
"UMH","UMH PROPERTIES, INC.","NYSE",NA,"lab.Unmapped","2026-09-20T13:30:43Z","sec-exchange"
"TBN","Tamboran Resources Corp","NYSE",NA,"lab.Unmapped","2026-09-20T13:30:43Z","sec-exchange"
"FMBH","FIRST MID BANCSHARES, INC.","NASDAQ",NA,"lab.Unmapped","2026-09-20T13:30:43Z","sec-exchange"
"APPS","Digital Turbine, Inc.","NASDAQ",NA,"lab.Unmapped","2026-09-20T13:30:43Z","sec-exchange"
"FOR","Forestar Group Inc.","NYSE",NA,"lab.Unmapped","2026-09-20T13:30:43Z","sec-exchange"
"OMER","OMEROS CORP","NASDAQ",NA,"lab.Unmapped","2026-09-20T13:30:43Z","sec-exchange"
"AMN","AMN HEALTHCARE SERVICES INC","NYSE",NA,"lab.Unmapped","2026-09-20T13:30:43Z","sec-exchange"
"LQDT","LIQUIDITY SERVICES INC","NASDAQ",NA,"lab.Unmapped","2026-09-20T13:30:43Z","sec-exchange"
"EYE","National Vision Holdings, Inc.","NASDAQ",NA,"lab.Unmapped","2026-09-20T13:30:43Z","sec-exchange"
"WD","Walker & Dunlop, Inc.","NYSE",NA,"lab.Unmapped","2026-09-20T13:30:43Z","sec-exchange"
"CCEC","Capital Clean Energy Carriers Corp.","NASDAQ",NA,"lab.Unmapped","2026-09-20T13:30:43Z","sec-exchange"
"GBX","GREENBRIER COMPANIES INC","NYSE",NA,"lab.Unmapped","2026-09-20T13:30:43Z","sec-exchange"
"ORIC","Oric Pharmaceuticals, Inc.","NASDAQ",NA,"lab.Unmapped","2026-09-20T13:30:43Z","sec-exchange"
"MBC","MasterBrand, Inc.","NYSE",NA,"lab.Unmapped","2026-09-20T13:30:43Z","sec-exchange"
"BRUN","Boost Run Inc.","NASDAQ",NA,"lab.Unmapped","2026-09-20T13:30:43Z","sec-exchange"
"HBT","HBT Financial, Inc.","NASDAQ",NA,"lab.Unmapped","2026-09-20T13:30:43Z","sec-exchange"
"RMIX","Suncrete, Inc.","NASDAQ",NA,"lab.Unmapped","2026-09-20T13:30:43Z","sec-exchange"
"RES","RPC INC","NYSE",NA,"lab.Unmapped","2026-09-20T13:30:43Z","sec-exchange"
"CGEM","Cullinan Therapeutics, Inc.","NASDAQ",NA,"lab.Unmapped","2026-09-20T13:30:43Z","sec-exchange"
"ROCK","GIBRALTAR INDUSTRIES, INC.","NASDAQ",NA,"lab.Unmapped","2026-09-20T13:30:43Z","sec-exchange"
"RDWR","RADWARE LTD","NASDAQ",NA,"lab.Unmapped","2026-09-20T13:30:43Z","sec-exchange"
"NBR","NABORS INDUSTRIES LTD","NYSE",NA,"lab.Unmapped","2026-09-20T13:30:43Z","sec-exchange"
"VOR","Vor Biopharma Inc.","NASDAQ",NA,"lab.Unmapped","2026-09-20T13:30:43Z","sec-exchange"
"FLO","FLOWERS FOODS INC","NYSE",NA,"lab.Unmapped","2026-09-20T13:30:43Z","sec-exchange"
"MAZE","Maze Therapeutics, Inc.","NASDAQ",NA,"lab.Unmapped","2026-09-20T13:30:43Z","sec-exchange"
"CERT","Certara, Inc.","NASDAQ",NA,"lab.Unmapped","2026-09-20T13:30:43Z","sec-exchange"
"CXM","Sprinklr, Inc.","NYSE",NA,"lab.Unmapped","2026-09-20T13:30:43Z","sec-exchange"
"POET","POET TECHNOLOGIES INC.","NASDAQ",NA,"lab.Unmapped","2026-09-20T13:30:43Z","sec-exchange"
"TK","TEEKAY CORP LTD","NYSE",NA,"lab.Unmapped","2026-09-20T13:30:43Z","sec-exchange"
"ESRT","Empire State Realty Trust, Inc.","NYSE",NA,"lab.Unmapped","2026-09-20T13:30:43Z","sec-exchange"
"PSNY","Polestar Automotive Holding UK PLC","NASDAQ",NA,"lab.Unmapped","2026-09-20T13:30:43Z","sec-exchange"
"RYZ","Ryerson Holding Corp","NYSE",NA,"lab.Unmapped","2026-09-20T13:30:43Z","sec-exchange"
"FUN","Six Flags Entertainment Corporation/NEW","NYSE",NA,"lab.Unmapped","2026-09-20T13:30:43Z","sec-exchange"
"HPP","Hudson Pacific Properties, Inc.","NYSE",NA,"lab.Unmapped","2026-09-20T13:30:43Z","sec-exchange"
"FMC","FMC CORP","NYSE",NA,"lab.Unmapped","2026-09-20T13:30:43Z","sec-exchange"
"BJRI","BJs RESTAURANTS INC","NASDAQ",NA,"lab.Unmapped","2026-09-20T13:30:43Z","sec-exchange"
"RDVT","Red Violet, Inc.","NASDAQ",NA,"lab.Unmapped","2026-09-20T13:30:43Z","sec-exchange"
"TE","T1 Energy Inc.","NYSE",NA,"lab.Unmapped","2026-09-20T13:30:43Z","sec-exchange"
"PUMP","ProPetro Holding Corp.","NYSE",NA,"lab.Unmapped","2026-09-20T13:30:43Z","sec-exchange"
"OSBC","OLD SECOND BANCORP INC","NASDAQ",NA,"lab.Unmapped","2026-09-20T13:30:43Z","sec-exchange"
"SHLS","Shoals Technologies Group, Inc.","NASDAQ",NA,"lab.Unmapped","2026-09-20T13:30:43Z","sec-exchange"
"NSSC","NAPCO SECURITY TECHNOLOGIES, INC","NASDAQ",NA,"lab.Unmapped","2026-09-20T13:30:43Z","sec-exchange"
"PWP","Perella Weinberg Partners","NASDAQ",NA,"lab.Unmapped","2026-09-20T13:30:43Z","sec-exchange"
"AMRC","Ameresco, Inc.","NYSE",NA,"lab.Unmapped","2026-09-20T13:30:43Z","sec-exchange"
"ALX","ALEXANDERS INC","NYSE",NA,"lab.Unmapped","2026-09-20T13:30:43Z","sec-exchange"
"LUXE","LuxExperience B.V.","NYSE",NA,"lab.Unmapped","2026-09-20T13:30:43Z","sec-exchange"
"WOLF","WOLFSPEED, INC.","NYSE",NA,"lab.Unmapped","2026-09-20T13:30:43Z","sec-exchange"
"MSDL","Morgan Stanley Direct Lending Fund","NYSE",NA,"lab.Unmapped","2026-09-20T13:30:43Z","sec-exchange"
"EPC","EDGEWELL PERSONAL CARE Co","NYSE",NA,"lab.Unmapped","2026-09-20T13:30:43Z","sec-exchange"
"PFBC","Preferred Bank","NASDAQ",NA,"lab.Unmapped","2026-09-20T13:30:43Z","sec-exchange"
"AKTS","Aktis Oncology, Inc.","NASDAQ",NA,"lab.Unmapped","2026-09-20T13:30:43Z","sec-exchange"
"XPEL","XPEL, Inc.","NASDAQ",NA,"lab.Unmapped","2026-09-20T13:30:43Z","sec-exchange"
"DOLE","Dole plc","NYSE",NA,"lab.Unmapped","2026-09-20T13:30:43Z","sec-exchange"
"MGTX","MeiraGTx Holdings plc","NASDAQ",NA,"lab.Unmapped","2026-09-20T13:30:43Z","sec-exchange"
"SENEA","Seneca Foods Corp","NASDAQ",NA,"lab.Unmapped","2026-09-20T13:30:43Z","sec-exchange"
"USPH","U S PHYSICAL THERAPY INC /NV","NYSE",NA,"lab.Unmapped","2026-09-20T13:30:43Z","sec-exchange"
"HROW","HARROW, INC.","NASDAQ",NA,"lab.Unmapped","2026-09-20T13:30:43Z","sec-exchange"
"VTOL","Bristow Group Inc.","NYSE",NA,"lab.Unmapped","2026-09-20T13:30:43Z","sec-exchange"
"CRON","Cronos Group Inc.","NASDAQ",NA,"lab.Unmapped","2026-09-20T13:30:43Z","sec-exchange"
"YSS","York Space Systems Inc.","NYSE",NA,"lab.Unmapped","2026-09-20T13:30:43Z","sec-exchange"
"LSPD","Lightspeed Commerce Inc.","NYSE",NA,"lab.Unmapped","2026-09-20T13:30:43Z","sec-exchange"
"GNK","GENCO SHIPPING & TRADING LTD","NYSE",NA,"lab.Unmapped","2026-09-20T13:30:43Z","sec-exchange"
"TV","GRUPO TELEVISA, S.A.B.","NYSE",NA,"lab.Unmapped","2026-09-20T13:30:43Z","sec-exchange"
"UVE","UNIVERSAL INSURANCE HOLDINGS, INC.","NYSE",NA,"lab.Unmapped","2026-09-20T13:30:43Z","sec-exchange"
"SLSR","Solaris Resources Inc.","NYSE",NA,"lab.Unmapped","2026-09-20T13:30:43Z","sec-exchange"
"HLF","HERBALIFE LTD.","NYSE",NA,"lab.Unmapped","2026-09-20T13:30:43Z","sec-exchange"
"OPY","OPPENHEIMER HOLDINGS INC","NYSE",NA,"lab.Unmapped","2026-09-20T13:30:43Z","sec-exchange"
"OPK","OPKO HEALTH, INC.","NASDAQ",NA,"lab.Unmapped","2026-09-20T13:30:43Z","sec-exchange"
"OMDA","Omada Health, Inc.","NASDAQ",NA,"lab.Unmapped","2026-09-20T13:30:43Z","sec-exchange"
"LADR","Ladder Capital Corp","NYSE",NA,"lab.Unmapped","2026-09-20T13:30:43Z","sec-exchange"
"HLIT","HARMONIC INC.","NASDAQ",NA,"lab.Unmapped","2026-09-20T13:30:43Z","sec-exchange"
"AZUL","AZUL SA","NYSE",NA,"lab.Unmapped","2026-09-20T13:30:43Z","sec-exchange"
"WLDN","Willdan Group, Inc.","NASDAQ",NA,"lab.Unmapped","2026-09-20T13:30:43Z","sec-exchange"
"HBNB","Hotel101 Global Holdings Corp.","NASDAQ",NA,"lab.Unmapped","2026-09-20T13:30:43Z","sec-exchange"
"CCO","Clear Channel Outdoor Holdings, Inc.","NYSE",NA,"lab.Unmapped","2026-09-20T13:30:43Z","sec-exchange"
"ORC","Orchid Island Capital, Inc.","NYSE",NA,"lab.Unmapped","2026-09-20T13:30:43Z","sec-exchange"
"CLVT","CLARIVATE PLC","NYSE",NA,"lab.Unmapped","2026-09-20T13:30:43Z","sec-exchange"
"UMAC","Unusual Machines, Inc.","NYSE",NA,"lab.Unmapped","2026-09-20T13:30:43Z","sec-exchange"
"REPL","Replimune Group, Inc.","NASDAQ",NA,"lab.Unmapped","2026-09-20T13:30:43Z","sec-exchange"
"CLBK","Columbia Financial, Inc./MD/","NASDAQ",NA,"lab.Unmapped","2026-09-20T13:30:43Z","sec-exchange"
"ANRO","Alto Neuroscience, Inc.","NYSE",NA,"lab.Unmapped","2026-09-20T13:30:43Z","sec-exchange"
"CNL","Collective Mining Ltd.","NASDAQ",NA,"lab.Unmapped","2026-09-20T13:30:43Z","sec-exchange"
"GIII","G III APPAREL GROUP LTD /DE/","NASDAQ",NA,"lab.Unmapped","2026-09-20T13:30:43Z","sec-exchange"
"LZB","LA-Z-BOY INC","NYSE",NA,"lab.Unmapped","2026-09-20T13:30:43Z","sec-exchange"
"XTND","Xtend AI Robotics, Inc.","NYSE",NA,"lab.Unmapped","2026-09-20T13:30:43Z","sec-exchange"
"NBXG","Neuberger Next Generation Connectivity Fund Inc.","NYSE",NA,"lab.Unmapped","2026-09-20T13:30:43Z","sec-exchange"
"AFYA","Afya Ltd","NASDAQ",NA,"lab.Unmapped","2026-09-20T13:30:43Z","sec-exchange"
"LNN","LINDSAY CORP","NYSE",NA,"lab.Unmapped","2026-09-20T13:30:43Z","sec-exchange"
"DFIN","Donnelley Financial Solutions, Inc.","NYSE",NA,"lab.Unmapped","2026-09-20T13:30:43Z","sec-exchange"
"TNDM","TANDEM DIABETES CARE INC","NASDAQ",NA,"lab.Unmapped","2026-09-20T13:30:43Z","sec-exchange"
"CRCT","Cricut, Inc.","NASDAQ",NA,"lab.Unmapped","2026-09-20T13:30:43Z","sec-exchange"
"IART","INTEGRA LIFESCIENCES HOLDINGS CORP","NASDAQ",NA,"lab.Unmapped","2026-09-20T13:30:43Z","sec-exchange"
"NHP","National Healthcare Properties, Inc.","NASDAQ",NA,"lab.Unmapped","2026-09-20T13:30:43Z","sec-exchange"
"MYE","MYERS INDUSTRIES INC","NYSE",NA,"lab.Unmapped","2026-09-20T13:30:43Z","sec-exchange"
"UVSP","UNIVEST FINANCIAL Corp","NASDAQ",NA,"lab.Unmapped","2026-09-20T13:30:43Z","sec-exchange"
"DSL","DoubleLine Income Solutions Fund","NYSE",NA,"lab.Unmapped","2026-09-20T13:30:43Z","sec-exchange"
"MMI","Marcus & Millichap, Inc.","NYSE",NA,"lab.Unmapped","2026-09-20T13:30:43Z","sec-exchange"
"PDM","Piedmont Realty Trust, Inc.","NYSE",NA,"lab.Unmapped","2026-09-20T13:30:43Z","sec-exchange"
"JCAP","Jefferson Capital, Inc. / DE","NASDAQ",NA,"lab.Unmapped","2026-09-20T13:30:43Z","sec-exchange"
"GTM","ZoomInfo Technologies Inc.","NASDAQ",NA,"lab.Unmapped","2026-09-20T13:30:43Z","sec-exchange"
"REAL","TheRealReal, Inc.","NASDAQ",NA,"lab.Unmapped","2026-09-20T13:30:43Z","sec-exchange"
"APMD","Apnimed, Inc.","NASDAQ",NA,"lab.Unmapped","2026-09-20T13:30:43Z","sec-exchange"
"THRM","Gentherm Inc","NASDAQ",NA,"lab.Unmapped","2026-09-20T13:30:43Z","sec-exchange"
"TDOC","Teladoc Health, Inc.","NYSE",NA,"lab.Unmapped","2026-09-20T13:30:43Z","sec-exchange"
"ECVT","Ecovyst Inc.","NYSE",NA,"lab.Unmapped","2026-09-20T13:30:43Z","sec-exchange"
"GDRX","GoodRx Holdings, Inc.","NASDAQ",NA,"lab.Unmapped","2026-09-20T13:30:43Z","sec-exchange"
"AORT","ARTIVION, INC.","NYSE",NA,"lab.Unmapped","2026-09-20T13:30:43Z","sec-exchange"
"AIIR","AIR Global PLC","NASDAQ",NA,"lab.Unmapped","2026-09-20T13:30:43Z","sec-exchange"
"AMTB","Amerant Bancorp Inc.","NYSE",NA,"lab.Unmapped","2026-09-20T13:30:43Z","sec-exchange"
"BRAI","Braiin Ltd","NASDAQ",NA,"lab.Unmapped","2026-09-20T13:30:43Z","sec-exchange"
"SCSC","SCANSOURCE, INC.","NASDAQ",NA,"lab.Unmapped","2026-09-20T13:30:43Z","sec-exchange"
"HZO","MARINEMAX INC","NYSE",NA,"lab.Unmapped","2026-09-20T13:30:43Z","sec-exchange"
"PSEC","PROSPECT CAPITAL CORP","NASDAQ",NA,"lab.Unmapped","2026-09-20T13:30:43Z","sec-exchange"
"WLFC","WILLIS LEASE FINANCE CORP","NASDAQ",NA,"lab.Unmapped","2026-09-20T13:30:43Z","sec-exchange"
"HFWA","HERITAGE FINANCIAL CORP /WA/","NASDAQ",NA,"lab.Unmapped","2026-09-20T13:30:43Z","sec-exchange"
"AVEX","AEVEX Corp.","NYSE",NA,"lab.Unmapped","2026-09-20T13:30:43Z","sec-exchange"
"DEA","Easterly Government Properties, Inc.","NYSE",NA,"lab.Unmapped","2026-09-20T13:30:43Z","sec-exchange"
"LGIH","LGI Homes, Inc.","NASDAQ",NA,"lab.Unmapped","2026-09-20T13:30:43Z","sec-exchange"
"GO","Grocery Outlet Holding Corp.","NASDAQ",NA,"lab.Unmapped","2026-09-20T13:30:43Z","sec-exchange"
"ODTX","Odyssey Therapeutics, Inc.","NASDAQ",NA,"lab.Unmapped","2026-09-20T13:30:43Z","sec-exchange"
"SPTX","Seaport Therapeutics, Inc.","NASDAQ",NA,"lab.Unmapped","2026-09-20T13:30:43Z","sec-exchange"
"PD","PagerDuty, Inc.","NYSE",NA,"lab.Unmapped","2026-09-20T13:30:43Z","sec-exchange"
"TNC","TENNANT CO","NYSE",NA,"lab.Unmapped","2026-09-20T13:30:43Z","sec-exchange"
"MNKD","MANNKIND CORP","NASDAQ",NA,"lab.Unmapped","2026-09-20T13:30:43Z","sec-exchange"
"PCT","PureCycle Technologies, Inc.","NASDAQ",NA,"lab.Unmapped","2026-09-20T13:30:43Z","sec-exchange"
"UTI","UNIVERSAL TECHNICAL INSTITUTE INC","NYSE",NA,"lab.Unmapped","2026-09-20T13:30:43Z","sec-exchange"
"GSBD","Goldman Sachs BDC, Inc.","NYSE",NA,"lab.Unmapped","2026-09-20T13:30:43Z","sec-exchange"
"ESBA","Empire State Realty OP, L.P.","NYSE",NA,"lab.Unmapped","2026-09-20T13:30:43Z","sec-exchange"
"SPH","SUBURBAN PROPANE PARTNERS LP","NYSE",NA,"lab.Unmapped","2026-09-20T13:30:43Z","sec-exchange"
"TRUP","TRUPANION, INC.","NASDAQ",NA,"lab.Unmapped","2026-09-20T13:30:43Z","sec-exchange"
"LOMA","Loma Negra Compania Industrial Argentina Sociedad Anonima","NYSE",NA,"lab.Unmapped","2026-09-20T13:30:43Z","sec-exchange"
"EOS","Eaton Vance Enhanced Equity Income Fund II","NYSE",NA,"lab.Unmapped","2026-09-20T13:30:43Z","sec-exchange"
"PDS","PRECISION DRILLING Corp","NYSE",NA,"lab.Unmapped","2026-09-20T13:30:43Z","sec-exchange"
"BH-A","Biglari Holdings Inc.","NYSE",NA,"lab.Unmapped","2026-09-20T13:30:43Z","sec-exchange"
"OCSL","Oaktree Specialty Lending Corp","NASDAQ",NA,"lab.Unmapped","2026-09-20T13:30:43Z","sec-exchange"
"AIP","Arteris, Inc.","NASDAQ",NA,"lab.Unmapped","2026-09-20T13:30:43Z","sec-exchange"
"CSTL","CASTLE BIOSCIENCES INC","NASDAQ",NA,"lab.Unmapped","2026-09-20T13:30:43Z","sec-exchange"
"CDRE","Cadre Holdings, Inc.","NYSE",NA,"lab.Unmapped","2026-09-20T13:30:43Z","sec-exchange"
"MUX","McEwen Inc.","NYSE",NA,"lab.Unmapped","2026-09-20T13:30:43Z","sec-exchange"
"LMRI","Lumexa Imaging Holdings, Inc.","NASDAQ",NA,"lab.Unmapped","2026-09-20T13:30:43Z","sec-exchange"
"MRTN","MARTEN TRANSPORT LTD","NASDAQ",NA,"lab.Unmapped","2026-09-20T13:30:43Z","sec-exchange"
"VCX","Fundrise Innovation Fund, LLC","NYSE",NA,"lab.Unmapped","2026-09-20T13:30:43Z","sec-exchange"
"BOW","Bowhead Specialty Holdings Inc.","NYSE",NA,"lab.Unmapped","2026-09-20T13:30:43Z","sec-exchange"
"NXRT","NexPoint Residential Trust, Inc.","NYSE",NA,"lab.Unmapped","2026-09-20T13:30:43Z","sec-exchange"
"FSBC","FIVE STAR BANCORP","NASDAQ",NA,"lab.Unmapped","2026-09-20T13:30:43Z","sec-exchange"
"YELP","YELP INC","NYSE",NA,"lab.Unmapped","2026-09-20T13:30:43Z","sec-exchange"
"MCB","Metropolitan Bank Holding Corp.","NYSE",NA,"lab.Unmapped","2026-09-20T13:30:43Z","sec-exchange"
"SVRA","Savara Inc","NASDAQ",NA,"lab.Unmapped","2026-09-20T13:30:43Z","sec-exchange"
"UVV","UNIVERSAL CORP /VA/","NYSE",NA,"lab.Unmapped","2026-09-20T13:30:43Z","sec-exchange"
"AOD","abrdn Total Dynamic Dividend Fund","NYSE",NA,"lab.Unmapped","2026-09-20T13:30:43Z","sec-exchange"
"NEWP","NEW PACIFIC METALS CORP","NYSE",NA,"lab.Unmapped","2026-09-20T13:30:43Z","sec-exchange"
"PRCT","PROCEPT BioRobotics Corp","NASDAQ",NA,"lab.Unmapped","2026-09-20T13:30:43Z","sec-exchange"
"DLX","DELUXE CORP","NYSE",NA,"lab.Unmapped","2026-09-20T13:30:43Z","sec-exchange"
"IQ","iQIYI, Inc.","NASDAQ",NA,"lab.Unmapped","2026-09-20T13:30:43Z","sec-exchange"
"RCAT","Red Cat Holdings, Inc.","NASDAQ",NA,"lab.Unmapped","2026-09-20T13:30:43Z","sec-exchange"
"HSLV","Highlander Silver Corp.","NYSE",NA,"lab.Unmapped","2026-09-20T13:30:43Z","sec-exchange"
"CFFN","Capitol Federal Financial, Inc.","NASDAQ",NA,"lab.Unmapped","2026-09-20T13:30:43Z","sec-exchange"
"AVO","Mission Produce, Inc.","NASDAQ",NA,"lab.Unmapped","2026-09-20T13:30:43Z","sec-exchange"
"CRI","CARTERS INC","NYSE",NA,"lab.Unmapped","2026-09-20T13:30:43Z","sec-exchange"
"ABTC","American Bitcoin Corp.","NASDAQ",NA,"lab.Unmapped","2026-09-20T13:30:43Z","sec-exchange"
"OBX","Obsidian Therapeutics, Inc.","NASDAQ",NA,"lab.Unmapped","2026-09-20T13:30:43Z","sec-exchange"
"BW","Babcock & Wilcox Enterprises, Inc.","NYSE",NA,"lab.Unmapped","2026-09-20T13:30:43Z","sec-exchange"
"NPKI","NPK International Inc.","NYSE",NA,"lab.Unmapped","2026-09-20T13:30:43Z","sec-exchange"
"AEVA","Aeva Technologies, Inc.","NASDAQ",NA,"lab.Unmapped","2026-09-20T13:30:43Z","sec-exchange"
"JBIO","Jade Biosciences, Inc.","NASDAQ",NA,"lab.Unmapped","2026-09-20T13:30:43Z","sec-exchange"
"STAA","STAAR SURGICAL CO","NASDAQ",NA,"lab.Unmapped","2026-09-20T13:30:43Z","sec-exchange"
"IGIC","International General Insurance Holdings Ltd.","NASDAQ",NA,"lab.Unmapped","2026-09-20T13:30:43Z","sec-exchange"
"FTK","FLOTEK INDUSTRIES INC/CN/","NYSE",NA,"lab.Unmapped","2026-09-20T13:30:43Z","sec-exchange"
"TUYA","Tuya Inc.","NYSE",NA,"lab.Unmapped","2026-09-20T13:30:43Z","sec-exchange"
"FSCO","FS Credit Opportunities Corp.","NYSE",NA,"lab.Unmapped","2026-09-20T13:30:43Z","sec-exchange"
"ASA","ASA Gold & Precious Metals Ltd","NYSE",NA,"lab.Unmapped","2026-09-20T13:30:43Z","sec-exchange"
"NPK","NATIONAL PRESTO INDUSTRIES INC","NYSE",NA,"lab.Unmapped","2026-09-20T13:30:43Z","sec-exchange"
"CRVS","Corvus Pharmaceuticals, Inc.","NASDAQ",NA,"lab.Unmapped","2026-09-20T13:30:43Z","sec-exchange"
"SBR","SABINE ROYALTY TRUST","NYSE",NA,"lab.Unmapped","2026-09-20T13:30:43Z","sec-exchange"
"GPRE","Green Plains Inc.","NASDAQ",NA,"lab.Unmapped","2026-09-20T13:30:43Z","sec-exchange"
"CPAC","CEMENTOS PACASMAYO SAA","NYSE",NA,"lab.Unmapped","2026-09-20T13:30:43Z","sec-exchange"
"ASM","AVINO SILVER & GOLD MINES LTD","NYSE",NA,"lab.Unmapped","2026-09-20T13:30:43Z","sec-exchange"
"UPWK","UPWORK, INC","NASDAQ",NA,"lab.Unmapped","2026-09-20T13:30:43Z","sec-exchange"
"XIFR","XPLR Infrastructure, LP","NYSE",NA,"lab.Unmapped","2026-09-20T13:30:43Z","sec-exchange"
"MSEX","MIDDLESEX WATER CO","NASDAQ",NA,"lab.Unmapped","2026-09-20T13:30:43Z","sec-exchange"
"IRMD","IRADIMED CORP","NASDAQ",NA,"lab.Unmapped","2026-09-20T13:30:43Z","sec-exchange"
"GLUE","Monte Rosa Therapeutics, Inc.","NASDAQ",NA,"lab.Unmapped","2026-09-20T13:30:43Z","sec-exchange"
"BFS","SAUL CENTERS, INC.","NYSE",NA,"lab.Unmapped","2026-09-20T13:30:43Z","sec-exchange"
"DFH","Dream Finders Homes, Inc.","NYSE",NA,"lab.Unmapped","2026-09-20T13:30:43Z","sec-exchange"
"ARHS","Arhaus, Inc.","NASDAQ",NA,"lab.Unmapped","2026-09-20T13:30:43Z","sec-exchange"
"BRBR","BELLRING BRANDS, INC.","NYSE",NA,"lab.Unmapped","2026-09-20T13:30:43Z","sec-exchange"
"WINA","WINMARK CORP","NASDAQ",NA,"lab.Unmapped","2026-09-20T13:30:43Z","sec-exchange"
"ATTO","Attovia Therapeutics, Inc.","NASDAQ",NA,"lab.Unmapped","2026-09-20T13:30:43Z","sec-exchange"
"LAC","LITHIUM AMERICAS CORP.","NYSE",NA,"lab.Unmapped","2026-09-20T13:30:43Z","sec-exchange"
"HPK","HighPeak Energy, Inc.","NASDAQ",NA,"lab.Unmapped","2026-09-20T13:30:43Z","sec-exchange"
"MLTX","MoonLake Immunotherapeutics","NASDAQ",NA,"lab.Unmapped","2026-09-20T13:30:43Z","sec-exchange"
"CRF","CORNERSTONE TOTAL RETURN FUND INC","NYSE",NA,"lab.Unmapped","2026-09-20T13:30:43Z","sec-exchange"
"KURA","Kura Oncology, Inc.","NASDAQ",NA,"lab.Unmapped","2026-09-20T13:30:43Z","sec-exchange"
"LZ","LEGALZOOM.COM, INC.","NASDAQ",NA,"lab.Unmapped","2026-09-20T13:30:43Z","sec-exchange"
"CII","BlackRock Enhanced Large Cap Core Fund, Inc.","NYSE",NA,"lab.Unmapped","2026-09-20T13:30:43Z","sec-exchange"
"MBWM","MERCANTILE BANK CORP","NASDAQ",NA,"lab.Unmapped","2026-09-20T13:30:43Z","sec-exchange"
"ETW","Eaton Vance Tax-Managed Global Buy-Write Opportunities Fund","NYSE",NA,"lab.Unmapped","2026-09-20T13:30:43Z","sec-exchange"
"LU","Lufax Holding Ltd","NYSE",NA,"lab.Unmapped","2026-09-20T13:30:43Z","sec-exchange"
"UPBD","UPBOUND GROUP, INC.","NASDAQ",NA,"lab.Unmapped","2026-09-20T13:30:43Z","sec-exchange"
"ENOV","Enovis CORP","NYSE",NA,"lab.Unmapped","2026-09-20T13:30:43Z","sec-exchange"
"ITRN","Ituran Location & Control Ltd.","NASDAQ",NA,"lab.Unmapped","2026-09-20T13:30:43Z","sec-exchange"
"HRTG","Heritage Insurance Holdings, Inc.","NYSE",NA,"lab.Unmapped","2026-09-20T13:30:43Z","sec-exchange"
"VMET","Versamet Royalties Corp","NASDAQ",NA,"lab.Unmapped","2026-09-20T13:30:43Z","sec-exchange"
"BMEZ","BlackRock Health Sciences Term Trust","NYSE",NA,"lab.Unmapped","2026-09-20T13:30:43Z","sec-exchange"
"TRIP","TripAdvisor, Inc.","NASDAQ",NA,"lab.Unmapped","2026-09-20T13:30:43Z","sec-exchange"
"CRAI","CRA INTERNATIONAL, INC.","NASDAQ",NA,"lab.Unmapped","2026-09-20T13:30:43Z","sec-exchange"
"JANX","Janux Therapeutics, Inc.","NASDAQ",NA,"lab.Unmapped","2026-09-20T13:30:43Z","sec-exchange"
"BTX","BlackRock Technology & Private Equity Term Trust","NYSE",NA,"lab.Unmapped","2026-09-20T13:30:43Z","sec-exchange"
"PSIX","POWER SOLUTIONS INTERNATIONAL, INC.","NASDAQ",NA,"lab.Unmapped","2026-09-20T13:30:43Z","sec-exchange"
"SGML","Sigma Lithium Corp","NASDAQ",NA,"lab.Unmapped","2026-09-20T13:30:43Z","sec-exchange"
"SLBT","SL Science Holding Ltd","NASDAQ",NA,"lab.Unmapped","2026-09-20T13:30:43Z","sec-exchange"
"EQBK","EQUITY BANCSHARES INC","NYSE",NA,"lab.Unmapped","2026-09-20T13:30:43Z","sec-exchange"
"HELP","CYBIN INC.","NASDAQ",NA,"lab.Unmapped","2026-09-20T13:30:43Z","sec-exchange"
"MCBS","MetroCity Bankshares, Inc.","NASDAQ",NA,"lab.Unmapped","2026-09-20T13:30:43Z","sec-exchange"
"BFST","Business First Bancshares, Inc.","NASDAQ",NA,"lab.Unmapped","2026-09-20T13:30:43Z","sec-exchange"
"QFIN","Qfin Holdings, Inc.","NASDAQ",NA,"lab.Unmapped","2026-09-20T13:30:43Z","sec-exchange"
"CCNE","CNB FINANCIAL CORP/PA","NASDAQ",NA,"lab.Unmapped","2026-09-20T13:30:43Z","sec-exchange"
"QNST","QUINSTREET, INC","NASDAQ",NA,"lab.Unmapped","2026-09-20T13:30:43Z","sec-exchange"
"CMP","COMPASS MINERALS INTERNATIONAL INC","NYSE",NA,"lab.Unmapped","2026-09-20T13:30:43Z","sec-exchange"
"CSR","CENTERSPACE","NYSE",NA,"lab.Unmapped","2026-09-20T13:30:43Z","sec-exchange"
"TBLA","Taboola.com Ltd.","NASDAQ",NA,"lab.Unmapped","2026-09-20T13:30:43Z","sec-exchange"
"PTA","Cohen & Steers Tax-Advantaged Preferred Securities & Income Fund","NYSE",NA,"lab.Unmapped","2026-09-20T13:30:43Z","sec-exchange"
"AMPH","Amphastar Pharmaceuticals, Inc.","NASDAQ",NA,"lab.Unmapped","2026-09-20T13:30:43Z","sec-exchange"
"HBNC","HORIZON BANCORP INC /IN/","NASDAQ",NA,"lab.Unmapped","2026-09-20T13:30:43Z","sec-exchange"
"ALMS","ALUMIS INC.","NASDAQ",NA,"lab.Unmapped","2026-09-20T13:30:43Z","sec-exchange"
"QMCO","QUANTUM CORP /DE/","NASDAQ",NA,"lab.Unmapped","2026-09-20T13:30:43Z","sec-exchange"
"BV","BrightView Holdings, Inc.","NYSE",NA,"lab.Unmapped","2026-09-20T13:30:43Z","sec-exchange"
"ABUS","Arbutus Biopharma Corp","NASDAQ",NA,"lab.Unmapped","2026-09-20T13:30:43Z","sec-exchange"
"RXT","Rackspace Technology, Inc.","NASDAQ",NA,"lab.Unmapped","2026-09-20T13:30:43Z","sec-exchange"
"CRML","Critical Metals Corp.","NASDAQ",NA,"lab.Unmapped","2026-09-20T13:30:43Z","sec-exchange"
"SIFY","SIFY TECHNOLOGIES LTD","NASDAQ",NA,"lab.Unmapped","2026-09-20T13:30:43Z","sec-exchange"
"CHY","CALAMOS CONVERTIBLE & HIGH INCOME FUND","NASDAQ",NA,"lab.Unmapped","2026-09-20T13:30:43Z","sec-exchange"
"NBBK","NB Bancorp, Inc.","NASDAQ",NA,"lab.Unmapped","2026-09-20T13:30:43Z","sec-exchange"
"SBGI","Sinclair, Inc.","NASDAQ",NA,"lab.Unmapped","2026-09-20T13:30:43Z","sec-exchange"
"SGP","SpyGlass Pharma, Inc.","NASDAQ",NA,"lab.Unmapped","2026-09-20T13:30:43Z","sec-exchange"
"NWPX","NWPX Infrastructure, Inc.","NASDAQ",NA,"lab.Unmapped","2026-09-20T13:30:43Z","sec-exchange"
"KRT","Karat Packaging Inc.","NASDAQ",NA,"lab.Unmapped","2026-09-20T13:30:43Z","sec-exchange"
"GHM","GRAHAM CORP","NYSE",NA,"lab.Unmapped","2026-09-20T13:30:43Z","sec-exchange"
"CHI","CALAMOS CONVERTIBLE OPPORTUNITIES & INCOME FUND","NASDAQ",NA,"lab.Unmapped","2026-09-20T13:30:43Z","sec-exchange"
"ANL","Adlai Nortye Group Ltd.","NASDAQ",NA,"lab.Unmapped","2026-09-20T13:30:43Z","sec-exchange"
"PCRX","Pacira BioSciences, Inc.","NASDAQ",NA,"lab.Unmapped","2026-09-20T13:30:43Z","sec-exchange"
"CBRL","CRACKER BARREL OLD COUNTRY STORE, INC","NASDAQ",NA,"lab.Unmapped","2026-09-20T13:30:43Z","sec-exchange"
"IBTA","Ibotta, Inc.","NYSE",NA,"lab.Unmapped","2026-09-20T13:30:43Z","sec-exchange"
"CAC","CAMDEN NATIONAL CORP","NASDAQ",NA,"lab.Unmapped","2026-09-20T13:30:43Z","sec-exchange"
"OI","O-I Glass, Inc. /DE/","NYSE",NA,"lab.Unmapped","2026-09-20T13:30:43Z","sec-exchange"
"GFR","Greenfire Resources Ltd.","NYSE",NA,"lab.Unmapped","2026-09-20T13:30:43Z","sec-exchange"
"PSTL","Postal Realty Trust, Inc.","NYSE",NA,"lab.Unmapped","2026-09-20T13:30:43Z","sec-exchange"
"GLIBA","Liberty Capital Corp/NV","NASDAQ",NA,"lab.Unmapped","2026-09-20T13:30:43Z","sec-exchange"
"SAFE","Safehold Inc.","NYSE",NA,"lab.Unmapped","2026-09-20T13:30:43Z","sec-exchange"
"UTL","UNITIL CORP","NYSE",NA,"lab.Unmapped","2026-09-20T13:30:43Z","sec-exchange"
"CPF","CENTRAL PACIFIC FINANCIAL CORP","NYSE",NA,"lab.Unmapped","2026-09-20T13:30:43Z","sec-exchange"
"DEC","Diversified Energy Co","NYSE",NA,"lab.Unmapped","2026-09-20T13:30:43Z","sec-exchange"
"MUC","BLACKROCK MUNIHOLDINGS CALIFORNIA QUALITY FUND, INC.","NYSE",NA,"lab.Unmapped","2026-09-20T13:30:43Z","sec-exchange"
"FRBT","Forbright, Inc.","NASDAQ",NA,"lab.Unmapped","2026-09-20T13:30:43Z","sec-exchange"
"TRST","TRUSTCO BANK CORP N Y","NASDAQ",NA,"lab.Unmapped","2026-09-20T13:30:43Z","sec-exchange"
"BBNX","Beta Bionics, Inc.","NASDAQ",NA,"lab.Unmapped","2026-09-20T13:30:43Z","sec-exchange"
"CBLL","Ceribell, Inc.","NASDAQ",NA,"lab.Unmapped","2026-09-20T13:30:43Z","sec-exchange"
"NXDR","Nextdoor Holdings, Inc.","NYSE",NA,"lab.Unmapped","2026-09-20T13:30:43Z","sec-exchange"
"PXED","Phoenix Education Partners, Inc.","NYSE",NA,"lab.Unmapped","2026-09-20T13:30:43Z","sec-exchange"
"FEIM","FREQUENCY ELECTRONICS INC","NASDAQ",NA,"lab.Unmapped","2026-09-20T13:30:43Z","sec-exchange"
"JMIA","Jumia Technologies AG","NYSE",NA,"lab.Unmapped","2026-09-20T13:30:43Z","sec-exchange"
"BCX","BlackRock Resources & Commodities Strategy Trust","NYSE",NA,"lab.Unmapped","2026-09-20T13:30:43Z","sec-exchange"
"HAFC","HANMI FINANCIAL CORP","NASDAQ",NA,"lab.Unmapped","2026-09-20T13:30:43Z","sec-exchange"
"HEPS","D-MARKET Electronic Services & Trading","NASDAQ",NA,"lab.Unmapped","2026-09-20T13:30:43Z","sec-exchange"
"LAR","Lithium Argentina AG","NYSE",NA,"lab.Unmapped","2026-09-20T13:30:43Z","sec-exchange"
"SABR","Sabre Corp","NASDAQ",NA,"lab.Unmapped","2026-09-20T13:30:43Z","sec-exchange"
"KRO","KRONOS WORLDWIDE INC","NYSE",NA,"lab.Unmapped","2026-09-20T13:30:43Z","sec-exchange"
"VYX","NCR Voyix Corp","NYSE",NA,"lab.Unmapped","2026-09-20T13:30:43Z","sec-exchange"
"KODK","EASTMAN KODAK CO","NYSE",NA,"lab.Unmapped","2026-09-20T13:30:43Z","sec-exchange"
"BBDC","Barings BDC, Inc.","NYSE",NA,"lab.Unmapped","2026-09-20T13:30:43Z","sec-exchange"
"DXYZ","Destiny Tech100 Inc.","NYSE",NA,"lab.Unmapped","2026-09-20T13:30:43Z","sec-exchange"
"FET","FORUM ENERGY TECHNOLOGIES, INC.","NYSE",NA,"lab.Unmapped","2026-09-20T13:30:43Z","sec-exchange"
"ASTE","ASTEC INDUSTRIES INC","NASDAQ",NA,"lab.Unmapped","2026-09-20T13:30:43Z","sec-exchange"
"SBSI","SOUTHSIDE BANCSHARES INC","NYSE",NA,"lab.Unmapped","2026-09-20T13:30:43Z","sec-exchange"
"BKSY","BlackSky Technology Inc.","NYSE",NA,"lab.Unmapped","2026-09-20T13:30:43Z","sec-exchange"
"SANA","Sana Biotechnology, Inc.","NASDAQ",NA,"lab.Unmapped","2026-09-20T13:30:43Z","sec-exchange"
"RNP","COHEN & STEERS REIT & PREFERRED & INCOME FUND INC","NYSE",NA,"lab.Unmapped","2026-09-20T13:30:43Z","sec-exchange"
"HTLD","HEARTLAND EXPRESS INC","NASDAQ",NA,"lab.Unmapped","2026-09-20T13:30:43Z","sec-exchange"
"SLDB","Solid Biosciences Inc.","NASDAQ",NA,"lab.Unmapped","2026-09-20T13:30:43Z","sec-exchange"
"MTA","Metalla Royalty & Streaming Ltd.","NYSE",NA,"lab.Unmapped","2026-09-20T13:30:43Z","sec-exchange"
"REPX","Riley Exploration Permian, Inc.","NYSE",NA,"lab.Unmapped","2026-09-20T13:30:43Z","sec-exchange"
"NAVI","NAVIENT CORP","NASDAQ",NA,"lab.Unmapped","2026-09-20T13:30:43Z","sec-exchange"
"MPB","MID PENN BANCORP INC","NASDAQ",NA,"lab.Unmapped","2026-09-20T13:30:43Z","sec-exchange"
"NX","Quanex Building Products CORP","NYSE",NA,"lab.Unmapped","2026-09-20T13:30:43Z","sec-exchange"
"ACEL","Accel Entertainment, Inc.","NYSE",NA,"lab.Unmapped","2026-09-20T13:30:43Z","sec-exchange"
"TDAY","USA TODAY Co., Inc.","NYSE",NA,"lab.Unmapped","2026-09-20T13:30:43Z","sec-exchange"
"AEBI","Aebi Schmidt Holding AG","NASDAQ",NA,"lab.Unmapped","2026-09-20T13:30:43Z","sec-exchange"
"CIM","CHIMERA INVESTMENT CORP","NYSE",NA,"lab.Unmapped","2026-09-20T13:30:43Z","sec-exchange"
"FMNB","FARMERS NATIONAL BANC CORP /OH/","NASDAQ",NA,"lab.Unmapped","2026-09-20T13:30:43Z","sec-exchange"
"PDX","PIMCO Dynamic Income Strategy Fund","NYSE",NA,"lab.Unmapped","2026-09-20T13:30:43Z","sec-exchange"
"PLOW","DOUGLAS DYNAMICS, INC","NYSE",NA,"lab.Unmapped","2026-09-20T13:30:43Z","sec-exchange"
"BBN","BlackRock Taxable Municipal Bond Trust","NYSE",NA,"lab.Unmapped","2026-09-20T13:30:43Z","sec-exchange"
"DJCO","DAILY JOURNAL CORP","NASDAQ",NA,"lab.Unmapped","2026-09-20T13:30:43Z","sec-exchange"
"STK","Columbia Seligman Premium Technology Growth Fund, Inc.","NYSE",NA,"lab.Unmapped","2026-09-20T13:30:43Z","sec-exchange"
"RHLD","Resolute Holdings Management, Inc.","NYSE",NA,"lab.Unmapped","2026-09-20T13:30:43Z","sec-exchange"
"KFRC","KFORCE INC","NYSE",NA,"lab.Unmapped","2026-09-20T13:30:43Z","sec-exchange"
"TTI","TETRA TECHNOLOGIES INC","NYSE",NA,"lab.Unmapped","2026-09-20T13:30:43Z","sec-exchange"
"ACDC","ProFrac Holding Corp.","NASDAQ",NA,"lab.Unmapped","2026-09-20T13:30:43Z","sec-exchange"
"HSHP","Himalaya Shipping Ltd.","NYSE",NA,"lab.Unmapped","2026-09-20T13:30:43Z","sec-exchange"
"SB","SAFE BULKERS, INC.","NYSE",NA,"lab.Unmapped","2026-09-20T13:30:43Z","sec-exchange"
"THFF","FIRST FINANCIAL CORP /IN/","NASDAQ",NA,"lab.Unmapped","2026-09-20T13:30:43Z","sec-exchange"
"NNE","Nano Nuclear Energy Inc.","NASDAQ",NA,"lab.Unmapped","2026-09-20T13:30:43Z","sec-exchange"
"ABR","ARBOR REALTY TRUST INC","NYSE",NA,"lab.Unmapped","2026-09-20T13:30:43Z","sec-exchange"
"MAKO","Mako Mining Corp.","NASDAQ",NA,"lab.Unmapped","2026-09-20T13:30:43Z","sec-exchange"
"FSSL","FS Specialty Lending Fund","NYSE",NA,"lab.Unmapped","2026-09-20T13:30:43Z","sec-exchange"
"EVLV","Evolv Technologies Holdings, Inc.","NASDAQ",NA,"lab.Unmapped","2026-09-20T13:30:43Z","sec-exchange"
"ANGX","Angel Studios, Inc.","NYSE",NA,"lab.Unmapped","2026-09-20T13:30:43Z","sec-exchange"
"CRESY","CRESUD INC","NASDAQ",NA,"lab.Unmapped","2026-09-20T13:30:43Z","sec-exchange"
"LXRX","LEXICON PHARMACEUTICALS, INC.","NASDAQ",NA,"lab.Unmapped","2026-09-20T13:30:43Z","sec-exchange"
"REF","Reformation Inc.","NYSE",NA,"lab.Unmapped","2026-09-20T13:30:43Z","sec-exchange"
"RZLV","REZOLVE AI PLC","NASDAQ",NA,"lab.Unmapped","2026-09-20T13:30:43Z","sec-exchange"
"ABX","Abacus Global Management, Inc.","NYSE",NA,"lab.Unmapped","2026-09-20T13:30:43Z","sec-exchange"
"SMPL","Simply Good Foods Co","NASDAQ",NA,"lab.Unmapped","2026-09-20T13:30:43Z","sec-exchange"
"KOPN","KOPIN CORP","NASDAQ",NA,"lab.Unmapped","2026-09-20T13:30:43Z","sec-exchange"
"HSTM","HEALTHSTREAM INC","NASDAQ",NA,"lab.Unmapped","2026-09-20T13:30:43Z","sec-exchange"
"ODD","Oddity Tech Ltd","NASDAQ",NA,"lab.Unmapped","2026-09-20T13:30:43Z","sec-exchange"
"FTH","Faeth Therapeutics, Inc.","NASDAQ",NA,"lab.Unmapped","2026-09-20T13:30:43Z","sec-exchange"
"EIG","Employers Holdings, Inc.","NYSE",NA,"lab.Unmapped","2026-09-20T13:30:43Z","sec-exchange"
"BZH","BEAZER HOMES USA INC","NYSE",NA,"lab.Unmapped","2026-09-20T13:30:43Z","sec-exchange"
"FCBC","FIRST COMMUNITY BANKSHARES INC /VA/","NASDAQ",NA,"lab.Unmapped","2026-09-20T13:30:43Z","sec-exchange"
"OXLC","Oxford Lane Capital Corp.","NASDAQ",NA,"lab.Unmapped","2026-09-20T13:30:43Z","sec-exchange"
"AVTX","Avalo Therapeutics, Inc.","NASDAQ",NA,"lab.Unmapped","2026-09-20T13:30:43Z","sec-exchange"
"SMBK","SMARTFINANCIAL INC.","NYSE",NA,"lab.Unmapped","2026-09-20T13:30:43Z","sec-exchange"
"JBGS","JBG SMITH Properties","NYSE",NA,"lab.Unmapped","2026-09-20T13:30:43Z","sec-exchange"
"WVE","Wave Life Sciences, Inc.","NASDAQ",NA,"lab.Unmapped","2026-09-20T13:30:43Z","sec-exchange"
"IMMX","Immix Biopharma, Inc.","NASDAQ",NA,"lab.Unmapped","2026-09-20T13:30:43Z","sec-exchange"
"TBPH","Theravance Biopharma, Inc.","NASDAQ",NA,"lab.Unmapped","2026-09-20T13:30:43Z","sec-exchange"
"BUR","Burford Capital Ltd","NYSE",NA,"lab.Unmapped","2026-09-20T13:30:43Z","sec-exchange"
"KBDC","Kayne Anderson BDC, Inc.","NYSE",NA,"lab.Unmapped","2026-09-20T13:30:43Z","sec-exchange"
"RPC","Ridgepost Capital, Inc.","NYSE",NA,"lab.Unmapped","2026-09-20T13:30:43Z","sec-exchange"
"KOP","Koppers Holdings Inc.","NYSE",NA,"lab.Unmapped","2026-09-20T13:30:43Z","sec-exchange"
"RERE","ATRenew Inc.","NYSE",NA,"lab.Unmapped","2026-09-20T13:30:43Z","sec-exchange"
"BVS","Bioventus Inc.","NASDAQ",NA,"lab.Unmapped","2026-09-20T13:30:43Z","sec-exchange"
"PLTK","Playtika Holding Corp.","NASDAQ",NA,"lab.Unmapped","2026-09-20T13:30:43Z","sec-exchange"
"IVA","Inventiva S.A.","NASDAQ",NA,"lab.Unmapped","2026-09-20T13:30:43Z","sec-exchange"
"ARDX","ARDELYX, INC.","NASDAQ",NA,"lab.Unmapped","2026-09-20T13:30:43Z","sec-exchange"
"CADL","Candel Therapeutics, Inc.","NASDAQ",NA,"lab.Unmapped","2026-09-20T13:30:43Z","sec-exchange"
"MNTN","MNTN, Inc.","NYSE",NA,"lab.Unmapped","2026-09-20T13:30:43Z","sec-exchange"
"ELVR","Elevra Lithium Ltd","NASDAQ",NA,"lab.Unmapped","2026-09-20T13:30:43Z","sec-exchange"
"GSBC","GREAT SOUTHERN BANCORP, INC.","NASDAQ",NA,"lab.Unmapped","2026-09-20T13:30:43Z","sec-exchange"
"MFA","MFA FINANCIAL, INC.","NYSE",NA,"lab.Unmapped","2026-09-20T13:30:43Z","sec-exchange"
"EGBN","EAGLE BANCORP INC","NASDAQ",NA,"lab.Unmapped","2026-09-20T13:30:43Z","sec-exchange"
"VRTS","VIRTUS INVESTMENT PARTNERS, INC.","NYSE",NA,"lab.Unmapped","2026-09-20T13:30:43Z","sec-exchange"
"NRK","NUVEEN NEW YORK AMT-FREE QUALITY MUNICIPAL INCOME FUND","NYSE",NA,"lab.Unmapped","2026-09-20T13:30:43Z","sec-exchange"
"AWF","ALLIANCEBERNSTEIN GLOBAL HIGH INCOME FUND INC","NYSE",NA,"lab.Unmapped","2026-09-20T13:30:43Z","sec-exchange"
"CVLG","COVENANT LOGISTICS GROUP, INC.","NYSE",NA,"lab.Unmapped","2026-09-20T13:30:43Z","sec-exchange"
"CCBG","CAPITAL CITY BANK GROUP INC","NASDAQ",NA,"lab.Unmapped","2026-09-20T13:30:43Z","sec-exchange"
"CYRX","Cryoport, Inc.","NASDAQ",NA,"lab.Unmapped","2026-09-20T13:30:43Z","sec-exchange"
"WRLD","WORLD ACCEPTANCE CORP","NASDAQ",NA,"lab.Unmapped","2026-09-20T13:30:43Z","sec-exchange"
"RIGL","RIGEL PHARMACEUTICALS INC","NASDAQ",NA,"lab.Unmapped","2026-09-20T13:30:43Z","sec-exchange"
"SVC","Service Properties Trust","NASDAQ",NA,"lab.Unmapped","2026-09-20T13:30:43Z","sec-exchange"
"OLMA","Olema Pharmaceuticals, Inc.","NASDAQ",NA,"lab.Unmapped","2026-09-20T13:30:43Z","sec-exchange"
"CAPL","CrossAmerica Partners LP","NYSE",NA,"lab.Unmapped","2026-09-20T13:30:43Z","sec-exchange"
"PCN","PIMCO CORPORATE & INCOME STRATEGY FUND","NYSE",NA,"lab.Unmapped","2026-09-20T13:30:43Z","sec-exchange"
"HTD","JOHN HANCOCK TAX-ADVANTAGED DIVIDEND INCOME FUND","NYSE",NA,"lab.Unmapped","2026-09-20T13:30:43Z","sec-exchange"
"MCS","MARCUS CORP","NYSE",NA,"lab.Unmapped","2026-09-20T13:30:43Z","sec-exchange"
"SATL","Satellogic Inc.","NASDAQ",NA,"lab.Unmapped","2026-09-20T13:30:43Z","sec-exchange"
"HIVE","HIVE Digital Technologies Ltd.","NASDAQ",NA,"lab.Unmapped","2026-09-20T13:30:43Z","sec-exchange"
"TIGR","UP Fintech Holding Ltd","NASDAQ",NA,"lab.Unmapped","2026-09-20T13:30:43Z","sec-exchange"
"GERN","GERON CORP","NASDAQ",NA,"lab.Unmapped","2026-09-20T13:30:43Z","sec-exchange"
"DAKT","DAKTRONICS INC /SD/","NASDAQ",NA,"lab.Unmapped","2026-09-20T13:30:43Z","sec-exchange"
"BLZE","Backblaze, Inc.","NASDAQ",NA,"lab.Unmapped","2026-09-20T13:30:43Z","sec-exchange"
"AIO","Virtus Artificial Intelligence & Technology Opportunities Fund","NYSE",NA,"lab.Unmapped","2026-09-20T13:30:43Z","sec-exchange"
"INMD","InMode Ltd.","NASDAQ",NA,"lab.Unmapped","2026-09-20T13:30:43Z","sec-exchange"
"HIPO","Hippo Holdings Inc.","NYSE",NA,"lab.Unmapped","2026-09-20T13:30:43Z","sec-exchange"
"RPD","Rapid7, Inc.","NASDAQ",NA,"lab.Unmapped","2026-09-20T13:30:43Z","sec-exchange"
"OGG","Osisko Gold Group Inc.","NYSE",NA,"lab.Unmapped","2026-09-20T13:30:43Z","sec-exchange"
"CODI","Compass Diversified Holdings","NYSE",NA,"lab.Unmapped","2026-09-20T13:30:43Z","sec-exchange"
"CEVA","CEVA INC","NASDAQ",NA,"lab.Unmapped","2026-09-20T13:30:43Z","sec-exchange"
"ARI","Apollo Commercial Real Estate Finance, Inc.","NYSE",NA,"lab.Unmapped","2026-09-20T13:30:43Z","sec-exchange"
"SMP","STANDARD MOTOR PRODUCTS, INC.","NYSE",NA,"lab.Unmapped","2026-09-20T13:30:43Z","sec-exchange"
"SOC","Sable Offshore Corp.","NYSE",NA,"lab.Unmapped","2026-09-20T13:30:43Z","sec-exchange"
"ADSE","Ads-Tec Energy Public Ltd Co","NASDAQ",NA,"lab.Unmapped","2026-09-20T13:30:43Z","sec-exchange"
"YALA","Yalla Group Ltd","NYSE",NA,"lab.Unmapped","2026-09-20T13:30:43Z","sec-exchange"
"VPG","Vishay Precision Group, Inc.","NYSE",NA,"lab.Unmapped","2026-09-20T13:30:43Z","sec-exchange"
"SKYH","Sky Harbour Group Corp","NYSE",NA,"lab.Unmapped","2026-09-20T13:30:43Z","sec-exchange"
"CRTO","Criteo S.A.","NASDAQ",NA,"lab.Unmapped","2026-09-20T13:30:43Z","sec-exchange"
"RSKD","RISKIFIED LTD.","NYSE",NA,"lab.Unmapped","2026-09-20T13:30:43Z","sec-exchange"
"ORRF","ORRSTOWN FINANCIAL SERVICES INC","NASDAQ",NA,"lab.Unmapped","2026-09-20T13:30:43Z","sec-exchange"
"SXC","SunCoke Energy, Inc.","NYSE",NA,"lab.Unmapped","2026-09-20T13:30:43Z","sec-exchange"
"SPFI","SOUTH PLAINS FINANCIAL, INC.","NASDAQ",NA,"lab.Unmapped","2026-09-20T13:30:43Z","sec-exchange"
"EVER","EverQuote, Inc.","NASDAQ",NA,"lab.Unmapped","2026-09-20T13:30:43Z","sec-exchange"
"AVR","Anteris Technologies Global Corp.","NASDAQ",NA,"lab.Unmapped","2026-09-20T13:30:43Z","sec-exchange"
"RJET","REPUBLIC AIRWAYS HOLDINGS INC.","NASDAQ",NA,"lab.Unmapped","2026-09-20T13:30:43Z","sec-exchange"
"SCZM","Santacruz Silver Mining Ltd.","NASDAQ",NA,"lab.Unmapped","2026-09-20T13:30:43Z","sec-exchange"
"ADAM","ADAMAS TRUST, INC.","NASDAQ",NA,"lab.Unmapped","2026-09-20T13:30:43Z","sec-exchange"
"ALRS","ALERUS FINANCIAL CORP","NASDAQ",NA,"lab.Unmapped","2026-09-20T13:30:43Z","sec-exchange"
"TXO","TXO Partners, L.P.","NYSE",NA,"lab.Unmapped","2026-09-20T13:30:43Z","sec-exchange"
"SG","Sweetgreen, Inc.","NYSE",NA,"lab.Unmapped","2026-09-20T13:30:43Z","sec-exchange"
"FOXF","FOX FACTORY HOLDING CORP","NASDAQ",NA,"lab.Unmapped","2026-09-20T13:30:43Z","sec-exchange"
"LXU","LSB INDUSTRIES, INC.","NYSE",NA,"lab.Unmapped","2026-09-20T13:30:43Z","sec-exchange"
"OBE","OBSIDIAN ENERGY LTD.","NYSE",NA,"lab.Unmapped","2026-09-20T13:30:43Z","sec-exchange"
"APEI","AMERICAN PUBLIC EDUCATION INC","NASDAQ",NA,"lab.Unmapped","2026-09-20T13:30:43Z","sec-exchange"
"DC","Dakota Gold Corp.","NYSE",NA,"lab.Unmapped","2026-09-20T13:30:43Z","sec-exchange"
"LINC","LINCOLN EDUCATIONAL SERVICES CORP","NASDAQ",NA,"lab.Unmapped","2026-09-20T13:30:43Z","sec-exchange"
"MTUS","Metallus Inc.","NYSE",NA,"lab.Unmapped","2026-09-20T13:30:43Z","sec-exchange"
"PHK","PIMCO HIGH INCOME FUND","NYSE",NA,"lab.Unmapped","2026-09-20T13:30:43Z","sec-exchange"
"DQ","DAQO NEW ENERGY CORP.","NYSE",NA,"lab.Unmapped","2026-09-20T13:30:43Z","sec-exchange"
"PEO","ADAMS NATURAL RESOURCES FUND, INC.","NYSE",NA,"lab.Unmapped","2026-09-20T13:30:43Z","sec-exchange"
"PGC","PEAPACK GLADSTONE FINANCIAL CORP","NASDAQ",NA,"lab.Unmapped","2026-09-20T13:30:43Z","sec-exchange"
"CGBD","Carlyle Secured Lending, Inc.","NASDAQ",NA,"lab.Unmapped","2026-09-20T13:30:43Z","sec-exchange"
"SIBN","SI-BONE, Inc.","NASDAQ",NA,"lab.Unmapped","2026-09-20T13:30:43Z","sec-exchange"
"ACHV","ACHIEVE LIFE SCIENCES, INC.","NASDAQ",NA,"lab.Unmapped","2026-09-20T13:30:43Z","sec-exchange"
"BBSI","BARRETT BUSINESS SERVICES INC","NASDAQ",NA,"lab.Unmapped","2026-09-20T13:30:43Z","sec-exchange"
"CSIQ","Canadian Solar Inc.","NASDAQ",NA,"lab.Unmapped","2026-09-20T13:30:43Z","sec-exchange"
"EOI","Eaton Vance Enhanced Equity Income Fund","NYSE",NA,"lab.Unmapped","2026-09-20T13:30:43Z","sec-exchange"
"FINV","FinVolution Group","NYSE",NA,"lab.Unmapped","2026-09-20T13:30:43Z","sec-exchange"
"ROOT","Root, Inc.","NASDAQ",NA,"lab.Unmapped","2026-09-20T13:30:43Z","sec-exchange"
"ACRS","Aclaris Therapeutics, Inc.","NASDAQ",NA,"lab.Unmapped","2026-09-20T13:30:43Z","sec-exchange"
"FDMT","4D Molecular Therapeutics, Inc.","NASDAQ",NA,"lab.Unmapped","2026-09-20T13:30:43Z","sec-exchange"
"SUPV","Grupo Supervielle S.A.","NYSE",NA,"lab.Unmapped","2026-09-20T13:30:43Z","sec-exchange"
"CLYM","Climb Bio, Inc.","NASDAQ",NA,"lab.Unmapped","2026-09-20T13:30:43Z","sec-exchange"
"FISI","FINANCIAL INSTITUTIONS INC","NASDAQ",NA,"lab.Unmapped","2026-09-20T13:30:43Z","sec-exchange"
"SMBC","SOUTHERN MISSOURI BANCORP, INC.","NASDAQ",NA,"lab.Unmapped","2026-09-20T13:30:43Z","sec-exchange"
"DSGN","Design Therapeutics, Inc.","NASDAQ",NA,"lab.Unmapped","2026-09-20T13:30:43Z","sec-exchange"
"BTGO","BITGO HOLDINGS, INC.","NYSE",NA,"lab.Unmapped","2026-09-20T13:30:43Z","sec-exchange"
"GCMG","GCM Grosvenor Inc.","NASDAQ",NA,"lab.Unmapped","2026-09-20T13:30:43Z","sec-exchange"
"JBSS","SANFILIPPO JOHN B & SON INC","NASDAQ",NA,"lab.Unmapped","2026-09-20T13:30:43Z","sec-exchange"
"THQ","abrdn Healthcare Opportunities Fund","NYSE",NA,"lab.Unmapped","2026-09-20T13:30:43Z","sec-exchange"
"TRNS","TRANSCAT INC","NASDAQ",NA,"lab.Unmapped","2026-09-20T13:30:43Z","sec-exchange"
"MTW","MANITOWOC CO INC","NYSE",NA,"lab.Unmapped","2026-09-20T13:30:43Z","sec-exchange"
"PUBM","PubMatic, Inc.","NASDAQ",NA,"lab.Unmapped","2026-09-20T13:30:43Z","sec-exchange"
"APOG","APOGEE ENTERPRISES, INC.","NASDAQ",NA,"lab.Unmapped","2026-09-20T13:30:43Z","sec-exchange"
"ANNX","Annexon, Inc.","NASDAQ",NA,"lab.Unmapped","2026-09-20T13:30:43Z","sec-exchange"
"GROY","Gold Royalty Corp.","NYSE",NA,"lab.Unmapped","2026-09-20T13:30:43Z","sec-exchange"
"SLN","Silence Therapeutics plc","NASDAQ",NA,"lab.Unmapped","2026-09-20T13:30:43Z","sec-exchange"
"DBVT","DBV Technologies S.A.","NASDAQ",NA,"lab.Unmapped","2026-09-20T13:30:43Z","sec-exchange"
"FDUS","FIDUS INVESTMENT Corp","NASDAQ",NA,"lab.Unmapped","2026-09-20T13:30:43Z","sec-exchange"
"MITK","MITEK SYSTEMS INC","NASDAQ",NA,"lab.Unmapped","2026-09-20T13:30:43Z","sec-exchange"
"STRW","Strawberry Fields REIT, Inc.","NYSE",NA,"lab.Unmapped","2026-09-20T13:30:43Z","sec-exchange"
"HTB","HomeTrust Bancshares, Inc.","NYSE",NA,"lab.Unmapped","2026-09-20T13:30:43Z","sec-exchange"
"ASC","Ardmore Shipping Corp","NYSE",NA,"lab.Unmapped","2026-09-20T13:30:43Z","sec-exchange"
"VREX","Varex Imaging Corp","NASDAQ",NA,"lab.Unmapped","2026-09-20T13:30:43Z","sec-exchange"
"BLSM","BlossomHill Therapeutics, Inc.","NASDAQ",NA,"lab.Unmapped","2026-09-20T13:30:43Z","sec-exchange"
"SHBI","SHORE BANCSHARES INC","NASDAQ",NA,"lab.Unmapped","2026-09-20T13:30:43Z","sec-exchange"
"KPLT","Katapult Holdings, Inc.","NASDAQ",NA,"lab.Unmapped","2026-09-20T13:30:43Z","sec-exchange"
"NRGV","Energy Vault Holdings, Inc.","NYSE",NA,"lab.Unmapped","2026-09-20T13:30:43Z","sec-exchange"
"PHAR","Pharming Group N.V.","NASDAQ",NA,"lab.Unmapped","2026-09-20T13:30:43Z","sec-exchange"
"GILT","GILAT SATELLITE NETWORKS LTD","NASDAQ",NA,"lab.Unmapped","2026-09-20T13:30:43Z","sec-exchange"
"LWLG","Lightwave Logic, Inc.","NASDAQ",NA,"lab.Unmapped","2026-09-20T13:30:43Z","sec-exchange"
"AOSL","ALPHA & OMEGA SEMICONDUCTOR Ltd","NASDAQ",NA,"lab.Unmapped","2026-09-20T13:30:43Z","sec-exchange"
"KDK","Kodiak AI, Inc.","NASDAQ",NA,"lab.Unmapped","2026-09-20T13:30:43Z","sec-exchange"
"PRAA","PRA GROUP INC","NASDAQ",NA,"lab.Unmapped","2026-09-20T13:30:43Z","sec-exchange"
"CTO","CTO Realty Growth, Inc.","NYSE",NA,"lab.Unmapped","2026-09-20T13:30:43Z","sec-exchange"
"MFIC","MidCap Financial Investment Corp","NASDAQ",NA,"lab.Unmapped","2026-09-20T13:30:43Z","sec-exchange"
"GRPN","Groupon, Inc.","NASDAQ",NA,"lab.Unmapped","2026-09-20T13:30:43Z","sec-exchange"
"AHCO","AdaptHealth Corp.","NASDAQ",NA,"lab.Unmapped","2026-09-20T13:30:43Z","sec-exchange"
"WGO","WINNEBAGO INDUSTRIES INC","NYSE",NA,"lab.Unmapped","2026-09-20T13:30:43Z","sec-exchange"
"QDEL","QuidelOrtho Corp","NASDAQ",NA,"lab.Unmapped","2026-09-20T13:30:43Z","sec-exchange"
"WEST","Westrock Coffee Co","NASDAQ",NA,"lab.Unmapped","2026-09-20T13:30:43Z","sec-exchange"
"GYRE","GYRE THERAPEUTICS, INC.","NASDAQ",NA,"lab.Unmapped","2026-09-20T13:30:43Z","sec-exchange"
"NABL","N-able, Inc.","NYSE",NA,"lab.Unmapped","2026-09-20T13:30:43Z","sec-exchange"
"VBNK","VersaBank","NASDAQ",NA,"lab.Unmapped","2026-09-20T13:30:43Z","sec-exchange"
"GLAS","Glass House Brands Inc.","NYSE",NA,"lab.Unmapped","2026-09-20T13:30:43Z","sec-exchange"
"BUUU","BUUU Group Ltd","NASDAQ",NA,"lab.Unmapped","2026-09-20T13:30:43Z","sec-exchange"
"WLKP","Westlake Chemical Partners LP","NYSE",NA,"lab.Unmapped","2026-09-20T13:30:43Z","sec-exchange"
"GDOT","GREEN DOT CORP","NYSE",NA,"lab.Unmapped","2026-09-20T13:30:43Z","sec-exchange"
"MQY","BLACKROCK MUNIYIELD QUALITY FUND, INC.","NYSE",NA,"lab.Unmapped","2026-09-20T13:30:43Z","sec-exchange"
"WASH","WASHINGTON TRUST BANCORP INC","NASDAQ",NA,"lab.Unmapped","2026-09-20T13:30:43Z","sec-exchange"
"LYTS","LSI INDUSTRIES INC","NASDAQ",NA,"lab.Unmapped","2026-09-20T13:30:43Z","sec-exchange"
"IBCP","INDEPENDENT BANK CORP /MI/","NASDAQ",NA,"lab.Unmapped","2026-09-20T13:30:43Z","sec-exchange"
"BTO","JOHN HANCOCK FINANCIAL OPPORTUNITIES FUND","NYSE",NA,"lab.Unmapped","2026-09-20T13:30:43Z","sec-exchange"
"RVI","Robinhood Ventures Fund I","NYSE",NA,"lab.Unmapped","2026-09-20T13:30:43Z","sec-exchange"
"VTS","Vitesse Energy, Inc.","NYSE",NA,"lab.Unmapped","2026-09-20T13:30:43Z","sec-exchange"
"FFC","Flaherty & Crumrine PREFERRED & INCOME SECURITIES FUND INC","NYSE",NA,"lab.Unmapped","2026-09-20T13:30:43Z","sec-exchange"
"TASK","TaskUs, Inc.","NASDAQ",NA,"lab.Unmapped","2026-09-20T13:30:43Z","sec-exchange"
"MOV","MOVADO GROUP INC","NYSE",NA,"lab.Unmapped","2026-09-20T13:30:43Z","sec-exchange"
"SWIM","Latham Group, Inc.","NASDAQ",NA,"lab.Unmapped","2026-09-20T13:30:43Z","sec-exchange"
"HNRG","HALLADOR ENERGY CO","NASDAQ",NA,"lab.Unmapped","2026-09-20T13:30:43Z","sec-exchange"
"LUCK","Lucky Strike Entertainment Corp","NYSE",NA,"lab.Unmapped","2026-09-20T13:30:43Z","sec-exchange"
"VLRS","Controladora Vuela Compania de Aviacion, S.A.B. de C.V.","NYSE",NA,"lab.Unmapped","2026-09-20T13:30:43Z","sec-exchange"
"BCSF","Bain Capital Specialty Finance, Inc.","NYSE",NA,"lab.Unmapped","2026-09-20T13:30:43Z","sec-exchange"
"TCBX","Third Coast Bancshares, Inc.","NYSE",NA,"lab.Unmapped","2026-09-20T13:30:43Z","sec-exchange"
"SMWB","SIMILARWEB LTD.","NYSE",NA,"lab.Unmapped","2026-09-20T13:30:43Z","sec-exchange"
"MEGI","NYLI CBRE Global Infrastructure Megatrends Term Fund","NYSE",NA,"lab.Unmapped","2026-09-20T13:30:43Z","sec-exchange"
"FPH","Five Point Holdings, LLC","NYSE",NA,"lab.Unmapped","2026-09-20T13:30:43Z","sec-exchange"
"IPX","IPERIONX Ltd","NASDAQ",NA,"lab.Unmapped","2026-09-20T13:30:43Z","sec-exchange"
"BWMN","Bowman Consulting Group Ltd.","NASDAQ",NA,"lab.Unmapped","2026-09-20T13:30:43Z","sec-exchange"
"HYLN","Hyliion Holdings Corp.","NYSE",NA,"lab.Unmapped","2026-09-20T13:30:43Z","sec-exchange"
"EVC","ENTRAVISION COMMUNICATIONS CORP","NYSE",NA,"lab.Unmapped","2026-09-20T13:30:43Z","sec-exchange"
"HQ","Horizon Quantum Holdings Ltd.","NASDAQ",NA,"lab.Unmapped","2026-09-20T13:30:43Z","sec-exchange"
"GOOS","Canada Goose Holdings Inc.","NYSE",NA,"lab.Unmapped","2026-09-20T13:30:43Z","sec-exchange"
"EVEX","Eve Holding, Inc.","NYSE",NA,"lab.Unmapped","2026-09-20T13:30:43Z","sec-exchange"
"PROK","PROKIDNEY CORP.","NASDAQ",NA,"lab.Unmapped","2026-09-20T13:30:43Z","sec-exchange"
"RMT","ROYCE MICRO-CAP TRUST, INC.","NYSE",NA,"lab.Unmapped","2026-09-20T13:30:43Z","sec-exchange"
"INDI","indie Semiconductor, Inc.","NASDAQ",NA,"lab.Unmapped","2026-09-20T13:30:43Z","sec-exchange"
"PFLT","PennantPark Floating Rate Capital Ltd.","NYSE",NA,"lab.Unmapped","2026-09-20T13:30:43Z","sec-exchange"
"GPRK","GeoPark Ltd","NYSE",NA,"lab.Unmapped","2026-09-20T13:30:43Z","sec-exchange"
"NAK","NORTHERN DYNASTY MINERALS LTD","NYSE",NA,"lab.Unmapped","2026-09-20T13:30:43Z","sec-exchange"
"IVR","Invesco Mortgage Capital Inc.","NYSE",NA,"lab.Unmapped","2026-09-20T13:30:43Z","sec-exchange"
"LPTH","LIGHTPATH TECHNOLOGIES INC","NASDAQ",NA,"lab.Unmapped","2026-09-20T13:30:43Z","sec-exchange"
"MLAB","MESA LABORATORIES INC /CO/","NASDAQ",NA,"lab.Unmapped","2026-09-20T13:30:43Z","sec-exchange"
"SOPH","SOPHiA GENETICS SA","NASDAQ",NA,"lab.Unmapped","2026-09-20T13:30:43Z","sec-exchange"
"IRWD","IRONWOOD PHARMACEUTICALS INC","NASDAQ",NA,"lab.Unmapped","2026-09-20T13:30:43Z","sec-exchange"
"PFIS","PEOPLES FINANCIAL SERVICES CORP.","NASDAQ",NA,"lab.Unmapped","2026-09-20T13:30:43Z","sec-exchange"
"MOMO","Hello Group Inc.","NASDAQ",NA,"lab.Unmapped","2026-09-20T13:30:43Z","sec-exchange"
"AROW","ARROW FINANCIAL CORP","NASDAQ",NA,"lab.Unmapped","2026-09-20T13:30:43Z","sec-exchange"
"BAK","BRASKEM SA","NYSE",NA,"lab.Unmapped","2026-09-20T13:30:43Z","sec-exchange"
"ZVRA","ZEVRA THERAPEUTICS, INC.","NASDAQ",NA,"lab.Unmapped","2026-09-20T13:30:43Z","sec-exchange"
"CWBC","Community West Bancshares","NASDAQ",NA,"lab.Unmapped","2026-09-20T13:30:43Z","sec-exchange"
"OIO","OIO Group","NASDAQ",NA,"lab.Unmapped","2026-09-20T13:30:43Z","sec-exchange"
"CARE","Carter Bankshares, Inc.","NASDAQ",NA,"lab.Unmapped","2026-09-20T13:30:43Z","sec-exchange"
"CCB","COASTAL FINANCIAL CORP","NASDAQ",NA,"lab.Unmapped","2026-09-20T13:30:43Z","sec-exchange"
"HOV","HOVNANIAN ENTERPRISES INC","NYSE",NA,"lab.Unmapped","2026-09-20T13:30:43Z","sec-exchange"
"HDL","SUPER HI INTERNATIONAL HOLDING LTD.","NASDAQ",NA,"lab.Unmapped","2026-09-20T13:30:43Z","sec-exchange"
"CASS","CASS INFORMATION SYSTEMS INC","NASDAQ",NA,"lab.Unmapped","2026-09-20T13:30:43Z","sec-exchange"
"MSBI","Midland States Bancorp, Inc.","NASDAQ",NA,"lab.Unmapped","2026-09-20T13:30:43Z","sec-exchange"
"BCAL","California BanCorp \ CA","NASDAQ",NA,"lab.Unmapped","2026-09-20T13:30:43Z","sec-exchange"
"NFGC","New Found Gold Corp.","NYSE",NA,"lab.Unmapped","2026-09-20T13:30:43Z","sec-exchange"
"SSYS","STRATASYS LTD.","NASDAQ",NA,"lab.Unmapped","2026-09-20T13:30:43Z","sec-exchange"
"PAYS","Paysign, Inc.","NASDAQ",NA,"lab.Unmapped","2026-09-20T13:30:43Z","sec-exchange"
"VSTM","Verastem, Inc.","NASDAQ",NA,"lab.Unmapped","2026-09-20T13:30:43Z","sec-exchange"
"SGMT","Sagimet Biosciences Inc.","NASDAQ",NA,"lab.Unmapped","2026-09-20T13:30:43Z","sec-exchange"
"OFRM","Once Upon a Farm, PBC","NYSE",NA,"lab.Unmapped","2026-09-20T13:30:43Z","sec-exchange"
"DGICA","DONEGAL GROUP INC","NASDAQ",NA,"lab.Unmapped","2026-09-20T13:30:43Z","sec-exchange"
"MDXG","MIMEDX GROUP, INC.","NASDAQ",NA,"lab.Unmapped","2026-09-20T13:30:43Z","sec-exchange"
"ELMT","Elmet Group Co.","NASDAQ",NA,"lab.Unmapped","2026-09-20T13:30:43Z","sec-exchange"
"NIE","Virtus Equity & Convertible Income Fund","NYSE",NA,"lab.Unmapped","2026-09-20T13:30:43Z","sec-exchange"
"BLMN","Bloomin' Brands, Inc.","NASDAQ",NA,"lab.Unmapped","2026-09-20T13:30:43Z","sec-exchange"
"WYFI","WhiteFiber, Inc.","NASDAQ",NA,"lab.Unmapped","2026-09-20T13:30:43Z","sec-exchange"
"WOOF","Petco Health & Wellness Company, Inc.","NASDAQ",NA,"lab.Unmapped","2026-09-20T13:30:43Z","sec-exchange"
"UAMY","UNITED STATES ANTIMONY CORP","NYSE",NA,"lab.Unmapped","2026-09-20T13:30:43Z","sec-exchange"
"BOT","RoboStrategy, Inc.","NASDAQ",NA,"lab.Unmapped","2026-09-20T13:30:43Z","sec-exchange"
"MNPR","Monopar Therapeutics","NASDAQ",NA,"lab.Unmapped","2026-09-20T13:30:43Z","sec-exchange"
"DSP","Viant Technology Inc.","NASDAQ",NA,"lab.Unmapped","2026-09-20T13:30:43Z","sec-exchange"
"TRON","Tron Inc.","NASDAQ",NA,"lab.Unmapped","2026-09-20T13:30:43Z","sec-exchange"
"COLL","COLLEGIUM PHARMACEUTICAL, INC","NASDAQ",NA,"lab.Unmapped","2026-09-20T13:30:43Z","sec-exchange"
"ISOU","IsoEnergy Ltd.","NYSE",NA,"lab.Unmapped","2026-09-20T13:30:43Z","sec-exchange"
"GMRS","GMR Solutions Inc.","NYSE",NA,"lab.Unmapped","2026-09-20T13:30:43Z","sec-exchange"
"STLN","Starling Oncology, Inc.","NASDAQ",NA,"lab.Unmapped","2026-09-20T13:30:43Z","sec-exchange"
"SSII","SS Innovations International, Inc.","NASDAQ",NA,"lab.Unmapped","2026-09-20T13:30:43Z","sec-exchange"
"CTKB","Cytek Biosciences, Inc.","NASDAQ",NA,"lab.Unmapped","2026-09-20T13:30:43Z","sec-exchange"
"NMFC","New Mountain Finance Corp","NASDAQ",NA,"lab.Unmapped","2026-09-20T13:30:43Z","sec-exchange"
"BUI","BlackRock Utilities, Infrastructure & Power Opportunities Trust","NYSE",NA,"lab.Unmapped","2026-09-20T13:30:43Z","sec-exchange"
"CDNL","Cardinal Infrastructure Group Inc.","NASDAQ",NA,"lab.Unmapped","2026-09-20T13:30:43Z","sec-exchange"
"BHB","BAR HARBOR BANKSHARES","NYSE",NA,"lab.Unmapped","2026-09-20T13:30:43Z","sec-exchange"
"TROX","Tronox Holdings plc","NYSE",NA,"lab.Unmapped","2026-09-20T13:30:43Z","sec-exchange"
"CSHR","CoinShares PLC","NASDAQ",NA,"lab.Unmapped","2026-09-20T13:30:43Z","sec-exchange"
"AURA","Aura Biosciences, Inc.","NASDAQ",NA,"lab.Unmapped","2026-09-20T13:30:43Z","sec-exchange"
"NGVC","Natural Grocers by Vitamin Cottage, Inc.","NYSE",NA,"lab.Unmapped","2026-09-20T13:30:43Z","sec-exchange"
"YSWY","Yesway, Inc.","NASDAQ",NA,"lab.Unmapped","2026-09-20T13:30:43Z","sec-exchange"
"MATV","Mativ Holdings, Inc.","NYSE",NA,"lab.Unmapped","2026-09-20T13:30:43Z","sec-exchange"
"SLRC","SLR Investment Corp.","NASDAQ",NA,"lab.Unmapped","2026-09-20T13:30:43Z","sec-exchange"
"CCXI","Churchill Capital Corp XI","NASDAQ",NA,"lab.Unmapped","2026-09-20T13:30:43Z","sec-exchange"
"NVCT","Nuvectis Pharma, Inc.","NASDAQ",NA,"lab.Unmapped","2026-09-20T13:30:43Z","sec-exchange"
"RRBI","RED RIVER BANCSHARES INC","NASDAQ",NA,"lab.Unmapped","2026-09-20T13:30:43Z","sec-exchange"
"CNNE","Cannae Holdings, Inc.","NYSE",NA,"lab.Unmapped","2026-09-20T13:30:43Z","sec-exchange"
"PZZA","PAPA JOHNS INTERNATIONAL INC","NASDAQ",NA,"lab.Unmapped","2026-09-20T13:30:43Z","sec-exchange"
"CCD","Calamos Dynamic Convertible & Income Fund","NASDAQ",NA,"lab.Unmapped","2026-09-20T13:30:43Z","sec-exchange"
"PKOH","PARK OHIO HOLDINGS CORP","NASDAQ",NA,"lab.Unmapped","2026-09-20T13:30:43Z","sec-exchange"
"TBLD","Thornburg Income Builder Opportunities Trust","NASDAQ",NA,"lab.Unmapped","2026-09-20T13:30:43Z","sec-exchange"
"BIT","BlackRock Multi-Sector Income Trust","NYSE",NA,"lab.Unmapped","2026-09-20T13:30:43Z","sec-exchange"
"CCSI","Consensus Cloud Solutions, Inc.","NASDAQ",NA,"lab.Unmapped","2026-09-20T13:30:43Z","sec-exchange"
"GDYN","GRID DYNAMICS HOLDINGS, INC.","NASDAQ",NA,"lab.Unmapped","2026-09-20T13:30:43Z","sec-exchange"
"RA","Brookfield Real Assets Income Fund Inc.","NYSE",NA,"lab.Unmapped","2026-09-20T13:30:43Z","sec-exchange"
"SPT","Sprout Social, Inc.","NASDAQ",NA,"lab.Unmapped","2026-09-20T13:30:43Z","sec-exchange"
"KRNT","Kornit Digital Ltd.","NASDAQ",NA,"lab.Unmapped","2026-09-20T13:30:43Z","sec-exchange"
"BLDP","Ballard Power Systems Inc.","NASDAQ",NA,"lab.Unmapped","2026-09-20T13:30:43Z","sec-exchange"
"SCHL","SCHOLASTIC CORP","NASDAQ",NA,"lab.Unmapped","2026-09-20T13:30:43Z","sec-exchange"
"OSPN","OneSpan Inc.","NASDAQ",NA,"lab.Unmapped","2026-09-20T13:30:43Z","sec-exchange"
"ARRY","Array Technologies, Inc.","NASDAQ",NA,"lab.Unmapped","2026-09-20T13:30:43Z","sec-exchange"
"PKE","PARK AEROSPACE CORP","NYSE",NA,"lab.Unmapped","2026-09-20T13:30:43Z","sec-exchange"
"LEGH","Legacy Housing Corp","NASDAQ",NA,"lab.Unmapped","2026-09-20T13:30:43Z","sec-exchange"
"MUA","BLACKROCK MUNIASSETS FUND, INC.","NYSE",NA,"lab.Unmapped","2026-09-20T13:30:43Z","sec-exchange"
"ACNB","ACNB CORP","NASDAQ",NA,"lab.Unmapped","2026-09-20T13:30:43Z","sec-exchange"
"WHK","WhiteHawk Minerals Corp.","NYSE",NA,"lab.Unmapped","2026-09-20T13:30:43Z","sec-exchange"
"GRNT","Granite Ridge Resources, Inc.","NYSE",NA,"lab.Unmapped","2026-09-20T13:30:43Z","sec-exchange"
"VLGEA","VILLAGE SUPER MARKET INC","NASDAQ",NA,"lab.Unmapped","2026-09-20T13:30:43Z","sec-exchange"
"HTZ","HERTZ GLOBAL HOLDINGS, INC","NASDAQ",NA,"lab.Unmapped","2026-09-20T13:30:43Z","sec-exchange"
"EGY","VAALCO ENERGY INC /DE/","NYSE",NA,"lab.Unmapped","2026-09-20T13:30:43Z","sec-exchange"
"DLY","DoubleLine Yield Opportunities Fund","NYSE",NA,"lab.Unmapped","2026-09-20T13:30:43Z","sec-exchange"
"PAR","PAR TECHNOLOGY CORP","NYSE",NA,"lab.Unmapped","2026-09-20T13:30:43Z","sec-exchange"
"TIPT","TIPTREE INC.","NASDAQ",NA,"lab.Unmapped","2026-09-20T13:30:43Z","sec-exchange"
"IMC","IMC Rare Earths Ltd","NYSE",NA,"lab.Unmapped","2026-09-20T13:30:43Z","sec-exchange"
"ASGI","abrdn Global Infrastructure Income Fund","NYSE",NA,"lab.Unmapped","2026-09-20T13:30:43Z","sec-exchange"
"DMII","Drugs Made In America Acquisition II Corp.","NASDAQ",NA,"lab.Unmapped","2026-09-20T13:30:43Z","sec-exchange"
"NGNE","Neurogene Inc.","NASDAQ",NA,"lab.Unmapped","2026-09-20T13:30:43Z","sec-exchange"
"GFUZ","General Fusion Group Ltd.","NASDAQ",NA,"lab.Unmapped","2026-09-20T13:30:43Z","sec-exchange"
"ENVX","Enovix Corp","NASDAQ",NA,"lab.Unmapped","2026-09-20T13:30:43Z","sec-exchange"
"VEL","Velocity Financial, Inc.","NYSE",NA,"lab.Unmapped","2026-09-20T13:30:43Z","sec-exchange"
"NKX","NUVEEN CALIFORNIA AMT-FREE QUALITY MUNICIPAL INCOME FUND","NYSE",NA,"lab.Unmapped","2026-09-20T13:30:43Z","sec-exchange"
"PFN","PIMCO Income Strategy Fund II","NYSE",NA,"lab.Unmapped","2026-09-20T13:30:43Z","sec-exchange"
"CTGO","Contango Silver & Gold Inc.","NYSE",NA,"lab.Unmapped","2026-09-20T13:30:43Z","sec-exchange"
"AHG","Akso Health Group","NASDAQ",NA,"lab.Unmapped","2026-09-20T13:30:43Z","sec-exchange"
"WDI","Western Asset Diversified Income Fund (WDI)","NYSE",NA,"lab.Unmapped","2026-09-20T13:30:43Z","sec-exchange"
"PHR","Phreesia, Inc.","NYSE",NA,"lab.Unmapped","2026-09-20T13:30:43Z","sec-exchange"
"FBRT","Franklin BSP Realty Trust, Inc.","NYSE",NA,"lab.Unmapped","2026-09-20T13:30:43Z","sec-exchange"
"MG","Mistras Group, Inc.","NYSE",NA,"lab.Unmapped","2026-09-20T13:30:43Z","sec-exchange"
"AGNT","AGNT, Inc.","NASDAQ",NA,"lab.Unmapped","2026-09-20T13:30:43Z","sec-exchange"
"HELE","HELEN OF TROY LTD","NASDAQ",NA,"lab.Unmapped","2026-09-20T13:30:43Z","sec-exchange"
"ANGO","ANGIODYNAMICS INC","NASDAQ",NA,"lab.Unmapped","2026-09-20T13:30:43Z","sec-exchange"
"SHEN","SHENANDOAH TELECOMMUNICATIONS CO/VA/","NASDAQ",NA,"lab.Unmapped","2026-09-20T13:30:43Z","sec-exchange"
"RGR","STURM RUGER & CO INC","NYSE",NA,"lab.Unmapped","2026-09-20T13:30:43Z","sec-exchange"
"MTC","MMTEC, INC.","NASDAQ",NA,"lab.Unmapped","2026-09-20T13:30:43Z","sec-exchange"
"CGNT","Cognyte Software Ltd.","NASDAQ",NA,"lab.Unmapped","2026-09-20T13:30:43Z","sec-exchange"
"OABI","OmniAb, Inc.","NASDAQ",NA,"lab.Unmapped","2026-09-20T13:30:43Z","sec-exchange"
"BWMX","BETTERWARE DE MEXICO, S.A.P.I. DE C.V","NYSE",NA,"lab.Unmapped","2026-09-20T13:30:43Z","sec-exchange"
"PAXS","PIMCO Access Income Fund","NYSE",NA,"lab.Unmapped","2026-09-20T13:30:43Z","sec-exchange"
"LOT","Lotus Technology Inc.","NASDAQ",NA,"lab.Unmapped","2026-09-20T13:30:43Z","sec-exchange"
"DDI","DoubleDown Interactive Co., Ltd.","NASDAQ",NA,"lab.Unmapped","2026-09-20T13:30:43Z","sec-exchange"
"CLDT","Chatham Lodging Trust","NYSE",NA,"lab.Unmapped","2026-09-20T13:30:43Z","sec-exchange"
"FWRG","First Watch Restaurant Group, Inc.","NASDAQ",NA,"lab.Unmapped","2026-09-20T13:30:43Z","sec-exchange"
"MLR","MILLER INDUSTRIES INC /TN/","NYSE",NA,"lab.Unmapped","2026-09-20T13:30:43Z","sec-exchange"
"VALN","Valneva SE","NASDAQ",NA,"lab.Unmapped","2026-09-20T13:30:43Z","sec-exchange"
"MAMA","Mama's Creations, Inc.","NASDAQ",NA,"lab.Unmapped","2026-09-20T13:30:43Z","sec-exchange"
"YEXT","Yext, Inc.","NYSE",NA,"lab.Unmapped","2026-09-20T13:30:43Z","sec-exchange"
"MATW","MATTHEWS INTERNATIONAL CORP","NASDAQ",NA,"lab.Unmapped","2026-09-20T13:30:43Z","sec-exchange"
"GOOD","GLADSTONE COMMERCIAL CORP","NASDAQ",NA,"lab.Unmapped","2026-09-20T13:30:43Z","sec-exchange"
"IGR","CBRE GLOBAL REAL ESTATE INCOME FUND","NYSE",NA,"lab.Unmapped","2026-09-20T13:30:43Z","sec-exchange"
"WCCB","West Coast Community Bancorp","NASDAQ",NA,"lab.Unmapped","2026-09-20T13:30:43Z","sec-exchange"
"ALT","Altimmune, Inc.","NASDAQ",NA,"lab.Unmapped","2026-09-20T13:30:43Z","sec-exchange"
"METC","Ramaco Resources, Inc.","NASDAQ",NA,"lab.Unmapped","2026-09-20T13:30:43Z","sec-exchange"
"NRDY","Nerdy Inc.","NYSE",NA,"lab.Unmapped","2026-09-20T13:30:43Z","sec-exchange"
"NUAI","New ERA Energy & Digital, Inc.","NASDAQ",NA,"lab.Unmapped","2026-09-20T13:30:43Z","sec-exchange"
"NTGR","NETGEAR, INC.","NASDAQ",NA,"lab.Unmapped","2026-09-20T13:30:43Z","sec-exchange"
"INN","Summit Hotel Properties, Inc.","NYSE",NA,"lab.Unmapped","2026-09-20T13:30:43Z","sec-exchange"
"OOMA","OOMA INC","NYSE",NA,"lab.Unmapped","2026-09-20T13:30:43Z","sec-exchange"
"ONT","Onterris, Inc.","NYSE",NA,"lab.Unmapped","2026-09-20T13:30:43Z","sec-exchange"
"PHAT","Phathom Pharmaceuticals, Inc.","NASDAQ",NA,"lab.Unmapped","2026-09-20T13:30:43Z","sec-exchange"
"SCTX","Scribe Therapeutics, Inc.","NASDAQ",NA,"lab.Unmapped","2026-09-20T13:30:43Z","sec-exchange"
"RSVR","Reservoir Media, Inc.","NASDAQ",NA,"lab.Unmapped","2026-09-20T13:30:43Z","sec-exchange"
"CTMX","CytomX Therapeutics, Inc.","NASDAQ",NA,"lab.Unmapped","2026-09-20T13:30:43Z","sec-exchange"
"KRNY","Kearny Financial Corp.","NASDAQ",NA,"lab.Unmapped","2026-09-20T13:30:43Z","sec-exchange"
"GCBC","GREENE COUNTY BANCORP INC","NASDAQ",NA,"lab.Unmapped","2026-09-20T13:30:43Z","sec-exchange"
"VINP","Vinci Compass Investments Ltd.","NASDAQ",NA,"lab.Unmapped","2026-09-20T13:30:43Z","sec-exchange"
"CARS","Cars.com Inc.","NYSE",NA,"lab.Unmapped","2026-09-20T13:30:43Z","sec-exchange"
"NCDL","Nuveen Churchill Direct Lending Corp.","NYSE",NA,"lab.Unmapped","2026-09-20T13:30:43Z","sec-exchange"
"CBIO","CRESCENT BIOPHARMA, INC.","NASDAQ",NA,"lab.Unmapped","2026-09-20T13:30:43Z","sec-exchange"
"JBI","Janus International Group, Inc.","NYSE",NA,"lab.Unmapped","2026-09-20T13:30:43Z","sec-exchange"
"VTEX","VTEX","NYSE",NA,"lab.Unmapped","2026-09-20T13:30:43Z","sec-exchange"
"FAC","Factorial Energy Inc.","NASDAQ",NA,"lab.Unmapped","2026-09-20T13:30:43Z","sec-exchange"
"OPFI","OppFi Inc.","NYSE",NA,"lab.Unmapped","2026-09-20T13:30:43Z","sec-exchange"
"FBIZ","FIRST BUSINESS FINANCIAL SERVICES, INC.","NASDAQ",NA,"lab.Unmapped","2026-09-20T13:30:43Z","sec-exchange"
"CRMD","CorMedix Inc.","NASDAQ",NA,"lab.Unmapped","2026-09-20T13:30:43Z","sec-exchange"
"DRUG","BRIGHT MINDS BIOSCIENCES INC.","NASDAQ",NA,"lab.Unmapped","2026-09-20T13:30:43Z","sec-exchange"
"EVAC","EQV Ventures Acquisition Corp. II","NYSE",NA,"lab.Unmapped","2026-09-20T13:30:43Z","sec-exchange"
"AHRT","AH Realty Trust, Inc.","NYSE",NA,"lab.Unmapped","2026-09-20T13:30:43Z","sec-exchange"
"SWBI","SMITH & WESSON BRANDS, INC.","NASDAQ",NA,"lab.Unmapped","2026-09-20T13:30:43Z","sec-exchange"
"KE","Kimball Electronics, Inc.","NASDAQ",NA,"lab.Unmapped","2026-09-20T13:30:43Z","sec-exchange"
"HY","HYSTER-YALE, INC.","NYSE",NA,"lab.Unmapped","2026-09-20T13:30:43Z","sec-exchange"
"BCSS","Bain Capital GSS Investment Corp.","NYSE",NA,"lab.Unmapped","2026-09-20T13:30:43Z","sec-exchange"
"ALLO","Allogene Therapeutics, Inc.","NASDAQ",NA,"lab.Unmapped","2026-09-20T13:30:43Z","sec-exchange"
"CRD-A","CRAWFORD & CO","NYSE",NA,"lab.Unmapped","2026-09-20T13:30:43Z","sec-exchange"
"CXII","Churchill Capital Corp XII","NASDAQ",NA,"lab.Unmapped","2026-09-20T13:30:43Z","sec-exchange"
"FLGT","Fulgent Genetics, Inc.","NASDAQ",NA,"lab.Unmapped","2026-09-20T13:30:43Z","sec-exchange"
"DCBO","Docebo Inc.","NASDAQ",NA,"lab.Unmapped","2026-09-20T13:30:43Z","sec-exchange"
"WTI","W&T OFFSHORE INC","NYSE",NA,"lab.Unmapped","2026-09-20T13:30:43Z","sec-exchange"
"NML","Neuberger Energy Infrastructure & Income Fund Inc.","NYSE",NA,"lab.Unmapped","2026-09-20T13:30:43Z","sec-exchange"
"UNTY","UNITY BANCORP INC /NJ/","NASDAQ",NA,"lab.Unmapped","2026-09-20T13:30:43Z","sec-exchange"
"DDD","3D SYSTEMS CORP","NYSE",NA,"lab.Unmapped","2026-09-20T13:30:43Z","sec-exchange"
"CEPF","Cantor Equity Partners IV, Inc.","NASDAQ",NA,"lab.Unmapped","2026-09-20T13:30:43Z","sec-exchange"
"NVRI","Enviri Corp","NYSE",NA,"lab.Unmapped","2026-09-20T13:30:43Z","sec-exchange"
"ACP","abrdn Income Credit Strategies Fund","NYSE",NA,"lab.Unmapped","2026-09-20T13:30:43Z","sec-exchange"
"NRDS","NERDWALLET, INC.","NASDAQ",NA,"lab.Unmapped","2026-09-20T13:30:43Z","sec-exchange"
"SFST","SOUTHERN FIRST BANCSHARES INC","NASDAQ",NA,"lab.Unmapped","2026-09-20T13:30:43Z","sec-exchange"
"DSU","BLACKROCK DEBT STRATEGIES FUND, INC.","NYSE",NA,"lab.Unmapped","2026-09-20T13:30:43Z","sec-exchange"
"EVO","Evotec SE","NASDAQ",NA,"lab.Unmapped","2026-09-20T13:30:43Z","sec-exchange"
"BXC","BlueLinx Holdings Inc.","NYSE",NA,"lab.Unmapped","2026-09-20T13:30:43Z","sec-exchange"
"CBNK","Capital Bancorp Inc","NASDAQ",NA,"lab.Unmapped","2026-09-20T13:30:43Z","sec-exchange"
"SLDP","Solid Power, Inc.","NASDAQ",NA,"lab.Unmapped","2026-09-20T13:30:43Z","sec-exchange"
"ADTN","ADTRAN Holdings, Inc.","NASDAQ",NA,"lab.Unmapped","2026-09-20T13:30:43Z","sec-exchange"
"BWB","Bridgewater Bancshares Inc","NASDAQ",NA,"lab.Unmapped","2026-09-20T13:30:43Z","sec-exchange"
"IIIN","INSTEEL INDUSTRIES INC","NYSE",NA,"lab.Unmapped","2026-09-20T13:30:43Z","sec-exchange"
"WEAV","Weave Communications, Inc.","NYSE",NA,"lab.Unmapped","2026-09-20T13:30:43Z","sec-exchange"
"GEMI","Gemini Space Station, Inc.","NASDAQ",NA,"lab.Unmapped","2026-09-20T13:30:43Z","sec-exchange"
"LMB","Limbach Holdings, Inc.","NASDAQ",NA,"lab.Unmapped","2026-09-20T13:30:43Z","sec-exchange"
"AGMB","AgomAb Therapeutics NV","NASDAQ",NA,"lab.Unmapped","2026-09-20T13:30:43Z","sec-exchange"
"AUXX","Gold X2 Mining Inc.","NYSE",NA,"lab.Unmapped","2026-09-20T13:30:43Z","sec-exchange"
"SPPP","SPROTT PHYSICAL PLATINUM & PALLADIUM TRUST","NYSE",NA,"lab.Unmapped","2026-09-20T13:30:43Z","sec-exchange"
"STTK","Shattuck Labs, Inc.","NASDAQ",NA,"lab.Unmapped","2026-09-20T13:30:43Z","sec-exchange"
"CMDB","Costamare Bulkers Holdings Ltd","NYSE",NA,"lab.Unmapped","2026-09-20T13:30:43Z","sec-exchange"
"AQST","Aquestive Therapeutics, Inc.","NASDAQ",NA,"lab.Unmapped","2026-09-20T13:30:43Z","sec-exchange"
"NPB","NORTHPOINTE BANCSHARES INC","NYSE",NA,"lab.Unmapped","2026-09-20T13:30:43Z","sec-exchange"
"ALOY","REALLOYS INC.","NASDAQ",NA,"lab.Unmapped","2026-09-20T13:30:43Z","sec-exchange"
"TMQ","Trilogy Metals Inc.","NYSE",NA,"lab.Unmapped","2026-09-20T13:30:43Z","sec-exchange"
"TWN","TAIWAN FUND INC","NYSE",NA,"lab.Unmapped","2026-09-20T13:30:43Z","sec-exchange"
"HNST","Honest Company, Inc.","NASDAQ",NA,"lab.Unmapped","2026-09-20T13:30:43Z","sec-exchange"
"KIDS","ORTHOPEDIATRICS CORP","NASDAQ",NA,"lab.Unmapped","2026-09-20T13:30:43Z","sec-exchange"
"PRME","Prime Medicine, Inc.","NASDAQ",NA,"lab.Unmapped","2026-09-20T13:30:43Z","sec-exchange"
"IMSR","Terrestrial Energy Inc. /DE/","NASDAQ",NA,"lab.Unmapped","2026-09-20T13:30:43Z","sec-exchange"
"FAX","ABRDN ASIA-PACIFIC INCOME FUND, INC.","NYSE",NA,"lab.Unmapped","2026-09-20T13:30:43Z","sec-exchange"
"MSIF","MSC INCOME FUND, INC.","NYSE",NA,"lab.Unmapped","2026-09-20T13:30:43Z","sec-exchange"
"MAX","MediaAlpha, Inc.","NYSE",NA,"lab.Unmapped","2026-09-20T13:30:43Z","sec-exchange"
"JKS","JinkoSolar Holding Co., Ltd.","NYSE",NA,"lab.Unmapped","2026-09-20T13:30:43Z","sec-exchange"
"NRIM","NORTHRIM BANCORP INC","NASDAQ",NA,"lab.Unmapped","2026-09-20T13:30:43Z","sec-exchange"
"IIM","Invesco Value Municipal Income Trust","NYSE",NA,"lab.Unmapped","2026-09-20T13:30:43Z","sec-exchange"
"RYAM","RAYONIER ADVANCED MATERIALS INC.","NYSE",NA,"lab.Unmapped","2026-09-20T13:30:43Z","sec-exchange"
"ENRD","Einride AB","NASDAQ",NA,"lab.Unmapped","2026-09-20T13:30:43Z","sec-exchange"
"NMCO","Nuveen Municipal Credit Opportunities Fund","NYSE",NA,"lab.Unmapped","2026-09-20T13:30:43Z","sec-exchange"
"CIVB","CIVISTA BANCSHARES, INC.","NASDAQ",NA,"lab.Unmapped","2026-09-20T13:30:43Z","sec-exchange"
"YB","Yuanbao Inc.","NASDAQ",NA,"lab.Unmapped","2026-09-20T13:30:43Z","sec-exchange"
"TITN","Titan Machinery Inc.","NASDAQ",NA,"lab.Unmapped","2026-09-20T13:30:43Z","sec-exchange"
"UHT","UNIVERSAL HEALTH REALTY INCOME TRUST","NYSE",NA,"lab.Unmapped","2026-09-20T13:30:43Z","sec-exchange"
"ITRG","Integra Resources Corp.","NYSE",NA,"lab.Unmapped","2026-09-20T13:30:43Z","sec-exchange"
"DCTH","DELCATH SYSTEMS, INC.","NASDAQ",NA,"lab.Unmapped","2026-09-20T13:30:43Z","sec-exchange"
"TRTX","TPG RE Finance Trust, Inc.","NYSE",NA,"lab.Unmapped","2026-09-20T13:30:43Z","sec-exchange"
"XMAX","XMax Inc.","NASDAQ",NA,"lab.Unmapped","2026-09-20T13:30:43Z","sec-exchange"
"NDMO","Nuveen Dynamic Municipal Opportunities Fund","NYSE",NA,"lab.Unmapped","2026-09-20T13:30:43Z","sec-exchange"
"KELYA","KELLY SERVICES INC","NASDAQ",NA,"lab.Unmapped","2026-09-20T13:30:43Z","sec-exchange"
"ITIC","INVESTORS TITLE CO","NASDAQ",NA,"lab.Unmapped","2026-09-20T13:30:43Z","sec-exchange"
"NOAH","NOAH HOLDINGS LTD","NYSE",NA,"lab.Unmapped","2026-09-20T13:30:43Z","sec-exchange"
"DBCA","D. Boral Acquisition I Corp.","NASDAQ",NA,"lab.Unmapped","2026-09-20T13:30:43Z","sec-exchange"
"TLRY","Tilray Brands, Inc.","NASDAQ",NA,"lab.Unmapped","2026-09-20T13:30:43Z","sec-exchange"
"PANL","Pangaea Logistics Solutions Ltd.","NASDAQ",NA,"lab.Unmapped","2026-09-20T13:30:43Z","sec-exchange"
"CAPR","CAPRICOR THERAPEUTICS, INC.","NASDAQ",NA,"lab.Unmapped","2026-09-20T13:30:43Z","sec-exchange"
"BMM","Blue Moon Metals Inc.","NASDAQ",NA,"lab.Unmapped","2026-09-20T13:30:43Z","sec-exchange"
"EPRX","EUPRAXIA PHARMACEUTICALS INC.","NASDAQ",NA,"lab.Unmapped","2026-09-20T13:30:43Z","sec-exchange"
"AEXA","American Exceptionalism Acquisition Corp. A","NYSE",NA,"lab.Unmapped","2026-09-20T13:30:43Z","sec-exchange"
"OCS","Oculis Holding AG","NASDAQ",NA,"lab.Unmapped","2026-09-20T13:30:43Z","sec-exchange"
"BTBT","Bit Digital, Inc","NASDAQ",NA,"lab.Unmapped","2026-09-20T13:30:43Z","sec-exchange"
"TMS","Teamshares Inc","NASDAQ",NA,"lab.Unmapped","2026-09-20T13:30:43Z","sec-exchange"
"GUT","GABELLI UTILITY TRUST","NYSE",NA,"lab.Unmapped","2026-09-20T13:30:43Z","sec-exchange"
"ROMA","Roma Green Finance Ltd","NASDAQ",NA,"lab.Unmapped","2026-09-20T13:30:43Z","sec-exchange"
"ETJ","Eaton Vance Risk-Managed Diversified Equity Income Fund","NYSE",NA,"lab.Unmapped","2026-09-20T13:30:43Z","sec-exchange"
"THW","abrdn World Healthcare Fund","NYSE",NA,"lab.Unmapped","2026-09-20T13:30:43Z","sec-exchange"
"BWAY","Brainsway Ltd.","NASDAQ",NA,"lab.Unmapped","2026-09-20T13:30:43Z","sec-exchange"
"CTEV","Claritev Corp","NYSE",NA,"lab.Unmapped","2026-09-20T13:30:43Z","sec-exchange"
"WRN","Western Copper & Gold Corp","NYSE",NA,"lab.Unmapped","2026-09-20T13:30:43Z","sec-exchange"
"GAU","Galiano Gold Inc.","NYSE",NA,"lab.Unmapped","2026-09-20T13:30:43Z","sec-exchange"
"ETD","ETHAN ALLEN INTERIORS INC","NYSE",NA,"lab.Unmapped","2026-09-20T13:30:43Z","sec-exchange"
"IBEX","IBEX Ltd","NASDAQ",NA,"lab.Unmapped","2026-09-20T13:30:43Z","sec-exchange"
"HBCP","HOME BANCORP, INC.","NASDAQ",NA,"lab.Unmapped","2026-09-20T13:30:43Z","sec-exchange"
"ESEA","EUROSEAS LTD.","NASDAQ",NA,"lab.Unmapped","2026-09-20T13:30:43Z","sec-exchange"
"HKD","AMTD Digital Inc.","NYSE",NA,"lab.Unmapped","2026-09-20T13:30:43Z","sec-exchange"
"DNA","Ginkgo Bioworks Holdings, Inc.","NYSE",NA,"lab.Unmapped","2026-09-20T13:30:43Z","sec-exchange"
"GHXI","Gores Holdings XI, Inc.","NASDAQ",NA,"lab.Unmapped","2026-09-20T13:30:43Z","sec-exchange"
"RGNX","REGENXBIO Inc.","NASDAQ",NA,"lab.Unmapped","2026-09-20T13:30:43Z","sec-exchange"
"BRSP","BrightSpire Capital, Inc.","NYSE",NA,"lab.Unmapped","2026-09-20T13:30:43Z","sec-exchange"
"YORW","YORK WATER CO","NASDAQ",NA,"lab.Unmapped","2026-09-20T13:30:43Z","sec-exchange"
"DNUT","Krispy Kreme, Inc.","NASDAQ",NA,"lab.Unmapped","2026-09-20T13:30:43Z","sec-exchange"
"FVR","FrontView REIT, Inc.","NYSE",NA,"lab.Unmapped","2026-09-20T13:30:43Z","sec-exchange"
"VRRM","VERRA MOBILITY Corp","NASDAQ",NA,"lab.Unmapped","2026-09-20T13:30:43Z","sec-exchange"
"BWFG","Bankwell Financial Group, Inc.","NASDAQ",NA,"lab.Unmapped","2026-09-20T13:30:43Z","sec-exchange"
"ARVN","ARVINAS, INC.","NASDAQ",NA,"lab.Unmapped","2026-09-20T13:30:43Z","sec-exchange"
"NB","NIOCORP DEVELOPMENTS LTD","NASDAQ",NA,"lab.Unmapped","2026-09-20T13:30:43Z","sec-exchange"
"IPI","Intrepid Potash, Inc.","NYSE",NA,"lab.Unmapped","2026-09-20T13:30:43Z","sec-exchange"
"SD","SANDRIDGE ENERGY INC","NYSE",NA,"lab.Unmapped","2026-09-20T13:30:43Z","sec-exchange"
"BALY","Bally's Corp","NYSE",NA,"lab.Unmapped","2026-09-20T13:30:43Z","sec-exchange"
"TECX","Tectonic Therapeutic, Inc.","NASDAQ",NA,"lab.Unmapped","2026-09-20T13:30:43Z","sec-exchange"
"VGM","Invesco Trust for Investment Grade Municipals","NYSE",NA,"lab.Unmapped","2026-09-20T13:30:43Z","sec-exchange"
"CERS","CERUS CORP","NASDAQ",NA,"lab.Unmapped","2026-09-20T13:30:43Z","sec-exchange"
"OVID","Ovid Therapeutics Inc.","NASDAQ",NA,"lab.Unmapped","2026-09-20T13:30:43Z","sec-exchange"
"XRN","Chiron Real Estate Inc.","NYSE",NA,"lab.Unmapped","2026-09-20T13:30:43Z","sec-exchange"
"CLB","Core Laboratories Inc. /DE/","NYSE",NA,"lab.Unmapped","2026-09-20T13:30:43Z","sec-exchange"
"FWRD","FORWARD AIR CORP","NASDAQ",NA,"lab.Unmapped","2026-09-20T13:30:43Z","sec-exchange"
"BSRR","SIERRA BANCORP","NASDAQ",NA,"lab.Unmapped","2026-09-20T13:30:43Z","sec-exchange"
"BGY","BlackRock Enhanced International Dividend Trust","NYSE",NA,"lab.Unmapped","2026-09-20T13:30:43Z","sec-exchange"
"SLI","STANDARD LITHIUM LTD.","NYSE",NA,"lab.Unmapped","2026-09-20T13:30:43Z","sec-exchange"
"BSVN","Bank7 Corp.","NASDAQ",NA,"lab.Unmapped","2026-09-20T13:30:43Z","sec-exchange"
"LAES","SEALSQ Corp","NASDAQ",NA,"lab.Unmapped","2026-09-20T13:30:43Z","sec-exchange"
"PBAM","Private Bancorp of America, Inc.","NASDAQ",NA,"lab.Unmapped","2026-09-20T13:30:43Z","sec-exchange"
"MPLT","MapLight Therapeutics, Inc.","NASDAQ",NA,"lab.Unmapped","2026-09-20T13:30:43Z","sec-exchange"
"EOLS","Evolus, Inc.","NASDAQ",NA,"lab.Unmapped","2026-09-20T13:30:43Z","sec-exchange"
"CLMB","Climb Global Solutions, Inc.","NASDAQ",NA,"lab.Unmapped","2026-09-20T13:30:43Z","sec-exchange"
"ENTX","Entera Bio Ltd.","NASDAQ",NA,"lab.Unmapped","2026-09-20T13:30:43Z","sec-exchange"
"IIIV","i3 Verticals, Inc.","NASDAQ",NA,"lab.Unmapped","2026-09-20T13:30:43Z","sec-exchange"
"MMU","WESTERN ASSET MANAGED MUNICIPALS FUND INC.","NYSE",NA,"lab.Unmapped","2026-09-20T13:30:43Z","sec-exchange"
"ILPT","Industrial Logistics Properties Trust","NASDAQ",NA,"lab.Unmapped","2026-09-20T13:30:43Z","sec-exchange"
"ASMB","ASSEMBLY BIOSCIENCES, INC.","NASDAQ",NA,"lab.Unmapped","2026-09-20T13:30:43Z","sec-exchange"
"OBT","Orange County Bancorp, Inc. /DE/","NASDAQ",NA,"lab.Unmapped","2026-09-20T13:30:43Z","sec-exchange"
"AII","American Integrity Insurance Group, Inc.","NYSE",NA,"lab.Unmapped","2026-09-20T13:30:43Z","sec-exchange"
"NEXN","Nexxen International Ltd.","NASDAQ",NA,"lab.Unmapped","2026-09-20T13:30:43Z","sec-exchange"
"GCGR","General Catalyst Global Resilience Merger Corp.","NASDAQ",NA,"lab.Unmapped","2026-09-20T13:30:43Z","sec-exchange"
"AUTL","Autolus Therapeutics plc","NASDAQ",NA,"lab.Unmapped","2026-09-20T13:30:43Z","sec-exchange"
"BDN","BRANDYWINE REALTY TRUST","NYSE",NA,"lab.Unmapped","2026-09-20T13:30:43Z","sec-exchange"
"INDP","Indaptus Therapeutics, Inc.","NASDAQ",NA,"lab.Unmapped","2026-09-20T13:30:43Z","sec-exchange"
"TCMD","TACTILE SYSTEMS TECHNOLOGY INC","NASDAQ",NA,"lab.Unmapped","2026-09-20T13:30:43Z","sec-exchange"
"VOGX","Vogenx, Inc.","NASDAQ",NA,"lab.Unmapped","2026-09-20T13:30:43Z","sec-exchange"
"OIS","OIL STATES INTERNATIONAL, INC","NYSE",NA,"lab.Unmapped","2026-09-20T13:30:43Z","sec-exchange"
"ALTI","AlTi Global, Inc.","NASDAQ",NA,"lab.Unmapped","2026-09-20T13:30:43Z","sec-exchange"
"WTBA","WEST BANCORPORATION INC","NASDAQ",NA,"lab.Unmapped","2026-09-20T13:30:43Z","sec-exchange"
"ASPI","ASP Isotopes Inc.","NASDAQ",NA,"lab.Unmapped","2026-09-20T13:30:43Z","sec-exchange"
"OLP","ONE LIBERTY PROPERTIES INC","NYSE",NA,"lab.Unmapped","2026-09-20T13:30:43Z","sec-exchange"
"NWAX","New America Acquisition I Corp.","NYSE",NA,"lab.Unmapped","2026-09-20T13:30:43Z","sec-exchange"
"QUAD","Quad/Graphics, Inc.","NYSE",NA,"lab.Unmapped","2026-09-20T13:30:43Z","sec-exchange"
"MEVO","M Evo Global Acquisition Corp II","NASDAQ",NA,"lab.Unmapped","2026-09-20T13:30:43Z","sec-exchange"
"KMDA","KAMADA LTD","NASDAQ",NA,"lab.Unmapped","2026-09-20T13:30:43Z","sec-exchange"
"COFS","CHOICEONE FINANCIAL SERVICES INC","NASDAQ",NA,"lab.Unmapped","2026-09-20T13:30:43Z","sec-exchange"
"IGD","Voya GLOBAL EQUITY DIVIDEND & PREMIUM OPPORTUNITY FUND","NYSE",NA,"lab.Unmapped","2026-09-20T13:30:43Z","sec-exchange"
"GOTU","Gaotu Techedu Inc.","NYSE",NA,"lab.Unmapped","2026-09-20T13:30:43Z","sec-exchange"
"ETO","Eaton Vance Tax-Advantaged Global Dividend Opportunities Fund","NYSE",NA,"lab.Unmapped","2026-09-20T13:30:43Z","sec-exchange"
"BBCP","Concrete Pumping Holdings, Inc.","NASDAQ",NA,"lab.Unmapped","2026-09-20T13:30:43Z","sec-exchange"
"SENS","Senseonics Holdings, Inc.","NASDAQ",NA,"lab.Unmapped","2026-09-20T13:30:43Z","sec-exchange"
"AAC","Ares Acquisition Corp III","NYSE",NA,"lab.Unmapped","2026-09-20T13:30:43Z","sec-exchange"
"CTNM","Contineum Therapeutics, Inc.","NASDAQ",NA,"lab.Unmapped","2026-09-20T13:30:43Z","sec-exchange"
"RWT","REDWOOD TRUST INC","NYSE",NA,"lab.Unmapped","2026-09-20T13:30:43Z","sec-exchange"
"VITL","Vital Farms, Inc.","NASDAQ",NA,"lab.Unmapped","2026-09-20T13:30:43Z","sec-exchange"
"ARCT","Arcturus Therapeutics Holdings Inc.","NASDAQ",NA,"lab.Unmapped","2026-09-20T13:30:43Z","sec-exchange"
"CSV","CARRIAGE SERVICES INC","NYSE",NA,"lab.Unmapped","2026-09-20T13:30:43Z","sec-exchange"
"WNC","WABASH NATIONAL Corp","NYSE",NA,"lab.Unmapped","2026-09-20T13:30:43Z","sec-exchange"
"FMAO","FARMERS & MERCHANTS BANCORP INC","NASDAQ",NA,"lab.Unmapped","2026-09-20T13:30:43Z","sec-exchange"
"GLRE","GREENLIGHT CAPITAL RE, LTD.","NASDAQ",NA,"lab.Unmapped","2026-09-20T13:30:43Z","sec-exchange"
"MCFT","MasterCraft Boat Holdings, Inc.","NASDAQ",NA,"lab.Unmapped","2026-09-20T13:30:43Z","sec-exchange"
"URG","UR-ENERGY INC","NYSE",NA,"lab.Unmapped","2026-09-20T13:30:43Z","sec-exchange"
"GRVY","GRAVITY Co., Ltd.","NASDAQ",NA,"lab.Unmapped","2026-09-20T13:30:43Z","sec-exchange"
"CTRN","Citi Trends Inc","NASDAQ",NA,"lab.Unmapped","2026-09-20T13:30:43Z","sec-exchange"
"PDLB","Ponce Financial Group, Inc.","NASDAQ",NA,"lab.Unmapped","2026-09-20T13:30:43Z","sec-exchange"
"DPG","Duff & Phelps Utility & Infrastructure Fund Inc.","NYSE",NA,"lab.Unmapped","2026-09-20T13:30:43Z","sec-exchange"
"NPCE","NeuroPace Inc","NASDAQ",NA,"lab.Unmapped","2026-09-20T13:30:43Z","sec-exchange"
"TATT","TAT TECHNOLOGIES LTD","NASDAQ",NA,"lab.Unmapped","2026-09-20T13:30:43Z","sec-exchange"
"PBYI","PUMA BIOTECHNOLOGY, INC.","NASDAQ",NA,"lab.Unmapped","2026-09-20T13:30:43Z","sec-exchange"
"ARKO","ARKO Corp.","NASDAQ",NA,"lab.Unmapped","2026-09-20T13:30:43Z","sec-exchange"
"ECC","Eagle Point Credit Co","NYSE",NA,"lab.Unmapped","2026-09-20T13:30:43Z","sec-exchange"
"DDL","Dingdong (Cayman) Ltd","NYSE",NA,"lab.Unmapped","2026-09-20T13:30:43Z","sec-exchange"
"PRTH","Priority Technology Holdings, Inc.","NASDAQ",NA,"lab.Unmapped","2026-09-20T13:30:43Z","sec-exchange"
"SBC","SBC Medical Group Holdings Inc","NASDAQ",NA,"lab.Unmapped","2026-09-20T13:30:43Z","sec-exchange"
"KRSP","Rice Acquisition Corp 3","NYSE",NA,"lab.Unmapped","2026-09-20T13:30:43Z","sec-exchange"
"NVEC","NVE CORP /NEW/","NASDAQ",NA,"lab.Unmapped","2026-09-20T13:30:43Z","sec-exchange"
"AMCX","AMC Global Media Inc.","NASDAQ",NA,"lab.Unmapped","2026-09-20T13:30:43Z","sec-exchange"
"OWLS","OBOOK HOLDINGS INC.","NASDAQ",NA,"lab.Unmapped","2026-09-20T13:30:43Z","sec-exchange"
"CIX","COMPX INTERNATIONAL INC","NYSE",NA,"lab.Unmapped","2026-09-20T13:30:43Z","sec-exchange"
"MEI","METHODE ELECTRONICS INC","NYSE",NA,"lab.Unmapped","2026-09-20T13:30:43Z","sec-exchange"
"FPI","Farmland Partners Inc.","NYSE",NA,"lab.Unmapped","2026-09-20T13:30:43Z","sec-exchange"
"GORO","Goldgroup Mining Inc.","NYSE",NA,"lab.Unmapped","2026-09-20T13:30:43Z","sec-exchange"
"ULH","UNIVERSAL LOGISTICS HOLDINGS, INC.","NASDAQ",NA,"lab.Unmapped","2026-09-20T13:30:43Z","sec-exchange"
"GTN","GRAY MEDIA, INC","NYSE",NA,"lab.Unmapped","2026-09-20T13:30:43Z","sec-exchange"
"GIW","GigCapital8 Corp.","NASDAQ",NA,"lab.Unmapped","2026-09-20T13:30:43Z","sec-exchange"
"SPIR","Spire Global, Inc.","NYSE",NA,"lab.Unmapped","2026-09-20T13:30:43Z","sec-exchange"
"BRTM","B&R Technology Merger Corp.","NASDAQ",NA,"lab.Unmapped","2026-09-20T13:30:43Z","sec-exchange"
"VCV","Invesco California Value Municipal Income Trust","NYSE",NA,"lab.Unmapped","2026-09-20T13:30:43Z","sec-exchange"
"SRTA","Strata Critical Medical, Inc.","NASDAQ",NA,"lab.Unmapped","2026-09-20T13:30:43Z","sec-exchange"
"GUG","Guggenheim Active Allocation Fund","NYSE",NA,"lab.Unmapped","2026-09-20T13:30:43Z","sec-exchange"
"PWRL","Powerlaw Corp.","NASDAQ",NA,"lab.Unmapped","2026-09-20T13:30:43Z","sec-exchange"
"BLW","BLACKROCK Ltd DURATION INCOME TRUST","NYSE",NA,"lab.Unmapped","2026-09-20T13:30:43Z","sec-exchange"
"GTEN","Gores Holdings X, Inc. / CI","NASDAQ",NA,"lab.Unmapped","2026-09-20T13:30:43Z","sec-exchange"
"IFN","ABERDEEN INDIA FUND, INC.","NYSE",NA,"lab.Unmapped","2026-09-20T13:30:43Z","sec-exchange"
"CRAN","Crane Harbor Acquisition Corp. II","NASDAQ",NA,"lab.Unmapped","2026-09-20T13:30:43Z","sec-exchange"
"VHI","VALHI INC /DE/","NYSE",NA,"lab.Unmapped","2026-09-20T13:30:43Z","sec-exchange"
"NRC","NRC HEALTH","NASDAQ",NA,"lab.Unmapped","2026-09-20T13:30:43Z","sec-exchange"
"CMCL","Caledonia Mining Corp Plc","NYSE",NA,"lab.Unmapped","2026-09-20T13:30:43Z","sec-exchange"
"HUYA","HUYA Inc.","NYSE",NA,"lab.Unmapped","2026-09-20T13:30:43Z","sec-exchange"
"EIM","Eaton Vance Municipal Bond Fund","NYSE",NA,"lab.Unmapped","2026-09-20T13:30:43Z","sec-exchange"
"EIKN","Eikon Therapeutics, Inc.","NASDAQ",NA,"lab.Unmapped","2026-09-20T13:30:43Z","sec-exchange"
"FISN","DEEP FISSION, INC.","NASDAQ",NA,"lab.Unmapped","2026-09-20T13:30:43Z","sec-exchange"
"ASTL","Algoma Steel Group Inc.","NASDAQ",NA,"lab.Unmapped","2026-09-20T13:30:43Z","sec-exchange"
"JOUT","JOHNSON OUTDOORS INC","NASDAQ",NA,"lab.Unmapped","2026-09-20T13:30:43Z","sec-exchange"
"SPCE","Virgin Galactic Holdings, Inc","NYSE",NA,"lab.Unmapped","2026-09-20T13:30:43Z","sec-exchange"
"CZNC","CITIZENS & NORTHERN CORP","NASDAQ",NA,"lab.Unmapped","2026-09-20T13:30:43Z","sec-exchange"
"APXT","Apex Treasury Corp","NASDAQ",NA,"lab.Unmapped","2026-09-20T13:30:43Z","sec-exchange"
"FWDI","Forward Industries, Inc.","NASDAQ",NA,"lab.Unmapped","2026-09-20T13:30:43Z","sec-exchange"
"CMCO","COLUMBUS MCKINNON CORP","NASDAQ",NA,"lab.Unmapped","2026-09-20T13:30:43Z","sec-exchange"
"MFI","mF International Ltd","NASDAQ",NA,"lab.Unmapped","2026-09-20T13:30:43Z","sec-exchange"
"BMRC","Bank of Marin Bancorp","NASDAQ",NA,"lab.Unmapped","2026-09-20T13:30:43Z","sec-exchange"
"MBUU","MALIBU BOATS, INC.","NASDAQ",NA,"lab.Unmapped","2026-09-20T13:30:43Z","sec-exchange"
"NGS","NATURAL GAS SERVICES GROUP INC","NYSE",NA,"lab.Unmapped","2026-09-20T13:30:43Z","sec-exchange"
"NKLR","Terra Innovatum Global N.V.","NASDAQ",NA,"lab.Unmapped","2026-09-20T13:30:43Z","sec-exchange"
"XRX","Xerox Holdings Corp","NASDAQ",NA,"lab.Unmapped","2026-09-20T13:30:43Z","sec-exchange"
"CCOI","COGENT COMMUNICATIONS HOLDINGS, INC.","NASDAQ",NA,"lab.Unmapped","2026-09-20T13:30:43Z","sec-exchange"
"NMAI","Nuveen Multi-Asset Income Fund","NYSE",NA,"lab.Unmapped","2026-09-20T13:30:43Z","sec-exchange"
"IDR","Idaho Strategic Resources, Inc.","NYSE",NA,"lab.Unmapped","2026-09-20T13:30:43Z","sec-exchange"
"LXFR","LUXFER HOLDINGS PLC","NYSE",NA,"lab.Unmapped","2026-09-20T13:30:43Z","sec-exchange"
"TWI","TITAN INTERNATIONAL INC","NYSE",NA,"lab.Unmapped","2026-09-20T13:30:43Z","sec-exchange"
"GHY","PGIM Global High Yield Fund, Inc.","NYSE",NA,"lab.Unmapped","2026-09-20T13:30:43Z","sec-exchange"
"BMBL","Bumble Inc.","NASDAQ",NA,"lab.Unmapped","2026-09-20T13:30:43Z","sec-exchange"
"AMSF","AMERISAFE INC","NASDAQ",NA,"lab.Unmapped","2026-09-20T13:30:43Z","sec-exchange"
"EVGO","EVgo Inc.","NASDAQ",NA,"lab.Unmapped","2026-09-20T13:30:43Z","sec-exchange"
"NMG","Nouveau Monde Graphite Inc.","NYSE",NA,"lab.Unmapped","2026-09-20T13:30:43Z","sec-exchange"
"ATNI","ATN International, Inc.","NASDAQ",NA,"lab.Unmapped","2026-09-20T13:30:43Z","sec-exchange"
"CWCO","Consolidated Water Co. Ltd.","NASDAQ",NA,"lab.Unmapped","2026-09-20T13:30:43Z","sec-exchange"
"ETB","Eaton Vance Tax-Managed Buy-Write Income Fund","NYSE",NA,"lab.Unmapped","2026-09-20T13:30:43Z","sec-exchange"
"RBB","RBB Bancorp","NASDAQ",NA,"lab.Unmapped","2026-09-20T13:30:43Z","sec-exchange"
"ALIT","Alight, Inc. / Delaware","NYSE",NA,"lab.Unmapped","2026-09-20T13:30:43Z","sec-exchange"
"ZKH","ZKH Group Ltd","NYSE",NA,"lab.Unmapped","2026-09-20T13:30:43Z","sec-exchange"
"MASS","908 Devices Inc.","NASDAQ",NA,"lab.Unmapped","2026-09-20T13:30:43Z","sec-exchange"
"RLMD","RELMADA THERAPEUTICS, INC.","NASDAQ",NA,"lab.Unmapped","2026-09-20T13:30:43Z","sec-exchange"
"CBK","Commercial Bancgroup, Inc.","NASDAQ",NA,"lab.Unmapped","2026-09-20T13:30:43Z","sec-exchange"
"ASIX","AdvanSix Inc.","NYSE",NA,"lab.Unmapped","2026-09-20T13:30:43Z","sec-exchange"
"SMC","Summit Midstream Corp","NYSE",NA,"lab.Unmapped","2026-09-20T13:30:43Z","sec-exchange"
"ADUR","ADURO CLEAN TECHNOLOGIES INC.","NASDAQ",NA,"lab.Unmapped","2026-09-20T13:30:43Z","sec-exchange"
"MTLS","MATERIALISE NV","NASDAQ",NA,"lab.Unmapped","2026-09-20T13:30:43Z","sec-exchange"
"IEAG","Infinite Eagle Acquisition Corp.","NASDAQ",NA,"lab.Unmapped","2026-09-20T13:30:43Z","sec-exchange"
"PHOE","Phoenix Asia Holdings Ltd","NASDAQ",NA,"lab.Unmapped","2026-09-20T13:30:43Z","sec-exchange"
"BGR","BlackRock Energy & Resources Trust","NYSE",NA,"lab.Unmapped","2026-09-20T13:30:43Z","sec-exchange"
"GLAD","GLADSTONE CAPITAL CORP","NASDAQ",NA,"lab.Unmapped","2026-09-20T13:30:43Z","sec-exchange"
"MEC","Mayville Engineering Company, Inc.","NYSE",NA,"lab.Unmapped","2026-09-20T13:30:43Z","sec-exchange"
"MCTA","Charming Medical Ltd","NASDAQ",NA,"lab.Unmapped","2026-09-20T13:30:43Z","sec-exchange"
"VVR","Invesco Senior Income Trust","NYSE",NA,"lab.Unmapped","2026-09-20T13:30:43Z","sec-exchange"
"KBON","Karbon Capital Partners Corp.","NASDAQ",NA,"lab.Unmapped","2026-09-20T13:30:43Z","sec-exchange"
"ACTG","ACACIA RESEARCH CORP","NASDAQ",NA,"lab.Unmapped","2026-09-20T13:30:43Z","sec-exchange"
"CBAN","COLONY BANKCORP INC","NYSE",NA,"lab.Unmapped","2026-09-20T13:30:43Z","sec-exchange"
"WCT","Wellchange Holdings Co Ltd","NASDAQ",NA,"lab.Unmapped","2026-09-20T13:30:43Z","sec-exchange"
"KREF","KKR Real Estate Finance Trust Inc.","NYSE",NA,"lab.Unmapped","2026-09-20T13:30:43Z","sec-exchange"
"MBVI","M3-Brigade Acquisition VI Corp.","NASDAQ",NA,"lab.Unmapped","2026-09-20T13:30:43Z","sec-exchange"
"CDRO","Codere Online Luxembourg, S.A.","NASDAQ",NA,"lab.Unmapped","2026-09-20T13:30:43Z","sec-exchange"
"SGHT","Sight Sciences, Inc.","NASDAQ",NA,"lab.Unmapped","2026-09-20T13:30:43Z","sec-exchange"
"KIO","KKR Income Opportunities Fund","NYSE",NA,"lab.Unmapped","2026-09-20T13:30:43Z","sec-exchange"
"PBFS","Pioneer Bancorp, Inc./MD","NASDAQ",NA,"lab.Unmapped","2026-09-20T13:30:43Z","sec-exchange"
"OXM","OXFORD INDUSTRIES INC","NYSE",NA,"lab.Unmapped","2026-09-20T13:30:43Z","sec-exchange"
"IRD","Opus Genetics, Inc.","NASDAQ",NA,"lab.Unmapped","2026-09-20T13:30:43Z","sec-exchange"
"ZURA","Zura Bio Ltd","NASDAQ",NA,"lab.Unmapped","2026-09-20T13:30:43Z","sec-exchange"
"LOCO","El Pollo Loco Holdings, Inc.","NASDAQ",NA,"lab.Unmapped","2026-09-20T13:30:43Z","sec-exchange"
"IACO","Idea Acquisition Corp.","NASDAQ",NA,"lab.Unmapped","2026-09-20T13:30:43Z","sec-exchange"
"EDIT","Editas Medicine, Inc.","NASDAQ",NA,"lab.Unmapped","2026-09-20T13:30:43Z","sec-exchange"
"PLBC","PLUMAS BANCORP","NASDAQ",NA,"lab.Unmapped","2026-09-20T13:30:43Z","sec-exchange"
"MESH","Meshflow Acquisition Corp","NASDAQ",NA,"lab.Unmapped","2026-09-20T13:30:43Z","sec-exchange"
"KYTX","Kyverna Therapeutics, Inc.","NASDAQ",NA,"lab.Unmapped","2026-09-20T13:30:43Z","sec-exchange"
"ADV","Advantage Solutions Inc.","NASDAQ",NA,"lab.Unmapped","2026-09-20T13:30:43Z","sec-exchange"
"ACIC","AMERICAN COASTAL INSURANCE Corp","NASDAQ",NA,"lab.Unmapped","2026-09-20T13:30:43Z","sec-exchange"
"PRTA","PROTHENA CORP PUBLIC LTD CO","NASDAQ",NA,"lab.Unmapped","2026-09-20T13:30:43Z","sec-exchange"
"TLNC","Talon Capital Corp.","NASDAQ",NA,"lab.Unmapped","2026-09-20T13:30:43Z","sec-exchange"
"CABA","Cabaletta Bio, Inc.","NASDAQ",NA,"lab.Unmapped","2026-09-20T13:30:43Z","sec-exchange"
"KRAQ","KRAKacquisition Corp","NASDAQ",NA,"lab.Unmapped","2026-09-20T13:30:43Z","sec-exchange"
"STRZ","STARZ ENTERTAINMENT CORP /CN/","NASDAQ",NA,"lab.Unmapped","2026-09-20T13:30:43Z","sec-exchange"
"TRC","TEJON RANCH CO","NYSE",NA,"lab.Unmapped","2026-09-20T13:30:43Z","sec-exchange"
"NPFD","Nuveen Variable Rate Preferred & Income Fund","NYSE",NA,"lab.Unmapped","2026-09-20T13:30:43Z","sec-exchange"
"WEYS","WEYCO GROUP INC","NASDAQ",NA,"lab.Unmapped","2026-09-20T13:30:43Z","sec-exchange"
"GNE","Genie Energy Ltd.","NYSE",NA,"lab.Unmapped","2026-09-20T13:30:43Z","sec-exchange"
"HVT","HAVERTY FURNITURE COMPANIES INC","NYSE",NA,"lab.Unmapped","2026-09-20T13:30:43Z","sec-exchange"
"ASPN","ASPEN AEROGELS INC","NYSE",NA,"lab.Unmapped","2026-09-20T13:30:43Z","sec-exchange"
"USCB","USCB FINANCIAL HOLDINGS, INC.","NASDAQ",NA,"lab.Unmapped","2026-09-20T13:30:43Z","sec-exchange"
"GLOO","Gloo Holdings, Inc.","NASDAQ",NA,"lab.Unmapped","2026-09-20T13:30:43Z","sec-exchange"
"PACB","PACIFIC BIOSCIENCES OF CALIFORNIA, INC.","NASDAQ",NA,"lab.Unmapped","2026-09-20T13:30:43Z","sec-exchange"
"GMTL","Guardian Metal Resources PLC","NYSE",NA,"lab.Unmapped","2026-09-20T13:30:43Z","sec-exchange"
"RLGT","RADIANT LOGISTICS, INC","NYSE",NA,"lab.Unmapped","2026-09-20T13:30:43Z","sec-exchange"
"TTRX","Turn Therapeutics Inc.","NASDAQ",NA,"lab.Unmapped","2026-09-20T13:30:43Z","sec-exchange"
"PTOR","Praetorian Acquisition Corp.","NASDAQ",NA,"lab.Unmapped","2026-09-20T13:30:43Z","sec-exchange"
"TRVG","trivago N.V.","NASDAQ",NA,"lab.Unmapped","2026-09-20T13:30:43Z","sec-exchange"
"EVH","Evolent Health, Inc.","NYSE",NA,"lab.Unmapped","2026-09-20T13:30:43Z","sec-exchange"
"JRI","Nuveen Real Asset Income & Growth Fund","NYSE",NA,"lab.Unmapped","2026-09-20T13:30:43Z","sec-exchange"
"HBB","Hamilton Beach Brands Holding Co","NYSE",NA,"lab.Unmapped","2026-09-20T13:30:43Z","sec-exchange"
"CGC","Canopy Growth Corp","NASDAQ",NA,"lab.Unmapped","2026-09-20T13:30:43Z","sec-exchange"
"CAL","CALERES INC","NYSE",NA,"lab.Unmapped","2026-09-20T13:30:43Z","sec-exchange"
"CLFD","Clearfield, Inc.","NASDAQ",NA,"lab.Unmapped","2026-09-20T13:30:43Z","sec-exchange"
"KRUS","KURA SUSHI USA, INC.","NASDAQ",NA,"lab.Unmapped","2026-09-20T13:30:43Z","sec-exchange"
"CCCC","C4 Therapeutics, Inc.","NASDAQ",NA,"lab.Unmapped","2026-09-20T13:30:43Z","sec-exchange"
"AVIR","Atea Pharmaceuticals, Inc.","NASDAQ",NA,"lab.Unmapped","2026-09-20T13:30:43Z","sec-exchange"
"HPS","JOHN HANCOCK PREFERRED INCOME FUND III","NYSE",NA,"lab.Unmapped","2026-09-20T13:30:43Z","sec-exchange"
"CARL","CARLSMED, INC.","NASDAQ",NA,"lab.Unmapped","2026-09-20T13:30:43Z","sec-exchange"
"SGU","STAR GROUP, L.P.","NYSE",NA,"lab.Unmapped","2026-09-20T13:30:43Z","sec-exchange"
"KFII","K&F GROWTH ACQUISITION CORP. II","NASDAQ",NA,"lab.Unmapped","2026-09-20T13:30:43Z","sec-exchange"
"MAGN","Magnera Corp","NYSE",NA,"lab.Unmapped","2026-09-20T13:30:43Z","sec-exchange"
"TRX","TRX GOLD Corp","NYSE",NA,"lab.Unmapped","2026-09-20T13:30:43Z","sec-exchange"
"ISTR","Investar Holding Corp","NASDAQ",NA,"lab.Unmapped","2026-09-20T13:30:43Z","sec-exchange"
"PRE","Prenetics Global Ltd","NASDAQ",NA,"lab.Unmapped","2026-09-20T13:30:43Z","sec-exchange"
"SHIP","Seanergy Maritime Holdings Corp.","NASDAQ",NA,"lab.Unmapped","2026-09-20T13:30:43Z","sec-exchange"
"SPRY","ARS Pharmaceuticals, Inc.","NASDAQ",NA,"lab.Unmapped","2026-09-20T13:30:43Z","sec-exchange"
"CLPT","ClearPoint Neuro, Inc.","NASDAQ",NA,"lab.Unmapped","2026-09-20T13:30:43Z","sec-exchange"
"CHCT","Community Healthcare Trust Inc","NYSE",NA,"lab.Unmapped","2026-09-20T13:30:43Z","sec-exchange"
"ECX","ECARX Holdings Inc.","NASDAQ",NA,"lab.Unmapped","2026-09-20T13:30:43Z","sec-exchange"
"BCCQ","Bleichroeder Acquisition Corp. III","NASDAQ",NA,"lab.Unmapped","2026-09-20T13:30:43Z","sec-exchange"
"ARTV","Artiva Biotherapeutics, Inc.","NASDAQ",NA,"lab.Unmapped","2026-09-20T13:30:43Z","sec-exchange"
"BOC","BOSTON OMAHA Corp","NYSE",NA,"lab.Unmapped","2026-09-20T13:30:43Z","sec-exchange"
"CPS","Cooper-Standard Holdings Inc.","NYSE",NA,"lab.Unmapped","2026-09-20T13:30:43Z","sec-exchange"
"LAND","GLADSTONE LAND Corp","NASDAQ",NA,"lab.Unmapped","2026-09-20T13:30:43Z","sec-exchange"
"AVBC","Avidia Bancorp, Inc.","NYSE",NA,"lab.Unmapped","2026-09-20T13:30:43Z","sec-exchange"
"FRPH","FRP HOLDINGS, INC.","NASDAQ",NA,"lab.Unmapped","2026-09-20T13:30:43Z","sec-exchange"
"CYH","COMMUNITY HEALTH SYSTEMS INC","NYSE",NA,"lab.Unmapped","2026-09-20T13:30:43Z","sec-exchange"
"CLBR","Colombier Acquisition Corp. III","NYSE",NA,"lab.Unmapped","2026-09-20T13:30:43Z","sec-exchange"
"EVN","Eaton Vance Municipal Income Trust","NYSE",NA,"lab.Unmapped","2026-09-20T13:30:43Z","sec-exchange"
"FINS","Angel Oak Financial Strategies Income Term Trust","NYSE",NA,"lab.Unmapped","2026-09-20T13:30:43Z","sec-exchange"
"RMNI","Rimini Street, Inc.","NASDAQ",NA,"lab.Unmapped","2026-09-20T13:30:43Z","sec-exchange"
"GBLI","Global Indemnity Group, LLC","NASDAQ",NA,"lab.Unmapped","2026-09-20T13:30:43Z","sec-exchange"
"CINT","CI&T Inc","NYSE",NA,"lab.Unmapped","2026-09-20T13:30:43Z","sec-exchange"
"SOHU","Sohu.com Ltd","NASDAQ",NA,"lab.Unmapped","2026-09-20T13:30:43Z","sec-exchange"
"DFP","Flaherty & Crumrine Dynamic Preferred & Income Fund Inc","NYSE",NA,"lab.Unmapped","2026-09-20T13:30:43Z","sec-exchange"
"CRAQ","Cal Redwood Acquisition Corp.","NASDAQ",NA,"lab.Unmapped","2026-09-20T13:30:43Z","sec-exchange"
"FCBM","First Carolina Financial Services, Inc.","NYSE",NA,"lab.Unmapped","2026-09-20T13:30:43Z","sec-exchange"
"ACCO","ACCO BRANDS Corp","NYSE",NA,"lab.Unmapped","2026-09-20T13:30:43Z","sec-exchange"
"OPTU","Optimum Communications, Inc.","NYSE",NA,"lab.Unmapped","2026-09-20T13:30:43Z","sec-exchange"
"AIOT","Powerfleet, Inc.","NASDAQ",NA,"lab.Unmapped","2026-09-20T13:30:43Z","sec-exchange"
"SWRD","Stewards, Inc.","NASDAQ",NA,"lab.Unmapped","2026-09-20T13:30:43Z","sec-exchange"
"OSPR","Osprey Acquisition Corp. III","NASDAQ",NA,"lab.Unmapped","2026-09-20T13:30:43Z","sec-exchange"
"NPAC","New Providence Acquisition Corp. III/Cayman","NASDAQ",NA,"lab.Unmapped","2026-09-20T13:30:43Z","sec-exchange"
"TKNO","Alpha Teknova, Inc.","NASDAQ",NA,"lab.Unmapped","2026-09-20T13:30:43Z","sec-exchange"
"LRMR","Larimar Therapeutics, Inc.","NASDAQ",NA,"lab.Unmapped","2026-09-20T13:30:43Z","sec-exchange"
"MVBF","MVB FINANCIAL CORP","NASDAQ",NA,"lab.Unmapped","2026-09-20T13:30:43Z","sec-exchange"
"NATH","NATHANS FAMOUS, INC.","NASDAQ",NA,"lab.Unmapped","2026-09-20T13:30:43Z","sec-exchange"
"NXG","NXG NextGen Infrastructure Income Fund","NYSE",NA,"lab.Unmapped","2026-09-20T13:30:43Z","sec-exchange"
"CHMG","CHEMUNG FINANCIAL CORP","NASDAQ",NA,"lab.Unmapped","2026-09-20T13:30:43Z","sec-exchange"
"OTLY","Oatly Group AB","NASDAQ",NA,"lab.Unmapped","2026-09-20T13:30:43Z","sec-exchange"
"PKBK","PARKE BANCORP, INC.","NASDAQ",NA,"lab.Unmapped","2026-09-20T13:30:43Z","sec-exchange"
"ALLT","Allot Ltd.","NASDAQ",NA,"lab.Unmapped","2026-09-20T13:30:43Z","sec-exchange"
"BTQ","BTQ Technologies Corp.","NASDAQ",NA,"lab.Unmapped","2026-09-20T13:30:43Z","sec-exchange"
"ISD","PGIM High Yield Bond Fund, Inc.","NYSE",NA,"lab.Unmapped","2026-09-20T13:30:43Z","sec-exchange"
"RTAC","Renatus Tactical Acquisition Corp I","NASDAQ",NA,"lab.Unmapped","2026-09-20T13:30:43Z","sec-exchange"
"FNLC","First Bancorp, Inc /ME/","NASDAQ",NA,"lab.Unmapped","2026-09-20T13:30:43Z","sec-exchange"
"FSTR","FOSTER L B CO","NASDAQ",NA,"lab.Unmapped","2026-09-20T13:30:43Z","sec-exchange"
"VOXR","VOX ROYALTY CORP.","NASDAQ",NA,"lab.Unmapped","2026-09-20T13:30:43Z","sec-exchange"
"AEF","abrdn Emerging Markets ex-China Fund, Inc.","NYSE",NA,"lab.Unmapped","2026-09-20T13:30:43Z","sec-exchange"
"GEVO","Gevo, Inc.","NASDAQ",NA,"lab.Unmapped","2026-09-20T13:30:43Z","sec-exchange"
"CZFS","CITIZENS FINANCIAL SERVICES INC","NASDAQ",NA,"lab.Unmapped","2026-09-20T13:30:43Z","sec-exchange"
"MYGN","MYRIAD GENETICS INC","NASDAQ",NA,"lab.Unmapped","2026-09-20T13:30:43Z","sec-exchange"
"PCAP","ProCap Acquisition Corp","NASDAQ",NA,"lab.Unmapped","2026-09-20T13:30:43Z","sec-exchange"
"SAAQ","Space Asset Acquisition Corp.","NASDAQ",NA,"lab.Unmapped","2026-09-20T13:30:43Z","sec-exchange"
"DGXX","Digi Power X Inc.","NASDAQ",NA,"lab.Unmapped","2026-09-20T13:30:43Z","sec-exchange"
"FRST","Primis Financial Corp.","NASDAQ",NA,"lab.Unmapped","2026-09-20T13:30:43Z","sec-exchange"
"ZKP","Lafayette Digital Acquisition Corp. I","NASDAQ",NA,"lab.Unmapped","2026-09-20T13:30:43Z","sec-exchange"
"TACO","Berto Acquisition Corp.","NASDAQ",NA,"lab.Unmapped","2026-09-20T13:30:43Z","sec-exchange"
"BBOT","BridgeBio Oncology Therapeutics, Inc.","NASDAQ",NA,"lab.Unmapped","2026-09-20T13:30:43Z","sec-exchange"
"RDAG","Republic Digital Acquisition Co","NASDAQ",NA,"lab.Unmapped","2026-09-20T13:30:43Z","sec-exchange"
"MCI","BARINGS CORPORATE INVESTORS","NYSE",NA,"lab.Unmapped","2026-09-20T13:30:43Z","sec-exchange"
"HFRO","HIGHLAND OPPORTUNITIES & INCOME FUND","NYSE",NA,"lab.Unmapped","2026-09-20T13:30:43Z","sec-exchange"
"BNTC","Benitec Biopharma Inc.","NASDAQ",NA,"lab.Unmapped","2026-09-20T13:30:43Z","sec-exchange"
"GUAC","Berto Acquisition Corp. II","NASDAQ",NA,"lab.Unmapped","2026-09-20T13:30:43Z","sec-exchange"
"REAX","Real REMAX Group Inc.","NASDAQ",NA,"lab.Unmapped","2026-09-20T13:30:43Z","sec-exchange"
"WENN","WEN Acquisition Corp","NASDAQ",NA,"lab.Unmapped","2026-09-20T13:30:43Z","sec-exchange"
"PCB","PCB BANCORP","NASDAQ",NA,"lab.Unmapped","2026-09-20T13:30:43Z","sec-exchange"
"MTAL","Metals Acquisition Corp. II","NYSE",NA,"lab.Unmapped","2026-09-20T13:30:43Z","sec-exchange"
"KNOP","KNOT Offshore Partners LP","NYSE",NA,"lab.Unmapped","2026-09-20T13:30:43Z","sec-exchange"
"RNGR","Ranger Energy Services, Inc.","NYSE",NA,"lab.Unmapped","2026-09-20T13:30:43Z","sec-exchange"
"SFIX","Stitch Fix, Inc.","NASDAQ",NA,"lab.Unmapped","2026-09-20T13:30:43Z","sec-exchange"
"ORBS","Eightco Holdings Inc.","NASDAQ",NA,"lab.Unmapped","2026-09-20T13:30:43Z","sec-exchange"
"HTT","High Templar Tech Ltd","NYSE",NA,"lab.Unmapped","2026-09-20T13:30:43Z","sec-exchange"
"AUNA","AUNA S.A.","NYSE",NA,"lab.Unmapped","2026-09-20T13:30:43Z","sec-exchange"
"DSC","DSC Holdings Ltd.","NASDAQ",NA,"lab.Unmapped","2026-09-20T13:30:43Z","sec-exchange"
"RCKT","ROCKET PHARMACEUTICALS, INC.","NASDAQ",NA,"lab.Unmapped","2026-09-20T13:30:43Z","sec-exchange"
"AXG","Solowin Holdings, Ltd.","NASDAQ",NA,"lab.Unmapped","2026-09-20T13:30:43Z","sec-exchange"
"MNRO","MONRO, INC.","NASDAQ",NA,"lab.Unmapped","2026-09-20T13:30:43Z","sec-exchange"
"DSX","DIANA SHIPPING INC.","NYSE",NA,"lab.Unmapped","2026-09-20T13:30:43Z","sec-exchange"
"IHRT","iHeartMedia, Inc.","NASDAQ",NA,"lab.Unmapped","2026-09-20T13:30:43Z","sec-exchange"
"CCCT","Columbus Circle Capital Corp III","NASDAQ",NA,"lab.Unmapped","2026-09-20T13:30:43Z","sec-exchange"
"SDHY","PGIM Short Duration High Yield Opportunities Fund","NYSE",NA,"lab.Unmapped","2026-09-20T13:30:43Z","sec-exchange"
"PPHC","Public Policy Holding Company, Inc.","NASDAQ",NA,"lab.Unmapped","2026-09-20T13:30:43Z","sec-exchange"
"RR","RICHTECH ROBOTICS INC.","NASDAQ",NA,"lab.Unmapped","2026-09-20T13:30:43Z","sec-exchange"
"NREF","NexPoint Real Estate Finance, Inc.","NYSE",NA,"lab.Unmapped","2026-09-20T13:30:43Z","sec-exchange"
"YICC","Yorkville International Capital Corp.","NASDAQ",NA,"lab.Unmapped","2026-09-20T13:30:43Z","sec-exchange"
"REI","RING ENERGY, INC.","NYSE",NA,"lab.Unmapped","2026-09-20T13:30:43Z","sec-exchange"
"KEYY","Keystone Acquisition Corp.","NASDAQ",NA,"lab.Unmapped","2026-09-20T13:30:43Z","sec-exchange"
"NWFL","NORWOOD FINANCIAL CORP","NASDAQ",NA,"lab.Unmapped","2026-09-20T13:30:43Z","sec-exchange"
"PESI","PERMA FIX ENVIRONMENTAL SERVICES INC","NASDAQ",NA,"lab.Unmapped","2026-09-20T13:30:43Z","sec-exchange"
"VKI","Invesco Advantage Municipal Income Trust II","NYSE",NA,"lab.Unmapped","2026-09-20T13:30:43Z","sec-exchange"
"QNC","Quantum eMotion Corp","NYSE",NA,"lab.Unmapped","2026-09-20T13:30:43Z","sec-exchange"
"FENC","FENNEC PHARMACEUTICALS INC.","NASDAQ",NA,"lab.Unmapped","2026-09-20T13:30:43Z","sec-exchange"
"IMXI","International Money Express, Inc.","NASDAQ",NA,"lab.Unmapped","2026-09-20T13:30:43Z","sec-exchange"
"SWMR","Swarmer, Inc","NASDAQ",NA,"lab.Unmapped","2026-09-20T13:30:43Z","sec-exchange"
"RZLT","Rezolute, Inc.","NASDAQ",NA,"lab.Unmapped","2026-09-20T13:30:43Z","sec-exchange"
"HACQ","HCM IV Acquisition Corp.","NASDAQ",NA,"lab.Unmapped","2026-09-20T13:30:43Z","sec-exchange"
"NECB","NorthEast Community Bancorp, Inc./MD/","NASDAQ",NA,"lab.Unmapped","2026-09-20T13:30:43Z","sec-exchange"
"BIOA","BioAge Labs, Inc.","NASDAQ",NA,"lab.Unmapped","2026-09-20T13:30:43Z","sec-exchange"
"MZYX","MOZAYYX Acquisition Corp.","NYSE",NA,"lab.Unmapped","2026-09-20T13:30:43Z","sec-exchange"
"ALOV","Aldabra 4 Liquidity Opportunity Vehicle, Inc.","NASDAQ",NA,"lab.Unmapped","2026-09-20T13:30:43Z","sec-exchange"
"CLNE","Clean Energy Fuels Corp.","NASDAQ",NA,"lab.Unmapped","2026-09-20T13:30:43Z","sec-exchange"
"GALT","GALECTIN THERAPEUTICS INC","NASDAQ",NA,"lab.Unmapped","2026-09-20T13:30:43Z","sec-exchange"
"SERV","Serve Robotics Inc. /DE/","NASDAQ",NA,"lab.Unmapped","2026-09-20T13:30:43Z","sec-exchange"
"SLP","Simulations Plus, Inc.","NASDAQ",NA,"lab.Unmapped","2026-09-20T13:30:43Z","sec-exchange"
"CCAP","Crescent Capital BDC, Inc.","NASDAQ",NA,"lab.Unmapped","2026-09-20T13:30:43Z","sec-exchange"
"DMAC","DiaMedica Therapeutics Inc.","NASDAQ",NA,"lab.Unmapped","2026-09-20T13:30:43Z","sec-exchange"
"BNED","Barnes & Noble Education, Inc.","NYSE",NA,"lab.Unmapped","2026-09-20T13:30:43Z","sec-exchange"
"FVAV","Fortress Value Acquisition Corp. V","NASDAQ",NA,"lab.Unmapped","2026-09-20T13:30:43Z","sec-exchange"
"WSBF","Waterstone Financial, Inc.","NASDAQ",NA,"lab.Unmapped","2026-09-20T13:30:43Z","sec-exchange"
"WDH","Waterdrop Inc.","NYSE",NA,"lab.Unmapped","2026-09-20T13:30:43Z","sec-exchange"
"FDMM","Freedom Metals Acquisition Corp.","NASDAQ",NA,"lab.Unmapped","2026-09-20T13:30:43Z","sec-exchange"
"LWAY","Lifeway Foods, Inc.","NASDAQ",NA,"lab.Unmapped","2026-09-20T13:30:43Z","sec-exchange"
"CWH","Camping World Holdings, Inc.","NYSE",NA,"lab.Unmapped","2026-09-20T13:30:43Z","sec-exchange"
"TREE","LendingTree, Inc.","NASDAQ",NA,"lab.Unmapped","2026-09-20T13:30:43Z","sec-exchange"
"FCRS","FutureCrest Acquisition Corp.","NYSE",NA,"lab.Unmapped","2026-09-20T13:30:43Z","sec-exchange"
"ENTA","ENANTA PHARMACEUTICALS INC","NASDAQ",NA,"lab.Unmapped","2026-09-20T13:30:43Z","sec-exchange"
"GSRV","GSR V Acquisition Corp.","NASDAQ",NA,"lab.Unmapped","2026-09-20T13:30:43Z","sec-exchange"
"SI","SHOULDER INNOVATIONS, INC.","NYSE",NA,"lab.Unmapped","2026-09-20T13:30:43Z","sec-exchange"
"OPRT","Oportun Financial Corp","NASDAQ",NA,"lab.Unmapped","2026-09-20T13:30:43Z","sec-exchange"
"GIX","GigCapital9 Corp.","NASDAQ",NA,"lab.Unmapped","2026-09-20T13:30:43Z","sec-exchange"
"SDHI","Siddhi Acquisition Corp (Cayman Islands)","NASDAQ",NA,"lab.Unmapped","2026-09-20T13:30:43Z","sec-exchange"
"CRNC","Cerence Inc.","NASDAQ",NA,"lab.Unmapped","2026-09-20T13:30:43Z","sec-exchange"
"CNCK","Coincheck Group N.V.","NASDAQ",NA,"lab.Unmapped","2026-09-20T13:30:43Z","sec-exchange"
"GTE","GRAN TIERRA ENERGY INC.","NYSE",NA,"lab.Unmapped","2026-09-20T13:30:43Z","sec-exchange"
"ORN","Orion Group Holdings Inc","NYSE",NA,"lab.Unmapped","2026-09-20T13:30:43Z","sec-exchange"
"EAD","ALLSPRING INCOME OPPORTUNITIES FUND","NYSE",NA,"lab.Unmapped","2026-09-20T13:30:43Z","sec-exchange"
"OIM","OneIM Acquisition Corp.","NASDAQ",NA,"lab.Unmapped","2026-09-20T13:30:43Z","sec-exchange"
"GASS","StealthGas Inc.","NASDAQ",NA,"lab.Unmapped","2026-09-20T13:30:43Z","sec-exchange"
"GBAB","Guggenheim Taxable Municipal Bond & Investment Grade Debt Trust","NYSE",NA,"lab.Unmapped","2026-09-20T13:30:43Z","sec-exchange"
"LEO","BNY MELLON STRATEGIC MUNICIPALS, INC.","NYSE",NA,"lab.Unmapped","2026-09-20T13:30:43Z","sec-exchange"
"ARTNA","ARTESIAN RESOURCES CORP","NASDAQ",NA,"lab.Unmapped","2026-09-20T13:30:43Z","sec-exchange"
"ALUB","Alussa Energy Acquisition Corp. II","NYSE",NA,"lab.Unmapped","2026-09-20T13:30:43Z","sec-exchange"
"PERI","Perion Network Ltd.","NASDAQ",NA,"lab.Unmapped","2026-09-20T13:30:43Z","sec-exchange"
"GCO","GENESCO INC","NYSE",NA,"lab.Unmapped","2026-09-20T13:30:43Z","sec-exchange"
"SHOE","SHOE STATION GROUP INC","NASDAQ",NA,"lab.Unmapped","2026-09-20T13:30:43Z","sec-exchange"
"TSBK","TIMBERLAND BANCORP INC","NASDAQ",NA,"lab.Unmapped","2026-09-20T13:30:43Z","sec-exchange"
"OPI","OFFICE PROPERTIES INCOME TRUST","NASDAQ",NA,"lab.Unmapped","2026-09-20T13:30:43Z","sec-exchange"
"TACH","Titan Acquisition Corp.","NASDAQ",NA,"lab.Unmapped","2026-09-20T13:30:43Z","sec-exchange"
"VALU","VALUE LINE INC","NASDAQ",NA,"lab.Unmapped","2026-09-20T13:30:43Z","sec-exchange"
"OTGA","OTG Acquisition Corp. I","NASDAQ",NA,"lab.Unmapped","2026-09-20T13:30:43Z","sec-exchange"
"MRAM","EVERSPIN TECHNOLOGIES INC.","NASDAQ",NA,"lab.Unmapped","2026-09-20T13:30:43Z","sec-exchange"
"LSAK","LESAKA TECHNOLOGIES INC","NASDAQ",NA,"lab.Unmapped","2026-09-20T13:30:43Z","sec-exchange"
"TCI","TRANSCONTINENTAL REALTY INVESTORS INC","NYSE",NA,"lab.Unmapped","2026-09-20T13:30:43Z","sec-exchange"
"TWIN","TWIN DISC INC","NASDAQ",NA,"lab.Unmapped","2026-09-20T13:30:43Z","sec-exchange"
"MOBI","Mobia Medical, Inc.","NASDAQ",NA,"lab.Unmapped","2026-09-20T13:30:43Z","sec-exchange"
"CION","CION Investment Corp","NYSE",NA,"lab.Unmapped","2026-09-20T13:30:43Z","sec-exchange"
"PFL","PIMCO INCOME STRATEGY FUND","NYSE",NA,"lab.Unmapped","2026-09-20T13:30:43Z","sec-exchange"
"PRLD","Prelude Therapeutics Inc","NASDAQ",NA,"lab.Unmapped","2026-09-20T13:30:43Z","sec-exchange"
"ERII","Energy Recovery, Inc.","NASDAQ",NA,"lab.Unmapped","2026-09-20T13:30:43Z","sec-exchange"
"JILL","J.Jill, Inc.","NYSE",NA,"lab.Unmapped","2026-09-20T13:30:43Z","sec-exchange"
"KCHV","Kochav Defense Acquisition Corp.","NASDAQ",NA,"lab.Unmapped","2026-09-20T13:30:43Z","sec-exchange"
"BRBS","BLUE RIDGE BANKSHARES, INC.","NYSE",NA,"lab.Unmapped","2026-09-20T13:30:43Z","sec-exchange"
"CCII","Cohen Circle Acquisition Corp. II","NASDAQ",NA,"lab.Unmapped","2026-09-20T13:30:43Z","sec-exchange"
"GRRR","Gorilla Technology Group Inc.","NASDAQ",NA,"lab.Unmapped","2026-09-20T13:30:43Z","sec-exchange"
"ACAA","Averin Capital Acquisition Corp.","NASDAQ",NA,"lab.Unmapped","2026-09-20T13:30:43Z","sec-exchange"
"ARCI","Archimedes Tech SPAC Partners III Co.","NASDAQ",NA,"lab.Unmapped","2026-09-20T13:30:43Z","sec-exchange"
"AMAC","AMR Resources Acquisition Corp.","NASDAQ",NA,"lab.Unmapped","2026-09-20T13:30:43Z","sec-exchange"
"SOUL","Soulpower Acquisition Corp.","NYSE",NA,"lab.Unmapped","2026-09-20T13:30:43Z","sec-exchange"
"HCIC","Hennessy Capital Investment Corp. VIII","NASDAQ",NA,"lab.Unmapped","2026-09-20T13:30:43Z","sec-exchange"
"DIN","Dine Brands Global, Inc.","NYSE",NA,"lab.Unmapped","2026-09-20T13:30:43Z","sec-exchange"
"EH","EHang Holdings Ltd","NASDAQ",NA,"lab.Unmapped","2026-09-20T13:30:43Z","sec-exchange"
"PAII","Pyrophyte Acquisition Corp. II","NYSE",NA,"lab.Unmapped","2026-09-20T13:30:43Z","sec-exchange"
"BDCI","BTC Development Corp.","NASDAQ",NA,"lab.Unmapped","2026-09-20T13:30:43Z","sec-exchange"
"MIY","BLACKROCK MUNIYIELD MICHIGAN QUALITY FUND, INC.","NYSE",NA,"lab.Unmapped","2026-09-20T13:30:43Z","sec-exchange"
"VELO","Velo3D, Inc.","NASDAQ",NA,"lab.Unmapped","2026-09-20T13:30:43Z","sec-exchange"
"OBIO","Orchestra BioMed Holdings, Inc.","NASDAQ",NA,"lab.Unmapped","2026-09-20T13:30:43Z","sec-exchange"
"VFF","Village Farms International, Inc.","NASDAQ",NA,"lab.Unmapped","2026-09-20T13:30:43Z","sec-exchange"
"OYSE","Oyster Enterprises II Acquisition Corp","NASDAQ",NA,"lab.Unmapped","2026-09-20T13:30:43Z","sec-exchange"
"EBS","Emergent BioSolutions Inc.","NYSE",NA,"lab.Unmapped","2026-09-20T13:30:43Z","sec-exchange"
"AXIN","Axiom Intelligence Acquisition Corp 1","NASDAQ",NA,"lab.Unmapped","2026-09-20T13:30:43Z","sec-exchange"
"BLZR","Trailblazer Acquisition Corp.","NASDAQ",NA,"lab.Unmapped","2026-09-20T13:30:43Z","sec-exchange"
"SBXE","SilverBox Corp V","NYSE",NA,"lab.Unmapped","2026-09-20T13:30:43Z","sec-exchange"
"OFIX","Orthofix Medical Inc.","NASDAQ",NA,"lab.Unmapped","2026-09-20T13:30:43Z","sec-exchange"
"FOF","Cohen & Steers Closed-End Opportunity Fund, Inc.","NYSE",NA,"lab.Unmapped","2026-09-20T13:30:43Z","sec-exchange"
"CURR","Currenc Group Inc.","NASDAQ",NA,"lab.Unmapped","2026-09-20T13:30:43Z","sec-exchange"
"FSBW","FS Bancorp, Inc.","NASDAQ",NA,"lab.Unmapped","2026-09-20T13:30:43Z","sec-exchange"
"SCD","LMP CAPITAL & INCOME FUND INC.","NYSE",NA,"lab.Unmapped","2026-09-20T13:30:43Z","sec-exchange"
"MYN","BLACKROCK MUNIYIELD NEW YORK QUALITY FUND, INC.","NYSE",NA,"lab.Unmapped","2026-09-20T13:30:43Z","sec-exchange"
"SORN","Soren Acquisition Corp.","NASDAQ",NA,"lab.Unmapped","2026-09-20T13:30:43Z","sec-exchange"
"HCMA","HCM III ACQUISITION CORP.","NASDAQ",NA,"lab.Unmapped","2026-09-20T13:30:43Z","sec-exchange"
"CVEO","Civeo Corp","NYSE",NA,"lab.Unmapped","2026-09-20T13:30:43Z","sec-exchange"
"JONE","Jones Ventures INTL Acquisition1 Corp","NASDAQ",NA,"lab.Unmapped","2026-09-20T13:30:43Z","sec-exchange"
"NOA","North American Construction Group Ltd.","NYSE",NA,"lab.Unmapped","2026-09-20T13:30:43Z","sec-exchange"
"TWFG","TWFG, Inc.","NASDAQ",NA,"lab.Unmapped","2026-09-20T13:30:43Z","sec-exchange"
"OCGN","Ocugen, Inc.","NASDAQ",NA,"lab.Unmapped","2026-09-20T13:30:43Z","sec-exchange"
"DSAC","Daedalus Special Acquisition Corp.","NASDAQ",NA,"lab.Unmapped","2026-09-20T13:30:43Z","sec-exchange"
"NEWT","NewtekOne, Inc.","NASDAQ",NA,"lab.Unmapped","2026-09-20T13:30:43Z","sec-exchange"
"LZM","Lifezone Metals Ltd","NYSE",NA,"lab.Unmapped","2026-09-20T13:30:43Z","sec-exchange"
"RPAY","Repay Holdings Corp","NASDAQ",NA,"lab.Unmapped","2026-09-20T13:30:43Z","sec-exchange"
"NAN","NUVEEN NEW YORK QUALITY MUNICIPAL INCOME FUND","NYSE",NA,"lab.Unmapped","2026-09-20T13:30:43Z","sec-exchange"
"API","Agora, Inc.","NASDAQ",NA,"lab.Unmapped","2026-09-20T13:30:43Z","sec-exchange"
"AVBH","Avidbank Holdings, Inc.","NASDAQ",NA,"lab.Unmapped","2026-09-20T13:30:43Z","sec-exchange"
"AIV","APARTMENT INVESTMENT & MANAGEMENT CO","NYSE",NA,"lab.Unmapped","2026-09-20T13:30:43Z","sec-exchange"
"FBYD","Falcon's Beyond Global, Inc.","NASDAQ",NA,"lab.Unmapped","2026-09-20T13:30:43Z","sec-exchange"
"PACK","Ranpak Holdings Corp.","NYSE",NA,"lab.Unmapped","2026-09-20T13:30:43Z","sec-exchange"
"XFOR","X4 Pharmaceuticals, Inc","NASDAQ",NA,"lab.Unmapped","2026-09-20T13:30:43Z","sec-exchange"
"LXEO","Lexeo Therapeutics, Inc.","NASDAQ",NA,"lab.Unmapped","2026-09-20T13:30:43Z","sec-exchange"
"ELA","Envela Corp","NYSE",NA,"lab.Unmapped","2026-09-20T13:30:43Z","sec-exchange"
"SUPX","SuperX AI Technology Ltd","NASDAQ",NA,"lab.Unmapped","2026-09-20T13:30:43Z","sec-exchange"
"EVMN","Evommune, Inc.","NYSE",NA,"lab.Unmapped","2026-09-20T13:30:43Z","sec-exchange"
"RFAI","RF Acquisition Corp II","NASDAQ",NA,"lab.Unmapped","2026-09-20T13:30:43Z","sec-exchange"
"AACI","Armada Acquisition Corp. III","NASDAQ",NA,"lab.Unmapped","2026-09-20T13:30:43Z","sec-exchange"
"CLW","Clearwater Paper Corp","NYSE",NA,"lab.Unmapped","2026-09-20T13:30:43Z","sec-exchange"
"RCEL","AVITA Medical, Inc.","NASDAQ",NA,"lab.Unmapped","2026-09-20T13:30:43Z","sec-exchange"
"BEAG","Bold Eagle Acquisition Corp.","NASDAQ",NA,"lab.Unmapped","2026-09-20T13:30:43Z","sec-exchange"
"CMPX","Compass Therapeutics, Inc.","NASDAQ",NA,"lab.Unmapped","2026-09-20T13:30:43Z","sec-exchange"
"VMD","VIEMED HEALTHCARE, INC.","NASDAQ",NA,"lab.Unmapped","2026-09-20T13:30:43Z","sec-exchange"
"ARQQ","Arqit Quantum Inc.","NASDAQ",NA,"lab.Unmapped","2026-09-20T13:30:43Z","sec-exchange"
"CGCF","Cartesian Growth Corp IV","NASDAQ",NA,"lab.Unmapped","2026-09-20T13:30:43Z","sec-exchange"
"BKKT","Bakkt, Inc.","NYSE",NA,"lab.Unmapped","2026-09-20T13:30:43Z","sec-exchange"
"GOGO","Gogo Inc.","NASDAQ",NA,"lab.Unmapped","2026-09-20T13:30:43Z","sec-exchange"
"AWP","abrdn Global Premier Properties Fund","NYSE",NA,"lab.Unmapped","2026-09-20T13:30:43Z","sec-exchange"
"HIX","WESTERN ASSET HIGH INCOME FUND II INC.","NYSE",NA,"lab.Unmapped","2026-09-20T13:30:43Z","sec-exchange"
"CAII","Collective Acquisition Corp. II","NASDAQ",NA,"lab.Unmapped","2026-09-20T13:30:43Z","sec-exchange"
"IPFX","Inflection Point Acquisition Corp. VI","NASDAQ",NA,"lab.Unmapped","2026-09-20T13:30:43Z","sec-exchange"
"FOSL","Fossil Group, Inc.","NASDAQ",NA,"lab.Unmapped","2026-09-20T13:30:43Z","sec-exchange"
"CYPH","CYPHERPUNK TECHNOLOGIES INC.","NASDAQ",NA,"lab.Unmapped","2026-09-20T13:30:43Z","sec-exchange"
"IPSC","Century Therapeutics, Inc.","NASDAQ",NA,"lab.Unmapped","2026-09-20T13:30:43Z","sec-exchange"
"PINE","Alpine Income Property Trust, Inc.","NYSE",NA,"lab.Unmapped","2026-09-20T13:30:43Z","sec-exchange"
"OPAL","OPAL Fuels Inc.","NASDAQ",NA,"lab.Unmapped","2026-09-20T13:30:43Z","sec-exchange"
"TCPC","BlackRock TCP Capital Corp.","NASDAQ",NA,"lab.Unmapped","2026-09-20T13:30:43Z","sec-exchange"
"JGH","Nuveen Global High Income Fund","NYSE",NA,"lab.Unmapped","2026-09-20T13:30:43Z","sec-exchange"
"SION","Sionna Therapeutics, Inc.","NASDAQ",NA,"lab.Unmapped","2026-09-20T13:30:43Z","sec-exchange"
"FLXS","FLEXSTEEL INDUSTRIES INC","NASDAQ",NA,"lab.Unmapped","2026-09-20T13:30:43Z","sec-exchange"
"SPXX","Nuveen S&P 500 Dynamic Overwrite Fund","NYSE",NA,"lab.Unmapped","2026-09-20T13:30:43Z","sec-exchange"
"BLUW","Blue Water Acquisition Corp. III","NASDAQ",NA,"lab.Unmapped","2026-09-20T13:30:43Z","sec-exchange"
"PNRG","PRIMEENERGY RESOURCES CORP","NASDAQ",NA,"lab.Unmapped","2026-09-20T13:30:43Z","sec-exchange"
"EMF","TEMPLETON EMERGING MARKETS FUND","NYSE",NA,"lab.Unmapped","2026-09-20T13:30:43Z","sec-exchange"
"IA","INNOVATIVE SOLUTIONS & SUPPORT INC","NASDAQ",NA,"lab.Unmapped","2026-09-20T13:30:43Z","sec-exchange"
"FIP","FTAI Infrastructure Inc.","NASDAQ",NA,"lab.Unmapped","2026-09-20T13:30:43Z","sec-exchange"
"XRPN","Armada Acquisition Corp. II","NASDAQ",NA,"lab.Unmapped","2026-09-20T13:30:43Z","sec-exchange"
"SNDL","SNDL Inc.","NASDAQ",NA,"lab.Unmapped","2026-09-20T13:30:43Z","sec-exchange"
"SUJA","SUJA LIFE, INC.","NASDAQ",NA,"lab.Unmapped","2026-09-20T13:30:43Z","sec-exchange"
"BCML","BayCom Corp","NASDAQ",NA,"lab.Unmapped","2026-09-20T13:30:43Z","sec-exchange"
"KTF","DWS MUNICIPAL INCOME TRUST","NYSE",NA,"lab.Unmapped","2026-09-20T13:30:43Z","sec-exchange"
"OEC","Orion S.A.","NYSE",NA,"lab.Unmapped","2026-09-20T13:30:43Z","sec-exchange"
"RREV","RRE Ventures Acquisition Corp.","NASDAQ",NA,"lab.Unmapped","2026-09-20T13:30:43Z","sec-exchange"
"FERA","Fifth Era Acquisition Corp I","NASDAQ",NA,"lab.Unmapped","2026-09-20T13:30:43Z","sec-exchange"
"FVCB","FVCBankcorp, Inc.","NASDAQ",NA,"lab.Unmapped","2026-09-20T13:30:43Z","sec-exchange"
"RCKY","ROCKY BRANDS, INC.","NASDAQ",NA,"lab.Unmapped","2026-09-20T13:30:43Z","sec-exchange"
"PSFE","Paysafe Ltd","NYSE",NA,"lab.Unmapped","2026-09-20T13:30:43Z","sec-exchange"
"AGEN","AGENUS INC","NASDAQ",NA,"lab.Unmapped","2026-09-20T13:30:43Z","sec-exchange"
"SZZL","Sizzle Acquisition Corp. II","NASDAQ",NA,"lab.Unmapped","2026-09-20T13:30:43Z","sec-exchange"
"JMSB","John Marshall Bancorp, Inc.","NASDAQ",NA,"lab.Unmapped","2026-09-20T13:30:43Z","sec-exchange"
"DRDB","Roman DBDR Acquisition Corp. II","NASDAQ",NA,"lab.Unmapped","2026-09-20T13:30:43Z","sec-exchange"
"OBA","Oxley Bridge Acquisition Ltd","NASDAQ",NA,"lab.Unmapped","2026-09-20T13:30:43Z","sec-exchange"
"PACH","Pioneer Acquisition I Corp","NASDAQ",NA,"lab.Unmapped","2026-09-20T13:30:43Z","sec-exchange"
"NNDM","Nano Dimension Ltd.","NASDAQ",NA,"lab.Unmapped","2026-09-20T13:30:43Z","sec-exchange"
"TMCR","Metals Royalty Co Inc.","NASDAQ",NA,"lab.Unmapped","2026-09-20T13:30:43Z","sec-exchange"
"CEPV","Cantor Equity Partners V, Inc.","NASDAQ",NA,"lab.Unmapped","2026-09-20T13:30:43Z","sec-exchange"
"HLLY","Holley Inc.","NYSE",NA,"lab.Unmapped","2026-09-20T13:30:43Z","sec-exchange"
"COSO","CoastalSouth Bancshares, Inc.","NYSE",NA,"lab.Unmapped","2026-09-20T13:30:43Z","sec-exchange"
"NXH","NEIGHBORHOOD INTELLIGENCE, INC.","NASDAQ",NA,"lab.Unmapped","2026-09-20T13:30:43Z","sec-exchange"
"CATX","Perspective Therapeutics, Inc.","NYSE",NA,"lab.Unmapped","2026-09-20T13:30:43Z","sec-exchange"
"MOVE","Corvex, Inc.","NASDAQ",NA,"lab.Unmapped","2026-09-20T13:30:43Z","sec-exchange"
"ELVA","Electrovaya Inc.","NASDAQ",NA,"lab.Unmapped","2026-09-20T13:30:43Z","sec-exchange"
"MPTI","M-tron Industries, Inc.","NYSE",NA,"lab.Unmapped","2026-09-20T13:30:43Z","sec-exchange"
"EYPT","EyePoint, Inc.","NASDAQ",NA,"lab.Unmapped","2026-09-20T13:30:43Z","sec-exchange"
"RMR","RMR GROUP INC.","NASDAQ",NA,"lab.Unmapped","2026-09-20T13:30:43Z","sec-exchange"
"LDI","loanDepot, Inc.","NYSE",NA,"lab.Unmapped","2026-09-20T13:30:43Z","sec-exchange"
"EVOX","Evolution Global Acquisition Corp","NASDAQ",NA,"lab.Unmapped","2026-09-20T13:30:43Z","sec-exchange"
"TDUP","ThredUp Inc.","NASDAQ",NA,"lab.Unmapped","2026-09-20T13:30:43Z","sec-exchange"
"KOYN","CSLM Digital Asset Acquisition Corp III, Ltd","NASDAQ",NA,"lab.Unmapped","2026-09-20T13:30:43Z","sec-exchange"
"SMTI","Sanara MedTech Inc.","NASDAQ",NA,"lab.Unmapped","2026-09-20T13:30:43Z","sec-exchange"
"ALDF","Aldel Financial II Inc.","NASDAQ",NA,"lab.Unmapped","2026-09-20T13:30:43Z","sec-exchange"
"IACQ","Irenic Acquisition Corp.","NASDAQ",NA,"lab.Unmapped","2026-09-20T13:30:43Z","sec-exchange"
"QTTB","Q32 Bio Inc.","NASDAQ",NA,"lab.Unmapped","2026-09-20T13:30:43Z","sec-exchange"
"PMTR","Perimeter Acquisition Corp. I","NASDAQ",NA,"lab.Unmapped","2026-09-20T13:30:43Z","sec-exchange"
"CAES","Cantor Equity Partners VII, Inc.","NASDAQ",NA,"lab.Unmapped","2026-09-20T13:30:43Z","sec-exchange"
"BBW","BUILD-A-BEAR WORKSHOP INC","NYSE",NA,"lab.Unmapped","2026-09-20T13:30:43Z","sec-exchange"
"IKT","Inhibikase Therapeutics, Inc.","NASDAQ",NA,"lab.Unmapped","2026-09-20T13:30:43Z","sec-exchange"
"FTW","PRESIDIO PRODUCTION Co","NYSE",NA,"lab.Unmapped","2026-09-20T13:30:43Z","sec-exchange"
"PSBD","Palmer Square Capital BDC Inc.","NYSE",NA,"lab.Unmapped","2026-09-20T13:30:43Z","sec-exchange"
"BGT","BLACKROCK FLOATING RATE INCOME TRUST","NYSE",NA,"lab.Unmapped","2026-09-20T13:30:43Z","sec-exchange"
"CD","Chaince Digital Holdings Inc.","NASDAQ",NA,"lab.Unmapped","2026-09-20T13:30:43Z","sec-exchange"
"RNGT","Range Capital Acquisition Corp II","NASDAQ",NA,"lab.Unmapped","2026-09-20T13:30:43Z","sec-exchange"
"BRW","Saba Capital Income & Opportunities Fund","NYSE",NA,"lab.Unmapped","2026-09-20T13:30:43Z","sec-exchange"
"JACS","Jackson Acquisition Co II","NYSE",NA,"lab.Unmapped","2026-09-20T13:30:43Z","sec-exchange"
"ASG","LIBERTY ALL STAR GROWTH FUND INC.","NYSE",NA,"lab.Unmapped","2026-09-20T13:30:43Z","sec-exchange"
"FCCO","FIRST COMMUNITY CORP /SC/","NASDAQ",NA,"lab.Unmapped","2026-09-20T13:30:43Z","sec-exchange"
"BKT","BLACKROCK INCOME TRUST, INC.","NYSE",NA,"lab.Unmapped","2026-09-20T13:30:43Z","sec-exchange"
"FATE","FATE THERAPEUTICS INC","NASDAQ",NA,"lab.Unmapped","2026-09-20T13:30:43Z","sec-exchange"
"TVA","Texas Ventures Acquisition III Corp","NASDAQ",NA,"lab.Unmapped","2026-09-20T13:30:43Z","sec-exchange"
"MNTK","Montauk Renewables, Inc.","NASDAQ",NA,"lab.Unmapped","2026-09-20T13:30:43Z","sec-exchange"
"SABS","SAB Biotherapeutics, Inc.","NASDAQ",NA,"lab.Unmapped","2026-09-20T13:30:43Z","sec-exchange"
"POLE","Andretti Acquisition Corp. II","NASDAQ",NA,"lab.Unmapped","2026-09-20T13:30:43Z","sec-exchange"
"CV","CapsoVision, Inc","NASDAQ",NA,"lab.Unmapped","2026-09-20T13:30:43Z","sec-exchange"
"FVRR","Fiverr International Ltd.","NYSE",NA,"lab.Unmapped","2026-09-20T13:30:43Z","sec-exchange"
"XNET","Xunlei Ltd","NASDAQ",NA,"lab.Unmapped","2026-09-20T13:30:43Z","sec-exchange"
"PLTS","Platinum Analytics Cayman Ltd","NASDAQ",NA,"lab.Unmapped","2026-09-20T13:30:43Z","sec-exchange"
"ZTR","Virtus Total Return Fund Inc.","NYSE",NA,"lab.Unmapped","2026-09-20T13:30:43Z","sec-exchange"
"SAC","Safeguard Acquisition Corp.","NYSE",NA,"lab.Unmapped","2026-09-20T13:30:43Z","sec-exchange"
"FDBC","FIDELITY D & D BANCORP INC","NASDAQ",NA,"lab.Unmapped","2026-09-20T13:30:43Z","sec-exchange"
"SEG","Seaport Entertainment Group Inc.","NYSE",NA,"lab.Unmapped","2026-09-20T13:30:43Z","sec-exchange"
"AEAQ","Activate Energy Acquisition Corp.","NASDAQ",NA,"lab.Unmapped","2026-09-20T13:30:43Z","sec-exchange"
"ATII","Archimedes Tech SPAC Partners II Co.","NASDAQ",NA,"lab.Unmapped","2026-09-20T13:30:43Z","sec-exchange"
"HRZN","Horizon Technology Finance Corp","NASDAQ",NA,"lab.Unmapped","2026-09-20T13:30:43Z","sec-exchange"
"ABEO","ABEONA THERAPEUTICS INC.","NASDAQ",NA,"lab.Unmapped","2026-09-20T13:30:43Z","sec-exchange"
"ZIP","ZIPRECRUITER, INC.","NYSE",NA,"lab.Unmapped","2026-09-20T13:30:43Z","sec-exchange"
"IPXG","Inflection Point Acquisition Corp. VII","NASDAQ",NA,"lab.Unmapped","2026-09-20T13:30:43Z","sec-exchange"
"BLND","Blend Labs, Inc.","NYSE",NA,"lab.Unmapped","2026-09-20T13:30:43Z","sec-exchange"
"ALTO","Alto Ingredients, Inc.","NASDAQ",NA,"lab.Unmapped","2026-09-20T13:30:43Z","sec-exchange"
"HPF","JOHN HANCOCK PREFERRED INCOME FUND II","NYSE",NA,"lab.Unmapped","2026-09-20T13:30:43Z","sec-exchange"
"ABAT","AMERICAN BATTERY TECHNOLOGY Co","NASDAQ",NA,"lab.Unmapped","2026-09-20T13:30:43Z","sec-exchange"
"DBI","Designer Brands Inc.","NYSE",NA,"lab.Unmapped","2026-09-20T13:30:43Z","sec-exchange"
"MKDW","MKDWELL Tech Inc.","NASDAQ",NA,"lab.Unmapped","2026-09-20T13:30:43Z","sec-exchange"
"CFFI","C & F FINANCIAL CORP","NASDAQ",NA,"lab.Unmapped","2026-09-20T13:30:43Z","sec-exchange"
"AACO","Abony Acquisition Corp. I","NASDAQ",NA,"lab.Unmapped","2026-09-20T13:30:43Z","sec-exchange"
"MGPI","MGP INGREDIENTS INC","NASDAQ",NA,"lab.Unmapped","2026-09-20T13:30:43Z","sec-exchange"
"LEGO","Legato Merger Corp. IV","NYSE",NA,"lab.Unmapped","2026-09-20T13:30:43Z","sec-exchange"
"ILLU","Illumination Acquisition Corp. I","NASDAQ",NA,"lab.Unmapped","2026-09-20T13:30:43Z","sec-exchange"
"SVIV","Spring Valley Acquisition Corp. IV","NASDAQ",NA,"lab.Unmapped","2026-09-20T13:30:43Z","sec-exchange"
"MLP","MAUI LAND & PINEAPPLE CO INC","NYSE",NA,"lab.Unmapped","2026-09-20T13:30:43Z","sec-exchange"
"AIRJ","AirJoule Technologies Corp.","NASDAQ",NA,"lab.Unmapped","2026-09-20T13:30:43Z","sec-exchange"
"CAQ","Cambridge Acquisition Corp.","NASDAQ",NA,"lab.Unmapped","2026-09-20T13:30:43Z","sec-exchange"
"TLS","TELOS CORP","NASDAQ",NA,"lab.Unmapped","2026-09-20T13:30:43Z","sec-exchange"
"RAC","Rithm Acquisition Corp.","NYSE",NA,"lab.Unmapped","2026-09-20T13:30:43Z","sec-exchange"
"LPBB","Launch Two Acquisition Corp.","NASDAQ",NA,"lab.Unmapped","2026-09-20T13:30:43Z","sec-exchange"
"LWAC","LightWave Acquisition Corp.","NASDAQ",NA,"lab.Unmapped","2026-09-20T13:30:43Z","sec-exchange"
"NODK","NI Holdings, Inc.","NASDAQ",NA,"lab.Unmapped","2026-09-20T13:30:43Z","sec-exchange"
"BRR","Silvia, Inc.","NASDAQ",NA,"lab.Unmapped","2026-09-20T13:30:43Z","sec-exchange"
"VHCP","Vine Hill Capital Investment Corp. II","NASDAQ",NA,"lab.Unmapped","2026-09-20T13:30:43Z","sec-exchange"
"TMTS","Spartacus Acquisition Corp. II","NASDAQ",NA,"lab.Unmapped","2026-09-20T13:30:43Z","sec-exchange"
"ITHA","ITHAX Acquisition Corp III","NASDAQ",NA,"lab.Unmapped","2026-09-20T13:30:43Z","sec-exchange"
"GTERA","Globa Terra Acquisition Corp","NASDAQ",NA,"lab.Unmapped","2026-09-20T13:30:43Z","sec-exchange"
"AFRI","Forafric Global PLC","NASDAQ",NA,"lab.Unmapped","2026-09-20T13:30:43Z","sec-exchange"
"IFRX","InflaRx N.V.","NASDAQ",NA,"lab.Unmapped","2026-09-20T13:30:43Z","sec-exchange"
"TEI","TEMPLETON EMERGING MARKETS INCOME FUND","NYSE",NA,"lab.Unmapped","2026-09-20T13:30:43Z","sec-exchange"
"EFR","Eaton Vance Senior Floating-Rate Trust","NYSE",NA,"lab.Unmapped","2026-09-20T13:30:43Z","sec-exchange"
"MXF","MEXICO FUND INC","NYSE",NA,"lab.Unmapped","2026-09-20T13:30:43Z","sec-exchange"
"CBNA","CHAIN BRIDGE BANCORP INC","NYSE",NA,"lab.Unmapped","2026-09-20T13:30:43Z","sec-exchange"
"VNDA","Vanda Pharmaceuticals Inc.","NASDAQ",NA,"lab.Unmapped","2026-09-20T13:30:43Z","sec-exchange"
"FUND","SPROTT FOCUS TRUST INC.","NASDAQ",NA,"lab.Unmapped","2026-09-20T13:30:43Z","sec-exchange"
"AGCC","Agencia Comercial Spirits Ltd.","NASDAQ",NA,"lab.Unmapped","2026-09-20T13:30:43Z","sec-exchange"
"BIXI","Bitcoin Infrastructure Acquisition Corp Ltd","NASDAQ",NA,"lab.Unmapped","2026-09-20T13:30:43Z","sec-exchange"
"JENA","JENA ACQUISITION Corp II","NYSE",NA,"lab.Unmapped","2026-09-20T13:30:43Z","sec-exchange"
"LE","LANDS' END, INC.","NASDAQ",NA,"lab.Unmapped","2026-09-20T13:30:43Z","sec-exchange"
"TLSI","TriSalus Life Sciences, Inc.","NASDAQ",NA,"lab.Unmapped","2026-09-20T13:30:43Z","sec-exchange"
"FUBO","FuboTV Inc.","NYSE",NA,"lab.Unmapped","2026-09-20T13:30:43Z","sec-exchange"
"FNKO","Funko, Inc.","NASDAQ",NA,"lab.Unmapped","2026-09-20T13:30:43Z","sec-exchange"
"EFTY","ETOILES CAPITAL GROUP CO., LTD","NASDAQ",NA,"lab.Unmapped","2026-09-20T13:30:43Z","sec-exchange"
"BDSX","BIODESIX INC","NASDAQ",NA,"lab.Unmapped","2026-09-20T13:30:43Z","sec-exchange"
"LVWR","LiveWire Group, Inc.","NYSE",NA,"lab.Unmapped","2026-09-20T13:30:43Z","sec-exchange"
"HVMC","Highview Merger Corp.","NASDAQ",NA,"lab.Unmapped","2026-09-20T13:30:43Z","sec-exchange"
"FRD","FRIEDMAN INDUSTRIES INC","NASDAQ",NA,"lab.Unmapped","2026-09-20T13:30:43Z","sec-exchange"
"RFMZ","RiverNorth Flexible Municipal Income Fund II, Inc.","NYSE",NA,"lab.Unmapped","2026-09-20T13:30:43Z","sec-exchange"
"GSRF","GSR IV Acquisition Corp.","NASDAQ",NA,"lab.Unmapped","2026-09-20T13:30:43Z","sec-exchange"
"QLEP","Quantum Leap Acquisition Corp","NYSE",NA,"lab.Unmapped","2026-09-20T13:30:43Z","sec-exchange"
"RBBN","Ribbon Communications Inc.","NASDAQ",NA,"lab.Unmapped","2026-09-20T13:30:43Z","sec-exchange"
"FXHO","UTime Ltd","NASDAQ",NA,"lab.Unmapped","2026-09-20T13:30:43Z","sec-exchange"
"BPRN","Princeton Bancorp, Inc.","NASDAQ",NA,"lab.Unmapped","2026-09-20T13:30:43Z","sec-exchange"
"BACC","Blue Acquisition Corp/Cayman","NASDAQ",NA,"lab.Unmapped","2026-09-20T13:30:43Z","sec-exchange"
"MYFW","First Western Financial Inc","NASDAQ",NA,"lab.Unmapped","2026-09-20T13:30:43Z","sec-exchange"
"RM","Regional Management Corp.","NYSE",NA,"lab.Unmapped","2026-09-20T13:30:43Z","sec-exchange"
"GPAC","General Purpose Acquisition Corp.","NASDAQ",NA,"lab.Unmapped","2026-09-20T13:30:43Z","sec-exchange"
"SVAQ","Silicon Valley Acquisition Corp.","NASDAQ",NA,"lab.Unmapped","2026-09-20T13:30:43Z","sec-exchange"
"XFLT","XAI Floating Rate & Alternative Income Trust","NYSE",NA,"lab.Unmapped","2026-09-20T13:30:43Z","sec-exchange"
"CUVL","Clinuvel Pharmaceuticals Ltd","NASDAQ",NA,"lab.Unmapped","2026-09-20T13:30:43Z","sec-exchange"
"TII","Titan Mining Corp","NYSE",NA,"lab.Unmapped","2026-09-20T13:30:43Z","sec-exchange"
"IRHO","Iron Horse Acquisition II Corp.","NASDAQ",NA,"lab.Unmapped","2026-09-20T13:30:43Z","sec-exchange"
"HCAC","Hall Chadwick Acquisition Corp","NASDAQ",NA,"lab.Unmapped","2026-09-20T13:30:43Z","sec-exchange"
"PALI","PALISADE BIO, INC.","NASDAQ",NA,"lab.Unmapped","2026-09-20T13:30:43Z","sec-exchange"
"AACP","Apogee Acquisition Corp","NASDAQ",NA,"lab.Unmapped","2026-09-20T13:30:43Z","sec-exchange"
"BRBI","BRBI BR Partners S.A.","NASDAQ",NA,"lab.Unmapped","2026-09-20T13:30:43Z","sec-exchange"
"CDZI","CADIZ INC","NASDAQ",NA,"lab.Unmapped","2026-09-20T13:30:43Z","sec-exchange"
"VCRE","Vicore Pharma Holding AB","NASDAQ",NA,"lab.Unmapped","2026-09-20T13:30:43Z","sec-exchange"
"ACGC","ACP Holdings Acquisition Corp.","NASDAQ",NA,"lab.Unmapped","2026-09-20T13:30:43Z","sec-exchange"
"EMBC","Embecta Corp.","NASDAQ",NA,"lab.Unmapped","2026-09-20T13:30:43Z","sec-exchange"
"MTNE","CH4 Natural Solutions Corp","NYSE",NA,"lab.Unmapped","2026-09-20T13:30:43Z","sec-exchange"
"TMCI","TREACE MEDICAL CONCEPTS, INC.","NASDAQ",NA,"lab.Unmapped","2026-09-20T13:30:43Z","sec-exchange"
"ZNTL","Zentalis Pharmaceuticals, Inc.","NASDAQ",NA,"lab.Unmapped","2026-09-20T13:30:43Z","sec-exchange"
"ISBA","ISABELLA BANK CORP","NASDAQ",NA,"lab.Unmapped","2026-09-20T13:30:43Z","sec-exchange"
"AMRN","AMARIN CORP PLC\UK","NASDAQ",NA,"lab.Unmapped","2026-09-20T13:30:43Z","sec-exchange"
"SLNH","Soluna Holdings, Inc","NASDAQ",NA,"lab.Unmapped","2026-09-20T13:30:43Z","sec-exchange"
"RFI","COHEN & STEERS TOTAL RETURN REALTY FUND INC","NYSE",NA,"lab.Unmapped","2026-09-20T13:30:43Z","sec-exchange"
"UPB","Upstream Bio, Inc.","NASDAQ",NA,"lab.Unmapped","2026-09-20T13:30:43Z","sec-exchange"
"LAB","STANDARD BIOTOOLS INC.","NASDAQ",NA,"lab.Unmapped","2026-09-20T13:30:43Z","sec-exchange"
"PHOS","First Phosphate Corp.","NASDAQ",NA,"lab.Unmapped","2026-09-20T13:30:43Z","sec-exchange"
"ADAC","American Drive Acquisition Co","NASDAQ",NA,"lab.Unmapped","2026-09-20T13:30:43Z","sec-exchange"
"FGII","FG Imperii Acquisition Corp.","NASDAQ",NA,"lab.Unmapped","2026-09-20T13:30:43Z","sec-exchange"
"KPET","KPET Ultra Paceline Corp","NYSE",NA,"lab.Unmapped","2026-09-20T13:30:43Z","sec-exchange"
"SAR","SARATOGA INVESTMENT CORP.","NYSE",NA,"lab.Unmapped","2026-09-20T13:30:43Z","sec-exchange"
"ATLO","AMES NATIONAL CORP","NASDAQ",NA,"lab.Unmapped","2026-09-20T13:30:43Z","sec-exchange"
"LPCV","Launchpad Cadenza Acquisition Corp I","NASDAQ",NA,"lab.Unmapped","2026-09-20T13:30:43Z","sec-exchange"
"ARDC","Ares Dynamic Credit Allocation Fund, Inc.","NYSE",NA,"lab.Unmapped","2026-09-20T13:30:43Z","sec-exchange"
"UCFI","CN Healthy Food Tech Group Corp.","NASDAQ",NA,"lab.Unmapped","2026-09-20T13:30:43Z","sec-exchange"
"REFI","Chicago Atlantic Real Estate Finance, Inc.","NASDAQ",NA,"lab.Unmapped","2026-09-20T13:30:43Z","sec-exchange"
"FULC","Fulcrum Therapeutics, Inc.","NASDAQ",NA,"lab.Unmapped","2026-09-20T13:30:43Z","sec-exchange"
"OVLY","Oak Valley Bancorp","NASDAQ",NA,"lab.Unmapped","2026-09-20T13:30:43Z","sec-exchange"
"IMRX","Immuneering Corp","NASDAQ",NA,"lab.Unmapped","2026-09-20T13:30:43Z","sec-exchange"
"ALCO","ALICO, INC.","NASDAQ",NA,"lab.Unmapped","2026-09-20T13:30:43Z","sec-exchange"
"RIV","RIVERNORTH OPPORTUNITIES FUND, INC.","NYSE",NA,"lab.Unmapped","2026-09-20T13:30:43Z","sec-exchange"
"FRAF","FRANKLIN FINANCIAL SERVICES CORP /PA/","NASDAQ",NA,"lab.Unmapped","2026-09-20T13:30:43Z","sec-exchange"
"SHOT","RMG ML Sports Holdings","NASDAQ",NA,"lab.Unmapped","2026-09-20T13:30:43Z","sec-exchange"
"NC","NACCO INDUSTRIES INC","NYSE",NA,"lab.Unmapped","2026-09-20T13:30:43Z","sec-exchange"
"HVII","Hennessy Capital Investment Corp. VII","NASDAQ",NA,"lab.Unmapped","2026-09-20T13:30:43Z","sec-exchange"
"WLCO","Wilco 63 Corp","NASDAQ",NA,"lab.Unmapped","2026-09-20T13:30:43Z","sec-exchange"
"CUB","Lionheart Holdings","NASDAQ",NA,"lab.Unmapped","2026-09-20T13:30:43Z","sec-exchange"
"RCMT","RCM TECHNOLOGIES, INC.","NASDAQ",NA,"lab.Unmapped","2026-09-20T13:30:43Z","sec-exchange"
"PDYN","Palladyne AI Corp.","NASDAQ",NA,"lab.Unmapped","2026-09-20T13:30:43Z","sec-exchange"
"NXDT","NEXPOINT DIVERSIFIED REAL ESTATE TRUST","NYSE",NA,"lab.Unmapped","2026-09-20T13:30:43Z","sec-exchange"
"ATLQ","JAB Acquisition Corp I","NASDAQ",NA,"lab.Unmapped","2026-09-20T13:30:43Z","sec-exchange"
"KINS","KINGSTONE COMPANIES, INC.","NASDAQ",NA,"lab.Unmapped","2026-09-20T13:30:43Z","sec-exchange"
"MTRX","MATRIX SERVICE CO","NASDAQ",NA,"lab.Unmapped","2026-09-20T13:30:43Z","sec-exchange"
"CMRC","Commerce.com, Inc.","NASDAQ",NA,"lab.Unmapped","2026-09-20T13:30:43Z","sec-exchange"
"RWAY","Runway Growth Finance Corp.","NASDAQ",NA,"lab.Unmapped","2026-09-20T13:30:43Z","sec-exchange"
"KLC","KinderCare Learning Companies, Inc.","NYSE",NA,"lab.Unmapped","2026-09-20T13:30:43Z","sec-exchange"
"TVAI","Thayer Ventures Acquisition Corp II","NASDAQ",NA,"lab.Unmapped","2026-09-20T13:30:43Z","sec-exchange"
"SSP","E.W. SCRIPPS Co","NASDAQ",NA,"lab.Unmapped","2026-09-20T13:30:43Z","sec-exchange"
"SAMO","Samos Energy Acquisition Corp","NYSE",NA,"lab.Unmapped","2026-09-20T13:30:43Z","sec-exchange"
"FNRN","FIRST NORTHERN COMMUNITY BANCORP","NASDAQ",NA,"lab.Unmapped","2026-09-20T13:30:43Z","sec-exchange"
"FUNC","FIRST UNITED CORP/MD/","NASDAQ",NA,"lab.Unmapped","2026-09-20T13:30:43Z","sec-exchange"
"XCBE","X3 Acquisition Corp. Ltd.","NASDAQ",NA,"lab.Unmapped","2026-09-20T13:30:43Z","sec-exchange"
"FXNC","FIRST NATIONAL CORP /VA/","NASDAQ",NA,"lab.Unmapped","2026-09-20T13:30:43Z","sec-exchange"
"KWY","KINGSWAY Corp","NYSE",NA,"lab.Unmapped","2026-09-20T13:30:43Z","sec-exchange"
"SY","So-Young International Inc.","NASDAQ",NA,"lab.Unmapped","2026-09-20T13:30:43Z","sec-exchange"
"PYXS","Pyxis Oncology, Inc.","NASDAQ",NA,"lab.Unmapped","2026-09-20T13:30:43Z","sec-exchange"
"NCZ","Virtus Convertible & Income Fund II","NYSE",NA,"lab.Unmapped","2026-09-20T13:30:43Z","sec-exchange"
"ANIK","Anika Therapeutics, Inc.","NASDAQ",NA,"lab.Unmapped","2026-09-20T13:30:43Z","sec-exchange"
"HLXC","Helix Acquisition Corp. III","NASDAQ",NA,"lab.Unmapped","2026-09-20T13:30:43Z","sec-exchange"
"HWBK","HAWTHORN BANCSHARES, INC.","NASDAQ",NA,"lab.Unmapped","2026-09-20T13:30:43Z","sec-exchange"
"NNBR","NN INC","NASDAQ",NA,"lab.Unmapped","2026-09-20T13:30:43Z","sec-exchange"
"QNBC","QNB CORP.","NASDAQ",NA,"lab.Unmapped","2026-09-20T13:30:43Z","sec-exchange"
"JAKK","JAKKS PACIFIC INC","NASDAQ",NA,"lab.Unmapped","2026-09-20T13:30:43Z","sec-exchange"
"GBFH","GBank Financial Holdings Inc.","NASDAQ",NA,"lab.Unmapped","2026-09-20T13:30:43Z","sec-exchange"
"ISNR","Snow Rothschild Acquisition Corp.","NASDAQ",NA,"lab.Unmapped","2026-09-20T13:30:43Z","sec-exchange"
"ELLO","Ellomay Capital Ltd.","NYSE",NA,"lab.Unmapped","2026-09-20T13:30:43Z","sec-exchange"
"RC","Ready Capital Corp","NYSE",NA,"lab.Unmapped","2026-09-20T13:30:43Z","sec-exchange"
"TBI","TrueBlue, Inc.","NYSE",NA,"lab.Unmapped","2026-09-20T13:30:43Z","sec-exchange"
"TTGT","TechTarget, Inc.","NASDAQ",NA,"lab.Unmapped","2026-09-20T13:30:43Z","sec-exchange"
"LCNB","LCNB CORP","NASDAQ",NA,"lab.Unmapped","2026-09-20T13:30:43Z","sec-exchange"
"EOD","ALLSPRING GLOBAL DIVIDEND OPPORTUNITY FUND","NYSE",NA,"lab.Unmapped","2026-09-20T13:30:43Z","sec-exchange"
"WNEB","Western New England Bancorp, Inc.","NASDAQ",NA,"lab.Unmapped","2026-09-20T13:30:43Z","sec-exchange"
"SBXD","SilverBox Corp IV","NYSE",NA,"lab.Unmapped","2026-09-20T13:30:43Z","sec-exchange"
"OIA","Invesco Municipal Income Opportunities Trust","NYSE",NA,"lab.Unmapped","2026-09-20T13:30:43Z","sec-exchange"
"SRV","NXG Cushing Midstream Energy Fund","NYSE",NA,"lab.Unmapped","2026-09-20T13:30:43Z","sec-exchange"
"PMTS","CPI Card Group Inc.","NASDAQ",NA,"lab.Unmapped","2026-09-20T13:30:43Z","sec-exchange"
"XSLL","Xsolla SPAC 1","NASDAQ",NA,"lab.Unmapped","2026-09-20T13:30:43Z","sec-exchange"
"MFIN","MEDALLION FINANCIAL CORP","NASDAQ",NA,"lab.Unmapped","2026-09-20T13:30:43Z","sec-exchange"
"NHIV","NewHold Investment Corp IV","NASDAQ",NA,"lab.Unmapped","2026-09-20T13:30:43Z","sec-exchange"
"ONIT","ONITY GROUP INC.","NYSE",NA,"lab.Unmapped","2026-09-20T13:30:43Z","sec-exchange"
"CEPO","Cantor Equity Partners I, Inc.","NASDAQ",NA,"lab.Unmapped","2026-09-20T13:30:43Z","sec-exchange"
"LTRX","LANTRONIX INC","NASDAQ",NA,"lab.Unmapped","2026-09-20T13:30:43Z","sec-exchange"
"PTLO","Portillo's Inc.","NASDAQ",NA,"lab.Unmapped","2026-09-20T13:30:43Z","sec-exchange"
"NPCT","Nuveen Core Plus Impact Fund","NYSE",NA,"lab.Unmapped","2026-09-20T13:30:43Z","sec-exchange"
"TSI","TCW STRATEGIC INCOME FUND INC","NYSE",NA,"lab.Unmapped","2026-09-20T13:30:43Z","sec-exchange"
"VACI","Viking Acquisition Corp I","NYSE",NA,"lab.Unmapped","2026-09-20T13:30:43Z","sec-exchange"
"MUZE","Muzero Acquisition Corp","NASDAQ",NA,"lab.Unmapped","2026-09-20T13:30:43Z","sec-exchange"
"NEGG","Newegg Commerce, Inc.","NASDAQ",NA,"lab.Unmapped","2026-09-20T13:30:43Z","sec-exchange"
"TROO","Troops, Inc. /Cayman Islands/","NASDAQ",NA,"lab.Unmapped","2026-09-20T13:30:43Z","sec-exchange"
"GPRO","GoPro, Inc.","NASDAQ",NA,"lab.Unmapped","2026-09-20T13:30:43Z","sec-exchange"
"NKSH","NATIONAL BANKSHARES INC","NASDAQ",NA,"lab.Unmapped","2026-09-20T13:30:43Z","sec-exchange"
"STRT","STRATTEC SECURITY CORP","NASDAQ",NA,"lab.Unmapped","2026-09-20T13:30:43Z","sec-exchange"
"OPTX","SYNTEC OPTICS HOLDINGS, INC.","NASDAQ",NA,"lab.Unmapped","2026-09-20T13:30:43Z","sec-exchange"
"KF","KOREA FUND INC","NYSE",NA,"lab.Unmapped","2026-09-20T13:30:43Z","sec-exchange"
"LAW","CS Disco, Inc.","NYSE",NA,"lab.Unmapped","2026-09-20T13:30:43Z","sec-exchange"
"DSM","BNY MELLON STRATEGIC MUNICIPAL BOND FUND, INC.","NYSE",NA,"lab.Unmapped","2026-09-20T13:30:43Z","sec-exchange"
"DUOT","DUOS TECHNOLOGIES GROUP, INC.","NASDAQ",NA,"lab.Unmapped","2026-09-20T13:30:43Z","sec-exchange"
"BKTI","BK Technologies Corp","NYSE",NA,"lab.Unmapped","2026-09-20T13:30:43Z","sec-exchange"
"DNMX","Dynamix Corp III","NASDAQ",NA,"lab.Unmapped","2026-09-20T13:30:43Z","sec-exchange"
"XPER","Xperi Inc.","NYSE",NA,"lab.Unmapped","2026-09-20T13:30:43Z","sec-exchange"
"PCYO","PURE CYCLE CORP","NASDAQ",NA,"lab.Unmapped","2026-09-20T13:30:43Z","sec-exchange"
"TRDA","Entrada Therapeutics, Inc.","NASDAQ",NA,"lab.Unmapped","2026-09-20T13:30:43Z","sec-exchange"
"SILC","SILICOM LTD.","NASDAQ",NA,"lab.Unmapped","2026-09-20T13:30:43Z","sec-exchange"
"CUE","Cue Biopharma, Inc.","NASDAQ",NA,"lab.Unmapped","2026-09-20T13:30:43Z","sec-exchange"
"XTER","Karman Line Acquisition Corp.","NASDAQ",NA,"lab.Unmapped","2026-09-20T13:30:43Z","sec-exchange"
"ESCA","ESCALADE INC","NASDAQ",NA,"lab.Unmapped","2026-09-20T13:30:43Z","sec-exchange"
"HCKT","HACKETT GROUP, INC.","NASDAQ",NA,"lab.Unmapped","2026-09-20T13:30:43Z","sec-exchange"
"ACIU","AC Immune SA","NASDAQ",NA,"lab.Unmapped","2026-09-20T13:30:43Z","sec-exchange"
"PRQR","ProQR Therapeutics N.V.","NASDAQ",NA,"lab.Unmapped","2026-09-20T13:30:43Z","sec-exchange"
"ZH","Zhihu Inc.","NYSE",NA,"lab.Unmapped","2026-09-20T13:30:43Z","sec-exchange"
"ACV","Virtus Diversified Income & Convertible Fund","NYSE",NA,"lab.Unmapped","2026-09-20T13:30:43Z","sec-exchange"
"RMM","RiverNorth Managed Duration Municipal Income Fund, Inc.","NYSE",NA,"lab.Unmapped","2026-09-20T13:30:43Z","sec-exchange"
"CHPT","ChargePoint Holdings, Inc.","NYSE",NA,"lab.Unmapped","2026-09-20T13:30:43Z","sec-exchange"
"CNDT","CONDUENT Inc","NASDAQ",NA,"lab.Unmapped","2026-09-20T13:30:43Z","sec-exchange"
"USNA","USANA HEALTH SCIENCES INC","NYSE",NA,"lab.Unmapped","2026-09-20T13:30:43Z","sec-exchange"
"OACC","Oaktree Acquisition Corp. III Life Sciences","NASDAQ",NA,"lab.Unmapped","2026-09-20T13:30:43Z","sec-exchange"
"ASLE","AerSale Corp","NASDAQ",NA,"lab.Unmapped","2026-09-20T13:30:43Z","sec-exchange"
"IONR","ioneer Ltd","NASDAQ",NA,"lab.Unmapped","2026-09-20T13:30:43Z","sec-exchange"
"LCTX","Lineage Cell Therapeutics, Inc.","NYSE",NA,"lab.Unmapped","2026-09-20T13:30:43Z","sec-exchange"
"GLSI","Greenwich LifeSciences, Inc.","NASDAQ",NA,"lab.Unmapped","2026-09-20T13:30:43Z","sec-exchange"
"AVNW","AVIAT NETWORKS, INC.","NASDAQ",NA,"lab.Unmapped","2026-09-20T13:30:43Z","sec-exchange"
"DMAA","Drugs Made In America Acquisition Corp.","NASDAQ",NA,"lab.Unmapped","2026-09-20T13:30:43Z","sec-exchange"
"NTWO","Newbury Street II Acquisition Corp","NASDAQ",NA,"lab.Unmapped","2026-09-20T13:30:43Z","sec-exchange"
"OFLX","Omega Flex, Inc.","NASDAQ",NA,"lab.Unmapped","2026-09-20T13:30:43Z","sec-exchange"
"IMPP","Imperial Petroleum Inc./Marshall Islands","NASDAQ",NA,"lab.Unmapped","2026-09-20T13:30:43Z","sec-exchange"
"LYEL","Lyell Immunopharma, Inc.","NASDAQ",NA,"lab.Unmapped","2026-09-20T13:30:43Z","sec-exchange"
"TRGS","TRG Latin America Acquisitions Corp.","NASDAQ",NA,"lab.Unmapped","2026-09-20T13:30:43Z","sec-exchange"
"FACT","FACT II Acquisition Corp.","NASDAQ",NA,"lab.Unmapped","2026-09-20T13:30:43Z","sec-exchange"
"EGHT","8X8 INC /DE/","NASDAQ",NA,"lab.Unmapped","2026-09-20T13:30:43Z","sec-exchange"
"WLII","Willow Lane Acquisition Corp. II","NASDAQ",NA,"lab.Unmapped","2026-09-20T13:30:43Z","sec-exchange"
"NHIC","NewHold Investment Corp. III","NASDAQ",NA,"lab.Unmapped","2026-09-20T13:30:43Z","sec-exchange"
"BRT","BRT Apartments Corp.","NYSE",NA,"lab.Unmapped","2026-09-20T13:30:43Z","sec-exchange"
"MGNX","MACROGENICS INC","NASDAQ",NA,"lab.Unmapped","2026-09-20T13:30:43Z","sec-exchange"
"RMBI","Richmond Mutual Bancorporation, Inc.","NASDAQ",NA,"lab.Unmapped","2026-09-20T13:30:43Z","sec-exchange"
"BCYC","BICYCLE THERAPEUTICS PLC","NASDAQ",NA,"lab.Unmapped","2026-09-20T13:30:43Z","sec-exchange"
"VNME","Vendome Acquisition Corp I","NASDAQ",NA,"lab.Unmapped","2026-09-20T13:30:43Z","sec-exchange"
"VABK","Virginia National Bankshares Corp","NASDAQ",NA,"lab.Unmapped","2026-09-20T13:30:43Z","sec-exchange"
"PAMT","PAMT CORP","NASDAQ",NA,"lab.Unmapped","2026-09-20T13:30:43Z","sec-exchange"
"STRO","SUTRO BIOPHARMA, INC.","NASDAQ",NA,"lab.Unmapped","2026-09-20T13:30:43Z","sec-exchange"
"SMHI","SEACOR Marine Holdings Inc.","NYSE",NA,"lab.Unmapped","2026-09-20T13:30:43Z","sec-exchange"
"JACK","JACK IN THE BOX INC","NASDAQ",NA,"lab.Unmapped","2026-09-20T13:30:43Z","sec-exchange"
"III","Information Services Group Inc.","NASDAQ",NA,"lab.Unmapped","2026-09-20T13:30:43Z","sec-exchange"
"TDF","TEMPLETON DRAGON FUND INC","NYSE",NA,"lab.Unmapped","2026-09-20T13:30:43Z","sec-exchange"
"CAMP","Camp4 Therapeutics Corp","NASDAQ",NA,"lab.Unmapped","2026-09-20T13:30:43Z","sec-exchange"
"BGS","B&G Foods, Inc.","NYSE",NA,"lab.Unmapped","2026-09-20T13:30:43Z","sec-exchange"
"IPVV","InterPrivate Investment Partners V, Inc.","NASDAQ",NA,"lab.Unmapped","2026-09-20T13:30:43Z","sec-exchange"
"SCII","SC II Acquisition Corp.","NASDAQ",NA,"lab.Unmapped","2026-09-20T13:30:43Z","sec-exchange"
"FOA","Finance of America Companies Inc.","NYSE",NA,"lab.Unmapped","2026-09-20T13:30:43Z","sec-exchange"
"USAU","U.S. GOLD CORP.","NASDAQ",NA,"lab.Unmapped","2026-09-20T13:30:43Z","sec-exchange"
"PMM","FRANKLIN MANAGED MUNICIPAL INCOME TRUST","NYSE",NA,"lab.Unmapped","2026-09-20T13:30:43Z","sec-exchange"
"VLOS","Velos Acquisition I Corp.","NASDAQ",NA,"lab.Unmapped","2026-09-20T13:30:43Z","sec-exchange"
"THEO","BOA Acquisition Corp. II","NASDAQ",NA,"lab.Unmapped","2026-09-20T13:30:43Z","sec-exchange"
"AENT","ALLIANCE ENTERTAINMENT HOLDING CORP","NASDAQ",NA,"lab.Unmapped","2026-09-20T13:30:43Z","sec-exchange"
"OHAC","Oceanhawk Acquisition Corp.","NASDAQ",NA,"lab.Unmapped","2026-09-20T13:30:43Z","sec-exchange"
"QADR","QDRO Acquisition Corp.","NASDAQ",NA,"lab.Unmapped","2026-09-20T13:30:43Z","sec-exchange"
"CPZ","Calamos Long/Short Equity & Dynamic Income Trust","NASDAQ",NA,"lab.Unmapped","2026-09-20T13:30:43Z","sec-exchange"
"RELL","RICHARDSON ELECTRONICS, LTD.","NASDAQ",NA,"lab.Unmapped","2026-09-20T13:30:43Z","sec-exchange"
"MVST","Microvast Holdings, Inc.","NASDAQ",NA,"lab.Unmapped","2026-09-20T13:30:43Z","sec-exchange"
"MKLY","McKinley Acquisition Corp","NASDAQ",NA,"lab.Unmapped","2026-09-20T13:30:43Z","sec-exchange"
"YSG","Yatsen Holding Ltd","NYSE",NA,"lab.Unmapped","2026-09-20T13:30:43Z","sec-exchange"
"PPIH","Perma-Pipe International Holdings, Inc.","NASDAQ",NA,"lab.Unmapped","2026-09-20T13:30:43Z","sec-exchange"
"EFSI","EAGLE FINANCIAL SERVICES INC","NASDAQ",NA,"lab.Unmapped","2026-09-20T13:30:43Z","sec-exchange"
"INFU","InfuSystem Holdings, Inc","NYSE",NA,"lab.Unmapped","2026-09-20T13:30:43Z","sec-exchange"
"GENC","GENCOR INDUSTRIES INC","NYSE",NA,"lab.Unmapped","2026-09-20T13:30:43Z","sec-exchange"
"ERC","ALLSPRING MULTI-SECTOR INCOME FUND","NYSE",NA,"lab.Unmapped","2026-09-20T13:30:43Z","sec-exchange"
"POWW","Outdoor Holding Co","NASDAQ",NA,"lab.Unmapped","2026-09-20T13:30:43Z","sec-exchange"
"AZ","A2Z CUST2MATE SOLUTIONS CORP.","NASDAQ",NA,"lab.Unmapped","2026-09-20T13:30:43Z","sec-exchange"
"GWRS","Global Water Resources, Inc.","NASDAQ",NA,"lab.Unmapped","2026-09-20T13:30:43Z","sec-exchange"
"NGEN","NERVGEN PHARMA CORP.","NASDAQ",NA,"lab.Unmapped","2026-09-20T13:30:43Z","sec-exchange"
"FHTX","Foghorn Therapeutics Inc.","NASDAQ",NA,"lab.Unmapped","2026-09-20T13:30:43Z","sec-exchange"
"NNNN","Anbio Biotechnology","NASDAQ",NA,"lab.Unmapped","2026-09-20T13:30:43Z","sec-exchange"
"CAF","Morgan Stanley China A Share Fund, Inc.","NYSE",NA,"lab.Unmapped","2026-09-20T13:30:43Z","sec-exchange"
"IMMR","IMMERSION CORP","NASDAQ",NA,"lab.Unmapped","2026-09-20T13:30:43Z","sec-exchange"
"ASUR","ASURE SOFTWARE INC","NASDAQ",NA,"lab.Unmapped","2026-09-20T13:30:43Z","sec-exchange"
"RILY","BRC Group Holdings, Inc.","NASDAQ",NA,"lab.Unmapped","2026-09-20T13:30:43Z","sec-exchange"
"RLTY","Cohen & Steers Real Estate Opportunities & Income Fund","NYSE",NA,"lab.Unmapped","2026-09-20T13:30:43Z","sec-exchange"
"ACB","AURORA CANNABIS INC","NASDAQ",NA,"lab.Unmapped","2026-09-20T13:30:43Z","sec-exchange"
"MCGA","Yorkville Acquisition Corp.","NASDAQ",NA,"lab.Unmapped","2026-09-20T13:30:43Z","sec-exchange"
"TSSI","TSS, Inc.","NASDAQ",NA,"lab.Unmapped","2026-09-20T13:30:43Z","sec-exchange"
"INR","INFINITY NATURAL RESOURCES, INC.","NYSE",NA,"lab.Unmapped","2026-09-20T13:30:43Z","sec-exchange"
"ACRE","Ares Commercial Real Estate Corp","NYSE",NA,"lab.Unmapped","2026-09-20T13:30:43Z","sec-exchange"
"ASYS","AMTECH SYSTEMS INC","NASDAQ",NA,"lab.Unmapped","2026-09-20T13:30:43Z","sec-exchange"
"SSAC","SPACSphere Acquisition Corp.","NASDAQ",NA,"lab.Unmapped","2026-09-20T13:30:43Z","sec-exchange"
"AUDC","AUDIOCODES LTD","NASDAQ",NA,"lab.Unmapped","2026-09-20T13:30:43Z","sec-exchange"
"INBK","First Internet Bancorp","NASDAQ",NA,"lab.Unmapped","2026-09-20T13:30:43Z","sec-exchange"
"SOCA","Solarius Capital Acquisition Corp.","NASDAQ",NA,"lab.Unmapped","2026-09-20T13:30:43Z","sec-exchange"
"ALXO","ALX ONCOLOGY HOLDINGS INC","NASDAQ",NA,"lab.Unmapped","2026-09-20T13:30:43Z","sec-exchange"
"LTBR","LIGHTBRIDGE Corp","NASDAQ",NA,"lab.Unmapped","2026-09-20T13:30:43Z","sec-exchange"
"RNAC","Cartesian Therapeutics, Inc.","NASDAQ",NA,"lab.Unmapped","2026-09-20T13:30:43Z","sec-exchange"
"BAFN","BayFirst Financial Corp.","NASDAQ",NA,"lab.Unmapped","2026-09-20T13:30:43Z","sec-exchange"
"AKBA","Akebia Therapeutics, Inc.","NASDAQ",NA,"lab.Unmapped","2026-09-20T13:30:43Z","sec-exchange"
"RAIL","FreightCar America, Inc.","NASDAQ",NA,"lab.Unmapped","2026-09-20T13:30:43Z","sec-exchange"
"DYNC","Dynamix Corp","NASDAQ",NA,"lab.Unmapped","2026-09-20T13:30:43Z","sec-exchange"
"IGAC","Invest Green Acquisition Corp","NASDAQ",NA,"lab.Unmapped","2026-09-20T13:30:43Z","sec-exchange"
"OSUR","ORASURE TECHNOLOGIES INC","NASDAQ",NA,"lab.Unmapped","2026-09-20T13:30:43Z","sec-exchange"
"DAAQ","Digital Asset Acquisition Corp.","NASDAQ",NA,"lab.Unmapped","2026-09-20T13:30:43Z","sec-exchange"
"KGEI","Kolibri Global Energy Inc.","NASDAQ",NA,"lab.Unmapped","2026-09-20T13:30:43Z","sec-exchange"
"TG","TREDEGAR CORP","NYSE",NA,"lab.Unmapped","2026-09-20T13:30:43Z","sec-exchange"
"UXIN","Uxin Ltd","NASDAQ",NA,"lab.Unmapped","2026-09-20T13:30:43Z","sec-exchange"
"FF","FutureFuel Corp.","NYSE",NA,"lab.Unmapped","2026-09-20T13:30:43Z","sec-exchange"
"NUW","Nuveen AMT-Free Municipal Value Fund","NYSE",NA,"lab.Unmapped","2026-09-20T13:30:43Z","sec-exchange"
"YDES","YD Bio Ltd","NASDAQ",NA,"lab.Unmapped","2026-09-20T13:30:43Z","sec-exchange"
"HITI","High Tide Inc.","NASDAQ",NA,"lab.Unmapped","2026-09-20T13:30:43Z","sec-exchange"
"AIBZ","Bitzero Holdings Inc.","NASDAQ",NA,"lab.Unmapped","2026-09-20T13:30:43Z","sec-exchange"
"MACI","Melar Acquisition Corp. I/Cayman","NASDAQ",NA,"lab.Unmapped","2026-09-20T13:30:43Z","sec-exchange"
"TDWD","Tailwind 2.0 Acquisition Corp.","NASDAQ",NA,"lab.Unmapped","2026-09-20T13:30:43Z","sec-exchange"
"NAGE","Niagen Bioscience, Inc.","NASDAQ",NA,"lab.Unmapped","2026-09-20T13:30:43Z","sec-exchange"
"BETR","Better Home & Finance Holding Co","NASDAQ",NA,"lab.Unmapped","2026-09-20T13:30:43Z","sec-exchange"
"NVA","Nova Minerals Corp","NYSE",NA,"lab.Unmapped","2026-09-20T13:30:43Z","sec-exchange"
"ACU","ACME UNITED CORP","NYSE",NA,"lab.Unmapped","2026-09-20T13:30:43Z","sec-exchange"
"TWLV","Twelve Seas Investment Co III/Cayman","NASDAQ",NA,"lab.Unmapped","2026-09-20T13:30:43Z","sec-exchange"
"UTMD","UTAH MEDICAL PRODUCTS INC","NASDAQ",NA,"lab.Unmapped","2026-09-20T13:30:43Z","sec-exchange"
"MMT","ABERDEEN MULTI-MARKET INCOME FUND","NYSE",NA,"lab.Unmapped","2026-09-20T13:30:43Z","sec-exchange"
"PEBK","PEOPLES BANCORP OF NORTH CAROLINA INC","NASDAQ",NA,"lab.Unmapped","2026-09-20T13:30:43Z","sec-exchange"
"PDEX","PRO DEX INC","NASDAQ",NA,"lab.Unmapped","2026-09-20T13:30:43Z","sec-exchange"
"FBLA","FB Bancorp, Inc. /MD/","NASDAQ",NA,"lab.Unmapped","2026-09-20T13:30:43Z","sec-exchange"
"PNNT","PENNANTPARK INVESTMENT CORP","NYSE",NA,"lab.Unmapped","2026-09-20T13:30:43Z","sec-exchange"
"PLAY","Dave & Buster's Entertainment, Inc.","NASDAQ",NA,"lab.Unmapped","2026-09-20T13:30:43Z","sec-exchange"
"LATA","Galata Acquisition Corp. II","NASDAQ",NA,"lab.Unmapped","2026-09-20T13:30:43Z","sec-exchange"
"COPL","Copley Acquisition Corp","NYSE",NA,"lab.Unmapped","2026-09-20T13:30:43Z","sec-exchange"
"SUMA","SUMA Acquisition Corp","NASDAQ",NA,"lab.Unmapped","2026-09-20T13:30:43Z","sec-exchange"
"CMTV","COMMUNITY BANCORP /VT","NASDAQ",NA,"lab.Unmapped","2026-09-20T13:30:43Z","sec-exchange"
"RCS","PIMCO STRATEGIC INCOME FUND, INC.","NYSE",NA,"lab.Unmapped","2026-09-20T13:30:43Z","sec-exchange"
"CGEN","COMPUGEN LTD","NASDAQ",NA,"lab.Unmapped","2026-09-20T13:30:43Z","sec-exchange"
"LMNR","Limoneira CO","NASDAQ",NA,"lab.Unmapped","2026-09-20T13:30:43Z","sec-exchange"
"DYOR","Insight Digital Partners II","NASDAQ",NA,"lab.Unmapped","2026-09-20T13:30:43Z","sec-exchange"
"AMWL","American Well Corp","NYSE",NA,"lab.Unmapped","2026-09-20T13:30:43Z","sec-exchange"
"BLRK","Bluerock Acquisition Corp.","NASDAQ",NA,"lab.Unmapped","2026-09-20T13:30:43Z","sec-exchange"
"HMH","HMH Holding Inc","NASDAQ",NA,"lab.Unmapped","2026-09-20T13:30:43Z","sec-exchange"
"LIEN","Chicago Atlantic BDC, Inc.","NASDAQ",NA,"lab.Unmapped","2026-09-20T13:30:43Z","sec-exchange"
"CAN","Canaan Inc.","NASDAQ",NA,"lab.Unmapped","2026-09-20T13:30:43Z","sec-exchange"
"MBI","MBIA INC","NYSE",NA,"lab.Unmapped","2026-09-20T13:30:43Z","sec-exchange"
"HQI","HireQuest, Inc.","NASDAQ",NA,"lab.Unmapped","2026-09-20T13:30:43Z","sec-exchange"
"SHMD","SCHMID Group N.V.","NASDAQ",NA,"lab.Unmapped","2026-09-20T13:30:43Z","sec-exchange"
"SVCO","Silvaco Group, Inc.","NASDAQ",NA,"lab.Unmapped","2026-09-20T13:30:43Z","sec-exchange"
"NATR","NATURES SUNSHINE PRODUCTS INC","NASDAQ",NA,"lab.Unmapped","2026-09-20T13:30:43Z","sec-exchange"
"SBMT","SILVER BOW MINING CORP.","NYSE",NA,"lab.Unmapped","2026-09-20T13:30:43Z","sec-exchange"
"OPBK","OP Bancorp","NASDAQ",NA,"lab.Unmapped","2026-09-20T13:30:43Z","sec-exchange"
"MRBK","Meridian Corp","NASDAQ",NA,"lab.Unmapped","2026-09-20T13:30:43Z","sec-exchange"
"BIII","Black Spade Acquisition III Co","NYSE",NA,"lab.Unmapped","2026-09-20T13:30:43Z","sec-exchange"
"SVCC","Stellar V Capital Corp. (Cayman Islands)","NASDAQ",NA,"lab.Unmapped","2026-09-20T13:30:43Z","sec-exchange"
"AIRO","AIRO Group Holdings, Inc.","NASDAQ",NA,"lab.Unmapped","2026-09-20T13:30:43Z","sec-exchange"
"WHWK","Whitehawk Therapeutics, Inc.","NASDAQ",NA,"lab.Unmapped","2026-09-20T13:30:43Z","sec-exchange"
"CURV","Torrid Holdings Inc.","NYSE",NA,"lab.Unmapped","2026-09-20T13:30:43Z","sec-exchange"
"EVI","EVI INDUSTRIES, INC.","NYSE",NA,"lab.Unmapped","2026-09-20T13:30:43Z","sec-exchange"
"LTGR","Long Table Growth Corp.","NASDAQ",NA,"lab.Unmapped","2026-09-20T13:30:43Z","sec-exchange"
"IRAB","Iris Acquisition Corp II","NYSE",NA,"lab.Unmapped","2026-09-20T13:30:43Z","sec-exchange"
"SCM","Stellus Capital Investment Corp","NYSE",NA,"lab.Unmapped","2026-09-20T13:30:43Z","sec-exchange"
"CRAC","Crown Reserve Acquisition Corp. I","NASDAQ",NA,"lab.Unmapped","2026-09-20T13:30:43Z","sec-exchange"
"VUZI","Vuzix Corp","NASDAQ",NA,"lab.Unmapped","2026-09-20T13:30:43Z","sec-exchange"
"CFBK","CF BANKSHARES INC.","NASDAQ",NA,"lab.Unmapped","2026-09-20T13:30:43Z","sec-exchange"
"AIAI","AIAI Holdings Corp","NASDAQ",NA,"lab.Unmapped","2026-09-20T13:30:43Z","sec-exchange"
"EIC","Eagle Point Income Co","NYSE",NA,"lab.Unmapped","2026-09-20T13:30:43Z","sec-exchange"
"MRCO","Mercator Acquisition Corp.","NASDAQ",NA,"lab.Unmapped","2026-09-20T13:30:43Z","sec-exchange"
"SNFCA","SECURITY NATIONAL FINANCIAL CORP","NASDAQ",NA,"lab.Unmapped","2026-09-20T13:30:43Z","sec-exchange"
"RGCO","RGC RESOURCES INC","NASDAQ",NA,"lab.Unmapped","2026-09-20T13:30:43Z","sec-exchange"
"TBCH","Turtle Beach Corp","NASDAQ",NA,"lab.Unmapped","2026-09-20T13:30:43Z","sec-exchange"
"CRDL","Cardiol Therapeutics Inc.","NASDAQ",NA,"lab.Unmapped","2026-09-20T13:30:43Z","sec-exchange"
"DGAC","DISCIPLINED GROWTH ACQUISITION Corp","NYSE",NA,"lab.Unmapped","2026-09-20T13:30:43Z","sec-exchange"
"PSF","Cohen & Steers Select Preferred & Income Fund, Inc.","NYSE",NA,"lab.Unmapped","2026-09-20T13:30:43Z","sec-exchange"
"MAGH","Magnitude International Ltd","NASDAQ",NA,"lab.Unmapped","2026-09-20T13:30:43Z","sec-exchange"
"NUS","NU SKIN ENTERPRISES, INC.","NYSE",NA,"lab.Unmapped","2026-09-20T13:30:43Z","sec-exchange"
"OSS","ONE STOP SYSTEMS, INC.","NASDAQ",NA,"lab.Unmapped","2026-09-20T13:30:43Z","sec-exchange"
"AVXL","ANAVEX LIFE SCIENCES CORP.","NASDAQ",NA,"lab.Unmapped","2026-09-20T13:30:43Z","sec-exchange"
"STIM","Neuronetics, Inc.","NASDAQ",NA,"lab.Unmapped","2026-09-20T13:30:43Z","sec-exchange"
"RDNW","RideNow Group, Inc.","NASDAQ",NA,"lab.Unmapped","2026-09-20T13:30:43Z","sec-exchange"
"ADAG","Adagene Inc.","NASDAQ",NA,"lab.Unmapped","2026-09-20T13:30:43Z","sec-exchange"
"LGI","LAZARD GLOBAL TOTAL RETURN & INCOME FUND INC","NYSE",NA,"lab.Unmapped","2026-09-20T13:30:43Z","sec-exchange"
"BNC","CEA Industries Inc.","NASDAQ",NA,"lab.Unmapped","2026-09-20T13:30:43Z","sec-exchange"
"SND","Smart Sand, Inc.","NASDAQ",NA,"lab.Unmapped","2026-09-20T13:30:43Z","sec-exchange"
"ONCH","1RT Acquisition Corp.","NASDAQ",NA,"lab.Unmapped","2026-09-20T13:30:43Z","sec-exchange"
"SMRT","SmartRent, Inc.","NYSE",NA,"lab.Unmapped","2026-09-20T13:30:43Z","sec-exchange"
"EDRY","EuroDry Ltd.","NASDAQ",NA,"lab.Unmapped","2026-09-20T13:30:43Z","sec-exchange"
"REA","Rare Earths Americas, Inc.","NYSE",NA,"lab.Unmapped","2026-09-20T13:30:43Z","sec-exchange"
"GLDG","GoldMining Inc.","NYSE",NA,"lab.Unmapped","2026-09-20T13:30:43Z","sec-exchange"
"MSC","STUDIO CITY INTERNATIONAL HOLDINGS Ltd","NYSE",NA,"lab.Unmapped","2026-09-20T13:30:43Z","sec-exchange"
"IVVD","Invivyd, Inc.","NASDAQ",NA,"lab.Unmapped","2026-09-20T13:30:43Z","sec-exchange"
"ELMD","Electromed, Inc.","NYSE",NA,"lab.Unmapped","2026-09-20T13:30:43Z","sec-exchange"
"TARA","Protara Therapeutics, Inc.","NASDAQ",NA,"lab.Unmapped","2026-09-20T13:30:43Z","sec-exchange"
"SIGA","SIGA TECHNOLOGIES INC","NASDAQ",NA,"lab.Unmapped","2026-09-20T13:30:43Z","sec-exchange"
"PTAC","Patriot Acquisition Corp./CI","NASDAQ",NA,"lab.Unmapped","2026-09-20T13:30:43Z","sec-exchange"
"KROS","Keros Therapeutics, Inc.","NASDAQ",NA,"lab.Unmapped","2026-09-20T13:30:43Z","sec-exchange"
"RICK","RCI HOSPITALITY HOLDINGS, INC.","NASDAQ",NA,"lab.Unmapped","2026-09-20T13:30:43Z","sec-exchange"
"PLX","Protalix BioTherapeutics, Inc.","NYSE",NA,"lab.Unmapped","2026-09-20T13:30:43Z","sec-exchange"
"SABA","Saba Capital Income & Opportunities Fund II","NYSE",NA,"lab.Unmapped","2026-09-20T13:30:43Z","sec-exchange"
"PROF","Profound Medical Corp.","NASDAQ",NA,"lab.Unmapped","2026-09-20T13:30:43Z","sec-exchange"
"HDSN","HUDSON TECHNOLOGIES INC /NY","NASDAQ",NA,"lab.Unmapped","2026-09-20T13:30:43Z","sec-exchange"
"TORO","TORO CORP.","NASDAQ",NA,"lab.Unmapped","2026-09-20T13:30:43Z","sec-exchange"
"KLTR","KALTURA INC","NASDAQ",NA,"lab.Unmapped","2026-09-20T13:30:43Z","sec-exchange"
"SPOK","Spok Holdings, Inc","NASDAQ",NA,"lab.Unmapped","2026-09-20T13:30:43Z","sec-exchange"
"CCAQ","COLLECTIVE ACQUISITION CORP.","NASDAQ",NA,"lab.Unmapped","2026-09-20T13:30:43Z","sec-exchange"
"MAMK","MaxsMaking Inc.","NASDAQ",NA,"lab.Unmapped","2026-09-20T13:30:43Z","sec-exchange"
"NSLR","Neostellar Capital Corp.","NASDAQ",NA,"lab.Unmapped","2026-09-20T13:30:43Z","sec-exchange"
"DPRO","Draganfly Inc.","NASDAQ",NA,"lab.Unmapped","2026-09-20T13:30:43Z","sec-exchange"
"GSHR","Gesher Acquisition Corp. II","NASDAQ",NA,"lab.Unmapped","2026-09-20T13:30:43Z","sec-exchange"
"RXST","RxSight, Inc.","NASDAQ",NA,"lab.Unmapped","2026-09-20T13:30:43Z","sec-exchange"
"AREC","American Resources Corp","NASDAQ",NA,"lab.Unmapped","2026-09-20T13:30:43Z","sec-exchange"
"FORR","FORRESTER RESEARCH, INC.","NASDAQ",NA,"lab.Unmapped","2026-09-20T13:30:43Z","sec-exchange"
"VRXA","Veraxa Biotech AG - Post de-SPAC","NASDAQ",NA,"lab.Unmapped","2026-09-20T13:30:43Z","sec-exchange"
"DHX","DHI GROUP, INC.","NYSE",NA,"lab.Unmapped","2026-09-20T13:30:43Z","sec-exchange"
"ANGI","Angi Inc.","NASDAQ",NA,"lab.Unmapped","2026-09-20T13:30:43Z","sec-exchange"
"FUFU","Bitfufu Inc.","NASDAQ",NA,"lab.Unmapped","2026-09-20T13:30:43Z","sec-exchange"
"ELDN","Eledon Pharmaceuticals, Inc.","NASDAQ",NA,"lab.Unmapped","2026-09-20T13:30:43Z","sec-exchange"
"AESP","Aeon Acquisition I Corp.","NASDAQ",NA,"lab.Unmapped","2026-09-20T13:30:43Z","sec-exchange"
"EGHA","EGH Acquisition Corp.","NASDAQ",NA,"lab.Unmapped","2026-09-20T13:30:43Z","sec-exchange"
"IDAC","Iron Dome Acquisition I Corp.","NASDAQ",NA,"lab.Unmapped","2026-09-20T13:30:43Z","sec-exchange"
"EXFY","Expensify, Inc.","NASDAQ",NA,"lab.Unmapped","2026-09-20T13:30:43Z","sec-exchange"
"DERM","Journey Medical Corp","NASDAQ",NA,"lab.Unmapped","2026-09-20T13:30:43Z","sec-exchange"
"CMT","CORE MOLDING TECHNOLOGIES INC","NYSE",NA,"lab.Unmapped","2026-09-20T13:30:43Z","sec-exchange"
"MFM","ABERDEEN MUNICIPAL INCOME FUND","NYSE",NA,"lab.Unmapped","2026-09-20T13:30:43Z","sec-exchange"
"HAVA","Harvard Ave Acquisition Corp","NASDAQ",NA,"lab.Unmapped","2026-09-20T13:30:43Z","sec-exchange"
"OVBC","OHIO VALLEY BANC CORP","NASDAQ",NA,"lab.Unmapped","2026-09-20T13:30:43Z","sec-exchange"
"IPHA","Innate Pharma SA","NASDAQ",NA,"lab.Unmapped","2026-09-20T13:30:43Z","sec-exchange"
"CMTG","Claros Mortgage Trust, Inc.","NYSE",NA,"lab.Unmapped","2026-09-20T13:30:43Z","sec-exchange"
"CTAA","Clearthink 1 Acquisition Corp.","NASDAQ",NA,"lab.Unmapped","2026-09-20T13:30:43Z","sec-exchange"
"PALO","PALOMA ACQUISITION CORP I","NASDAQ",NA,"lab.Unmapped","2026-09-20T13:30:43Z","sec-exchange"
"TDAC","Translational Development Acquisition Corp.","NASDAQ",NA,"lab.Unmapped","2026-09-20T13:30:43Z","sec-exchange"
"SLE","Super League Enterprise, Inc.","NASDAQ",NA,"lab.Unmapped","2026-09-20T13:30:43Z","sec-exchange"
"CHCI","Comstock Holding Companies, Inc.","NASDAQ",NA,"lab.Unmapped","2026-09-20T13:30:43Z","sec-exchange"
"ZUMZ","Zumiez Inc","NASDAQ",NA,"lab.Unmapped","2026-09-20T13:30:43Z","sec-exchange"
"SLGL","Sol-Gel Technologies Ltd.","NASDAQ",NA,"lab.Unmapped","2026-09-20T13:30:43Z","sec-exchange"
"CATL","Catalyst Acquisition Corp.","NASDAQ",NA,"lab.Unmapped","2026-09-20T13:30:43Z","sec-exchange"
"NCMI","National CineMedia, Inc.","NASDAQ",NA,"lab.Unmapped","2026-09-20T13:30:43Z","sec-exchange"
"GDEV","GDEV Inc.","NASDAQ",NA,"lab.Unmapped","2026-09-20T13:30:43Z","sec-exchange"
"BGIN","BGIN BLOCKCHAIN Ltd","NASDAQ",NA,"lab.Unmapped","2026-09-20T13:30:43Z","sec-exchange"
"ALMU","Aeluma, Inc.","NASDAQ",NA,"lab.Unmapped","2026-09-20T13:30:43Z","sec-exchange"
"LOVE","Lovesac Co","NASDAQ",NA,"lab.Unmapped","2026-09-20T13:30:43Z","sec-exchange"
"EAF","GRAFTECH INTERNATIONAL LTD","NYSE",NA,"lab.Unmapped","2026-09-20T13:30:43Z","sec-exchange"
"NEOV","NeoVolta Inc.","NASDAQ",NA,"lab.Unmapped","2026-09-20T13:30:43Z","sec-exchange"
"IIF","MORGAN STANLEY INDIA INVESTMENT FUND, INC.","NYSE",NA,"lab.Unmapped","2026-09-20T13:30:43Z","sec-exchange"
"CZWI","Citizens Community Bancorp Inc.","NASDAQ",NA,"lab.Unmapped","2026-09-20T13:30:43Z","sec-exchange"
"BYND","BEYOND MEAT, INC.","NASDAQ",NA,"lab.Unmapped","2026-09-20T13:30:43Z","sec-exchange"
"SRI","STONERIDGE INC","NYSE",NA,"lab.Unmapped","2026-09-20T13:30:43Z","sec-exchange"
"CPSS","CONSUMER PORTFOLIO SERVICES, INC.","NASDAQ",NA,"lab.Unmapped","2026-09-20T13:30:43Z","sec-exchange"
"PMA","PMA Graphene Technology Group Inc.","NASDAQ",NA,"lab.Unmapped","2026-09-20T13:30:43Z","sec-exchange"
"TVIV","Texas Ventures Acquisition IV Corp","NASDAQ",NA,"lab.Unmapped","2026-09-20T13:30:43Z","sec-exchange"
"ALEC","Alector, Inc.","NASDAQ",NA,"lab.Unmapped","2026-09-20T13:30:43Z","sec-exchange"
"SIDU","Sidus Space Inc.","NASDAQ",NA,"lab.Unmapped","2026-09-20T13:30:43Z","sec-exchange"
"MSLE","Satellos Bioscience Inc.","NASDAQ",NA,"lab.Unmapped","2026-09-20T13:30:43Z","sec-exchange"
"MPAA","MOTORCAR PARTS OF AMERICA INC","NASDAQ",NA,"lab.Unmapped","2026-09-20T13:30:43Z","sec-exchange"
"MRLN","Merlin, Inc.","NASDAQ",NA,"lab.Unmapped","2026-09-20T13:30:43Z","sec-exchange"
"PEPG","PepGen Inc.","NASDAQ",NA,"lab.Unmapped","2026-09-20T13:30:43Z","sec-exchange"
"FCAP","FIRST CAPITAL INC","NASDAQ",NA,"lab.Unmapped","2026-09-20T13:30:43Z","sec-exchange"
"MITT","TPG Mortgage Investment Trust, Inc.","NYSE",NA,"lab.Unmapped","2026-09-20T13:30:43Z","sec-exchange"
"ESOA","Energy Services of America CORP","NASDAQ",NA,"lab.Unmapped","2026-09-20T13:30:43Z","sec-exchange"
"MTAK","Market Technology Acquisition Corp","NASDAQ",NA,"lab.Unmapped","2026-09-20T13:30:43Z","sec-exchange"
"OSG","OCTAVE SPECIALTY GROUP INC","NYSE",NA,"lab.Unmapped","2026-09-20T13:30:43Z","sec-exchange"
"GSIT","GSI TECHNOLOGY INC","NASDAQ",NA,"lab.Unmapped","2026-09-20T13:30:43Z","sec-exchange"
"RBKB","Rhinebeck Bancorp, Inc.","NASDAQ",NA,"lab.Unmapped","2026-09-20T13:30:43Z","sec-exchange"
"ENHA","Enhanced Group Inc.","NYSE",NA,"lab.Unmapped","2026-09-20T13:30:43Z","sec-exchange"
"KTWO","K2 Capital Acquisition Corp","NASDAQ",NA,"lab.Unmapped","2026-09-20T13:30:43Z","sec-exchange"
"TPVG","TriplePoint Venture Growth BDC Corp.","NYSE",NA,"lab.Unmapped","2026-09-20T13:30:43Z","sec-exchange"
"AOMR","Angel Oak Mortgage REIT, Inc.","NYSE",NA,"lab.Unmapped","2026-09-20T13:30:43Z","sec-exchange"
"BANX","ArrowMark Financial Corp.","NASDAQ",NA,"lab.Unmapped","2026-09-20T13:30:43Z","sec-exchange"
"AOUT","American Outdoor Brands, Inc.","NASDAQ",NA,"lab.Unmapped","2026-09-20T13:30:43Z","sec-exchange"
"BEBE","TGE Value Creative Solutions Corp","NYSE",NA,"lab.Unmapped","2026-09-20T13:30:43Z","sec-exchange"
"LODE","Comstock Inc.","NYSE",NA,"lab.Unmapped","2026-09-20T13:30:43Z","sec-exchange"
"SGC","SUPERIOR GROUP OF COMPANIES, INC.","NASDAQ",NA,"lab.Unmapped","2026-09-20T13:30:43Z","sec-exchange"
"LARK","LANDMARK BANCORP INC","NASDAQ",NA,"lab.Unmapped","2026-09-20T13:30:43Z","sec-exchange"
"FIGX","FIGX Capital Acquisition Corp.","NASDAQ",NA,"lab.Unmapped","2026-09-20T13:30:43Z","sec-exchange"
"CEPL","Capstone Energy Plus, Inc.","NASDAQ",NA,"lab.Unmapped","2026-09-20T13:30:43Z","sec-exchange"
"FOCL","EDAP TMS SA","NASDAQ",NA,"lab.Unmapped","2026-09-20T13:30:43Z","sec-exchange"
"APMC","AmperCap Acquisition Co","NASDAQ",NA,"lab.Unmapped","2026-09-20T13:30:43Z","sec-exchange"
"SES","SES AI Corp","NYSE",NA,"lab.Unmapped","2026-09-20T13:30:43Z","sec-exchange"
"PERF","Perfect Corp.","NYSE",NA,"lab.Unmapped","2026-09-20T13:30:43Z","sec-exchange"
"ALTG","ALTA EQUIPMENT GROUP INC.","NYSE",NA,"lab.Unmapped","2026-09-20T13:30:43Z","sec-exchange"
"ETSS","Energy Transition Special Opportunities","NYSE",NA,"lab.Unmapped","2026-09-20T13:30:43Z","sec-exchange"
"NKTX","Nkarta, Inc.","NASDAQ",NA,"lab.Unmapped","2026-09-20T13:30:43Z","sec-exchange"
"LFAC","Leapfrog Acquisition Corp","NASDAQ",NA,"lab.Unmapped","2026-09-20T13:30:43Z","sec-exchange"
"MINE","MAYFAIR GOLD CORP.","NYSE",NA,"lab.Unmapped","2026-09-20T13:30:43Z","sec-exchange"
"AIIA","AI Infrastructure Acquisition Corp.","NYSE",NA,"lab.Unmapped","2026-09-20T13:30:43Z","sec-exchange"
"MIAC","Meridian3 Industrials Acquisition Corp","NASDAQ",NA,"lab.Unmapped","2026-09-20T13:30:43Z","sec-exchange"
"SRZN","Surrozen, Inc./DE","NASDAQ",NA,"lab.Unmapped","2026-09-20T13:30:43Z","sec-exchange"
"USDE","StableCoinX Inc.","NASDAQ",NA,"lab.Unmapped","2026-09-20T13:30:43Z","sec-exchange"
"GGT","GABELLI MULTIMEDIA TRUST INC.","NYSE",NA,"lab.Unmapped","2026-09-20T13:30:43Z","sec-exchange"
"TAYD","TAYLOR DEVICES, INC.","NASDAQ",NA,"lab.Unmapped","2026-09-20T13:30:43Z","sec-exchange"
"ORMP","ORAMED PHARMACEUTICALS INC.","NASDAQ",NA,"lab.Unmapped","2026-09-20T13:30:43Z","sec-exchange"
"TNXP","Tonix Pharmaceuticals Holding Corp.","NASDAQ",NA,"lab.Unmapped","2026-09-20T13:30:43Z","sec-exchange"
"QMLS","QumulusAI, Inc.","NASDAQ",NA,"lab.Unmapped","2026-09-20T13:30:43Z","sec-exchange"
"QUIK","QUICKLOGIC Corp","NASDAQ",NA,"lab.Unmapped","2026-09-20T13:30:43Z","sec-exchange"
"EXOD","Exodus Movement, Inc.","NYSE",NA,"lab.Unmapped","2026-09-20T13:30:43Z","sec-exchange"
"DEFT","Defi Technologies, Inc.","NASDAQ",NA,"lab.Unmapped","2026-09-20T13:30:43Z","sec-exchange"
"ETX","Eaton Vance Municipal Income 2028 Term Trust","NYSE",NA,"lab.Unmapped","2026-09-20T13:30:43Z","sec-exchange"
"PED","PEDEVCO CORP","NYSE",NA,"lab.Unmapped","2026-09-20T13:30:43Z","sec-exchange"
"FLYX","FLYEXCLUSIVE INC.","NYSE",NA,"lab.Unmapped","2026-09-20T13:30:43Z","sec-exchange"
"XLAB","Exascale Labs Holdings Inc.","NASDAQ",NA,"lab.Unmapped","2026-09-20T13:30:43Z","sec-exchange"
"NPV","NUVEEN VIRGINIA QUALITY MUNICIPAL INCOME FUND","NYSE",NA,"lab.Unmapped","2026-09-20T13:30:43Z","sec-exchange"
"GCTS","GCT Semiconductor Holding, Inc.","NYSE",NA,"lab.Unmapped","2026-09-20T13:30:43Z","sec-exchange"
"LCUT","LIFETIME BRANDS, INC","NASDAQ",NA,"lab.Unmapped","2026-09-20T13:30:43Z","sec-exchange"
"CRNT","CERAGON NETWORKS LTD","NASDAQ",NA,"lab.Unmapped","2026-09-20T13:30:43Z","sec-exchange"
"SAFX","XCF Global, Inc.","NASDAQ",NA,"lab.Unmapped","2026-09-20T13:30:43Z","sec-exchange"
"ANTX","AN2 Therapeutics, Inc.","NASDAQ",NA,"lab.Unmapped","2026-09-20T13:30:43Z","sec-exchange"
"CHRS","Coherus Oncology, Inc.","NASDAQ",NA,"lab.Unmapped","2026-09-20T13:30:43Z","sec-exchange"
"BID","Tribeca Strategic Acquisition Corp.","NASDAQ",NA,"lab.Unmapped","2026-09-20T13:30:43Z","sec-exchange"
"CBFV","CB Financial Services, Inc.","NASDAQ",NA,"lab.Unmapped","2026-09-20T13:30:43Z","sec-exchange"
"ACOG","Alpha Cognition Inc.","NASDAQ",NA,"lab.Unmapped","2026-09-20T13:30:43Z","sec-exchange"
"CXDO","Crexendo, Inc.","NASDAQ",NA,"lab.Unmapped","2026-09-20T13:30:43Z","sec-exchange"
"OZ","Belpointe PREP, LLC","NYSE",NA,"lab.Unmapped","2026-09-20T13:30:43Z","sec-exchange"
"OMSE","OMS Energy Technologies Inc.","NASDAQ",NA,"lab.Unmapped","2026-09-20T13:30:43Z","sec-exchange"
"AMPY","Amplify Energy Corp.","NYSE",NA,"lab.Unmapped","2026-09-20T13:30:43Z","sec-exchange"
"XGN","EXAGEN INC.","NASDAQ",NA,"lab.Unmapped","2026-09-20T13:30:43Z","sec-exchange"
"HNVR","Hanover Bancorp, Inc. /MD","NASDAQ",NA,"lab.Unmapped","2026-09-20T13:30:43Z","sec-exchange"
"ECBK","ECB Bancorp, Inc. /MD/","NASDAQ",NA,"lab.Unmapped","2026-09-20T13:30:43Z","sec-exchange"
"AIIO","ROBO.AI INC.","NASDAQ",NA,"lab.Unmapped","2026-09-20T13:30:43Z","sec-exchange"
"SPMC","Sound Point Meridian Capital, Inc.","NYSE",NA,"lab.Unmapped","2026-09-20T13:30:43Z","sec-exchange"
"IDE","Voya Infrastructure, Industrials & Materials Fund","NYSE",NA,"lab.Unmapped","2026-09-20T13:30:43Z","sec-exchange"
"NBP","NovaBridge Biosciences","NASDAQ",NA,"lab.Unmapped","2026-09-20T13:30:43Z","sec-exchange"
"FNWD","Finward Bancorp","NASDAQ",NA,"lab.Unmapped","2026-09-20T13:30:43Z","sec-exchange"
"TOYO","TOYO Co., Ltd","NASDAQ",NA,"lab.Unmapped","2026-09-20T13:30:43Z","sec-exchange"
"XPOF","Xponential Fitness, Inc.","NYSE",NA,"lab.Unmapped","2026-09-20T13:30:43Z","sec-exchange"
"VYGR","Voyager Therapeutics, Inc.","NASDAQ",NA,"lab.Unmapped","2026-09-20T13:30:43Z","sec-exchange"
"NEN","NEW ENGLAND REALTY ASSOCIATES LIMITED PARTNERSHIP","NYSE",NA,"lab.Unmapped","2026-09-20T13:30:43Z","sec-exchange"
"USBC","USBC, Inc.","NYSE",NA,"lab.Unmapped","2026-09-20T13:30:43Z","sec-exchange"
"SBFG","SB FINANCIAL GROUP, INC.","NASDAQ",NA,"lab.Unmapped","2026-09-20T13:30:43Z","sec-exchange"
"ABOS","Acumen Pharmaceuticals, Inc.","NASDAQ",NA,"lab.Unmapped","2026-09-20T13:30:43Z","sec-exchange"
"MPV","BARINGS PARTICIPATION INVESTORS","NYSE",NA,"lab.Unmapped","2026-09-20T13:30:43Z","sec-exchange"
"NUCL","Eagle Nuclear Energy Corp.","NASDAQ",NA,"lab.Unmapped","2026-09-20T13:30:43Z","sec-exchange"
"RVII","Robinhood Ventures Fund II","NYSE",NA,"lab.Unmapped","2026-09-20T13:30:43Z","sec-exchange"
"DMB","BNY Mellon Municipal Bond Infrastructure Fund, Inc.","NYSE",NA,"lab.Unmapped","2026-09-20T13:30:43Z","sec-exchange"
"UIS","UNISYS CORP","NYSE",NA,"lab.Unmapped","2026-09-20T13:30:43Z","sec-exchange"
"DOMO","DOMO, INC.","NASDAQ",NA,"lab.Unmapped","2026-09-20T13:30:43Z","sec-exchange"
"WIA","WESTERN ASSET INFLATION-LINKED INCOME FUND","NYSE",NA,"lab.Unmapped","2026-09-20T13:30:43Z","sec-exchange"
"EU","enCore Energy Corp.","NASDAQ",NA,"lab.Unmapped","2026-09-20T13:30:43Z","sec-exchange"
"GF","NEW GERMANY FUND INC","NYSE",NA,"lab.Unmapped","2026-09-20T13:30:43Z","sec-exchange"
"SSTK","Shutterstock, Inc.","NYSE",NA,"lab.Unmapped","2026-09-20T13:30:43Z","sec-exchange"
"GPAT","GP-Act III Acquisition Corp.","NASDAQ",NA,"lab.Unmapped","2026-09-20T13:30:43Z","sec-exchange"
"EPSN","Epsilon Energy Ltd.","NASDAQ",NA,"lab.Unmapped","2026-09-20T13:30:43Z","sec-exchange"
"PLG","PLATINUM GROUP METALS LTD","NYSE",NA,"lab.Unmapped","2026-09-20T13:30:43Z","sec-exchange"
"PAAC","Proem Acquisition Corp. I","NASDAQ",NA,"lab.Unmapped","2026-09-20T13:30:43Z","sec-exchange"
"ARCL","ARC Group Acquisition I Corp.","NASDAQ",NA,"lab.Unmapped","2026-09-20T13:30:43Z","sec-exchange"
"XYF","X Financial","NYSE",NA,"lab.Unmapped","2026-09-20T13:30:43Z","sec-exchange"
"OPP","RiverNorth/DoubleLine Strategic Opportunity Fund, Inc.","NYSE",NA,"lab.Unmapped","2026-09-20T13:30:43Z","sec-exchange"
"DTIL","PRECISION BIOSCIENCES INC","NASDAQ",NA,"lab.Unmapped","2026-09-20T13:30:43Z","sec-exchange"
"KRRO","Korro Bio, Inc.","NASDAQ",NA,"lab.Unmapped","2026-09-20T13:30:43Z","sec-exchange"
"MNSB","MainStreet Bancshares, Inc.","NASDAQ",NA,"lab.Unmapped","2026-09-20T13:30:43Z","sec-exchange"
"FINW","Finwise Bancorp","NASDAQ",NA,"lab.Unmapped","2026-09-20T13:30:43Z","sec-exchange"
"RDCM","RADCOM LTD","NASDAQ",NA,"lab.Unmapped","2026-09-20T13:30:43Z","sec-exchange"
"CIA","CITIZENS, INC.","NYSE",NA,"lab.Unmapped","2026-09-20T13:30:43Z","sec-exchange"
"VLN","Valens Semiconductor Ltd.","NYSE",NA,"lab.Unmapped","2026-09-20T13:30:43Z","sec-exchange"
"CHEC","Chenghe Acquisition III Co.","NASDAQ",NA,"lab.Unmapped","2026-09-20T13:30:43Z","sec-exchange"
"BVFL","BV Financial, Inc.","NASDAQ",NA,"lab.Unmapped","2026-09-20T13:30:43Z","sec-exchange"
"BWIV","Blue Water Acquisition Corp. IV","NYSE",NA,"lab.Unmapped","2026-09-20T13:30:43Z","sec-exchange"
"EBMT","Eagle Bancorp Montana, Inc.","NASDAQ",NA,"lab.Unmapped","2026-09-20T13:30:43Z","sec-exchange"
"WHG","WESTWOOD HOLDINGS GROUP INC","NYSE",NA,"lab.Unmapped","2026-09-20T13:30:43Z","sec-exchange"
"AP","AMPCO PITTSBURGH CORP","NYSE",NA,"lab.Unmapped","2026-09-20T13:30:43Z","sec-exchange"
"ORGO","Organogenesis Holdings Inc.","NASDAQ",NA,"lab.Unmapped","2026-09-20T13:30:43Z","sec-exchange"
"MRT","Marti Technologies, Inc.","NYSE",NA,"lab.Unmapped","2026-09-20T13:30:43Z","sec-exchange"
"FTHA","Forefront Tech Holdings Acquisition Corp","NASDAQ",NA,"lab.Unmapped","2026-09-20T13:30:43Z","sec-exchange"
"JRVR","James River Group Holdings, Inc.","NASDAQ",NA,"lab.Unmapped","2026-09-20T13:30:43Z","sec-exchange"
"PONO","Pono Capital Four, Inc.","NASDAQ",NA,"lab.Unmapped","2026-09-20T13:30:43Z","sec-exchange"
"NRO","NEUBERGER REAL ESTATE SECURITIES INCOME FUND INC","NYSE",NA,"lab.Unmapped","2026-09-20T13:30:43Z","sec-exchange"
"FIRY","Firy Inc.","NYSE",NA,"lab.Unmapped","2026-09-20T13:30:43Z","sec-exchange"
"CNTN","Canton Strategic Holdings, Inc.","NASDAQ",NA,"lab.Unmapped","2026-09-20T13:30:43Z","sec-exchange"
"LAWR","Robot Consulting Co., Ltd.","NASDAQ",NA,"lab.Unmapped","2026-09-20T13:30:43Z","sec-exchange"
"HGLB","HIGHLAND GLOBAL ALLOCATION FUND","NYSE",NA,"lab.Unmapped","2026-09-20T13:30:43Z","sec-exchange"
"MRDN","Meridian Holdings Inc./NV","NASDAQ",NA,"lab.Unmapped","2026-09-20T13:30:43Z","sec-exchange"
"TCGX","TCGX Acquisition Corp.","NASDAQ",NA,"lab.Unmapped","2026-09-20T13:30:43Z","sec-exchange"
"MDWD","MediWound Ltd.","NASDAQ",NA,"lab.Unmapped","2026-09-20T13:30:43Z","sec-exchange"
"TAVI","Tavia Acquisition Corp.","NASDAQ",NA,"lab.Unmapped","2026-09-20T13:30:43Z","sec-exchange"
"EDF","Virtus Stone Harbor Emerging Markets Income Fund","NYSE",NA,"lab.Unmapped","2026-09-20T13:30:43Z","sec-exchange"
"QSI","Quantum-Si Inc","NASDAQ",NA,"lab.Unmapped","2026-09-20T13:30:43Z","sec-exchange"
"NERV","Minerva Neurosciences, Inc.","NASDAQ",NA,"lab.Unmapped","2026-09-20T13:30:43Z","sec-exchange"
"SKYX","SKYX Platforms Corp.","NASDAQ",NA,"lab.Unmapped","2026-09-20T13:30:43Z","sec-exchange"
"EHI","WESTERN ASSET GLOBAL HIGH INCOME FUND INC.","NYSE",NA,"lab.Unmapped","2026-09-20T13:30:43Z","sec-exchange"
"FLC","FLAHERTY & CRUMRINE TOTAL RETURN FUND INC","NYSE",NA,"lab.Unmapped","2026-09-20T13:30:43Z","sec-exchange"
"TONX","TON Strategy Co","NASDAQ",NA,"lab.Unmapped","2026-09-20T13:30:43Z","sec-exchange"
"LFCR","LIFECORE BIOMEDICAL, INC. DE","NASDAQ",NA,"lab.Unmapped","2026-09-20T13:30:43Z","sec-exchange"
"SEVN","Seven Hills Realty Trust","NASDAQ",NA,"lab.Unmapped","2026-09-20T13:30:43Z","sec-exchange"
"MNOV","MEDICINOVA INC","NASDAQ",NA,"lab.Unmapped","2026-09-20T13:30:43Z","sec-exchange"
"OTLK","Outlook Therapeutics, Inc.","NASDAQ",NA,"lab.Unmapped","2026-09-20T13:30:43Z","sec-exchange"
"CURI","CuriosityStream Inc.","NASDAQ",NA,"lab.Unmapped","2026-09-20T13:30:43Z","sec-exchange"
"ECF","ELLSWORTH GROWTH & INCOME FUND LTD","NYSE",NA,"lab.Unmapped","2026-09-20T13:30:43Z","sec-exchange"
"DHF","BNY MELLON HIGH YIELD STRATEGIES FUND","NYSE",NA,"lab.Unmapped","2026-09-20T13:30:43Z","sec-exchange"
"NMP","NMP Acquisition Corp.","NASDAQ",NA,"lab.Unmapped","2026-09-20T13:30:43Z","sec-exchange"
"NIU","Niu Technologies","NASDAQ",NA,"lab.Unmapped","2026-09-20T13:30:43Z","sec-exchange"
"AIRS","Airsculpt Technologies, Inc.","NASDAQ",NA,"lab.Unmapped","2026-09-20T13:30:43Z","sec-exchange"
"FLWS","1 800 FLOWERS COM INC","NASDAQ",NA,"lab.Unmapped","2026-09-20T13:30:43Z","sec-exchange"
"VBF","Invesco Bond Fund","NYSE",NA,"lab.Unmapped","2026-09-20T13:30:43Z","sec-exchange"
"RNA","Atrium Therapeutics, Inc.","NASDAQ",NA,"lab.Unmapped","2026-09-20T13:30:43Z","sec-exchange"
"JELD","JELD-WEN Holding, Inc.","NYSE",NA,"lab.Unmapped","2026-09-20T13:30:43Z","sec-exchange"
"BZUN","Baozun Inc.","NASDAQ",NA,"lab.Unmapped","2026-09-20T13:30:43Z","sec-exchange"
"WW","WW INTERNATIONAL, INC.","NASDAQ",NA,"lab.Unmapped","2026-09-20T13:30:43Z","sec-exchange"
"DFDV","DeFi Development Corp.","NASDAQ",NA,"lab.Unmapped","2026-09-20T13:30:43Z","sec-exchange"
"SAGU","Shreya Acquisition Group","NYSE",NA,"lab.Unmapped","2026-09-20T13:30:43Z","sec-exchange"
"EMIS","Emmis Acquisition Corp.","NASDAQ",NA,"lab.Unmapped","2026-09-20T13:30:43Z","sec-exchange"
"DLTH","DULUTH HOLDINGS INC.","NASDAQ",NA,"lab.Unmapped","2026-09-20T13:30:43Z","sec-exchange"
"QRED","QuasarEdge Acquisition Corp","NYSE",NA,"lab.Unmapped","2026-09-20T13:30:43Z","sec-exchange"
"LKSP","Lake Superior Acquisition Corp","NASDAQ",NA,"lab.Unmapped","2026-09-20T13:30:43Z","sec-exchange"
"LEE","LEE ENTERPRISES, Inc","NASDAQ",NA,"lab.Unmapped","2026-09-20T13:30:43Z","sec-exchange"
"WENC","West Enclave Merger Corp.","NYSE",NA,"lab.Unmapped","2026-09-20T13:30:43Z","sec-exchange"
"GLED","GalaxyEdge Acquisition Corp","NYSE",NA,"lab.Unmapped","2026-09-20T13:30:43Z","sec-exchange"
"EARN","Ellington Credit Co","NYSE",NA,"lab.Unmapped","2026-09-20T13:30:43Z","sec-exchange"
"LAFA","LaFayette Acquisition Corp.","NASDAQ",NA,"lab.Unmapped","2026-09-20T13:30:43Z","sec-exchange"
"WHF","WhiteHorse Finance, Inc.","NASDAQ",NA,"lab.Unmapped","2026-09-20T13:30:43Z","sec-exchange"
"BRCB","Black Rock Coffee Bar, Inc.","NASDAQ",NA,"lab.Unmapped","2026-09-20T13:30:43Z","sec-exchange"
"HUMA","Humacyte, Inc.","NASDAQ",NA,"lab.Unmapped","2026-09-20T13:30:43Z","sec-exchange"
"ONEW","OneWater Marine Inc.","NASDAQ",NA,"lab.Unmapped","2026-09-20T13:30:43Z","sec-exchange"
"SPEG","Silver Pegasus Acquisition Corp.","NASDAQ",NA,"lab.Unmapped","2026-09-20T13:30:43Z","sec-exchange"
"NPWR","Net Power Inc.","NYSE",NA,"lab.Unmapped","2026-09-20T13:30:43Z","sec-exchange"
"FMAC","Future Money Acquisition Corp","NASDAQ",NA,"lab.Unmapped","2026-09-20T13:30:43Z","sec-exchange"
"DOUG","Douglas Elliman Inc.","NYSE",NA,"lab.Unmapped","2026-09-20T13:30:43Z","sec-exchange"
"PAAI","Paradium.AI, Inc.","NYSE",NA,"lab.Unmapped","2026-09-20T13:30:43Z","sec-exchange"
"NLOP","Net Lease Office Properties","NYSE",NA,"lab.Unmapped","2026-09-20T13:30:43Z","sec-exchange"
"MENS","Jyong Biotech Ltd.","NASDAQ",NA,"lab.Unmapped","2026-09-20T13:30:43Z","sec-exchange"
"WPAC","White Pearl Acquisition Corp.","NYSE",NA,"lab.Unmapped","2026-09-20T13:30:43Z","sec-exchange"
"ATOM","Atomera Inc","NASDAQ",NA,"lab.Unmapped","2026-09-20T13:30:43Z","sec-exchange"
"DVLT","Datavault AI Inc.","NASDAQ",NA,"lab.Unmapped","2026-09-20T13:30:43Z","sec-exchange"
"OCAC","Ocean Capital Acquisition Corp","NYSE",NA,"lab.Unmapped","2026-09-20T13:30:43Z","sec-exchange"
"SPRB","SPRUCE BIOSCIENCES, INC.","NASDAQ",NA,"lab.Unmapped","2026-09-20T13:30:43Z","sec-exchange"
"HTLM","HomesToLife Ltd","NASDAQ",NA,"lab.Unmapped","2026-09-20T13:30:43Z","sec-exchange"
"LFMD","LifeMD, Inc.","NASDAQ",NA,"lab.Unmapped","2026-09-20T13:30:43Z","sec-exchange"
"PNI","PIMCO NEW YORK MUNICIPAL INCOME FUND II","NYSE",NA,"lab.Unmapped","2026-09-20T13:30:43Z","sec-exchange"
"OGI","ORGANIGRAM GLOBAL INC.","NASDAQ",NA,"lab.Unmapped","2026-09-20T13:30:43Z","sec-exchange"
"TRAK","ReposiTrak, Inc.","NYSE",NA,"lab.Unmapped","2026-09-20T13:30:43Z","sec-exchange"
"TONT","Graf Global Corp.","NYSE",NA,"lab.Unmapped","2026-09-20T13:30:43Z","sec-exchange"
"DCX","Digital Currency X Technology Inc.","NASDAQ",NA,"lab.Unmapped","2026-09-20T13:30:43Z","sec-exchange"
"DAVA","Endava plc","NYSE",NA,"lab.Unmapped","2026-09-20T13:30:43Z","sec-exchange"
"NYXH","Nyxoah SA","NASDAQ",NA,"lab.Unmapped","2026-09-20T13:30:43Z","sec-exchange"
"BCBP","BCB BANCORP INC","NASDAQ",NA,"lab.Unmapped","2026-09-20T13:30:43Z","sec-exchange"
"ARMP","Armata Pharmaceuticals, Inc.","NYSE",NA,"lab.Unmapped","2026-09-20T13:30:43Z","sec-exchange"
"INAC","Indigo Acquisition Corp.","NASDAQ",NA,"lab.Unmapped","2026-09-20T13:30:43Z","sec-exchange"
"TNYA","Tenaya Therapeutics, Inc.","NASDAQ",NA,"lab.Unmapped","2026-09-20T13:30:43Z","sec-exchange"
"TUSK","MAMMOTH ENERGY SERVICES, INC.","NASDAQ",NA,"lab.Unmapped","2026-09-20T13:30:43Z","sec-exchange"
"WYHG","Wing Yip Food Holdings Group Ltd","NASDAQ",NA,"lab.Unmapped","2026-09-20T13:30:43Z","sec-exchange"
"SITC","SITE Centers Corp.","NYSE",NA,"lab.Unmapped","2026-09-20T13:30:43Z","sec-exchange"
"CEPS","Cantor Equity Partners VI, Inc.","NASDAQ",NA,"lab.Unmapped","2026-09-20T13:30:43Z","sec-exchange"
"CAAS","China Automotive Systems, Inc.","NASDAQ",NA,"lab.Unmapped","2026-09-20T13:30:43Z","sec-exchange"
"CNXU","Conexeu Sciences Inc.","NASDAQ",NA,"lab.Unmapped","2026-09-20T13:30:43Z","sec-exchange"
"GNT","GAMCO Natural Resources, Gold & Income Trust","NYSE",NA,"lab.Unmapped","2026-09-20T13:30:43Z","sec-exchange"
"YCY","AA Mission Acquisition Corp. II","NYSE",NA,"lab.Unmapped","2026-09-20T13:30:43Z","sec-exchange"
"AGPU","Axe Compute Inc.","NASDAQ",NA,"lab.Unmapped","2026-09-20T13:30:43Z","sec-exchange"
"BSET","BASSETT FURNITURE INDUSTRIES INC","NASDAQ",NA,"lab.Unmapped","2026-09-20T13:30:43Z","sec-exchange"
"MOLN","MOLECULAR PARTNERS AG","NASDAQ",NA,"lab.Unmapped","2026-09-20T13:30:43Z","sec-exchange"
"NRXP","NRX Pharmaceuticals, Inc.","NASDAQ",NA,"lab.Unmapped","2026-09-20T13:30:43Z","sec-exchange"
"NAKA","Nakamoto Inc.","NASDAQ",NA,"lab.Unmapped","2026-09-20T13:30:43Z","sec-exchange"
"EML","EASTERN CO","NASDAQ",NA,"lab.Unmapped","2026-09-20T13:30:43Z","sec-exchange"
"HURC","HURCO COMPANIES INC","NASDAQ",NA,"lab.Unmapped","2026-09-20T13:30:43Z","sec-exchange"
"QTRX","Quanterix Corp","NASDAQ",NA,"lab.Unmapped","2026-09-20T13:30:43Z","sec-exchange"
"EPM","EVOLUTION PETROLEUM CORP","NYSE",NA,"lab.Unmapped","2026-09-20T13:30:43Z","sec-exchange"
"CLLS","Cellectis S.A.","NASDAQ",NA,"lab.Unmapped","2026-09-20T13:30:43Z","sec-exchange"
"KRMD","KORU Medical Systems, Inc.","NASDAQ",NA,"lab.Unmapped","2026-09-20T13:30:43Z","sec-exchange"
"BRLT","Brilliant Earth Group, Inc.","NASDAQ",NA,"lab.Unmapped","2026-09-20T13:30:43Z","sec-exchange"
"APUR","Aperture AC","NASDAQ",NA,"lab.Unmapped","2026-09-20T13:30:43Z","sec-exchange"
"PIM","FRANKLIN MASTER INTERMEDIATE INCOME TRUST","NYSE",NA,"lab.Unmapped","2026-09-20T13:30:43Z","sec-exchange"
"CLPR","Clipper Realty Inc.","NYSE",NA,"lab.Unmapped","2026-09-20T13:30:43Z","sec-exchange"
"HLP","Hongli Group Inc.","NASDAQ",NA,"lab.Unmapped","2026-09-20T13:30:43Z","sec-exchange"
"ALPX","Alpex Acquisition Corp","NASDAQ",NA,"lab.Unmapped","2026-09-20T13:30:43Z","sec-exchange"
"ELME","Elme Communities","NYSE",NA,"lab.Unmapped","2026-09-20T13:30:43Z","sec-exchange"
"LANV","Lanvin Group Holdings Ltd","NYSE",NA,"lab.Unmapped","2026-09-20T13:30:43Z","sec-exchange"
"VTN","Invesco Trust for Investment Grade New York Municipals","NYSE",NA,"lab.Unmapped","2026-09-20T13:30:43Z","sec-exchange"
"NCO","Southern Cross Acquisition I Corp.","NASDAQ",NA,"lab.Unmapped","2026-09-20T13:30:43Z","sec-exchange"
"TRAD","APEX Tech Acquisition Inc.","NYSE",NA,"lab.Unmapped","2026-09-20T13:30:43Z","sec-exchange"
"BMN","BlackRock 2037 Municipal Target Term Trust","NYSE",NA,"lab.Unmapped","2026-09-20T13:30:43Z","sec-exchange"
"SHIM","Shimmick Corp","NASDAQ",NA,"lab.Unmapped","2026-09-20T13:30:43Z","sec-exchange"
"WALD","Waldencast plc","NASDAQ",NA,"lab.Unmapped","2026-09-20T13:30:43Z","sec-exchange"
"GRO","Brazil Potash Corp.","NYSE",NA,"lab.Unmapped","2026-09-20T13:30:43Z","sec-exchange"
"OCLT","OceanLight Acquisition Corp","NASDAQ",NA,"lab.Unmapped","2026-09-20T13:30:43Z","sec-exchange"
"CTW","CTW","NASDAQ",NA,"lab.Unmapped","2026-09-20T13:30:43Z","sec-exchange"
"LUCD","Lucid Diagnostics Inc.","NASDAQ",NA,"lab.Unmapped","2026-09-20T13:30:43Z","sec-exchange"
"MYX","Maywood Acquisition Corp. 2","NASDAQ",NA,"lab.Unmapped","2026-09-20T13:30:43Z","sec-exchange"
"SPE","SPECIAL OPPORTUNITIES FUND, INC.","NYSE",NA,"lab.Unmapped","2026-09-20T13:30:43Z","sec-exchange"
"STEX","Streamex Corp.","NASDAQ",NA,"lab.Unmapped","2026-09-20T13:30:43Z","sec-exchange"
"ZJYL","Jin Medical International Ltd.","NASDAQ",NA,"lab.Unmapped","2026-09-20T13:30:43Z","sec-exchange"
"XFLH","XFLH Capital Corp","NYSE",NA,"lab.Unmapped","2026-09-20T13:30:43Z","sec-exchange"
"MSD","MORGAN STANLEY EMERGING MARKETS DEBT FUND INC","NYSE",NA,"lab.Unmapped","2026-09-20T13:30:43Z","sec-exchange"
"DOYU","DouYu International Holdings Ltd","NASDAQ",NA,"lab.Unmapped","2026-09-20T13:30:43Z","sec-exchange"
"EGAN","EGAIN Corp","NASDAQ",NA,"lab.Unmapped","2026-09-20T13:30:43Z","sec-exchange"
"LSBK","Lake Shore Bancorp, Inc. /MD/","NASDAQ",NA,"lab.Unmapped","2026-09-20T13:30:43Z","sec-exchange"
"TLAC","Three Lions Acquisition Corp.","NASDAQ",NA,"lab.Unmapped","2026-09-20T13:30:43Z","sec-exchange"
"MHF","WESTERN ASSET MUNICIPAL HIGH INCOME FUND INC.","NYSE",NA,"lab.Unmapped","2026-09-20T13:30:43Z","sec-exchange"
"FGBI","First Guaranty Bancshares, Inc.","NASDAQ",NA,"lab.Unmapped","2026-09-20T13:30:43Z","sec-exchange"
"GHI","Greystone Housing Impact Investors LP","NYSE",NA,"lab.Unmapped","2026-09-20T13:30:43Z","sec-exchange"
"NINE","Nine Energy Service, Inc.","NYSE",NA,"lab.Unmapped","2026-09-20T13:30:43Z","sec-exchange"
"NSAI","NorthStrive Acquisition Corp I.","NASDAQ",NA,"lab.Unmapped","2026-09-20T13:30:43Z","sec-exchange"
"OPRX","OptimizeRx Corp","NASDAQ",NA,"lab.Unmapped","2026-09-20T13:30:43Z","sec-exchange"
"BRCC","BRC Inc.","NYSE",NA,"lab.Unmapped","2026-09-20T13:30:43Z","sec-exchange"
"PFD","FLAHERTY & CRUMRINE PREFERRED & INCOME FUND INC","NYSE",NA,"lab.Unmapped","2026-09-20T13:30:43Z","sec-exchange"
"SRBK","SR Bancorp, Inc.","NASDAQ",NA,"lab.Unmapped","2026-09-20T13:30:43Z","sec-exchange"
"DIBS","1stdibs.com, Inc.","NASDAQ",NA,"lab.Unmapped","2026-09-20T13:30:43Z","sec-exchange"
"PLUN","Plutonian Acquisition Corp. II","NYSE",NA,"lab.Unmapped","2026-09-20T13:30:43Z","sec-exchange"
"CDXS","CODEXIS, INC.","NASDAQ",NA,"lab.Unmapped","2026-09-20T13:30:43Z","sec-exchange"
"BMHL","Bluemount Holdings Ltd","NASDAQ",NA,"lab.Unmapped","2026-09-20T13:30:43Z","sec-exchange"
"IMUX","IMMUNIC, INC.","NASDAQ",NA,"lab.Unmapped","2026-09-20T13:30:43Z","sec-exchange"
"BHAV","BHAV Acquisition Corp","NASDAQ",NA,"lab.Unmapped","2026-09-20T13:30:43Z","sec-exchange"
"NMRA","Neumora Therapeutics, Inc.","NASDAQ",NA,"lab.Unmapped","2026-09-20T13:30:43Z","sec-exchange"
"GRX","Gabelli Healthcare & WellnessRx Trust","NYSE",NA,"lab.Unmapped","2026-09-20T13:30:43Z","sec-exchange"
"CRBU","Caribou Biosciences, Inc.","NASDAQ",NA,"lab.Unmapped","2026-09-20T13:30:43Z","sec-exchange"
"RGP","RESOURCES CONNECTION, INC.","NASDAQ",NA,"lab.Unmapped","2026-09-20T13:30:43Z","sec-exchange"
"CRBP","Corbus Pharmaceuticals Holdings, Inc.","NASDAQ",NA,"lab.Unmapped","2026-09-20T13:30:43Z","sec-exchange"
"HOFT","HOOKER FURNISHINGS Corp","NASDAQ",NA,"lab.Unmapped","2026-09-20T13:30:43Z","sec-exchange"
"RRGB","RED ROBIN GOURMET BURGERS INC","NASDAQ",NA,"lab.Unmapped","2026-09-20T13:30:43Z","sec-exchange"
"AMTX","AEMETIS, INC","NASDAQ",NA,"lab.Unmapped","2026-09-20T13:30:43Z","sec-exchange"
"RFAM","RF Acquisition Corp III","NASDAQ",NA,"lab.Unmapped","2026-09-20T13:30:43Z","sec-exchange"
"ONL","Orion Properties Inc.","NYSE",NA,"lab.Unmapped","2026-09-20T13:30:43Z","sec-exchange"
"AMBR","Amber International Holding Ltd","NASDAQ",NA,"lab.Unmapped","2026-09-20T13:30:43Z","sec-exchange"
"COOK","Traeger, Inc.","NYSE",NA,"lab.Unmapped","2026-09-20T13:30:43Z","sec-exchange"
"BNR","Burning Rock Biotech Ltd","NASDAQ",NA,"lab.Unmapped","2026-09-20T13:30:43Z","sec-exchange"
"CLAR","Clarus Corp","NASDAQ",NA,"lab.Unmapped","2026-09-20T13:30:43Z","sec-exchange"
"HSDT","Solana Co","NASDAQ",NA,"lab.Unmapped","2026-09-20T13:30:43Z","sec-exchange"
"UAC","United Acquisition Corp. I","NYSE",NA,"lab.Unmapped","2026-09-20T13:30:43Z","sec-exchange"
"OXSQ","Oxford Square Capital Corp.","NASDAQ",NA,"lab.Unmapped","2026-09-20T13:30:43Z","sec-exchange"
"LGCL","Lucas GC Ltd","NASDAQ",NA,"lab.Unmapped","2026-09-20T13:30:43Z","sec-exchange"
"INGN","Inogen Inc","NASDAQ",NA,"lab.Unmapped","2026-09-20T13:30:43Z","sec-exchange"
"ZENA","ZenaTech, Inc.","NASDAQ",NA,"lab.Unmapped","2026-09-20T13:30:43Z","sec-exchange"
"INTT","INTEST CORP","NYSE",NA,"lab.Unmapped","2026-09-20T13:30:43Z","sec-exchange"
"SCPQ","Social Commerce Partners Corp","NASDAQ",NA,"lab.Unmapped","2026-09-20T13:30:43Z","sec-exchange"
"IPEX","Inflection Point Acquisition Corp. V","NASDAQ",NA,"lab.Unmapped","2026-09-20T13:30:43Z","sec-exchange"
"ZSQR","Z Squared Inc.","NASDAQ",NA,"lab.Unmapped","2026-09-20T13:30:43Z","sec-exchange"
"DLNG","Dynagas LNG Partners LP","NYSE",NA,"lab.Unmapped","2026-09-20T13:30:43Z","sec-exchange"
"HCAT","Health Catalyst, Inc.","NASDAQ",NA,"lab.Unmapped","2026-09-20T13:30:43Z","sec-exchange"
"HEQ","John Hancock Diversified Income Fund","NYSE",NA,"lab.Unmapped","2026-09-20T13:30:43Z","sec-exchange"
"BGX","Blackstone Long-Short Credit Income Fund","NYSE",NA,"lab.Unmapped","2026-09-20T13:30:43Z","sec-exchange"
"XHG","XChange TEC.INC","NASDAQ",NA,"lab.Unmapped","2026-09-20T13:30:43Z","sec-exchange"
"HYNE","Hoyne Bancorp, Inc.","NASDAQ",NA,"lab.Unmapped","2026-09-20T13:30:43Z","sec-exchange"
"LX","LexinFintech Holdings Ltd.","NASDAQ",NA,"lab.Unmapped","2026-09-20T13:30:43Z","sec-exchange"
"BCV","BANCROFT FUND LTD","NYSE",NA,"lab.Unmapped","2026-09-20T13:30:43Z","sec-exchange"
"ACNT","ASCENT INDUSTRIES CO.","NASDAQ",NA,"lab.Unmapped","2026-09-20T13:30:43Z","sec-exchange"
"MED","MEDIFAST INC","NYSE",NA,"lab.Unmapped","2026-09-20T13:30:43Z","sec-exchange"
"ADCT","ADC Therapeutics SA","NYSE",NA,"lab.Unmapped","2026-09-20T13:30:43Z","sec-exchange"
"HURA","TuHURA Biosciences, Inc./NV","NASDAQ",NA,"lab.Unmapped","2026-09-20T13:30:43Z","sec-exchange"
"ZJK","ZJK Industrial Co., Ltd.","NASDAQ",NA,"lab.Unmapped","2026-09-20T13:30:43Z","sec-exchange"
"RTB","RTB Digital, Inc.","NASDAQ",NA,"lab.Unmapped","2026-09-20T13:30:43Z","sec-exchange"
"SMID","SMITH MIDLAND CORP","NASDAQ",NA,"lab.Unmapped","2026-09-20T13:30:43Z","sec-exchange"
"MPA","BLACKROCK MUNIYIELD PENNSYLVANIA QUALITY FUND","NYSE",NA,"lab.Unmapped","2026-09-20T13:30:43Z","sec-exchange"
"OWLT","Owlet, Inc.","NYSE",NA,"lab.Unmapped","2026-09-20T13:30:43Z","sec-exchange"
"OCC","OPTICAL CABLE CORP","NASDAQ",NA,"lab.Unmapped","2026-09-20T13:30:43Z","sec-exchange"
"LGCY","Legacy Education Inc.","NYSE",NA,"lab.Unmapped","2026-09-20T13:30:43Z","sec-exchange"
"WYY","WIDEPOINT CORP","NYSE",NA,"lab.Unmapped","2026-09-20T13:30:43Z","sec-exchange"
"TLYS","TILLY'S, INC.","NYSE",NA,"lab.Unmapped","2026-09-20T13:30:43Z","sec-exchange"
"UNCY","Unicycive Therapeutics, Inc.","NASDAQ",NA,"lab.Unmapped","2026-09-20T13:30:43Z","sec-exchange"
"KVHI","KVH INDUSTRIES INC \DE\","NASDAQ",NA,"lab.Unmapped","2026-09-20T13:30:43Z","sec-exchange"
"BHR","Braemar Hotels & Resorts Inc.","NYSE",NA,"lab.Unmapped","2026-09-20T13:30:43Z","sec-exchange"
"HYI","Western Asset High Yield Opportunity Fund Inc.","NYSE",NA,"lab.Unmapped","2026-09-20T13:30:43Z","sec-exchange"
"STXS","Stereotaxis, Inc.","NYSE",NA,"lab.Unmapped","2026-09-20T13:30:43Z","sec-exchange"
"INSE","Inspired Entertainment, Inc.","NASDAQ",NA,"lab.Unmapped","2026-09-20T13:30:43Z","sec-exchange"
"BOOM","DMC Global Inc.","NASDAQ",NA,"lab.Unmapped","2026-09-20T13:30:43Z","sec-exchange"
"VECA","Vernal Capital Acquisition Corp.","NYSE",NA,"lab.Unmapped","2026-09-20T13:30:43Z","sec-exchange"
"VNCE","VINCE HOLDING CORP.","NASDAQ",NA,"lab.Unmapped","2026-09-20T13:30:43Z","sec-exchange"
"APYX","Apyx Medical Corp","NASDAQ",NA,"lab.Unmapped","2026-09-20T13:30:43Z","sec-exchange"
"ANNA","AleAnna, Inc.","NASDAQ",NA,"lab.Unmapped","2026-09-20T13:30:43Z","sec-exchange"
"FWAC","Futurewave Acquisition Corp","NASDAQ",NA,"lab.Unmapped","2026-09-20T13:30:43Z","sec-exchange"
"BMEA","Biomea Fusion, Inc.","NASDAQ",NA,"lab.Unmapped","2026-09-20T13:30:43Z","sec-exchange"
"PLBY","Playboy, Inc.","NASDAQ",NA,"lab.Unmapped","2026-09-20T13:30:43Z","sec-exchange"
"FXAC","FortuneX Acquisition Corp","NASDAQ",NA,"lab.Unmapped","2026-09-20T13:30:43Z","sec-exchange"
"EWAV","East West Ave Acquisition Corp.","NASDAQ",NA,"lab.Unmapped","2026-09-20T13:30:43Z","sec-exchange"
"ENGN","enGene Therapeutics Inc.","NASDAQ",NA,"lab.Unmapped","2026-09-20T13:30:43Z","sec-exchange"
"TISI","TEAM INC","NYSE",NA,"lab.Unmapped","2026-09-20T13:30:43Z","sec-exchange"
"UP","Wheels Up Experience Inc.","NYSE",NA,"lab.Unmapped","2026-09-20T13:30:43Z","sec-exchange"
"LENZ","LENZ Therapeutics, Inc.","NASDAQ",NA,"lab.Unmapped","2026-09-20T13:30:43Z","sec-exchange"
"WTF","Waton Financial Ltd","NASDAQ",NA,"lab.Unmapped","2026-09-20T13:30:43Z","sec-exchange"
"INO","INOVIO PHARMACEUTICALS, INC.","NASDAQ",NA,"lab.Unmapped","2026-09-20T13:30:43Z","sec-exchange"
"RYDE","Ryde Group Ltd","NYSE",NA,"lab.Unmapped","2026-09-20T13:30:43Z","sec-exchange"
"VTVT","vTv Therapeutics Inc.","NASDAQ",NA,"lab.Unmapped","2026-09-20T13:30:43Z","sec-exchange"
"IMDX","Insight Molecular Diagnostics Inc.","NASDAQ",NA,"lab.Unmapped","2026-09-20T13:30:43Z","sec-exchange"
"MGYR","Magyar Bancorp, Inc.","NASDAQ",NA,"lab.Unmapped","2026-09-20T13:30:43Z","sec-exchange"
"UFI","UNIFI INC","NYSE",NA,"lab.Unmapped","2026-09-20T13:30:43Z","sec-exchange"
"MXCT","MAXCYTE, INC.","NASDAQ",NA,"lab.Unmapped","2026-09-20T13:30:43Z","sec-exchange"
"CGO","CALAMOS GLOBAL TOTAL RETURN FUND","NASDAQ",NA,"lab.Unmapped","2026-09-20T13:30:43Z","sec-exchange"
"NAUT","Nautilus Biotechnology, Inc.","NASDAQ",NA,"lab.Unmapped","2026-09-20T13:30:43Z","sec-exchange"
"AXR","AMREP CORP.","NYSE",NA,"lab.Unmapped","2026-09-20T13:30:43Z","sec-exchange"
"BOTJ","BANK OF THE JAMES FINANCIAL GROUP INC","NASDAQ",NA,"lab.Unmapped","2026-09-20T13:30:43Z","sec-exchange"
"IAF","ABRDN AUSTRALIA EQUITY FUND, INC.","NYSE",NA,"lab.Unmapped","2026-09-20T13:30:43Z","sec-exchange"
"ENGS","Energys Group Ltd","NASDAQ",NA,"lab.Unmapped","2026-09-20T13:30:43Z","sec-exchange"
"SFBC","Sound Financial Bancorp, Inc.","NASDAQ",NA,"lab.Unmapped","2026-09-20T13:30:43Z","sec-exchange"
"CBUS","Cibus, Inc.","NASDAQ",NA,"lab.Unmapped","2026-09-20T13:30:43Z","sec-exchange"
"JHS","JOHN HANCOCK INCOME SECURITIES TRUST","NYSE",NA,"lab.Unmapped","2026-09-20T13:30:43Z","sec-exchange"
"KZIA","KAZIA THERAPEUTICS LTD","NASDAQ",NA,"lab.Unmapped","2026-09-20T13:30:43Z","sec-exchange"
"CODA","Coda Octopus Group, Inc.","NASDAQ",NA,"lab.Unmapped","2026-09-20T13:30:43Z","sec-exchange"
"CVGI","Commercial Vehicle Group, Inc.","NASDAQ",NA,"lab.Unmapped","2026-09-20T13:30:43Z","sec-exchange"
"VIVO","VivoPower PLC","NASDAQ",NA,"lab.Unmapped","2026-09-20T13:30:43Z","sec-exchange"
"CHAR","Charlton Aria Acquisition Corp","NASDAQ",NA,"lab.Unmapped","2026-09-20T13:30:43Z","sec-exchange"
"VRA","Vera Bradley, Inc.","NASDAQ",NA,"lab.Unmapped","2026-09-20T13:30:43Z","sec-exchange"
"AARD","Aardvark Therapeutics, Inc.","NASDAQ",NA,"lab.Unmapped","2026-09-20T13:30:43Z","sec-exchange"
"HDRN","Hadron Energy, Inc.","NASDAQ",NA,"lab.Unmapped","2026-09-20T13:30:43Z","sec-exchange"
"JYNT","JOINT Corp","NASDAQ",NA,"lab.Unmapped","2026-09-20T13:30:43Z","sec-exchange"
"PLCI","Pelican Acquisition II Corp","NASDAQ",NA,"lab.Unmapped","2026-09-20T13:30:43Z","sec-exchange"
"DMRC","Digimarc Corp","NASDAQ",NA,"lab.Unmapped","2026-09-20T13:30:43Z","sec-exchange"
"OKUR","OnKure Therapeutics, Inc.","NASDAQ",NA,"lab.Unmapped","2026-09-20T13:30:43Z","sec-exchange"
"RANI","Rani Therapeutics Holdings, Inc.","NASDAQ",NA,"lab.Unmapped","2026-09-20T13:30:43Z","sec-exchange"
"PMN","ProMIS Neurosciences Inc.","NASDAQ",NA,"lab.Unmapped","2026-09-20T13:30:43Z","sec-exchange"
"HCHL","Happy City Holdings Ltd","NASDAQ",NA,"lab.Unmapped","2026-09-20T13:30:43Z","sec-exchange"
"PGAC","PANTAGES CAPITAL ACQUISITION Corp","NASDAQ",NA,"lab.Unmapped","2026-09-20T13:30:43Z","sec-exchange"
"JLHL","Julong Holding Ltd","NASDAQ",NA,"lab.Unmapped","2026-09-20T13:30:43Z","sec-exchange"
"QUMS","Quantumsphere Acquisition Corp","NASDAQ",NA,"lab.Unmapped","2026-09-20T13:30:43Z","sec-exchange"
"CITR","CitroTech Inc.","NYSE",NA,"lab.Unmapped","2026-09-20T13:30:43Z","sec-exchange"
"RMMZ","RiverNorth Managed Duration Municipal Income Fund II, Inc.","NYSE",NA,"lab.Unmapped","2026-09-20T13:30:43Z","sec-exchange"
"BEEP","Mobile Infrastructure Corp","NASDAQ",NA,"lab.Unmapped","2026-09-20T13:30:43Z","sec-exchange"
"BRKH","Burtech Acquisition Corp II","NASDAQ",NA,"lab.Unmapped","2026-09-20T13:30:43Z","sec-exchange"
"UNB","UNION BANKSHARES INC","NASDAQ",NA,"lab.Unmapped","2026-09-20T13:30:43Z","sec-exchange"
"TLSA","Tiziana Life Sciences Ltd","NASDAQ",NA,"lab.Unmapped","2026-09-20T13:30:43Z","sec-exchange"
"SANG","Sangoma Technologies Corp","NASDAQ",NA,"lab.Unmapped","2026-09-20T13:30:43Z","sec-exchange"
"BSBK","Bogota Financial Corp.","NASDAQ",NA,"lab.Unmapped","2026-09-20T13:30:43Z","sec-exchange"
"MWC","Micware Co., Ltd.","NASDAQ",NA,"lab.Unmapped","2026-09-20T13:30:43Z","sec-exchange"
"PROV","PROVIDENT FINANCIAL HOLDINGS INC","NASDAQ",NA,"lab.Unmapped","2026-09-20T13:30:43Z","sec-exchange"
"WSBK","Winchester Bancorp, Inc./MD/","NASDAQ",NA,"lab.Unmapped","2026-09-20T13:30:43Z","sec-exchange"
"EQ","Equillium, Inc.","NASDAQ",NA,"lab.Unmapped","2026-09-20T13:30:43Z","sec-exchange"
"MCN","XAI Madison Equity Premium Income Fund","NYSE",NA,"lab.Unmapped","2026-09-20T13:30:43Z","sec-exchange"
"OPHC","OptimumBank Holdings, Inc.","NYSE",NA,"lab.Unmapped","2026-09-20T13:30:43Z","sec-exchange"
"AKA","A.K.A. BRANDS HOLDING CORP.","NYSE",NA,"lab.Unmapped","2026-09-20T13:30:43Z","sec-exchange"
"QUCY","Quantum Cyber N.V.","NASDAQ",NA,"lab.Unmapped","2026-09-20T13:30:43Z","sec-exchange"
"PLMK","Plum Acquisition Corp, IV","NASDAQ",NA,"lab.Unmapped","2026-09-20T13:30:43Z","sec-exchange"
"HOVR","New Horizon Aircraft Ltd.","NASDAQ",NA,"lab.Unmapped","2026-09-20T13:30:43Z","sec-exchange"
"GNLX","GENELUX Corp","NASDAQ",NA,"lab.Unmapped","2026-09-20T13:30:43Z","sec-exchange"
"PNBK","PATRIOT NATIONAL BANCORP INC","NASDAQ",NA,"lab.Unmapped","2026-09-20T13:30:43Z","sec-exchange"
"RVSB","RIVERVIEW BANCORP INC","NASDAQ",NA,"lab.Unmapped","2026-09-20T13:30:43Z","sec-exchange"
"MIST","Milestone Pharmaceuticals Inc.","NASDAQ",NA,"lab.Unmapped","2026-09-20T13:30:43Z","sec-exchange"
"OESX","ORION ENERGY SYSTEMS, INC.","NASDAQ",NA,"lab.Unmapped","2026-09-20T13:30:43Z","sec-exchange"
"XHLD","TEN Holdings, Inc.","NASDAQ",NA,"lab.Unmapped","2026-09-20T13:30:43Z","sec-exchange"
"NICM","NICOLA MINING INC.","NASDAQ",NA,"lab.Unmapped","2026-09-20T13:30:43Z","sec-exchange"
"KULR","KULR Technology Group, Inc.","NYSE",NA,"lab.Unmapped","2026-09-20T13:30:43Z","sec-exchange"
"FLNT","Fluent, Inc.","NASDAQ",NA,"lab.Unmapped","2026-09-20T13:30:43Z","sec-exchange"
"BDTX","Black Diamond Therapeutics, Inc.","NASDAQ",NA,"lab.Unmapped","2026-09-20T13:30:43Z","sec-exchange"
"DMO","Western Asset Mortgage Opportunity Fund Inc.","NYSE",NA,"lab.Unmapped","2026-09-20T13:30:43Z","sec-exchange"
"TCX","TUCOWS INC /PA/","NASDAQ",NA,"lab.Unmapped","2026-09-20T13:30:43Z","sec-exchange"
"NIM","NUVEEN SELECT MATURITIES MUNICIPAL FUND","NYSE",NA,"lab.Unmapped","2026-09-20T13:30:43Z","sec-exchange"
"RNAQ","Rainier Acquisition Corp","NASDAQ",NA,"lab.Unmapped","2026-09-20T13:30:43Z","sec-exchange"
"PAI","Western Asset Investment Grade Income Fund Inc.","NYSE",NA,"lab.Unmapped","2026-09-20T13:30:43Z","sec-exchange"
"GLU","GABELLI GLOBAL UTILITY & INCOME TRUST","NYSE",NA,"lab.Unmapped","2026-09-20T13:30:43Z","sec-exchange"
"TJGC","TJGC GROUP Ltd","NASDAQ",NA,"lab.Unmapped","2026-09-20T13:30:43Z","sec-exchange"
"USGO","U.S. GoldMining Inc.","NASDAQ",NA,"lab.Unmapped","2026-09-20T13:30:43Z","sec-exchange"
"PBHC","Pathfinder Bancorp, Inc.","NASDAQ",NA,"lab.Unmapped","2026-09-20T13:30:43Z","sec-exchange"
"PAL","Proficient Auto Logistics, Inc","NASDAQ",NA,"lab.Unmapped","2026-09-20T13:30:43Z","sec-exchange"
"BYFC","BROADWAY FINANCIAL CORP DE","NASDAQ",NA,"lab.Unmapped","2026-09-20T13:30:43Z","sec-exchange"
"HUHU","HUHUTECH International Group Inc.","NASDAQ",NA,"lab.Unmapped","2026-09-20T13:30:43Z","sec-exchange"
"ETS","Elite Express Holding Inc.","NASDAQ",NA,"lab.Unmapped","2026-09-20T13:30:43Z","sec-exchange"
"COYA","Coya Therapeutics, Inc.","NASDAQ",NA,"lab.Unmapped","2026-09-20T13:30:43Z","sec-exchange"
"VANI","Vivani Medical, Inc.","NASDAQ",NA,"lab.Unmapped","2026-09-20T13:30:43Z","sec-exchange"
"VERI","Veritone, Inc.","NASDAQ",NA,"lab.Unmapped","2026-09-20T13:30:43Z","sec-exchange"
"BGM","BGM Group Ltd.","NASDAQ",NA,"lab.Unmapped","2026-09-20T13:30:43Z","sec-exchange"
"STHO","Star Holdings","NASDAQ",NA,"lab.Unmapped","2026-09-20T13:30:43Z","sec-exchange"
"RACD","Research Alliance Corp IV","NASDAQ",NA,"lab.Unmapped","2026-09-20T13:30:43Z","sec-exchange"
"CPIX","CUMBERLAND PHARMACEUTICALS INC","NASDAQ",NA,"lab.Unmapped","2026-09-20T13:30:43Z","sec-exchange"
"FURY","FURY GOLD MINES LTD","NYSE",NA,"lab.Unmapped","2026-09-20T13:30:43Z","sec-exchange"
"QSEA","Quartzsea Acquisition Corp","NASDAQ",NA,"lab.Unmapped","2026-09-20T13:30:43Z","sec-exchange"
"TP","Ticketplus Ltd.","NYSE",NA,"lab.Unmapped","2026-09-20T13:30:43Z","sec-exchange"
"TDTH","Trident Digital Tech Holdings Ltd","NASDAQ",NA,"lab.Unmapped","2026-09-20T13:30:43Z","sec-exchange"
"VATE","INNOVATE Corp.","NYSE",NA,"lab.Unmapped","2026-09-20T13:30:43Z","sec-exchange"
"RFL","Rafael Holdings, Inc.","NYSE",NA,"lab.Unmapped","2026-09-20T13:30:43Z","sec-exchange"
"CTOR","CITIUS ONCOLOGY, INC.","NASDAQ",NA,"lab.Unmapped","2026-09-20T13:30:43Z","sec-exchange"
"CHMI","Cherry Hill Mortgage Investment Corp","NYSE",NA,"lab.Unmapped","2026-09-20T13:30:43Z","sec-exchange"
"EP","EMPIRE PETROLEUM CORP","NYSE",NA,"lab.Unmapped","2026-09-20T13:30:43Z","sec-exchange"
"SEER","Seer, Inc.","NASDAQ",NA,"lab.Unmapped","2026-09-20T13:30:43Z","sec-exchange"
"LAKE","LAKELAND INDUSTRIES INC","NASDAQ",NA,"lab.Unmapped","2026-09-20T13:30:43Z","sec-exchange"
"GHG","GreenTree Hospitality Group Ltd.","NYSE",NA,"lab.Unmapped","2026-09-20T13:30:43Z","sec-exchange"
"HMR","Heidmar Maritime Holdings Corp.","NASDAQ",NA,"lab.Unmapped","2026-09-20T13:30:43Z","sec-exchange"
"PYPD","PolyPid Ltd.","NASDAQ",NA,"lab.Unmapped","2026-09-20T13:30:43Z","sec-exchange"
"CHPG","ChampionsGate Acquisition Corp","NASDAQ",NA,"lab.Unmapped","2026-09-20T13:30:43Z","sec-exchange"
"PLYX","Polaryx Therapeutics, Inc.","NASDAQ",NA,"lab.Unmapped","2026-09-20T13:30:43Z","sec-exchange"
"FJET","Starfighters Space, Inc.","NYSE",NA,"lab.Unmapped","2026-09-20T13:30:43Z","sec-exchange"
"MX","MAGNACHIP SEMICONDUCTOR Corp","NYSE",NA,"lab.Unmapped","2026-09-20T13:30:43Z","sec-exchange"
"AMPG","AmpliTech Group, Inc.","NASDAQ",NA,"lab.Unmapped","2026-09-20T13:30:43Z","sec-exchange"
"KEQU","KEWAUNEE SCIENTIFIC CORP /DE/","NASDAQ",NA,"lab.Unmapped","2026-09-20T13:30:43Z","sec-exchange"
"AMAN","Amanat Acquisition Corp.","NASDAQ",NA,"lab.Unmapped","2026-09-20T13:30:43Z","sec-exchange"
"SBI","WESTERN ASSET INTERMEDIATE MUNI FUND INC.","NYSE",NA,"lab.Unmapped","2026-09-20T13:30:43Z","sec-exchange"
"RDZN","Roadzen Inc.","NASDAQ",NA,"lab.Unmapped","2026-09-20T13:30:43Z","sec-exchange"
"CABO","Cable One, Inc.","NYSE",NA,"lab.Unmapped","2026-09-20T13:30:43Z","sec-exchange"
"DWSN","DAWSON GEOPHYSICAL CO","NASDAQ",NA,"lab.Unmapped","2026-09-20T13:30:43Z","sec-exchange"
"PUSA","Aureus Greenway Holdings Inc","NASDAQ",NA,"lab.Unmapped","2026-09-20T13:30:43Z","sec-exchange"
"EVTL","Vertical Aerospace Ltd.","NYSE",NA,"lab.Unmapped","2026-09-20T13:30:43Z","sec-exchange"
"ECOR","electroCore, Inc.","NASDAQ",NA,"lab.Unmapped","2026-09-20T13:30:43Z","sec-exchange"
"SUNS","Sunrise Realty Trust, Inc.","NASDAQ",NA,"lab.Unmapped","2026-09-20T13:30:43Z","sec-exchange"
"DH","Definitive Healthcare Corp.","NASDAQ",NA,"lab.Unmapped","2026-09-20T13:30:43Z","sec-exchange"
"CRDF","Cardiff Oncology, Inc.","NASDAQ",NA,"lab.Unmapped","2026-09-20T13:30:43Z","sec-exchange"
"ZSTK","ZeroStack Corp.","NASDAQ",NA,"lab.Unmapped","2026-09-20T13:30:43Z","sec-exchange"
"CGTX","COGNITION THERAPEUTICS INC","NASDAQ",NA,"lab.Unmapped","2026-09-20T13:30:43Z","sec-exchange"
"SPKL","Spark I Acquisition Corp","NASDAQ",NA,"lab.Unmapped","2026-09-20T13:30:43Z","sec-exchange"
"PCF","HIGH INCOME SECURITIES FUND","NYSE",NA,"lab.Unmapped","2026-09-20T13:30:43Z","sec-exchange"
"RACC","Research Alliance Corp III","NASDAQ",NA,"lab.Unmapped","2026-09-20T13:30:43Z","sec-exchange"
"VIRC","VIRCO MFG CORPORATION","NASDAQ",NA,"lab.Unmapped","2026-09-20T13:30:43Z","sec-exchange"
"BWEN","BROADWIND, INC.","NASDAQ",NA,"lab.Unmapped","2026-09-20T13:30:43Z","sec-exchange"
"ZVIA","Zevia PBC","NYSE",NA,"lab.Unmapped","2026-09-20T13:30:43Z","sec-exchange"
"BUDA","BUDA JUICE, INC.","NYSE",NA,"lab.Unmapped","2026-09-20T13:30:43Z","sec-exchange"
"HERE","Here Group Ltd","NASDAQ",NA,"lab.Unmapped","2026-09-20T13:30:43Z","sec-exchange"
"ONCY","ONCOLYTICS BIOTECH INC","NASDAQ",NA,"lab.Unmapped","2026-09-20T13:30:43Z","sec-exchange"
"CSTE","Caesarstone Ltd.","NASDAQ",NA,"lab.Unmapped","2026-09-20T13:30:43Z","sec-exchange"
"INVZ","Innoviz Technologies Ltd.","NASDAQ",NA,"lab.Unmapped","2026-09-20T13:30:43Z","sec-exchange"
"SLNG","Stabilis Solutions, Inc.","NASDAQ",NA,"lab.Unmapped","2026-09-20T13:30:43Z","sec-exchange"
"PGP","PIMCO Global StocksPLUS & Income Fund","NYSE",NA,"lab.Unmapped","2026-09-20T13:30:43Z","sec-exchange"
"BHM","Bluerock Homes Trust, Inc.","NYSE",NA,"lab.Unmapped","2026-09-20T13:30:43Z","sec-exchange"
"NTHI","NEONC TECHNOLOGIES HOLDINGS, INC.","NASDAQ",NA,"lab.Unmapped","2026-09-20T13:30:43Z","sec-exchange"
"LUD","Luda Technology Group Ltd","NYSE",NA,"lab.Unmapped","2026-09-20T13:30:43Z","sec-exchange"
"JTTT","JATT III Acquisition Corp","NASDAQ",NA,"lab.Unmapped","2026-09-20T13:30:43Z","sec-exchange"
"MNTS","Momentus Inc.","NASDAQ",NA,"lab.Unmapped","2026-09-20T13:30:43Z","sec-exchange"
"NRXS","Neuraxis, INC","NYSE",NA,"lab.Unmapped","2026-09-20T13:30:43Z","sec-exchange"
"LPA","Logistic Properties of the Americas","NYSE",NA,"lab.Unmapped","2026-09-20T13:30:43Z","sec-exchange"
"WRAP","WRAP TECHNOLOGIES, INC.","NASDAQ",NA,"lab.Unmapped","2026-09-20T13:30:43Z","sec-exchange"
"PARK","Park Dental Partners, Inc.","NASDAQ",NA,"lab.Unmapped","2026-09-20T13:30:43Z","sec-exchange"
"FDSB","Fifth District Bancorp, Inc.","NASDAQ",NA,"lab.Unmapped","2026-09-20T13:30:43Z","sec-exchange"
"MBAI","MBody AI Ltd.","NASDAQ",NA,"lab.Unmapped","2026-09-20T13:30:43Z","sec-exchange"
"NIPG","NIP Group Inc.","NASDAQ",NA,"lab.Unmapped","2026-09-20T13:30:43Z","sec-exchange"
"MBOT","Microbot Medical Inc.","NASDAQ",NA,"lab.Unmapped","2026-09-20T13:30:43Z","sec-exchange"
"ACR","ACRES Commercial Realty Corp.","NYSE",NA,"lab.Unmapped","2026-09-20T13:30:43Z","sec-exchange"
"TSQ","Townsquare Media, Inc.","NYSE",NA,"lab.Unmapped","2026-09-20T13:30:43Z","sec-exchange"
"AEYE","AUDIOEYE INC","NASDAQ",NA,"lab.Unmapped","2026-09-20T13:30:43Z","sec-exchange"
"RGT","ROYCE GLOBAL TRUST, INC.","NYSE",NA,"lab.Unmapped","2026-09-20T13:30:43Z","sec-exchange"
"GETY","Getty Images Holdings, Inc.","NYSE",NA,"lab.Unmapped","2026-09-20T13:30:43Z","sec-exchange"
"SIEB","SIEBERT FINANCIAL CORP","NASDAQ",NA,"lab.Unmapped","2026-09-20T13:30:43Z","sec-exchange"
"ATRA","Atara Biotherapeutics, Inc.","NASDAQ",NA,"lab.Unmapped","2026-09-20T13:30:43Z","sec-exchange"
"CIGL","Concorde International Group Ltd.","NASDAQ",NA,"lab.Unmapped","2026-09-20T13:30:43Z","sec-exchange"
"FNWB","First Northwest Bancorp","NASDAQ",NA,"lab.Unmapped","2026-09-20T13:30:43Z","sec-exchange"
"TGEN","TECOGEN INC.","NYSE",NA,"lab.Unmapped","2026-09-20T13:30:43Z","sec-exchange"
"MDIA","Mediaco Holding Inc.","NASDAQ",NA,"lab.Unmapped","2026-09-20T13:30:43Z","sec-exchange"
"GUTS","FRACTYL HEALTH, INC.","NASDAQ",NA,"lab.Unmapped","2026-09-20T13:30:43Z","sec-exchange"
"ANIX","Anixa Biosciences Inc","NASDAQ",NA,"lab.Unmapped","2026-09-20T13:30:43Z","sec-exchange"
"AUBN","AUBURN NATIONAL BANCORPORATION, INC","NASDAQ",NA,"lab.Unmapped","2026-09-20T13:30:43Z","sec-exchange"
"CCLD","CareCloud, Inc.","NASDAQ",NA,"lab.Unmapped","2026-09-20T13:30:43Z","sec-exchange"
"LCCC","Lakeshore Acquisition III Corp.","NASDAQ",NA,"lab.Unmapped","2026-09-20T13:30:43Z","sec-exchange"
"JATT","JATT II Acquisition Corp.","NASDAQ",NA,"lab.Unmapped","2026-09-20T13:30:43Z","sec-exchange"
"VENU","Venu Holding Corp","NYSE",NA,"lab.Unmapped","2026-09-20T13:30:43Z","sec-exchange"
"ULBI","ULTRALIFE CORP","NASDAQ",NA,"lab.Unmapped","2026-09-20T13:30:43Z","sec-exchange"
"IAE","Voya Asia Pacific High Dividend Equity Income Fund","NYSE",NA,"lab.Unmapped","2026-09-20T13:30:43Z","sec-exchange"
"SPAI","Safe Pro Group Inc.","NASDAQ",NA,"lab.Unmapped","2026-09-20T13:30:43Z","sec-exchange"
"RMI","RiverNorth Opportunistic Municipal Income Fund, Inc.","NYSE",NA,"lab.Unmapped","2026-09-20T13:30:43Z","sec-exchange"
"CMCM","Cheetah Mobile Inc.","NYSE",NA,"lab.Unmapped","2026-09-20T13:30:43Z","sec-exchange"
"RPT","Rithm Property Trust Inc.","NYSE",NA,"lab.Unmapped","2026-09-20T13:30:43Z","sec-exchange"
"BZFD","BuzzFeed, Inc.","NASDAQ",NA,"lab.Unmapped","2026-09-20T13:30:43Z","sec-exchange"
"IGI","Western Asset Investment Grade Opportunity Trust Inc.","NYSE",NA,"lab.Unmapped","2026-09-20T13:30:43Z","sec-exchange"
"RLYB","Rallybio Corp","NASDAQ",NA,"lab.Unmapped","2026-09-20T13:30:43Z","sec-exchange"
"UBCP","UNITED BANCORP INC /OH/","NASDAQ",NA,"lab.Unmapped","2026-09-20T13:30:43Z","sec-exchange"
"NTRB","NutriBand Inc.","NASDAQ",NA,"lab.Unmapped","2026-09-20T13:30:43Z","sec-exchange"
"FUSB","FIRST US BANCSHARES, INC.","NASDAQ",NA,"lab.Unmapped","2026-09-20T13:30:43Z","sec-exchange"
"HFFG","HF Foods Group Inc.","NASDAQ",NA,"lab.Unmapped","2026-09-20T13:30:43Z","sec-exchange"
"JXG","JX Luxventure Group Inc.","NASDAQ",NA,"lab.Unmapped","2026-09-20T13:30:43Z","sec-exchange"
"BZAI","Blaize Holdings, Inc.","NASDAQ",NA,"lab.Unmapped","2026-09-20T13:30:43Z","sec-exchange"
"GDL","GDL FUND","NYSE",NA,"lab.Unmapped","2026-09-20T13:30:43Z","sec-exchange"
"LSE","Leishen Energy Holding Co., Ltd.","NASDAQ",NA,"lab.Unmapped","2026-09-20T13:30:43Z","sec-exchange"
"JLS","Nuveen Mortgage & Income Fund/MA/","NYSE",NA,"lab.Unmapped","2026-09-20T13:30:43Z","sec-exchange"
"ICCC","IMMUCELL CORP /DE/","NASDAQ",NA,"lab.Unmapped","2026-09-20T13:30:43Z","sec-exchange"
"MMTX","Miluna Acquisition Corp","NASDAQ",NA,"lab.Unmapped","2026-09-20T13:30:43Z","sec-exchange"
"ORIQ","Origin Investment Corp I","NASDAQ",NA,"lab.Unmapped","2026-09-20T13:30:43Z","sec-exchange"
"TRBG","Turbogen Ltd.","NASDAQ",NA,"lab.Unmapped","2026-09-20T13:30:43Z","sec-exchange"
"GRWG","GrowGeneration Corp.","NASDAQ",NA,"lab.Unmapped","2026-09-20T13:30:43Z","sec-exchange"
"FTLF","FITLIFE BRANDS, INC.","NASDAQ",NA,"lab.Unmapped","2026-09-20T13:30:43Z","sec-exchange"
"ARQ","Arq, Inc.","NASDAQ",NA,"lab.Unmapped","2026-09-20T13:30:43Z","sec-exchange"
"CBAT","CBAK Energy Technology Ltd","NASDAQ",NA,"lab.Unmapped","2026-09-20T13:30:43Z","sec-exchange"
"PFX","PhenixFIN Corp","NASDAQ",NA,"lab.Unmapped","2026-09-20T13:30:43Z","sec-exchange"
"CANG","Cango Inc.","NYSE",NA,"lab.Unmapped","2026-09-20T13:30:43Z","sec-exchange"
"GOAI","Eva Live Inc","NASDAQ",NA,"lab.Unmapped","2026-09-20T13:30:43Z","sec-exchange"
"SDHC","Smith Douglas Homes Corp.","NYSE",NA,"lab.Unmapped","2026-09-20T13:30:43Z","sec-exchange"
"EVF","Eaton Vance Senior Income Trust","NYSE",NA,"lab.Unmapped","2026-09-20T13:30:43Z","sec-exchange"
"SKIN","SkinHealth Systems Inc.","NASDAQ",NA,"lab.Unmapped","2026-09-20T13:30:43Z","sec-exchange"
"MHH","Mastech Digital, Inc.","NYSE",NA,"lab.Unmapped","2026-09-20T13:30:43Z","sec-exchange"
"GCV","GABELLI CONVERTIBLE & INCOME SECURITIES FUND INC","NYSE",NA,"lab.Unmapped","2026-09-20T13:30:43Z","sec-exchange"
"BCIC","BCP Investment Corp","NASDAQ",NA,"lab.Unmapped","2026-09-20T13:30:43Z","sec-exchange"
"DTI","Drilling Tools International Corp","NASDAQ",NA,"lab.Unmapped","2026-09-20T13:30:43Z","sec-exchange"
"BYRN","Byrna Technologies Inc.","NASDAQ",NA,"lab.Unmapped","2026-09-20T13:30:43Z","sec-exchange"
"EMPD","Empery Digital Inc.","NASDAQ",NA,"lab.Unmapped","2026-09-20T13:30:43Z","sec-exchange"
"ATLX","Atlas Lithium Corp","NASDAQ",NA,"lab.Unmapped","2026-09-20T13:30:43Z","sec-exchange"
"OSTX","OS Therapies Inc","NYSE",NA,"lab.Unmapped","2026-09-20T13:30:43Z","sec-exchange"
"ALIS","Calisa Acquisition Corp","NASDAQ",NA,"lab.Unmapped","2026-09-20T13:30:43Z","sec-exchange"
"MMLP","MARTIN MIDSTREAM PARTNERS L.P.","NASDAQ",NA,"lab.Unmapped","2026-09-20T13:30:43Z","sec-exchange"
"MCAH","Mountain Crest Acquisition 6 Corp.","NASDAQ",NA,"lab.Unmapped","2026-09-20T13:30:43Z","sec-exchange"
"SWVL","Swvl Holdings Corp","NASDAQ",NA,"lab.Unmapped","2026-09-20T13:30:43Z","sec-exchange"
"RFIL","R F INDUSTRIES LTD","NASDAQ",NA,"lab.Unmapped","2026-09-20T13:30:43Z","sec-exchange"
"VIOT","Viomi Technology Co., Ltd","NASDAQ",NA,"lab.Unmapped","2026-09-20T13:30:43Z","sec-exchange"
"SEV","Aptera Motors Corp","NASDAQ",NA,"lab.Unmapped","2026-09-20T13:30:43Z","sec-exchange"
"ARBE","Arbe Robotics Ltd.","NASDAQ",NA,"lab.Unmapped","2026-09-20T13:30:43Z","sec-exchange"
"LNSR","LENSAR, Inc.","NASDAQ",NA,"lab.Unmapped","2026-09-20T13:30:43Z","sec-exchange"
"ROC","Rank One Computing Corp","NASDAQ",NA,"lab.Unmapped","2026-09-20T13:30:43Z","sec-exchange"
"DTCX","Datacentrex, Inc.","NASDAQ",NA,"lab.Unmapped","2026-09-20T13:30:43Z","sec-exchange"
"LUNG","Pulmonx Corp","NASDAQ",NA,"lab.Unmapped","2026-09-20T13:30:43Z","sec-exchange"
"CYCU","Cycurion, Inc.","NASDAQ",NA,"lab.Unmapped","2026-09-20T13:30:43Z","sec-exchange"
"CHGG","CHEGG, INC","NYSE",NA,"lab.Unmapped","2026-09-20T13:30:43Z","sec-exchange"
"ACET","Adicet Bio, Inc.","NASDAQ",NA,"lab.Unmapped","2026-09-20T13:30:43Z","sec-exchange"
"PECE","Peace Acquisition Corp.","NASDAQ",NA,"lab.Unmapped","2026-09-20T13:30:43Z","sec-exchange"
"NRT","NORTH EUROPEAN OIL ROYALTY TRUST","NYSE",NA,"lab.Unmapped","2026-09-20T13:30:43Z","sec-exchange"
"UYSC","UY Scuti Acquisition Corp.","NASDAQ",NA,"lab.Unmapped","2026-09-20T13:30:43Z","sec-exchange"
"PTHS","Pelthos Therapeutics Inc.","NYSE",NA,"lab.Unmapped","2026-09-20T13:30:43Z","sec-exchange"
"GIBO","GIBO HOLDINGS Ltd","NASDAQ",NA,"lab.Unmapped","2026-09-20T13:30:43Z","sec-exchange"
"LGL","LGL GROUP INC","NYSE",NA,"lab.Unmapped","2026-09-20T13:30:43Z","sec-exchange"
"SLQT","SelectQuote, Inc.","NYSE",NA,"lab.Unmapped","2026-09-20T13:30:43Z","sec-exchange"
"YDDL","One & one Green Technologies. INC","NASDAQ",NA,"lab.Unmapped","2026-09-20T13:30:43Z","sec-exchange"
"GLBS","GLOBUS MARITIME LTD","NASDAQ",NA,"lab.Unmapped","2026-09-20T13:30:43Z","sec-exchange"
"MAIA","MAIA Biotechnology, Inc.","NYSE",NA,"lab.Unmapped","2026-09-20T13:30:43Z","sec-exchange"
"FBIO","Fortress Biotech, Inc.","NASDAQ",NA,"lab.Unmapped","2026-09-20T13:30:43Z","sec-exchange"
"ALDX","Aldeyra Therapeutics, Inc.","NASDAQ",NA,"lab.Unmapped","2026-09-20T13:30:43Z","sec-exchange"
"CPBI","Central Plains Bancshares, Inc.","NASDAQ",NA,"lab.Unmapped","2026-09-20T13:30:43Z","sec-exchange"
"THRY","Thryv Holdings, Inc.","NASDAQ",NA,"lab.Unmapped","2026-09-20T13:30:43Z","sec-exchange"
"FEAM","5E Advanced Materials, Inc.","NASDAQ",NA,"lab.Unmapped","2026-09-20T13:30:43Z","sec-exchange"
"RFM","RiverNorth Flexible Municipal Income Fund, Inc.","NYSE",NA,"lab.Unmapped","2026-09-20T13:30:43Z","sec-exchange"
"BSIN","BIG SKY INDUSTRIAL INC.","NASDAQ",NA,"lab.Unmapped","2026-09-20T13:30:43Z","sec-exchange"
"FMN","Federated Hermes Premier Municipal Income Fund","NYSE",NA,"lab.Unmapped","2026-09-20T13:30:43Z","sec-exchange"
"HYPR","Hyperfine, Inc.","NASDAQ",NA,"lab.Unmapped","2026-09-20T13:30:43Z","sec-exchange"
"APAC","StoneBridge Acquisition II Corp","NASDAQ",NA,"lab.Unmapped","2026-09-20T13:30:43Z","sec-exchange"
"IBIO","iBio, Inc.","NASDAQ",NA,"lab.Unmapped","2026-09-20T13:30:43Z","sec-exchange"
"NDLS","NOODLES & Co","NASDAQ",NA,"lab.Unmapped","2026-09-20T13:30:43Z","sec-exchange"
"WSTN","Westin Acquisition Corp","NASDAQ",NA,"lab.Unmapped","2026-09-20T13:30:43Z","sec-exchange"
"SERA","SERA PROGNOSTICS, INC.","NASDAQ",NA,"lab.Unmapped","2026-09-20T13:30:43Z","sec-exchange"
"AIRT","AIR T INC","NASDAQ",NA,"lab.Unmapped","2026-09-20T13:30:43Z","sec-exchange"
"ACH","ACCENDRA HEALTH INC/VA/","NYSE",NA,"lab.Unmapped","2026-09-20T13:30:43Z","sec-exchange"
"JFIN","Jiayin Group Inc.","NASDAQ",NA,"lab.Unmapped","2026-09-20T13:30:43Z","sec-exchange"
"SRL","Scully Royalty Ltd.","NYSE",NA,"lab.Unmapped","2026-09-20T13:30:43Z","sec-exchange"
"BSAA","BEST SPAC I Acquisition Corp.","NASDAQ",NA,"lab.Unmapped","2026-09-20T13:30:43Z","sec-exchange"
"NEXM","NexMetals Mining Corp.","NASDAQ",NA,"lab.Unmapped","2026-09-20T13:30:43Z","sec-exchange"
"SRFM","SURF AIR MOBILITY INC.","NYSE",NA,"lab.Unmapped","2026-09-20T13:30:43Z","sec-exchange"
"MAYS","MAYS J W INC","NASDAQ",NA,"lab.Unmapped","2026-09-20T13:30:43Z","sec-exchange"
"FSEA","First Seacoast Bancorp, Inc.","NASDAQ",NA,"lab.Unmapped","2026-09-20T13:30:43Z","sec-exchange"
"CVRX","CVRx, Inc.","NASDAQ",NA,"lab.Unmapped","2026-09-20T13:30:43Z","sec-exchange"
"DTF","DTF TAX-FREE INCOME 2028 TERM FUND INC","NYSE",NA,"lab.Unmapped","2026-09-20T13:30:43Z","sec-exchange"
"HNNA","HENNESSY ADVISORS INC","NASDAQ",NA,"lab.Unmapped","2026-09-20T13:30:43Z","sec-exchange"
"VRCA","Verrica Pharmaceuticals Inc.","NASDAQ",NA,"lab.Unmapped","2026-09-20T13:30:43Z","sec-exchange"
"LNZA","LanzaTech Global, Inc.","NASDAQ",NA,"lab.Unmapped","2026-09-20T13:30:43Z","sec-exchange"
"INTG","INTERGROUP CORP","NASDAQ",NA,"lab.Unmapped","2026-09-20T13:30:43Z","sec-exchange"
"BARK","Bark, Inc.","NYSE",NA,"lab.Unmapped","2026-09-20T13:30:43Z","sec-exchange"
"CPHC","Canterbury Park Holding Corp","NASDAQ",NA,"lab.Unmapped","2026-09-20T13:30:43Z","sec-exchange"
"ASRV","AMERISERV FINANCIAL INC /PA/","NASDAQ",NA,"lab.Unmapped","2026-09-20T13:30:43Z","sec-exchange"
"INCR","Intercure Ltd.","NASDAQ",NA,"lab.Unmapped","2026-09-20T13:30:43Z","sec-exchange"
"AZI","Autozi Internet Technology (Global) Ltd.","NASDAQ",NA,"lab.Unmapped","2026-09-20T13:30:43Z","sec-exchange"
"AMCI","AMC Robotics Corp","NASDAQ",NA,"lab.Unmapped","2026-09-20T13:30:43Z","sec-exchange"
"BLNK","Blink Charging Co.","NASDAQ",NA,"lab.Unmapped","2026-09-20T13:30:43Z","sec-exchange"
"FATN","Fatpipe Inc/UT","NASDAQ",NA,"lab.Unmapped","2026-09-20T13:30:43Z","sec-exchange"
"VGI","Virtus Global Multi-Sector Income Fund","NYSE",NA,"lab.Unmapped","2026-09-20T13:30:43Z","sec-exchange"
"LINK","INTERLINK ELECTRONICS INC","NASDAQ",NA,"lab.Unmapped","2026-09-20T13:30:43Z","sec-exchange"
"AFCG","Advanced Flower Capital Inc.","NASDAQ",NA,"lab.Unmapped","2026-09-20T13:30:43Z","sec-exchange"
"ANTA","Antalpha Platform Holding Co","NASDAQ",NA,"lab.Unmapped","2026-09-20T13:30:43Z","sec-exchange"
"SSEA","STARRY SEA ACQUISITION CORP","NASDAQ",NA,"lab.Unmapped","2026-09-20T13:30:43Z","sec-exchange"
"BSEM","BioStem Technologies, Inc.","NASDAQ",NA,"lab.Unmapped","2026-09-20T13:30:43Z","sec-exchange"
"LFVN","Lifevantage Corp","NASDAQ",NA,"lab.Unmapped","2026-09-20T13:30:43Z","sec-exchange"
"CRT","CROSS TIMBERS ROYALTY TRUST","NYSE",NA,"lab.Unmapped","2026-09-20T13:30:43Z","sec-exchange"
"GCL","GCL Global Holdings Ltd","NASDAQ",NA,"lab.Unmapped","2026-09-20T13:30:43Z","sec-exchange"
"TYGO","TIGO ENERGY, INC.","NASDAQ",NA,"lab.Unmapped","2026-09-20T13:30:43Z","sec-exchange"
"CPSH","CPS TECHNOLOGIES CORP/DE/","NASDAQ",NA,"lab.Unmapped","2026-09-20T13:30:43Z","sec-exchange"
"WBX","Wallbox N.V.","NYSE",NA,"lab.Unmapped","2026-09-20T13:30:43Z","sec-exchange"
"WTG","Wintergreen Acquisition Corp.","NASDAQ",NA,"lab.Unmapped","2026-09-20T13:30:43Z","sec-exchange"
"SSTI","SOUNDTHINKING, INC.","NASDAQ",NA,"lab.Unmapped","2026-09-20T13:30:43Z","sec-exchange"
"PMVP","PMV Pharmaceuticals, Inc.","NASDAQ",NA,"lab.Unmapped","2026-09-20T13:30:43Z","sec-exchange"
"UPXI","UPEXI, INC.","NASDAQ",NA,"lab.Unmapped","2026-09-20T13:30:43Z","sec-exchange"
"ATGL","Alpha Technology Group Ltd","NASDAQ",NA,"lab.Unmapped","2026-09-20T13:30:43Z","sec-exchange"
"TELO","Telomir Pharmaceuticals, Inc.","NASDAQ",NA,"lab.Unmapped","2026-09-20T13:30:43Z","sec-exchange"
"CSPI","CSP INC /MA/","NASDAQ",NA,"lab.Unmapped","2026-09-20T13:30:43Z","sec-exchange"
"GANX","Gain Therapeutics, Inc.","NASDAQ",NA,"lab.Unmapped","2026-09-20T13:30:43Z","sec-exchange"
"QXL","QUANTUM X LABS INC.","NASDAQ",NA,"lab.Unmapped","2026-09-20T13:30:43Z","sec-exchange"
"SCOR","COMSCORE, INC.","NASDAQ",NA,"lab.Unmapped","2026-09-20T13:30:43Z","sec-exchange"
"KLRS","Kalaris Therapeutics, Inc.","NASDAQ",NA,"lab.Unmapped","2026-09-20T13:30:43Z","sec-exchange"
"NVX","NOVONIX Ltd","NASDAQ",NA,"lab.Unmapped","2026-09-20T13:30:43Z","sec-exchange"
"SUIG","SUI Group Holdings Ltd.","NASDAQ",NA,"lab.Unmapped","2026-09-20T13:30:43Z","sec-exchange"
"YARW","Yarrow Bioscience, Inc.","NASDAQ",NA,"lab.Unmapped","2026-09-20T13:30:43Z","sec-exchange"
"SWZ","Total Return Securities Fund","NYSE",NA,"lab.Unmapped","2026-09-20T13:30:43Z","sec-exchange"
"SAMG","Silvercrest Asset Management Group Inc.","NASDAQ",NA,"lab.Unmapped","2026-09-20T13:30:43Z","sec-exchange"
"CNTB","Connect Biopharma Holdings Ltd","NASDAQ",NA,"lab.Unmapped","2026-09-20T13:30:43Z","sec-exchange"
"RNXT","RenovoRx, Inc.","NASDAQ",NA,"lab.Unmapped","2026-09-20T13:30:43Z","sec-exchange"
"EGG","ENIGMATIG LTD","NYSE",NA,"lab.Unmapped","2026-09-20T13:30:43Z","sec-exchange"
"NBRG","Newbridge Acquisition Ltd","NASDAQ",NA,"lab.Unmapped","2026-09-20T13:30:43Z","sec-exchange"
"ISPR","Ispire Technology Inc.","NASDAQ",NA,"lab.Unmapped","2026-09-20T13:30:43Z","sec-exchange"
"FLX","BingEx Ltd","NASDAQ",NA,"lab.Unmapped","2026-09-20T13:30:43Z","sec-exchange"
"GECC","Great Elm Capital Corp.","NASDAQ",NA,"lab.Unmapped","2026-09-20T13:30:43Z","sec-exchange"
"BPAC","Blueport Acquisition Ltd","NASDAQ",NA,"lab.Unmapped","2026-09-20T13:30:43Z","sec-exchange"
"IOR","INCOME OPPORTUNITY REALTY INVESTORS INC /TX/","NYSE",NA,"lab.Unmapped","2026-09-20T13:30:43Z","sec-exchange"
"FSI","FLEXIBLE SOLUTIONS INTERNATIONAL INC","NYSE",NA,"lab.Unmapped","2026-09-20T13:30:43Z","sec-exchange"
"AEC","ANFIELD ENERGY INC.","NASDAQ",NA,"lab.Unmapped","2026-09-20T13:30:43Z","sec-exchange"
"ZONE","Zone Frontier Inc.","NYSE",NA,"lab.Unmapped","2026-09-20T13:30:43Z","sec-exchange"
"SPWR","SunPower Inc.","NASDAQ",NA,"lab.Unmapped","2026-09-20T13:30:43Z","sec-exchange"
"PXS","Pyxis Tankers Inc.","NASDAQ",NA,"lab.Unmapped","2026-09-20T13:30:43Z","sec-exchange"
"PSIG","PS International Group Ltd.","NASDAQ",NA,"lab.Unmapped","2026-09-20T13:30:43Z","sec-exchange"
"NTIC","NORTHERN TECHNOLOGIES INTERNATIONAL CORP","NASDAQ",NA,"lab.Unmapped","2026-09-20T13:30:43Z","sec-exchange"
"NSTS","NSTS Bancorp, Inc.","NASDAQ",NA,"lab.Unmapped","2026-09-20T13:30:43Z","sec-exchange"
"BTCS","BTCS Inc.","NASDAQ",NA,"lab.Unmapped","2026-09-20T13:30:43Z","sec-exchange"
"GLV","Clough Global Dividend & Income Fund","NYSE",NA,"lab.Unmapped","2026-09-20T13:30:43Z","sec-exchange"
"CING","Cingulate Inc.","NASDAQ",NA,"lab.Unmapped","2026-09-20T13:30:43Z","sec-exchange"
"EEA","EUROPEAN EQUITY FUND, INC / MD","NYSE",NA,"lab.Unmapped","2026-09-20T13:30:43Z","sec-exchange"
"ACRV","Acrivon Therapeutics, Inc.","NASDAQ",NA,"lab.Unmapped","2026-09-20T13:30:43Z","sec-exchange"
"YIBO","Planet Image International Ltd","NASDAQ",NA,"lab.Unmapped","2026-09-20T13:30:43Z","sec-exchange"
"HFBL","Home Federal Bancorp, Inc. of Louisiana","NASDAQ",NA,"lab.Unmapped","2026-09-20T13:30:43Z","sec-exchange"
"OPXS","Optex Systems Holdings Inc","NASDAQ",NA,"lab.Unmapped","2026-09-20T13:30:43Z","sec-exchange"
"GOSS","Gossamer Bio, Inc.","NASDAQ",NA,"lab.Unmapped","2026-09-20T13:30:43Z","sec-exchange"
"SGLD","Scorpio Gold Corp","NASDAQ",NA,"lab.Unmapped","2026-09-20T13:30:43Z","sec-exchange"
"CLST","Catalyst Bancorp, Inc.","NASDAQ",NA,"lab.Unmapped","2026-09-20T13:30:43Z","sec-exchange"
"RANG","Range Capital Acquisition Corp.","NASDAQ",NA,"lab.Unmapped","2026-09-20T13:30:43Z","sec-exchange"
"AIFC","AI Financial Corp","NASDAQ",NA,"lab.Unmapped","2026-09-20T13:30:43Z","sec-exchange"
"CEV","Eaton Vance California Municipal Income Trust","NYSE",NA,"lab.Unmapped","2026-09-20T13:30:43Z","sec-exchange"
"NAMM","Namib Minerals","NASDAQ",NA,"lab.Unmapped","2026-09-20T13:30:43Z","sec-exchange"
"NFE","New Fortress Energy Inc.","NASDAQ",NA,"lab.Unmapped","2026-09-20T13:30:43Z","sec-exchange"
"AUC","ATIF Holdings Ltd","NASDAQ",NA,"lab.Unmapped","2026-09-20T13:30:43Z","sec-exchange"
"JRSH","Jerash Holdings (US), Inc.","NASDAQ",NA,"lab.Unmapped","2026-09-20T13:30:43Z","sec-exchange"
"WWR","WESTWATER RESOURCES, INC.","NYSE",NA,"lab.Unmapped","2026-09-20T13:30:43Z","sec-exchange"
"LGO","Largo Inc.","NASDAQ",NA,"lab.Unmapped","2026-09-20T13:30:43Z","sec-exchange"
"BATL","BATTALION OIL CORP","NYSE",NA,"lab.Unmapped","2026-09-20T13:30:43Z","sec-exchange"
"FVN","Future Vision II Acquisition Corp.","NASDAQ",NA,"lab.Unmapped","2026-09-20T13:30:43Z","sec-exchange"
"SOTK","SONO TEK CORP","NASDAQ",NA,"lab.Unmapped","2026-09-20T13:30:43Z","sec-exchange"
"ATHE","ALTERITY THERAPEUTICS LTD","NASDAQ",NA,"lab.Unmapped","2026-09-20T13:30:43Z","sec-exchange"
"PLRX","PLIANT THERAPEUTICS, INC.","NASDAQ",NA,"lab.Unmapped","2026-09-20T13:30:43Z","sec-exchange"
"RSSS","Research Solutions, Inc.","NASDAQ",NA,"lab.Unmapped","2026-09-20T13:30:43Z","sec-exchange"
"COE","51Talk Online Education Group","NYSE",NA,"lab.Unmapped","2026-09-20T13:30:43Z","sec-exchange"
"VHUB","VenHub Global, Inc.","NASDAQ",NA,"lab.Unmapped","2026-09-20T13:30:43Z","sec-exchange"
"PCLA","PicoCELA Inc.","NASDAQ",NA,"lab.Unmapped","2026-09-20T13:30:43Z","sec-exchange"
"PRTS","CarParts.com, Inc.","NASDAQ",NA,"lab.Unmapped","2026-09-20T13:30:43Z","sec-exchange"
"DRIO","DarioHealth Corp.","NASDAQ",NA,"lab.Unmapped","2026-09-20T13:30:43Z","sec-exchange"
"MB","MASTERBEEF GROUP","NASDAQ",NA,"lab.Unmapped","2026-09-20T13:30:43Z","sec-exchange"
"GNSS","Genasys Inc.","NASDAQ",NA,"lab.Unmapped","2026-09-20T13:30:43Z","sec-exchange"
"UEIC","UNIVERSAL ELECTRONICS INC","NASDAQ",NA,"lab.Unmapped","2026-09-20T13:30:43Z","sec-exchange"
"OCCI","OFS Credit Company, Inc.","NASDAQ",NA,"lab.Unmapped","2026-09-20T13:30:43Z","sec-exchange"
"TENX","TENAX THERAPEUTICS, INC.","NASDAQ",NA,"lab.Unmapped","2026-09-20T13:30:43Z","sec-exchange"
"CVU","CPI AEROSTRUCTURES INC","NYSE",NA,"lab.Unmapped","2026-09-20T13:30:43Z","sec-exchange"
"OKYO","OKYO Pharma Ltd","NASDAQ",NA,"lab.Unmapped","2026-09-20T13:30:43Z","sec-exchange"
"WKEY","Wisekey International Holding S.A.","NASDAQ",NA,"lab.Unmapped","2026-09-20T13:30:43Z","sec-exchange"
"GDHG","GOLDEN HEAVEN GROUP HOLDINGS LTD.","NASDAQ",NA,"lab.Unmapped","2026-09-20T13:30:43Z","sec-exchange"
"CSBR","CHAMPIONS ONCOLOGY, INC.","NASDAQ",NA,"lab.Unmapped","2026-09-20T13:30:43Z","sec-exchange"
"ROLR","High Roller Technologies, Inc.","NYSE",NA,"lab.Unmapped","2026-09-20T13:30:43Z","sec-exchange"
"AISP","Airship AI Holdings, Inc.","NASDAQ",NA,"lab.Unmapped","2026-09-20T13:30:43Z","sec-exchange"
"AIRG","AIRGAIN INC","NASDAQ",NA,"lab.Unmapped","2026-09-20T13:30:43Z","sec-exchange"
"PODC","PodcastOne, Inc.","NASDAQ",NA,"lab.Unmapped","2026-09-20T13:30:43Z","sec-exchange"
"FLL","FULL HOUSE RESORTS INC","NASDAQ",NA,"lab.Unmapped","2026-09-20T13:30:43Z","sec-exchange"
"AMTD","AMTD IDEA GROUP","NYSE",NA,"lab.Unmapped","2026-09-20T13:30:43Z","sec-exchange"
"DXR","DAXOR CORP","NASDAQ",NA,"lab.Unmapped","2026-09-20T13:30:43Z","sec-exchange"
"NMAD","NOMAD POWER SOLUTIONS, INC.","NASDAQ",NA,"lab.Unmapped","2026-09-20T13:30:43Z","sec-exchange"
"DMA","Destra Multi-Alternative Fund","NYSE",NA,"lab.Unmapped","2026-09-20T13:30:43Z","sec-exchange"
"INSG","INSEEGO CORP.","NASDAQ",NA,"lab.Unmapped","2026-09-20T13:30:43Z","sec-exchange"
"NMS","Nuveen Minnesota Quality Municipal Income Fund","NYSE",NA,"lab.Unmapped","2026-09-20T13:30:43Z","sec-exchange"
"YTRA","Yatra Online, Inc.","NASDAQ",NA,"lab.Unmapped","2026-09-20T13:30:43Z","sec-exchange"
"IPWR","Ideal Power Inc.","NASDAQ",NA,"lab.Unmapped","2026-09-20T13:30:43Z","sec-exchange"
"RNTX","Rein Therapeutics, Inc.","NASDAQ",NA,"lab.Unmapped","2026-09-20T13:30:43Z","sec-exchange"
"XBIT","XBiotech Inc.","NASDAQ",NA,"lab.Unmapped","2026-09-20T13:30:43Z","sec-exchange"
"WSHP","WeShop Holdings Ltd","NASDAQ",NA,"lab.Unmapped","2026-09-20T13:30:43Z","sec-exchange"
"ZKIN","ZK International Group Co., Ltd.","NASDAQ",NA,"lab.Unmapped","2026-09-20T13:30:43Z","sec-exchange"
"CAST","FreeCast, Inc.","NASDAQ",NA,"lab.Unmapped","2026-09-20T13:30:43Z","sec-exchange"
"MDXH","MDxHealth SA","NASDAQ",NA,"lab.Unmapped","2026-09-20T13:30:43Z","sec-exchange"
"GEOS","GEOSPACE TECHNOLOGIES CORP","NASDAQ",NA,"lab.Unmapped","2026-09-20T13:30:43Z","sec-exchange"
"APLM","Apollomics Inc.","NASDAQ",NA,"lab.Unmapped","2026-09-20T13:30:43Z","sec-exchange"
"ALPS","Alps Group Inc","NASDAQ",NA,"lab.Unmapped","2026-09-20T13:30:43Z","sec-exchange"
"SPRO","Spero Therapeutics, Inc.","NASDAQ",NA,"lab.Unmapped","2026-09-20T13:30:43Z","sec-exchange"
"LONA","LeonaBio, Inc.","NASDAQ",NA,"lab.Unmapped","2026-09-20T13:30:43Z","sec-exchange"
"USIO","Usio, Inc.","NASDAQ",NA,"lab.Unmapped","2026-09-20T13:30:43Z","sec-exchange"
"ZEPP","Zepp Health Corp","NYSE",NA,"lab.Unmapped","2026-09-20T13:30:43Z","sec-exchange"
"MOB","Mobilicom Ltd","NASDAQ",NA,"lab.Unmapped","2026-09-20T13:30:43Z","sec-exchange"
"AVD","AMERICAN VANGUARD CORP","NYSE",NA,"lab.Unmapped","2026-09-20T13:30:43Z","sec-exchange"
"ASPS","ALTISOURCE PORTFOLIO SOLUTIONS S.A.","NASDAQ",NA,"lab.Unmapped","2026-09-20T13:30:43Z","sec-exchange"
"UAVS","AgEagle Aerial Systems Inc.","NYSE",NA,"lab.Unmapped","2026-09-20T13:30:43Z","sec-exchange"
"GEG","Great Elm Group, Inc.","NASDAQ",NA,"lab.Unmapped","2026-09-20T13:30:43Z","sec-exchange"
"ZYBT","Zhengye Biotechnology Holding Ltd","NASDAQ",NA,"lab.Unmapped","2026-09-20T13:30:43Z","sec-exchange"
"PEW","GrabAGun Digital Holdings Inc.","NYSE",NA,"lab.Unmapped","2026-09-20T13:30:43Z","sec-exchange"
"WATT","Energous Corp","NASDAQ",NA,"lab.Unmapped","2026-09-20T13:30:43Z","sec-exchange"
"PDSB","PDS Biotechnology Corp","NASDAQ",NA,"lab.Unmapped","2026-09-20T13:30:43Z","sec-exchange"
"FRMM","FORUM MARKETS Inc","NASDAQ",NA,"lab.Unmapped","2026-09-20T13:30:43Z","sec-exchange"
"RENT","Rent the Runway, Inc.","NASDAQ",NA,"lab.Unmapped","2026-09-20T13:30:43Z","sec-exchange"
"BOLD","Boundless Bio, Inc.","NASDAQ",NA,"lab.Unmapped","2026-09-20T13:30:43Z","sec-exchange"
"PCM","PCM FUND, INC.","NYSE",NA,"lab.Unmapped","2026-09-20T13:30:43Z","sec-exchange"
"AIFU","AIFU Inc.","NASDAQ",NA,"lab.Unmapped","2026-09-20T13:30:43Z","sec-exchange"
"NPT","Texxon Holding Ltd","NASDAQ",NA,"lab.Unmapped","2026-09-20T13:30:43Z","sec-exchange"
"WNW","Meiwu Technology Co Ltd","NASDAQ",NA,"lab.Unmapped","2026-09-20T13:30:43Z","sec-exchange"
"ELOX","Eloxx Pharmaceuticals, Inc.","NASDAQ",NA,"lab.Unmapped","2026-09-20T13:30:43Z","sec-exchange"
"PDCC","Pearl Diver Credit Co Inc.","NYSE",NA,"lab.Unmapped","2026-09-20T13:30:43Z","sec-exchange"
"PGZ","Principal Real Estate Income Fund","NYSE",NA,"lab.Unmapped","2026-09-20T13:30:43Z","sec-exchange"
"IBO","IMPACT BIOMEDICAL INC.","NYSE",NA,"lab.Unmapped","2026-09-20T13:30:43Z","sec-exchange"
"INVE","INVE Technologies, Inc.","NASDAQ",NA,"lab.Unmapped","2026-09-20T13:30:43Z","sec-exchange"
"SPCB","SuperCom Ltd","NASDAQ",NA,"lab.Unmapped","2026-09-20T13:30:43Z","sec-exchange"
"WFCF","Where Food Comes From, Inc.","NASDAQ",NA,"lab.Unmapped","2026-09-20T13:30:43Z","sec-exchange"
"PVL","Permianville Royalty Trust","NYSE",NA,"lab.Unmapped","2026-09-20T13:30:43Z","sec-exchange"
"HOUR","Hour Loop, Inc","NASDAQ",NA,"lab.Unmapped","2026-09-20T13:30:43Z","sec-exchange"
"GRSD","GRANDSTAND Ltd","NASDAQ",NA,"lab.Unmapped","2026-09-20T13:30:43Z","sec-exchange"
"BIYA","Baiya International Group Inc.","NASDAQ",NA,"lab.Unmapped","2026-09-20T13:30:43Z","sec-exchange"
"TLPH","TALPHERA, INC.","NASDAQ",NA,"lab.Unmapped","2026-09-20T13:30:43Z","sec-exchange"
"TTEC","TTEC Holdings, Inc.","NASDAQ",NA,"lab.Unmapped","2026-09-20T13:30:43Z","sec-exchange"
"SOWG","Sow Good Inc.","NASDAQ",NA,"lab.Unmapped","2026-09-20T13:30:43Z","sec-exchange"
"VGAS","Verde Clean Fuels, Inc.","NASDAQ",NA,"lab.Unmapped","2026-09-20T13:30:43Z","sec-exchange"
"LITB","LightInTheBox Holding Co., Ltd.","NYSE",NA,"lab.Unmapped","2026-09-20T13:30:43Z","sec-exchange"
"INMB","Inmune Bio, Inc.","NASDAQ",NA,"lab.Unmapped","2026-09-20T13:30:43Z","sec-exchange"
"NCTY","The9 LTD","NASDAQ",NA,"lab.Unmapped","2026-09-20T13:30:43Z","sec-exchange"
"BOF","BranchOut Food Inc.","NASDAQ",NA,"lab.Unmapped","2026-09-20T13:30:43Z","sec-exchange"
"IH","iHuman Inc.","NYSE",NA,"lab.Unmapped","2026-09-20T13:30:43Z","sec-exchange"
"HYFT","MindWalk Holdings Corp.","NASDAQ",NA,"lab.Unmapped","2026-09-20T13:30:43Z","sec-exchange"
"NNOX","Nano-X Imaging Ltd.","NASDAQ",NA,"lab.Unmapped","2026-09-20T13:30:43Z","sec-exchange"
"MCHX","MARCHEX INC","NASDAQ",NA,"lab.Unmapped","2026-09-20T13:30:43Z","sec-exchange"
"ELBM","Electra Battery Materials Corp","NASDAQ",NA,"lab.Unmapped","2026-09-20T13:30:43Z","sec-exchange"
"REKR","Rekor Systems, Inc.","NASDAQ",NA,"lab.Unmapped","2026-09-20T13:30:43Z","sec-exchange"
"CAPN","Cayson Acquisition Corp","NASDAQ",NA,"lab.Unmapped","2026-09-20T13:30:43Z","sec-exchange"
"DOMH","Dominari Holdings Inc.","NASDAQ",NA,"lab.Unmapped","2026-09-20T13:30:43Z","sec-exchange"
"IMA","ImageneBio, Inc.","NASDAQ",NA,"lab.Unmapped","2026-09-20T13:30:43Z","sec-exchange"
"MYPS","PLAYSTUDIOS, Inc.","NASDAQ",NA,"lab.Unmapped","2026-09-20T13:30:43Z","sec-exchange"
"HRTX","HERON THERAPEUTICS, INC. /DE/","NASDAQ",NA,"lab.Unmapped","2026-09-20T13:30:43Z","sec-exchange"
"DWTX","Dogwood Therapeutics, Inc.","NASDAQ",NA,"lab.Unmapped","2026-09-20T13:30:43Z","sec-exchange"
"INKT","MiNK Therapeutics, Inc.","NASDAQ",NA,"lab.Unmapped","2026-09-20T13:30:43Z","sec-exchange"
"SLSN","SOLESENCE, INC.","NASDAQ",NA,"lab.Unmapped","2026-09-20T13:30:43Z","sec-exchange"
"ICG","Intchains Group Ltd","NASDAQ",NA,"lab.Unmapped","2026-09-20T13:30:43Z","sec-exchange"
"QTEX","QTREX Quantum Ltd.","NASDAQ",NA,"lab.Unmapped","2026-09-20T13:30:43Z","sec-exchange"
"COPR","Idaho Copper Corp","NYSE",NA,"lab.Unmapped","2026-09-20T13:30:43Z","sec-exchange"
"XLO","Xilio Therapeutics, Inc.","NASDAQ",NA,"lab.Unmapped","2026-09-20T13:30:43Z","sec-exchange"
"OM","Outset Medical, Inc.","NASDAQ",NA,"lab.Unmapped","2026-09-20T13:30:43Z","sec-exchange"
"SCWO","374Water Inc.","NASDAQ",NA,"lab.Unmapped","2026-09-20T13:30:43Z","sec-exchange"
"MXE","MEXICO EQUITY & INCOME FUND INC","NYSE",NA,"lab.Unmapped","2026-09-20T13:30:43Z","sec-exchange"
"AURE","Aurelion Inc.","NASDAQ",NA,"lab.Unmapped","2026-09-20T13:30:43Z","sec-exchange"
"CTM","Castellum, Inc.","NYSE",NA,"lab.Unmapped","2026-09-20T13:30:43Z","sec-exchange"
"XPL","SOLITARIO RESOURCES CORP.","NYSE",NA,"lab.Unmapped","2026-09-20T13:30:43Z","sec-exchange"
"TELA","TELA Bio, Inc.","NASDAQ",NA,"lab.Unmapped","2026-09-20T13:30:43Z","sec-exchange"
"JZXN","Jiuzi Holdings, Inc.","NASDAQ",NA,"lab.Unmapped","2026-09-20T13:30:43Z","sec-exchange"
"SKIL","Skillsoft Corp.","NYSE",NA,"lab.Unmapped","2026-09-20T13:30:43Z","sec-exchange"
"TZOO","TRAVELZOO","NASDAQ",NA,"lab.Unmapped","2026-09-20T13:30:43Z","sec-exchange"
"ODYS","Odysight.ai Inc.","NASDAQ",NA,"lab.Unmapped","2026-09-20T13:30:43Z","sec-exchange"
"CRGO","Freightos Ltd","NASDAQ",NA,"lab.Unmapped","2026-09-20T13:30:43Z","sec-exchange"
"SKYA","SkyAI, Inc.","NASDAQ",NA,"lab.Unmapped","2026-09-20T13:30:43Z","sec-exchange"
"WATR","Air Water Ventures Ltd","NASDAQ",NA,"lab.Unmapped","2026-09-20T13:30:43Z","sec-exchange"
"APWC","ASIA PACIFIC WIRE & CABLE CORP LTD","NASDAQ",NA,"lab.Unmapped","2026-09-20T13:30:43Z","sec-exchange"
"ELTK","ELTEK LTD","NASDAQ",NA,"lab.Unmapped","2026-09-20T13:30:43Z","sec-exchange"
"SELF","Global Self Storage, Inc.","NASDAQ",NA,"lab.Unmapped","2026-09-20T13:30:43Z","sec-exchange"
"EXOZ","EXOZYMES INC.","NASDAQ",NA,"lab.Unmapped","2026-09-20T13:30:43Z","sec-exchange"
"SGA","SAGA COMMUNICATIONS INC","NASDAQ",NA,"lab.Unmapped","2026-09-20T13:30:43Z","sec-exchange"
"LIDR","AEye, Inc.","NASDAQ",NA,"lab.Unmapped","2026-09-20T13:30:43Z","sec-exchange"
"SER","Serina Therapeutics, Inc.","NYSE",NA,"lab.Unmapped","2026-09-20T13:30:43Z","sec-exchange"
"LFS","LEIFRAS Co., Ltd.","NASDAQ",NA,"lab.Unmapped","2026-09-20T13:30:43Z","sec-exchange"
"RPID","RAPID MICRO BIOSYSTEMS, INC.","NASDAQ",NA,"lab.Unmapped","2026-09-20T13:30:43Z","sec-exchange"
"DLHC","DLH Holdings Corp.","NASDAQ",NA,"lab.Unmapped","2026-09-20T13:30:43Z","sec-exchange"
"NCEW","New Century Logistics (BVI) Ltd","NASDAQ",NA,"lab.Unmapped","2026-09-20T13:30:43Z","sec-exchange"
"CLNN","Clene Inc.","NASDAQ",NA,"lab.Unmapped","2026-09-20T13:30:43Z","sec-exchange"
"CIRC","CIRCLE8 GROUP INC","NASDAQ",NA,"lab.Unmapped","2026-09-20T13:30:43Z","sec-exchange"
"ZOOZ","ZOOZ Strategy Ltd.","NASDAQ",NA,"lab.Unmapped","2026-09-20T13:30:43Z","sec-exchange"
"STI","Solidion Technology Inc.","NASDAQ",NA,"lab.Unmapped","2026-09-20T13:30:43Z","sec-exchange"
"FTEK","FUEL TECH, INC.","NASDAQ",NA,"lab.Unmapped","2026-09-20T13:30:43Z","sec-exchange"
"MVIS","MICROVISION, INC.","NASDAQ",NA,"lab.Unmapped","2026-09-20T13:30:43Z","sec-exchange"
"SORA","AsiaStrategy","NASDAQ",NA,"lab.Unmapped","2026-09-20T13:30:43Z","sec-exchange"
"KNDI","Kandi Technologies Group, Inc.","NASDAQ",NA,"lab.Unmapped","2026-09-20T13:30:43Z","sec-exchange"
"FTFT","Future FinTech Group Inc.","NASDAQ",NA,"lab.Unmapped","2026-09-20T13:30:43Z","sec-exchange"
"BAER","Bridger Aerospace Group Holdings, Inc.","NASDAQ",NA,"lab.Unmapped","2026-09-20T13:30:43Z","sec-exchange"
"OFS","OFS Capital Corp","NASDAQ",NA,"lab.Unmapped","2026-09-20T13:30:43Z","sec-exchange"
"GGR","Gogoro Inc.","NASDAQ",NA,"lab.Unmapped","2026-09-20T13:30:43Z","sec-exchange"
"BGSF","BGSF, INC.","NYSE",NA,"lab.Unmapped","2026-09-20T13:30:43Z","sec-exchange"
"TPCS","TECHPRECISION CORP","NASDAQ",NA,"lab.Unmapped","2026-09-20T13:30:43Z","sec-exchange"
"GENK","GEN Restaurant Group, Inc.","NASDAQ",NA,"lab.Unmapped","2026-09-20T13:30:43Z","sec-exchange"
"IBAC","IB Acquisition Corp.","NASDAQ",NA,"lab.Unmapped","2026-09-20T13:30:43Z","sec-exchange"
"ACFN","ACORN ENERGY, INC.","NASDAQ",NA,"lab.Unmapped","2026-09-20T13:30:43Z","sec-exchange"
"TREO","Tactical Resources Corp.","NASDAQ",NA,"lab.Unmapped","2026-09-20T13:30:43Z","sec-exchange"
"TOUR","Tuniu Corp","NASDAQ",NA,"lab.Unmapped","2026-09-20T13:30:43Z","sec-exchange"
"NXB","NextBoat Inc.","NYSE",NA,"lab.Unmapped","2026-09-20T13:30:43Z","sec-exchange"
"FBDT","First Breach, Inc.","NASDAQ",NA,"lab.Unmapped","2026-09-20T13:30:43Z","sec-exchange"
"COCH","Envoy Medical, Inc.","NASDAQ",NA,"lab.Unmapped","2026-09-20T13:30:43Z","sec-exchange"
"HIT","Health In Tech, Inc.","NASDAQ",NA,"lab.Unmapped","2026-09-20T13:30:43Z","sec-exchange"
"INV","Innventure, Inc.","NASDAQ",NA,"lab.Unmapped","2026-09-20T13:30:43Z","sec-exchange"
"APT","ALPHA PRO TECH LTD","NYSE",NA,"lab.Unmapped","2026-09-20T13:30:43Z","sec-exchange"
"CCIF","Carlyle Credit Income Fund","NYSE",NA,"lab.Unmapped","2026-09-20T13:30:43Z","sec-exchange"
"HYPD","HYPERION DEFI, INC.","NASDAQ",NA,"lab.Unmapped","2026-09-20T13:30:43Z","sec-exchange"
"LASE","Laser Photonics Corp","NASDAQ",NA,"lab.Unmapped","2026-09-20T13:30:43Z","sec-exchange"
"TACT","TRANSACT TECHNOLOGIES INC","NASDAQ",NA,"lab.Unmapped","2026-09-20T13:30:43Z","sec-exchange"
"EUDA","EUDA Health Holdings Ltd","NASDAQ",NA,"lab.Unmapped","2026-09-20T13:30:43Z","sec-exchange"
"JMM","Nuveen Multi-Market Income Fund","NYSE",NA,"lab.Unmapped","2026-09-20T13:30:43Z","sec-exchange"
"SDA","SunCar Technology Group Inc.","NASDAQ",NA,"lab.Unmapped","2026-09-20T13:30:43Z","sec-exchange"
"NTWK","NETSOL TECHNOLOGIES INC","NASDAQ",NA,"lab.Unmapped","2026-09-20T13:30:43Z","sec-exchange"
"STKS","ONE Group Hospitality, Inc.","NASDAQ",NA,"lab.Unmapped","2026-09-20T13:30:43Z","sec-exchange"
"FNUC","Frontier Nuclear & Minerals Inc.","NASDAQ",NA,"lab.Unmapped","2026-09-20T13:30:43Z","sec-exchange"
"AGIG","ABUNDIA GLOBAL IMPACT GROUP, INC.","NYSE",NA,"lab.Unmapped","2026-09-20T13:30:43Z","sec-exchange"
"MYO","MYOMO, INC.","NYSE",NA,"lab.Unmapped","2026-09-20T13:30:43Z","sec-exchange"
"VRM","Vroom, Inc.","NASDAQ",NA,"lab.Unmapped","2026-09-20T13:30:43Z","sec-exchange"
"BRID","BRIDGFORD FOODS CORP","NASDAQ",NA,"lab.Unmapped","2026-09-20T13:30:43Z","sec-exchange"
"GLND","Greenland Energy Co","NASDAQ",NA,"lab.Unmapped","2026-09-20T13:30:43Z","sec-exchange"
"NAAS","NaaS Technology Inc.","NASDAQ",NA,"lab.Unmapped","2026-09-20T13:30:43Z","sec-exchange"
"SRTS","Sensus Healthcare, Inc.","NASDAQ",NA,"lab.Unmapped","2026-09-20T13:30:43Z","sec-exchange"
"MDAI","Spectral AI, Inc.","NASDAQ",NA,"lab.Unmapped","2026-09-20T13:30:43Z","sec-exchange"
"BNAI","Brand Engagement Network Inc.","NASDAQ",NA,"lab.Unmapped","2026-09-20T13:30:43Z","sec-exchange"
"CNVS","Cineverse Corp.","NASDAQ",NA,"lab.Unmapped","2026-09-20T13:30:43Z","sec-exchange"
"TC","Token Cat Ltd","NASDAQ",NA,"lab.Unmapped","2026-09-20T13:30:43Z","sec-exchange"
"HAIN","HAIN CELESTIAL GROUP INC","NASDAQ",NA,"lab.Unmapped","2026-09-20T13:30:43Z","sec-exchange"
"MKTW","MARKETWISE, INC.","NASDAQ",NA,"lab.Unmapped","2026-09-20T13:30:43Z","sec-exchange"
"DSWL","DESWELL INDUSTRIES INC","NASDAQ",NA,"lab.Unmapped","2026-09-20T13:30:43Z","sec-exchange"
"BKHA","Black Hawk Acquisition Corp","NASDAQ",NA,"lab.Unmapped","2026-09-20T13:30:43Z","sec-exchange"
"RSF","RiverNorth Capital & Income Fund, Inc.","NYSE",NA,"lab.Unmapped","2026-09-20T13:30:43Z","sec-exchange"
"VHC","VirnetX Holding Corp","NASDAQ",NA,"lab.Unmapped","2026-09-20T13:30:43Z","sec-exchange"
"SFWL","SHENGFENG DEVELOPMENT Ltd","NASDAQ",NA,"lab.Unmapped","2026-09-20T13:30:43Z","sec-exchange"
"TEAD","Teads Holding Co.","NASDAQ",NA,"lab.Unmapped","2026-09-20T13:30:43Z","sec-exchange"
"KBSX","FST Corp.","NASDAQ",NA,"lab.Unmapped","2026-09-20T13:30:43Z","sec-exchange"
"TIL","Instil Bio, Inc.","NASDAQ",NA,"lab.Unmapped","2026-09-20T13:30:43Z","sec-exchange"
"TVGN","Tevogen Inc.","NASDAQ",NA,"lab.Unmapped","2026-09-20T13:30:43Z","sec-exchange"
"TCBS","Texas Community Bancshares, Inc.","NASDAQ",NA,"lab.Unmapped","2026-09-20T13:30:43Z","sec-exchange"
"ELTX","Elicio Therapeutics, Inc.","NASDAQ",NA,"lab.Unmapped","2026-09-20T13:30:43Z","sec-exchange"
"ANVS","Annovis Bio, Inc.","NYSE",NA,"lab.Unmapped","2026-09-20T13:30:43Z","sec-exchange"
"KG","Kestrel Group Ltd","NASDAQ",NA,"lab.Unmapped","2026-09-20T13:30:43Z","sec-exchange"
"IDN","Intellicheck, Inc.","NASDAQ",NA,"lab.Unmapped","2026-09-20T13:30:43Z","sec-exchange"
"SOGP","Sound Group Inc.","NASDAQ",NA,"lab.Unmapped","2026-09-20T13:30:43Z","sec-exchange"
"COLA","Columbus Acquisition Corp/Cayman Islands","NASDAQ",NA,"lab.Unmapped","2026-09-20T13:30:43Z","sec-exchange"
"POCI","PRECISION OPTICS CORPORATION, INC.","NASDAQ",NA,"lab.Unmapped","2026-09-20T13:30:43Z","sec-exchange"
"HGBL","Heritage Global Inc.","NASDAQ",NA,"lab.Unmapped","2026-09-20T13:30:43Z","sec-exchange"
"ELWT","Elauwit Connection, Inc.","NASDAQ",NA,"lab.Unmapped","2026-09-20T13:30:43Z","sec-exchange"
"RYM","RYTHM, Inc.","NASDAQ",NA,"lab.Unmapped","2026-09-20T13:30:43Z","sec-exchange"
"SAIH","SAIHEAT Ltd","NASDAQ",NA,"lab.Unmapped","2026-09-20T13:30:43Z","sec-exchange"
"PRPO","Precipio, Inc.","NASDAQ",NA,"lab.Unmapped","2026-09-20T13:30:43Z","sec-exchange"
"YHNA","YHN Acquisition I Ltd","NASDAQ",NA,"lab.Unmapped","2026-09-20T13:30:43Z","sec-exchange"
"SNSC","SunScout Holding Ltd","NYSE",NA,"lab.Unmapped","2026-09-20T13:30:43Z","sec-exchange"
"SEAT","Vivid Seats Inc.","NASDAQ",NA,"lab.Unmapped","2026-09-20T13:30:43Z","sec-exchange"
"HOWL","Werewolf Therapeutics, Inc.","NASDAQ",NA,"lab.Unmapped","2026-09-20T13:30:43Z","sec-exchange"
"CATO","CATO CORP","NYSE",NA,"lab.Unmapped","2026-09-20T13:30:43Z","sec-exchange"
"KFFB","Kentucky First Federal Bancorp","NASDAQ",NA,"lab.Unmapped","2026-09-20T13:30:43Z","sec-exchange"
"IMMP","IMMUTEP Ltd","NASDAQ",NA,"lab.Unmapped","2026-09-20T13:30:43Z","sec-exchange"
"NWGL","CL Workshop Group Ltd","NASDAQ",NA,"lab.Unmapped","2026-09-20T13:30:43Z","sec-exchange"
"MREO","Mereo BioPharma Group plc","NASDAQ",NA,"lab.Unmapped","2026-09-20T13:30:43Z","sec-exchange"
"MATH","Metalpha Technology Holding Ltd","NASDAQ",NA,"lab.Unmapped","2026-09-20T13:30:43Z","sec-exchange"
"RDI","READING INTERNATIONAL INC","NASDAQ",NA,"lab.Unmapped","2026-09-20T13:30:43Z","sec-exchange"
"CULP","CULP INC","NASDAQ",NA,"lab.Unmapped","2026-09-20T13:30:43Z","sec-exchange"
"AIOS","AIOS Tech Inc.","NASDAQ",NA,"lab.Unmapped","2026-09-20T13:30:43Z","sec-exchange"
"IZEA","IZEA Worldwide, Inc.","NASDAQ",NA,"lab.Unmapped","2026-09-20T13:30:43Z","sec-exchange"
"BTMD","biote Corp.","NASDAQ",NA,"lab.Unmapped","2026-09-20T13:30:43Z","sec-exchange"
"MBBC","Marathon Bancorp, Inc. /MD/","NASDAQ",NA,"lab.Unmapped","2026-09-20T13:30:43Z","sec-exchange"
"NEPH","NEPHROS INC","NASDAQ",NA,"lab.Unmapped","2026-09-20T13:30:43Z","sec-exchange"
"SACH","Sachem Capital Corp.","NYSE",NA,"lab.Unmapped","2026-09-20T13:30:43Z","sec-exchange"
"SQNS","SEQUANS COMMUNICATIONS","NYSE",NA,"lab.Unmapped","2026-09-20T13:30:43Z","sec-exchange"
"XTNT","Xtant Medical Holdings, Inc.","NYSE",NA,"lab.Unmapped","2026-09-20T13:30:43Z","sec-exchange"
"CMTL","COMTECH TELECOMMUNICATIONS CORP /DE/","NASDAQ",NA,"lab.Unmapped","2026-09-20T13:30:43Z","sec-exchange"
"LVO","LiveOne, Inc.","NASDAQ",NA,"lab.Unmapped","2026-09-20T13:30:43Z","sec-exchange"
"PLCE","Childrens Place, Inc.","NASDAQ",NA,"lab.Unmapped","2026-09-20T13:30:43Z","sec-exchange"
"BRAG","Bragg Gaming Group Inc.","NASDAQ",NA,"lab.Unmapped","2026-09-20T13:30:43Z","sec-exchange"
"SPWH","SPORTSMAN'S WAREHOUSE HOLDINGS, INC.","NASDAQ",NA,"lab.Unmapped","2026-09-20T13:30:43Z","sec-exchange"
"PROP","Prairie Operating Co.","NASDAQ",NA,"lab.Unmapped","2026-09-20T13:30:43Z","sec-exchange"
"GRCE","Grace Therapeutics, Inc.","NASDAQ",NA,"lab.Unmapped","2026-09-20T13:30:43Z","sec-exchange"
"STEM","STEM, INC.","NYSE",NA,"lab.Unmapped","2026-09-20T13:30:43Z","sec-exchange"
"INDO","Indonesia Energy Corp Ltd","NYSE",NA,"lab.Unmapped","2026-09-20T13:30:43Z","sec-exchange"
"LOAN","MANHATTAN BRIDGE CAPITAL, INC","NASDAQ",NA,"lab.Unmapped","2026-09-20T13:30:43Z","sec-exchange"
"QETA","Quetta Acquisition Corp","NASDAQ",NA,"lab.Unmapped","2026-09-20T13:30:43Z","sec-exchange"
"GROV","Grove Collaborative Holdings, Inc.","NYSE",NA,"lab.Unmapped","2026-09-20T13:30:43Z","sec-exchange"
"STKE","SOL Strategies Inc.","NASDAQ",NA,"lab.Unmapped","2026-09-20T13:30:43Z","sec-exchange"
"THCH","TH International Ltd","NASDAQ",NA,"lab.Unmapped","2026-09-20T13:30:43Z","sec-exchange"
"OMEX","ODYSSEY MARINE EXPLORATION INC","NASDAQ",NA,"lab.Unmapped","2026-09-20T13:30:43Z","sec-exchange"
"PTLE","PTL Ltd","NASDAQ",NA,"lab.Unmapped","2026-09-20T13:30:43Z","sec-exchange"
"GAME","GameSquare Holdings, Inc.","NASDAQ",NA,"lab.Unmapped","2026-09-20T13:30:43Z","sec-exchange"
"MGX","Metagenomi Therapeutics, Inc.","NASDAQ",NA,"lab.Unmapped","2026-09-20T13:30:43Z","sec-exchange"
"GPMT","Granite Point Mortgage Trust Inc.","NYSE",NA,"lab.Unmapped","2026-09-20T13:30:43Z","sec-exchange"
"RYOJ","rYojbaba Co., Ltd.","NASDAQ",NA,"lab.Unmapped","2026-09-20T13:30:43Z","sec-exchange"
"SCYX","SCYNEXIS INC","NASDAQ",NA,"lab.Unmapped","2026-09-20T13:30:43Z","sec-exchange"
"ABLV","Able View Global Inc.","NASDAQ",NA,"lab.Unmapped","2026-09-20T13:30:43Z","sec-exchange"
"BCHT","Birchtech Corp.","NYSE",NA,"lab.Unmapped","2026-09-20T13:30:43Z","sec-exchange"
"IXHL","Incannex Healthcare Inc.","NASDAQ",NA,"lab.Unmapped","2026-09-20T13:30:43Z","sec-exchange"
"GMHS","Gamehaus Holdings Inc.","NASDAQ",NA,"lab.Unmapped","2026-09-20T13:30:43Z","sec-exchange"
"DTSQ","DT Cloud Star Acquisition Corp","NASDAQ",NA,"lab.Unmapped","2026-09-20T13:30:43Z","sec-exchange"
"SDEV","Stablecoin Development Corp","NYSE",NA,"lab.Unmapped","2026-09-20T13:30:43Z","sec-exchange"
"YSXT","YSX Tech Co., Ltd","NASDAQ",NA,"lab.Unmapped","2026-09-20T13:30:43Z","sec-exchange"
"TGE","Generation Essentials Group","NYSE",NA,"lab.Unmapped","2026-09-20T13:30:43Z","sec-exchange"
"DGNX","Diginex Ltd","NASDAQ",NA,"lab.Unmapped","2026-09-20T13:30:43Z","sec-exchange"
"PXLW","PIXELWORKS, INC","NASDAQ",NA,"lab.Unmapped","2026-09-20T13:30:43Z","sec-exchange"
"LSF","Laird Superfood, Inc.","NYSE",NA,"lab.Unmapped","2026-09-20T13:30:43Z","sec-exchange"
"ATHR","Aether Holdings, Inc.","NASDAQ",NA,"lab.Unmapped","2026-09-20T13:30:43Z","sec-exchange"
"PHUN","Phunware, Inc.","NASDAQ",NA,"lab.Unmapped","2026-09-20T13:30:43Z","sec-exchange"
"GRF","EAGLE CAPITAL GROWTH FUND, INC.","NYSE",NA,"lab.Unmapped","2026-09-20T13:30:43Z","sec-exchange"
"MCRB","Seres Therapeutics, Inc.","NASDAQ",NA,"lab.Unmapped","2026-09-20T13:30:43Z","sec-exchange"
"NSRX","Nasus Pharma Ltd","NYSE",NA,"lab.Unmapped","2026-09-20T13:30:43Z","sec-exchange"
"ACCL","Acco Group Holdings Ltd","NASDAQ",NA,"lab.Unmapped","2026-09-20T13:30:43Z","sec-exchange"
"ARBK","Argo Blockchain Plc","NASDAQ",NA,"lab.Unmapped","2026-09-20T13:30:43Z","sec-exchange"
"VERU","VERU INC.","NASDAQ",NA,"lab.Unmapped","2026-09-20T13:30:43Z","sec-exchange"
"MAMO","Massimo Group","NASDAQ",NA,"lab.Unmapped","2026-09-20T13:30:43Z","sec-exchange"
"RAVE","RAVE RESTAURANT GROUP, INC.","NASDAQ",NA,"lab.Unmapped","2026-09-20T13:30:43Z","sec-exchange"
"MLSS","MILESTONE SCIENTIFIC INC.","NYSE",NA,"lab.Unmapped","2026-09-20T13:30:43Z","sec-exchange"
"KPTI","Karyopharm Therapeutics Inc.","NASDAQ",NA,"lab.Unmapped","2026-09-20T13:30:43Z","sec-exchange"
"MGLD","Marygold Companies, Inc.","NYSE",NA,"lab.Unmapped","2026-09-20T13:30:43Z","sec-exchange"
"AXIL","Axil Brands, Inc.","NYSE",NA,"lab.Unmapped","2026-09-20T13:30:43Z","sec-exchange"
"ZDGE","Zedge, Inc.","NYSE",NA,"lab.Unmapped","2026-09-20T13:30:43Z","sec-exchange"
"EDSA","Edesa Biotech, Inc.","NASDAQ",NA,"lab.Unmapped","2026-09-20T13:30:43Z","sec-exchange"
"NOEM","CO2 Energy Transition Corp.","NASDAQ",NA,"lab.Unmapped","2026-09-20T13:30:43Z","sec-exchange"
"SYPR","SYPRIS SOLUTIONS INC","NASDAQ",NA,"lab.Unmapped","2026-09-20T13:30:43Z","sec-exchange"
"RMCO","Royalty Management Holding Corp","NASDAQ",NA,"lab.Unmapped","2026-09-20T13:30:43Z","sec-exchange"
"FSHP","Flag Ship Acquisition Corp","NASDAQ",NA,"lab.Unmapped","2026-09-20T13:30:43Z","sec-exchange"
"PAVM","PAVmed Inc.","NASDAQ",NA,"lab.Unmapped","2026-09-20T13:30:43Z","sec-exchange"
"PN","PN Smart Energy Ltd","NASDAQ",NA,"lab.Unmapped","2026-09-20T13:30:43Z","sec-exchange"
"CRVO","CervoMed Inc.","NASDAQ",NA,"lab.Unmapped","2026-09-20T13:30:43Z","sec-exchange"
"YOUL","Youlife Group Inc.","NASDAQ",NA,"lab.Unmapped","2026-09-20T13:30:43Z","sec-exchange"
"EHLD","Euroholdings Ltd.","NASDAQ",NA,"lab.Unmapped","2026-09-20T13:30:43Z","sec-exchange"
"AFJK","Aimei Health Technology Co., Ltd.","NASDAQ",NA,"lab.Unmapped","2026-09-20T13:30:43Z","sec-exchange"
"JG","Aurora Mobile Ltd","NASDAQ",NA,"lab.Unmapped","2026-09-20T13:30:43Z","sec-exchange"
"MLGO","MicroAlgo Inc.","NASDAQ",NA,"lab.Unmapped","2026-09-20T13:30:43Z","sec-exchange"
"STRR","Star Equity Holdings, Inc.","NASDAQ",NA,"lab.Unmapped","2026-09-20T13:30:43Z","sec-exchange"
"QTI","QT IMAGING HOLDINGS, INC.","NASDAQ",NA,"lab.Unmapped","2026-09-20T13:30:43Z","sec-exchange"
"AHMA","AMBITIONS ENTERPRISE MANAGEMENT CO. L.L.C","NASDAQ",NA,"lab.Unmapped","2026-09-20T13:30:43Z","sec-exchange"
"SCLX","Scilex Holding Co","NASDAQ",NA,"lab.Unmapped","2026-09-20T13:30:43Z","sec-exchange"
"STG","Sunlands Technology Group","NYSE",NA,"lab.Unmapped","2026-09-20T13:30:43Z","sec-exchange"
"VTIX","Virtuix Holdings Inc.","NASDAQ",NA,"lab.Unmapped","2026-09-20T13:30:43Z","sec-exchange"
"PPSI","PIONEER POWER SOLUTIONS, INC.","NASDAQ",NA,"lab.Unmapped","2026-09-20T13:30:43Z","sec-exchange"
"HOLO","MicroCloud Hologram Inc.","NASDAQ",NA,"lab.Unmapped","2026-09-20T13:30:43Z","sec-exchange"
"MIND","MIND TECHNOLOGY, INC","NASDAQ",NA,"lab.Unmapped","2026-09-20T13:30:43Z","sec-exchange"
"XBP","XBP Global Holdings, Inc.","NASDAQ",NA,"lab.Unmapped","2026-09-20T13:30:43Z","sec-exchange"
"DCGO","DocGo Inc.","NASDAQ",NA,"lab.Unmapped","2026-09-20T13:30:43Z","sec-exchange"
"AEI","Alset Inc.","NASDAQ",NA,"lab.Unmapped","2026-09-20T13:30:43Z","sec-exchange"
"PLUT","Plutus Financial Group Ltd","NASDAQ",NA,"lab.Unmapped","2026-09-20T13:30:43Z","sec-exchange"
"XOS","Xos, Inc.","NASDAQ",NA,"lab.Unmapped","2026-09-20T13:30:43Z","sec-exchange"
"ELUT","ELUTIA INC.","NASDAQ",NA,"lab.Unmapped","2026-09-20T13:30:43Z","sec-exchange"
"YQ","17 Education & Technology Group Inc.","NASDAQ",NA,"lab.Unmapped","2026-09-20T13:30:43Z","sec-exchange"
"WAVE","Eco Wave Power Global AB (publ)","NASDAQ",NA,"lab.Unmapped","2026-09-20T13:30:43Z","sec-exchange"
"WPRT","WESTPORT FUEL SYSTEMS INC.","NASDAQ",NA,"lab.Unmapped","2026-09-20T13:30:43Z","sec-exchange"
"CELU","Celularity Inc","NASDAQ",NA,"lab.Unmapped","2026-09-20T13:30:43Z","sec-exchange"
"FGNX","FG Nexus Inc.","NASDAQ",NA,"lab.Unmapped","2026-09-20T13:30:43Z","sec-exchange"
"RIBB","Ribbon Acquisition Corp.","NASDAQ",NA,"lab.Unmapped","2026-09-20T13:30:43Z","sec-exchange"
"ATNM","Actinium Pharmaceuticals, Inc.","NYSE",NA,"lab.Unmapped","2026-09-20T13:30:43Z","sec-exchange"
"AERT","Aeries Technology, Inc.","NASDAQ",NA,"lab.Unmapped","2026-09-20T13:30:43Z","sec-exchange"
"NSPR","InspireMD, Inc.","NASDAQ",NA,"lab.Unmapped","2026-09-20T13:30:43Z","sec-exchange"
"VIDA","VIDA Global Inc.","NYSE",NA,"lab.Unmapped","2026-09-20T13:30:43Z","sec-exchange"
"GROW","U S GLOBAL INVESTORS INC","NASDAQ",NA,"lab.Unmapped","2026-09-20T13:30:43Z","sec-exchange"
"SNT","Senstar Technologies Corp","NASDAQ",NA,"lab.Unmapped","2026-09-20T13:30:43Z","sec-exchange"
"HBIO","HARVARD BIOSCIENCE INC","NASDAQ",NA,"lab.Unmapped","2026-09-20T13:30:43Z","sec-exchange"
"XTIA","XTI Aerospace, Inc.","NASDAQ",NA,"lab.Unmapped","2026-09-20T13:30:43Z","sec-exchange"
"BODI","Beachbody Company, Inc.","NASDAQ",NA,"lab.Unmapped","2026-09-20T13:30:43Z","sec-exchange"
"AACG","ATA Creativity Global","NASDAQ",NA,"lab.Unmapped","2026-09-20T13:30:43Z","sec-exchange"
"ATYR","aTYR PHARMA INC","NASDAQ",NA,"lab.Unmapped","2026-09-20T13:30:43Z","sec-exchange"
"CREX","CREATIVE REALITIES, INC.","NASDAQ",NA,"lab.Unmapped","2026-09-20T13:30:43Z","sec-exchange"
"SNWV","SANUWAVE Health, Inc.","NASDAQ",NA,"lab.Unmapped","2026-09-20T13:30:43Z","sec-exchange"
"LITS","Lite Strategy, Inc.","NASDAQ",NA,"lab.Unmapped","2026-09-20T13:30:43Z","sec-exchange"
"GNTA","Genenta Science S.p.A.","NASDAQ",NA,"lab.Unmapped","2026-09-20T13:30:43Z","sec-exchange"
"MLCI","Mount Logan Capital Inc.","NASDAQ",NA,"lab.Unmapped","2026-09-20T13:30:43Z","sec-exchange"
"NTIP","NETWORK-1 TECHNOLOGIES, INC.","NYSE",NA,"lab.Unmapped","2026-09-20T13:30:43Z","sec-exchange"
"TOON","Kartoon Studios, Inc.","NYSE",NA,"lab.Unmapped","2026-09-20T13:30:43Z","sec-exchange"
"BHST","BIOHARVEST SCIENCES INC.","NASDAQ",NA,"lab.Unmapped","2026-09-20T13:30:43Z","sec-exchange"
"DXLG","DESTINATION XL GROUP, INC.","NASDAQ",NA,"lab.Unmapped","2026-09-20T13:30:43Z","sec-exchange"
"NNVC","NANOVIRICIDES, INC.","NYSE",NA,"lab.Unmapped","2026-09-20T13:30:43Z","sec-exchange"
"FTCI","FTC Solar, Inc.","NASDAQ",NA,"lab.Unmapped","2026-09-20T13:30:43Z","sec-exchange"
"PETS","PETMED EXPRESS INC","NASDAQ",NA,"lab.Unmapped","2026-09-20T13:30:43Z","sec-exchange"
"CNTX","Context Therapeutics Inc.","NASDAQ",NA,"lab.Unmapped","2026-09-20T13:30:43Z","sec-exchange"
"FSP","FRANKLIN STREET PROPERTIES CORP /MA/","NYSE",NA,"lab.Unmapped","2026-09-20T13:30:43Z","sec-exchange"
"VIP","Vulcan Infrastructure & Power Inc.","NASDAQ",NA,"lab.Unmapped","2026-09-20T13:30:43Z","sec-exchange"
"FLNA","FILANA THERAPEUTICS, INC.","NASDAQ",NA,"lab.Unmapped","2026-09-20T13:30:43Z","sec-exchange"
"LFT","Lument Finance Trust, Inc.","NYSE",NA,"lab.Unmapped","2026-09-20T13:30:43Z","sec-exchange"
"NCI","Neo-Concept International Group Holdings Ltd","NASDAQ",NA,"lab.Unmapped","2026-09-20T13:30:43Z","sec-exchange"
"KAZR","Skyline Builders Group Holding Ltd","NASDAQ",NA,"lab.Unmapped","2026-09-20T13:30:43Z","sec-exchange"
"BCTX","BriaCell Therapeutics Corp.","NASDAQ",NA,"lab.Unmapped","2026-09-20T13:30:43Z","sec-exchange"
"BRIA","BrilliA Inc","NYSE",NA,"lab.Unmapped","2026-09-20T13:30:43Z","sec-exchange"
"BDMD","Baird Medical Investment Holdings Ltd","NASDAQ",NA,"lab.Unmapped","2026-09-20T13:30:43Z","sec-exchange"
"SLMT","Brera Holdings PLC","NASDAQ",NA,"lab.Unmapped","2026-09-20T13:30:43Z","sec-exchange"
"CCEL","CRYO CELL INTERNATIONAL INC","NYSE",NA,"lab.Unmapped","2026-09-20T13:30:43Z","sec-exchange"
"HHS","HARTE HANKS INC","NASDAQ",NA,"lab.Unmapped","2026-09-20T13:30:43Z","sec-exchange"
"ANGH","Anghami Inc","NASDAQ",NA,"lab.Unmapped","2026-09-20T13:30:43Z","sec-exchange"
"WKHS","Workhorse Group Inc.","NASDAQ",NA,"lab.Unmapped","2026-09-20T13:30:43Z","sec-exchange"
"MNY","MoneyHero Ltd","NASDAQ",NA,"lab.Unmapped","2026-09-20T13:30:43Z","sec-exchange"
"RDAC","Rising Dragon Acquisition Corp.","NASDAQ",NA,"lab.Unmapped","2026-09-20T13:30:43Z","sec-exchange"
"BOSC","BOS BETTER ONLINE SOLUTIONS LTD","NASDAQ",NA,"lab.Unmapped","2026-09-20T13:30:43Z","sec-exchange"
"VTSI","VirTra, Inc","NASDAQ",NA,"lab.Unmapped","2026-09-20T13:30:43Z","sec-exchange"
"CNTY","CENTURY CASINOS INC /CO/","NASDAQ",NA,"lab.Unmapped","2026-09-20T13:30:43Z","sec-exchange"
"NSYS","NORTECH SYSTEMS INC","NASDAQ",NA,"lab.Unmapped","2026-09-20T13:30:43Z","sec-exchange"
"UG","UNITED GUARDIAN INC","NASDAQ",NA,"lab.Unmapped","2026-09-20T13:30:43Z","sec-exchange"
"AVAT","Avalanche Treasury Corp","NASDAQ",NA,"lab.Unmapped","2026-09-20T13:30:43Z","sec-exchange"
"PFAI","Pinnacle Food Group Ltd","NASDAQ",NA,"lab.Unmapped","2026-09-20T13:30:43Z","sec-exchange"
"COHN","Cohen & Co Inc.","NYSE",NA,"lab.Unmapped","2026-09-20T13:30:43Z","sec-exchange"
"KOSS","KOSS CORP","NASDAQ",NA,"lab.Unmapped","2026-09-20T13:30:43Z","sec-exchange"
"SRXH","SRX Global Inc.","NYSE",NA,"lab.Unmapped","2026-09-20T13:30:43Z","sec-exchange"
"FIEE","FiEE, Inc.","NASDAQ",NA,"lab.Unmapped","2026-09-20T13:30:43Z","sec-exchange"
"BGDE","Big Digital Energy, Inc.","NASDAQ",NA,"lab.Unmapped","2026-09-20T13:30:43Z","sec-exchange"
"SPRU","SPRUCE POWER HOLDING CORP","NYSE",NA,"lab.Unmapped","2026-09-20T13:30:43Z","sec-exchange"
"ANPA","Rich Sparkle Holdings Ltd","NASDAQ",NA,"lab.Unmapped","2026-09-20T13:30:43Z","sec-exchange"
"GAIA","GAIA, INC","NASDAQ",NA,"lab.Unmapped","2026-09-20T13:30:43Z","sec-exchange"
"KLXE","KLX Energy Services Holdings, Inc.","NASDAQ",NA,"lab.Unmapped","2026-09-20T13:30:43Z","sec-exchange"
"ALGS","Aligos Therapeutics, Inc.","NASDAQ",NA,"lab.Unmapped","2026-09-20T13:30:43Z","sec-exchange"
"CVV","CVD EQUIPMENT CORP","NASDAQ",NA,"lab.Unmapped","2026-09-20T13:30:43Z","sec-exchange"
"HERZ","Herzfeld Credit Income Fund, Inc","NASDAQ",NA,"lab.Unmapped","2026-09-20T13:30:43Z","sec-exchange"
"BLNE","Beeline Holdings, Inc.","NASDAQ",NA,"lab.Unmapped","2026-09-20T13:30:43Z","sec-exchange"
"JAGU","Jaguar Uranium Corp.","NYSE",NA,"lab.Unmapped","2026-09-20T13:30:43Z","sec-exchange"
"SLND","Southland Holdings, Inc.","NYSE",NA,"lab.Unmapped","2026-09-20T13:30:43Z","sec-exchange"
"RMTI","ROCKWELL MEDICAL, INC.","NASDAQ",NA,"lab.Unmapped","2026-09-20T13:30:43Z","sec-exchange"
"CNF","CNFinance Holdings Ltd.","NYSE",NA,"lab.Unmapped","2026-09-20T13:30:43Z","sec-exchange"
"MIRA","MIRA PHARMACEUTICALS, INC.","NASDAQ",NA,"lab.Unmapped","2026-09-20T13:30:43Z","sec-exchange"
"RAND","RAND CAPITAL CORP","NASDAQ",NA,"lab.Unmapped","2026-09-20T13:30:43Z","sec-exchange"
"ABVC","ABVC BIOPHARMA, INC.","NASDAQ",NA,"lab.Unmapped","2026-09-20T13:30:43Z","sec-exchange"
"RYET","Ruanyun Edai Technology Inc.","NASDAQ",NA,"lab.Unmapped","2026-09-20T13:30:43Z","sec-exchange"
"CCG","Cheche Group Inc.","NASDAQ",NA,"lab.Unmapped","2026-09-20T13:30:43Z","sec-exchange"
"BBGI","BEASLEY BROADCAST GROUP INC","NASDAQ",NA,"lab.Unmapped","2026-09-20T13:30:43Z","sec-exchange"
"WXM","WF International Ltd.","NASDAQ",NA,"lab.Unmapped","2026-09-20T13:30:43Z","sec-exchange"
"BEEM","Beam Global","NASDAQ",NA,"lab.Unmapped","2026-09-20T13:30:43Z","sec-exchange"
"YI","111, Inc.","NASDAQ",NA,"lab.Unmapped","2026-09-20T13:30:43Z","sec-exchange"
"VAI","Senmiao Technology Ltd","NASDAQ",NA,"lab.Unmapped","2026-09-20T13:30:43Z","sec-exchange"
"CPHI","CHINA PHARMA HOLDINGS, INC.","NYSE",NA,"lab.Unmapped","2026-09-20T13:30:43Z","sec-exchange"
"DAIO","DATA I/O CORP","NASDAQ",NA,"lab.Unmapped","2026-09-20T13:30:43Z","sec-exchange"
"CLPS","CLPS Inc","NASDAQ",NA,"lab.Unmapped","2026-09-20T13:30:43Z","sec-exchange"
"TAOX","TAO Synergies Inc.","NASDAQ",NA,"lab.Unmapped","2026-09-20T13:30:43Z","sec-exchange"
"COSM","Cosmos Health Inc.","NASDAQ",NA,"lab.Unmapped","2026-09-20T13:30:43Z","sec-exchange"
"PRHI","Presurance Holdings, Inc.","NASDAQ",NA,"lab.Unmapped","2026-09-20T13:30:43Z","sec-exchange"
"KYNB","KYNTRA BIO, INC.","NASDAQ",NA,"lab.Unmapped","2026-09-20T13:30:43Z","sec-exchange"
"MCRP","Micropolis AI Robotics","NYSE",NA,"lab.Unmapped","2026-09-20T13:30:43Z","sec-exchange"
"LVLU","Lulu's Fashion Lounge Holdings, Inc.","NASDAQ",NA,"lab.Unmapped","2026-09-20T13:30:43Z","sec-exchange"
"SMJF","SMJ International Holdings Inc.","NYSE",NA,"lab.Unmapped","2026-09-20T13:30:43Z","sec-exchange"
"BYSI","BeyondSpring Inc.","NASDAQ",NA,"lab.Unmapped","2026-09-20T13:30:43Z","sec-exchange"
"USEA","United Maritime Corp","NASDAQ",NA,"lab.Unmapped","2026-09-20T13:30:43Z","sec-exchange"
"ARAY","ACCURAY INC","NASDAQ",NA,"lab.Unmapped","2026-09-20T13:30:43Z","sec-exchange"
"FKWL","FRANKLIN WIRELESS CORP","NASDAQ",NA,"lab.Unmapped","2026-09-20T13:30:43Z","sec-exchange"
"QRHC","Quest Resource Holding Corp","NASDAQ",NA,"lab.Unmapped","2026-09-20T13:30:43Z","sec-exchange"
"SJ","Scienjoy Holding Corp","NASDAQ",NA,"lab.Unmapped","2026-09-20T13:30:43Z","sec-exchange"
"BIRD","Smartbird, Inc.","NASDAQ",NA,"lab.Unmapped","2026-09-20T13:30:43Z","sec-exchange"
"GNS","Genius Group Ltd","NYSE",NA,"lab.Unmapped","2026-09-20T13:30:43Z","sec-exchange"
"FLD","Fold Holdings, Inc.","NASDAQ",NA,"lab.Unmapped","2026-09-20T13:30:43Z","sec-exchange"
"JFU","9F Inc.","NASDAQ",NA,"lab.Unmapped","2026-09-20T13:30:43Z","sec-exchange"
"GTEC","Greenland Technologies Holding Corp.","NASDAQ",NA,"lab.Unmapped","2026-09-20T13:30:43Z","sec-exchange"
"AAME","ATLANTIC AMERICAN CORP","NASDAQ",NA,"lab.Unmapped","2026-09-20T13:30:43Z","sec-exchange"
"OPTH","Optimi Health Corp.","NASDAQ",NA,"lab.Unmapped","2026-09-20T13:30:43Z","sec-exchange"
"EONR","EON Resources Inc.","NYSE",NA,"lab.Unmapped","2026-09-20T13:30:43Z","sec-exchange"
"BRLS","Borealis Foods Inc.","NASDAQ",NA,"lab.Unmapped","2026-09-20T13:30:43Z","sec-exchange"
"EVAX","Evaxion A/S","NASDAQ",NA,"lab.Unmapped","2026-09-20T13:30:43Z","sec-exchange"
"KSCP","Knightscope, Inc.","NASDAQ",NA,"lab.Unmapped","2026-09-20T13:30:43Z","sec-exchange"
"CRWS","CROWN CRAFTS INC","NASDAQ",NA,"lab.Unmapped","2026-09-20T13:30:43Z","sec-exchange"
"IGC","IGC Pharma, Inc.","NYSE",NA,"lab.Unmapped","2026-09-20T13:30:43Z","sec-exchange"
"QNCX","Quince Therapeutics, Inc.","NASDAQ",NA,"lab.Unmapped","2026-09-20T13:30:43Z","sec-exchange"
"NXTC","NextCure, Inc.","NASDAQ",NA,"lab.Unmapped","2026-09-20T13:30:43Z","sec-exchange"
"NTRP","NextTrip, Inc.","NASDAQ",NA,"lab.Unmapped","2026-09-20T13:30:43Z","sec-exchange"
"MDRR","Medalist Diversified, Inc.","NASDAQ",NA,"lab.Unmapped","2026-09-20T13:30:43Z","sec-exchange"
"MDBH","MDB Capital Holdings, LLC","NASDAQ",NA,"lab.Unmapped","2026-09-20T13:30:43Z","sec-exchange"
"EHTH","eHealth, Inc.","NASDAQ",NA,"lab.Unmapped","2026-09-20T13:30:43Z","sec-exchange"
"AVX","AVAX ONE TECHNOLOGY LTD.","NASDAQ",NA,"lab.Unmapped","2026-09-20T13:30:43Z","sec-exchange"
"SST","System1, Inc.","NYSE",NA,"lab.Unmapped","2026-09-20T13:30:43Z","sec-exchange"
"SVRN","OceanPal Inc.","NASDAQ",NA,"lab.Unmapped","2026-09-20T13:30:43Z","sec-exchange"
"CVM","CEL SCI CORP","NYSE",NA,"lab.Unmapped","2026-09-20T13:30:43Z","sec-exchange"
"ATCH","AtlasClear Holdings, Inc.","NYSE",NA,"lab.Unmapped","2026-09-20T13:30:43Z","sec-exchange"
"AWRE","AWARE INC /MA/","NASDAQ",NA,"lab.Unmapped","2026-09-20T13:30:43Z","sec-exchange"
"LOCL","Local Bounti Corporation/DE","NYSE",NA,"lab.Unmapped","2026-09-20T13:30:43Z","sec-exchange"
"SKYQ","Sky Quarry Inc.","NASDAQ",NA,"lab.Unmapped","2026-09-20T13:30:43Z","sec-exchange"
"GPUS","Hyperscale Data, Inc.","NYSE",NA,"lab.Unmapped","2026-09-20T13:30:43Z","sec-exchange"
"GRAN","Grande Group Ltd/HK","NASDAQ",NA,"lab.Unmapped","2026-09-20T13:30:43Z","sec-exchange"
"MERC","MERCER INTERNATIONAL INC.","NASDAQ",NA,"lab.Unmapped","2026-09-20T13:30:43Z","sec-exchange"
"RADX","Radiopharm Theranostics Ltd","NASDAQ",NA,"lab.Unmapped","2026-09-20T13:30:43Z","sec-exchange"
"ASPC","ASPAC III Acquisition Corp.","NASDAQ",NA,"lab.Unmapped","2026-09-20T13:30:43Z","sec-exchange"
"KTCC","KEY TRONIC CORP","NASDAQ",NA,"lab.Unmapped","2026-09-20T13:30:43Z","sec-exchange"
"JOB","GEE Group Inc.","NYSE",NA,"lab.Unmapped","2026-09-20T13:30:43Z","sec-exchange"
"TXMD","TherapeuticsMD, Inc.","NASDAQ",NA,"lab.Unmapped","2026-09-20T13:30:43Z","sec-exchange"
"PRT","PermRock Royalty Trust","NYSE",NA,"lab.Unmapped","2026-09-20T13:30:43Z","sec-exchange"
"CLIR","ClearSign Technologies Corp","NASDAQ",NA,"lab.Unmapped","2026-09-20T13:30:43Z","sec-exchange"
"EURK","Eureka Acquisition Corp","NASDAQ",NA,"lab.Unmapped","2026-09-20T13:30:43Z","sec-exchange"
"MF","MindForge Inc.","NASDAQ",NA,"lab.Unmapped","2026-09-20T13:30:43Z","sec-exchange"
"TRSG","Tungray Technologies Inc","NASDAQ",NA,"lab.Unmapped","2026-09-20T13:30:43Z","sec-exchange"
"PLRZ","Polyrizon Ltd.","NASDAQ",NA,"lab.Unmapped","2026-09-20T13:30:43Z","sec-exchange"
"QNTM","Quantum Biopharma Ltd.","NASDAQ",NA,"lab.Unmapped","2026-09-20T13:30:43Z","sec-exchange"
"NXPL","NextPlat Corp","NASDAQ",NA,"lab.Unmapped","2026-09-20T13:30:43Z","sec-exchange"
"ORIO","Orion Digital Corp.","NASDAQ",NA,"lab.Unmapped","2026-09-20T13:30:43Z","sec-exchange"
"LOOP","Loop Industries, Inc.","NASDAQ",NA,"lab.Unmapped","2026-09-20T13:30:43Z","sec-exchange"
"JVA","COFFEE HOLDING CO INC","NASDAQ",NA,"lab.Unmapped","2026-09-20T13:30:43Z","sec-exchange"
"INLX","INTELLINETICS, INC.","NYSE",NA,"lab.Unmapped","2026-09-20T13:30:43Z","sec-exchange"
"ACTU","ACTUATE THERAPEUTICS, INC.","NASDAQ",NA,"lab.Unmapped","2026-09-20T13:30:43Z","sec-exchange"
"BLIV","BeLive Holdings","NASDAQ",NA,"lab.Unmapped","2026-09-20T13:30:43Z","sec-exchange"
"LIVE","LIVE VENTURES Inc","NASDAQ",NA,"lab.Unmapped","2026-09-20T13:30:43Z","sec-exchange"
"ATOS","ATOSSA THERAPEUTICS, INC.","NASDAQ",NA,"lab.Unmapped","2026-09-20T13:30:43Z","sec-exchange"
"ESLA","Estrella Immunopharma, Inc.","NASDAQ",NA,"lab.Unmapped","2026-09-20T13:30:43Z","sec-exchange"
"GIFT","GIFTIFY, INC.","NASDAQ",NA,"lab.Unmapped","2026-09-20T13:30:43Z","sec-exchange"
"RPGL","Republic Power Group Ltd","NASDAQ",NA,"lab.Unmapped","2026-09-20T13:30:43Z","sec-exchange"
"IPM","INTELLIGENT PROTECTION MANAGEMENT CORP.","NASDAQ",NA,"lab.Unmapped","2026-09-20T13:30:43Z","sec-exchange"
"NOMA","Nomadar Corp.","NASDAQ",NA,"lab.Unmapped","2026-09-20T13:30:43Z","sec-exchange"
"PSHG","Performance Shipping Inc.","NASDAQ",NA,"lab.Unmapped","2026-09-20T13:30:43Z","sec-exchange"
"UPC","Universe Pharmaceuticals INC","NASDAQ",NA,"lab.Unmapped","2026-09-20T13:30:43Z","sec-exchange"
"ZEO","Zeo Energy Corp.","NASDAQ",NA,"lab.Unmapped","2026-09-20T13:30:43Z","sec-exchange"
"TCRX","TScan Therapeutics, Inc.","NASDAQ",NA,"lab.Unmapped","2026-09-20T13:30:43Z","sec-exchange"
"SNAL","Snail, Inc.","NASDAQ",NA,"lab.Unmapped","2026-09-20T13:30:43Z","sec-exchange"
"LIQT","LIQTECH INTERNATIONAL INC","NASDAQ",NA,"lab.Unmapped","2026-09-20T13:30:43Z","sec-exchange"
"PAPL","Pineapple Financial Inc.","NYSE",NA,"lab.Unmapped","2026-09-20T13:30:43Z","sec-exchange"
"CDLX","Cardlytics, Inc.","NASDAQ",NA,"lab.Unmapped","2026-09-20T13:30:43Z","sec-exchange"
"TWG","Top Wealth Group Holding Ltd","NASDAQ",NA,"lab.Unmapped","2026-09-20T13:30:43Z","sec-exchange"
"BIOX","Bioceres Crop Solutions Corp.","NASDAQ",NA,"lab.Unmapped","2026-09-20T13:30:43Z","sec-exchange"
"CLRB","Cellectar Biosciences, Inc.","NASDAQ",NA,"lab.Unmapped","2026-09-20T13:30:43Z","sec-exchange"
"HKIT","Biddance AI Systems, Inc.","NASDAQ",NA,"lab.Unmapped","2026-09-20T13:30:43Z","sec-exchange"
"JDZG","JIADE Ltd","NASDAQ",NA,"lab.Unmapped","2026-09-20T13:30:43Z","sec-exchange"
"FEDU","Four Seasons Education (Cayman) Inc.","NYSE",NA,"lab.Unmapped","2026-09-20T13:30:43Z","sec-exchange"
"HSCS","HeartSciences Inc.","NASDAQ",NA,"lab.Unmapped","2026-09-20T13:30:43Z","sec-exchange"
"LTRN","Lantern Pharma Inc.","NASDAQ",NA,"lab.Unmapped","2026-09-20T13:30:43Z","sec-exchange"
"PDC","Perpetuals.com Ltd","NASDAQ",NA,"lab.Unmapped","2026-09-20T13:30:43Z","sec-exchange"
"TVRD","Tvardi Therapeutics, Inc.","NASDAQ",NA,"lab.Unmapped","2026-09-20T13:30:43Z","sec-exchange"
"CKX","CKX LANDS, INC.","NYSE",NA,"lab.Unmapped","2026-09-20T13:30:43Z","sec-exchange"
"COCP","Cocrystal Pharma, Inc.","NASDAQ",NA,"lab.Unmapped","2026-09-20T13:30:43Z","sec-exchange"
"AIXC","AIxCrypto Holdings, Inc.","NASDAQ",NA,"lab.Unmapped","2026-09-20T13:30:43Z","sec-exchange"
"TLF","TANDY LEATHER FACTORY INC","NASDAQ",NA,"lab.Unmapped","2026-09-20T13:30:43Z","sec-exchange"
"MSGM","Motorsport Games Inc.","NASDAQ",NA,"lab.Unmapped","2026-09-20T13:30:43Z","sec-exchange"
"GSIW","Garden Stage Ltd","NASDAQ",NA,"lab.Unmapped","2026-09-20T13:30:43Z","sec-exchange"
"FEMY","FEMASYS INC","NASDAQ",NA,"lab.Unmapped","2026-09-20T13:30:43Z","sec-exchange"
"PMEC","Primech Holdings Ltd","NASDAQ",NA,"lab.Unmapped","2026-09-20T13:30:43Z","sec-exchange"
"AZIO","AZIO AI HOLDINGS, INC.","NASDAQ",NA,"lab.Unmapped","2026-09-20T13:30:43Z","sec-exchange"
"GRDX","GridAI Technologies Corp.","NASDAQ",NA,"lab.Unmapped","2026-09-20T13:30:43Z","sec-exchange"
"EXYN","Exyn Technologies, Inc.","NASDAQ",NA,"lab.Unmapped","2026-09-20T13:30:43Z","sec-exchange"
"AYTU","AYTU BIOPHARMA, INC","NASDAQ",NA,"lab.Unmapped","2026-09-20T13:30:43Z","sec-exchange"
"MPU","Mega Matrix Inc","NYSE",NA,"lab.Unmapped","2026-09-20T13:30:43Z","sec-exchange"
"JSPR","Jasper Therapeutics, Inc.","NASDAQ",NA,"lab.Unmapped","2026-09-20T13:30:43Z","sec-exchange"
"MNDO","MIND CTI LTD","NASDAQ",NA,"lab.Unmapped","2026-09-20T13:30:43Z","sec-exchange"
"BCG","Binah Capital Group, Inc.","NASDAQ",NA,"lab.Unmapped","2026-09-20T13:30:43Z","sec-exchange"
"CTRM","Castor Maritime Inc.","NASDAQ",NA,"lab.Unmapped","2026-09-20T13:30:43Z","sec-exchange"
"LHAI","Linkhome Holdings Inc.","NASDAQ",NA,"lab.Unmapped","2026-09-20T13:30:43Z","sec-exchange"
"ZTG","Zenta Group Co Ltd","NASDAQ",NA,"lab.Unmapped","2026-09-20T13:30:43Z","sec-exchange"
"BTCT","BTC Digital Ltd.","NASDAQ",NA,"lab.Unmapped","2026-09-20T13:30:43Z","sec-exchange"
"BNGO","Bionano Genomics, Inc.","NASDAQ",NA,"lab.Unmapped","2026-09-20T13:30:43Z","sec-exchange"
"CCHH","CCH Holdings Ltd","NASDAQ",NA,"lab.Unmapped","2026-09-20T13:30:43Z","sec-exchange"
"LGPS","LOGPROSTYLE INC.","NYSE",NA,"lab.Unmapped","2026-09-20T13:30:43Z","sec-exchange"
"TGHL","GrowHub Ltd","NASDAQ",NA,"lab.Unmapped","2026-09-20T13:30:43Z","sec-exchange"
"UTSI","UTSTARCOM HOLDINGS CORP.","NASDAQ",NA,"lab.Unmapped","2026-09-20T13:30:43Z","sec-exchange"
"STAK","STAK Inc.","NASDAQ",NA,"lab.Unmapped","2026-09-20T13:30:43Z","sec-exchange"
"RVP","RETRACTABLE TECHNOLOGIES INC","NYSE",NA,"lab.Unmapped","2026-09-20T13:30:43Z","sec-exchange"
"BESS","Bimergen Energy Corp","NYSE",NA,"lab.Unmapped","2026-09-20T13:30:43Z","sec-exchange"
"YAAS","Youxin Technology Ltd","NASDAQ",NA,"lab.Unmapped","2026-09-20T13:30:43Z","sec-exchange"
"RECT","Rectitude Holdings Ltd.","NASDAQ",NA,"lab.Unmapped","2026-09-20T13:30:43Z","sec-exchange"
"SPPL","SIMPPLE LTD.","NASDAQ",NA,"lab.Unmapped","2026-09-20T13:30:43Z","sec-exchange"
"NEUP","Neuphoria Therapeutics Inc.","NASDAQ",NA,"lab.Unmapped","2026-09-20T13:30:43Z","sec-exchange"
"CMMB","Chemomab Therapeutics Ltd.","NASDAQ",NA,"lab.Unmapped","2026-09-20T13:30:43Z","sec-exchange"
"PSQH","PSQ Holdings, Inc.","NYSE",NA,"lab.Unmapped","2026-09-20T13:30:43Z","sec-exchange"
"KMRK","K-TECH SOLUTIONS CO LTD","NASDAQ",NA,"lab.Unmapped","2026-09-20T13:30:43Z","sec-exchange"
"NXXT","NEXTNRG, INC.","NASDAQ",NA,"lab.Unmapped","2026-09-20T13:30:43Z","sec-exchange"
"PRZO","ParaZero Technologies Ltd.","NASDAQ",NA,"lab.Unmapped","2026-09-20T13:30:43Z","sec-exchange"
"MWYN","Marwynn Holdings, Inc.","NASDAQ",NA,"lab.Unmapped","2026-09-20T13:30:43Z","sec-exchange"
"LFWD","Lifeward Ltd.","NASDAQ",NA,"lab.Unmapped","2026-09-20T13:30:43Z","sec-exchange"
"RKTO","Rocket One Inc.","NASDAQ",NA,"lab.Unmapped","2026-09-20T13:30:43Z","sec-exchange"
"AHT","ASHFORD HOSPITALITY TRUST INC","NYSE",NA,"lab.Unmapped","2026-09-20T13:30:43Z","sec-exchange"
"MRKR","Marker Therapeutics, Inc.","NASDAQ",NA,"lab.Unmapped","2026-09-20T13:30:43Z","sec-exchange"
"DUO","Fangdd Network Group Ltd.","NASDAQ",NA,"lab.Unmapped","2026-09-20T13:30:43Z","sec-exchange"
"BMR","Beamr Imaging Ltd.","NASDAQ",NA,"lab.Unmapped","2026-09-20T13:30:43Z","sec-exchange"
"CFND","C1 Fund Inc.","NYSE",NA,"lab.Unmapped","2026-09-20T13:30:43Z","sec-exchange"
"AIFA","All In FutureTech Alliance, Inc.","NASDAQ",NA,"lab.Unmapped","2026-09-20T13:30:43Z","sec-exchange"
"CHOW","ChowChow Cloud International Holdings Ltd","NYSE",NA,"lab.Unmapped","2026-09-20T13:30:43Z","sec-exchange"
"UONE","URBAN ONE, INC.","NASDAQ",NA,"lab.Unmapped","2026-09-20T13:30:43Z","sec-exchange"
"WFF","WF Holding Ltd","NASDAQ",NA,"lab.Unmapped","2026-09-20T13:30:43Z","sec-exchange"
"AIFF","FIREFLY NEUROSCIENCE, INC.","NASDAQ",NA,"lab.Unmapped","2026-09-20T13:30:43Z","sec-exchange"
"JF","J & Friends Holdings Ltd","NASDAQ",NA,"lab.Unmapped","2026-09-20T13:30:43Z","sec-exchange"
"AKTX","Akari Therapeutics Plc","NASDAQ",NA,"lab.Unmapped","2026-09-20T13:30:43Z","sec-exchange"
"HTCO","High-Trend International Group","NASDAQ",NA,"lab.Unmapped","2026-09-20T13:30:43Z","sec-exchange"
"ALLR","Allarity Therapeutics, Inc.","NASDAQ",NA,"lab.Unmapped","2026-09-20T13:30:43Z","sec-exchange"
"MODD","Modular Medical, Inc.","NASDAQ",NA,"lab.Unmapped","2026-09-20T13:30:43Z","sec-exchange"
"INTZ","INTRUSION INC","NASDAQ",NA,"lab.Unmapped","2026-09-20T13:30:43Z","sec-exchange"
"ACCS","ACCESS Newswire Inc.","NYSE",NA,"lab.Unmapped","2026-09-20T13:30:43Z","sec-exchange"
"PTN","PALATIN TECHNOLOGIES INC","NASDAQ",NA,"lab.Unmapped","2026-09-20T13:30:43Z","sec-exchange"
"WIMI","WiMi Hologram Cloud Inc.","NASDAQ",NA,"lab.Unmapped","2026-09-20T13:30:43Z","sec-exchange"
"BFRI","Biofrontera Inc.","NASDAQ",NA,"lab.Unmapped","2026-09-20T13:30:43Z","sec-exchange"
"SUNE","SUNation Energy, Inc.","NASDAQ",NA,"lab.Unmapped","2026-09-20T13:30:43Z","sec-exchange"
"VNTG","Vantage Corp (Singapore)","NYSE",NA,"lab.Unmapped","2026-09-20T13:30:43Z","sec-exchange"
"BRFH","BARFRESH FOOD GROUP INC.","NASDAQ",NA,"lab.Unmapped","2026-09-20T13:30:43Z","sec-exchange"
"SDOT","Sadot Group Inc.","NASDAQ",NA,"lab.Unmapped","2026-09-20T13:30:43Z","sec-exchange"
"VEEA","VEEA INC.","NASDAQ",NA,"lab.Unmapped","2026-09-20T13:30:43Z","sec-exchange"
"NCEL","NewcelX Ltd.","NASDAQ",NA,"lab.Unmapped","2026-09-20T13:30:43Z","sec-exchange"
"CTSO","Cytosorbents Corp","NASDAQ",NA,"lab.Unmapped","2026-09-20T13:30:43Z","sec-exchange"
"GRNQ","Greenpro Capital Corp.","NASDAQ",NA,"lab.Unmapped","2026-09-20T13:30:43Z","sec-exchange"
"DUKR","DUKE Robotics Corp.","NASDAQ",NA,"lab.Unmapped","2026-09-20T13:30:43Z","sec-exchange"
"SCAG","Scage Future","NASDAQ",NA,"lab.Unmapped","2026-09-20T13:30:43Z","sec-exchange"
"FTHM","Fathom Holdings Inc.","NASDAQ",NA,"lab.Unmapped","2026-09-20T13:30:43Z","sec-exchange"
"NYC","American Strategic Investment Co.","NYSE",NA,"lab.Unmapped","2026-09-20T13:30:43Z","sec-exchange"
"LEDS","SemiLEDs Corp","NASDAQ",NA,"lab.Unmapped","2026-09-20T13:30:43Z","sec-exchange"
"SMX","SMX (Security Matters) Public Ltd Co","NASDAQ",NA,"lab.Unmapped","2026-09-20T13:30:43Z","sec-exchange"
"LICN","Lichen International Ltd","NASDAQ",NA,"lab.Unmapped","2026-09-20T13:30:43Z","sec-exchange"
"BCDA","BioCardia, Inc.","NASDAQ",NA,"lab.Unmapped","2026-09-20T13:30:43Z","sec-exchange"
"UFG","Uni-Fuels Holdings Ltd","NASDAQ",NA,"lab.Unmapped","2026-09-20T13:30:43Z","sec-exchange"
"EPSM","Epsium Enterprise Ltd","NASDAQ",NA,"lab.Unmapped","2026-09-20T13:30:43Z","sec-exchange"
"FGI","FGI Industries Ltd.","NASDAQ",NA,"lab.Unmapped","2026-09-20T13:30:43Z","sec-exchange"
"TNMG","TNL Mediagene","NASDAQ",NA,"lab.Unmapped","2026-09-20T13:30:43Z","sec-exchange"
"TURB","Turbo Energy, S.A.","NASDAQ",NA,"lab.Unmapped","2026-09-20T13:30:43Z","sec-exchange"
"OPAD","Offerpad Solutions Inc.","NASDAQ",NA,"lab.Unmapped","2026-09-20T13:30:43Z","sec-exchange"
"FENG","Phoenix New Media Ltd","NYSE",NA,"lab.Unmapped","2026-09-20T13:30:43Z","sec-exchange"
"FOXX","Foxx Development Holdings Inc.","NASDAQ",NA,"lab.Unmapped","2026-09-20T13:30:43Z","sec-exchange"
"LPCN","Lipocine Inc.","NASDAQ",NA,"lab.Unmapped","2026-09-20T13:30:43Z","sec-exchange"
"EFOI","ENERGY FOCUS, INC/DE","NASDAQ",NA,"lab.Unmapped","2026-09-20T13:30:43Z","sec-exchange"
"IDAI","T Stamp Inc","NASDAQ",NA,"lab.Unmapped","2026-09-20T13:30:43Z","sec-exchange"
"MGIH","Millennium Group International Holdings Ltd","NASDAQ",NA,"lab.Unmapped","2026-09-20T13:30:43Z","sec-exchange"
"MRNO","Murano Global Investments Plc","NASDAQ",NA,"lab.Unmapped","2026-09-20T13:30:43Z","sec-exchange"
"TLIH","Ten-League International Holdings Ltd","NASDAQ",NA,"lab.Unmapped","2026-09-20T13:30:43Z","sec-exchange"
"CCM","Concord Medical Services Holdings Ltd","NYSE",NA,"lab.Unmapped","2026-09-20T13:30:43Z","sec-exchange"
"DYAI","DYADIC INTERNATIONAL INC","NASDAQ",NA,"lab.Unmapped","2026-09-20T13:30:43Z","sec-exchange"
"TULP","BLOOMIA HOLDINGS, INC.","NASDAQ",NA,"lab.Unmapped","2026-09-20T13:30:43Z","sec-exchange"
"DSY","Big Tree Cloud Holdings Ltd","NASDAQ",NA,"lab.Unmapped","2026-09-20T13:30:43Z","sec-exchange"
"TMDE","TMD Energy Ltd","NYSE",NA,"lab.Unmapped","2026-09-20T13:30:43Z","sec-exchange"
"OPTT","Ocean Power Technologies, Inc.","NYSE",NA,"lab.Unmapped","2026-09-20T13:30:43Z","sec-exchange"
"KTTA","Pasithea Therapeutics Corp.","NASDAQ",NA,"lab.Unmapped","2026-09-20T13:30:43Z","sec-exchange"
"PASW","Ping An Biomedical Co., Ltd.","NASDAQ",NA,"lab.Unmapped","2026-09-20T13:30:43Z","sec-exchange"
"JL","J-Long Group Ltd","NASDAQ",NA,"lab.Unmapped","2026-09-20T13:30:43Z","sec-exchange"
"SKK","SKK Holdings Ltd","NASDAQ",NA,"lab.Unmapped","2026-09-20T13:30:43Z","sec-exchange"
"IHT","INNSUITES HOSPITALITY TRUST","NYSE",NA,"lab.Unmapped","2026-09-20T13:30:43Z","sec-exchange"
"ONEG","OneConstruction Group Ltd","NASDAQ",NA,"lab.Unmapped","2026-09-20T13:30:43Z","sec-exchange"
"HWH","HWH International Inc.","NASDAQ",NA,"lab.Unmapped","2026-09-20T13:30:43Z","sec-exchange"
"MOBX","MOBIX LABS, INC","NASDAQ",NA,"lab.Unmapped","2026-09-20T13:30:43Z","sec-exchange"
"FUSE","Fusemachines Inc.","NASDAQ",NA,"lab.Unmapped","2026-09-20T13:30:43Z","sec-exchange"
"PMI","Picard Medical, Inc.","NYSE",NA,"lab.Unmapped","2026-09-20T13:30:43Z","sec-exchange"
"SMSI","SMITH MICRO SOFTWARE, INC.","NASDAQ",NA,"lab.Unmapped","2026-09-20T13:30:43Z","sec-exchange"
"ARKR","ARK RESTAURANTS CORP","NASDAQ",NA,"lab.Unmapped","2026-09-20T13:30:43Z","sec-exchange"
"FABC","Fabric.AI, Inc.","NASDAQ",NA,"lab.Unmapped","2026-09-20T13:30:43Z","sec-exchange"
"CTXR","Citius Pharmaceuticals, Inc.","NASDAQ",NA,"lab.Unmapped","2026-09-20T13:30:43Z","sec-exchange"
"HTOO","Fusion Fuel Green PLC","NASDAQ",NA,"lab.Unmapped","2026-09-20T13:30:43Z","sec-exchange"
"ATCX","ATLAS CRITICAL MINERALS Corp","NASDAQ",NA,"lab.Unmapped","2026-09-20T13:30:43Z","sec-exchange"
"ATTT","Raytech Holding Ltd","NASDAQ",NA,"lab.Unmapped","2026-09-20T13:30:43Z","sec-exchange"
"PLSM","Pulsenmore Ltd.","NASDAQ",NA,"lab.Unmapped","2026-09-20T13:30:43Z","sec-exchange"
"GTIM","Good Times Restaurants Inc.","NASDAQ",NA,"lab.Unmapped","2026-09-20T13:30:43Z","sec-exchange"
"ARTW","ARTS WAY MANUFACTURING CO INC","NASDAQ",NA,"lab.Unmapped","2026-09-20T13:30:43Z","sec-exchange"
"EDTK","Skillful Craftsman Education Technology Ltd","NASDAQ",NA,"lab.Unmapped","2026-09-20T13:30:43Z","sec-exchange"
"DOGZ","Dogness (International) Corp","NASDAQ",NA,"lab.Unmapped","2026-09-20T13:30:43Z","sec-exchange"
"ADIL","ADIAL PHARMACEUTICALS, INC.","NASDAQ",NA,"lab.Unmapped","2026-09-20T13:30:43Z","sec-exchange"
"AUST","Austin Gold Corp.","NYSE",NA,"lab.Unmapped","2026-09-20T13:30:43Z","sec-exchange"
"CNSY","CERENOME, INC.","NASDAQ",NA,"lab.Unmapped","2026-09-20T13:30:43Z","sec-exchange"
"GIGM","GIGAMEDIA Ltd","NASDAQ",NA,"lab.Unmapped","2026-09-20T13:30:43Z","sec-exchange"
"ALAR","Alarum Technologies Ltd.","NASDAQ",NA,"lab.Unmapped","2026-09-20T13:30:43Z","sec-exchange"
"LRE","LEAD REAL ESTATE CO., LTD","NASDAQ",NA,"lab.Unmapped","2026-09-20T13:30:43Z","sec-exchange"
"RCT","RedCloud Holdings plc","NASDAQ",NA,"lab.Unmapped","2026-09-20T13:30:43Z","sec-exchange"
"PASG","Passage BIO, Inc.","NASDAQ",NA,"lab.Unmapped","2026-09-20T13:30:43Z","sec-exchange"
"LSTA","LISATA THERAPEUTICS, INC.","NASDAQ",NA,"lab.Unmapped","2026-09-20T13:30:43Z","sec-exchange"
"PBK","POWERBANK Corp","NASDAQ",NA,"lab.Unmapped","2026-09-20T13:30:43Z","sec-exchange"
"YXT","YXT.COM GROUP HOLDING Ltd","NASDAQ",NA,"lab.Unmapped","2026-09-20T13:30:43Z","sec-exchange"
"WETH","Wetouch Technology Inc.","NASDAQ",NA,"lab.Unmapped","2026-09-20T13:30:43Z","sec-exchange"
"AEHL","Antelope Enterprise Holdings Ltd","NASDAQ",NA,"lab.Unmapped","2026-09-20T13:30:43Z","sec-exchange"
"MYND","Mynd.ai, Inc.","NYSE",NA,"lab.Unmapped","2026-09-20T13:30:43Z","sec-exchange"
"MBRX","Moleculin Biotech, Inc.","NASDAQ",NA,"lab.Unmapped","2026-09-20T13:30:43Z","sec-exchange"
"MOGU","MOGU Inc.","NYSE",NA,"lab.Unmapped","2026-09-20T13:30:43Z","sec-exchange"
"BIVI","BIOVIE INC.","NASDAQ",NA,"lab.Unmapped","2026-09-20T13:30:43Z","sec-exchange"
"ICU","SeaStar Medical Holding Corp","NASDAQ",NA,"lab.Unmapped","2026-09-20T13:30:43Z","sec-exchange"
"DARE","Dare Bioscience, Inc.","NASDAQ",NA,"lab.Unmapped","2026-09-20T13:30:43Z","sec-exchange"
"BTLN","Brightline Interactive, Inc./NV","NASDAQ",NA,"lab.Unmapped","2026-09-20T13:30:43Z","sec-exchange"
"SLGB","Smart Logistics Global Ltd","NASDAQ",NA,"lab.Unmapped","2026-09-20T13:30:43Z","sec-exchange"
"GWH","ESS Tech, Inc.","NYSE",NA,"lab.Unmapped","2026-09-20T13:30:43Z","sec-exchange"
"HUIZ","Huize Holding Ltd","NASDAQ",NA,"lab.Unmapped","2026-09-20T13:30:43Z","sec-exchange"
"BRN","BARNWELL INDUSTRIES INC","NYSE",NA,"lab.Unmapped","2026-09-20T13:30:43Z","sec-exchange"
"CRMT","AMERICAS CARMART INC","NASDAQ",NA,"lab.Unmapped","2026-09-20T13:30:43Z","sec-exchange"
"MTEX","MANNATECH INC","NASDAQ",NA,"lab.Unmapped","2026-09-20T13:30:43Z","sec-exchange"
"XCH","XCHG Ltd","NASDAQ",NA,"lab.Unmapped","2026-09-20T13:30:43Z","sec-exchange"
"FOFO","Hang Feng Technology Innovation Co., Ltd.","NASDAQ",NA,"lab.Unmapped","2026-09-20T13:30:43Z","sec-exchange"
"COOT","Australian Oilseeds Holdings Ltd","NASDAQ",NA,"lab.Unmapped","2026-09-20T13:30:43Z","sec-exchange"
"DLPN","Dolphin Entertainment, Inc.","NASDAQ",NA,"lab.Unmapped","2026-09-20T13:30:43Z","sec-exchange"
"HIND","Vyome Holdings, Inc","NASDAQ",NA,"lab.Unmapped","2026-09-20T13:30:43Z","sec-exchange"
"TPST","Tempest Therapeutics, Inc.","NASDAQ",NA,"lab.Unmapped","2026-09-20T13:30:43Z","sec-exchange"
"YFOR","YYForce Inc.","NASDAQ",NA,"lab.Unmapped","2026-09-20T13:30:43Z","sec-exchange"
"HODO","House of Doge Inc.","NASDAQ",NA,"lab.Unmapped","2026-09-20T13:30:43Z","sec-exchange"
"UCL","uCloudlink Group Inc.","NASDAQ",NA,"lab.Unmapped","2026-09-20T13:30:43Z","sec-exchange"
"QNRX","Quoin Pharmaceuticals Ltd.","NASDAQ",NA,"lab.Unmapped","2026-09-20T13:30:43Z","sec-exchange"
"DTSS","Datasea Intelligent Technology Ltd.","NASDAQ",NA,"lab.Unmapped","2026-09-20T13:30:43Z","sec-exchange"
"NUR","Nuran Wireless Inc.","NASDAQ",NA,"lab.Unmapped","2026-09-20T13:30:43Z","sec-exchange"
"SOS","SOS Ltd","NYSE",NA,"lab.Unmapped","2026-09-20T13:30:43Z","sec-exchange"
"FRTT","Fort Technology Inc","NASDAQ",NA,"lab.Unmapped","2026-09-20T13:30:43Z","sec-exchange"
"PETZ","TDH Holdings, Inc.","NASDAQ",NA,"lab.Unmapped","2026-09-20T13:30:43Z","sec-exchange"
"NEON","Neonode Inc.","NASDAQ",NA,"lab.Unmapped","2026-09-20T13:30:43Z","sec-exchange"
"PLUR","Pluri Inc.","NASDAQ",NA,"lab.Unmapped","2026-09-20T13:30:43Z","sec-exchange"
"SAGT","SAGTEC GLOBAL Ltd","NASDAQ",NA,"lab.Unmapped","2026-09-20T13:30:43Z","sec-exchange"
"GTBP","GT Biopharma, Inc.","NASDAQ",NA,"lab.Unmapped","2026-09-20T13:30:43Z","sec-exchange"
"REFR","RESEARCH FRONTIERS INC","NASDAQ",NA,"lab.Unmapped","2026-09-20T13:30:43Z","sec-exchange"
"CJMB","CALLAN JMB INC.","NASDAQ",NA,"lab.Unmapped","2026-09-20T13:30:43Z","sec-exchange"
"FMST","Foremost Clean Energy Ltd.","NASDAQ",NA,"lab.Unmapped","2026-09-20T13:30:43Z","sec-exchange"
"MEDS","DataMeds AI, Inc.","NASDAQ",NA,"lab.Unmapped","2026-09-20T13:30:43Z","sec-exchange"
"DFLI","Dragonfly Energy Holdings Corp.","NASDAQ",NA,"lab.Unmapped","2026-09-20T13:30:43Z","sec-exchange"
"EQS","EQUUS TOTAL RETURN, INC.","NYSE",NA,"lab.Unmapped","2026-09-20T13:30:43Z","sec-exchange"
"ZDAI","DirectBooking Technology Co., Ltd.","NASDAQ",NA,"lab.Unmapped","2026-09-20T13:30:43Z","sec-exchange"
"CALC","CalciMedica, Inc.","NASDAQ",NA,"lab.Unmapped","2026-09-20T13:30:43Z","sec-exchange"
"GIXI","Gix Internet Ltd.","NASDAQ",NA,"lab.Unmapped","2026-09-20T13:30:43Z","sec-exchange"
"ASTC","ASTROTECH Corp","NASDAQ",NA,"lab.Unmapped","2026-09-20T13:30:43Z","sec-exchange"
"TOMZ","TOMI Environmental Solutions, Inc.","NASDAQ",NA,"lab.Unmapped","2026-09-20T13:30:43Z","sec-exchange"
"DETX","LIBERTY DEFENSE HOLDINGS, LTD.","NASDAQ",NA,"lab.Unmapped","2026-09-20T13:30:43Z","sec-exchange"
"BTOC","Armlogi Holding Corp.","NASDAQ",NA,"lab.Unmapped","2026-09-20T13:30:43Z","sec-exchange"
"AIRI","AIR INDUSTRIES GROUP","NYSE",NA,"lab.Unmapped","2026-09-20T13:30:43Z","sec-exchange"
"SCNX","Scienture Holdings, Inc.","NASDAQ",NA,"lab.Unmapped","2026-09-20T13:30:43Z","sec-exchange"
"NRSN","NeuroSense Therapeutics Ltd.","NASDAQ",NA,"lab.Unmapped","2026-09-20T13:30:43Z","sec-exchange"
"CABR","Caring Brands, Inc.","NASDAQ",NA,"lab.Unmapped","2026-09-20T13:30:43Z","sec-exchange"
"BIOT","INSTINCT BIO TECHNICAL CO HOLDINGS INC.","NASDAQ",NA,"lab.Unmapped","2026-09-20T13:30:43Z","sec-exchange"
"GYGY","Game Your Game Inc.","NASDAQ",NA,"lab.Unmapped","2026-09-20T13:30:43Z","sec-exchange"
"MIMI","Mint Inc Ltd","NASDAQ",NA,"lab.Unmapped","2026-09-20T13:30:43Z","sec-exchange"
"EBON","Ebang International Holdings Inc.","NASDAQ",NA,"lab.Unmapped","2026-09-20T13:30:43Z","sec-exchange"
"ASBP","Aspire Biopharma Holdings, Inc.","NASDAQ",NA,"lab.Unmapped","2026-09-20T13:30:43Z","sec-exchange"
"DDC","DDC Enterprise Ltd","NYSE",NA,"lab.Unmapped","2026-09-20T13:30:43Z","sec-exchange"
"RGNT","REGENTIS BIOMATERIALS LTD.","NYSE",NA,"lab.Unmapped","2026-09-20T13:30:43Z","sec-exchange"
"ICMB","Investcorp Credit Management BDC, Inc.","NASDAQ",NA,"lab.Unmapped","2026-09-20T13:30:43Z","sec-exchange"
"ARAI","Arrive AI Inc.","NASDAQ",NA,"lab.Unmapped","2026-09-20T13:30:43Z","sec-exchange"
"ENLV","Enlivex Ltd.","NASDAQ",NA,"lab.Unmapped","2026-09-20T13:30:43Z","sec-exchange"
"INTS","INTENSITY THERAPEUTICS, INC.","NASDAQ",NA,"lab.Unmapped","2026-09-20T13:30:43Z","sec-exchange"
"MDCX","Medicus Pharma Ltd.","NASDAQ",NA,"lab.Unmapped","2026-09-20T13:30:43Z","sec-exchange"
"NHTC","NATURAL HEALTH TRENDS CORP","NASDAQ",NA,"lab.Unmapped","2026-09-20T13:30:43Z","sec-exchange"
"DLXY","Delixy Holdings Ltd","NASDAQ",NA,"lab.Unmapped","2026-09-20T13:30:43Z","sec-exchange"
"NMTC","NEUROONE MEDICAL TECHNOLOGIES Corp","NASDAQ",NA,"lab.Unmapped","2026-09-20T13:30:43Z","sec-exchange"
"CETY","Clean Energy Technologies, Inc.","NASDAQ",NA,"lab.Unmapped","2026-09-20T13:30:43Z","sec-exchange"
"ATER","Aterian, Inc.","NASDAQ",NA,"lab.Unmapped","2026-09-20T13:30:43Z","sec-exchange"
"BLRX","BioLineRx Ltd.","NASDAQ",NA,"lab.Unmapped","2026-09-20T13:30:43Z","sec-exchange"
"AEON","AEON Biopharma, Inc.","NYSE",NA,"lab.Unmapped","2026-09-20T13:30:43Z","sec-exchange"
"BANL","CBL International Ltd","NASDAQ",NA,"lab.Unmapped","2026-09-20T13:30:43Z","sec-exchange"
"NAII","NATURAL ALTERNATIVES INTERNATIONAL INC","NASDAQ",NA,"lab.Unmapped","2026-09-20T13:30:43Z","sec-exchange"
"ADVB","Advanced Biomed Inc.","NASDAQ",NA,"lab.Unmapped","2026-09-20T13:30:43Z","sec-exchange"
"FLUX","Flux Power Holdings, Inc.","NASDAQ",NA,"lab.Unmapped","2026-09-20T13:30:43Z","sec-exchange"
"KPRX","KIORA PHARMACEUTICALS INC","NASDAQ",NA,"lab.Unmapped","2026-09-20T13:30:43Z","sec-exchange"
"PHIO","Phio Pharmaceuticals Corp.","NASDAQ",NA,"lab.Unmapped","2026-09-20T13:30:43Z","sec-exchange"
"OXBR","OXBRIDGE RE HOLDINGS Ltd","NASDAQ",NA,"lab.Unmapped","2026-09-20T13:30:43Z","sec-exchange"
"SEED","Origin Agritech LTD","NASDAQ",NA,"lab.Unmapped","2026-09-20T13:30:43Z","sec-exchange"
"BON","Bon Natural Life Ltd","NASDAQ",NA,"lab.Unmapped","2026-09-20T13:30:43Z","sec-exchange"
"MMA","MIXED MARTIAL ARTS GROUP LTD","NYSE",NA,"lab.Unmapped","2026-09-20T13:30:43Z","sec-exchange"
"HPAI","Helport AI Ltd","NASDAQ",NA,"lab.Unmapped","2026-09-20T13:30:43Z","sec-exchange"
"UPLD","Upland Software, Inc.","NASDAQ",NA,"lab.Unmapped","2026-09-20T13:30:43Z","sec-exchange"
"JBDI","JBDI Holdings Ltd","NASDAQ",NA,"lab.Unmapped","2026-09-20T13:30:43Z","sec-exchange"
"ADGM","Adagio Medical Holdings, Inc.","NASDAQ",NA,"lab.Unmapped","2026-09-20T13:30:43Z","sec-exchange"
"NIXX","Nixxy, Inc.","NASDAQ",NA,"lab.Unmapped","2026-09-20T13:30:43Z","sec-exchange"
"SINT","Sintx Technologies, Inc.","NASDAQ",NA,"lab.Unmapped","2026-09-20T13:30:43Z","sec-exchange"
"CLRO","CLEARONE INC","NASDAQ",NA,"lab.Unmapped","2026-09-20T13:30:43Z","sec-exchange"
"HUDI","Huadi International Group Co., Ltd.","NASDAQ",NA,"lab.Unmapped","2026-09-20T13:30:43Z","sec-exchange"
"CLWT","EURO TECH HOLDINGS CO LTD","NASDAQ",NA,"lab.Unmapped","2026-09-20T13:30:43Z","sec-exchange"
"IRIX","IRIDEX CORP","NASDAQ",NA,"lab.Unmapped","2026-09-20T13:30:43Z","sec-exchange"
"EDUC","EDUCATIONAL DEVELOPMENT CORP","NASDAQ",NA,"lab.Unmapped","2026-09-20T13:30:43Z","sec-exchange"
"TOVX","Theriva Biologics, Inc.","NYSE",NA,"lab.Unmapped","2026-09-20T13:30:43Z","sec-exchange"
"GYRO","Gyrodyne, LLC","NASDAQ",NA,"lab.Unmapped","2026-09-20T13:30:43Z","sec-exchange"
"BLIN","Bridgeline Digital, Inc.","NASDAQ",NA,"lab.Unmapped","2026-09-20T13:30:43Z","sec-exchange"
"CISO","CISO Global, Inc.","NASDAQ",NA,"lab.Unmapped","2026-09-20T13:30:43Z","sec-exchange"
"VWAV","VisionWave Holdings, Inc.","NASDAQ",NA,"lab.Unmapped","2026-09-20T13:30:43Z","sec-exchange"
"IQST","iQSTEL Inc","NASDAQ",NA,"lab.Unmapped","2026-09-20T13:30:43Z","sec-exchange"
"CENN","Cenntro Inc.","NASDAQ",NA,"lab.Unmapped","2026-09-20T13:30:43Z","sec-exchange"
"NVNI","Nvni Group Ltd","NASDAQ",NA,"lab.Unmapped","2026-09-20T13:30:43Z","sec-exchange"
"GLE","Global Engine Group Holding Ltd","NASDAQ",NA,"lab.Unmapped","2026-09-20T13:30:43Z","sec-exchange"
"QH","QUHUO Ltd","NASDAQ",NA,"lab.Unmapped","2026-09-20T13:30:43Z","sec-exchange"
"LZMH","LZ Technology Holdings Ltd","NASDAQ",NA,"lab.Unmapped","2026-09-20T13:30:43Z","sec-exchange"
"FNGR","FingerMotion, Inc.","NASDAQ",NA,"lab.Unmapped","2026-09-20T13:30:43Z","sec-exchange"
"BNKK","BONK, INC.","NASDAQ",NA,"lab.Unmapped","2026-09-20T13:30:43Z","sec-exchange"
"PRPL","Purple Innovation, Inc.","NASDAQ",NA,"lab.Unmapped","2026-09-20T13:30:43Z","sec-exchange"
"HCTI","Healthcare Triangle, Inc.","NASDAQ",NA,"lab.Unmapped","2026-09-20T13:30:43Z","sec-exchange"
"KALA","KALA BIO, Inc.","NASDAQ",NA,"lab.Unmapped","2026-09-20T13:30:43Z","sec-exchange"
"ILLR","Triller Group Inc.","NASDAQ",NA,"lab.Unmapped","2026-09-20T13:30:43Z","sec-exchange"
"INAB","IN8BIO, INC.","NASDAQ",NA,"lab.Unmapped","2026-09-20T13:30:43Z","sec-exchange"
"MSAI","MultiSensor AI Holdings, Inc.","NASDAQ",NA,"lab.Unmapped","2026-09-20T13:30:43Z","sec-exchange"
"HCWC","HEALTHY CHOICE WELLNESS CORP.","NYSE",NA,"lab.Unmapped","2026-09-20T13:30:43Z","sec-exchange"
"BTBD","BT Brands, Inc.","NASDAQ",NA,"lab.Unmapped","2026-09-20T13:30:43Z","sec-exchange"
"CLIK","Click Holdings Ltd.","NASDAQ",NA,"lab.Unmapped","2026-09-20T13:30:43Z","sec-exchange"
"FBLG","FibroBiologics, Inc.","NASDAQ",NA,"lab.Unmapped","2026-09-20T13:30:43Z","sec-exchange"
"MTEK","Maris Tech Ltd.","NASDAQ",NA,"lab.Unmapped","2026-09-20T13:30:43Z","sec-exchange"
"BMRA","BIOMERICA INC","NASDAQ",NA,"lab.Unmapped","2026-09-20T13:30:43Z","sec-exchange"
"AZTR","Azitra, Inc.","NYSE",NA,"lab.Unmapped","2026-09-20T13:30:43Z","sec-exchange"
"AIMD","Ainos, Inc.","NASDAQ",NA,"lab.Unmapped","2026-09-20T13:30:43Z","sec-exchange"
"JCTC","JEWETT CAMERON TRADING CO LTD","NASDAQ",NA,"lab.Unmapped","2026-09-20T13:30:43Z","sec-exchange"
"MYSE","Myseum.AI, Inc.","NASDAQ",NA,"lab.Unmapped","2026-09-20T13:30:43Z","sec-exchange"
"MSN","EMERSON RADIO CORP","NYSE",NA,"lab.Unmapped","2026-09-20T13:30:43Z","sec-exchange"
"LNAI","Lunai Bioworks Inc.","NASDAQ",NA,"lab.Unmapped","2026-09-20T13:30:43Z","sec-exchange"
"VTGN","Vistagen Therapeutics, Inc.","NASDAQ",NA,"lab.Unmapped","2026-09-20T13:30:43Z","sec-exchange"
"AWX","AVALON HOLDINGS CORP","NYSE",NA,"lab.Unmapped","2026-09-20T13:30:43Z","sec-exchange"
"TANH","TANTECH HOLDINGS LTD","NASDAQ",NA,"lab.Unmapped","2026-09-20T13:30:43Z","sec-exchange"
"MTVA","MetaVia Inc.","NASDAQ",NA,"lab.Unmapped","2026-09-20T13:30:43Z","sec-exchange"
"EPOW","E-Power Inc.","NASDAQ",NA,"lab.Unmapped","2026-09-20T13:30:43Z","sec-exchange"
"GDTC","CytoMed Therapeutics Ltd","NASDAQ",NA,"lab.Unmapped","2026-09-20T13:30:43Z","sec-exchange"
"SMXT","SolarMax Technology, Inc.","NASDAQ",NA,"lab.Unmapped","2026-09-20T13:30:43Z","sec-exchange"
"VRME","VerifyMe, Inc.","NASDAQ",NA,"lab.Unmapped","2026-09-20T13:30:43Z","sec-exchange"
"GFAI","Guardforce AI Co., Ltd.","NASDAQ",NA,"lab.Unmapped","2026-09-20T13:30:43Z","sec-exchange"
"OST","Ostin Technology Group Co., Ltd.","NASDAQ",NA,"lab.Unmapped","2026-09-20T13:30:43Z","sec-exchange"
"SEGG","Sports Entertainment Gaming Global Corp","NASDAQ",NA,"lab.Unmapped","2026-09-20T13:30:43Z","sec-exchange"
"NCT","Intercont (Cayman) Ltd","NASDAQ",NA,"lab.Unmapped","2026-09-20T13:30:43Z","sec-exchange"
"BGL","Blue Gold Ltd","NASDAQ",NA,"lab.Unmapped","2026-09-20T13:30:43Z","sec-exchange"
"QNME","Quanome Technologies, Inc.","NASDAQ",NA,"lab.Unmapped","2026-09-20T13:30:43Z","sec-exchange"
"REED","REED'S, INC.","NYSE",NA,"lab.Unmapped","2026-09-20T13:30:43Z","sec-exchange"
"HUBC","Hub Cyber Security Ltd.","NASDAQ",NA,"lab.Unmapped","2026-09-20T13:30:43Z","sec-exchange"
"SOAR","Volato Group, Inc.","NYSE",NA,"lab.Unmapped","2026-09-20T13:30:43Z","sec-exchange"
"AMOD","ALPHA MODUS HOLDINGS, INC.","NASDAQ",NA,"lab.Unmapped","2026-09-20T13:30:43Z","sec-exchange"
"INUV","Inuvo, Inc.","NYSE",NA,"lab.Unmapped","2026-09-20T13:30:43Z","sec-exchange"
"KNRX","KNOREX LTD.","NYSE",NA,"lab.Unmapped","2026-09-20T13:30:43Z","sec-exchange"
"MGRX","MANGOCEUTICALS, INC.","NASDAQ",NA,"lab.Unmapped","2026-09-20T13:30:43Z","sec-exchange"
"BENF","Beneficient","NASDAQ",NA,"lab.Unmapped","2026-09-20T13:30:43Z","sec-exchange"
"TPET","Trio Petroleum Corp","NYSE",NA,"lab.Unmapped","2026-09-20T13:30:43Z","sec-exchange"
"CVR","CHICAGO RIVET & MACHINE CO","NYSE",NA,"lab.Unmapped","2026-09-20T13:30:43Z","sec-exchange"
"SNTI","Senti Biosciences Holdings, Inc.","NASDAQ",NA,"lab.Unmapped","2026-09-20T13:30:43Z","sec-exchange"
"PLAG","Planet Green Holdings Corp.","NYSE",NA,"lab.Unmapped","2026-09-20T13:30:43Z","sec-exchange"
"YJ","Yunji Inc.","NASDAQ",NA,"lab.Unmapped","2026-09-20T13:30:43Z","sec-exchange"
"APRE","Aprea Therapeutics, Inc.","NASDAQ",NA,"lab.Unmapped","2026-09-20T13:30:43Z","sec-exchange"
"SFHG","SAMFINE CREATION HOLDINGS GROUP Ltd","NASDAQ",NA,"lab.Unmapped","2026-09-20T13:30:43Z","sec-exchange"
"AMS","AMERICAN SHARED HOSPITAL SERVICES","NYSE",NA,"lab.Unmapped","2026-09-20T13:30:43Z","sec-exchange"
"WVVI","WILLAMETTE VALLEY VINEYARDS INC","NASDAQ",NA,"lab.Unmapped","2026-09-20T13:30:43Z","sec-exchange"
"GRML","Greenland Mines Ltd","NASDAQ",NA,"lab.Unmapped","2026-09-20T13:30:43Z","sec-exchange"
"IMRN","Immuron Ltd","NASDAQ",NA,"lab.Unmapped","2026-09-20T13:30:43Z","sec-exchange"
"BAOS","Baosheng Media Group Holdings Ltd","NASDAQ",NA,"lab.Unmapped","2026-09-20T13:30:43Z","sec-exchange"
"INHD","INNO HOLDINGS INC.","NASDAQ",NA,"lab.Unmapped","2026-09-20T13:30:43Z","sec-exchange"
"GITS","Global Interactive Technologies, Inc.","NASDAQ",NA,"lab.Unmapped","2026-09-20T13:30:43Z","sec-exchange"
"LGVN","Longeveron Inc.","NASDAQ",NA,"lab.Unmapped","2026-09-20T13:30:43Z","sec-exchange"
"MARPS","MARINE PETROLEUM TRUST","NASDAQ",NA,"lab.Unmapped","2026-09-20T13:30:43Z","sec-exchange"
"BURU","Nuburu, Inc.","NYSE",NA,"lab.Unmapped","2026-09-20T13:30:43Z","sec-exchange"
"ENSC","Ensysce Biosciences, Inc.","NASDAQ",NA,"lab.Unmapped","2026-09-20T13:30:43Z","sec-exchange"
"ALZN","Alzamend Neuro, Inc.","NASDAQ",NA,"lab.Unmapped","2026-09-20T13:30:43Z","sec-exchange"
"LRHC","La Rosa Holdings Corp.","NASDAQ",NA,"lab.Unmapped","2026-09-20T13:30:43Z","sec-exchange"
"IOTR","iOThree Ltd","NASDAQ",NA,"lab.Unmapped","2026-09-20T13:30:43Z","sec-exchange"
"GXAI","GAXOS.AI INC.","NASDAQ",NA,"lab.Unmapped","2026-09-20T13:30:43Z","sec-exchange"
"OBAI","Our Bond, Inc.","NASDAQ",NA,"lab.Unmapped","2026-09-20T13:30:43Z","sec-exchange"
"WOK","WORK Medical Technology Group LTD","NASDAQ",NA,"lab.Unmapped","2026-09-20T13:30:43Z","sec-exchange"
"BFRG","BullFrog AI Holdings, Inc.","NASDAQ",NA,"lab.Unmapped","2026-09-20T13:30:43Z","sec-exchange"
"GMM","Global Mofy AI Ltd","NASDAQ",NA,"lab.Unmapped","2026-09-20T13:30:43Z","sec-exchange"
"AMIX","Autonomix Medical, Inc.","NASDAQ",NA,"lab.Unmapped","2026-09-20T13:30:43Z","sec-exchange"
"XCUR","EXICURE, INC.","NASDAQ",NA,"lab.Unmapped","2026-09-20T13:30:43Z","sec-exchange"
"AIRE","reAlpha Tech Corp.","NASDAQ",NA,"lab.Unmapped","2026-09-20T13:30:43Z","sec-exchange"
"GAUZ","Gauzy Ltd.","NASDAQ",NA,"lab.Unmapped","2026-09-20T13:30:43Z","sec-exchange"
"AQMS","Aqua Metals, Inc.","NASDAQ",NA,"lab.Unmapped","2026-09-20T13:30:43Z","sec-exchange"
"SNGX","SOLIGENIX, INC.","NASDAQ",NA,"lab.Unmapped","2026-09-20T13:30:43Z","sec-exchange"
"INEO","INNEOVA Holdings Ltd","NASDAQ",NA,"lab.Unmapped","2026-09-20T13:30:43Z","sec-exchange"
"RAIN","Rain Enhancement Technologies Holdco, Inc.","NASDAQ",NA,"lab.Unmapped","2026-09-20T13:30:43Z","sec-exchange"
"AIM","AIM ImmunoTech Inc.","NYSE",NA,"lab.Unmapped","2026-09-20T13:30:43Z","sec-exchange"
"RMCF","Rocky Mountain Chocolate Factory, Inc.","NASDAQ",NA,"lab.Unmapped","2026-09-20T13:30:43Z","sec-exchange"
"DFNS","T3 Defense Inc.","NASDAQ",NA,"lab.Unmapped","2026-09-20T13:30:43Z","sec-exchange"
"TRAW","Traws Pharma, Inc.","NASDAQ",NA,"lab.Unmapped","2026-09-20T13:30:43Z","sec-exchange"
"NXTT","Next Technology Holding Inc.","NASDAQ",NA,"lab.Unmapped","2026-09-20T13:30:43Z","sec-exchange"
"AUID","authID Inc.","NASDAQ",NA,"lab.Unmapped","2026-09-20T13:30:43Z","sec-exchange"
"IFBD","Infobird Co., Ltd","NASDAQ",NA,"lab.Unmapped","2026-09-20T13:30:43Z","sec-exchange"
"CMCT","Creative Media & Community Trust Corp","NASDAQ",NA,"lab.Unmapped","2026-09-20T13:30:43Z","sec-exchange"
"IMNN","Imunon, Inc.","NASDAQ",NA,"lab.Unmapped","2026-09-20T13:30:43Z","sec-exchange"
"SURG","SurgePays, Inc.","NASDAQ",NA,"lab.Unmapped","2026-09-20T13:30:43Z","sec-exchange"
"EDHL","Everbright Digital Holding Ltd.","NASDAQ",NA,"lab.Unmapped","2026-09-20T13:30:43Z","sec-exchange"
"ARBB","ARB IOT Group Ltd","NASDAQ",NA,"lab.Unmapped","2026-09-20T13:30:43Z","sec-exchange"
"MTEN","Mingteng International Corp Inc.","NASDAQ",NA,"lab.Unmapped","2026-09-20T13:30:43Z","sec-exchange"
"JCSE","JE Cleantech Holdings Ltd","NASDAQ",NA,"lab.Unmapped","2026-09-20T13:30:43Z","sec-exchange"
"NDRA","ENDRA Life Sciences Inc.","NASDAQ",NA,"lab.Unmapped","2026-09-20T13:30:43Z","sec-exchange"
"XWEL","XWELL, Inc.","NASDAQ",NA,"lab.Unmapped","2026-09-20T13:30:43Z","sec-exchange"
"VNRX","VOLITIONRX LTD","NYSE",NA,"lab.Unmapped","2026-09-20T13:30:43Z","sec-exchange"
"RVSN","Rail Vision Ltd.","NASDAQ",NA,"lab.Unmapped","2026-09-20T13:30:43Z","sec-exchange"
"CNSP","CNS Pharmaceuticals, Inc.","NASDAQ",NA,"lab.Unmapped","2026-09-20T13:30:43Z","sec-exchange"
"INM","InMed Pharmaceuticals Inc.","NASDAQ",NA,"lab.Unmapped","2026-09-20T13:30:43Z","sec-exchange"
"FEBO","Fenbo Holdings Ltd","NASDAQ",NA,"lab.Unmapped","2026-09-20T13:30:43Z","sec-exchange"
"EVGN","Evogene Ltd.","NASDAQ",NA,"lab.Unmapped","2026-09-20T13:30:43Z","sec-exchange"
"AMSS","AMASS BRANDS","NASDAQ",NA,"lab.Unmapped","2026-09-20T13:30:43Z","sec-exchange"
"NAMI","Jinxin Technology Holding Co","NASDAQ",NA,"lab.Unmapped","2026-09-20T13:30:43Z","sec-exchange"
"TKLF","Tokyo Lifestyle Co., Ltd.","NASDAQ",NA,"lab.Unmapped","2026-09-20T13:30:43Z","sec-exchange"
"UCAR","U Power Ltd","NASDAQ",NA,"lab.Unmapped","2026-09-20T13:30:43Z","sec-exchange"
"UK","Ucommune International Ltd","NASDAQ",NA,"lab.Unmapped","2026-09-20T13:30:43Z","sec-exchange"
"LOBO","LOBO TECHNOLOGIES LTD.","NASDAQ",NA,"lab.Unmapped","2026-09-20T13:30:43Z","sec-exchange"
"ACON","Aclarion, Inc.","NASDAQ",NA,"lab.Unmapped","2026-09-20T13:30:43Z","sec-exchange"
"POM","POMDOCTOR Ltd","NASDAQ",NA,"lab.Unmapped","2026-09-20T13:30:43Z","sec-exchange"
"THH","TryHard Holdings Ltd","NASDAQ",NA,"lab.Unmapped","2026-09-20T13:30:43Z","sec-exchange"
"CCTG","CCSC Technology International Holdings Ltd","NASDAQ",NA,"lab.Unmapped","2026-09-20T13:30:43Z","sec-exchange"
"PRSO","Peraso Inc.","NASDAQ",NA,"lab.Unmapped","2026-09-20T13:30:43Z","sec-exchange"
"CLGN","CollPlant Biotechnologies Ltd","NASDAQ",NA,"lab.Unmapped","2026-09-20T13:30:43Z","sec-exchange"
"BMGL","Basel Medical Group Ltd","NASDAQ",NA,"lab.Unmapped","2026-09-20T13:30:43Z","sec-exchange"
"ITOC","iTonic Holdings Ltd","NASDAQ",NA,"lab.Unmapped","2026-09-20T13:30:43Z","sec-exchange"
"CHAI","Core AI Holdings, Inc.","NASDAQ",NA,"lab.Unmapped","2026-09-20T13:30:43Z","sec-exchange"
"ENVB","Enveric Biosciences, Inc.","NASDAQ",NA,"lab.Unmapped","2026-09-20T13:30:43Z","sec-exchange"
"ICCM","IceCure Medical Ltd.","NASDAQ",NA,"lab.Unmapped","2026-09-20T13:30:43Z","sec-exchange"
"JYD","Jayud Global Logistics Ltd","NASDAQ",NA,"lab.Unmapped","2026-09-20T13:30:43Z","sec-exchange"
"AMST","Amesite Inc.","NASDAQ",NA,"lab.Unmapped","2026-09-20T13:30:43Z","sec-exchange"
"ALP","Alpha Compute Corp","NASDAQ",NA,"lab.Unmapped","2026-09-20T13:30:43Z","sec-exchange"
"VSA","VisionSys AI Inc","NASDAQ",NA,"lab.Unmapped","2026-09-20T13:30:43Z","sec-exchange"
"ZCMD","Zhongchao Inc.","NASDAQ",NA,"lab.Unmapped","2026-09-20T13:30:43Z","sec-exchange"
"YHGJ","YUNHONG GREEN CTI LTD.","NASDAQ",NA,"lab.Unmapped","2026-09-20T13:30:43Z","sec-exchange"
"DTST","Data Storage Corp","NASDAQ",NA,"lab.Unmapped","2026-09-20T13:30:43Z","sec-exchange"
"REBN","Reborn Coffee, Inc.","NASDAQ",NA,"lab.Unmapped","2026-09-20T13:30:43Z","sec-exchange"
"ELOG","Eastern International Ltd.","NASDAQ",NA,"lab.Unmapped","2026-09-20T13:30:43Z","sec-exchange"
"FFAI","FARADAY FUTURE INTELLIGENT ELECTRIC INC.","NASDAQ",NA,"lab.Unmapped","2026-09-20T13:30:43Z","sec-exchange"
"VS","Versus Systems Inc.","NASDAQ",NA,"lab.Unmapped","2026-09-20T13:30:43Z","sec-exchange"
"WKSP","Worksport Ltd","NASDAQ",NA,"lab.Unmapped","2026-09-20T13:30:43Z","sec-exchange"
"LHSW","Lianhe Sowell International Group Ltd","NASDAQ",NA,"lab.Unmapped","2026-09-20T13:30:43Z","sec-exchange"
"SKYE","Skye Bioscience, Inc.","NASDAQ",NA,"lab.Unmapped","2026-09-20T13:30:43Z","sec-exchange"
"GP","GREENPOWER MOTOR Co INC.","NASDAQ",NA,"lab.Unmapped","2026-09-20T13:30:43Z","sec-exchange"
"TDIC","Dreamland Ltd","NASDAQ",NA,"lab.Unmapped","2026-09-20T13:30:43Z","sec-exchange"
"CODX","Co-Diagnostics, Inc.","NASDAQ",NA,"lab.Unmapped","2026-09-20T13:30:43Z","sec-exchange"
"INBS","INTELLIGENT BIO SOLUTIONS INC.","NASDAQ",NA,"lab.Unmapped","2026-09-20T13:30:43Z","sec-exchange"
"BOLT","Bolt Biotherapeutics, Inc.","NASDAQ",NA,"lab.Unmapped","2026-09-20T13:30:43Z","sec-exchange"
"CURX","Curanex Pharmaceuticals Inc","NASDAQ",NA,"lab.Unmapped","2026-09-20T13:30:43Z","sec-exchange"
"CGTL","Creative Global Technology Holdings Ltd","NASDAQ",NA,"lab.Unmapped","2026-09-20T13:30:43Z","sec-exchange"
"LEXX","Lexaria Bioscience Corp.","NASDAQ",NA,"lab.Unmapped","2026-09-20T13:30:43Z","sec-exchange"
"TAOP","Taoping Inc.","NASDAQ",NA,"lab.Unmapped","2026-09-20T13:30:43Z","sec-exchange"
"GELS","Gelteq Ltd","NASDAQ",NA,"lab.Unmapped","2026-09-20T13:30:43Z","sec-exchange"
"WAFU","Wah Fu Education Group Ltd","NASDAQ",NA,"lab.Unmapped","2026-09-20T13:30:43Z","sec-exchange"
"KRKR","36Kr Holdings Inc.","NASDAQ",NA,"lab.Unmapped","2026-09-20T13:30:43Z","sec-exchange"
"QCLS","Q/C TECHNOLOGIES, INC.","NASDAQ",NA,"lab.Unmapped","2026-09-20T13:30:43Z","sec-exchange"
"GURE","GULF RESOURCES, INC.","NASDAQ",NA,"lab.Unmapped","2026-09-20T13:30:43Z","sec-exchange"
"SGLY","Singularity Future Technology Ltd.","NASDAQ",NA,"lab.Unmapped","2026-09-20T13:30:43Z","sec-exchange"
"NWTG","Newton Golf Company, Inc.","NASDAQ",NA,"lab.Unmapped","2026-09-20T13:30:43Z","sec-exchange"
"ILAG","Intelligent Living Application Group Inc.","NASDAQ",NA,"lab.Unmapped","2026-09-20T13:30:43Z","sec-exchange"
"AMBO","Ambow Education Holding Ltd.","NYSE",NA,"lab.Unmapped","2026-09-20T13:30:43Z","sec-exchange"
"NVNO","enVVeno Medical Corp","NASDAQ",NA,"lab.Unmapped","2026-09-20T13:30:43Z","sec-exchange"
"BGMS","Bio Green Med Solution, Inc.","NASDAQ",NA,"lab.Unmapped","2026-09-20T13:30:43Z","sec-exchange"
"AIDX","20/20 Biolabs, Inc.","NASDAQ",NA,"lab.Unmapped","2026-09-20T13:30:43Z","sec-exchange"
"KAPA","Kairos Pharma, LTD.","NYSE",NA,"lab.Unmapped","2026-09-20T13:30:43Z","sec-exchange"
"SNOA","Sonoma Pharmaceuticals, Inc.","NASDAQ",NA,"lab.Unmapped","2026-09-20T13:30:43Z","sec-exchange"
"BQ","Boqii Holding Ltd","NYSE",NA,"lab.Unmapped","2026-09-20T13:30:43Z","sec-exchange"
"ACXP","Acurx Pharmaceuticals, Inc.","NASDAQ",NA,"lab.Unmapped","2026-09-20T13:30:43Z","sec-exchange"
"MITQ","MOVING iMAGE TECHNOLOGIES INC.","NYSE",NA,"lab.Unmapped","2026-09-20T13:30:43Z","sec-exchange"
"CDIO","Cardio Diagnostics Holdings, Inc.","NASDAQ",NA,"lab.Unmapped","2026-09-20T13:30:43Z","sec-exchange"
"DAIC","CID Holdco, Inc.","NASDAQ",NA,"lab.Unmapped","2026-09-20T13:30:43Z","sec-exchange"
"AUUD","AUDDIA INC.","NASDAQ",NA,"lab.Unmapped","2026-09-20T13:30:43Z","sec-exchange"
"YMAT","J-Star Holding Co., Ltd.","NASDAQ",NA,"lab.Unmapped","2026-09-20T13:30:43Z","sec-exchange"
"HXHX","Haoxin Holdings Ltd","NASDAQ",NA,"lab.Unmapped","2026-09-20T13:30:43Z","sec-exchange"
"CXAI","CXApp Inc.","NASDAQ",NA,"lab.Unmapped","2026-09-20T13:30:43Z","sec-exchange"
"TRIB","TRINITY BIOTECH PLC","NASDAQ",NA,"lab.Unmapped","2026-09-20T13:30:43Z","sec-exchange"
"AQB","AQUABOUNTY TECHNOLOGIES INC","NASDAQ",NA,"lab.Unmapped","2026-09-20T13:30:43Z","sec-exchange"
"CRE","Cre8 Enterprise Ltd","NASDAQ",NA,"lab.Unmapped","2026-09-20T13:30:43Z","sec-exchange"
"EEIQ","EpicQuest Education Group International Ltd","NASDAQ",NA,"lab.Unmapped","2026-09-20T13:30:43Z","sec-exchange"
"MRM","Medirom Healthcare Technologies Inc.","NASDAQ",NA,"lab.Unmapped","2026-09-20T13:30:43Z","sec-exchange"
"ORKT","ORANGEKLOUD TECHNOLOGY INC.","NASDAQ",NA,"lab.Unmapped","2026-09-20T13:30:43Z","sec-exchange"
"XELB","XCel Brands, Inc.","NASDAQ",NA,"lab.Unmapped","2026-09-20T13:30:43Z","sec-exchange"
"GLXG","Galaxy Payroll Group Ltd","NASDAQ",NA,"lab.Unmapped","2026-09-20T13:30:43Z","sec-exchange"
"HKPD","Cellyan Biotechnology Co., Ltd","NASDAQ",NA,"lab.Unmapped","2026-09-20T13:30:43Z","sec-exchange"
"XTLB","XTL BIOPHARMACEUTICALS LTD","NASDAQ",NA,"lab.Unmapped","2026-09-20T13:30:43Z","sec-exchange"
"MEGL","Magic Empire Global Ltd","NASDAQ",NA,"lab.Unmapped","2026-09-20T13:30:43Z","sec-exchange"
"DRMA","Dermata Therapeutics, Inc.","NASDAQ",NA,"lab.Unmapped","2026-09-20T13:30:43Z","sec-exchange"
"YCBD","cbdMD, Inc.","NYSE",NA,"lab.Unmapped","2026-09-20T13:30:43Z","sec-exchange"
"DXST","Decent Holding Inc.","NASDAQ",NA,"lab.Unmapped","2026-09-20T13:30:43Z","sec-exchange"
"CELZ","CREATIVE MEDICAL TECHNOLOGY HOLDINGS, INC.","NASDAQ",NA,"lab.Unmapped","2026-09-20T13:30:43Z","sec-exchange"
"GDC","GD Culture Group Ltd","NASDAQ",NA,"lab.Unmapped","2026-09-20T13:30:43Z","sec-exchange"
"NCNA","NuCana plc","NASDAQ",NA,"lab.Unmapped","2026-09-20T13:30:43Z","sec-exchange"
"SYNX","Silynxcom Ltd.","NYSE",NA,"lab.Unmapped","2026-09-20T13:30:43Z","sec-exchange"
"POLA","Polar Power, Inc.","NASDAQ",NA,"lab.Unmapped","2026-09-20T13:30:43Z","sec-exchange"
"SVRE","SaverOne 2014 Ltd.","NASDAQ",NA,"lab.Unmapped","2026-09-20T13:30:43Z","sec-exchange"
"PCSA","Processa Pharmaceuticals, Inc.","NASDAQ",NA,"lab.Unmapped","2026-09-20T13:30:43Z","sec-exchange"
"DKI","DarkIris Inc.","NASDAQ",NA,"lab.Unmapped","2026-09-20T13:30:43Z","sec-exchange"
"EHGO","EShallGo Inc.","NASDAQ",NA,"lab.Unmapped","2026-09-20T13:30:43Z","sec-exchange"
"UZX","Linkage Global Inc","NASDAQ",NA,"lab.Unmapped","2026-09-20T13:30:43Z","sec-exchange"
"LCFY","Locafy Ltd","NASDAQ",NA,"lab.Unmapped","2026-09-20T13:30:43Z","sec-exchange"
"JWEL","Jowell Global Ltd.","NASDAQ",NA,"lab.Unmapped","2026-09-20T13:30:43Z","sec-exchange"
"CWD","CaliberCos Inc.","NASDAQ",NA,"lab.Unmapped","2026-09-20T13:30:43Z","sec-exchange"
"SPHL","SPRINGVIEW HOLDINGS LTD","NASDAQ",NA,"lab.Unmapped","2026-09-20T13:30:43Z","sec-exchange"
"HCAI","Huachen AI Parking Management Technology Holding Co., Ltd","NASDAQ",NA,"lab.Unmapped","2026-09-20T13:30:43Z","sec-exchange"
"CYAB","CYABRA, INC.","NASDAQ",NA,"lab.Unmapped","2026-09-20T13:30:43Z","sec-exchange"
"BTTC","Black Titan Corp","NASDAQ",NA,"lab.Unmapped","2026-09-20T13:30:43Z","sec-exchange"
"GCDT","Green Circle Decarbonize Technology Ltd","NYSE",NA,"lab.Unmapped","2026-09-20T13:30:43Z","sec-exchange"
"AGRZ","Agroz Inc.","NASDAQ",NA,"lab.Unmapped","2026-09-20T13:30:43Z","sec-exchange"
"FBGL","FBS Global Ltd","NASDAQ",NA,"lab.Unmapped","2026-09-20T13:30:43Z","sec-exchange"
"POAS","PHAOS TECHNOLOGY HOLDINGS (CAYMAN) Ltd","NYSE",NA,"lab.Unmapped","2026-09-20T13:30:43Z","sec-exchange"
"PULM","Pulmatrix, Inc.","NASDAQ",NA,"lab.Unmapped","2026-09-20T13:30:43Z","sec-exchange"
"XBIO","Xenetic Biosciences, Inc.","NASDAQ",NA,"lab.Unmapped","2026-09-20T13:30:43Z","sec-exchange"
"CHNR","CHINA NATURAL RESOURCES INC","NASDAQ",NA,"lab.Unmapped","2026-09-20T13:30:43Z","sec-exchange"
"TWAV","TaoWeave, Inc.","NASDAQ",NA,"lab.Unmapped","2026-09-20T13:30:43Z","sec-exchange"
"VEEE","Twin Vee PowerCats, Co.","NASDAQ",NA,"lab.Unmapped","2026-09-20T13:30:43Z","sec-exchange"
"SNTG","Sentage Holdings Inc.","NASDAQ",NA,"lab.Unmapped","2026-09-20T13:30:43Z","sec-exchange"
"VMAR","Vision Marine Technologies Inc.","NASDAQ",NA,"lab.Unmapped","2026-09-20T13:30:43Z","sec-exchange"
"WBUY","WEBUY GLOBAL LTD","NASDAQ",NA,"lab.Unmapped","2026-09-20T13:30:43Z","sec-exchange"
"OLB","OLB GROUP, INC.","NASDAQ",NA,"lab.Unmapped","2026-09-20T13:30:43Z","sec-exchange"
"CNET","ZW Data Action Technologies Inc.","NASDAQ",NA,"lab.Unmapped","2026-09-20T13:30:43Z","sec-exchange"
"CANF","Can-Fite BioPharma Ltd.","NYSE",NA,"lab.Unmapped","2026-09-20T13:30:43Z","sec-exchange"
"XPON","Expion Energy, Inc.","NASDAQ",NA,"lab.Unmapped","2026-09-20T13:30:43Z","sec-exchange"
"CUPR","Cuprina Holdings (Cayman) LTD","NASDAQ",NA,"lab.Unmapped","2026-09-20T13:30:43Z","sec-exchange"
"RITR","Reitar Logtech Holdings Ltd","NASDAQ",NA,"lab.Unmapped","2026-09-20T13:30:43Z","sec-exchange"
"BIAF","bioAffinity Technologies, Inc.","NASDAQ",NA,"lab.Unmapped","2026-09-20T13:30:43Z","sec-exchange"
"EZGO","EZGO Technologies Ltd.","NASDAQ",NA,"lab.Unmapped","2026-09-20T13:30:43Z","sec-exchange"
"KITT","Nauticus Robotics, Inc.","NASDAQ",NA,"lab.Unmapped","2026-09-20T13:30:43Z","sec-exchange"
"FAMI","Farmmi, Inc.","NASDAQ",NA,"lab.Unmapped","2026-09-20T13:30:43Z","sec-exchange"
"NCRA","NOCERA, INC.","NASDAQ",NA,"lab.Unmapped","2026-09-20T13:30:43Z","sec-exchange"
"AEMD","AETHLON MEDICAL INC","NASDAQ",NA,"lab.Unmapped","2026-09-20T13:30:43Z","sec-exchange"
"YDKG","Yueda Digital Holding","NASDAQ",NA,"lab.Unmapped","2026-09-20T13:30:43Z","sec-exchange"
"LIMN","Liminatus Pharma, Inc.","NASDAQ",NA,"lab.Unmapped","2026-09-20T13:30:43Z","sec-exchange"
"SONM","DNA X, Inc.","NASDAQ",NA,"lab.Unmapped","2026-09-20T13:30:43Z","sec-exchange"
"NTCL","NetClass Technology Inc","NASDAQ",NA,"lab.Unmapped","2026-09-20T13:30:43Z","sec-exchange"
"MTR","MESA ROYALTY TRUST/TX","NYSE",NA,"lab.Unmapped","2026-09-20T13:30:43Z","sec-exchange"
"HYFM","HYDROFARM HOLDINGS GROUP, INC.","NASDAQ",NA,"lab.Unmapped","2026-09-20T13:30:43Z","sec-exchange"
"MLEC","Moolec Science SA","NASDAQ",NA,"lab.Unmapped","2026-09-20T13:30:43Z","sec-exchange"
"DFSC","DEFSEC Technologies Inc.","NASDAQ",NA,"lab.Unmapped","2026-09-20T13:30:43Z","sec-exchange"
"PMCB","PharmaCyte Biotech, Inc.","NASDAQ",NA,"lab.Unmapped","2026-09-20T13:30:43Z","sec-exchange"
"ABTS","Abits Group Inc","NASDAQ",NA,"lab.Unmapped","2026-09-20T13:30:43Z","sec-exchange"
"ERNA","Ernexa Therapeutics Inc.","NASDAQ",NA,"lab.Unmapped","2026-09-20T13:30:43Z","sec-exchange"
"FRSX","Foresight Autonomous Holdings Ltd.","NASDAQ",NA,"lab.Unmapped","2026-09-20T13:30:43Z","sec-exchange"
"LABT","Lakewood-Amedex Biotherapeutics Inc.","NASDAQ",NA,"lab.Unmapped","2026-09-20T13:30:43Z","sec-exchange"
"SCKT","SOCKET MOBILE, INC.","NASDAQ",NA,"lab.Unmapped","2026-09-20T13:30:43Z","sec-exchange"
"SNES","SenesTech, Inc.","NASDAQ",NA,"lab.Unmapped","2026-09-20T13:30:43Z","sec-exchange"
"RMSG","Real Messenger Corp","NASDAQ",NA,"lab.Unmapped","2026-09-20T13:30:43Z","sec-exchange"
"STFS","Star Fashion Culture Holdings Ltd","NASDAQ",NA,"lab.Unmapped","2026-09-20T13:30:43Z","sec-exchange"
"BRNX","BRENX LTD.","NASDAQ",NA,"lab.Unmapped","2026-09-20T13:30:43Z","sec-exchange"
"BGLC","BioNexus Gene Lab Corp","NASDAQ",NA,"lab.Unmapped","2026-09-20T13:30:43Z","sec-exchange"
"ATXG","ADDENTAX GROUP CORP.","NASDAQ",NA,"lab.Unmapped","2026-09-20T13:30:43Z","sec-exchange"
"LESL","Leslie's, Inc.","NASDAQ",NA,"lab.Unmapped","2026-09-20T13:30:43Z","sec-exchange"
"RENX","RenX Enterprises Corp.","NASDAQ",NA,"lab.Unmapped","2026-09-20T13:30:43Z","sec-exchange"
"MSGY","Masonglory Ltd","NASDAQ",NA,"lab.Unmapped","2026-09-20T13:30:43Z","sec-exchange"
"ADXN","Addex Therapeutics Ltd.","NASDAQ",NA,"lab.Unmapped","2026-09-20T13:30:43Z","sec-exchange"
"TGL","TREASURE GLOBAL INC","NASDAQ",NA,"lab.Unmapped","2026-09-20T13:30:43Z","sec-exchange"
"HIHO","HIGHWAY HOLDINGS LTD","NASDAQ",NA,"lab.Unmapped","2026-09-20T13:30:43Z","sec-exchange"
"NIKI","Niki BioSolutions, Inc.","NASDAQ",NA,"lab.Unmapped","2026-09-20T13:30:43Z","sec-exchange"
"INTJ","Intelligent Group Ltd","NASDAQ",NA,"lab.Unmapped","2026-09-20T13:30:43Z","sec-exchange"
"KUST","KUSTOM ENTERTAINMENT, INC.","NASDAQ",NA,"lab.Unmapped","2026-09-20T13:30:43Z","sec-exchange"
"NXL","Nexalin Technology, Inc.","NASDAQ",NA,"lab.Unmapped","2026-09-20T13:30:43Z","sec-exchange"
"TOPS","TOP SHIPS INC.","NYSE",NA,"lab.Unmapped","2026-09-20T13:30:43Z","sec-exchange"
"OMH","Ohmyhome Ltd","NASDAQ",NA,"lab.Unmapped","2026-09-20T13:30:43Z","sec-exchange"
"GRI","GRI Bio, Inc.","NASDAQ",NA,"lab.Unmapped","2026-09-20T13:30:43Z","sec-exchange"
"JUNS","JUPITER NEUROSCIENCES, INC.","NASDAQ",NA,"lab.Unmapped","2026-09-20T13:30:43Z","sec-exchange"
"CVKD","Cadrenal Therapeutics, Inc.","NASDAQ",NA,"lab.Unmapped","2026-09-20T13:30:43Z","sec-exchange"
"EJH","E-Home Household Service Holdings Ltd","NASDAQ",NA,"lab.Unmapped","2026-09-20T13:30:43Z","sec-exchange"
"CETX","CEMTREX INC","NASDAQ",NA,"lab.Unmapped","2026-09-20T13:30:43Z","sec-exchange"
"TOPP","Toppoint Holdings Inc.","NYSE",NA,"lab.Unmapped","2026-09-20T13:30:43Z","sec-exchange"
"NCPL","Netcapital Inc.","NASDAQ",NA,"lab.Unmapped","2026-09-20T13:30:43Z","sec-exchange"
"REVB","REVELATION BIOSCIENCES, INC.","NASDAQ",NA,"lab.Unmapped","2026-09-20T13:30:43Z","sec-exchange"
"ZBAO","Zhibao Technology Inc.","NASDAQ",NA,"lab.Unmapped","2026-09-20T13:30:43Z","sec-exchange"
"ELAB","PMGC Holdings Inc.","NASDAQ",NA,"lab.Unmapped","2026-09-20T13:30:43Z","sec-exchange"
"CAPS","Capstone Holding Corp.","NASDAQ",NA,"lab.Unmapped","2026-09-20T13:30:43Z","sec-exchange"
"NXAT","Nexus Advanced Technologies Inc.","NASDAQ",NA,"lab.Unmapped","2026-09-20T13:30:43Z","sec-exchange"
"TRNR","Interactive Strength, Inc.","NASDAQ",NA,"lab.Unmapped","2026-09-20T13:30:43Z","sec-exchange"
"GBR","New Concept Energy, Inc.","NYSE",NA,"lab.Unmapped","2026-09-20T13:30:43Z","sec-exchange"
"FMFC","Kandal M Venture Ltd","NASDAQ",NA,"lab.Unmapped","2026-09-20T13:30:43Z","sec-exchange"
"WLDS","Wearable Devices Ltd.","NASDAQ",NA,"lab.Unmapped","2026-09-20T13:30:43Z","sec-exchange"
"CDTG","CDT Environmental Technology Investment Holdings Ltd","NASDAQ",NA,"lab.Unmapped","2026-09-20T13:30:43Z","sec-exchange"
"IVDA","Iveda Solutions, Inc.","NASDAQ",NA,"lab.Unmapped","2026-09-20T13:30:43Z","sec-exchange"
"BRTX","BioRestorative Therapies, Inc.","NASDAQ",NA,"lab.Unmapped","2026-09-20T13:30:43Z","sec-exchange"
"BKYI","BIO KEY INTERNATIONAL INC","NASDAQ",NA,"lab.Unmapped","2026-09-20T13:30:43Z","sec-exchange"
"HCWB","HCW Biologics Inc.","NASDAQ",NA,"lab.Unmapped","2026-09-20T13:30:43Z","sec-exchange"
"RIME","Algorhythm Holdings, Inc.","NASDAQ",NA,"lab.Unmapped","2026-09-20T13:30:43Z","sec-exchange"
"MBIO","MUSTANG BIO, INC.","NASDAQ",NA,"lab.Unmapped","2026-09-20T13:30:43Z","sec-exchange"
"FCUV","FOCUS UNIVERSAL INC.","NASDAQ",NA,"lab.Unmapped","2026-09-20T13:30:43Z","sec-exchange"
"RDHL","RedHill Biopharma Ltd.","NASDAQ",NA,"lab.Unmapped","2026-09-20T13:30:43Z","sec-exchange"
"VVOS","Vivos Therapeutics, Inc.","NASDAQ",NA,"lab.Unmapped","2026-09-20T13:30:43Z","sec-exchange"
"SDST","Stardust Power Inc.","NASDAQ",NA,"lab.Unmapped","2026-09-20T13:30:43Z","sec-exchange"
"GOVX","GeoVax Labs, Inc.","NASDAQ",NA,"lab.Unmapped","2026-09-20T13:30:43Z","sec-exchange"
"PRFX","PRF Technologies Ltd.","NASDAQ",NA,"lab.Unmapped","2026-09-20T13:30:43Z","sec-exchange"
"VIVS","VivoSim Labs, INC.","NASDAQ",NA,"lab.Unmapped","2026-09-20T13:30:43Z","sec-exchange"
"CPOP","Pop Culture Group Co., Ltd","NASDAQ",NA,"lab.Unmapped","2026-09-20T13:30:43Z","sec-exchange"
"RDGT","Ridgetech Inc.","NASDAQ",NA,"lab.Unmapped","2026-09-20T13:30:43Z","sec-exchange"
"SBFM","Sunshine Biopharma Inc.","NASDAQ",NA,"lab.Unmapped","2026-09-20T13:30:43Z","sec-exchange"
"PAVS","Paranovus Entertainment Technology Ltd.","NASDAQ",NA,"lab.Unmapped","2026-09-20T13:30:43Z","sec-exchange"
"MASK","3 E Network Technology Group Ltd","NASDAQ",NA,"lab.Unmapped","2026-09-20T13:30:43Z","sec-exchange"
"ISPC","iSpecimen Inc.","NASDAQ",NA,"lab.Unmapped","2026-09-20T13:30:43Z","sec-exchange"
"GVH","Globavend Holdings Ltd","NASDAQ",NA,"lab.Unmapped","2026-09-20T13:30:43Z","sec-exchange"
"PARA","Banzai International, Inc.","NASDAQ",NA,"lab.Unmapped","2026-09-20T13:30:43Z","sec-exchange"
"ICON","Icon Energy Corp","NASDAQ",NA,"lab.Unmapped","2026-09-20T13:30:43Z","sec-exchange"
"TCRT","Alaunos Therapeutics, Inc.","NASDAQ",NA,"lab.Unmapped","2026-09-20T13:30:43Z","sec-exchange"
"INLF","INLIF Ltd","NASDAQ",NA,"lab.Unmapped","2026-09-20T13:30:43Z","sec-exchange"
"SXTP","60 DEGREES PHARMACEUTICALS, INC.","NASDAQ",NA,"lab.Unmapped","2026-09-20T13:30:43Z","sec-exchange"
"BOXL","Boxlight Corp","NASDAQ",NA,"lab.Unmapped","2026-09-20T13:30:43Z","sec-exchange"
"APVO","Aptevo Therapeutics Inc.","NASDAQ",NA,"lab.Unmapped","2026-09-20T13:30:43Z","sec-exchange"
"SXTC","China SXT Pharmaceuticals, Inc.","NASDAQ",NA,"lab.Unmapped","2026-09-20T13:30:43Z","sec-exchange"
"CLDI","Calidi Biotherapeutics, Inc.","NYSE",NA,"lab.Unmapped","2026-09-20T13:30:43Z","sec-exchange"
"NUWE","Nuwellis, Inc.","NASDAQ",NA,"lab.Unmapped","2026-09-20T13:30:43Z","sec-exchange"
"HTCR","HeartCore Enterprises, Inc.","NASDAQ",NA,"lab.Unmapped","2026-09-20T13:30:43Z","sec-exchange"
"XAIR","Beyond Air, Inc.","NASDAQ",NA,"lab.Unmapped","2026-09-20T13:30:43Z","sec-exchange"
"RBNE","Robin Energy Ltd.","NASDAQ",NA,"lab.Unmapped","2026-09-20T13:30:43Z","sec-exchange"
"XRTX","XORTX Therapeutics Inc.","NASDAQ",NA,"lab.Unmapped","2026-09-20T13:30:43Z","sec-exchange"
"MKZR","MacKenzie Realty Capital, Inc.","NASDAQ",NA,"lab.Unmapped","2026-09-20T13:30:43Z","sec-exchange"
"SILO","Silo Pharma, Inc.","NASDAQ",NA,"lab.Unmapped","2026-09-20T13:30:43Z","sec-exchange"
"LXEH","Lixiang Education Holding Co. Ltd.","NASDAQ",NA,"lab.Unmapped","2026-09-20T13:30:43Z","sec-exchange"
"OCG","Oriental Culture Holding LTD","NASDAQ",NA,"lab.Unmapped","2026-09-20T13:30:43Z","sec-exchange"
"CNEY","CN ENERGY GROUP. INC.","NASDAQ",NA,"lab.Unmapped","2026-09-20T13:30:43Z","sec-exchange"
"CHR","Cheer Holding, Inc.","NASDAQ",NA,"lab.Unmapped","2026-09-20T13:30:43Z","sec-exchange"
"ONCO","Onconetix, Inc.","NASDAQ",NA,"lab.Unmapped","2026-09-20T13:30:43Z","sec-exchange"
"CSAI","CLOUDASTRUCTURE, INC.","NASDAQ",NA,"lab.Unmapped","2026-09-20T13:30:43Z","sec-exchange"
"KXIN","Kaixin Holdings","NASDAQ",NA,"lab.Unmapped","2026-09-20T13:30:43Z","sec-exchange"
"AGMH","AGM GROUP HOLDINGS, INC.","NASDAQ",NA,"lab.Unmapped","2026-09-20T13:30:43Z","sec-exchange"
"CMND","Clearmind Medicine Inc.","NASDAQ",NA,"lab.Unmapped","2026-09-20T13:30:43Z","sec-exchange"
"ITP","IT TECH PACKAGING, INC.","NYSE",NA,"lab.Unmapped","2026-09-20T13:30:43Z","sec-exchange"
"TNON","Tenon Medical, Inc.","NASDAQ",NA,"lab.Unmapped","2026-09-20T13:30:43Z","sec-exchange"
"GNPX","Genprex, Inc.","NASDAQ",NA,"lab.Unmapped","2026-09-20T13:30:43Z","sec-exchange"
"CRIS","CURIS INC","NASDAQ",NA,"lab.Unmapped","2026-09-20T13:30:43Z","sec-exchange"
"EDBL","Edible Garden AG Inc","NASDAQ",NA,"lab.Unmapped","2026-09-20T13:30:43Z","sec-exchange"
"KIDZ","KIDZ AI Inc.","NASDAQ",NA,"lab.Unmapped","2026-09-20T13:30:43Z","sec-exchange"
"FLYE","Fly-E Group, Inc.","NASDAQ",NA,"lab.Unmapped","2026-09-20T13:30:43Z","sec-exchange"
"CDT","CDT Equity Inc.","NASDAQ",NA,"lab.Unmapped","2026-09-20T13:30:43Z","sec-exchange"
"SPRC","SciSparc Ltd.","NASDAQ",NA,"lab.Unmapped","2026-09-20T13:30:43Z","sec-exchange"
"JEM","707 Cayman Holdings Ltd.","NASDAQ",NA,"lab.Unmapped","2026-09-20T13:30:43Z","sec-exchange"
"PW","Power REIT","NYSE",NA,"lab.Unmapped","2026-09-20T13:30:43Z","sec-exchange"
"APUS","Apimeds Pharmaceuticals US, Inc.","NYSE",NA,"lab.Unmapped","2026-09-20T13:30:43Z","sec-exchange"
"VSME","VS MEDIA Holdings Ltd","NASDAQ",NA,"lab.Unmapped","2026-09-20T13:30:43Z","sec-exchange"
"PPBT","PURPLE BIOTECH LTD.","NASDAQ",NA,"lab.Unmapped","2026-09-20T13:30:43Z","sec-exchange"
"CHSN","Chanson International Holding","NASDAQ",NA,"lab.Unmapped","2026-09-20T13:30:43Z","sec-exchange"
"NXGL","NEXGEL, INC.","NASDAQ",NA,"lab.Unmapped","2026-09-20T13:30:43Z","sec-exchange"
"DBGI","Digital Brands Group, Inc.","NASDAQ",NA,"lab.Unmapped","2026-09-20T13:30:43Z","sec-exchange"
"RUBI","Rubico Inc.","NASDAQ",NA,"lab.Unmapped","2026-09-20T13:30:43Z","sec-exchange"
"ATPC","Agape ATP Corp","NASDAQ",NA,"lab.Unmapped","2026-09-20T13:30:43Z","sec-exchange"
"GSUN","Golden Sun Technology Group Ltd.","NASDAQ",NA,"lab.Unmapped","2026-09-20T13:30:43Z","sec-exchange"
"IVF","INVO Fertility, Inc.","NASDAQ",NA,"lab.Unmapped","2026-09-20T13:30:43Z","sec-exchange"
"MTNB","Matinas BioPharma Holdings, Inc.","NYSE",NA,"lab.Unmapped","2026-09-20T13:30:43Z","sec-exchange"
"RAYA","Erayak Power Solution Group Inc.","NASDAQ",NA,"lab.Unmapped","2026-09-20T13:30:43Z","sec-exchange"
"ELPW","Elong Power Holding Ltd.","NASDAQ",NA,"lab.Unmapped","2026-09-20T13:30:43Z","sec-exchange"
"CHGA","Change Agents Corporation.","NASDAQ",NA,"lab.Unmapped","2026-09-20T13:30:43Z","sec-exchange"
"CIIT","Tianci International, Inc.","NASDAQ",NA,"lab.Unmapped","2026-09-20T13:30:43Z","sec-exchange"
"OGEN","ORAGENICS INC","NYSE",NA,"lab.Unmapped","2026-09-20T13:30:43Z","sec-exchange"
"GWAV","Greenwave Technology Solutions, Inc.","NASDAQ",NA,"lab.Unmapped","2026-09-20T13:30:43Z","sec-exchange"
"SSM","Sono Group N.V.","NASDAQ",NA,"lab.Unmapped","2026-09-20T13:30:43Z","sec-exchange"
"EZRA","Reliance Global Group, Inc.","NASDAQ",NA,"lab.Unmapped","2026-09-20T13:30:43Z","sec-exchange"
"SHFS","SHF Holdings, Inc.","NASDAQ",NA,"lab.Unmapped","2026-09-20T13:30:43Z","sec-exchange"
"STKH","Steakholder Foods Ltd.","NASDAQ",NA,"lab.Unmapped","2026-09-20T13:30:43Z","sec-exchange"
"SLXN","Silexion Therapeutics Corp","NASDAQ",NA,"lab.Unmapped","2026-09-20T13:30:43Z","sec-exchange"
"ARTL","ARTELO BIOSCIENCES, INC.","NASDAQ",NA,"lab.Unmapped","2026-09-20T13:30:43Z","sec-exchange"
"IPST","IP STRATEGY HOLDINGS, INC.","NASDAQ",NA,"lab.Unmapped","2026-09-20T13:30:43Z","sec-exchange"
"ONFO","Onfolio Holdings, Inc","NASDAQ",NA,"lab.Unmapped","2026-09-20T13:30:43Z","sec-exchange"
"VRAX","Virax Biolabs Group Ltd","NASDAQ",NA,"lab.Unmapped","2026-09-20T13:30:43Z","sec-exchange"
"WETO","Wetour Robotics Ltd","NASDAQ",NA,"lab.Unmapped","2026-09-20T13:30:43Z","sec-exchange"
"JTAI","Jet.AI Inc.","NASDAQ",NA,"lab.Unmapped","2026-09-20T13:30:43Z","sec-exchange"
"NXTS","Nexentis Technologies Inc.","NASDAQ",NA,"lab.Unmapped","2026-09-20T13:30:43Z","sec-exchange"
"VBIO","Valion Bio, Inc.","NASDAQ",NA,"lab.Unmapped","2026-09-20T13:30:43Z","sec-exchange"
"SQFT","Presidio Property Trust, Inc.","NASDAQ",NA,"lab.Unmapped","2026-09-20T13:30:43Z","sec-exchange"
"SHPH","Shuttle Pharmaceuticals Holdings, Inc.","NASDAQ",NA,"lab.Unmapped","2026-09-20T13:30:43Z","sec-exchange"
"GCTK","Glucotrack, Inc.","NASDAQ",NA,"lab.Unmapped","2026-09-20T13:30:43Z","sec-exchange"
"IBG","Innovation Beverage Group Ltd","NASDAQ",NA,"lab.Unmapped","2026-09-20T13:30:43Z","sec-exchange"
"BYAH","Park Ha Biological Technology Co., Ltd.","NASDAQ",NA,"lab.Unmapped","2026-09-20T13:30:43Z","sec-exchange"
"DCOY","Decoy Therapeutics Inc.","NASDAQ",NA,"lab.Unmapped","2026-09-20T13:30:43Z","sec-exchange"
"EDVA","Endovia Health Sciences, Inc.","NYSE",NA,"lab.Unmapped","2026-09-20T13:30:43Z","sec-exchange"
"RNAZ","Transcode Therapeutics, Inc.","NASDAQ",NA,"lab.Unmapped","2026-09-20T13:30:43Z","sec-exchange"
"OIG","Orion180 Insurance Group Inc.","NASDAQ",NA,"lab.Unmapped","2026-09-20T13:30:43Z","sec-exchange"
"IMTE","Integrated Media Technology Ltd","NASDAQ",NA,"lab.Unmapped","2026-09-20T13:30:43Z","sec-exchange"
"VIVK","Vivakor, Inc.","NASDAQ",NA,"lab.Unmapped","2026-09-20T13:30:43Z","sec-exchange"
"IPW","iPower Inc.","NASDAQ",NA,"lab.Unmapped","2026-09-20T13:30:43Z","sec-exchange"
"GNLN","Greenlane Holdings, Inc.","NASDAQ",NA,"lab.Unmapped","2026-09-20T13:30:43Z","sec-exchange"
"RETO","ReTo Eco-Solutions, Inc.","NASDAQ",NA,"lab.Unmapped","2026-09-20T13:30:43Z","sec-exchange"
"MNDR","Mobile-health Network Solutions","NASDAQ",NA,"lab.Unmapped","2026-09-20T13:30:43Z","sec-exchange"
"YHC","LQR House Inc.","NASDAQ",NA,"lab.Unmapped","2026-09-20T13:30:43Z","sec-exchange"
"PWCM","POWERCOMPUTE, INC.","NASDAQ",NA,"lab.Unmapped","2026-09-20T13:30:43Z","sec-exchange"
"JZ","Jianzhi Education Technology Group Co Ltd","NASDAQ",NA,"lab.Unmapped","2026-09-20T13:30:43Z","sec-exchange"
"IPDN","Professional Diversity Network, Inc.","NASDAQ",NA,"lab.Unmapped","2026-09-20T13:30:43Z","sec-exchange"
"LNKS","Linkers Industries Ltd","NASDAQ",NA,"lab.Unmapped","2026-09-20T13:30:43Z","sec-exchange"
"AKAN","AKANDA CORP.","NASDAQ",NA,"lab.Unmapped","2026-09-20T13:30:43Z","sec-exchange"
"PMAX","Powell Max Ltd","NASDAQ",NA,"lab.Unmapped","2026-09-20T13:30:43Z","sec-exchange"
"DXF","Eason Technology Ltd","NYSE",NA,"lab.Unmapped","2026-09-20T13:30:43Z","sec-exchange"
"NIVF","NewGenIvf Group Ltd","NASDAQ",NA,"lab.Unmapped","2026-09-20T13:30:43Z","sec-exchange"
"OFAL","OFA Group","NASDAQ",NA,"lab.Unmapped","2026-09-20T13:30:43Z","sec-exchange"
"PPCB","Propanc Biopharma, Inc.","NASDAQ",NA,"lab.Unmapped","2026-09-20T13:30:43Z","sec-exchange"
"DRCT","Direct Digital Holdings, Inc.","NASDAQ",NA,"lab.Unmapped","2026-09-20T13:30:43Z","sec-exchange"
"SNYR","Synergy CHC Corp.","NASDAQ",NA,"lab.Unmapped","2026-09-20T13:30:43Z","sec-exchange"
"WHLR","Wheeler Real Estate Investment Trust, Inc.","NASDAQ",NA,"lab.Unmapped","2026-09-20T13:30:43Z","sec-exchange"
"SMTK","SmartKem, Inc.","NASDAQ",NA,"lab.Unmapped","2026-09-20T13:30:43Z","sec-exchange"
"BBLG","Bone Biologics Corp","NASDAQ",NA,"lab.Unmapped","2026-09-20T13:30:43Z","sec-exchange"
"ZNB","Zeta Network Group","NASDAQ",NA,"lab.Unmapped","2026-09-20T13:30:43Z","sec-exchange"
"SGRX","SANGRIX INC.","NASDAQ",NA,"lab.Unmapped","2026-09-20T13:30:43Z","sec-exchange"
"OLOX","OLENOX INDUSTRIES INC.","NASDAQ",NA,"lab.Unmapped","2026-09-20T13:30:43Z","sec-exchange"
"FCHL","Fitness Champs Holdings Ltd","NASDAQ",NA,"lab.Unmapped","2026-09-20T13:30:43Z","sec-exchange"
"MSS","Maison Solutions Inc.","NASDAQ",NA,"lab.Unmapped","2026-09-20T13:30:43Z","sec-exchange"
"MYSZ","My Size, Inc.","NASDAQ",NA,"lab.Unmapped","2026-09-20T13:30:43Z","sec-exchange"
"XXII","22nd Century Group, Inc.","NASDAQ",NA,"lab.Unmapped","2026-09-20T13:30:43Z","sec-exchange"
"GIPR","GENERATION INCOME PROPERTIES, INC.","NASDAQ",NA,"lab.Unmapped","2026-09-20T13:30:43Z","sec-exchange"
"SUGP","SU Group Holdings Ltd","NASDAQ",NA,"lab.Unmapped","2026-09-20T13:30:43Z","sec-exchange"
"RKDA","Arcadia Biosciences, Inc.","NASDAQ",NA,"lab.Unmapped","2026-09-20T13:30:43Z","sec-exchange"
"SCNI","Scinai Immunotherapeutics Ltd.","NASDAQ",NA,"lab.Unmapped","2026-09-20T13:30:43Z","sec-exchange"
"SOBR","SOBR Safe, Inc.","NASDAQ",NA,"lab.Unmapped","2026-09-20T13:30:43Z","sec-exchange"
"PFSA","Profusa, Inc.","NASDAQ",NA,"lab.Unmapped","2026-09-20T13:30:43Z","sec-exchange"
"AMZE","AMAZE HOLDINGS, INC.","NYSE",NA,"lab.Unmapped","2026-09-20T13:30:43Z","sec-exchange"
"VCIG","VCI Global Ltd","NASDAQ",NA,"lab.Unmapped","2026-09-20T13:30:43Z","sec-exchange"
"HAO","Haoxi Health Technology Ltd","NASDAQ",NA,"lab.Unmapped","2026-09-20T13:30:43Z","sec-exchange"
"IMCC","IM Cannabis Corp.","NASDAQ",NA,"lab.Unmapped","2026-09-20T13:30:43Z","sec-exchange"
"JAGX","Jaguar Health, Inc.","NASDAQ",NA,"lab.Unmapped","2026-09-20T13:30:43Z","sec-exchange"
"YMT","Yimutian Inc.","NASDAQ",NA,"lab.Unmapped","2026-09-20T13:30:43Z","sec-exchange"
"FEED","ENvue Medical, Inc.","NASDAQ",NA,"lab.Unmapped","2026-09-20T13:30:43Z","sec-exchange"
"NEXR","Nexera Technologies Ltd","NASDAQ",NA,"lab.Unmapped","2026-09-20T13:30:43Z","sec-exchange"
"BJDX","Bluejay Diagnostics, Inc.","NASDAQ",NA,"lab.Unmapped","2026-09-20T13:30:43Z","sec-exchange"
"BDRX","Biodexa Pharmaceuticals Plc","NASDAQ",NA,"lab.Unmapped","2026-09-20T13:30:43Z","sec-exchange"
"TRUG","TruGolf Holdings, Inc.","NASDAQ",NA,"lab.Unmapped","2026-09-20T13:30:43Z","sec-exchange"
"IZM","ICZOOM Group Inc.","NASDAQ",NA,"lab.Unmapped","2026-09-20T13:30:43Z","sec-exchange"
"FRGT","Freight Technologies, Inc.","NASDAQ",NA,"lab.Unmapped","2026-09-20T13:30:43Z","sec-exchange"
"RCON","Recon Technology, Ltd","NASDAQ",NA,"lab.Unmapped","2026-09-20T13:30:43Z","sec-exchange"
"VTAK","Catheter Precision, Inc.","NYSE",NA,"lab.Unmapped","2026-09-20T13:30:43Z","sec-exchange"
"MI","NFT Ltd","NYSE",NA,"lab.Unmapped","2026-09-20T13:30:43Z","sec-exchange"
"CISS","C3is Inc.","NASDAQ",NA,"lab.Unmapped","2026-09-20T13:30:43Z","sec-exchange"
"GMEX","GMEX Robotics Corp","NASDAQ",NA,"lab.Unmapped","2026-09-20T13:30:43Z","sec-exchange"
"LGHL","Lion Group Holding Ltd","NASDAQ",NA,"lab.Unmapped","2026-09-20T13:30:43Z","sec-exchange"
"AIXI","Xiao-I Corp","NASDAQ",NA,"lab.Unmapped","2026-09-20T13:30:43Z","sec-exchange"
"CTNT","CHEETAH NET SUPPLY CHAIN SERVICE INC.","NASDAQ",NA,"lab.Unmapped","2026-09-20T13:30:43Z","sec-exchange"
"MGN","Megan Holdings Ltd.","NASDAQ",NA,"lab.Unmapped","2026-09-20T13:30:43Z","sec-exchange"
"FGL","Founder Group Ltd","NASDAQ",NA,"lab.Unmapped","2026-09-20T13:30:43Z","sec-exchange"
"YYAI","AIRWA INC.","NASDAQ",NA,"lab.Unmapped","2026-09-20T13:30:43Z","sec-exchange"
"LBGJ","Li Bang International Corp Inc.","NASDAQ",NA,"lab.Unmapped","2026-09-20T13:30:43Z","sec-exchange"
"EAI","ENTERGY ARKANSAS, LLC","NYSE",NA,"lab.Unmapped","2026-09-20T13:30:43Z","sec-exchange"
"BDL","FLANIGANS ENTERPRISES INC","NYSE",NA,"lab.Unmapped","2026-09-20T13:30:43Z","sec-exchange"
"CET","CENTRAL SECURITIES CORP","NYSE",NA,"lab.Unmapped","2026-09-20T13:30:43Z","sec-exchange"
"CMC","COMMERCIAL METALS Co","NYSE",NA,"lab.Unmapped","2026-09-20T13:30:43Z","sec-exchange"
"DCI","DONALDSON Co INC","NYSE",NA,"lab.Unmapped","2026-09-20T13:30:43Z","sec-exchange"
"EBF","ENNIS, INC.","NYSE",NA,"lab.Unmapped","2026-09-20T13:30:43Z","sec-exchange"
"ESP","ESPEY MFG & ELECTRONICS CORP","NYSE",NA,"lab.Unmapped","2026-09-20T13:30:43Z","sec-exchange"
"GPJA","GEORGIA POWER CO","NYSE",NA,"lab.Unmapped","2026-09-20T13:30:43Z","sec-exchange"
"IMO","IMPERIAL OIL LTD","NYSE",NA,"lab.Unmapped","2026-09-20T13:30:43Z","sec-exchange"
"MCY","MERCURY GENERAL CORP","NYSE",NA,"lab.Unmapped","2026-09-20T13:30:43Z","sec-exchange"
"MSB","MESABI TRUST","NYSE",NA,"lab.Unmapped","2026-09-20T13:30:43Z","sec-exchange"
"MXC","MEXCO ENERGY CORP","NYSE",NA,"lab.Unmapped","2026-09-20T13:30:43Z","sec-exchange"
"EMP","ENTERGY MISSISSIPPI, LLC","NYSE",NA,"lab.Unmapped","2026-09-20T13:30:43Z","sec-exchange"
"NRUC","NATIONAL RURAL UTILITIES COOPERATIVE FINANCE CORP /DC/","NYSE",NA,"lab.Unmapped","2026-09-20T13:30:43Z","sec-exchange"
"ENJ","ENTERGY NEW ORLEANS, LLC","NYSE",NA,"lab.Unmapped","2026-09-20T13:30:43Z","sec-exchange"
"NL","NLI HOLDINGS, INC.","NYSE",NA,"lab.Unmapped","2026-09-20T13:30:43Z","sec-exchange"
"ODC","Oil-Dri Corp of America","NYSE",NA,"lab.Unmapped","2026-09-20T13:30:43Z","sec-exchange"
"PHI","PLDT Inc.","NYSE",NA,"lab.Unmapped","2026-09-20T13:30:43Z","sec-exchange"
"SIF","SIFCO INDUSTRIES INC","NYSE",NA,"lab.Unmapped","2026-09-20T13:30:43Z","sec-exchange"
"SOR","SOURCE CAPITAL /DE/","NYSE",NA,"lab.Unmapped","2026-09-20T13:30:43Z","sec-exchange"
"UUU","UNIVERSAL SAFETY PRODUCTS, INC.","NYSE",NA,"lab.Unmapped","2026-09-20T13:30:43Z","sec-exchange"
"WMK","WEIS MARKETS INC","NYSE",NA,"lab.Unmapped","2026-09-20T13:30:43Z","sec-exchange"
"CMS-PB","CONSUMERS ENERGY CO","NYSE",NA,"lab.Unmapped","2026-09-20T13:30:43Z","sec-exchange"
"ITT","ITT INC.","NYSE",NA,"lab.Unmapped","2026-09-20T13:30:43Z","sec-exchange"
"SJT","SAN JUAN BASIN ROYALTY TRUST","NYSE",NA,"lab.Unmapped","2026-09-20T13:30:43Z","sec-exchange"
"RGS","REGIS CORP","NASDAQ",NA,"lab.Unmapped","2026-09-20T13:30:43Z","sec-exchange"
"TRT","TRIO-TECH INTERNATIONAL","NASDAQ",NA,"lab.Unmapped","2026-09-20T13:30:43Z","sec-exchange"
"JHI","JOHN HANCOCK INVESTORS TRUST","NYSE",NA,"lab.Unmapped","2026-09-20T13:30:43Z","sec-exchange"
"DSS","DSS, INC.","NYSE",NA,"lab.Unmapped","2026-09-20T13:30:43Z","sec-exchange"
"VGZ","VISTA GOLD CORP","NYSE",NA,"lab.Unmapped","2026-09-20T13:30:43Z","sec-exchange"
"USA","LIBERTY ALL STAR EQUITY FUND","NYSE",NA,"lab.Unmapped","2026-09-20T13:30:43Z","sec-exchange"
"HQH","abrdn Healthcare Investors","NYSE",NA,"lab.Unmapped","2026-09-20T13:30:43Z","sec-exchange"
"CIK","CREDIT SUISSE ASSET MANAGEMENT INCOME FUND, INC.","NYSE",NA,"lab.Unmapped","2026-09-20T13:30:43Z","sec-exchange"
"MGF","ABERDEEN GOVERNMENT MARKETS INCOME FUND","NYSE",NA,"lab.Unmapped","2026-09-20T13:30:43Z","sec-exchange"
"NNY","NUVEEN NEW YORK MUNICIPAL VALUE FUND","NYSE",NA,"lab.Unmapped","2026-09-20T13:30:43Z","sec-exchange"
"NCA","NUVEEN CALIFORNIA MUNICIPAL VALUE FUND","NYSE",NA,"lab.Unmapped","2026-09-20T13:30:43Z","sec-exchange"
"CHSCP","CHS INC","NASDAQ",NA,"lab.Unmapped","2026-09-20T13:30:43Z","sec-exchange"
"MIN","ABERDEEN INTERMEDIATE INCOME FUND","NYSE",NA,"lab.Unmapped","2026-09-20T13:30:43Z","sec-exchange"
"PPT","FRANKLIN PREMIER INCOME TRUST","NYSE",NA,"lab.Unmapped","2026-09-20T13:30:43Z","sec-exchange"
"NMI","NUVEEN MUNICIPAL INCOME FUND INC","NYSE",NA,"lab.Unmapped","2026-09-20T13:30:43Z","sec-exchange"
"FT","FRANKLIN UNIVERSAL TRUST","NYSE",NA,"lab.Unmapped","2026-09-20T13:30:43Z","sec-exchange"
"WDS","WOODSIDE ENERGY GROUP LTD","NYSE",NA,"lab.Unmapped","2026-09-20T13:30:43Z","sec-exchange"
"VLT","Invesco High Income Trust II","NYSE",NA,"lab.Unmapped","2026-09-20T13:30:43Z","sec-exchange"
"PDT","JOHN HANCOCK PREMIUM DIVIDEND FUND","NYSE",NA,"lab.Unmapped","2026-09-20T13:30:43Z","sec-exchange"
"JOF","JAPAN SMALLER CAPITALIZATION FUND INC","NYSE",NA,"lab.Unmapped","2026-09-20T13:30:43Z","sec-exchange"
"CEE","CENTRAL & EASTERN EUROPE FUND, INC.","NYSE",NA,"lab.Unmapped","2026-09-20T13:30:43Z","sec-exchange"
"AZO","AUTOZONE INC","NYSE",NA,"retail.Brick_Mortar","2026-09-20T13:30:43Z","sec-exchange"
"VKQ","Invesco Municipal Trust","NYSE",NA,"lab.Unmapped","2026-09-20T13:30:43Z","sec-exchange"
"PFO","Flaherty & Crumrine PREFERRED & INCOME OPPORTUNITY FUND INC","NYSE",NA,"lab.Unmapped","2026-09-20T13:30:43Z","sec-exchange"
"MYI","BLACKROCK MUNIYIELD QUALITY FUND III, INC.","NYSE",NA,"lab.Unmapped","2026-09-20T13:30:43Z","sec-exchange"
"NXP","NUVEEN SELECT TAX FREE INCOME PORTFOLIO","NYSE",NA,"lab.Unmapped","2026-09-20T13:30:43Z","sec-exchange"
"HQL","abrdn Life Sciences Investors","NYSE",NA,"lab.Unmapped","2026-09-20T13:30:43Z","sec-exchange"
"VMO","Invesco Municipal Opportunity Trust","NYSE",NA,"lab.Unmapped","2026-09-20T13:30:43Z","sec-exchange"
"IQI","Invesco Quality Municipal Income Trust","NYSE",NA,"lab.Unmapped","2026-09-20T13:30:43Z","sec-exchange"
"FC","FRANKLIN COVEY CO","NYSE",NA,"lab.Unmapped","2026-09-20T13:30:43Z","sec-exchange"
"CCU","UNITED BREWERIES CO INC","NYSE",NA,"lab.Unmapped","2026-09-20T13:30:43Z","sec-exchange"
"BLX","BLADEX, INC.","NYSE",NA,"lab.Unmapped","2026-09-20T13:30:43Z","sec-exchange"
"NAZ","NUVEEN ARIZONA QUALITY MUNICIPAL INCOME FUND","NYSE",NA,"lab.Unmapped","2026-09-20T13:30:43Z","sec-exchange"
"VPV","Invesco Pennsylvania Value Municipal Income Trust","NYSE",NA,"lab.Unmapped","2026-09-20T13:30:43Z","sec-exchange"
"NMT","NUVEEN MASSACHUSETTS QUALITY MUNICIPAL INCOME FUND","NYSE",NA,"lab.Unmapped","2026-09-20T13:30:43Z","sec-exchange"
"PMO","FRANKLIN MUNICIPAL OPPORTUNITIES TRUST","NYSE",NA,"lab.Unmapped","2026-09-20T13:30:43Z","sec-exchange"
"HIO","WESTERN ASSET HIGH INCOME OPPORTUNITY FUND INC.","NYSE",NA,"lab.Unmapped","2026-09-20T13:30:43Z","sec-exchange"
"KOF","COCA COLA FEMSA SAB DE CV","NYSE",NA,"lab.Unmapped","2026-09-20T13:30:43Z","sec-exchange"
"RCG","RENN Fund, Inc.","NYSE",NA,"lab.Unmapped","2026-09-20T13:30:43Z","sec-exchange"
"DIT","AMCON DISTRIBUTING CO","NYSE",NA,"lab.Unmapped","2026-09-20T13:30:43Z","sec-exchange"
"TEO","TELECOM ARGENTINA SA","NYSE",NA,"lab.Unmapped","2026-09-20T13:30:43Z","sec-exchange"
"CYD","CHINA YUCHAI INTERNATIONAL LTD","NYSE",NA,"lab.Unmapped","2026-09-20T13:30:43Z","sec-exchange"
"ICL","ICL Group Ltd.","NYSE",NA,"lab.Unmapped","2026-09-20T13:30:43Z","sec-exchange"
"MSM","MSC INDUSTRIAL DIRECT CO INC","NYSE",NA,"lab.Unmapped","2026-09-20T13:30:43Z","sec-exchange"
"IDT","IDT CORP","NYSE",NA,"lab.Unmapped","2026-09-20T13:30:43Z","sec-exchange"
"MHD","BLACKROCK MUNIHOLDINGS FUND, INC.","NYSE",NA,"lab.Unmapped","2026-09-20T13:30:43Z","sec-exchange"
"TSM","TAIWAN SEMICONDUCTOR MANUFACTURING CO LTD","NYSE",NA,"lab.Unmapped","2026-09-20T13:30:43Z","sec-exchange"
"LTM","LATAM AIRLINES GROUP S.A.","NYSE",NA,"lab.Unmapped","2026-09-20T13:30:43Z","sec-exchange"
"MUJ","BLACKROCK MUNIHOLDINGS NEW JERSEY QUALITY FUND, INC.","NYSE",NA,"lab.Unmapped","2026-09-20T13:30:43Z","sec-exchange"
"DHY","CREDIT SUISSE HIGH YIELD CREDIT FUND","NYSE",NA,"lab.Unmapped","2026-09-20T13:30:43Z","sec-exchange"
"NAC","Nuveen California Quality Municipal Income Fund","NYSE",NA,"lab.Unmapped","2026-09-20T13:30:43Z","sec-exchange"
"SVA","SINOVAC BIOTECH LTD","NASDAQ",NA,"lab.Unmapped","2026-09-20T13:30:43Z","sec-exchange"
"ARL","AMERICAN REALTY INVESTORS INC","NYSE",NA,"lab.Unmapped","2026-09-20T13:30:43Z","sec-exchange"
"ASR","SOUTHEAST AIRPORT GROUP","NYSE",NA,"lab.Unmapped","2026-09-20T13:30:43Z","sec-exchange"
"THM","INTERNATIONAL TOWER HILL MINES LTD","NYSE",NA,"lab.Unmapped","2026-09-20T13:30:43Z","sec-exchange"
"PCQ","PIMCO CALIFORNIA MUNICIPAL INCOME FUND","NYSE",NA,"lab.Unmapped","2026-09-20T13:30:43Z","sec-exchange"
"JRS","NUVEEN REAL ESTATE INCOME FUND","NYSE",NA,"lab.Unmapped","2026-09-20T13:30:43Z","sec-exchange"
"BHK","BLACKROCK CORE BOND TRUST","NYSE",NA,"lab.Unmapped","2026-09-20T13:30:43Z","sec-exchange"
"AFB","ALLIANCEBERNSTEIN NATIONAL MUNICIPAL INCOME FUND","NYSE",NA,"lab.Unmapped","2026-09-20T13:30:43Z","sec-exchange"
"WEA","WESTERN ASSET PREMIER BOND FUND","NYSE",NA,"lab.Unmapped","2026-09-20T13:30:43Z","sec-exchange"
"BHV","BLACKROCK VIRGINIA MUNICIPAL BOND TRUST","NYSE",NA,"lab.Unmapped","2026-09-20T13:30:43Z","sec-exchange"
"PML","PIMCO MUNICIPAL INCOME FUND II","NYSE",NA,"lab.Unmapped","2026-09-20T13:30:43Z","sec-exchange"
"NRP","NATURAL RESOURCE PARTNERS LP","NYSE",NA,"lab.Unmapped","2026-09-20T13:30:43Z","sec-exchange"
"HPI","JOHN HANCOCK PREFERRED INCOME FUND","NYSE",NA,"lab.Unmapped","2026-09-20T13:30:43Z","sec-exchange"
"SNX","TD SYNNEX CORP","NYSE",NA,"lab.Unmapped","2026-09-20T13:30:43Z","sec-exchange"
"NBH","NEUBERGER MUNICIPAL FUND INC.","NYSE",NA,"lab.Unmapped","2026-09-20T13:30:43Z","sec-exchange"
"SPCX","SPACE EXPLORATION TECHNOLOGIES CORP","NASDAQ",NA,"lab.Unmapped","2026-09-20T13:30:43Z","sec-exchange"
"NCV","Virtus Convertible & Income Fund","NYSE",NA,"lab.Unmapped","2026-09-20T13:30:43Z","sec-exchange"
"AVK","ADVENT CONVERTIBLE & INCOME FUND","NYSE",NA,"lab.Unmapped","2026-09-20T13:30:43Z","sec-exchange"
"GLD","SPDR GOLD TRUST","NYSE",NA,"lab.Unmapped","2026-09-20T13:30:43Z","sec-exchange"
"EVV","Eaton Vance Ltd Duration Income Fund","NYSE",NA,"lab.Unmapped","2026-09-20T13:30:43Z","sec-exchange"
"JQC","Nuveen Credit Strategies Income Fund","NYSE",NA,"lab.Unmapped","2026-09-20T13:30:43Z","sec-exchange"
"EMD","WESTERN ASSET EMERGING MARKETS DEBT FUND INC.","NYSE",NA,"lab.Unmapped","2026-09-20T13:30:43Z","sec-exchange"
"FTF","FRANKLIN LTD DURATION INCOME TRUST","NYSE",NA,"lab.Unmapped","2026-09-20T13:30:43Z","sec-exchange"
"FRA","BLACKROCK FLOATING RATE INCOME STRATEGIES FUND, INC.","NYSE",NA,"lab.Unmapped","2026-09-20T13:30:43Z","sec-exchange"
"IPB","MERRILL LYNCH DEPOSITOR INC INDEXPLUS TRUST SERIES 2003-1","NYSE",NA,"lab.Unmapped","2026-09-20T13:30:43Z","sec-exchange"
"WIW","WESTERN ASSET INFLATION-LINKED OPPORTUNITIES & INCOME FUND","NYSE",NA,"lab.Unmapped","2026-09-20T13:30:43Z","sec-exchange"
"TYG","TORTOISE ENERGY INFRASTRUCTURE CORP","NYSE",NA,"lab.Unmapped","2026-09-20T13:30:43Z","sec-exchange"
"UTF","COHEN & STEERS INFRASTRUCTURE FUND INC","NYSE",NA,"lab.Unmapped","2026-09-20T13:30:43Z","sec-exchange"
"JFR","NUVEEN FLOATING RATE INCOME FUND","NYSE",NA,"lab.Unmapped","2026-09-20T13:30:43Z","sec-exchange"
"IAU","ISHARES GOLD TRUST","NYSE",NA,"lab.Unmapped","2026-09-20T13:30:43Z","sec-exchange"
"ERH","ALLSPRING UTILITIES & HIGH INCOME FUND","NYSE",NA,"lab.Unmapped","2026-09-20T13:30:43Z","sec-exchange"
"KTN","STRUCTURED PRODUCTS CORP CRED ENHANCE CORTS TR FOR AON CAP A","NYSE",NA,"lab.Unmapped","2026-09-20T13:30:43Z","sec-exchange"
"KTH","STRUCTURED PRODUCTS CORP CORTS TR FOR PECO ENERGY CAP TR III","NYSE",NA,"lab.Unmapped","2026-09-20T13:30:43Z","sec-exchange"
"JBK","LEHMAN ABS CORP GOLDMAN SACHS CAP 1 SEC BACKED SER 2004-6","NYSE",NA,"lab.Unmapped","2026-09-20T13:30:43Z","sec-exchange"
"GJH","STRATS SM TRUST FOR U S CELL CORP SEC SERIES 2004 6","NYSE",NA,"lab.Unmapped","2026-09-20T13:30:43Z","sec-exchange"
"EVG","Eaton Vance Short Duration Diversified Income Fund","NYSE",NA,"lab.Unmapped","2026-09-20T13:30:43Z","sec-exchange"
"EFT","Eaton Vance Floating-Rate Income Trust","NYSE",NA,"lab.Unmapped","2026-09-20T13:30:43Z","sec-exchange"
"PYT","PPLUS Trust Series GSC-2","NYSE",NA,"lab.Unmapped","2026-09-20T13:30:43Z","sec-exchange"
"GGN","GAMCO Global Gold, Natural Resources & Income Trust","NYSE",NA,"lab.Unmapped","2026-09-20T13:30:43Z","sec-exchange"
"BME","BlackRock Health Sciences Trust","NYSE",NA,"lab.Unmapped","2026-09-20T13:30:43Z","sec-exchange"
"GLQ","Clough Global Equity Fund","NYSE",NA,"lab.Unmapped","2026-09-20T13:30:43Z","sec-exchange"
"BOE","BlackRock Enhanced Global Dividend Trust","NYSE",NA,"lab.Unmapped","2026-09-20T13:30:43Z","sec-exchange"
"GAIN","GLADSTONE INVESTMENT CORPORATIONDE","NASDAQ",NA,"lab.Unmapped","2026-09-20T13:30:43Z","sec-exchange"
"USO","United States Oil Fund, LP","NYSE",NA,"lab.Unmapped","2026-09-20T13:30:43Z","sec-exchange"
"DBC","Invesco DB Commodity Index Tracking Fund","NYSE",NA,"lab.Unmapped","2026-09-20T13:30:43Z","sec-exchange"
"FXE","Invesco CurrencyShares Euro Trust","NYSE",NA,"lab.Unmapped","2026-09-20T13:30:43Z","sec-exchange"
"SLV","iShares Silver Trust","NYSE",NA,"lab.Unmapped","2026-09-20T13:30:43Z","sec-exchange"
"GSG","iShares S&P GSCI Commodity-Indexed Trust","NYSE",NA,"lab.Unmapped","2026-09-20T13:30:43Z","sec-exchange"
"IGA","Voya Global Advantage & Premium Opportunity Fund","NYSE",NA,"lab.Unmapped","2026-09-20T13:30:43Z","sec-exchange"
"ETY","Eaton Vance Tax-Managed Diversified Equity Income Fund","NYSE",NA,"lab.Unmapped","2026-09-20T13:30:43Z","sec-exchange"
"GJO","STRATS SM TRUST FOR WAL-MART STORES, INC. SECURITIES, SERIES 2005-4","NYSE",NA,"lab.Unmapped","2026-09-20T13:30:43Z","sec-exchange"
"TX","Ternium S.A.","NYSE",NA,"lab.Unmapped","2026-09-20T13:30:43Z","sec-exchange"
"GJP","STRATS(SM) TRUST FOR DOMINION RESOURCES, INC. SECURITIES, SERIES 2005-6","NYSE",NA,"lab.Unmapped","2026-09-20T13:30:43Z","sec-exchange"
"ELC","ENTERGY LOUISIANA, LLC","NYSE",NA,"lab.Unmapped","2026-09-20T13:30:43Z","sec-exchange"
"ASTI","Ascent Solar Technologies, Inc.","NASDAQ",NA,"lab.Unmapped","2026-09-20T13:30:43Z","sec-exchange"
"GLO","Clough Global Opportunities Fund","NYSE",NA,"lab.Unmapped","2026-09-20T13:30:43Z","sec-exchange"
"GJR","STRATS(SM) Trust for Procter & Gamble Securities, Series 2006-1","NYSE",NA,"lab.Unmapped","2026-09-20T13:30:43Z","sec-exchange"
"FXB","Invesco CurrencyShares British Pound Sterling Trust","NYSE",NA,"lab.Unmapped","2026-09-20T13:30:43Z","sec-exchange"
"FXC","Invesco CurrencyShares Canadian Dollar Trust","NYSE",NA,"lab.Unmapped","2026-09-20T13:30:43Z","sec-exchange"
"FXY","Invesco CurrencyShares Japanese Yen Trust","NYSE",NA,"lab.Unmapped","2026-09-20T13:30:43Z","sec-exchange"
"FXA","Invesco CurrencyShares Australian Dollar Trust","NYSE",NA,"lab.Unmapped","2026-09-20T13:30:43Z","sec-exchange"
"FXF","Invesco CurrencyShares Swiss Franc Trust","NYSE",NA,"lab.Unmapped","2026-09-20T13:30:43Z","sec-exchange"
"GJS","STRATS(SM) Trust for Goldman Sachs Group Securities, Series 2006-2","NYSE",NA,"lab.Unmapped","2026-09-20T13:30:43Z","sec-exchange"
"GJT","STRATS(SM) Trust for Allstate Corp Securities, Series 2006-3","NYSE",NA,"lab.Unmapped","2026-09-20T13:30:43Z","sec-exchange"
"AGD","abrdn Global Dynamic Dividend Fund","NYSE",NA,"lab.Unmapped","2026-09-20T13:30:43Z","sec-exchange"
"DAC","Danaos Corp","NYSE",NA,"lab.Unmapped","2026-09-20T13:30:43Z","sec-exchange"
"EDU","New Oriental Education & Technology Group Inc.","NYSE",NA,"lab.Unmapped","2026-09-20T13:30:43Z","sec-exchange"
"UNG","United States Natural Gas Fund, LP","NYSE",NA,"lab.Unmapped","2026-09-20T13:30:43Z","sec-exchange"
"BTZ","BLACKROCK CREDIT ALLOCATION INCOME TRUST","NYSE",NA,"lab.Unmapped","2026-09-20T13:30:43Z","sec-exchange"
"EXG","Eaton Vance Tax-Managed Global Diversified Equity Income Fund","NYSE",NA,"lab.Unmapped","2026-09-20T13:30:43Z","sec-exchange"
"DBP","Invesco DB Precious Metals Fund","NYSE",NA,"lab.Unmapped","2026-09-20T13:30:43Z","sec-exchange"
"DBO","Invesco DB Oil Fund","NYSE",NA,"lab.Unmapped","2026-09-20T13:30:43Z","sec-exchange"
"DBE","Invesco DB Energy Fund","NYSE",NA,"lab.Unmapped","2026-09-20T13:30:43Z","sec-exchange"
"DBA","INVESCO DB AGRICULTURE FUND","NYSE",NA,"lab.Unmapped","2026-09-20T13:30:43Z","sec-exchange"
"DBB","INVESCO DB BASE METALS FUND","NYSE",NA,"lab.Unmapped","2026-09-20T13:30:43Z","sec-exchange"
"UDN","INVESCO DB US DOLLAR INDEX BEARISH FUND","NYSE",NA,"lab.Unmapped","2026-09-20T13:30:43Z","sec-exchange"
"UUP","Invesco DB US Dollar Index Bullish Fund","NYSE",NA,"lab.Unmapped","2026-09-20T13:30:43Z","sec-exchange"
"JCE","Nuveen Core Equity Alpha Fund","NYSE",NA,"lab.Unmapped","2026-09-20T13:30:43Z","sec-exchange"
"EDD","Morgan Stanley Emerging Markets Domestic Debt Fund, Inc.","NYSE",NA,"lab.Unmapped","2026-09-20T13:30:43Z","sec-exchange"
"EDN","EDENOR","NYSE",NA,"lab.Unmapped","2026-09-20T13:30:43Z","sec-exchange"
"CHW","Calamos Global Dynamic Income Fund","NASDAQ",NA,"lab.Unmapped","2026-09-20T13:30:43Z","sec-exchange"
"UGA","United States Gasoline Fund, LP","NYSE",NA,"lab.Unmapped","2026-09-20T13:30:43Z","sec-exchange"
"OAK-PA","Brookfield Oaktree Holdings, LLC","NYSE",NA,"lab.Unmapped","2026-09-20T13:30:43Z","sec-exchange"
"UNL","United States 12 Month Natural Gas Fund, LP","NYSE",NA,"lab.Unmapped","2026-09-20T13:30:43Z","sec-exchange"
"USL","United States 12 Month Oil Fund, LP","NYSE",NA,"lab.Unmapped","2026-09-20T13:30:43Z","sec-exchange"
"BIPH","Brookfield Infrastructure Partners L.P.","NYSE",NA,"lab.Unmapped","2026-09-20T13:30:43Z","sec-exchange"
"UAN","CVR PARTNERS, LP","NYSE",NA,"lab.Unmapped","2026-09-20T13:30:43Z","sec-exchange"
"ETI-P","ENTERGY TEXAS, INC.","NYSE",NA,"lab.Unmapped","2026-09-20T13:30:43Z","sec-exchange"
"GSL","Global Ship Lease, Inc.","NYSE",NA,"lab.Unmapped","2026-09-20T13:30:43Z","sec-exchange"
"EOT","Eaton Vance National Municipal Opportunities Trust","NYSE",NA,"lab.Unmapped","2026-09-20T13:30:43Z","sec-exchange"
"PMT","PennyMac Mortgage Investment Trust","NYSE",NA,"lab.Unmapped","2026-09-20T13:30:43Z","sec-exchange"
"GDO","WESTERN ASSET GLOBAL CORPORATE OPPORTUNITY FUND INC.","NYSE",NA,"lab.Unmapped","2026-09-20T13:30:43Z","sec-exchange"
"BNO","United States Brent Oil Fund, LP","NYSE",NA,"lab.Unmapped","2026-09-20T13:30:43Z","sec-exchange"
"NBB","Nuveen Taxable Municipal Income Fund","NYSE",NA,"lab.Unmapped","2026-09-20T13:30:43Z","sec-exchange"
"USCI","United States Commodity Index Funds Trust","NYSE",NA,"lab.Unmapped","2026-09-20T13:30:43Z","sec-exchange"
"BSL","Blackstone Senior Floating Rate 2027 Term Fund","NYSE",NA,"lab.Unmapped","2026-09-20T13:30:43Z","sec-exchange"
"NHS","Neuberger High Yield Strategies Fund Inc.","NYSE",NA,"lab.Unmapped","2026-09-20T13:30:43Z","sec-exchange"
"IHD","Voya Emerging Markets High Dividend Equity Fund","NYSE",NA,"lab.Unmapped","2026-09-20T13:30:43Z","sec-exchange"
"LND","BrasilAgro - Brazilian Agricultural Real Estate Co","NYSE",NA,"lab.Unmapped","2026-09-20T13:30:43Z","sec-exchange"
"NGL","NGL Energy Partners LP","NYSE",NA,"lab.Unmapped","2026-09-20T13:30:43Z","sec-exchange"
"BWG","BrandywineGLOBAL-Global Income Opportunities Fund Inc","NYSE",NA,"lab.Unmapped","2026-09-20T13:30:43Z","sec-exchange"
"VOC","VOC Energy Trust","NYSE",NA,"lab.Unmapped","2026-09-20T13:30:43Z","sec-exchange"
"EMO","ClearBridge Energy Midstream Opportunity Fund Inc.","NYSE",NA,"lab.Unmapped","2026-09-20T13:30:43Z","sec-exchange"
"MMD","NYLI MacKay DefinedTerm Muni Opportunities Fund","NYSE",NA,"lab.Unmapped","2026-09-20T13:30:43Z","sec-exchange"
"BGH","BARINGS GLOBAL SHORT DURATION HIGH YIELD FUND","NYSE",NA,"lab.Unmapped","2026-09-20T13:30:43Z","sec-exchange"
"DBL","DoubleLine Opportunistic Credit Fund","NYSE",NA,"lab.Unmapped","2026-09-20T13:30:43Z","sec-exchange"
"BPYPP","Brookfield Property Partners L.P.","NASDAQ",NA,"lab.Unmapped","2026-09-20T13:30:43Z","sec-exchange"
"BGB","Blackstone Strategic Credit 2027 Term Fund","NYSE",NA,"lab.Unmapped","2026-09-20T13:30:43Z","sec-exchange"
"LDP","Cohen & Steers Ltd Duration Preferred & Income Fund, Inc.","NYSE",NA,"lab.Unmapped","2026-09-20T13:30:43Z","sec-exchange"
"MANU","Manchester United plc","NYSE",NA,"lab.Unmapped","2026-09-20T13:30:43Z","sec-exchange"
"BPRE","Bluerock Private Real Estate Fund","NYSE",NA,"lab.Unmapped","2026-09-20T13:30:43Z","sec-exchange"
"GGZ","Gabelli Global Small & Mid Cap Value Trust","NYSE",NA,"lab.Unmapped","2026-09-20T13:30:43Z","sec-exchange"
"DRK","DarkHorse Technologies Inc.","NASDAQ",NA,"lab.Unmapped","2026-09-20T13:30:43Z","sec-exchange"
"EOCN","Galmed Pharmaceuticals Ltd.","NASDAQ",NA,"lab.Unmapped","2026-09-20T13:30:43Z","sec-exchange"
"BDRY","Amplify Commodity Trust","NYSE",NA,"lab.Unmapped","2026-09-20T13:30:43Z","sec-exchange"
"KEN","Kenon Holdings Ltd.","NYSE",NA,"lab.Unmapped","2026-09-20T13:30:43Z","sec-exchange"
"BST","BlackRock Science & Technology Trust","NYSE",NA,"lab.Unmapped","2026-09-20T13:30:43Z","sec-exchange"
"GLDM","World Gold Trust","NYSE",NA,"lab.Unmapped","2026-09-20T13:30:43Z","sec-exchange"
"SRG-PA","Seritage Growth Properties","NYSE",NA,"lab.Unmapped","2026-09-20T13:30:43Z","sec-exchange"
"PZG","Paramount Gold Nevada Corp.","NYSE",NA,"lab.Unmapped","2026-09-20T13:30:43Z","sec-exchange"
"YRD","Yiren Digital Ltd.","NYSE",NA,"lab.Unmapped","2026-09-20T13:30:43Z","sec-exchange"
"GSM","Ferroglobe PLC","NASDAQ",NA,"lab.Unmapped","2026-09-20T13:30:43Z","sec-exchange"
"ICR-PA","InPoint Commercial Real Estate Income, Inc.","NYSE",NA,"lab.Unmapped","2026-09-20T13:30:43Z","sec-exchange"
"BAR","GraniteShares Gold Trust","NYSE",NA,"lab.Unmapped","2026-09-20T13:30:43Z","sec-exchange"
"PLTM","GraniteShares Platinum Trust","NYSE",NA,"lab.Unmapped","2026-09-20T13:30:43Z","sec-exchange"
"HLSQ","Tessera Defense & Homeland Security Inc.","NYSE",NA,"lab.Unmapped","2026-09-20T13:30:43Z","sec-exchange"
"IAUM","iShares Gold Trust Micro","NYSE",NA,"lab.Unmapped","2026-09-20T13:30:43Z","sec-exchange"
"OBTC","Osprey Bitcoin Trust","NASDAQ",NA,"lab.Unmapped","2026-09-20T13:30:43Z","sec-exchange"
"BEATW","HeartBeam, Inc.","NASDAQ",NA,"lab.Unmapped","2026-09-20T13:30:43Z","sec-exchange"
"LUCYW","Innovative Eyewear Inc","NASDAQ",NA,"lab.Unmapped","2026-09-20T13:30:43Z","sec-exchange"
"RGC","Regencell Bioscience Holdings Ltd","NASDAQ",NA,"lab.Unmapped","2026-09-20T13:30:43Z","sec-exchange"
"ONMDW","OneMedNet Corp","NASDAQ",NA,"lab.Unmapped","2026-09-20T13:30:43Z","sec-exchange"
"FGDL","Franklin Templeton Holdings Trust","NYSE",NA,"lab.Unmapped","2026-09-20T13:30:43Z","sec-exchange"
"SWAGW","Stran & Company, Inc.","NASDAQ",NA,"lab.Unmapped","2026-09-20T13:30:43Z","sec-exchange"
"CYN","Cyngn Inc.","NASDAQ",NA,"lab.Unmapped","2026-09-20T13:30:43Z","sec-exchange"
"EIIA","Eagle Point Institutional Income Fund","NYSE",NA,"lab.Unmapped","2026-09-20T13:30:43Z","sec-exchange"
"DPU","Top KingWin Ltd","NASDAQ",NA,"lab.Unmapped","2026-09-20T13:30:43Z","sec-exchange"
"MWG","Multi Ways Holdings Ltd","NYSE",NA,"lab.Unmapped","2026-09-20T13:30:43Z","sec-exchange"
"CTWO","COTWO ADVISORS PHYSICAL EUROPEAN CARBON ALLOWANCE TRUST","NYSE",NA,"lab.Unmapped","2026-09-20T13:30:43Z","sec-exchange"
"PBM","PSYENCE BIOMEDICAL LTD.","NASDAQ",NA,"lab.Unmapped","2026-09-20T13:30:43Z","sec-exchange"
"MRX","Marex Group Ltd","NASDAQ",NA,"lab.Unmapped","2026-09-20T13:30:43Z","sec-exchange"
"PC","Premium Catering (Holdings) Ltd","NASDAQ",NA,"lab.Unmapped","2026-09-20T13:30:43Z","sec-exchange"
"PSUS","Pershing Square USA, Ltd.","NYSE",NA,"lab.Unmapped","2026-09-20T13:30:43Z","sec-exchange"
"ALFUU","Centurion Acquisition Corp.","NASDAQ",NA,"lab.Unmapped","2026-09-20T13:30:43Z","sec-exchange"
"SIMAU","SIM Acquisition Corp. I","NASDAQ",NA,"lab.Unmapped","2026-09-20T13:30:43Z","sec-exchange"
"LPAAU","Launch One Acquisition Corp.","NASDAQ",NA,"lab.Unmapped","2026-09-20T13:30:43Z","sec-exchange"
"SOEZ","Franklin Solana Trust","NYSE",NA,"lab.Unmapped","2026-09-20T13:30:43Z","sec-exchange"
"XRPZ","Franklin XRP Trust","NYSE",NA,"lab.Unmapped","2026-09-20T13:30:43Z","sec-exchange"
"FSOL","Fidelity Solana Fund","NYSE",NA,"lab.Unmapped","2026-09-20T13:30:43Z","sec-exchange"
"AIB","AIB Data Centers Inc.","NYSE",NA,"lab.Unmapped","2026-09-20T13:30:43Z","sec-exchange"
"ADBT","Advasa Holdings, Inc.","NASDAQ",NA,"lab.Unmapped","2026-09-20T13:30:43Z","sec-exchange"
"ARTC","Art Technology Acquisition Corp.","NASDAQ",NA,"lab.Unmapped","2026-09-20T13:30:43Z","sec-exchange"
"ETRA","Electra Therapeutics, Inc.","NASDAQ",NA,"lab.Unmapped","2026-09-20T13:30:43Z","sec-exchange"
"OTAI","Starlink AI Acquisition Corp","NYSE",NA,"lab.Unmapped","2026-09-20T13:30:43Z","sec-exchange"
"MLAA","Mountain Lake Acquisition Corp. II","NASDAQ",NA,"lab.Unmapped","2026-09-20T13:30:43Z","sec-exchange"
"BREZ","Breeze Acquisition Corp. II","NASDAQ",NA,"lab.Unmapped","2026-09-20T13:30:43Z","sec-exchange"
"KCAC-UN","Kensington Capital Acquisition Corp. VI","NYSE",NA,"lab.Unmapped","2026-09-20T13:30:43Z","sec-exchange"
"MSOL","Morgan Stanley Solana Trust","NYSE",NA,"lab.Unmapped","2026-09-20T13:30:43Z","sec-exchange"
"MSBT","Morgan Stanley Bitcoin Trust","NYSE",NA,"lab.Unmapped","2026-09-20T13:30:43Z","sec-exchange"
"MSSE","Morgan Stanley Ethereum Trust","NYSE",NA,"lab.Unmapped","2026-09-20T13:30:43Z","sec-exchange"
"SCOP","Sprott Physical Copper Trust","NYSE",NA,"lab.Unmapped","2026-09-20T13:30:43Z","sec-exchange"
"XIII","Churchill Capital Corp XIII","NASDAQ",NA,"lab.Unmapped","2026-09-20T13:30:43Z","sec-exchange"
"SKHY","SK hynix Inc.","NASDAQ",NA,"lab.Unmapped","2026-09-20T13:30:43Z","sec-exchange"
"FTRA","FutureCorp Space Acquisition 1","NYSE",NA,"lab.Unmapped","2026-09-20T13:30:43Z","sec-exchange"
"VII","Viking Acquisition Corp. II","NYSE",NA,"lab.Unmapped","2026-09-20T13:30:43Z","sec-exchange"
"GOOG","Alphabet Inc.","NASDAQ",NA,"tech.Internet_Platform","2026-09-20T13:30:43Z","sec-exchange"
"USB-PA","US BANCORP DE","NYSE",NA,"lab.Unmapped","2026-09-20T13:30:43Z","sec-exchange"
"BRK-A","BERKSHIRE HATHAWAY INC","NYSE",NA,"lab.Unmapped","2026-09-20T13:30:43Z","sec-exchange"
"JPM-PC","JPMORGAN CHASE & CO","NYSE",NA,"lab.Unmapped","2026-09-20T13:30:43Z","sec-exchange"
"BML-PG","BANK OF AMERICA CORP /DE/","NYSE",NA,"lab.Unmapped","2026-09-20T13:30:43Z","sec-exchange"
"BML-PL","BANK OF AMERICA CORP /DE/","NYSE",NA,"lab.Unmapped","2026-09-20T13:30:43Z","sec-exchange"
"BAC-PB","BANK OF AMERICA CORP /DE/","NYSE",NA,"lab.Unmapped","2026-09-20T13:30:43Z","sec-exchange"
"BAC-PK","BANK OF AMERICA CORP /DE/","NYSE",NA,"lab.Unmapped","2026-09-20T13:30:43Z","sec-exchange"
"WFC-PY","WELLS FARGO & COMPANY/MN","NYSE",NA,"lab.Unmapped","2026-09-20T13:30:43Z","sec-exchange"
"WFC-PL","WELLS FARGO & COMPANY/MN","NYSE",NA,"lab.Unmapped","2026-09-20T13:30:43Z","sec-exchange"
"TBB","AT&T INC.","NYSE",NA,"lab.Unmapped","2026-09-20T13:30:43Z","sec-exchange"
"WFC-PC","WELLS FARGO & COMPANY/MN","NYSE",NA,"lab.Unmapped","2026-09-20T13:30:43Z","sec-exchange"
"USB-PH","US BANCORP DE","NYSE",NA,"lab.Unmapped","2026-09-20T13:30:43Z","sec-exchange"
"CTA-PB","EIDP, Inc.","NYSE",NA,"lab.Unmapped","2026-09-20T13:30:43Z","sec-exchange"
"USB-PP","US BANCORP DE","NYSE",NA,"lab.Unmapped","2026-09-20T13:30:43Z","sec-exchange"
"MS-PK","MORGAN STANLEY","NYSE",NA,"lab.Unmapped","2026-09-20T13:30:43Z","sec-exchange"
"PBR-A","PETROBRAS - PETROLEO BRASILEIRO SA","NYSE",NA,"lab.Unmapped","2026-09-20T13:30:43Z","sec-exchange"
"MS-PE","MORGAN STANLEY","NYSE",NA,"lab.Unmapped","2026-09-20T13:30:43Z","sec-exchange"
"TRP","TC ENERGY CORP","NYSE",NA,"lab.Unmapped","2026-09-20T13:30:43Z","sec-exchange"
"CCZ","COMCAST CORP","NYSE",NA,"lab.Unmapped","2026-09-20T13:30:43Z","sec-exchange"
"SPG-PJ","SIMON PROPERTY GROUP INC.","NYSE",NA,"lab.Unmapped","2026-09-20T13:30:43Z","sec-exchange"
"CTA-PA","EIDP, Inc.","NYSE",NA,"lab.Unmapped","2026-09-20T13:30:43Z","sec-exchange"
"MET-PA","METLIFE INC","NYSE",NA,"lab.Unmapped","2026-09-20T13:30:43Z","sec-exchange"
"MET-PE","METLIFE INC","NYSE",NA,"lab.Unmapped","2026-09-20T13:30:43Z","sec-exchange"
"PSA-PH","Public Storage","NYSE",NA,"lab.Unmapped","2026-09-20T13:30:43Z","sec-exchange"
"PSA-PU","Public Storage","NYSE",NA,"lab.Unmapped","2026-09-20T13:30:43Z","sec-exchange"
"HEI-A","HEICO CORP","NYSE",NA,"lab.Unmapped","2026-09-20T13:30:43Z","sec-exchange"
"LEN-B","LENNAR CORP /NEW/","NYSE",NA,"lab.Unmapped","2026-09-20T13:30:43Z","sec-exchange"
"BIP","Brookfield Infrastructure Partners L.P.","NYSE",NA,"lab.Unmapped","2026-09-20T13:30:43Z","sec-exchange"
"ALL-PH","ALLSTATE CORP","NYSE",NA,"lab.Unmapped","2026-09-20T13:30:43Z","sec-exchange"
"BBDO","BANK BRADESCO","NYSE",NA,"lab.Unmapped","2026-09-20T13:30:43Z","sec-exchange"
"DLR-PK","DIGITAL REALTY TRUST, INC.","NYSE",NA,"lab.Unmapped","2026-09-20T13:30:43Z","sec-exchange"
"FOX","Fox Corp","NASDAQ",NA,"media.Entertainment","2026-09-20T13:30:43Z","sec-exchange"
"FWONK","Liberty Media Corp","NASDAQ",NA,"lab.Unmapped","2026-09-20T13:30:43Z","sec-exchange"
"MKC-V","MCCORMICK & CO INC","NYSE",NA,"lab.Unmapped","2026-09-20T13:30:43Z","sec-exchange"
"SOJC","SOUTHERN CO","NYSE",NA,"lab.Unmapped","2026-09-20T13:30:43Z","sec-exchange"
"Z","ZILLOW GROUP, INC.","NASDAQ",NA,"lab.Unmapped","2026-09-20T13:30:43Z","sec-exchange"
"STT-PG","STATE STREET CORP","NYSE",NA,"lab.Unmapped","2026-09-20T13:30:43Z","sec-exchange"
"NWS","NEWS CORP","NASDAQ",NA,"media.Entertainment","2026-09-20T13:30:43Z","sec-exchange"
"BIO-B","BIO-RAD LABORATORIES, INC.","NYSE",NA,"lab.Unmapped","2026-09-20T13:30:43Z","sec-exchange"
"KEY-PK","KEYCORP /NEW/","NYSE",NA,"lab.Unmapped","2026-09-20T13:30:43Z","sec-exchange"
"KEY-PI","KEYCORP /NEW/","NYSE",NA,"lab.Unmapped","2026-09-20T13:30:43Z","sec-exchange"
"FNGD","BANK OF MONTREAL /CAN/","NYSE",NA,"lab.Unmapped","2026-09-20T13:30:43Z","sec-exchange"
"BF-A","BROWN FORMAN CORP","NYSE",NA,"lab.Unmapped","2026-09-20T13:30:43Z","sec-exchange"
"WSO-B","WATSCO INC","NYSE",NA,"lab.Unmapped","2026-09-20T13:30:43Z","sec-exchange"
"MAA-PI","MID AMERICA APARTMENT COMMUNITIES INC.","NYSE",NA,"lab.Unmapped","2026-09-20T13:30:43Z","sec-exchange"
"RF-PC","REGIONS FINANCIAL CORP","NYSE",NA,"lab.Unmapped","2026-09-20T13:30:43Z","sec-exchange"
"UHAL-B","U-Haul Holding Co /NV/","NYSE",NA,"lab.Unmapped","2026-09-20T13:30:43Z","sec-exchange"
"CIG-C","ENERGY CO OF MINAS GERAIS","NYSE",NA,"lab.Unmapped","2026-09-20T13:30:43Z","sec-exchange"
"LBTYB","Liberty Global Ltd.","NASDAQ",NA,"lab.Unmapped","2026-09-20T13:30:43Z","sec-exchange"
"PSNYW","Polestar Automotive Holding UK PLC","NASDAQ",NA,"lab.Unmapped","2026-09-20T13:30:43Z","sec-exchange"
"VNO-PL","VORNADO REALTY TRUST","NYSE",NA,"lab.Unmapped","2026-09-20T13:30:43Z","sec-exchange"
"TAP-A","MOLSON COORS BEVERAGE CO","NYSE",NA,"lab.Unmapped","2026-09-20T13:30:43Z","sec-exchange"
"VNO-PM","VORNADO REALTY TRUST","NYSE",NA,"lab.Unmapped","2026-09-20T13:30:43Z","sec-exchange"
"VOYA-PB","Voya Financial, Inc.","NYSE",NA,"lab.Unmapped","2026-09-20T13:30:43Z","sec-exchange"
"CMSA","CMS ENERGY CORP","NYSE",NA,"lab.Unmapped","2026-09-20T13:30:43Z","sec-exchange"
"SLG-PI","SL GREEN REALTY CORP","NYSE",NA,"lab.Unmapped","2026-09-20T13:30:43Z","sec-exchange"
"RUSHB","RUSH ENTERPRISES INC \TX\","NASDAQ",NA,"lab.Unmapped","2026-09-20T13:30:43Z","sec-exchange"
"UNMA","Unum Group","NYSE",NA,"lab.Unmapped","2026-09-20T13:30:43Z","sec-exchange"
"AKO-B","ANDINA BOTTLING CO INC","NYSE",NA,"lab.Unmapped","2026-09-20T13:30:43Z","sec-exchange"
"PCG-PE","PG&E Corp","NYSE",NA,"lab.Unmapped","2026-09-20T13:30:43Z","sec-exchange"
"PCG-PD","PG&E Corp","NYSE",NA,"lab.Unmapped","2026-09-20T13:30:43Z","sec-exchange"
"PCG-PC","PG&E Corp","NYSE",NA,"lab.Unmapped","2026-09-20T13:30:43Z","sec-exchange"
"PCG-PH","PG&E Corp","NYSE",NA,"lab.Unmapped","2026-09-20T13:30:43Z","sec-exchange"
"PCG-PG","PG&E Corp","NYSE",NA,"lab.Unmapped","2026-09-20T13:30:43Z","sec-exchange"
"AXS-PE","AXIS CAPITAL HOLDINGS LTD","NYSE",NA,"lab.Unmapped","2026-09-20T13:30:43Z","sec-exchange"
"DTW","DTE ENERGY CO","NYSE",NA,"lab.Unmapped","2026-09-20T13:30:43Z","sec-exchange"
"GEF-B","GREIF, INC","NYSE",NA,"lab.Unmapped","2026-09-20T13:30:43Z","sec-exchange"
"PCG-PI","PG&E Corp","NYSE",NA,"lab.Unmapped","2026-09-20T13:30:43Z","sec-exchange"
"SLMBP","SLM Corp","NASDAQ",NA,"lab.Unmapped","2026-09-20T13:30:43Z","sec-exchange"
"SF-PB","STIFEL FINANCIAL CORP","NYSE",NA,"lab.Unmapped","2026-09-20T13:30:43Z","sec-exchange"
"TWO-PC","TWO HARBORS INVESTMENT CORP.","NYSE",NA,"lab.Unmapped","2026-09-20T13:30:43Z","sec-exchange"
"BELFB","BEL FUSE INC /NJ","NASDAQ",NA,"lab.Unmapped","2026-09-20T13:30:43Z","sec-exchange"
"LBTYK","Liberty Global Ltd.","NASDAQ",NA,"lab.Unmapped","2026-09-20T13:30:43Z","sec-exchange"
"BATRK","Atlanta Braves Holdings, Inc.","NASDAQ",NA,"lab.Unmapped","2026-09-20T13:30:43Z","sec-exchange"
"MOG-B","MOOG INC.","NYSE",NA,"lab.Unmapped","2026-09-20T13:30:43Z","sec-exchange"
"VLYPP","VALLEY NATIONAL BANCORP","NASDAQ",NA,"lab.Unmapped","2026-09-20T13:30:43Z","sec-exchange"
"TWO-PB","TWO HARBORS INVESTMENT CORP.","NYSE",NA,"lab.Unmapped","2026-09-20T13:30:43Z","sec-exchange"
"TWO-PA","TWO HARBORS INVESTMENT CORP.","NYSE",NA,"lab.Unmapped","2026-09-20T13:30:43Z","sec-exchange"
"WRB-PE","BERKLEY W R CORP","NYSE",NA,"lab.Unmapped","2026-09-20T13:30:43Z","sec-exchange"
"VLYPO","VALLEY NATIONAL BANCORP","NASDAQ",NA,"lab.Unmapped","2026-09-20T13:30:43Z","sec-exchange"
"RLJ-PA","RLJ Lodging Trust","NYSE",NA,"lab.Unmapped","2026-09-20T13:30:43Z","sec-exchange"
"PEB-PF","Pebblebrook Hotel Trust","NYSE",NA,"lab.Unmapped","2026-09-20T13:30:43Z","sec-exchange"
"PEB-PE","Pebblebrook Hotel Trust","NYSE",NA,"lab.Unmapped","2026-09-20T13:30:43Z","sec-exchange"
"CIM-PA","CHIMERA INVESTMENT CORP","NYSE",NA,"lab.Unmapped","2026-09-20T13:30:43Z","sec-exchange"
"CSAN","Cosan S.A.","NYSE",NA,"lab.Unmapped","2026-09-20T13:30:43Z","sec-exchange"
"TY-P","TRI-CONTINENTAL Corp","NYSE",NA,"lab.Unmapped","2026-09-20T13:30:43Z","sec-exchange"
"TRTN-PA","Triton International Ltd","NYSE",NA,"lab.Unmapped","2026-09-20T13:30:43Z","sec-exchange"
"CENTA","CENTRAL GARDEN & PET CO","NASDAQ",NA,"lab.Unmapped","2026-09-20T13:30:43Z","sec-exchange"
"UA","Under Armour, Inc.","NYSE",NA,"lab.Unmapped","2026-09-20T13:30:43Z","sec-exchange"
"LXP-PC","LXP Industrial Trust","NYSE",NA,"lab.Unmapped","2026-09-20T13:30:43Z","sec-exchange"
"WLYB","JOHN WILEY & SONS, INC.","NYSE",NA,"lab.Unmapped","2026-09-20T13:30:43Z","sec-exchange"
"LILAK","Liberty Latin America Ltd.","NASDAQ",NA,"lab.Unmapped","2026-09-20T13:30:43Z","sec-exchange"
"GDV-PH","GABELLI DIVIDEND & INCOME TRUST","NYSE",NA,"lab.Unmapped","2026-09-20T13:30:43Z","sec-exchange"
"FISK","Empire State Realty OP, L.P.","NYSE",NA,"lab.Unmapped","2026-09-20T13:30:43Z","sec-exchange"
"NGL-PC","NGL Energy Partners LP","NYSE",NA,"lab.Unmapped","2026-09-20T13:30:43Z","sec-exchange"
"BFS-PD","SAUL CENTERS, INC.","NYSE",NA,"lab.Unmapped","2026-09-20T13:30:43Z","sec-exchange"
"OGCP","Empire State Realty OP, L.P.","NYSE",NA,"lab.Unmapped","2026-09-20T13:30:43Z","sec-exchange"
"AGM-A","FEDERAL AGRICULTURAL MORTGAGE CORP","NYSE",NA,"lab.Unmapped","2026-09-20T13:30:43Z","sec-exchange"
"PMT-PA","PennyMac Mortgage Investment Trust","NYSE",NA,"lab.Unmapped","2026-09-20T13:30:43Z","sec-exchange"
"PMT-PB","PennyMac Mortgage Investment Trust","NYSE",NA,"lab.Unmapped","2026-09-20T13:30:43Z","sec-exchange"
"MHLA","Maiden Holdings, Ltd.","NYSE",NA,"lab.Unmapped","2026-09-20T13:30:43Z","sec-exchange"
"CODI-PB","Compass Diversified Holdings","NYSE",NA,"lab.Unmapped","2026-09-20T13:30:43Z","sec-exchange"
"BH","Biglari Holdings Inc.","NYSE",NA,"lab.Unmapped","2026-09-20T13:30:43Z","sec-exchange"
"GLOP-PA","GasLog Partners LP","NYSE",NA,"lab.Unmapped","2026-09-20T13:30:43Z","sec-exchange"
"HL-PB","HECLA MINING CO/DE/","NYSE",NA,"lab.Unmapped","2026-09-20T13:30:43Z","sec-exchange"
"SENEB","Seneca Foods Corp","NASDAQ",NA,"lab.Unmapped","2026-09-20T13:30:43Z","sec-exchange"
"HCACU","Hall Chadwick Acquisition Corp","NASDAQ",NA,"lab.Unmapped","2026-09-20T13:30:43Z","sec-exchange"
"DGICB","DONEGAL GROUP INC","NASDAQ",NA,"lab.Unmapped","2026-09-20T13:30:43Z","sec-exchange"
"KELYB","KELLY SERVICES INC","NASDAQ",NA,"lab.Unmapped","2026-09-20T13:30:43Z","sec-exchange"
"GTN-A","GRAY MEDIA, INC","NYSE",NA,"lab.Unmapped","2026-09-20T13:30:43Z","sec-exchange"
"CMRE-PC","Costamare Inc.","NYSE",NA,"lab.Unmapped","2026-09-20T13:30:43Z","sec-exchange"
"HVT-A","HAVERTY FURNITURE COMPANIES INC","NYSE",NA,"lab.Unmapped","2026-09-20T13:30:43Z","sec-exchange"
"GGT-PE","GABELLI MULTIMEDIA TRUST INC.","NYSE",NA,"lab.Unmapped","2026-09-20T13:30:43Z","sec-exchange"
"UMH-PD","UMH PROPERTIES, INC.","NYSE",NA,"lab.Unmapped","2026-09-20T13:30:43Z","sec-exchange"
"OXLCM","Oxford Lane Capital Corp.","NASDAQ",NA,"lab.Unmapped","2026-09-20T13:30:43Z","sec-exchange"
"NEWTI","NewtekOne, Inc.","NASDAQ",NA,"lab.Unmapped","2026-09-20T13:30:43Z","sec-exchange"
"OXLCO","Oxford Lane Capital Corp.","NASDAQ",NA,"lab.Unmapped","2026-09-20T13:30:43Z","sec-exchange"
"CRD-B","CRAWFORD & CO","NYSE",NA,"lab.Unmapped","2026-09-20T13:30:43Z","sec-exchange"
"ALF","Centurion Acquisition Corp.","NASDAQ",NA,"lab.Unmapped","2026-09-20T13:30:43Z","sec-exchange"
"RDIB","READING INTERNATIONAL INC","NASDAQ",NA,"lab.Unmapped","2026-09-20T13:30:43Z","sec-exchange"
"NCZ-PA","Virtus Convertible & Income Fund II","NYSE",NA,"lab.Unmapped","2026-09-20T13:30:43Z","sec-exchange"
"DSX-PB","DIANA SHIPPING INC.","NYSE",NA,"lab.Unmapped","2026-09-20T13:30:43Z","sec-exchange"
"CHMI-PB","Cherry Hill Mortgage Investment Corp","NYSE",NA,"lab.Unmapped","2026-09-20T13:30:43Z","sec-exchange"
"APLMW","Apollomics Inc.","NASDAQ",NA,"lab.Unmapped","2026-09-20T13:30:43Z","sec-exchange"
"CHMI-PA","Cherry Hill Mortgage Investment Corp","NYSE",NA,"lab.Unmapped","2026-09-20T13:30:43Z","sec-exchange"
"LANDP","GLADSTONE LAND Corp","NASDAQ",NA,"lab.Unmapped","2026-09-20T13:30:43Z","sec-exchange"
"ENO","ENTERGY NEW ORLEANS, LLC","NYSE",NA,"lab.Unmapped","2026-09-20T13:30:43Z","sec-exchange"
"SB-PC","SAFE BULKERS, INC.","NYSE",NA,"lab.Unmapped","2026-09-20T13:30:43Z","sec-exchange"
"CHAD","DeFi Development Corp.","NASDAQ",NA,"lab.Unmapped","2026-09-20T13:30:43Z","sec-exchange"
"BTA","BlackRock Long-Term Municipal Advantage Trust","NYSE",NA,"lab.Unmapped","2026-09-20T13:30:43Z","sec-exchange"
"SRG","Seritage Growth Properties","NYSE",NA,"lab.Unmapped","2026-09-20T13:30:43Z","sec-exchange"
"BCV-PA","BANCROFT FUND LTD","NYSE",NA,"lab.Unmapped","2026-09-20T13:30:43Z","sec-exchange"
"GLU-PB","GABELLI GLOBAL UTILITY & INCOME TRUST","NYSE",NA,"lab.Unmapped","2026-09-20T13:30:43Z","sec-exchange"
"SIMA","SIM Acquisition Corp. I","NASDAQ",NA,"lab.Unmapped","2026-09-20T13:30:43Z","sec-exchange"
"GSL-PB","Global Ship Lease, Inc.","NYSE",NA,"lab.Unmapped","2026-09-20T13:30:43Z","sec-exchange"
"LPAA","Launch One Acquisition Corp.","NASDAQ",NA,"lab.Unmapped","2026-09-20T13:30:43Z","sec-exchange"
"FSHPU","Flag Ship Acquisition Corp","NASDAQ",NA,"lab.Unmapped","2026-09-20T13:30:43Z","sec-exchange"
"STRC","Strategy Inc","NASDAQ",NA,"lab.Unmapped","2026-09-20T13:30:43Z","sec-exchange"
"UONEK","URBAN ONE, INC.","NASDAQ",NA,"lab.Unmapped","2026-09-20T13:30:43Z","sec-exchange"
"ONMD","OneMedNet Corp","NASDAQ",NA,"lab.Unmapped","2026-09-20T13:30:43Z","sec-exchange"
"ANY","DarkHorse Technologies Inc.","NASDAQ",NA,"lab.Unmapped","2026-09-20T13:30:43Z","sec-exchange"
"BRNS","Barinthus Biotherapeutics plc.","NASDAQ",NA,"lab.Unmapped","2026-09-20T13:30:43Z","sec-exchange"
"SWAG","Stran & Company, Inc.","NASDAQ",NA,"lab.Unmapped","2026-09-20T13:30:43Z","sec-exchange"
"WVVIP","WILLAMETTE VALLEY VINEYARDS INC","NASDAQ",NA,"lab.Unmapped","2026-09-20T13:30:43Z","sec-exchange"
"BEAT","HeartBeam, Inc.","NASDAQ",NA,"lab.Unmapped","2026-09-20T13:30:43Z","sec-exchange"
"RAY","Raytech Holding Ltd","NASDAQ",NA,"lab.Unmapped","2026-09-20T13:30:43Z","sec-exchange"
"CYCN","Korsana Biosciences, Inc.","NASDAQ",NA,"lab.Unmapped","2026-09-20T13:30:43Z","sec-exchange"
"WHLRD","Wheeler Real Estate Investment Trust, Inc.","NASDAQ",NA,"lab.Unmapped","2026-09-20T13:30:43Z","sec-exchange"
"TVE","Tennessee Valley Authority","NYSE",NA,"lab.Unmapped","2026-09-20T13:30:43Z","sec-exchange"
"TVC","Tennessee Valley Authority","NYSE",NA,"lab.Unmapped","2026-09-20T13:30:43Z","sec-exchange"
"LUCY","Innovative Eyewear Inc","NASDAQ",NA,"lab.Unmapped","2026-09-20T13:30:43Z","sec-exchange"
"KWM","Nexus Advanced Technologies Inc.","NASDAQ",NA,"lab.Unmapped","2026-09-20T13:30:43Z","sec-exchange"
"PHGE","Tessera Defense & Homeland Security Inc.","NYSE",NA,"lab.Unmapped","2026-09-20T13:30:43Z","sec-exchange"
"GLMD","Galmed Pharmaceuticals Ltd.","NASDAQ",NA,"lab.Unmapped","2026-09-20T13:30:43Z","sec-exchange"
"WHLRP","Wheeler Real Estate Investment Trust, Inc.","NASDAQ",NA,"lab.Unmapped","2026-09-20T13:30:43Z","sec-exchange"
"MOBBW","Mobilicom Ltd","NASDAQ",NA,"lab.Unmapped","2026-09-20T13:30:43Z","sec-exchange"
"OXBRW","OXBRIDGE RE HOLDINGS Ltd","NASDAQ",NA,"lab.Unmapped","2026-09-20T13:30:43Z","sec-exchange"
"CICC","CION Investment Corp","NYSE",NA,"lab.Unmapped","2026-09-20T13:30:43Z","sec-exchange"
"ASBA","ASSOCIATED BANC-CORP","NYSE",NA,"lab.Unmapped","2026-09-20T13:30:43Z","sec-exchange"
"ASB-PE","ASSOCIATED BANC-CORP","NYSE",NA,"lab.Unmapped","2026-09-20T13:30:43Z","sec-exchange"
"ASB-PF","ASSOCIATED BANC-CORP","NYSE",NA,"lab.Unmapped","2026-09-20T13:30:43Z","sec-exchange"
"WRB-PF","BERKLEY W R CORP","NYSE",NA,"lab.Unmapped","2026-09-20T13:30:43Z","sec-exchange"
"WRB-PG","BERKLEY W R CORP","NYSE",NA,"lab.Unmapped","2026-09-20T13:30:43Z","sec-exchange"
"WRB-PH","BERKLEY W R CORP","NYSE",NA,"lab.Unmapped","2026-09-20T13:30:43Z","sec-exchange"
"BA-PA","BOEING CO","NYSE",NA,"lab.Unmapped","2026-09-20T13:30:43Z","sec-exchange"
"CELG-RI","BRISTOL MYERS SQUIBB CO","NYSE",NA,"lab.Unmapped","2026-09-20T13:30:43Z","sec-exchange"
"BC-PC","BRUNSWICK CORP","NYSE",NA,"lab.Unmapped","2026-09-20T13:30:43Z","sec-exchange"
"AMJB","JPMORGAN CHASE & CO","NYSE",NA,"lab.Unmapped","2026-09-20T13:30:43Z","sec-exchange"
"JPM-PD","JPMORGAN CHASE & CO","NYSE",NA,"lab.Unmapped","2026-09-20T13:30:43Z","sec-exchange"
"JPM-PJ","JPMORGAN CHASE & CO","NYSE",NA,"lab.Unmapped","2026-09-20T13:30:43Z","sec-exchange"
"JPM-PK","JPMORGAN CHASE & CO","NYSE",NA,"lab.Unmapped","2026-09-20T13:30:43Z","sec-exchange"
"JPM-PL","JPMORGAN CHASE & CO","NYSE",NA,"lab.Unmapped","2026-09-20T13:30:43Z","sec-exchange"
"JPM-PM","JPMORGAN CHASE & CO","NYSE",NA,"lab.Unmapped","2026-09-20T13:30:43Z","sec-exchange"
"VYLD","JPMORGAN CHASE & CO","NYSE",NA,"lab.Unmapped","2026-09-20T13:30:43Z","sec-exchange"
"CTO-PA","CTO Realty Growth, Inc.","NYSE",NA,"lab.Unmapped","2026-09-20T13:30:43Z","sec-exchange"
"DDT","DILLARD'S, INC.","NYSE",NA,"lab.Unmapped","2026-09-20T13:30:43Z","sec-exchange"
"FRT-PC","FEDERAL REALTY INVESTMENT TRUST","NYSE",NA,"lab.Unmapped","2026-09-20T13:30:43Z","sec-exchange"
"FITB-PA","FIFTH THIRD BANCORP","NYSE",NA,"lab.Unmapped","2026-09-20T13:30:43Z","sec-exchange"
"FITB-PI","FIFTH THIRD BANCORP","NYSE",NA,"lab.Unmapped","2026-09-20T13:30:43Z","sec-exchange"
"FITB-PK","FIFTH THIRD BANCORP","NYSE",NA,"lab.Unmapped","2026-09-20T13:30:43Z","sec-exchange"
"FITB-PM","FIFTH THIRD BANCORP","NYSE",NA,"lab.Unmapped","2026-09-20T13:30:43Z","sec-exchange"
"USB-PQ","US BANCORP DE","NYSE",NA,"lab.Unmapped","2026-09-20T13:30:43Z","sec-exchange"
"USB-PR","US BANCORP DE","NYSE",NA,"lab.Unmapped","2026-09-20T13:30:43Z","sec-exchange"
"USB-PS","US BANCORP DE","NYSE",NA,"lab.Unmapped","2026-09-20T13:30:43Z","sec-exchange"
"MTB-PH","M&T BANK CORP","NYSE",NA,"lab.Unmapped","2026-09-20T13:30:43Z","sec-exchange"
"MTB-PJ","M&T BANK CORP","NYSE",NA,"lab.Unmapped","2026-09-20T13:30:43Z","sec-exchange"
"MTB-PK","M&T BANK CORP","NYSE",NA,"lab.Unmapped","2026-09-20T13:30:43Z","sec-exchange"
"MTB-PL","M&T BANK CORP","NYSE",NA,"lab.Unmapped","2026-09-20T13:30:43Z","sec-exchange"
"FHN-PE","FIRST HORIZON CORP","NYSE",NA,"lab.Unmapped","2026-09-20T13:30:43Z","sec-exchange"
"FHN-PF","FIRST HORIZON CORP","NYSE",NA,"lab.Unmapped","2026-09-20T13:30:43Z","sec-exchange"
"FHN-PH","FIRST HORIZON CORP","NYSE",NA,"lab.Unmapped","2026-09-20T13:30:43Z","sec-exchange"
"F-PB","FORD MOTOR CO","NYSE",NA,"lab.Unmapped","2026-09-20T13:30:43Z","sec-exchange"
"F-PC","FORD MOTOR CO","NYSE",NA,"lab.Unmapped","2026-09-20T13:30:43Z","sec-exchange"
"F-PD","FORD MOTOR CO","NYSE",NA,"lab.Unmapped","2026-09-20T13:30:43Z","sec-exchange"
"CFR-PB","CULLEN/FROST BANKERS, INC.","NYSE",NA,"lab.Unmapped","2026-09-20T13:30:43Z","sec-exchange"
"GAM-PB","GENERAL AMERICAN INVESTORS CO INC","NYSE",NA,"lab.Unmapped","2026-09-20T13:30:43Z","sec-exchange"
"BOH-PA","BANK OF HAWAII CORP","NYSE",NA,"lab.Unmapped","2026-09-20T13:30:43Z","sec-exchange"
"BOH-PB","BANK OF HAWAII CORP","NYSE",NA,"lab.Unmapped","2026-09-20T13:30:43Z","sec-exchange"
"HBANL","HUNTINGTON BANCSHARES INC /MD/","NASDAQ",NA,"lab.Unmapped","2026-09-20T13:30:43Z","sec-exchange"
"HBANM","HUNTINGTON BANCSHARES INC /MD/","NASDAQ",NA,"lab.Unmapped","2026-09-20T13:30:43Z","sec-exchange"
"HBANP","HUNTINGTON BANCSHARES INC /MD/","NASDAQ",NA,"lab.Unmapped","2026-09-20T13:30:43Z","sec-exchange"
"HBANZ","HUNTINGTON BANCSHARES INC /MD/","NASDAQ",NA,"lab.Unmapped","2026-09-20T13:30:43Z","sec-exchange"
"LNC-PD","LINCOLN NATIONAL CORP","NYSE",NA,"lab.Unmapped","2026-09-20T13:30:43Z","sec-exchange"
"SLNHP","Soluna Holdings, Inc","NASDAQ",NA,"lab.Unmapped","2026-09-20T13:30:43Z","sec-exchange"
"CTGG","QWEST CORP","NYSE",NA,"lab.Unmapped","2026-09-20T13:30:43Z","sec-exchange"
"CTHH","QWEST CORP","NYSE",NA,"lab.Unmapped","2026-09-20T13:30:43Z","sec-exchange"
"BAC-PE","BANK OF AMERICA CORP /DE/","NYSE",NA,"lab.Unmapped","2026-09-20T13:30:43Z","sec-exchange"
"BAC-PL","BANK OF AMERICA CORP /DE/","NYSE",NA,"lab.Unmapped","2026-09-20T13:30:43Z","sec-exchange"
"BAC-PM","BANK OF AMERICA CORP /DE/","NYSE",NA,"lab.Unmapped","2026-09-20T13:30:43Z","sec-exchange"
"BAC-PN","BANK OF AMERICA CORP /DE/","NYSE",NA,"lab.Unmapped","2026-09-20T13:30:43Z","sec-exchange"
"BAC-PO","BANK OF AMERICA CORP /DE/","NYSE",NA,"lab.Unmapped","2026-09-20T13:30:43Z","sec-exchange"
"BAC-PP","BANK OF AMERICA CORP /DE/","NYSE",NA,"lab.Unmapped","2026-09-20T13:30:43Z","sec-exchange"
"BAC-PQ","BANK OF AMERICA CORP /DE/","NYSE",NA,"lab.Unmapped","2026-09-20T13:30:43Z","sec-exchange"
"BAC-PS","BANK OF AMERICA CORP /DE/","NYSE",NA,"lab.Unmapped","2026-09-20T13:30:43Z","sec-exchange"
"BML-PH","BANK OF AMERICA CORP /DE/","NYSE",NA,"lab.Unmapped","2026-09-20T13:30:43Z","sec-exchange"
"BML-PJ","BANK OF AMERICA CORP /DE/","NYSE",NA,"lab.Unmapped","2026-09-20T13:30:43Z","sec-exchange"
"MER-PK","BANK OF AMERICA CORP /DE/","NYSE",NA,"lab.Unmapped","2026-09-20T13:30:43Z","sec-exchange"
"XELLL","XCEL ENERGY INC","NASDAQ",NA,"lab.Unmapped","2026-09-20T13:30:43Z","sec-exchange"
"WFC-PA","WELLS FARGO & COMPANY/MN","NYSE",NA,"lab.Unmapped","2026-09-20T13:30:43Z","sec-exchange"
"WFC-PD","WELLS FARGO & COMPANY/MN","NYSE",NA,"lab.Unmapped","2026-09-20T13:30:43Z","sec-exchange"
"WFC-PZ","WELLS FARGO & COMPANY/MN","NYSE",NA,"lab.Unmapped","2026-09-20T13:30:43Z","sec-exchange"
"NTRSO","NORTHERN TRUST CORP","NASDAQ",NA,"lab.Unmapped","2026-09-20T13:30:43Z","sec-exchange"
"PBI-PB","PITNEY BOWES INC /DE/","NYSE",NA,"lab.Unmapped","2026-09-20T13:30:43Z","sec-exchange"
"KEY-PJ","KEYCORP /NEW/","NYSE",NA,"lab.Unmapped","2026-09-20T13:30:43Z","sec-exchange"
"KEY-PL","KEYCORP /NEW/","NYSE",NA,"lab.Unmapped","2026-09-20T13:30:43Z","sec-exchange"
"SCE-PG","SOUTHERN CALIFORNIA EDISON Co","NYSE",NA,"lab.Unmapped","2026-09-20T13:30:43Z","sec-exchange"
"SCE-PL","SOUTHERN CALIFORNIA EDISON Co","NYSE",NA,"lab.Unmapped","2026-09-20T13:30:43Z","sec-exchange"
"SCE-PM","SOUTHERN CALIFORNIA EDISON Co","NYSE",NA,"lab.Unmapped","2026-09-20T13:30:43Z","sec-exchange"
"SCE-PN","SOUTHERN CALIFORNIA EDISON Co","NYSE",NA,"lab.Unmapped","2026-09-20T13:30:43Z","sec-exchange"
"SOJD","SOUTHERN CO","NYSE",NA,"lab.Unmapped","2026-09-20T13:30:43Z","sec-exchange"
"SOJE","SOUTHERN CO","NYSE",NA,"lab.Unmapped","2026-09-20T13:30:43Z","sec-exchange"
"SOJF","SOUTHERN CO","NYSE",NA,"lab.Unmapped","2026-09-20T13:30:43Z","sec-exchange"
"SOMN","SOUTHERN CO","NYSE",NA,"lab.Unmapped","2026-09-20T13:30:43Z","sec-exchange"
"TFC-PI","TRUIST FINANCIAL CORP","NYSE",NA,"lab.Unmapped","2026-09-20T13:30:43Z","sec-exchange"
"TFC-PO","TRUIST FINANCIAL CORP","NYSE",NA,"lab.Unmapped","2026-09-20T13:30:43Z","sec-exchange"
"TFC-PR","TRUIST FINANCIAL CORP","NYSE",NA,"lab.Unmapped","2026-09-20T13:30:43Z","sec-exchange"
"TCPA","TRANSCANADA PIPELINES LTD","NYSE",NA,"lab.Unmapped","2026-09-20T13:30:43Z","sec-exchange"
"UMBFO","UMB FINANCIAL CORP","NASDAQ",NA,"lab.Unmapped","2026-09-20T13:30:43Z","sec-exchange"
"VSECU","VSE CORP","NASDAQ",NA,"lab.Unmapped","2026-09-20T13:30:43Z","sec-exchange"
"WHR-PA","WHIRLPOOL CORP /DE/","NYSE",NA,"lab.Unmapped","2026-09-20T13:30:43Z","sec-exchange"
"ZIONP","ZIONS BANCORPORATION, NATIONAL ASSOCIATION /UT/","NASDAQ",NA,"lab.Unmapped","2026-09-20T13:30:43Z","sec-exchange"
"WSBCO","WESBANCO INC","NASDAQ",NA,"lab.Unmapped","2026-09-20T13:30:43Z","sec-exchange"
"SIGIP","SELECTIVE INSURANCE GROUP INC","NASDAQ",NA,"lab.Unmapped","2026-09-20T13:30:43Z","sec-exchange"
"DJP","BARCLAYS BANK PLC","NYSE",NA,"lab.Unmapped","2026-09-20T13:30:43Z","sec-exchange"
"GBUG","BARCLAYS BANK PLC","NASDAQ",NA,"lab.Unmapped","2026-09-20T13:30:43Z","sec-exchange"
"GRN","BARCLAYS BANK PLC","NYSE",NA,"lab.Unmapped","2026-09-20T13:30:43Z","sec-exchange"
"BUSEP","FIRST BUSEY CORP /NV/","NASDAQ",NA,"lab.Unmapped","2026-09-20T13:30:43Z","sec-exchange"
"VAL-WT","Valaris Ltd","NYSE",NA,"lab.Unmapped","2026-09-20T13:30:43Z","sec-exchange"
"SCHW-PD","SCHWAB CHARLES CORP","NYSE",NA,"lab.Unmapped","2026-09-20T13:30:43Z","sec-exchange"
"SCHW-PJ","SCHWAB CHARLES CORP","NYSE",NA,"lab.Unmapped","2026-09-20T13:30:43Z","sec-exchange"
"GL-PD","GLOBE LIFE INC.","NYSE",NA,"lab.Unmapped","2026-09-20T13:30:43Z","sec-exchange"
"AIRTP","AIR T INC","NASDAQ",NA,"lab.Unmapped","2026-09-20T13:30:43Z","sec-exchange"
"HOVNP","HOVNANIAN ENTERPRISES INC","NASDAQ",NA,"lab.Unmapped","2026-09-20T13:30:43Z","sec-exchange"
"FULTP","FULTON FINANCIAL CORP","NASDAQ",NA,"lab.Unmapped","2026-09-20T13:30:43Z","sec-exchange"
"ONBPO","OLD NATIONAL BANCORP /IN/","NASDAQ",NA,"lab.Unmapped","2026-09-20T13:30:43Z","sec-exchange"
"ONBPP","OLD NATIONAL BANCORP /IN/","NASDAQ",NA,"lab.Unmapped","2026-09-20T13:30:43Z","sec-exchange"
"FRMEP","FIRST MERCHANTS CORP","NASDAQ",NA,"lab.Unmapped","2026-09-20T13:30:43Z","sec-exchange"
"CNOBP","ConnectOne Bancorp, Inc.","NASDAQ",NA,"lab.Unmapped","2026-09-20T13:30:43Z","sec-exchange"
"VLYPN","VALLEY NATIONAL BANCORP","NASDAQ",NA,"lab.Unmapped","2026-09-20T13:30:43Z","sec-exchange"
"SFB","STIFEL FINANCIAL CORP","NYSE",NA,"lab.Unmapped","2026-09-20T13:30:43Z","sec-exchange"
"SF-PC","STIFEL FINANCIAL CORP","NYSE",NA,"lab.Unmapped","2026-09-20T13:30:43Z","sec-exchange"
"SF-PD","STIFEL FINANCIAL CORP","NYSE",NA,"lab.Unmapped","2026-09-20T13:30:43Z","sec-exchange"
"CDZIP","CADIZ INC","NASDAQ",NA,"lab.Unmapped","2026-09-20T13:30:43Z","sec-exchange"
"T-PA","AT&T INC.","NYSE",NA,"lab.Unmapped","2026-09-20T13:30:43Z","sec-exchange"
"T-PC","AT&T INC.","NYSE",NA,"lab.Unmapped","2026-09-20T13:30:43Z","sec-exchange"
"CCNEP","CNB FINANCIAL CORP/PA","NASDAQ",NA,"lab.Unmapped","2026-09-20T13:30:43Z","sec-exchange"
"ERNAW","Ernexa Therapeutics Inc.","NASDAQ",NA,"lab.Unmapped","2026-09-20T13:30:43Z","sec-exchange"
"HWCPZ","HANCOCK WHITNEY CORP","NASDAQ",NA,"lab.Unmapped","2026-09-20T13:30:43Z","sec-exchange"
"NEE-PN","NEXTERA ENERGY INC","NYSE",NA,"lab.Unmapped","2026-09-20T13:30:43Z","sec-exchange"
"NEE-PS","NEXTERA ENERGY INC","NYSE",NA,"lab.Unmapped","2026-09-20T13:30:43Z","sec-exchange"
"NEE-PT","NEXTERA ENERGY INC","NYSE",NA,"lab.Unmapped","2026-09-20T13:30:43Z","sec-exchange"
"NEE-PU","NEXTERA ENERGY INC","NYSE",NA,"lab.Unmapped","2026-09-20T13:30:43Z","sec-exchange"
"NEE-PV","NEXTERA ENERGY INC","NYSE",NA,"lab.Unmapped","2026-09-20T13:30:43Z","sec-exchange"
"NEE-PW","NEXTERA ENERGY INC","NYSE",NA,"lab.Unmapped","2026-09-20T13:30:43Z","sec-exchange"
"CFG-PE","CITIZENS FINANCIAL GROUP INC/RI","NYSE",NA,"lab.Unmapped","2026-09-20T13:30:43Z","sec-exchange"
"CFG-PH","CITIZENS FINANCIAL GROUP INC/RI","NYSE",NA,"lab.Unmapped","2026-09-20T13:30:43Z","sec-exchange"
"CFG-PI","CITIZENS FINANCIAL GROUP INC/RI","NYSE",NA,"lab.Unmapped","2026-09-20T13:30:43Z","sec-exchange"
"BANFP","BANCFIRST CORP /OK/","NASDAQ",NA,"lab.Unmapped","2026-09-20T13:30:43Z","sec-exchange"
"CDR-PB","CEDAR REALTY TRUST, INC.","NYSE",NA,"lab.Unmapped","2026-09-20T13:30:43Z","sec-exchange"
"CDR-PC","CEDAR REALTY TRUST, INC.","NYSE",NA,"lab.Unmapped","2026-09-20T13:30:43Z","sec-exchange"
"BPOPM","POPULAR, INC.","NASDAQ",NA,"lab.Unmapped","2026-09-20T13:30:43Z","sec-exchange"
"AEFC","AEGON LTD.","NYSE",NA,"lab.Unmapped","2026-09-20T13:30:43Z","sec-exchange"
"ECF-PA","ELLSWORTH GROWTH & INCOME FUND LTD","NYSE",NA,"lab.Unmapped","2026-09-20T13:30:43Z","sec-exchange"
"GAB-PG","GABELLI EQUITY TRUST INC","NYSE",NA,"lab.Unmapped","2026-09-20T13:30:43Z","sec-exchange"
"GAB-PH","GABELLI EQUITY TRUST INC","NYSE",NA,"lab.Unmapped","2026-09-20T13:30:43Z","sec-exchange"
"GAB-PK","GABELLI EQUITY TRUST INC","NYSE",NA,"lab.Unmapped","2026-09-20T13:30:43Z","sec-exchange"
"OXY-WT","OCCIDENTAL PETROLEUM CORP /DE/","NYSE",NA,"lab.Unmapped","2026-09-20T13:30:43Z","sec-exchange"
"FCNCN","FIRST CITIZENS BANCSHARES INC /DE/","NASDAQ",NA,"lab.Unmapped","2026-09-20T13:30:43Z","sec-exchange"
"FCNCO","FIRST CITIZENS BANCSHARES INC /DE/","NASDAQ",NA,"lab.Unmapped","2026-09-20T13:30:43Z","sec-exchange"
"FCNCP","FIRST CITIZENS BANCSHARES INC /DE/","NASDAQ",NA,"lab.Unmapped","2026-09-20T13:30:43Z","sec-exchange"
"CMSC","CMS ENERGY CORP","NYSE",NA,"lab.Unmapped","2026-09-20T13:30:43Z","sec-exchange"
"CMSD","CMS ENERGY CORP","NYSE",NA,"lab.Unmapped","2026-09-20T13:30:43Z","sec-exchange"
"CMS-PC","CMS ENERGY CORP","NYSE",NA,"lab.Unmapped","2026-09-20T13:30:43Z","sec-exchange"
"SNUS-PH","Santander Holdings USA, Inc.","NYSE",NA,"lab.Unmapped","2026-09-20T13:30:43Z","sec-exchange"
"SNUS-PI","Santander Holdings USA, Inc.","NYSE",NA,"lab.Unmapped","2026-09-20T13:30:43Z","sec-exchange"
"UZD","ARRAY DIGITAL INFRASTRUCTURE, INC.","NYSE",NA,"lab.Unmapped","2026-09-20T13:30:43Z","sec-exchange"
"UZE","ARRAY DIGITAL INFRASTRUCTURE, INC.","NYSE",NA,"lab.Unmapped","2026-09-20T13:30:43Z","sec-exchange"
"UZF","ARRAY DIGITAL INFRASTRUCTURE, INC.","NYSE",NA,"lab.Unmapped","2026-09-20T13:30:43Z","sec-exchange"
"CHSCL","CHS INC","NASDAQ",NA,"lab.Unmapped","2026-09-20T13:30:43Z","sec-exchange"
"CHSCM","CHS INC","NASDAQ",NA,"lab.Unmapped","2026-09-20T13:30:43Z","sec-exchange"
"CHSCN","CHS INC","NASDAQ",NA,"lab.Unmapped","2026-09-20T13:30:43Z","sec-exchange"
"CHSCO","CHS INC","NASDAQ",NA,"lab.Unmapped","2026-09-20T13:30:43Z","sec-exchange"
"DX-PC","DYNEX CAPITAL INC","NYSE",NA,"lab.Unmapped","2026-09-20T13:30:43Z","sec-exchange"
"MCHPP","MICROCHIP TECHNOLOGY INC","NASDAQ",NA,"lab.Unmapped","2026-09-20T13:30:43Z","sec-exchange"
"CLSKW","CLEANSPARK, INC.","NASDAQ",NA,"lab.Unmapped","2026-09-20T13:30:43Z","sec-exchange"
"C-PN","CITIGROUP INC","NYSE",NA,"lab.Unmapped","2026-09-20T13:30:43Z","sec-exchange"
"C-PR","CITIGROUP INC","NYSE",NA,"lab.Unmapped","2026-09-20T13:30:43Z","sec-exchange"
"AGM-PD","FEDERAL AGRICULTURAL MORTGAGE CORP","NYSE",NA,"lab.Unmapped","2026-09-20T13:30:43Z","sec-exchange"
"AGM-PE","FEDERAL AGRICULTURAL MORTGAGE CORP","NYSE",NA,"lab.Unmapped","2026-09-20T13:30:43Z","sec-exchange"
"AGM-PF","FEDERAL AGRICULTURAL MORTGAGE CORP","NYSE",NA,"lab.Unmapped","2026-09-20T13:30:43Z","sec-exchange"
"AGM-PG","FEDERAL AGRICULTURAL MORTGAGE CORP","NYSE",NA,"lab.Unmapped","2026-09-20T13:30:43Z","sec-exchange"
"AGM-PH","FEDERAL AGRICULTURAL MORTGAGE CORP","NYSE",NA,"lab.Unmapped","2026-09-20T13:30:43Z","sec-exchange"
"AGM-PI","FEDERAL AGRICULTURAL MORTGAGE CORP","NYSE",NA,"lab.Unmapped","2026-09-20T13:30:43Z","sec-exchange"
"DCBG","Dime Commercial Bancshares, Inc. /NY/","NYSE",NA,"lab.Unmapped","2026-09-20T13:30:43Z","sec-exchange"
"DCOM-P","Dime Commercial Bancshares, Inc. /NY/","NYSE",NA,"lab.Unmapped","2026-09-20T13:30:43Z","sec-exchange"
"GENVR","Gen Digital Inc.","NASDAQ",NA,"lab.Unmapped","2026-09-20T13:30:43Z","sec-exchange"
"KMPB","KEMPER Corp","NYSE",NA,"lab.Unmapped","2026-09-20T13:30:43Z","sec-exchange"
"HIG-PG","HARTFORD INSURANCE GROUP, INC.","NYSE",NA,"lab.Unmapped","2026-09-20T13:30:43Z","sec-exchange"
"KIM-PL","KIMCO REALTY CORP","NYSE",NA,"lab.Unmapped","2026-09-20T13:30:43Z","sec-exchange"
"KIM-PM","KIMCO REALTY CORP","NYSE",NA,"lab.Unmapped","2026-09-20T13:30:43Z","sec-exchange"
"KIM-PN","KIMCO REALTY CORP","NYSE",NA,"lab.Unmapped","2026-09-20T13:30:43Z","sec-exchange"
"AUB-PA","Atlantic Union Bankshares Corp","NYSE",NA,"lab.Unmapped","2026-09-20T13:30:43Z","sec-exchange"
"GS-PA","GOLDMAN SACHS GROUP INC","NYSE",NA,"lab.Unmapped","2026-09-20T13:30:43Z","sec-exchange"
"GS-PC","GOLDMAN SACHS GROUP INC","NYSE",NA,"lab.Unmapped","2026-09-20T13:30:43Z","sec-exchange"
"GS-PD","GOLDMAN SACHS GROUP INC","NYSE",NA,"lab.Unmapped","2026-09-20T13:30:43Z","sec-exchange"
"MS-PA","MORGAN STANLEY","NYSE",NA,"lab.Unmapped","2026-09-20T13:30:43Z","sec-exchange"
"MS-PF","MORGAN STANLEY","NYSE",NA,"lab.Unmapped","2026-09-20T13:30:43Z","sec-exchange"
"MS-PI","MORGAN STANLEY","NYSE",NA,"lab.Unmapped","2026-09-20T13:30:43Z","sec-exchange"
"MS-PL","MORGAN STANLEY","NYSE",NA,"lab.Unmapped","2026-09-20T13:30:43Z","sec-exchange"
"MS-PO","MORGAN STANLEY","NYSE",NA,"lab.Unmapped","2026-09-20T13:30:43Z","sec-exchange"
"MS-PP","MORGAN STANLEY","NYSE",NA,"lab.Unmapped","2026-09-20T13:30:43Z","sec-exchange"
"MS-PQ","MORGAN STANLEY","NYSE",NA,"lab.Unmapped","2026-09-20T13:30:43Z","sec-exchange"
"GPUS-PD","Hyperscale Data, Inc.","NYSE",NA,"lab.Unmapped","2026-09-20T13:30:43Z","sec-exchange"
"SPE-PC","SPECIAL OPPORTUNITIES FUND, INC.","NYSE",NA,"lab.Unmapped","2026-09-20T13:30:43Z","sec-exchange"
"RZC","REINSURANCE GROUP OF AMERICA INC","NYSE",NA,"lab.Unmapped","2026-09-20T13:30:43Z","sec-exchange"
"ALL-PB","ALLSTATE CORP","NYSE",NA,"lab.Unmapped","2026-09-20T13:30:43Z","sec-exchange"
"ALL-PI","ALLSTATE CORP","NYSE",NA,"lab.Unmapped","2026-09-20T13:30:43Z","sec-exchange"
"ALL-PJ","ALLSTATE CORP","NYSE",NA,"lab.Unmapped","2026-09-20T13:30:43Z","sec-exchange"
"VNO-PN","VORNADO REALTY TRUST","NYSE",NA,"lab.Unmapped","2026-09-20T13:30:43Z","sec-exchange"
"VNO-PO","VORNADO REALTY TRUST","NYSE",NA,"lab.Unmapped","2026-09-20T13:30:43Z","sec-exchange"
"BFS-PE","SAUL CENTERS, INC.","NYSE",NA,"lab.Unmapped","2026-09-20T13:30:43Z","sec-exchange"
"FLG-PA","FLAGSTAR BANK, NATIONAL ASSOCIATION","NYSE",NA,"lab.Unmapped","2026-09-20T13:30:43Z","sec-exchange"
"FLG-PU","FLAGSTAR BANK, NATIONAL ASSOCIATION","NYSE",NA,"lab.Unmapped","2026-09-20T13:30:43Z","sec-exchange"
"REGCO","REGENCY CENTERS CORP","NASDAQ",NA,"lab.Unmapped","2026-09-20T13:30:43Z","sec-exchange"
"REGCP","REGENCY CENTERS CORP","NASDAQ",NA,"lab.Unmapped","2026-09-20T13:30:43Z","sec-exchange"
"RNR-PF","RENAISSANCERE HOLDINGS LTD","NYSE",NA,"lab.Unmapped","2026-09-20T13:30:43Z","sec-exchange"
"RNR-PG","RENAISSANCERE HOLDINGS LTD","NYSE",NA,"lab.Unmapped","2026-09-20T13:30:43Z","sec-exchange"
"ALB-PA","ALBEMARLE CORP","NYSE",NA,"lab.Unmapped","2026-09-20T13:30:43Z","sec-exchange"
"ADC-PA","AGREE REALTY CORP","NYSE",NA,"lab.Unmapped","2026-09-20T13:30:43Z","sec-exchange"
"GGT-PG","GABELLI MULTIMEDIA TRUST INC.","NYSE",NA,"lab.Unmapped","2026-09-20T13:30:43Z","sec-exchange"
"PPLC","PPL Corp","NYSE",NA,"lab.Unmapped","2026-09-20T13:30:43Z","sec-exchange"
"COF-PI","CAPITAL ONE FINANCIAL CORP","NYSE",NA,"lab.Unmapped","2026-09-20T13:30:43Z","sec-exchange"
"COF-PJ","CAPITAL ONE FINANCIAL CORP","NYSE",NA,"lab.Unmapped","2026-09-20T13:30:43Z","sec-exchange"
"COF-PK","CAPITAL ONE FINANCIAL CORP","NYSE",NA,"lab.Unmapped","2026-09-20T13:30:43Z","sec-exchange"
"COF-PL","CAPITAL ONE FINANCIAL CORP","NYSE",NA,"lab.Unmapped","2026-09-20T13:30:43Z","sec-exchange"
"COF-PN","CAPITAL ONE FINANCIAL CORP","NYSE",NA,"lab.Unmapped","2026-09-20T13:30:43Z","sec-exchange"
"AIQD","BANK OF MONTREAL /CAN/","NYSE",NA,"lab.Unmapped","2026-09-20T13:30:43Z","sec-exchange"
"AIQU","BANK OF MONTREAL /CAN/","NYSE",NA,"lab.Unmapped","2026-09-20T13:30:43Z","sec-exchange"
"BERZ","BANK OF MONTREAL /CAN/","NYSE",NA,"lab.Unmapped","2026-09-20T13:30:43Z","sec-exchange"
"BNKD","BANK OF MONTREAL /CAN/","NYSE",NA,"lab.Unmapped","2026-09-20T13:30:43Z","sec-exchange"
"BNKU","BANK OF MONTREAL /CAN/","NYSE",NA,"lab.Unmapped","2026-09-20T13:30:43Z","sec-exchange"
"BULZ","BANK OF MONTREAL /CAN/","NYSE",NA,"lab.Unmapped","2026-09-20T13:30:43Z","sec-exchange"
"CARD","BANK OF MONTREAL /CAN/","NYSE",NA,"lab.Unmapped","2026-09-20T13:30:43Z","sec-exchange"
"CARU","BANK OF MONTREAL /CAN/","NYSE",NA,"lab.Unmapped","2026-09-20T13:30:43Z","sec-exchange"
"DULL","BANK OF MONTREAL /CAN/","NYSE",NA,"lab.Unmapped","2026-09-20T13:30:43Z","sec-exchange"
"FLYD","BANK OF MONTREAL /CAN/","NYSE",NA,"lab.Unmapped","2026-09-20T13:30:43Z","sec-exchange"
"FLYU","BANK OF MONTREAL /CAN/","NYSE",NA,"lab.Unmapped","2026-09-20T13:30:43Z","sec-exchange"
"FNGO","BANK OF MONTREAL /CAN/","NYSE",NA,"lab.Unmapped","2026-09-20T13:30:43Z","sec-exchange"
"FNGS","BANK OF MONTREAL /CAN/","NYSE",NA,"lab.Unmapped","2026-09-20T13:30:43Z","sec-exchange"
"FNGU","BANK OF MONTREAL /CAN/","NYSE",NA,"lab.Unmapped","2026-09-20T13:30:43Z","sec-exchange"
"GDXD","BANK OF MONTREAL /CAN/","NYSE",NA,"lab.Unmapped","2026-09-20T13:30:43Z","sec-exchange"
"GDXU","BANK OF MONTREAL /CAN/","NYSE",NA,"lab.Unmapped","2026-09-20T13:30:43Z","sec-exchange"
"JETD","BANK OF MONTREAL /CAN/","NYSE",NA,"lab.Unmapped","2026-09-20T13:30:43Z","sec-exchange"
"JETU","BANK OF MONTREAL /CAN/","NYSE",NA,"lab.Unmapped","2026-09-20T13:30:43Z","sec-exchange"
"MNGU","BANK OF MONTREAL /CAN/","NYSE",NA,"lab.Unmapped","2026-09-20T13:30:43Z","sec-exchange"
"NRGD","BANK OF MONTREAL /CAN/","NYSE",NA,"lab.Unmapped","2026-09-20T13:30:43Z","sec-exchange"
"NRGU","BANK OF MONTREAL /CAN/","NYSE",NA,"lab.Unmapped","2026-09-20T13:30:43Z","sec-exchange"
"OILD","BANK OF MONTREAL /CAN/","NYSE",NA,"lab.Unmapped","2026-09-20T13:30:43Z","sec-exchange"
"OILU","BANK OF MONTREAL /CAN/","NYSE",NA,"lab.Unmapped","2026-09-20T13:30:43Z","sec-exchange"
"SHNY","BANK OF MONTREAL /CAN/","NYSE",NA,"lab.Unmapped","2026-09-20T13:30:43Z","sec-exchange"
"SPYU","BANK OF MONTREAL /CAN/","NYSE",NA,"lab.Unmapped","2026-09-20T13:30:43Z","sec-exchange"
"WTID","BANK OF MONTREAL /CAN/","NYSE",NA,"lab.Unmapped","2026-09-20T13:30:43Z","sec-exchange"
"WTIU","BANK OF MONTREAL /CAN/","NYSE",NA,"lab.Unmapped","2026-09-20T13:30:43Z","sec-exchange"
"RWTN","REDWOOD TRUST INC","NYSE",NA,"lab.Unmapped","2026-09-20T13:30:43Z","sec-exchange"
"RWTO","REDWOOD TRUST INC","NYSE",NA,"lab.Unmapped","2026-09-20T13:30:43Z","sec-exchange"
"RWTP","REDWOOD TRUST INC","NYSE",NA,"lab.Unmapped","2026-09-20T13:30:43Z","sec-exchange"
"RWT-PA","REDWOOD TRUST INC","NYSE",NA,"lab.Unmapped","2026-09-20T13:30:43Z","sec-exchange"
"RWTQ","REDWOOD TRUST INC","NYSE",NA,"lab.Unmapped","2026-09-20T13:30:43Z","sec-exchange"
"RWTS","REDWOOD TRUST INC","NYSE",NA,"lab.Unmapped","2026-09-20T13:30:43Z","sec-exchange"
"DTB","DTE ENERGY CO","NYSE",NA,"lab.Unmapped","2026-09-20T13:30:43Z","sec-exchange"
"DTG","DTE ENERGY CO","NYSE",NA,"lab.Unmapped","2026-09-20T13:30:43Z","sec-exchange"
"DTK","DTE ENERGY CO","NYSE",NA,"lab.Unmapped","2026-09-20T13:30:43Z","sec-exchange"
"WAFDP","WAFD INC","NASDAQ",NA,"lab.Unmapped","2026-09-20T13:30:43Z","sec-exchange"
"ACGLN","ARCH CAPITAL GROUP LTD.","NASDAQ",NA,"lab.Unmapped","2026-09-20T13:30:43Z","sec-exchange"
"ACGLO","ARCH CAPITAL GROUP LTD.","NASDAQ",NA,"lab.Unmapped","2026-09-20T13:30:43Z","sec-exchange"
"LFMDP","LifeMD, Inc.","NASDAQ",NA,"lab.Unmapped","2026-09-20T13:30:43Z","sec-exchange"
"MBNKO","MEDALLION FINANCIAL CORP","NASDAQ",NA,"lab.Unmapped","2026-09-20T13:30:43Z","sec-exchange"
"BNH","BROOKFIELD Corp /ON/","NYSE",NA,"lab.Unmapped","2026-09-20T13:30:43Z","sec-exchange"
"BNJ","BROOKFIELD Corp /ON/","NYSE",NA,"lab.Unmapped","2026-09-20T13:30:43Z","sec-exchange"
"MGR","AFFILIATED MANAGERS GROUP, INC.","NYSE",NA,"lab.Unmapped","2026-09-20T13:30:43Z","sec-exchange"
"MGRB","AFFILIATED MANAGERS GROUP, INC.","NYSE",NA,"lab.Unmapped","2026-09-20T13:30:43Z","sec-exchange"
"MGRD","AFFILIATED MANAGERS GROUP, INC.","NYSE",NA,"lab.Unmapped","2026-09-20T13:30:43Z","sec-exchange"
"MGRE","AFFILIATED MANAGERS GROUP, INC.","NYSE",NA,"lab.Unmapped","2026-09-20T13:30:43Z","sec-exchange"
"PCG-PA","PG&E Corp","NYSE",NA,"lab.Unmapped","2026-09-20T13:30:43Z","sec-exchange"
"PCG-PB","PG&E Corp","NYSE",NA,"lab.Unmapped","2026-09-20T13:30:43Z","sec-exchange"
"PCG-PX","PG&E Corp","NYSE",NA,"lab.Unmapped","2026-09-20T13:30:43Z","sec-exchange"
"AIMDW","Ainos, Inc.","NASDAQ",NA,"lab.Unmapped","2026-09-20T13:30:43Z","sec-exchange"
"WTFCN","WINTRUST FINANCIAL CORP","NASDAQ",NA,"lab.Unmapped","2026-09-20T13:30:43Z","sec-exchange"
"POWWP","Outdoor Holding Co","NASDAQ",NA,"lab.Unmapped","2026-09-20T13:30:43Z","sec-exchange"
"EFSCP","ENTERPRISE FINANCIAL SERVICES CORP","NASDAQ",NA,"lab.Unmapped","2026-09-20T13:30:43Z","sec-exchange"
"SREA","SEMPRA","NYSE",NA,"lab.Unmapped","2026-09-20T13:30:43Z","sec-exchange"
"ANG-PD","American National Group Inc.","NYSE",NA,"lab.Unmapped","2026-09-20T13:30:43Z","sec-exchange"
"AFGB","AMERICAN FINANCIAL GROUP INC","NYSE",NA,"lab.Unmapped","2026-09-20T13:30:43Z","sec-exchange"
"AFGC","AMERICAN FINANCIAL GROUP INC","NYSE",NA,"lab.Unmapped","2026-09-20T13:30:43Z","sec-exchange"
"AFGD","AMERICAN FINANCIAL GROUP INC","NYSE",NA,"lab.Unmapped","2026-09-20T13:30:43Z","sec-exchange"
"AFGE","AMERICAN FINANCIAL GROUP INC","NYSE",NA,"lab.Unmapped","2026-09-20T13:30:43Z","sec-exchange"
"NLY-PF","ANNALY CAPITAL MANAGEMENT INC","NYSE",NA,"lab.Unmapped","2026-09-20T13:30:43Z","sec-exchange"
"NLY-PG","ANNALY CAPITAL MANAGEMENT INC","NYSE",NA,"lab.Unmapped","2026-09-20T13:30:43Z","sec-exchange"
"NLY-PI","ANNALY CAPITAL MANAGEMENT INC","NYSE",NA,"lab.Unmapped","2026-09-20T13:30:43Z","sec-exchange"
"NLY-PJ","ANNALY CAPITAL MANAGEMENT INC","NYSE",NA,"lab.Unmapped","2026-09-20T13:30:43Z","sec-exchange"
"EPR-PC","EPR PROPERTIES","NYSE",NA,"lab.Unmapped","2026-09-20T13:30:43Z","sec-exchange"
"EPR-PE","EPR PROPERTIES","NYSE",NA,"lab.Unmapped","2026-09-20T13:30:43Z","sec-exchange"
"EPR-PG","EPR PROPERTIES","NYSE",NA,"lab.Unmapped","2026-09-20T13:30:43Z","sec-exchange"
"STRD","Strategy Inc","NASDAQ",NA,"lab.Unmapped","2026-09-20T13:30:43Z","sec-exchange"
"STRF","Strategy Inc","NASDAQ",NA,"lab.Unmapped","2026-09-20T13:30:43Z","sec-exchange"
"STRK","Strategy Inc","NASDAQ",NA,"lab.Unmapped","2026-09-20T13:30:43Z","sec-exchange"
"TDS-PU","TELEPHONE & DATA SYSTEMS INC /DE/","NYSE",NA,"lab.Unmapped","2026-09-20T13:30:43Z","sec-exchange"
"TDS-PV","TELEPHONE & DATA SYSTEMS INC /DE/","NYSE",NA,"lab.Unmapped","2026-09-20T13:30:43Z","sec-exchange"
"GLDI","CREDIT SUISSE AG","NASDAQ",NA,"lab.Unmapped","2026-09-20T13:30:43Z","sec-exchange"
"SLVO","CREDIT SUISSE AG","NASDAQ",NA,"lab.Unmapped","2026-09-20T13:30:43Z","sec-exchange"
"USOI","CREDIT SUISSE AG","NASDAQ",NA,"lab.Unmapped","2026-09-20T13:30:43Z","sec-exchange"
"MFAN","MFA FINANCIAL, INC.","NYSE",NA,"lab.Unmapped","2026-09-20T13:30:43Z","sec-exchange"
"MFAO","MFA FINANCIAL, INC.","NYSE",NA,"lab.Unmapped","2026-09-20T13:30:43Z","sec-exchange"
"MFA-PB","MFA FINANCIAL, INC.","NYSE",NA,"lab.Unmapped","2026-09-20T13:30:43Z","sec-exchange"
"MFA-PC","MFA FINANCIAL, INC.","NYSE",NA,"lab.Unmapped","2026-09-20T13:30:43Z","sec-exchange"
"BESS-WT","Bimergen Energy Corp","NYSE",NA,"lab.Unmapped","2026-09-20T13:30:43Z","sec-exchange"
"DHCNI","DIVERSIFIED HEALTHCARE TRUST","NASDAQ",NA,"lab.Unmapped","2026-09-20T13:30:43Z","sec-exchange"
"DHCNL","DIVERSIFIED HEALTHCARE TRUST","NASDAQ",NA,"lab.Unmapped","2026-09-20T13:30:43Z","sec-exchange"
"NOVTU","NOVANTA INC","NASDAQ",NA,"lab.Unmapped","2026-09-20T13:30:43Z","sec-exchange"
"TCBIO","TEXAS CAPITAL BANCSHARES INC/TX","NASDAQ",NA,"lab.Unmapped","2026-09-20T13:30:43Z","sec-exchange"
"SQFTP","Presidio Property Trust, Inc.","NASDAQ",NA,"lab.Unmapped","2026-09-20T13:30:43Z","sec-exchange"
"SQFTW","Presidio Property Trust, Inc.","NASDAQ",NA,"lab.Unmapped","2026-09-20T13:30:43Z","sec-exchange"
"GUT-PC","GABELLI UTILITY TRUST","NYSE",NA,"lab.Unmapped","2026-09-20T13:30:43Z","sec-exchange"
"SWKHL","SWK Holdings Corp","NASDAQ",NA,"lab.Unmapped","2026-09-20T13:30:43Z","sec-exchange"
"CHTRP","CHARTER COMMUNICATIONS, INC. /MO/","NASDAQ",NA,"lab.Unmapped","2026-09-20T13:30:43Z","sec-exchange"
"MET-PF","METLIFE INC","NYSE",NA,"lab.Unmapped","2026-09-20T13:30:43Z","sec-exchange"
"BFH-PA","BREAD FINANCIAL HOLDINGS, INC.","NYSE",NA,"lab.Unmapped","2026-09-20T13:30:43Z","sec-exchange"
"BFH-PB","BREAD FINANCIAL HOLDINGS, INC.","NYSE",NA,"lab.Unmapped","2026-09-20T13:30:43Z","sec-exchange"
"BRKRP","BRUKER CORP","NASDAQ",NA,"lab.Unmapped","2026-09-20T13:30:43Z","sec-exchange"
"AMUB","UBS AG","NYSE",NA,"lab.Unmapped","2026-09-20T13:30:43Z","sec-exchange"
"BDCX","UBS AG","NYSE",NA,"lab.Unmapped","2026-09-20T13:30:43Z","sec-exchange"
"BDCZ","UBS AG","NYSE",NA,"lab.Unmapped","2026-09-20T13:30:43Z","sec-exchange"
"CEFD","UBS AG","NYSE",NA,"lab.Unmapped","2026-09-20T13:30:43Z","sec-exchange"
"HDLB","UBS AG","NYSE",NA,"lab.Unmapped","2026-09-20T13:30:43Z","sec-exchange"
"IFED","UBS AG","NYSE",NA,"lab.Unmapped","2026-09-20T13:30:43Z","sec-exchange"
"MLPB","UBS AG","NYSE",NA,"lab.Unmapped","2026-09-20T13:30:43Z","sec-exchange"
"MLPR","UBS AG","NYSE",NA,"lab.Unmapped","2026-09-20T13:30:43Z","sec-exchange"
"MVRL","UBS AG","NYSE",NA,"lab.Unmapped","2026-09-20T13:30:43Z","sec-exchange"
"PFFL","UBS AG","NYSE",NA,"lab.Unmapped","2026-09-20T13:30:43Z","sec-exchange"
"SMHB","UBS AG","NYSE",NA,"lab.Unmapped","2026-09-20T13:30:43Z","sec-exchange"
"UCIB","UBS AG","NYSE",NA,"lab.Unmapped","2026-09-20T13:30:43Z","sec-exchange"
"SRJN","SPIRE INC","NYSE",NA,"lab.Unmapped","2026-09-20T13:30:43Z","sec-exchange"
"BBBYW","NEIGHBORHOOD INTELLIGENCE, INC.","NASDAQ",NA,"lab.Unmapped","2026-09-20T13:30:43Z","sec-exchange"
"PFH","PRUDENTIAL FINANCIAL INC","NYSE",NA,"lab.Unmapped","2026-09-20T13:30:43Z","sec-exchange"
"PRH","PRUDENTIAL FINANCIAL INC","NYSE",NA,"lab.Unmapped","2026-09-20T13:30:43Z","sec-exchange"
"PRS","PRUDENTIAL FINANCIAL INC","NYSE",NA,"lab.Unmapped","2026-09-20T13:30:43Z","sec-exchange"
"DGP","DEUTSCHE BANK AKTIENGESELLSCHAFT","NYSE",NA,"lab.Unmapped","2026-09-20T13:30:43Z","sec-exchange"
"DGZ","DEUTSCHE BANK AKTIENGESELLSCHAFT","NYSE",NA,"lab.Unmapped","2026-09-20T13:30:43Z","sec-exchange"
"DZZ","DEUTSCHE BANK AKTIENGESELLSCHAFT","NYSE",NA,"lab.Unmapped","2026-09-20T13:30:43Z","sec-exchange"
"TEN-PE","TSAKOS ENERGY NAVIGATION LTD","NYSE",NA,"lab.Unmapped","2026-09-20T13:30:43Z","sec-exchange"
"TEN-PF","TSAKOS ENERGY NAVIGATION LTD","NYSE",NA,"lab.Unmapped","2026-09-20T13:30:43Z","sec-exchange"
"BANC-PF","BANC OF CALIFORNIA, INC.","NYSE",NA,"lab.Unmapped","2026-09-20T13:30:43Z","sec-exchange"
"AQNB","ALGONQUIN POWER & UTILITIES CORP.","NYSE",NA,"lab.Unmapped","2026-09-20T13:30:43Z","sec-exchange"
"ARES-PB","Ares Management Corp","NYSE",NA,"lab.Unmapped","2026-09-20T13:30:43Z","sec-exchange"
"STRRP","Star Equity Holdings, Inc.","NASDAQ",NA,"lab.Unmapped","2026-09-20T13:30:43Z","sec-exchange"
"WAL-PA","WESTERN ALLIANCE BANCORPORATION","NYSE",NA,"lab.Unmapped","2026-09-20T13:30:43Z","sec-exchange"
"NCV-PA","Virtus Convertible & Income Fund","NYSE",NA,"lab.Unmapped","2026-09-20T13:30:43Z","sec-exchange"
"CNO-PA","CNO Financial Group, Inc.","NYSE",NA,"lab.Unmapped","2026-09-20T13:30:43Z","sec-exchange"
"AHT-PD","ASHFORD HOSPITALITY TRUST INC","NYSE",NA,"lab.Unmapped","2026-09-20T13:30:43Z","sec-exchange"
"AHT-PF","ASHFORD HOSPITALITY TRUST INC","NYSE",NA,"lab.Unmapped","2026-09-20T13:30:43Z","sec-exchange"
"AHT-PG","ASHFORD HOSPITALITY TRUST INC","NYSE",NA,"lab.Unmapped","2026-09-20T13:30:43Z","sec-exchange"
"AHT-PH","ASHFORD HOSPITALITY TRUST INC","NYSE",NA,"lab.Unmapped","2026-09-20T13:30:43Z","sec-exchange"
"AHT-PI","ASHFORD HOSPITALITY TRUST INC","NYSE",NA,"lab.Unmapped","2026-09-20T13:30:43Z","sec-exchange"
"GOODN","GLADSTONE COMMERCIAL CORP","NASDAQ",NA,"lab.Unmapped","2026-09-20T13:30:43Z","sec-exchange"
"GOODO","GLADSTONE COMMERCIAL CORP","NASDAQ",NA,"lab.Unmapped","2026-09-20T13:30:43Z","sec-exchange"
"QXO-PB","QXO, Inc.","NYSE",NA,"lab.Unmapped","2026-09-20T13:30:43Z","sec-exchange"
"ABR-PD","ARBOR REALTY TRUST INC","NYSE",NA,"lab.Unmapped","2026-09-20T13:30:43Z","sec-exchange"
"ABR-PE","ARBOR REALTY TRUST INC","NYSE",NA,"lab.Unmapped","2026-09-20T13:30:43Z","sec-exchange"
"ABR-PF","ARBOR REALTY TRUST INC","NYSE",NA,"lab.Unmapped","2026-09-20T13:30:43Z","sec-exchange"
"QVCG","QVC Group, Inc.","NASDAQ",NA,"lab.Unmapped","2026-09-20T13:30:43Z","sec-exchange"
"OXSQG","Oxford Square Capital Corp.","NASDAQ",NA,"lab.Unmapped","2026-09-20T13:30:43Z","sec-exchange"
"OXSQH","Oxford Square Capital Corp.","NASDAQ",NA,"lab.Unmapped","2026-09-20T13:30:43Z","sec-exchange"
"GDV-PK","GABELLI DIVIDEND & INCOME TRUST","NYSE",NA,"lab.Unmapped","2026-09-20T13:30:43Z","sec-exchange"
"COPR-WT","Idaho Copper Corp","NYSE",NA,"lab.Unmapped","2026-09-20T13:30:43Z","sec-exchange"
"AIZN","ASSURANT, INC.","NYSE",NA,"lab.Unmapped","2026-09-20T13:30:43Z","sec-exchange"
"AHL-PD","ASPEN INSURANCE HOLDINGS LTD","NYSE",NA,"lab.Unmapped","2026-09-20T13:30:43Z","sec-exchange"
"AHL-PE","ASPEN INSURANCE HOLDINGS LTD","NYSE",NA,"lab.Unmapped","2026-09-20T13:30:43Z","sec-exchange"
"AHL-PF","ASPEN INSURANCE HOLDINGS LTD","NYSE",NA,"lab.Unmapped","2026-09-20T13:30:43Z","sec-exchange"
"ADAMG","ADAMAS TRUST, INC.","NASDAQ",NA,"lab.Unmapped","2026-09-20T13:30:43Z","sec-exchange"
"ADAMH","ADAMAS TRUST, INC.","NASDAQ",NA,"lab.Unmapped","2026-09-20T13:30:43Z","sec-exchange"
"ADAMI","ADAMAS TRUST, INC.","NASDAQ",NA,"lab.Unmapped","2026-09-20T13:30:43Z","sec-exchange"
"ADAMK","ADAMAS TRUST, INC.","NASDAQ",NA,"lab.Unmapped","2026-09-20T13:30:43Z","sec-exchange"
"ADAML","ADAMAS TRUST, INC.","NASDAQ",NA,"lab.Unmapped","2026-09-20T13:30:43Z","sec-exchange"
"ADAMM","ADAMAS TRUST, INC.","NASDAQ",NA,"lab.Unmapped","2026-09-20T13:30:43Z","sec-exchange"
"ADAMN","ADAMAS TRUST, INC.","NASDAQ",NA,"lab.Unmapped","2026-09-20T13:30:43Z","sec-exchange"
"ADAMO","ADAMAS TRUST, INC.","NASDAQ",NA,"lab.Unmapped","2026-09-20T13:30:43Z","sec-exchange"
"ADAMZ","ADAMAS TRUST, INC.","NASDAQ",NA,"lab.Unmapped","2026-09-20T13:30:43Z","sec-exchange"
"ET-PI","Energy Transfer LP","NYSE",NA,"lab.Unmapped","2026-09-20T13:30:43Z","sec-exchange"
"MFICL","MidCap Financial Investment Corp","NASDAQ",NA,"lab.Unmapped","2026-09-20T13:30:43Z","sec-exchange"
"HCXY","Hercules Capital, Inc.","NYSE",NA,"lab.Unmapped","2026-09-20T13:30:43Z","sec-exchange"
"RF-PE","REGIONS FINANCIAL CORP","NYSE",NA,"lab.Unmapped","2026-09-20T13:30:43Z","sec-exchange"
"RF-PF","REGIONS FINANCIAL CORP","NYSE",NA,"lab.Unmapped","2026-09-20T13:30:43Z","sec-exchange"
"GLU-PA","GABELLI GLOBAL UTILITY & INCOME TRUST","NYSE",NA,"lab.Unmapped","2026-09-20T13:30:43Z","sec-exchange"
"TMUSI","T-Mobile US, Inc.","NASDAQ",NA,"lab.Unmapped","2026-09-20T13:30:43Z","sec-exchange"
"TMUSL","T-Mobile US, Inc.","NASDAQ",NA,"lab.Unmapped","2026-09-20T13:30:43Z","sec-exchange"
"TMUSZ","T-Mobile US, Inc.","NASDAQ",NA,"lab.Unmapped","2026-09-20T13:30:43Z","sec-exchange"
"PSEC-PA","PROSPECT CAPITAL CORP","NYSE",NA,"lab.Unmapped","2026-09-20T13:30:43Z","sec-exchange"
"SHO-PH","Sunstone Hotel Investors, Inc.","NYSE",NA,"lab.Unmapped","2026-09-20T13:30:43Z","sec-exchange"
"SHO-PI","Sunstone Hotel Investors, Inc.","NYSE",NA,"lab.Unmapped","2026-09-20T13:30:43Z","sec-exchange"
"DLR-PJ","DIGITAL REALTY TRUST, INC.","NYSE",NA,"lab.Unmapped","2026-09-20T13:30:43Z","sec-exchange"
"DLR-PL","DIGITAL REALTY TRUST, INC.","NYSE",NA,"lab.Unmapped","2026-09-20T13:30:43Z","sec-exchange"
"SEAL-PA","Seapeak LLC","NYSE",NA,"lab.Unmapped","2026-09-20T13:30:43Z","sec-exchange"
"SEAL-PB","Seapeak LLC","NYSE",NA,"lab.Unmapped","2026-09-20T13:30:43Z","sec-exchange"
"GGN-PB","GAMCO Global Gold, Natural Resources & Income Trust","NYSE",NA,"lab.Unmapped","2026-09-20T13:30:43Z","sec-exchange"
"DSX-WT","DIANA SHIPPING INC.","NYSE",NA,"lab.Unmapped","2026-09-20T13:30:43Z","sec-exchange"
"GAING","GLADSTONE INVESTMENT CORPORATIONDE","NASDAQ",NA,"lab.Unmapped","2026-09-20T13:30:43Z","sec-exchange"
"GAINI","GLADSTONE INVESTMENT CORPORATIONDE","NASDAQ",NA,"lab.Unmapped","2026-09-20T13:30:43Z","sec-exchange"
"GAINZ","GLADSTONE INVESTMENT CORPORATIONDE","NASDAQ",NA,"lab.Unmapped","2026-09-20T13:30:43Z","sec-exchange"
"DUKB","Duke Energy CORP","NYSE",NA,"lab.Unmapped","2026-09-20T13:30:43Z","sec-exchange"
"DUK-PA","Duke Energy CORP","NYSE",NA,"lab.Unmapped","2026-09-20T13:30:43Z","sec-exchange"
"DUKU","Duke Energy CORP","NYSE",NA,"lab.Unmapped","2026-09-20T13:30:43Z","sec-exchange"
"GME-WT","GameStop Corp.","NYSE",NA,"lab.Unmapped","2026-09-20T13:30:43Z","sec-exchange"
"ACR-PC","ACRES Commercial Realty Corp.","NYSE",NA,"lab.Unmapped","2026-09-20T13:30:43Z","sec-exchange"
"ACR-PD","ACRES Commercial Realty Corp.","NYSE",NA,"lab.Unmapped","2026-09-20T13:30:43Z","sec-exchange"
"EQH-PA","Equitable Holdings, Inc.","NYSE",NA,"lab.Unmapped","2026-09-20T13:30:43Z","sec-exchange"
"EQH-PC","Equitable Holdings, Inc.","NYSE",NA,"lab.Unmapped","2026-09-20T13:30:43Z","sec-exchange"
"BWBBP","Bridgewater Bancshares Inc","NASDAQ",NA,"lab.Unmapped","2026-09-20T13:30:43Z","sec-exchange"
"ORCL-PD","ORACLE CORP","NYSE",NA,"lab.Unmapped","2026-09-20T13:30:43Z","sec-exchange"
"CODI-PA","Compass Diversified Holdings","NYSE",NA,"lab.Unmapped","2026-09-20T13:30:43Z","sec-exchange"
"CODI-PC","Compass Diversified Holdings","NYSE",NA,"lab.Unmapped","2026-09-20T13:30:43Z","sec-exchange"
"NXDT-PA","NEXPOINT DIVERSIFIED REAL ESTATE TRUST","NYSE",NA,"lab.Unmapped","2026-09-20T13:30:43Z","sec-exchange"
"GRBK-PA","Green Brick Partners, Inc.","NYSE",NA,"lab.Unmapped","2026-09-20T13:30:43Z","sec-exchange"
"SMCIP","Super Micro Computer, Inc.","NASDAQ",NA,"lab.Unmapped","2026-09-20T13:30:43Z","sec-exchange"
"SAJ","SARATOGA INVESTMENT CORP.","NYSE",NA,"lab.Unmapped","2026-09-20T13:30:43Z","sec-exchange"
"SAT","SARATOGA INVESTMENT CORP.","NYSE",NA,"lab.Unmapped","2026-09-20T13:30:43Z","sec-exchange"
"SAV","SARATOGA INVESTMENT CORP.","NYSE",NA,"lab.Unmapped","2026-09-20T13:30:43Z","sec-exchange"
"SAX","SARATOGA INVESTMENT CORP.","NYSE",NA,"lab.Unmapped","2026-09-20T13:30:43Z","sec-exchange"
"SAY","SARATOGA INVESTMENT CORP.","NYSE",NA,"lab.Unmapped","2026-09-20T13:30:43Z","sec-exchange"
"SAZ","SARATOGA INVESTMENT CORP.","NYSE",NA,"lab.Unmapped","2026-09-20T13:30:43Z","sec-exchange"
"BNY-PK","Bank of New York Mellon Corp","NYSE",NA,"lab.Unmapped","2026-09-20T13:30:43Z","sec-exchange"
"PSA-PF","Public Storage","NYSE",NA,"lab.Unmapped","2026-09-20T13:30:43Z","sec-exchange"
"PSA-PG","Public Storage","NYSE",NA,"lab.Unmapped","2026-09-20T13:30:43Z","sec-exchange"
"PSA-PI","Public Storage","NYSE",NA,"lab.Unmapped","2026-09-20T13:30:43Z","sec-exchange"
"PSA-PJ","Public Storage","NYSE",NA,"lab.Unmapped","2026-09-20T13:30:43Z","sec-exchange"
"PSA-PK","Public Storage","NYSE",NA,"lab.Unmapped","2026-09-20T13:30:43Z","sec-exchange"
"PSA-PL","Public Storage","NYSE",NA,"lab.Unmapped","2026-09-20T13:30:43Z","sec-exchange"
"PSA-PM","Public Storage","NYSE",NA,"lab.Unmapped","2026-09-20T13:30:43Z","sec-exchange"
"PSA-PN","Public Storage","NYSE",NA,"lab.Unmapped","2026-09-20T13:30:43Z","sec-exchange"
"PSA-PO","Public Storage","NYSE",NA,"lab.Unmapped","2026-09-20T13:30:43Z","sec-exchange"
"PSA-PP","Public Storage","NYSE",NA,"lab.Unmapped","2026-09-20T13:30:43Z","sec-exchange"
"PSA-PQ","Public Storage","NYSE",NA,"lab.Unmapped","2026-09-20T13:30:43Z","sec-exchange"
"PSA-PR","Public Storage","NYSE",NA,"lab.Unmapped","2026-09-20T13:30:43Z","sec-exchange"
"PSA-PS","Public Storage","NYSE",NA,"lab.Unmapped","2026-09-20T13:30:43Z","sec-exchange"
"PSA-PT","Public Storage","NYSE",NA,"lab.Unmapped","2026-09-20T13:30:43Z","sec-exchange"
"IVDAW","Iveda Solutions, Inc.","NASDAQ",NA,"lab.Unmapped","2026-09-20T13:30:43Z","sec-exchange"
"SBFMW","Sunshine Biopharma Inc.","NASDAQ",NA,"lab.Unmapped","2026-09-20T13:30:43Z","sec-exchange"
"OAK-PB","Brookfield Oaktree Holdings, LLC","NYSE",NA,"lab.Unmapped","2026-09-20T13:30:43Z","sec-exchange"
"KKR-PD","KKR & Co. Inc.","NYSE",NA,"lab.Unmapped","2026-09-20T13:30:43Z","sec-exchange"
"KKRS","KKR & Co. Inc.","NYSE",NA,"lab.Unmapped","2026-09-20T13:30:43Z","sec-exchange"
"KKRT","KKR & Co. Inc.","NYSE",NA,"lab.Unmapped","2026-09-20T13:30:43Z","sec-exchange"
"BIPI","Brookfield Infrastructure Partners L.P.","NYSE",NA,"lab.Unmapped","2026-09-20T13:30:43Z","sec-exchange"
"BIPJ","Brookfield Infrastructure Partners L.P.","NYSE",NA,"lab.Unmapped","2026-09-20T13:30:43Z","sec-exchange"
"BIP-PA","Brookfield Infrastructure Partners L.P.","NYSE",NA,"lab.Unmapped","2026-09-20T13:30:43Z","sec-exchange"
"BIP-PB","Brookfield Infrastructure Partners L.P.","NYSE",NA,"lab.Unmapped","2026-09-20T13:30:43Z","sec-exchange"
"FGBIP","First Guaranty Bancshares, Inc.","NASDAQ",NA,"lab.Unmapped","2026-09-20T13:30:43Z","sec-exchange"
"CIMN","CHIMERA INVESTMENT CORP","NYSE",NA,"lab.Unmapped","2026-09-20T13:30:43Z","sec-exchange"
"CIMO","CHIMERA INVESTMENT CORP","NYSE",NA,"lab.Unmapped","2026-09-20T13:30:43Z","sec-exchange"
"CIMP","CHIMERA INVESTMENT CORP","NYSE",NA,"lab.Unmapped","2026-09-20T13:30:43Z","sec-exchange"
"CIM-PB","CHIMERA INVESTMENT CORP","NYSE",NA,"lab.Unmapped","2026-09-20T13:30:43Z","sec-exchange"
"CIM-PC","CHIMERA INVESTMENT CORP","NYSE",NA,"lab.Unmapped","2026-09-20T13:30:43Z","sec-exchange"
"CIM-PD","CHIMERA INVESTMENT CORP","NYSE",NA,"lab.Unmapped","2026-09-20T13:30:43Z","sec-exchange"
"EFC-PB","Ellington Financial Inc.","NYSE",NA,"lab.Unmapped","2026-09-20T13:30:43Z","sec-exchange"
"EFC-PC","Ellington Financial Inc.","NYSE",NA,"lab.Unmapped","2026-09-20T13:30:43Z","sec-exchange"
"EFC-PD","Ellington Financial Inc.","NYSE",NA,"lab.Unmapped","2026-09-20T13:30:43Z","sec-exchange"
"MHNC","Maiden Holdings, Ltd.","NYSE",NA,"lab.Unmapped","2026-09-20T13:30:43Z","sec-exchange"
"NCPLW","Netcapital Inc.","NASDAQ",NA,"lab.Unmapped","2026-09-20T13:30:43Z","sec-exchange"
"AGQ","ProShares Trust II","NYSE",NA,"lab.Unmapped","2026-09-20T13:30:43Z","sec-exchange"
"BOIL","ProShares Trust II","NYSE",NA,"lab.Unmapped","2026-09-20T13:30:43Z","sec-exchange"
"EUO","ProShares Trust II","NYSE",NA,"lab.Unmapped","2026-09-20T13:30:43Z","sec-exchange"
"GLL","ProShares Trust II","NYSE",NA,"lab.Unmapped","2026-09-20T13:30:43Z","sec-exchange"
"KOLD","ProShares Trust II","NYSE",NA,"lab.Unmapped","2026-09-20T13:30:43Z","sec-exchange"
"SCO","ProShares Trust II","NYSE",NA,"lab.Unmapped","2026-09-20T13:30:43Z","sec-exchange"
"UCO","ProShares Trust II","NYSE",NA,"lab.Unmapped","2026-09-20T13:30:43Z","sec-exchange"
"UGL","ProShares Trust II","NYSE",NA,"lab.Unmapped","2026-09-20T13:30:43Z","sec-exchange"
"ULE","ProShares Trust II","NYSE",NA,"lab.Unmapped","2026-09-20T13:30:43Z","sec-exchange"
"YCL","ProShares Trust II","NYSE",NA,"lab.Unmapped","2026-09-20T13:30:43Z","sec-exchange"
"YCS","ProShares Trust II","NYSE",NA,"lab.Unmapped","2026-09-20T13:30:43Z","sec-exchange"
"ZSL","ProShares Trust II","NYSE",NA,"lab.Unmapped","2026-09-20T13:30:43Z","sec-exchange"
"BBLGW","Bone Biologics Corp","NASDAQ",NA,"lab.Unmapped","2026-09-20T13:30:43Z","sec-exchange"
"AGNCL","AGNC Investment Corp.","NASDAQ",NA,"lab.Unmapped","2026-09-20T13:30:43Z","sec-exchange"
"AGNCM","AGNC Investment Corp.","NASDAQ",NA,"lab.Unmapped","2026-09-20T13:30:43Z","sec-exchange"
"AGNCN","AGNC Investment Corp.","NASDAQ",NA,"lab.Unmapped","2026-09-20T13:30:43Z","sec-exchange"
"AGNCO","AGNC Investment Corp.","NASDAQ",NA,"lab.Unmapped","2026-09-20T13:30:43Z","sec-exchange"
"AGNCP","AGNC Investment Corp.","NASDAQ",NA,"lab.Unmapped","2026-09-20T13:30:43Z","sec-exchange"
"AGNCZ","AGNC Investment Corp.","NASDAQ",NA,"lab.Unmapped","2026-09-20T13:30:43Z","sec-exchange"
"ARR-PC","Armour Residential REIT, Inc.","NYSE",NA,"lab.Unmapped","2026-09-20T13:30:43Z","sec-exchange"
"FBIOP","Fortress Biotech, Inc.","NASDAQ",NA,"lab.Unmapped","2026-09-20T13:30:43Z","sec-exchange"
"OGGWZ","Osisko Gold Group Inc.","NASDAQ",NA,"lab.Unmapped","2026-09-20T13:30:43Z","sec-exchange"
"SB-PD","SAFE BULKERS, INC.","NYSE",NA,"lab.Unmapped","2026-09-20T13:30:43Z","sec-exchange"
"IVR-PC","Invesco Mortgage Capital Inc.","NYSE",NA,"lab.Unmapped","2026-09-20T13:30:43Z","sec-exchange"
"GNT-PA","GAMCO Natural Resources, Gold & Income Trust","NYSE",NA,"lab.Unmapped","2026-09-20T13:30:43Z","sec-exchange"
"LOB-PA","Live Oak Bancshares, Inc.","NYSE",NA,"lab.Unmapped","2026-09-20T13:30:43Z","sec-exchange"
"ASPSW","ALTISOURCE PORTFOLIO SOLUTIONS S.A.","NASDAQ",NA,"lab.Unmapped","2026-09-20T13:30:43Z","sec-exchange"
"ASPSZ","ALTISOURCE PORTFOLIO SOLUTIONS S.A.","NASDAQ",NA,"lab.Unmapped","2026-09-20T13:30:43Z","sec-exchange"
"ATLCL","Atlanticus Holdings Corp","NASDAQ",NA,"lab.Unmapped","2026-09-20T13:30:43Z","sec-exchange"
"ATLCP","Atlanticus Holdings Corp","NASDAQ",NA,"lab.Unmapped","2026-09-20T13:30:43Z","sec-exchange"
"ATLCZ","Atlanticus Holdings Corp","NASDAQ",NA,"lab.Unmapped","2026-09-20T13:30:43Z","sec-exchange"
"PMT-PC","PennyMac Mortgage Investment Trust","NYSE",NA,"lab.Unmapped","2026-09-20T13:30:43Z","sec-exchange"
"PMTU","PennyMac Mortgage Investment Trust","NYSE",NA,"lab.Unmapped","2026-09-20T13:30:43Z","sec-exchange"
"PMTV","PennyMac Mortgage Investment Trust","NYSE",NA,"lab.Unmapped","2026-09-20T13:30:43Z","sec-exchange"
"PMTW","PennyMac Mortgage Investment Trust","NYSE",NA,"lab.Unmapped","2026-09-20T13:30:43Z","sec-exchange"
"RILYG","BRC Group Holdings, Inc.","NASDAQ",NA,"lab.Unmapped","2026-09-20T13:30:43Z","sec-exchange"
"RILYL","BRC Group Holdings, Inc.","NASDAQ",NA,"lab.Unmapped","2026-09-20T13:30:43Z","sec-exchange"
"RILYN","BRC Group Holdings, Inc.","NASDAQ",NA,"lab.Unmapped","2026-09-20T13:30:43Z","sec-exchange"
"RILYP","BRC Group Holdings, Inc.","NASDAQ",NA,"lab.Unmapped","2026-09-20T13:30:43Z","sec-exchange"
"RILYT","BRC Group Holdings, Inc.","NASDAQ",NA,"lab.Unmapped","2026-09-20T13:30:43Z","sec-exchange"
"RILYZ","BRC Group Holdings, Inc.","NASDAQ",NA,"lab.Unmapped","2026-09-20T13:30:43Z","sec-exchange"
"TWOD","TWO HARBORS INVESTMENT CORP.","NYSE",NA,"lab.Unmapped","2026-09-20T13:30:43Z","sec-exchange"
"MSBIP","Midland States Bancorp, Inc.","NASDAQ",NA,"lab.Unmapped","2026-09-20T13:30:43Z","sec-exchange"
"HSCSW","HeartSciences Inc.","NASDAQ",NA,"lab.Unmapped","2026-09-20T13:30:43Z","sec-exchange"
"NXGLW","NEXGEL, INC.","NASDAQ",NA,"lab.Unmapped","2026-09-20T13:30:43Z","sec-exchange"
"BTCK","Teucrium Commodity Trust","NYSE",NA,"lab.Unmapped","2026-09-20T13:30:43Z","sec-exchange"
"CANE","Teucrium Commodity Trust","NYSE",NA,"lab.Unmapped","2026-09-20T13:30:43Z","sec-exchange"
"CORN","Teucrium Commodity Trust","NYSE",NA,"lab.Unmapped","2026-09-20T13:30:43Z","sec-exchange"
"SOYB","Teucrium Commodity Trust","NYSE",NA,"lab.Unmapped","2026-09-20T13:30:43Z","sec-exchange"
"TAGS","Teucrium Commodity Trust","NYSE",NA,"lab.Unmapped","2026-09-20T13:30:43Z","sec-exchange"
"WEAT","Teucrium Commodity Trust","NYSE",NA,"lab.Unmapped","2026-09-20T13:30:43Z","sec-exchange"
"PEB-PG","Pebblebrook Hotel Trust","NYSE",NA,"lab.Unmapped","2026-09-20T13:30:43Z","sec-exchange"
"PEB-PH","Pebblebrook Hotel Trust","NYSE",NA,"lab.Unmapped","2026-09-20T13:30:43Z","sec-exchange"
"CLDT-PA","Chatham Lodging Trust","NYSE",NA,"lab.Unmapped","2026-09-20T13:30:43Z","sec-exchange"
"CPER","United States Commodity Index Funds Trust","NYSE",NA,"lab.Unmapped","2026-09-20T13:30:43Z","sec-exchange"
"HPP-PC","Hudson Pacific Properties, Inc.","NYSE",NA,"lab.Unmapped","2026-09-20T13:30:43Z","sec-exchange"
"BNCWW","CEA Industries Inc.","NASDAQ",NA,"lab.Unmapped","2026-09-20T13:30:43Z","sec-exchange"
"BNCWZ","CEA Industries Inc.","NASDAQ",NA,"lab.Unmapped","2026-09-20T13:30:43Z","sec-exchange"
"HTFC","Horizon Technology Finance Corp","NYSE",NA,"lab.Unmapped","2026-09-20T13:30:43Z","sec-exchange"
"OFSSH","OFS Capital Corp","NASDAQ",NA,"lab.Unmapped","2026-09-20T13:30:43Z","sec-exchange"
"OFSSO","OFS Capital Corp","NASDAQ",NA,"lab.Unmapped","2026-09-20T13:30:43Z","sec-exchange"
"CUBB","Customers Bancorp, Inc.","NYSE",NA,"lab.Unmapped","2026-09-20T13:30:43Z","sec-exchange"
"PFXNZ","PhenixFIN Corp","NASDAQ",NA,"lab.Unmapped","2026-09-20T13:30:43Z","sec-exchange"
"OXLCG","Oxford Lane Capital Corp.","NASDAQ",NA,"lab.Unmapped","2026-09-20T13:30:43Z","sec-exchange"
"OXLCI","Oxford Lane Capital Corp.","NASDAQ",NA,"lab.Unmapped","2026-09-20T13:30:43Z","sec-exchange"
"OXLCL","Oxford Lane Capital Corp.","NASDAQ",NA,"lab.Unmapped","2026-09-20T13:30:43Z","sec-exchange"
"OXLCN","Oxford Lane Capital Corp.","NASDAQ",NA,"lab.Unmapped","2026-09-20T13:30:43Z","sec-exchange"
"OXLCZ","Oxford Lane Capital Corp.","NASDAQ",NA,"lab.Unmapped","2026-09-20T13:30:43Z","sec-exchange"
"LANDO","GLADSTONE LAND Corp","NASDAQ",NA,"lab.Unmapped","2026-09-20T13:30:43Z","sec-exchange"
"NMFCZ","New Mountain Finance Corp","NASDAQ",NA,"lab.Unmapped","2026-09-20T13:30:43Z","sec-exchange"
"INN-PE","Summit Hotel Properties, Inc.","NYSE",NA,"lab.Unmapped","2026-09-20T13:30:43Z","sec-exchange"
"INN-PF","Summit Hotel Properties, Inc.","NYSE",NA,"lab.Unmapped","2026-09-20T13:30:43Z","sec-exchange"
"RIV-PA","RIVERNORTH OPPORTUNITIES FUND, INC.","NYSE",NA,"lab.Unmapped","2026-09-20T13:30:43Z","sec-exchange"
"RIV-RI","RIVERNORTH OPPORTUNITIES FUND, INC.","NYSE",NA,"lab.Unmapped","2026-09-20T13:30:43Z","sec-exchange"
"PRHIZ","Presurance Holdings, Inc.","NASDAQ",NA,"lab.Unmapped","2026-09-20T13:30:43Z","sec-exchange"
"ACP-PA","abrdn Income Credit Strategies Fund","NYSE",NA,"lab.Unmapped","2026-09-20T13:30:43Z","sec-exchange"
"CMRE-PB","Costamare Inc.","NYSE",NA,"lab.Unmapped","2026-09-20T13:30:43Z","sec-exchange"
"CMRE-PD","Costamare Inc.","NYSE",NA,"lab.Unmapped","2026-09-20T13:30:43Z","sec-exchange"
"NGL-PB","NGL Energy Partners LP","NYSE",NA,"lab.Unmapped","2026-09-20T13:30:43Z","sec-exchange"
"PFLA","PennantPark Floating Rate Capital Ltd.","NYSE",NA,"lab.Unmapped","2026-09-20T13:30:43Z","sec-exchange"
"EP-PC","KINDER MORGAN, INC.","NYSE",NA,"lab.Unmapped","2026-09-20T13:30:43Z","sec-exchange"
"NSLRL","Neostellar Capital Corp.","NASDAQ",NA,"lab.Unmapped","2026-09-20T13:30:43Z","sec-exchange"
"NIOBW","NIOCORP DEVELOPMENTS LTD","NASDAQ",NA,"lab.Unmapped","2026-09-20T13:30:43Z","sec-exchange"
"MITN","TPG Mortgage Investment Trust, Inc.","NYSE",NA,"lab.Unmapped","2026-09-20T13:30:43Z","sec-exchange"
"MITP","TPG Mortgage Investment Trust, Inc.","NYSE",NA,"lab.Unmapped","2026-09-20T13:30:43Z","sec-exchange"
"MITT-PA","TPG Mortgage Investment Trust, Inc.","NYSE",NA,"lab.Unmapped","2026-09-20T13:30:43Z","sec-exchange"
"MITT-PB","TPG Mortgage Investment Trust, Inc.","NYSE",NA,"lab.Unmapped","2026-09-20T13:30:43Z","sec-exchange"
"MITT-PC","TPG Mortgage Investment Trust, Inc.","NYSE",NA,"lab.Unmapped","2026-09-20T13:30:43Z","sec-exchange"
"CCID","Carlyle Credit Income Fund","NYSE",NA,"lab.Unmapped","2026-09-20T13:30:43Z","sec-exchange"
"AMPGZ","AmpliTech Group, Inc.","NASDAQ",NA,"lab.Unmapped","2026-09-20T13:30:43Z","sec-exchange"
"GNL-PA","Global Net Lease, Inc.","NYSE",NA,"lab.Unmapped","2026-09-20T13:30:43Z","sec-exchange"
"GNL-PB","Global Net Lease, Inc.","NYSE",NA,"lab.Unmapped","2026-09-20T13:30:43Z","sec-exchange"
"GNL-PD","Global Net Lease, Inc.","NYSE",NA,"lab.Unmapped","2026-09-20T13:30:43Z","sec-exchange"
"GNL-PE","Global Net Lease, Inc.","NYSE",NA,"lab.Unmapped","2026-09-20T13:30:43Z","sec-exchange"
"CGABL","Carlyle Group Inc.","NASDAQ",NA,"lab.Unmapped","2026-09-20T13:30:43Z","sec-exchange"
"ATH-PA","Athene Holding Ltd.","NYSE",NA,"lab.Unmapped","2026-09-20T13:30:43Z","sec-exchange"
"ATH-PB","Athene Holding Ltd.","NYSE",NA,"lab.Unmapped","2026-09-20T13:30:43Z","sec-exchange"
"ATH-PD","Athene Holding Ltd.","NYSE",NA,"lab.Unmapped","2026-09-20T13:30:43Z","sec-exchange"
"ATH-PE","Athene Holding Ltd.","NYSE",NA,"lab.Unmapped","2026-09-20T13:30:43Z","sec-exchange"
"ATHS","Athene Holding Ltd.","NYSE",NA,"lab.Unmapped","2026-09-20T13:30:43Z","sec-exchange"
"WHLRL","Wheeler Real Estate Investment Trust, Inc.","NASDAQ",NA,"lab.Unmapped","2026-09-20T13:30:43Z","sec-exchange"
"RCD","Ready Capital Corp","NYSE",NA,"lab.Unmapped","2026-09-20T13:30:43Z","sec-exchange"
"RC-PC","Ready Capital Corp","NYSE",NA,"lab.Unmapped","2026-09-20T13:30:43Z","sec-exchange"
"RC-PE","Ready Capital Corp","NYSE",NA,"lab.Unmapped","2026-09-20T13:30:43Z","sec-exchange"
"PW-PA","Power REIT","NYSE",NA,"lab.Unmapped","2026-09-20T13:30:43Z","sec-exchange"
"BEPH","Brookfield Renewable Partners L.P.","NYSE",NA,"lab.Unmapped","2026-09-20T13:30:43Z","sec-exchange"
"BEPI","Brookfield Renewable Partners L.P.","NYSE",NA,"lab.Unmapped","2026-09-20T13:30:43Z","sec-exchange"
"BEPJ","Brookfield Renewable Partners L.P.","NYSE",NA,"lab.Unmapped","2026-09-20T13:30:43Z","sec-exchange"
"BEP-PA","Brookfield Renewable Partners L.P.","NYSE",NA,"lab.Unmapped","2026-09-20T13:30:43Z","sec-exchange"
"XRN-PA","Chiron Real Estate Inc.","NYSE",NA,"lab.Unmapped","2026-09-20T13:30:43Z","sec-exchange"
"XRN-PB","Chiron Real Estate Inc.","NYSE",NA,"lab.Unmapped","2026-09-20T13:30:43Z","sec-exchange"
"CICB","CION Investment Corp","NYSE",NA,"lab.Unmapped","2026-09-20T13:30:43Z","sec-exchange"
"TFIN-P","Triumph Financial, Inc.","NYSE",NA,"lab.Unmapped","2026-09-20T13:30:43Z","sec-exchange"
"BPYPM","Brookfield Property Partners L.P.","NASDAQ",NA,"lab.Unmapped","2026-09-20T13:30:43Z","sec-exchange"
"BPYPN","Brookfield Property Partners L.P.","NASDAQ",NA,"lab.Unmapped","2026-09-20T13:30:43Z","sec-exchange"
"BPYPO","Brookfield Property Partners L.P.","NASDAQ",NA,"lab.Unmapped","2026-09-20T13:30:43Z","sec-exchange"
"LFT-PA","Lument Finance Trust, Inc.","NYSE",NA,"lab.Unmapped","2026-09-20T13:30:43Z","sec-exchange"
"WHFCL","WhiteHorse Finance, Inc.","NASDAQ",NA,"lab.Unmapped","2026-09-20T13:30:43Z","sec-exchange"
"PRIF-PD","Priority Income Fund, Inc.","NYSE",NA,"lab.Unmapped","2026-09-20T13:30:43Z","sec-exchange"
"PRIF-PK","Priority Income Fund, Inc.","NYSE",NA,"lab.Unmapped","2026-09-20T13:30:43Z","sec-exchange"
"PRIF-PL","Priority Income Fund, Inc.","NYSE",NA,"lab.Unmapped","2026-09-20T13:30:43Z","sec-exchange"
"RITM-PA","Rithm Capital Corp.","NYSE",NA,"lab.Unmapped","2026-09-20T13:30:43Z","sec-exchange"
"RITM-PB","Rithm Capital Corp.","NYSE",NA,"lab.Unmapped","2026-09-20T13:30:43Z","sec-exchange"
"RITM-PC","Rithm Capital Corp.","NYSE",NA,"lab.Unmapped","2026-09-20T13:30:43Z","sec-exchange"
"RITM-PD","Rithm Capital Corp.","NYSE",NA,"lab.Unmapped","2026-09-20T13:30:43Z","sec-exchange"
"RITM-PE","Rithm Capital Corp.","NYSE",NA,"lab.Unmapped","2026-09-20T13:30:43Z","sec-exchange"
"RITM-PF","Rithm Capital Corp.","NYSE",NA,"lab.Unmapped","2026-09-20T13:30:43Z","sec-exchange"
"TNONW","Tenon Medical, Inc.","NASDAQ",NA,"lab.Unmapped","2026-09-20T13:30:43Z","sec-exchange"
"ELLA","Ellington Credit Co","NYSE",NA,"lab.Unmapped","2026-09-20T13:30:43Z","sec-exchange"
"NHPBP","National Healthcare Properties, Inc.","NASDAQ",NA,"lab.Unmapped","2026-09-20T13:30:43Z","sec-exchange"
"AMH-PG","American Homes 4 Rent","NYSE",NA,"lab.Unmapped","2026-09-20T13:30:43Z","sec-exchange"
"AMH-PH","American Homes 4 Rent","NYSE",NA,"lab.Unmapped","2026-09-20T13:30:43Z","sec-exchange"
"INBKZ","First Internet Bancorp","NASDAQ",NA,"lab.Unmapped","2026-09-20T13:30:43Z","sec-exchange"
"FBRT-PE","Franklin BSP Realty Trust, Inc.","NYSE",NA,"lab.Unmapped","2026-09-20T13:30:43Z","sec-exchange"
"AHRT-PA","AH Realty Trust, Inc.","NYSE",NA,"lab.Unmapped","2026-09-20T13:30:43Z","sec-exchange"
"OZKAP","Bank OZK","NASDAQ",NA,"lab.Unmapped","2026-09-20T13:30:43Z","sec-exchange"
"REXR-PB","Rexford Industrial Realty, Inc.","NYSE",NA,"lab.Unmapped","2026-09-20T13:30:43Z","sec-exchange"
"REXR-PC","Rexford Industrial Realty, Inc.","NYSE",NA,"lab.Unmapped","2026-09-20T13:30:43Z","sec-exchange"
"BHR-PB","Braemar Hotels & Resorts Inc.","NYSE",NA,"lab.Unmapped","2026-09-20T13:30:43Z","sec-exchange"
"BHR-PD","Braemar Hotels & Resorts Inc.","NYSE",NA,"lab.Unmapped","2026-09-20T13:30:43Z","sec-exchange"
"DLNG-PA","Dynagas LNG Partners LP","NYSE",NA,"lab.Unmapped","2026-09-20T13:30:43Z","sec-exchange"
"BIVIW","BIOVIE INC.","NASDAQ",NA,"lab.Unmapped","2026-09-20T13:30:43Z","sec-exchange"
"NEWTG","NewtekOne, Inc.","NASDAQ",NA,"lab.Unmapped","2026-09-20T13:30:43Z","sec-exchange"
"NEWTH","NewtekOne, Inc.","NASDAQ",NA,"lab.Unmapped","2026-09-20T13:30:43Z","sec-exchange"
"NEWTO","NewtekOne, Inc.","NASDAQ",NA,"lab.Unmapped","2026-09-20T13:30:43Z","sec-exchange"
"NEWTP","NewtekOne, Inc.","NASDAQ",NA,"lab.Unmapped","2026-09-20T13:30:43Z","sec-exchange"
"FTAIM","FTAI Aviation Ltd.","NASDAQ",NA,"lab.Unmapped","2026-09-20T13:30:43Z","sec-exchange"
"FGNXP","FG Nexus Inc.","NASDAQ",NA,"lab.Unmapped","2026-09-20T13:30:43Z","sec-exchange"
"JSM","NAVIENT CORP","NASDAQ",NA,"lab.Unmapped","2026-09-20T13:30:43Z","sec-exchange"
"GLOP-PB","GasLog Partners LP","NYSE",NA,"lab.Unmapped","2026-09-20T13:30:43Z","sec-exchange"
"GLOP-PC","GasLog Partners LP","NYSE",NA,"lab.Unmapped","2026-09-20T13:30:43Z","sec-exchange"
"SYF-PA","Synchrony Financial","NYSE",NA,"lab.Unmapped","2026-09-20T13:30:43Z","sec-exchange"
"SYF-PB","Synchrony Financial","NYSE",NA,"lab.Unmapped","2026-09-20T13:30:43Z","sec-exchange"
"ECCC","Eagle Point Credit Co","NYSE",NA,"lab.Unmapped","2026-09-20T13:30:43Z","sec-exchange"
"ECC-PD","Eagle Point Credit Co","NYSE",NA,"lab.Unmapped","2026-09-20T13:30:43Z","sec-exchange"
"ECCU","Eagle Point Credit Co","NYSE",NA,"lab.Unmapped","2026-09-20T13:30:43Z","sec-exchange"
"ECCV","Eagle Point Credit Co","NYSE",NA,"lab.Unmapped","2026-09-20T13:30:43Z","sec-exchange"
"BCTXL","BriaCell Therapeutics Corp.","NASDAQ",NA,"lab.Unmapped","2026-09-20T13:30:43Z","sec-exchange"
"BCTXZ","BriaCell Therapeutics Corp.","NASDAQ",NA,"lab.Unmapped","2026-09-20T13:30:43Z","sec-exchange"
"BWET","Amplify Commodity Trust","NYSE",NA,"lab.Unmapped","2026-09-20T13:30:43Z","sec-exchange"
"RPT-PC","Rithm Property Trust Inc.","NYSE",NA,"lab.Unmapped","2026-09-20T13:30:43Z","sec-exchange"
"RVMDW","Revolution Medicines, Inc.","NASDAQ",NA,"lab.Unmapped","2026-09-20T13:30:43Z","sec-exchange"
"MBINL","Merchants Bancorp","NASDAQ",NA,"lab.Unmapped","2026-09-20T13:30:43Z","sec-exchange"
"MBINM","Merchants Bancorp","NASDAQ",NA,"lab.Unmapped","2026-09-20T13:30:43Z","sec-exchange"
"MBINN","Merchants Bancorp","NASDAQ",NA,"lab.Unmapped","2026-09-20T13:30:43Z","sec-exchange"
"TRTX-PC","TPG RE Finance Trust, Inc.","NYSE",NA,"lab.Unmapped","2026-09-20T13:30:43Z","sec-exchange"
"BW-PA","Babcock & Wilcox Enterprises, Inc.","NYSE",NA,"lab.Unmapped","2026-09-20T13:30:43Z","sec-exchange"
"KREF-PA","KKR Real Estate Finance Trust Inc.","NYSE",NA,"lab.Unmapped","2026-09-20T13:30:43Z","sec-exchange"
"ACONW","Aclarion, Inc.","NASDAQ",NA,"lab.Unmapped","2026-09-20T13:30:43Z","sec-exchange"
"DUKRW","DUKE Robotics Corp.","NASDAQ",NA,"lab.Unmapped","2026-09-20T13:30:43Z","sec-exchange"
"HPE-PC","Hewlett Packard Enterprise Co","NYSE",NA,"lab.Unmapped","2026-09-20T13:30:43Z","sec-exchange"
"GOOGM","Alphabet Inc.","NASDAQ",NA,"lab.Unmapped","2026-09-20T13:30:43Z","sec-exchange"
"GOOGN","Alphabet Inc.","NASDAQ",NA,"lab.Unmapped","2026-09-20T13:30:43Z","sec-exchange"
"RWAYI","Runway Growth Finance Corp.","NASDAQ",NA,"lab.Unmapped","2026-09-20T13:30:43Z","sec-exchange"
"RWAYL","Runway Growth Finance Corp.","NASDAQ",NA,"lab.Unmapped","2026-09-20T13:30:43Z","sec-exchange"
"HTZWW","HERTZ GLOBAL HOLDINGS, INC","NASDAQ",NA,"lab.Unmapped","2026-09-20T13:30:43Z","sec-exchange"
"TRTN-PB","Triton International Ltd","NYSE",NA,"lab.Unmapped","2026-09-20T13:30:43Z","sec-exchange"
"TRTN-PC","Triton International Ltd","NYSE",NA,"lab.Unmapped","2026-09-20T13:30:43Z","sec-exchange"
"TRTN-PD","Triton International Ltd","NYSE",NA,"lab.Unmapped","2026-09-20T13:30:43Z","sec-exchange"
"TRTN-PE","Triton International Ltd","NYSE",NA,"lab.Unmapped","2026-09-20T13:30:43Z","sec-exchange"
"TRTN-PF","Triton International Ltd","NYSE",NA,"lab.Unmapped","2026-09-20T13:30:43Z","sec-exchange"
"TRTN-PG","Triton International Ltd","NYSE",NA,"lab.Unmapped","2026-09-20T13:30:43Z","sec-exchange"
"CFTR-PA","Cantor Fitzgerald Income Trust, Inc.","NYSE",NA,"lab.Unmapped","2026-09-20T13:30:43Z","sec-exchange"
"LTRYW","Sports Entertainment Gaming Global Corp","NASDAQ",NA,"lab.Unmapped","2026-09-20T13:30:43Z","sec-exchange"
"TPTS","Terra Property Trust, Inc.","NYSE",NA,"lab.Unmapped","2026-09-20T13:30:43Z","sec-exchange"
"GECCG","Great Elm Capital Corp.","NASDAQ",NA,"lab.Unmapped","2026-09-20T13:30:43Z","sec-exchange"
"GECCH","Great Elm Capital Corp.","NASDAQ",NA,"lab.Unmapped","2026-09-20T13:30:43Z","sec-exchange"
"GECCI","Great Elm Capital Corp.","NASDAQ",NA,"lab.Unmapped","2026-09-20T13:30:43Z","sec-exchange"
"NTRBW","NutriBand Inc.","NASDAQ",NA,"lab.Unmapped","2026-09-20T13:30:43Z","sec-exchange"
"IIPR-PA","INNOVATIVE INDUSTRIAL PROPERTIES INC","NYSE",NA,"lab.Unmapped","2026-09-20T13:30:43Z","sec-exchange"
"OPP-PA","RiverNorth/DoubleLine Strategic Opportunity Fund, Inc.","NYSE",NA,"lab.Unmapped","2026-09-20T13:30:43Z","sec-exchange"
"OPP-PB","RiverNorth/DoubleLine Strategic Opportunity Fund, Inc.","NYSE",NA,"lab.Unmapped","2026-09-20T13:30:43Z","sec-exchange"
"OPP-PC","RiverNorth/DoubleLine Strategic Opportunity Fund, Inc.","NYSE",NA,"lab.Unmapped","2026-09-20T13:30:43Z","sec-exchange"
"DBRG-PH","DigitalBridge Group, Inc.","NYSE",NA,"lab.Unmapped","2026-09-20T13:30:43Z","sec-exchange"
"DBRG-PI","DigitalBridge Group, Inc.","NYSE",NA,"lab.Unmapped","2026-09-20T13:30:43Z","sec-exchange"
"DBRG-PJ","DigitalBridge Group, Inc.","NYSE",NA,"lab.Unmapped","2026-09-20T13:30:43Z","sec-exchange"
"SACH-PA","Sachem Capital Corp.","NYSE",NA,"lab.Unmapped","2026-09-20T13:30:43Z","sec-exchange"
"SCCD","Sachem Capital Corp.","NYSE",NA,"lab.Unmapped","2026-09-20T13:30:43Z","sec-exchange"
"SCCE","Sachem Capital Corp.","NYSE",NA,"lab.Unmapped","2026-09-20T13:30:43Z","sec-exchange"
"SCCF","Sachem Capital Corp.","NYSE",NA,"lab.Unmapped","2026-09-20T13:30:43Z","sec-exchange"
"SCCG","Sachem Capital Corp.","NYSE",NA,"lab.Unmapped","2026-09-20T13:30:43Z","sec-exchange"
"BHFAL","Brighthouse Financial, Inc.","NASDAQ",NA,"lab.Unmapped","2026-09-20T13:30:43Z","sec-exchange"
"BHFAM","Brighthouse Financial, Inc.","NASDAQ",NA,"lab.Unmapped","2026-09-20T13:30:43Z","sec-exchange"
"BHFAN","Brighthouse Financial, Inc.","NASDAQ",NA,"lab.Unmapped","2026-09-20T13:30:43Z","sec-exchange"
"BHFAO","Brighthouse Financial, Inc.","NASDAQ",NA,"lab.Unmapped","2026-09-20T13:30:43Z","sec-exchange"
"BHFAP","Brighthouse Financial, Inc.","NASDAQ",NA,"lab.Unmapped","2026-09-20T13:30:43Z","sec-exchange"
"METCB","Ramaco Resources, Inc.","NASDAQ",NA,"lab.Unmapped","2026-09-20T13:30:43Z","sec-exchange"
"METCI","Ramaco Resources, Inc.","NASDAQ",NA,"lab.Unmapped","2026-09-20T13:30:43Z","sec-exchange"
"METCZ","Ramaco Resources, Inc.","NASDAQ",NA,"lab.Unmapped","2026-09-20T13:30:43Z","sec-exchange"
"MNSBP","MainStreet Bancshares, Inc.","NASDAQ",NA,"lab.Unmapped","2026-09-20T13:30:43Z","sec-exchange"
"GPMT-PA","Granite Point Mortgage Trust Inc.","NYSE",NA,"lab.Unmapped","2026-09-20T13:30:43Z","sec-exchange"
"HFRO-PA","HIGHLAND OPPORTUNITIES & INCOME FUND","NYSE",NA,"lab.Unmapped","2026-09-20T13:30:43Z","sec-exchange"
"HFRO-PB","HIGHLAND OPPORTUNITIES & INCOME FUND","NYSE",NA,"lab.Unmapped","2026-09-20T13:30:43Z","sec-exchange"
"LILAP","Liberty Latin America Ltd.","NASDAQ",NA,"lab.Unmapped","2026-09-20T13:30:43Z","sec-exchange"
"BIAFW","bioAffinity Technologies, Inc.","NASDAQ",NA,"lab.Unmapped","2026-09-20T13:30:43Z","sec-exchange"
"OCCIM","OFS Credit Company, Inc.","NASDAQ",NA,"lab.Unmapped","2026-09-20T13:30:43Z","sec-exchange"
"OCCIN","OFS Credit Company, Inc.","NASDAQ",NA,"lab.Unmapped","2026-09-20T13:30:43Z","sec-exchange"
"BTBDW","BT Brands, Inc.","NASDAQ",NA,"lab.Unmapped","2026-09-20T13:30:43Z","sec-exchange"
"SKYAW","SkyAI, Inc.","NASDAQ",NA,"lab.Unmapped","2026-09-20T13:30:43Z","sec-exchange"
"KLXER","KLX Energy Services Holdings, Inc.","NASDAQ",NA,"lab.Unmapped","2026-09-20T13:30:43Z","sec-exchange"
"RVSNW","Rail Vision Ltd.","NASDAQ",NA,"lab.Unmapped","2026-09-20T13:30:43Z","sec-exchange"
"NEOVW","NeoVolta Inc.","NASDAQ",NA,"lab.Unmapped","2026-09-20T13:30:43Z","sec-exchange"
"NFEGP","New Fortress Energy Inc.","NASDAQ",NA,"lab.Unmapped","2026-09-20T13:30:43Z","sec-exchange"
"EICA","Eagle Point Income Co","NYSE",NA,"lab.Unmapped","2026-09-20T13:30:43Z","sec-exchange"
"ALTG-PA","ALTA EQUIPMENT GROUP INC.","NYSE",NA,"lab.Unmapped","2026-09-20T13:30:43Z","sec-exchange"
"AOMD","Angel Oak Mortgage REIT, Inc.","NYSE",NA,"lab.Unmapped","2026-09-20T13:30:43Z","sec-exchange"
"AOMN","Angel Oak Mortgage REIT, Inc.","NYSE",NA,"lab.Unmapped","2026-09-20T13:30:43Z","sec-exchange"
"ILLRW","Triller Group Inc.","NASDAQ",NA,"lab.Unmapped","2026-09-20T13:30:43Z","sec-exchange"
"XRXDW","Xerox Holdings Corp","NASDAQ",NA,"lab.Unmapped","2026-09-20T13:30:43Z","sec-exchange"
"NMCO-RI","Nuveen Municipal Credit Opportunities Fund","NYSE",NA,"lab.Unmapped","2026-09-20T13:30:43Z","sec-exchange"
"BENFW","Beneficient","NASDAQ",NA,"lab.Unmapped","2026-09-20T13:30:43Z","sec-exchange"
"TRNI","Trinity Capital Inc.","NYSE",NA,"lab.Unmapped","2026-09-20T13:30:43Z","sec-exchange"
"TRNZ","Trinity Capital Inc.","NYSE",NA,"lab.Unmapped","2026-09-20T13:30:43Z","sec-exchange"
"PINE-PA","Alpine Income Property Trust, Inc.","NYSE",NA,"lab.Unmapped","2026-09-20T13:30:43Z","sec-exchange"
"NREF-PA","NexPoint Real Estate Finance, Inc.","NYSE",NA,"lab.Unmapped","2026-09-20T13:30:43Z","sec-exchange"
"DFNSW","T3 Defense Inc.","NASDAQ",NA,"lab.Unmapped","2026-09-20T13:30:43Z","sec-exchange"
"JSPRW","Jasper Therapeutics, Inc.","NASDAQ",NA,"lab.Unmapped","2026-09-20T13:30:43Z","sec-exchange"
"FOUR-PA","Shift4 Payments, Inc.","NYSE",NA,"lab.Unmapped","2026-09-20T13:30:43Z","sec-exchange"
"TMCWW","TMC the metals Co Inc.","NASDAQ",NA,"lab.Unmapped","2026-09-20T13:30:43Z","sec-exchange"
"STLNW","Starling Oncology, Inc.","NASDAQ",NA,"lab.Unmapped","2026-09-20T13:30:43Z","sec-exchange"
"OPENL","Opendoor Technologies Inc.","NASDAQ",NA,"lab.Unmapped","2026-09-20T13:30:43Z","sec-exchange"
"OPENW","Opendoor Technologies Inc.","NASDAQ",NA,"lab.Unmapped","2026-09-20T13:30:43Z","sec-exchange"
"OPENZ","Opendoor Technologies Inc.","NASDAQ",NA,"lab.Unmapped","2026-09-20T13:30:43Z","sec-exchange"
"GFAIW","Guardforce AI Co., Ltd.","NASDAQ",NA,"lab.Unmapped","2026-09-20T13:30:43Z","sec-exchange"
"EOSEW","Eos Energy Enterprises, Inc.","NASDAQ",NA,"lab.Unmapped","2026-09-20T13:30:43Z","sec-exchange"
"DFDVW","DeFi Development Corp.","NASDAQ",NA,"lab.Unmapped","2026-09-20T13:30:43Z","sec-exchange"
"EDBLW","Edible Garden AG Inc","NASDAQ",NA,"lab.Unmapped","2026-09-20T13:30:43Z","sec-exchange"
"REVBW","REVELATION BIOSCIENCES, INC.","NASDAQ",NA,"lab.Unmapped","2026-09-20T13:30:43Z","sec-exchange"
"ABXL","Abacus Global Management, Inc.","NYSE",NA,"lab.Unmapped","2026-09-20T13:30:43Z","sec-exchange"
"PHXE-P","Phoenix Energy One, LLC","NYSE",NA,"lab.Unmapped","2026-09-20T13:30:43Z","sec-exchange"
"SCLXW","Scilex Holding Co","NASDAQ",NA,"lab.Unmapped","2026-09-20T13:30:43Z","sec-exchange"
"BKKT-WT","Bakkt, Inc.","NYSE",NA,"lab.Unmapped","2026-09-20T13:30:43Z","sec-exchange"
"CXAIW","CXApp Inc.","NASDAQ",NA,"lab.Unmapped","2026-09-20T13:30:43Z","sec-exchange"
"JXN-PA","Jackson Financial Inc.","NYSE",NA,"lab.Unmapped","2026-09-20T13:30:43Z","sec-exchange"
"AENTW","ALLIANCE ENTERTAINMENT HOLDING CORP","NASDAQ",NA,"lab.Unmapped","2026-09-20T13:30:43Z","sec-exchange"
"SKYH-WT","Sky Harbour Group Corp","NYSE",NA,"lab.Unmapped","2026-09-20T13:30:43Z","sec-exchange"
"EVEX-WT","Eve Holding, Inc.","NYSE",NA,"lab.Unmapped","2026-09-20T13:30:43Z","sec-exchange"
"IONQ-WT","IonQ, Inc.","NYSE",NA,"lab.Unmapped","2026-09-20T13:30:43Z","sec-exchange"
"ONFOW","Onfolio Holdings, Inc","NASDAQ",NA,"lab.Unmapped","2026-09-20T13:30:43Z","sec-exchange"
"PARAW","Banzai International, Inc.","NASDAQ",NA,"lab.Unmapped","2026-09-20T13:30:43Z","sec-exchange"
"TLSIW","TriSalus Life Sciences, Inc.","NASDAQ",NA,"lab.Unmapped","2026-09-20T13:30:43Z","sec-exchange"
"PDYNW","Palladyne AI Corp.","NASDAQ",NA,"lab.Unmapped","2026-09-20T13:30:43Z","sec-exchange"
"AUROW","Aurora Innovation, Inc.","NASDAQ",NA,"lab.Unmapped","2026-09-20T13:30:43Z","sec-exchange"
"BZFDW","BuzzFeed, Inc.","NASDAQ",NA,"lab.Unmapped","2026-09-20T13:30:43Z","sec-exchange"
"BFRGW","BullFrog AI Holdings, Inc.","NASDAQ",NA,"lab.Unmapped","2026-09-20T13:30:43Z","sec-exchange"
"BMNP","BITMINE IMMERSION TECHNOLOGIES, INC.","NYSE",NA,"lab.Unmapped","2026-09-20T13:30:43Z","sec-exchange"
"PCTTU","PureCycle Technologies, Inc.","NASDAQ",NA,"lab.Unmapped","2026-09-20T13:30:43Z","sec-exchange"
"PCTTW","PureCycle Technologies, Inc.","NASDAQ",NA,"lab.Unmapped","2026-09-20T13:30:43Z","sec-exchange"
"RUMBW","RUM Group Inc.","NASDAQ",NA,"lab.Unmapped","2026-09-20T13:30:43Z","sec-exchange"
"GEGGL","Great Elm Group, Inc.","NASDAQ",NA,"lab.Unmapped","2026-09-20T13:30:43Z","sec-exchange"
"ICUCW","SeaStar Medical Holding Corp","NASDAQ",NA,"lab.Unmapped","2026-09-20T13:30:43Z","sec-exchange"
"SDSTW","Stardust Power Inc.","NASDAQ",NA,"lab.Unmapped","2026-09-20T13:30:43Z","sec-exchange"
"PIIIW","P3 Health Partners Inc.","NASDAQ",NA,"lab.Unmapped","2026-09-20T13:30:43Z","sec-exchange"
"SABSW","SAB Biotherapeutics, Inc.","NASDAQ",NA,"lab.Unmapped","2026-09-20T13:30:43Z","sec-exchange"
"MDAIW","Spectral AI, Inc.","NASDAQ",NA,"lab.Unmapped","2026-09-20T13:30:43Z","sec-exchange"
"GROY-WT","Gold Royalty Corp.","NYSE",NA,"lab.Unmapped","2026-09-20T13:30:43Z","sec-exchange"
"GPATU","GP-Act III Acquisition Corp.","NASDAQ",NA,"lab.Unmapped","2026-09-20T13:30:43Z","sec-exchange"
"GPATW","GP-Act III Acquisition Corp.","NASDAQ",NA,"lab.Unmapped","2026-09-20T13:30:43Z","sec-exchange"
"BETRW","Better Home & Finance Holding Co","NASDAQ",NA,"lab.Unmapped","2026-09-20T13:30:43Z","sec-exchange"
"BBAI-WT","BigBear.ai Holdings, Inc.","NYSE",NA,"lab.Unmapped","2026-09-20T13:30:43Z","sec-exchange"
"BNAIW","Brand Engagement Network Inc.","NASDAQ",NA,"lab.Unmapped","2026-09-20T13:30:43Z","sec-exchange"
"RGTIW","Rigetti Computing, Inc.","NASDAQ",NA,"lab.Unmapped","2026-09-20T13:30:43Z","sec-exchange"
"SPWRW","SunPower Inc.","NASDAQ",NA,"lab.Unmapped","2026-09-20T13:30:43Z","sec-exchange"
"CORZW","Core Scientific, Inc./tx","NASDAQ",NA,"lab.Unmapped","2026-09-20T13:30:43Z","sec-exchange"
"CORZZ","Core Scientific, Inc./tx","NASDAQ",NA,"lab.Unmapped","2026-09-20T13:30:43Z","sec-exchange"
"XBPEW","XBP Global Holdings, Inc.","NASDAQ",NA,"lab.Unmapped","2026-09-20T13:30:43Z","sec-exchange"
"WALDW","Waldencast plc","NASDAQ",NA,"lab.Unmapped","2026-09-20T13:30:43Z","sec-exchange"
"VEEAW","VEEA INC.","NASDAQ",NA,"lab.Unmapped","2026-09-20T13:30:43Z","sec-exchange"
"SOUNW","SOUNDHOUND AI, INC.","NASDAQ",NA,"lab.Unmapped","2026-09-20T13:30:43Z","sec-exchange"
"COCHW","Envoy Medical, Inc.","NASDAQ",NA,"lab.Unmapped","2026-09-20T13:30:43Z","sec-exchange"
"HOLOW","MicroCloud Hologram Inc.","NASDAQ",NA,"lab.Unmapped","2026-09-20T13:30:43Z","sec-exchange"
"KTTAW","Pasithea Therapeutics Corp.","NASDAQ",NA,"lab.Unmapped","2026-09-20T13:30:43Z","sec-exchange"
"DAVEW","Dave Inc./DE","NASDAQ",NA,"lab.Unmapped","2026-09-20T13:30:43Z","sec-exchange"
"VGASW","Verde Clean Fuels, Inc.","NASDAQ",NA,"lab.Unmapped","2026-09-20T13:30:43Z","sec-exchange"
"EONR-WT","EON Resources Inc.","NYSE",NA,"lab.Unmapped","2026-09-20T13:30:43Z","sec-exchange"
"AISPW","Airship AI Holdings, Inc.","NASDAQ",NA,"lab.Unmapped","2026-09-20T13:30:43Z","sec-exchange"
"RMCOW","Royalty Management Holding Corp","NASDAQ",NA,"lab.Unmapped","2026-09-20T13:30:43Z","sec-exchange"
"LNZAW","LanzaTech Global, Inc.","NASDAQ",NA,"lab.Unmapped","2026-09-20T13:30:43Z","sec-exchange"
"FLYX-WT","FLYEXCLUSIVE INC.","NYSE",NA,"lab.Unmapped","2026-09-20T13:30:43Z","sec-exchange"
"ESLAW","Estrella Immunopharma, Inc.","NASDAQ",NA,"lab.Unmapped","2026-09-20T13:30:43Z","sec-exchange"
"SLDPW","Solid Power, Inc.","NASDAQ",NA,"lab.Unmapped","2026-09-20T13:30:43Z","sec-exchange"
"GREEL","Vulcan Infrastructure & Power Inc.","NASDAQ",NA,"lab.Unmapped","2026-09-20T13:30:43Z","sec-exchange"
"ANNAW","AleAnna, Inc.","NASDAQ",NA,"lab.Unmapped","2026-09-20T13:30:43Z","sec-exchange"
"NPWR-WT","Net Power Inc.","NYSE",NA,"lab.Unmapped","2026-09-20T13:30:43Z","sec-exchange"
"OABIW","OmniAb, Inc.","NASDAQ",NA,"lab.Unmapped","2026-09-20T13:30:43Z","sec-exchange"
"HVIIR","Hennessy Capital Investment Corp. VII","NASDAQ",NA,"lab.Unmapped","2026-09-20T13:30:43Z","sec-exchange"
"HVIIU","Hennessy Capital Investment Corp. VII","NASDAQ",NA,"lab.Unmapped","2026-09-20T13:30:43Z","sec-exchange"
"PSQH-WT","PSQ Holdings, Inc.","NYSE",NA,"lab.Unmapped","2026-09-20T13:30:43Z","sec-exchange"
"SAIHW","SAIHEAT Ltd","NASDAQ",NA,"lab.Unmapped","2026-09-20T13:30:43Z","sec-exchange"
"ASBPW","Aspire Biopharma Holdings, Inc.","NASDAQ",NA,"lab.Unmapped","2026-09-20T13:30:43Z","sec-exchange"
"EUDAW","EUDA Health Holdings Ltd","NASDAQ",NA,"lab.Unmapped","2026-09-20T13:30:43Z","sec-exchange"
"DFLIW","Dragonfly Energy Holdings Corp.","NASDAQ",NA,"lab.Unmapped","2026-09-20T13:30:43Z","sec-exchange"
"DJTWW","Trump Media & Technology Group Corp.","NASDAQ",NA,"lab.Unmapped","2026-09-20T13:30:43Z","sec-exchange"
"KITTW","Nauticus Robotics, Inc.","NASDAQ",NA,"lab.Unmapped","2026-09-20T13:30:43Z","sec-exchange"
"FSHPR","Flag Ship Acquisition Corp","NASDAQ",NA,"lab.Unmapped","2026-09-20T13:30:43Z","sec-exchange"
"GCTS-WT","GCT Semiconductor Holding, Inc.","NYSE",NA,"lab.Unmapped","2026-09-20T13:30:43Z","sec-exchange"
"BEAGR","Bold Eagle Acquisition Corp.","NASDAQ",NA,"lab.Unmapped","2026-09-20T13:30:43Z","sec-exchange"
"BEAGU","Bold Eagle Acquisition Corp.","NASDAQ",NA,"lab.Unmapped","2026-09-20T13:30:43Z","sec-exchange"
"NVA-WT","Nova Minerals Corp","NYSE",NA,"lab.Unmapped","2026-09-20T13:30:43Z","sec-exchange"
"BRLSW","Borealis Foods Inc.","NASDAQ",NA,"lab.Unmapped","2026-09-20T13:30:43Z","sec-exchange"
"AERTW","Aeries Technology, Inc.","NASDAQ",NA,"lab.Unmapped","2026-09-20T13:30:43Z","sec-exchange"
"KDKRW","Kodiak AI, Inc.","NASDAQ",NA,"lab.Unmapped","2026-09-20T13:30:43Z","sec-exchange"
"IAUX-WT","i-80 Gold Corp.","NYSE",NA,"lab.Unmapped","2026-09-20T13:30:43Z","sec-exchange"
"SHFSW","SHF Holdings, Inc.","NASDAQ",NA,"lab.Unmapped","2026-09-20T13:30:43Z","sec-exchange"
"MOBXW","MOBIX LABS, INC","NASDAQ",NA,"lab.Unmapped","2026-09-20T13:30:43Z","sec-exchange"
"AIRJW","AirJoule Technologies Corp.","NASDAQ",NA,"lab.Unmapped","2026-09-20T13:30:43Z","sec-exchange"
"GRABW","Grab Holdings Ltd","NASDAQ",NA,"lab.Unmapped","2026-09-20T13:30:43Z","sec-exchange"
"SEATW","Vivid Seats Inc.","NASDAQ",NA,"lab.Unmapped","2026-09-20T13:30:43Z","sec-exchange"
"APOS","Apollo Global Management, Inc.","NYSE",NA,"lab.Unmapped","2026-09-20T13:30:43Z","sec-exchange"
"BFRIW","Biofrontera Inc.","NASDAQ",NA,"lab.Unmapped","2026-09-20T13:30:43Z","sec-exchange"
"ASTLW","Algoma Steel Group Inc.","NASDAQ",NA,"lab.Unmapped","2026-09-20T13:30:43Z","sec-exchange"
"TVGNW","Tevogen Inc.","NASDAQ",NA,"lab.Unmapped","2026-09-20T13:30:43Z","sec-exchange"
"ARBEW","Arbe Robotics Ltd.","NASDAQ",NA,"lab.Unmapped","2026-09-20T13:30:43Z","sec-exchange"
"ECXWW","ECARX Holdings Inc.","NASDAQ",NA,"lab.Unmapped","2026-09-20T13:30:43Z","sec-exchange"
"CINGW","Cingulate Inc.","NASDAQ",NA,"lab.Unmapped","2026-09-20T13:30:43Z","sec-exchange"
"AMODW","ALPHA MODUS HOLDINGS, INC.","NASDAQ",NA,"lab.Unmapped","2026-09-20T13:30:43Z","sec-exchange"
"MSAIW","MultiSensor AI Holdings, Inc.","NASDAQ",NA,"lab.Unmapped","2026-09-20T13:30:43Z","sec-exchange"
"FGIWW","FGI Industries Ltd.","NASDAQ",NA,"lab.Unmapped","2026-09-20T13:30:43Z","sec-exchange"
"ZEOWW","Zeo Energy Corp.","NASDAQ",NA,"lab.Unmapped","2026-09-20T13:30:43Z","sec-exchange"
"BTSGU","BrightSpring Health Services, Inc.","NASDAQ",NA,"lab.Unmapped","2026-09-20T13:30:43Z","sec-exchange"
"BULLW","Webull Corp","NASDAQ",NA,"lab.Unmapped","2026-09-20T13:30:43Z","sec-exchange"
"CDROW","Codere Online Luxembourg, S.A.","NASDAQ",NA,"lab.Unmapped","2026-09-20T13:30:43Z","sec-exchange"
"OPTXW","SYNTEC OPTICS HOLDINGS, INC.","NASDAQ",NA,"lab.Unmapped","2026-09-20T13:30:43Z","sec-exchange"
"CYCUW","Cycurion, Inc.","NASDAQ",NA,"lab.Unmapped","2026-09-20T13:30:43Z","sec-exchange"
"RDZNW","Roadzen Inc.","NASDAQ",NA,"lab.Unmapped","2026-09-20T13:30:43Z","sec-exchange"
"CDIOW","Cardio Diagnostics Holdings, Inc.","NASDAQ",NA,"lab.Unmapped","2026-09-20T13:30:43Z","sec-exchange"
"DRTSW","Alpha Tau Medical Ltd.","NASDAQ",NA,"lab.Unmapped","2026-09-20T13:30:43Z","sec-exchange"
"BZAIW","Blaize Holdings, Inc.","NASDAQ",NA,"lab.Unmapped","2026-09-20T13:30:43Z","sec-exchange"
"ANGHW","Anghami Inc","NASDAQ",NA,"lab.Unmapped","2026-09-20T13:30:43Z","sec-exchange"
"TVAIR","Thayer Ventures Acquisition Corp II","NASDAQ",NA,"lab.Unmapped","2026-09-20T13:30:43Z","sec-exchange"
"TVAIU","Thayer Ventures Acquisition Corp II","NASDAQ",NA,"lab.Unmapped","2026-09-20T13:30:43Z","sec-exchange"
"MTEKW","Maris Tech Ltd.","NASDAQ",NA,"lab.Unmapped","2026-09-20T13:30:43Z","sec-exchange"
"SATLW","Satellogic Inc.","NASDAQ",NA,"lab.Unmapped","2026-09-20T13:30:43Z","sec-exchange"
"NRSNW","NeuroSense Therapeutics Ltd.","NASDAQ",NA,"lab.Unmapped","2026-09-20T13:30:43Z","sec-exchange"
"LCFYW","Locafy Ltd","NASDAQ",NA,"lab.Unmapped","2026-09-20T13:30:43Z","sec-exchange"
"SWVLW","Swvl Holdings Corp","NASDAQ",NA,"lab.Unmapped","2026-09-20T13:30:43Z","sec-exchange"
"PRENW","Prenetics Global Ltd","NASDAQ",NA,"lab.Unmapped","2026-09-20T13:30:43Z","sec-exchange"
"IMPPP","Imperial Petroleum Inc./Marshall Islands","NASDAQ",NA,"lab.Unmapped","2026-09-20T13:30:43Z","sec-exchange"
"ADSEW","Ads-Tec Energy Public Ltd Co","NASDAQ",NA,"lab.Unmapped","2026-09-20T13:30:43Z","sec-exchange"
"TPGXL","TPG Inc.","NASDAQ",NA,"lab.Unmapped","2026-09-20T13:30:43Z","sec-exchange"
"PGYWW","Pagaya Technologies Ltd.","NASDAQ",NA,"lab.Unmapped","2026-09-20T13:30:43Z","sec-exchange"
"SLND-WT","Southland Holdings, Inc.","NYSE",NA,"lab.Unmapped","2026-09-20T13:30:43Z","sec-exchange"
"SPKLU","Spark I Acquisition Corp","NASDAQ",NA,"lab.Unmapped","2026-09-20T13:30:43Z","sec-exchange"
"SPKLW","Spark I Acquisition Corp","NASDAQ",NA,"lab.Unmapped","2026-09-20T13:30:43Z","sec-exchange"
"NEXRW","Nexera Technologies Ltd","NASDAQ",NA,"lab.Unmapped","2026-09-20T13:30:43Z","sec-exchange"
"GGROW","Gogoro Inc.","NASDAQ",NA,"lab.Unmapped","2026-09-20T13:30:43Z","sec-exchange"
"WLDSW","Wearable Devices Ltd.","NASDAQ",NA,"lab.Unmapped","2026-09-20T13:30:43Z","sec-exchange"
"FLDDW","Fold Holdings, Inc.","NASDAQ",NA,"lab.Unmapped","2026-09-20T13:30:43Z","sec-exchange"
"CRBD","Corebridge Financial, Inc.","NYSE",NA,"lab.Unmapped","2026-09-20T13:30:43Z","sec-exchange"
"DFSCW","DEFSEC Technologies Inc.","NASDAQ",NA,"lab.Unmapped","2026-09-20T13:30:43Z","sec-exchange"
"ASPCR","ASPAC III Acquisition Corp.","NASDAQ",NA,"lab.Unmapped","2026-09-20T13:30:43Z","sec-exchange"
"ASPCU","ASPAC III Acquisition Corp.","NASDAQ",NA,"lab.Unmapped","2026-09-20T13:30:43Z","sec-exchange"
"SVREW","SaverOne 2014 Ltd.","NASDAQ",NA,"lab.Unmapped","2026-09-20T13:30:43Z","sec-exchange"
"NE-WT","Noble Corp plc","NYSE",NA,"lab.Unmapped","2026-09-20T13:30:43Z","sec-exchange"
"NE-WTA","Noble Corp plc","NYSE",NA,"lab.Unmapped","2026-09-20T13:30:43Z","sec-exchange"
"CDTTW","CDT Equity Inc.","NASDAQ",NA,"lab.Unmapped","2026-09-20T13:30:43Z","sec-exchange"
"TONT-UN","Graf Global Corp.","NYSE",NA,"lab.Unmapped","2026-09-20T13:30:43Z","sec-exchange"
"TONT-WT","Graf Global Corp.","NYSE",NA,"lab.Unmapped","2026-09-20T13:30:43Z","sec-exchange"
"ALVOW","Alvotech","NASDAQ",NA,"lab.Unmapped","2026-09-20T13:30:43Z","sec-exchange"
"LVWR-WT","LiveWire Group, Inc.","NYSE",NA,"lab.Unmapped","2026-09-20T13:30:43Z","sec-exchange"
"AMPX-WT","Amprius Technologies, Inc.","NYSE",NA,"lab.Unmapped","2026-09-20T13:30:43Z","sec-exchange"
"UCFIW","CN Healthy Food Tech Group Corp.","NASDAQ",NA,"lab.Unmapped","2026-09-20T13:30:43Z","sec-exchange"
"GRRRW","Gorilla Technology Group Inc.","NASDAQ",NA,"lab.Unmapped","2026-09-20T13:30:43Z","sec-exchange"
"AFRIW","Forafric Global PLC","NASDAQ",NA,"lab.Unmapped","2026-09-20T13:30:43Z","sec-exchange"
"HUBCW","Hub Cyber Security Ltd.","NASDAQ",NA,"lab.Unmapped","2026-09-20T13:30:43Z","sec-exchange"
"HUBCZ","Hub Cyber Security Ltd.","NASDAQ",NA,"lab.Unmapped","2026-09-20T13:30:43Z","sec-exchange"
"GRMLW","Greenland Mines Ltd","NASDAQ",NA,"lab.Unmapped","2026-09-20T13:30:43Z","sec-exchange"
"VFSWW","VinFast Auto Ltd.","NASDAQ",NA,"lab.Unmapped","2026-09-20T13:30:43Z","sec-exchange"
"CNCKW","Coincheck Group N.V.","NASDAQ",NA,"lab.Unmapped","2026-09-20T13:30:43Z","sec-exchange"
"NBRGR","Newbridge Acquisition Ltd","NASDAQ",NA,"lab.Unmapped","2026-09-20T13:30:43Z","sec-exchange"
"NBRGU","Newbridge Acquisition Ltd","NASDAQ",NA,"lab.Unmapped","2026-09-20T13:30:43Z","sec-exchange"
"RZLVW","REZOLVE AI PLC","NASDAQ",NA,"lab.Unmapped","2026-09-20T13:30:43Z","sec-exchange"
"SATA","Strive, Inc.","NASDAQ",NA,"lab.Unmapped","2026-09-20T13:30:43Z","sec-exchange"
"FUFUW","Bitfufu Inc.","NASDAQ",NA,"lab.Unmapped","2026-09-20T13:30:43Z","sec-exchange"
"OCAC-RI","Ocean Capital Acquisition Corp","NYSE",NA,"lab.Unmapped","2026-09-20T13:30:43Z","sec-exchange"
"OCAC-UN","Ocean Capital Acquisition Corp","NYSE",NA,"lab.Unmapped","2026-09-20T13:30:43Z","sec-exchange"
"OCAC-WT","Ocean Capital Acquisition Corp","NYSE",NA,"lab.Unmapped","2026-09-20T13:30:43Z","sec-exchange"
"TDACU","Translational Development Acquisition Corp.","NASDAQ",NA,"lab.Unmapped","2026-09-20T13:30:43Z","sec-exchange"
"TDACW","Translational Development Acquisition Corp.","NASDAQ",NA,"lab.Unmapped","2026-09-20T13:30:43Z","sec-exchange"
"CRGOW","Freightos Ltd","NASDAQ",NA,"lab.Unmapped","2026-09-20T13:30:43Z","sec-exchange"
"HOVRW","New Horizon Aircraft Ltd.","NASDAQ",NA,"lab.Unmapped","2026-09-20T13:30:43Z","sec-exchange"
"SPMA","Sound Point Meridian Capital, Inc.","NYSE",NA,"lab.Unmapped","2026-09-20T13:30:43Z","sec-exchange"
"SPME","Sound Point Meridian Capital, Inc.","NYSE",NA,"lab.Unmapped","2026-09-20T13:30:43Z","sec-exchange"
"SBCWW","SBC Medical Group Holdings Inc","NASDAQ",NA,"lab.Unmapped","2026-09-20T13:30:43Z","sec-exchange"
"AIIOW","ROBO.AI INC.","NASDAQ",NA,"lab.Unmapped","2026-09-20T13:30:43Z","sec-exchange"
"FGN","F&G Annuities & Life, Inc.","NYSE",NA,"lab.Unmapped","2026-09-20T13:30:43Z","sec-exchange"
"FGSN","F&G Annuities & Life, Inc.","NYSE",NA,"lab.Unmapped","2026-09-20T13:30:43Z","sec-exchange"
"FMSTW","Foremost Clean Energy Ltd.","NASDAQ",NA,"lab.Unmapped","2026-09-20T13:30:43Z","sec-exchange"
"NAMSW","NewAmsterdam Pharma Co N.V.","NASDAQ",NA,"lab.Unmapped","2026-09-20T13:30:43Z","sec-exchange"
"SDAWW","SunCar Technology Group Inc.","NASDAQ",NA,"lab.Unmapped","2026-09-20T13:30:43Z","sec-exchange"
"MLECW","Moolec Science SA","NASDAQ",NA,"lab.Unmapped","2026-09-20T13:30:43Z","sec-exchange"
"FBYDP","Falcon's Beyond Global, Inc.","NASDAQ",NA,"lab.Unmapped","2026-09-20T13:30:43Z","sec-exchange"
"FBYDW","Falcon's Beyond Global, Inc.","NASDAQ",NA,"lab.Unmapped","2026-09-20T13:30:43Z","sec-exchange"
"SMXWW","SMX (Security Matters) Public Ltd Co","NASDAQ",NA,"lab.Unmapped","2026-09-20T13:30:43Z","sec-exchange"
"BAERW","Bridger Aerospace Group Holdings, Inc.","NASDAQ",NA,"lab.Unmapped","2026-09-20T13:30:43Z","sec-exchange"
"SXTPW","60 DEGREES PHARMACEUTICALS, INC.","NASDAQ",NA,"lab.Unmapped","2026-09-20T13:30:43Z","sec-exchange"
"CRMLW","Critical Metals Corp.","NASDAQ",NA,"lab.Unmapped","2026-09-20T13:30:43Z","sec-exchange"
"OCSAW","Oculis Holding AG","NASDAQ",NA,"lab.Unmapped","2026-09-20T13:30:43Z","sec-exchange"
"BCGWW","Binah Capital Group, Inc.","NASDAQ",NA,"lab.Unmapped","2026-09-20T13:30:43Z","sec-exchange"
"NOEMR","CO2 Energy Transition Corp.","NASDAQ",NA,"lab.Unmapped","2026-09-20T13:30:43Z","sec-exchange"
"NOEMU","CO2 Energy Transition Corp.","NASDAQ",NA,"lab.Unmapped","2026-09-20T13:30:43Z","sec-exchange"
"NOEMW","CO2 Energy Transition Corp.","NASDAQ",NA,"lab.Unmapped","2026-09-20T13:30:43Z","sec-exchange"
"ABLVW","Able View Global Inc.","NASDAQ",NA,"lab.Unmapped","2026-09-20T13:30:43Z","sec-exchange"
"OIOWW","OIO Group","NASDAQ",NA,"lab.Unmapped","2026-09-20T13:30:43Z","sec-exchange"
"LZM-WT","Lifezone Metals Ltd","NYSE",NA,"lab.Unmapped","2026-09-20T13:30:43Z","sec-exchange"
"COOTW","Australian Oilseeds Holdings Ltd","NASDAQ",NA,"lab.Unmapped","2026-09-20T13:30:43Z","sec-exchange"
"EXYNW","Exyn Technologies, Inc.","NASDAQ",NA,"lab.Unmapped","2026-09-20T13:30:43Z","sec-exchange"
"LOTWW","Lotus Technology Inc.","NASDAQ",NA,"lab.Unmapped","2026-09-20T13:30:43Z","sec-exchange"
"NVNIW","Nvni Group Ltd","NASDAQ",NA,"lab.Unmapped","2026-09-20T13:30:43Z","sec-exchange"
"CCGWW","Cheche Group Inc.","NASDAQ",NA,"lab.Unmapped","2026-09-20T13:30:43Z","sec-exchange"
"LIMNW","Liminatus Pharma, Inc.","NASDAQ",NA,"lab.Unmapped","2026-09-20T13:30:43Z","sec-exchange"
"MNYWW","MoneyHero Ltd","NASDAQ",NA,"lab.Unmapped","2026-09-20T13:30:43Z","sec-exchange"
"QETAR","Quetta Acquisition Corp","NASDAQ",NA,"lab.Unmapped","2026-09-20T13:30:43Z","sec-exchange"
"QETAU","Quetta Acquisition Corp","NASDAQ",NA,"lab.Unmapped","2026-09-20T13:30:43Z","sec-exchange"
"AFJKR","Aimei Health Technology Co., Ltd.","NASDAQ",NA,"lab.Unmapped","2026-09-20T13:30:43Z","sec-exchange"
"AFJKU","Aimei Health Technology Co., Ltd.","NASDAQ",NA,"lab.Unmapped","2026-09-20T13:30:43Z","sec-exchange"
"ENGNW","enGene Therapeutics Inc.","NASDAQ",NA,"lab.Unmapped","2026-09-20T13:30:43Z","sec-exchange"
"NIVFW","NewGenIvf Group Ltd","NASDAQ",NA,"lab.Unmapped","2026-09-20T13:30:43Z","sec-exchange"
"BDMDW","Baird Medical Investment Holdings Ltd","NASDAQ",NA,"lab.Unmapped","2026-09-20T13:30:43Z","sec-exchange"
"RMSGW","Real Messenger Corp","NASDAQ",NA,"lab.Unmapped","2026-09-20T13:30:43Z","sec-exchange"
"PBMWW","PSYENCE BIOMEDICAL LTD.","NASDAQ",NA,"lab.Unmapped","2026-09-20T13:30:43Z","sec-exchange"
"GTENU","Gores Holdings X, Inc. / CI","NASDAQ",NA,"lab.Unmapped","2026-09-20T13:30:43Z","sec-exchange"
"GTENW","Gores Holdings X, Inc. / CI","NASDAQ",NA,"lab.Unmapped","2026-09-20T13:30:43Z","sec-exchange"
"SHMDW","SCHMID Group N.V.","NASDAQ",NA,"lab.Unmapped","2026-09-20T13:30:43Z","sec-exchange"
"MRNOW","Murano Global Investments Plc","NASDAQ",NA,"lab.Unmapped","2026-09-20T13:30:43Z","sec-exchange"
"MKDWW","MKDWELL Tech Inc.","NASDAQ",NA,"lab.Unmapped","2026-09-20T13:30:43Z","sec-exchange"
"ZOOZW","ZOOZ Strategy Ltd.","NASDAQ",NA,"lab.Unmapped","2026-09-20T13:30:43Z","sec-exchange"
"MDCXW","Medicus Pharma Ltd.","NASDAQ",NA,"lab.Unmapped","2026-09-20T13:30:43Z","sec-exchange"
"PDPA","Pearl Diver Credit Co Inc.","NYSE",NA,"lab.Unmapped","2026-09-20T13:30:43Z","sec-exchange"
"IBACR","IB Acquisition Corp.","NASDAQ",NA,"lab.Unmapped","2026-09-20T13:30:43Z","sec-exchange"
"DSYWW","Big Tree Cloud Holdings Ltd","NASDAQ",NA,"lab.Unmapped","2026-09-20T13:30:43Z","sec-exchange"
"SCAGW","Scage Future","NASDAQ",NA,"lab.Unmapped","2026-09-20T13:30:43Z","sec-exchange"
"EURKR","Eureka Acquisition Corp","NASDAQ",NA,"lab.Unmapped","2026-09-20T13:30:43Z","sec-exchange"
"EURKU","Eureka Acquisition Corp","NASDAQ",NA,"lab.Unmapped","2026-09-20T13:30:43Z","sec-exchange"
"KWMWW","Nexus Advanced Technologies Inc.","NASDAQ",NA,"lab.Unmapped","2026-09-20T13:30:43Z","sec-exchange"
"NXATW","Nexus Advanced Technologies Inc.","NASDAQ",NA,"lab.Unmapped","2026-09-20T13:30:43Z","sec-exchange"
"BKHAR","Black Hawk Acquisition Corp","NASDAQ",NA,"lab.Unmapped","2026-09-20T13:30:43Z","sec-exchange"
"BKHAU","Black Hawk Acquisition Corp","NASDAQ",NA,"lab.Unmapped","2026-09-20T13:30:43Z","sec-exchange"
"HPAIW","Helport AI Ltd","NASDAQ",NA,"lab.Unmapped","2026-09-20T13:30:43Z","sec-exchange"
"GCLWW","GCL Global Holdings Ltd","NASDAQ",NA,"lab.Unmapped","2026-09-20T13:30:43Z","sec-exchange"
"INFQ-WT","Infleqtion, Inc.","NYSE",NA,"lab.Unmapped","2026-09-20T13:30:43Z","sec-exchange"
"TACHU","Titan Acquisition Corp.","NASDAQ",NA,"lab.Unmapped","2026-09-20T13:30:43Z","sec-exchange"
"TACHW","Titan Acquisition Corp.","NASDAQ",NA,"lab.Unmapped","2026-09-20T13:30:43Z","sec-exchange"
"FVNNR","Future Vision II Acquisition Corp.","NASDAQ",NA,"lab.Unmapped","2026-09-20T13:30:43Z","sec-exchange"
"FVNNU","Future Vision II Acquisition Corp.","NASDAQ",NA,"lab.Unmapped","2026-09-20T13:30:43Z","sec-exchange"
"ALFUW","Centurion Acquisition Corp.","NASDAQ",NA,"lab.Unmapped","2026-09-20T13:30:43Z","sec-exchange"
"YDESW","YD Bio Ltd","NASDAQ",NA,"lab.Unmapped","2026-09-20T13:30:43Z","sec-exchange"
"RFAIR","RF Acquisition Corp II","NASDAQ",NA,"lab.Unmapped","2026-09-20T13:30:43Z","sec-exchange"
"RFAIU","RF Acquisition Corp II","NASDAQ",NA,"lab.Unmapped","2026-09-20T13:30:43Z","sec-exchange"
"FOXXW","Foxx Development Holdings Inc.","NASDAQ",NA,"lab.Unmapped","2026-09-20T13:30:43Z","sec-exchange"
"SIMAW","SIM Acquisition Corp. I","NASDAQ",NA,"lab.Unmapped","2026-09-20T13:30:43Z","sec-exchange"
"LPAAW","Launch One Acquisition Corp.","NASDAQ",NA,"lab.Unmapped","2026-09-20T13:30:43Z","sec-exchange"
"SBXD-UN","SilverBox Corp IV","NYSE",NA,"lab.Unmapped","2026-09-20T13:30:43Z","sec-exchange"
"SBXD-WT","SilverBox Corp IV","NYSE",NA,"lab.Unmapped","2026-09-20T13:30:43Z","sec-exchange"
"CUBWU","Lionheart Holdings","NASDAQ",NA,"lab.Unmapped","2026-09-20T13:30:43Z","sec-exchange"
"CUBWW","Lionheart Holdings","NASDAQ",NA,"lab.Unmapped","2026-09-20T13:30:43Z","sec-exchange"
"VLOSU","Velos Acquisition I Corp.","NASDAQ",NA,"lab.Unmapped","2026-09-20T13:30:43Z","sec-exchange"
"VLOSW","Velos Acquisition I Corp.","NASDAQ",NA,"lab.Unmapped","2026-09-20T13:30:43Z","sec-exchange"
"MACIU","Melar Acquisition Corp. I/Cayman","NASDAQ",NA,"lab.Unmapped","2026-09-20T13:30:43Z","sec-exchange"
"MACIW","Melar Acquisition Corp. I/Cayman","NASDAQ",NA,"lab.Unmapped","2026-09-20T13:30:43Z","sec-exchange"
"DTSQR","DT Cloud Star Acquisition Corp","NASDAQ",NA,"lab.Unmapped","2026-09-20T13:30:43Z","sec-exchange"
"DTSQU","DT Cloud Star Acquisition Corp","NASDAQ",NA,"lab.Unmapped","2026-09-20T13:30:43Z","sec-exchange"
"RDACR","Rising Dragon Acquisition Corp.","NASDAQ",NA,"lab.Unmapped","2026-09-20T13:30:43Z","sec-exchange"
"RDACU","Rising Dragon Acquisition Corp.","NASDAQ",NA,"lab.Unmapped","2026-09-20T13:30:43Z","sec-exchange"
"BGLWW","Blue Gold Ltd","NASDAQ",NA,"lab.Unmapped","2026-09-20T13:30:43Z","sec-exchange"
"IMSRW","Terrestrial Energy Inc. /DE/","NASDAQ",NA,"lab.Unmapped","2026-09-20T13:30:43Z","sec-exchange"
"TAVIR","Tavia Acquisition Corp.","NASDAQ",NA,"lab.Unmapped","2026-09-20T13:30:43Z","sec-exchange"
"TAVIU","Tavia Acquisition Corp.","NASDAQ",NA,"lab.Unmapped","2026-09-20T13:30:43Z","sec-exchange"
"YHNAR","YHN Acquisition I Ltd","NASDAQ",NA,"lab.Unmapped","2026-09-20T13:30:43Z","sec-exchange"
"YHNAU","YHN Acquisition I Ltd","NASDAQ",NA,"lab.Unmapped","2026-09-20T13:30:43Z","sec-exchange"
"KIDZW","KIDZ AI Inc.","NASDAQ",NA,"lab.Unmapped","2026-09-20T13:30:43Z","sec-exchange"
"SLXNW","Silexion Therapeutics Corp","NASDAQ",NA,"lab.Unmapped","2026-09-20T13:30:43Z","sec-exchange"
"LPBBU","Launch Two Acquisition Corp.","NASDAQ",NA,"lab.Unmapped","2026-09-20T13:30:43Z","sec-exchange"
"LPBBW","Launch Two Acquisition Corp.","NASDAQ",NA,"lab.Unmapped","2026-09-20T13:30:43Z","sec-exchange"
"HDRNW","Hadron Energy, Inc.","NASDAQ",NA,"lab.Unmapped","2026-09-20T13:30:43Z","sec-exchange"
"CAPNR","Cayson Acquisition Corp","NASDAQ",NA,"lab.Unmapped","2026-09-20T13:30:43Z","sec-exchange"
"CAPNU","Cayson Acquisition Corp","NASDAQ",NA,"lab.Unmapped","2026-09-20T13:30:43Z","sec-exchange"
"CHARR","Charlton Aria Acquisition Corp","NASDAQ",NA,"lab.Unmapped","2026-09-20T13:30:43Z","sec-exchange"
"CHARU","Charlton Aria Acquisition Corp","NASDAQ",NA,"lab.Unmapped","2026-09-20T13:30:43Z","sec-exchange"
"CHPGR","ChampionsGate Acquisition Corp","NASDAQ",NA,"lab.Unmapped","2026-09-20T13:30:43Z","sec-exchange"
"CHPGU","ChampionsGate Acquisition Corp","NASDAQ",NA,"lab.Unmapped","2026-09-20T13:30:43Z","sec-exchange"
"POLEU","Andretti Acquisition Corp. II","NASDAQ",NA,"lab.Unmapped","2026-09-20T13:30:43Z","sec-exchange"
"POLEW","Andretti Acquisition Corp. II","NASDAQ",NA,"lab.Unmapped","2026-09-20T13:30:43Z","sec-exchange"
"FERAR","Fifth Era Acquisition Corp I","NASDAQ",NA,"lab.Unmapped","2026-09-20T13:30:43Z","sec-exchange"
"FERAU","Fifth Era Acquisition Corp I","NASDAQ",NA,"lab.Unmapped","2026-09-20T13:30:43Z","sec-exchange"
"SOUL-RI","Soulpower Acquisition Corp.","NYSE",NA,"lab.Unmapped","2026-09-20T13:30:43Z","sec-exchange"
"SOUL-UN","Soulpower Acquisition Corp.","NYSE",NA,"lab.Unmapped","2026-09-20T13:30:43Z","sec-exchange"
"NAMMW","Namib Minerals","NASDAQ",NA,"lab.Unmapped","2026-09-20T13:30:43Z","sec-exchange"
"ALISR","Calisa Acquisition Corp","NASDAQ",NA,"lab.Unmapped","2026-09-20T13:30:43Z","sec-exchange"
"ALISU","Calisa Acquisition Corp","NASDAQ",NA,"lab.Unmapped","2026-09-20T13:30:43Z","sec-exchange"
"NTWOU","Newbury Street II Acquisition Corp","NASDAQ",NA,"lab.Unmapped","2026-09-20T13:30:43Z","sec-exchange"
"NTWOW","Newbury Street II Acquisition Corp","NASDAQ",NA,"lab.Unmapped","2026-09-20T13:30:43Z","sec-exchange"
"COLAR","Columbus Acquisition Corp/Cayman Islands","NASDAQ",NA,"lab.Unmapped","2026-09-20T13:30:43Z","sec-exchange"
"COLAU","Columbus Acquisition Corp/Cayman Islands","NASDAQ",NA,"lab.Unmapped","2026-09-20T13:30:43Z","sec-exchange"
"RAINW","Rain Enhancement Technologies Holdco, Inc.","NASDAQ",NA,"lab.Unmapped","2026-09-20T13:30:43Z","sec-exchange"
"NUAIW","New ERA Energy & Digital, Inc.","NASDAQ",NA,"lab.Unmapped","2026-09-20T13:30:43Z","sec-exchange"
"IPEXR","Inflection Point Acquisition Corp. V","NASDAQ",NA,"lab.Unmapped","2026-09-20T13:30:43Z","sec-exchange"
"IPEXU","Inflection Point Acquisition Corp. V","NASDAQ",NA,"lab.Unmapped","2026-09-20T13:30:43Z","sec-exchange"
"ATIIU","Archimedes Tech SPAC Partners II Co.","NASDAQ",NA,"lab.Unmapped","2026-09-20T13:30:43Z","sec-exchange"
"ATIIW","Archimedes Tech SPAC Partners II Co.","NASDAQ",NA,"lab.Unmapped","2026-09-20T13:30:43Z","sec-exchange"
"DMAAR","Drugs Made In America Acquisition Corp.","NASDAQ",NA,"lab.Unmapped","2026-09-20T13:30:43Z","sec-exchange"
"DMAAU","Drugs Made In America Acquisition Corp.","NASDAQ",NA,"lab.Unmapped","2026-09-20T13:30:43Z","sec-exchange"
"DYNCU","Dynamix Corp","NASDAQ",NA,"lab.Unmapped","2026-09-20T13:30:43Z","sec-exchange"
"DYNCW","Dynamix Corp","NASDAQ",NA,"lab.Unmapped","2026-09-20T13:30:43Z","sec-exchange"
"SPEGR","Silver Pegasus Acquisition Corp.","NASDAQ",NA,"lab.Unmapped","2026-09-20T13:30:43Z","sec-exchange"
"SPEGU","Silver Pegasus Acquisition Corp.","NASDAQ",NA,"lab.Unmapped","2026-09-20T13:30:43Z","sec-exchange"
"FACTU","FACT II Acquisition Corp.","NASDAQ",NA,"lab.Unmapped","2026-09-20T13:30:43Z","sec-exchange"
"FACTW","FACT II Acquisition Corp.","NASDAQ",NA,"lab.Unmapped","2026-09-20T13:30:43Z","sec-exchange"
"OACCU","Oaktree Acquisition Corp. III Life Sciences","NASDAQ",NA,"lab.Unmapped","2026-09-20T13:30:43Z","sec-exchange"
"OACCW","Oaktree Acquisition Corp. III Life Sciences","NASDAQ",NA,"lab.Unmapped","2026-09-20T13:30:43Z","sec-exchange"
"KFIIR","K&F GROWTH ACQUISITION CORP. II","NASDAQ",NA,"lab.Unmapped","2026-09-20T13:30:43Z","sec-exchange"
"KFIIU","K&F GROWTH ACQUISITION CORP. II","NASDAQ",NA,"lab.Unmapped","2026-09-20T13:30:43Z","sec-exchange"
"PLMKU","Plum Acquisition Corp, IV","NASDAQ",NA,"lab.Unmapped","2026-09-20T13:30:43Z","sec-exchange"
"PLMKW","Plum Acquisition Corp, IV","NASDAQ",NA,"lab.Unmapped","2026-09-20T13:30:43Z","sec-exchange"
"SZZLR","Sizzle Acquisition Corp. II","NASDAQ",NA,"lab.Unmapped","2026-09-20T13:30:43Z","sec-exchange"
"SZZLU","Sizzle Acquisition Corp. II","NASDAQ",NA,"lab.Unmapped","2026-09-20T13:30:43Z","sec-exchange"
"PGACR","PANTAGES CAPITAL ACQUISITION Corp","NASDAQ",NA,"lab.Unmapped","2026-09-20T13:30:43Z","sec-exchange"
"PGACU","PANTAGES CAPITAL ACQUISITION Corp","NASDAQ",NA,"lab.Unmapped","2026-09-20T13:30:43Z","sec-exchange"
"ALDFU","Aldel Financial II Inc.","NASDAQ",NA,"lab.Unmapped","2026-09-20T13:30:43Z","sec-exchange"
"ALDFW","Aldel Financial II Inc.","NASDAQ",NA,"lab.Unmapped","2026-09-20T13:30:43Z","sec-exchange"
"DRDBU","Roman DBDR Acquisition Corp. II","NASDAQ",NA,"lab.Unmapped","2026-09-20T13:30:43Z","sec-exchange"
"DRDBW","Roman DBDR Acquisition Corp. II","NASDAQ",NA,"lab.Unmapped","2026-09-20T13:30:43Z","sec-exchange"
"TACOU","Berto Acquisition Corp.","NASDAQ",NA,"lab.Unmapped","2026-09-20T13:30:43Z","sec-exchange"
"TACOW","Berto Acquisition Corp.","NASDAQ",NA,"lab.Unmapped","2026-09-20T13:30:43Z","sec-exchange"
"FUSEW","Fusemachines Inc.","NASDAQ",NA,"lab.Unmapped","2026-09-20T13:30:43Z","sec-exchange"
"SVCCU","Stellar V Capital Corp. (Cayman Islands)","NASDAQ",NA,"lab.Unmapped","2026-09-20T13:30:43Z","sec-exchange"
"SVCCW","Stellar V Capital Corp. (Cayman Islands)","NASDAQ",NA,"lab.Unmapped","2026-09-20T13:30:43Z","sec-exchange"
"DAICW","CID Holdco, Inc.","NASDAQ",NA,"lab.Unmapped","2026-09-20T13:30:43Z","sec-exchange"
"TVACU","Texas Ventures Acquisition III Corp","NASDAQ",NA,"lab.Unmapped","2026-09-20T13:30:43Z","sec-exchange"
"TVACW","Texas Ventures Acquisition III Corp","NASDAQ",NA,"lab.Unmapped","2026-09-20T13:30:43Z","sec-exchange"
"SDHIR","Siddhi Acquisition Corp (Cayman Islands)","NASDAQ",NA,"lab.Unmapped","2026-09-20T13:30:43Z","sec-exchange"
"SDHIU","Siddhi Acquisition Corp (Cayman Islands)","NASDAQ",NA,"lab.Unmapped","2026-09-20T13:30:43Z","sec-exchange"
"OBAWU","Oxley Bridge Acquisition Ltd","NASDAQ",NA,"lab.Unmapped","2026-09-20T13:30:43Z","sec-exchange"
"OBAWW","Oxley Bridge Acquisition Ltd","NASDAQ",NA,"lab.Unmapped","2026-09-20T13:30:43Z","sec-exchange"
"GIBOW","GIBO HOLDINGS Ltd","NASDAQ",NA,"lab.Unmapped","2026-09-20T13:30:43Z","sec-exchange"
"RIBBR","Ribbon Acquisition Corp.","NASDAQ",NA,"lab.Unmapped","2026-09-20T13:30:43Z","sec-exchange"
"RIBBU","Ribbon Acquisition Corp.","NASDAQ",NA,"lab.Unmapped","2026-09-20T13:30:43Z","sec-exchange"
"RTACU","Renatus Tactical Acquisition Corp I","NASDAQ",NA,"lab.Unmapped","2026-09-20T13:30:43Z","sec-exchange"
"RTACW","Renatus Tactical Acquisition Corp I","NASDAQ",NA,"lab.Unmapped","2026-09-20T13:30:43Z","sec-exchange"
"RANGR","Range Capital Acquisition Corp.","NASDAQ",NA,"lab.Unmapped","2026-09-20T13:30:43Z","sec-exchange"
"RANGU","Range Capital Acquisition Corp.","NASDAQ",NA,"lab.Unmapped","2026-09-20T13:30:43Z","sec-exchange"
"UYSCR","UY Scuti Acquisition Corp.","NASDAQ",NA,"lab.Unmapped","2026-09-20T13:30:43Z","sec-exchange"
"UYSCU","UY Scuti Acquisition Corp.","NASDAQ",NA,"lab.Unmapped","2026-09-20T13:30:43Z","sec-exchange"
"VWAVW","VisionWave Holdings, Inc.","NASDAQ",NA,"lab.Unmapped","2026-09-20T13:30:43Z","sec-exchange"
"JACS-RI","Jackson Acquisition Co II","NYSE",NA,"lab.Unmapped","2026-09-20T13:30:43Z","sec-exchange"
"JACS-UN","Jackson Acquisition Co II","NYSE",NA,"lab.Unmapped","2026-09-20T13:30:43Z","sec-exchange"
"PACHU","Pioneer Acquisition I Corp","NASDAQ",NA,"lab.Unmapped","2026-09-20T13:30:43Z","sec-exchange"
"PACHW","Pioneer Acquisition I Corp","NASDAQ",NA,"lab.Unmapped","2026-09-20T13:30:43Z","sec-exchange"
"DMIIR","Drugs Made In America Acquisition II Corp.","NASDAQ",NA,"lab.Unmapped","2026-09-20T13:30:43Z","sec-exchange"
"DMIIU","Drugs Made In America Acquisition II Corp.","NASDAQ",NA,"lab.Unmapped","2026-09-20T13:30:43Z","sec-exchange"
"CCAQU","COLLECTIVE ACQUISITION CORP.","NASDAQ",NA,"lab.Unmapped","2026-09-20T13:30:43Z","sec-exchange"
"CCAQW","COLLECTIVE ACQUISITION CORP.","NASDAQ",NA,"lab.Unmapped","2026-09-20T13:30:43Z","sec-exchange"
"ALUB-UN","Alussa Energy Acquisition Corp. II","NYSE",NA,"lab.Unmapped","2026-09-20T13:30:43Z","sec-exchange"
"ALUB-WT","Alussa Energy Acquisition Corp. II","NYSE",NA,"lab.Unmapped","2026-09-20T13:30:43Z","sec-exchange"
"OYSER","Oyster Enterprises II Acquisition Corp","NASDAQ",NA,"lab.Unmapped","2026-09-20T13:30:43Z","sec-exchange"
"OYSEU","Oyster Enterprises II Acquisition Corp","NASDAQ",NA,"lab.Unmapped","2026-09-20T13:30:43Z","sec-exchange"
"BDCIU","BTC Development Corp.","NASDAQ",NA,"lab.Unmapped","2026-09-20T13:30:43Z","sec-exchange"
"BDCIW","BTC Development Corp.","NASDAQ",NA,"lab.Unmapped","2026-09-20T13:30:43Z","sec-exchange"
"HAVAR","Harvard Ave Acquisition Corp","NASDAQ",NA,"lab.Unmapped","2026-09-20T13:30:43Z","sec-exchange"
"HAVAU","Harvard Ave Acquisition Corp","NASDAQ",NA,"lab.Unmapped","2026-09-20T13:30:43Z","sec-exchange"
"EVAC-UN","EQV Ventures Acquisition Corp. II","NYSE",NA,"lab.Unmapped","2026-09-20T13:30:43Z","sec-exchange"
"EVAC-WT","EQV Ventures Acquisition Corp. II","NYSE",NA,"lab.Unmapped","2026-09-20T13:30:43Z","sec-exchange"
"LKSPR","Lake Superior Acquisition Corp","NASDAQ",NA,"lab.Unmapped","2026-09-20T13:30:43Z","sec-exchange"
"LKSPU","Lake Superior Acquisition Corp","NASDAQ",NA,"lab.Unmapped","2026-09-20T13:30:43Z","sec-exchange"
"APACR","StoneBridge Acquisition II Corp","NASDAQ",NA,"lab.Unmapped","2026-09-20T13:30:43Z","sec-exchange"
"APACU","StoneBridge Acquisition II Corp","NASDAQ",NA,"lab.Unmapped","2026-09-20T13:30:43Z","sec-exchange"
"NHICU","NewHold Investment Corp. III","NASDAQ",NA,"lab.Unmapped","2026-09-20T13:30:43Z","sec-exchange"
"NHICW","NewHold Investment Corp. III","NASDAQ",NA,"lab.Unmapped","2026-09-20T13:30:43Z","sec-exchange"
"GTERR","Globa Terra Acquisition Corp","NASDAQ",NA,"lab.Unmapped","2026-09-20T13:30:43Z","sec-exchange"
"GTERU","Globa Terra Acquisition Corp","NASDAQ",NA,"lab.Unmapped","2026-09-20T13:30:43Z","sec-exchange"
"GTERW","Globa Terra Acquisition Corp","NASDAQ",NA,"lab.Unmapped","2026-09-20T13:30:43Z","sec-exchange"
"XRPNU","Armada Acquisition Corp. II","NASDAQ",NA,"lab.Unmapped","2026-09-20T13:30:43Z","sec-exchange"
"XRPNW","Armada Acquisition Corp. II","NASDAQ",NA,"lab.Unmapped","2026-09-20T13:30:43Z","sec-exchange"
"ORIQU","Origin Investment Corp I","NASDAQ",NA,"lab.Unmapped","2026-09-20T13:30:43Z","sec-exchange"
"ORIQW","Origin Investment Corp I","NASDAQ",NA,"lab.Unmapped","2026-09-20T13:30:43Z","sec-exchange"
"GSHRU","Gesher Acquisition Corp. II","NASDAQ",NA,"lab.Unmapped","2026-09-20T13:30:43Z","sec-exchange"
"GSHRW","Gesher Acquisition Corp. II","NASDAQ",NA,"lab.Unmapped","2026-09-20T13:30:43Z","sec-exchange"
"MTNE-UN","CH4 Natural Solutions Corp","NYSE",NA,"lab.Unmapped","2026-09-20T13:30:43Z","sec-exchange"
"MTNE-WT","CH4 Natural Solutions Corp","NYSE",NA,"lab.Unmapped","2026-09-20T13:30:43Z","sec-exchange"
"COPL-UN","Copley Acquisition Corp","NYSE",NA,"lab.Unmapped","2026-09-20T13:30:43Z","sec-exchange"
"COPL-WT","Copley Acquisition Corp","NYSE",NA,"lab.Unmapped","2026-09-20T13:30:43Z","sec-exchange"
"CHECU","Chenghe Acquisition III Co.","NASDAQ",NA,"lab.Unmapped","2026-09-20T13:30:43Z","sec-exchange"
"CHECW","Chenghe Acquisition III Co.","NASDAQ",NA,"lab.Unmapped","2026-09-20T13:30:43Z","sec-exchange"
"QSEAR","Quartzsea Acquisition Corp","NASDAQ",NA,"lab.Unmapped","2026-09-20T13:30:43Z","sec-exchange"
"QSEAU","Quartzsea Acquisition Corp","NASDAQ",NA,"lab.Unmapped","2026-09-20T13:30:43Z","sec-exchange"
"RAC-UN","Rithm Acquisition Corp.","NYSE",NA,"lab.Unmapped","2026-09-20T13:30:43Z","sec-exchange"
"RAC-WT","Rithm Acquisition Corp.","NYSE",NA,"lab.Unmapped","2026-09-20T13:30:43Z","sec-exchange"
"NPACU","New Providence Acquisition Corp. III/Cayman","NASDAQ",NA,"lab.Unmapped","2026-09-20T13:30:43Z","sec-exchange"
"NPACW","New Providence Acquisition Corp. III/Cayman","NASDAQ",NA,"lab.Unmapped","2026-09-20T13:30:43Z","sec-exchange"
"TMSWW","Teamshares Inc","NASDAQ",NA,"lab.Unmapped","2026-09-20T13:30:43Z","sec-exchange"
"LCCCR","Lakeshore Acquisition III Corp.","NASDAQ",NA,"lab.Unmapped","2026-09-20T13:30:43Z","sec-exchange"
"LCCCU","Lakeshore Acquisition III Corp.","NASDAQ",NA,"lab.Unmapped","2026-09-20T13:30:43Z","sec-exchange"
"FACWW","Factorial Energy Inc.","NASDAQ",NA,"lab.Unmapped","2026-09-20T13:30:43Z","sec-exchange"
"BLUWU","Blue Water Acquisition Corp. III","NASDAQ",NA,"lab.Unmapped","2026-09-20T13:30:43Z","sec-exchange"
"BLUWW","Blue Water Acquisition Corp. III","NASDAQ",NA,"lab.Unmapped","2026-09-20T13:30:43Z","sec-exchange"
"PEW-WT","GrabAGun Digital Holdings Inc.","NYSE",NA,"lab.Unmapped","2026-09-20T13:30:43Z","sec-exchange"
"BSAAR","BEST SPAC I Acquisition Corp.","NASDAQ",NA,"lab.Unmapped","2026-09-20T13:30:43Z","sec-exchange"
"BSAAU","BEST SPAC I Acquisition Corp.","NASDAQ",NA,"lab.Unmapped","2026-09-20T13:30:43Z","sec-exchange"
"MLCIL","Mount Logan Capital Inc.","NASDAQ",NA,"lab.Unmapped","2026-09-20T13:30:43Z","sec-exchange"
"IRHOR","Iron Horse Acquisition II Corp.","NASDAQ",NA,"lab.Unmapped","2026-09-20T13:30:43Z","sec-exchange"
"IRHOU","Iron Horse Acquisition II Corp.","NASDAQ",NA,"lab.Unmapped","2026-09-20T13:30:43Z","sec-exchange"
"DAAQU","Digital Asset Acquisition Corp.","NASDAQ",NA,"lab.Unmapped","2026-09-20T13:30:43Z","sec-exchange"
"DAAQW","Digital Asset Acquisition Corp.","NASDAQ",NA,"lab.Unmapped","2026-09-20T13:30:43Z","sec-exchange"
"TWLVR","Twelve Seas Investment Co III/Cayman","NASDAQ",NA,"lab.Unmapped","2026-09-20T13:30:43Z","sec-exchange"
"TWLVU","Twelve Seas Investment Co III/Cayman","NASDAQ",NA,"lab.Unmapped","2026-09-20T13:30:43Z","sec-exchange"
"EGHAR","EGH Acquisition Corp.","NASDAQ",NA,"lab.Unmapped","2026-09-20T13:30:43Z","sec-exchange"
"EGHAU","EGH Acquisition Corp.","NASDAQ",NA,"lab.Unmapped","2026-09-20T13:30:43Z","sec-exchange"
"TGE-WT","Generation Essentials Group","NYSE",NA,"lab.Unmapped","2026-09-20T13:30:43Z","sec-exchange"
"KCHVR","Kochav Defense Acquisition Corp.","NASDAQ",NA,"lab.Unmapped","2026-09-20T13:30:43Z","sec-exchange"
"KCHVU","Kochav Defense Acquisition Corp.","NASDAQ",NA,"lab.Unmapped","2026-09-20T13:30:43Z","sec-exchange"
"WTGUR","Wintergreen Acquisition Corp.","NASDAQ",NA,"lab.Unmapped","2026-09-20T13:30:43Z","sec-exchange"
"WTGUU","Wintergreen Acquisition Corp.","NASDAQ",NA,"lab.Unmapped","2026-09-20T13:30:43Z","sec-exchange"
"ONCHU","1RT Acquisition Corp.","NASDAQ",NA,"lab.Unmapped","2026-09-20T13:30:43Z","sec-exchange"
"ONCHW","1RT Acquisition Corp.","NASDAQ",NA,"lab.Unmapped","2026-09-20T13:30:43Z","sec-exchange"
"NMPAR","NMP Acquisition Corp.","NASDAQ",NA,"lab.Unmapped","2026-09-20T13:30:43Z","sec-exchange"
"NMPAU","NMP Acquisition Corp.","NASDAQ",NA,"lab.Unmapped","2026-09-20T13:30:43Z","sec-exchange"
"RDAGU","Republic Digital Acquisition Co","NASDAQ",NA,"lab.Unmapped","2026-09-20T13:30:43Z","sec-exchange"
"RDAGW","Republic Digital Acquisition Co","NASDAQ",NA,"lab.Unmapped","2026-09-20T13:30:43Z","sec-exchange"
"VNMEU","Vendome Acquisition Corp I","NASDAQ",NA,"lab.Unmapped","2026-09-20T13:30:43Z","sec-exchange"
"VNMEW","Vendome Acquisition Corp I","NASDAQ",NA,"lab.Unmapped","2026-09-20T13:30:43Z","sec-exchange"
"PCAPU","ProCap Acquisition Corp","NASDAQ",NA,"lab.Unmapped","2026-09-20T13:30:43Z","sec-exchange"
"PCAPW","ProCap Acquisition Corp","NASDAQ",NA,"lab.Unmapped","2026-09-20T13:30:43Z","sec-exchange"
"AXINR","Axiom Intelligence Acquisition Corp 1","NASDAQ",NA,"lab.Unmapped","2026-09-20T13:30:43Z","sec-exchange"
"AXINU","Axiom Intelligence Acquisition Corp 1","NASDAQ",NA,"lab.Unmapped","2026-09-20T13:30:43Z","sec-exchange"
"WENNU","WEN Acquisition Corp","NASDAQ",NA,"lab.Unmapped","2026-09-20T13:30:43Z","sec-exchange"
"WENNW","WEN Acquisition Corp","NASDAQ",NA,"lab.Unmapped","2026-09-20T13:30:43Z","sec-exchange"
"GLIBK","Liberty Capital Corp/NV","NASDAQ",NA,"lab.Unmapped","2026-09-20T13:30:43Z","sec-exchange"
"CRAQR","Cal Redwood Acquisition Corp.","NASDAQ",NA,"lab.Unmapped","2026-09-20T13:30:43Z","sec-exchange"
"CRAQU","Cal Redwood Acquisition Corp.","NASDAQ",NA,"lab.Unmapped","2026-09-20T13:30:43Z","sec-exchange"
"FIGXU","FIGX Capital Acquisition Corp.","NASDAQ",NA,"lab.Unmapped","2026-09-20T13:30:43Z","sec-exchange"
"FIGXW","FIGX Capital Acquisition Corp.","NASDAQ",NA,"lab.Unmapped","2026-09-20T13:30:43Z","sec-exchange"
"SSEAR","STARRY SEA ACQUISITION CORP","NASDAQ",NA,"lab.Unmapped","2026-09-20T13:30:43Z","sec-exchange"
"SSEAU","STARRY SEA ACQUISITION CORP","NASDAQ",NA,"lab.Unmapped","2026-09-20T13:30:43Z","sec-exchange"
"BACCR","Blue Acquisition Corp/Cayman","NASDAQ",NA,"lab.Unmapped","2026-09-20T13:30:43Z","sec-exchange"
"BACCU","Blue Acquisition Corp/Cayman","NASDAQ",NA,"lab.Unmapped","2026-09-20T13:30:43Z","sec-exchange"
"JENA-RI","JENA ACQUISITION Corp II","NYSE",NA,"lab.Unmapped","2026-09-20T13:30:43Z","sec-exchange"
"JENA-UN","JENA ACQUISITION Corp II","NYSE",NA,"lab.Unmapped","2026-09-20T13:30:43Z","sec-exchange"
"LWACU","LightWave Acquisition Corp.","NASDAQ",NA,"lab.Unmapped","2026-09-20T13:30:43Z","sec-exchange"
"LWACW","LightWave Acquisition Corp.","NASDAQ",NA,"lab.Unmapped","2026-09-20T13:30:43Z","sec-exchange"
"PMTRU","Perimeter Acquisition Corp. I","NASDAQ",NA,"lab.Unmapped","2026-09-20T13:30:43Z","sec-exchange"
"PMTRW","Perimeter Acquisition Corp. I","NASDAQ",NA,"lab.Unmapped","2026-09-20T13:30:43Z","sec-exchange"
"KYIVW","Kyivstar Group Ltd.","NASDAQ",NA,"lab.Unmapped","2026-09-20T13:30:43Z","sec-exchange"
"INACR","Indigo Acquisition Corp.","NASDAQ",NA,"lab.Unmapped","2026-09-20T13:30:43Z","sec-exchange"
"INACU","Indigo Acquisition Corp.","NASDAQ",NA,"lab.Unmapped","2026-09-20T13:30:43Z","sec-exchange"
"BPACR","Blueport Acquisition Ltd","NASDAQ",NA,"lab.Unmapped","2026-09-20T13:30:43Z","sec-exchange"
"BPACU","Blueport Acquisition Ltd","NASDAQ",NA,"lab.Unmapped","2026-09-20T13:30:43Z","sec-exchange"
"BCSS-UN","Bain Capital GSS Investment Corp.","NYSE",NA,"lab.Unmapped","2026-09-20T13:30:43Z","sec-exchange"
"BCSS-WT","Bain Capital GSS Investment Corp.","NYSE",NA,"lab.Unmapped","2026-09-20T13:30:43Z","sec-exchange"
"MCGAU","Yorkville Acquisition Corp.","NASDAQ",NA,"lab.Unmapped","2026-09-20T13:30:43Z","sec-exchange"
"MCGAW","Yorkville Acquisition Corp.","NASDAQ",NA,"lab.Unmapped","2026-09-20T13:30:43Z","sec-exchange"
"CCIIU","Cohen Circle Acquisition Corp. II","NASDAQ",NA,"lab.Unmapped","2026-09-20T13:30:43Z","sec-exchange"
"CCIIW","Cohen Circle Acquisition Corp. II","NASDAQ",NA,"lab.Unmapped","2026-09-20T13:30:43Z","sec-exchange"
"PLUN-RI","Plutonian Acquisition Corp. II","NYSE",NA,"lab.Unmapped","2026-09-20T13:30:43Z","sec-exchange"
"PLUN-UN","Plutonian Acquisition Corp. II","NYSE",NA,"lab.Unmapped","2026-09-20T13:30:43Z","sec-exchange"
"SOCAU","Solarius Capital Acquisition Corp.","NASDAQ",NA,"lab.Unmapped","2026-09-20T13:30:43Z","sec-exchange"
"SOCAW","Solarius Capital Acquisition Corp.","NASDAQ",NA,"lab.Unmapped","2026-09-20T13:30:43Z","sec-exchange"
"MKLYR","McKinley Acquisition Corp","NASDAQ",NA,"lab.Unmapped","2026-09-20T13:30:43Z","sec-exchange"
"MKLYU","McKinley Acquisition Corp","NASDAQ",NA,"lab.Unmapped","2026-09-20T13:30:43Z","sec-exchange"
"KOYNU","CSLM Digital Asset Acquisition Corp III, Ltd","NASDAQ",NA,"lab.Unmapped","2026-09-20T13:30:43Z","sec-exchange"
"KOYNW","CSLM Digital Asset Acquisition Corp III, Ltd","NASDAQ",NA,"lab.Unmapped","2026-09-20T13:30:43Z","sec-exchange"
"PAII-UN","Pyrophyte Acquisition Corp. II","NYSE",NA,"lab.Unmapped","2026-09-20T13:30:43Z","sec-exchange"
"PAII-WT","Pyrophyte Acquisition Corp. II","NYSE",NA,"lab.Unmapped","2026-09-20T13:30:43Z","sec-exchange"
"HCMAU","HCM III ACQUISITION CORP.","NASDAQ",NA,"lab.Unmapped","2026-09-20T13:30:43Z","sec-exchange"
"HCMAW","HCM III ACQUISITION CORP.","NASDAQ",NA,"lab.Unmapped","2026-09-20T13:30:43Z","sec-exchange"
"HVMCU","Highview Merger Corp.","NASDAQ",NA,"lab.Unmapped","2026-09-20T13:30:43Z","sec-exchange"
"HVMCW","Highview Merger Corp.","NASDAQ",NA,"lab.Unmapped","2026-09-20T13:30:43Z","sec-exchange"
"CRACR","Crown Reserve Acquisition Corp. I","NASDAQ",NA,"lab.Unmapped","2026-09-20T13:30:43Z","sec-exchange"
"CRACU","Crown Reserve Acquisition Corp. I","NASDAQ",NA,"lab.Unmapped","2026-09-20T13:30:43Z","sec-exchange"
"CRACW","Crown Reserve Acquisition Corp. I","NASDAQ",NA,"lab.Unmapped","2026-09-20T13:30:43Z","sec-exchange"
"QUMSR","Quantumsphere Acquisition Corp","NASDAQ",NA,"lab.Unmapped","2026-09-20T13:30:43Z","sec-exchange"
"QUMSU","Quantumsphere Acquisition Corp","NASDAQ",NA,"lab.Unmapped","2026-09-20T13:30:43Z","sec-exchange"
"BIOTW","INSTINCT BIO TECHNICAL CO HOLDINGS INC.","NASDAQ",NA,"lab.Unmapped","2026-09-20T13:30:43Z","sec-exchange"
"GSRFR","GSR IV Acquisition Corp.","NASDAQ",NA,"lab.Unmapped","2026-09-20T13:30:43Z","sec-exchange"
"GSRFU","GSR IV Acquisition Corp.","NASDAQ",NA,"lab.Unmapped","2026-09-20T13:30:43Z","sec-exchange"
"TLNCU","Talon Capital Corp.","NASDAQ",NA,"lab.Unmapped","2026-09-20T13:30:43Z","sec-exchange"
"TLNCW","Talon Capital Corp.","NASDAQ",NA,"lab.Unmapped","2026-09-20T13:30:43Z","sec-exchange"
"ARCLR","ARC Group Acquisition I Corp.","NASDAQ",NA,"lab.Unmapped","2026-09-20T13:30:43Z","sec-exchange"
"ARCLU","ARC Group Acquisition I Corp.","NASDAQ",NA,"lab.Unmapped","2026-09-20T13:30:43Z","sec-exchange"
"ARCLW","ARC Group Acquisition I Corp.","NASDAQ",NA,"lab.Unmapped","2026-09-20T13:30:43Z","sec-exchange"
"AIIA-RI","AI Infrastructure Acquisition Corp.","NYSE",NA,"lab.Unmapped","2026-09-20T13:30:43Z","sec-exchange"
"AIIA-UN","AI Infrastructure Acquisition Corp.","NYSE",NA,"lab.Unmapped","2026-09-20T13:30:43Z","sec-exchange"
"MBVIU","M3-Brigade Acquisition VI Corp.","NASDAQ",NA,"lab.Unmapped","2026-09-20T13:30:43Z","sec-exchange"
"MBVIW","M3-Brigade Acquisition VI Corp.","NASDAQ",NA,"lab.Unmapped","2026-09-20T13:30:43Z","sec-exchange"
"FCRS-UN","FutureCrest Acquisition Corp.","NYSE",NA,"lab.Unmapped","2026-09-20T13:30:43Z","sec-exchange"
"FCRS-WT","FutureCrest Acquisition Corp.","NYSE",NA,"lab.Unmapped","2026-09-20T13:30:43Z","sec-exchange"
"GFUZW","General Fusion Group Ltd.","NASDAQ",NA,"lab.Unmapped","2026-09-20T13:30:43Z","sec-exchange"
"KRSP-UN","Rice Acquisition Corp 3","NYSE",NA,"lab.Unmapped","2026-09-20T13:30:43Z","sec-exchange"
"KRSP-WT","Rice Acquisition Corp 3","NYSE",NA,"lab.Unmapped","2026-09-20T13:30:43Z","sec-exchange"
"NWAX-UN","New America Acquisition I Corp.","NYSE",NA,"lab.Unmapped","2026-09-20T13:30:43Z","sec-exchange"
"NWAX-WT","New America Acquisition I Corp.","NYSE",NA,"lab.Unmapped","2026-09-20T13:30:43Z","sec-exchange"
"CCXIU","Churchill Capital Corp XI","NASDAQ",NA,"lab.Unmapped","2026-09-20T13:30:43Z","sec-exchange"
"CCXIW","Churchill Capital Corp XI","NASDAQ",NA,"lab.Unmapped","2026-09-20T13:30:43Z","sec-exchange"
"IGACR","Invest Green Acquisition Corp","NASDAQ",NA,"lab.Unmapped","2026-09-20T13:30:43Z","sec-exchange"
"IGACU","Invest Green Acquisition Corp","NASDAQ",NA,"lab.Unmapped","2026-09-20T13:30:43Z","sec-exchange"
"BLZRU","Trailblazer Acquisition Corp.","NASDAQ",NA,"lab.Unmapped","2026-09-20T13:30:43Z","sec-exchange"
"BLZRW","Trailblazer Acquisition Corp.","NASDAQ",NA,"lab.Unmapped","2026-09-20T13:30:43Z","sec-exchange"
"YCY-UN","AA Mission Acquisition Corp. II","NYSE",NA,"lab.Unmapped","2026-09-20T13:30:43Z","sec-exchange"
"YCY-WT","AA Mission Acquisition Corp. II","NYSE",NA,"lab.Unmapped","2026-09-20T13:30:43Z","sec-exchange"
"EMISR","Emmis Acquisition Corp.","NASDAQ",NA,"lab.Unmapped","2026-09-20T13:30:43Z","sec-exchange"
"BRRWW","Silvia, Inc.","NASDAQ",NA,"lab.Unmapped","2026-09-20T13:30:43Z","sec-exchange"
"WSTNR","Westin Acquisition Corp","NASDAQ",NA,"lab.Unmapped","2026-09-20T13:30:43Z","sec-exchange"
"WSTNU","Westin Acquisition Corp","NASDAQ",NA,"lab.Unmapped","2026-09-20T13:30:43Z","sec-exchange"
"LATAU","Galata Acquisition Corp. II","NASDAQ",NA,"lab.Unmapped","2026-09-20T13:30:43Z","sec-exchange"
"LATAW","Galata Acquisition Corp. II","NASDAQ",NA,"lab.Unmapped","2026-09-20T13:30:43Z","sec-exchange"
"TDWDR","Tailwind 2.0 Acquisition Corp.","NASDAQ",NA,"lab.Unmapped","2026-09-20T13:30:43Z","sec-exchange"
"TDWDU","Tailwind 2.0 Acquisition Corp.","NASDAQ",NA,"lab.Unmapped","2026-09-20T13:30:43Z","sec-exchange"
"SCIIR","SC II Acquisition Corp.","NASDAQ",NA,"lab.Unmapped","2026-09-20T13:30:43Z","sec-exchange"
"SCIIU","SC II Acquisition Corp.","NASDAQ",NA,"lab.Unmapped","2026-09-20T13:30:43Z","sec-exchange"
"OTGAU","OTG Acquisition Corp. I","NASDAQ",NA,"lab.Unmapped","2026-09-20T13:30:43Z","sec-exchange"
"OTGAW","OTG Acquisition Corp. I","NASDAQ",NA,"lab.Unmapped","2026-09-20T13:30:43Z","sec-exchange"
"MMTXU","Miluna Acquisition Corp","NASDAQ",NA,"lab.Unmapped","2026-09-20T13:30:43Z","sec-exchange"
"MMTXW","Miluna Acquisition Corp","NASDAQ",NA,"lab.Unmapped","2026-09-20T13:30:43Z","sec-exchange"
"IRAB-UN","Iris Acquisition Corp II","NYSE",NA,"lab.Unmapped","2026-09-20T13:30:43Z","sec-exchange"
"IRAB-WT","Iris Acquisition Corp II","NYSE",NA,"lab.Unmapped","2026-09-20T13:30:43Z","sec-exchange"
"EVOXU","Evolution Global Acquisition Corp","NASDAQ",NA,"lab.Unmapped","2026-09-20T13:30:43Z","sec-exchange"
"EVOXW","Evolution Global Acquisition Corp","NASDAQ",NA,"lab.Unmapped","2026-09-20T13:30:43Z","sec-exchange"
"LLYVK","Liberty Live Holdings, Inc.","NASDAQ",NA,"lab.Unmapped","2026-09-20T13:30:43Z","sec-exchange"
"RNGTU","Range Capital Acquisition Corp II","NASDAQ",NA,"lab.Unmapped","2026-09-20T13:30:43Z","sec-exchange"
"RNGTW","Range Capital Acquisition Corp II","NASDAQ",NA,"lab.Unmapped","2026-09-20T13:30:43Z","sec-exchange"
"HCACR","Hall Chadwick Acquisition Corp","NASDAQ",NA,"lab.Unmapped","2026-09-20T13:30:43Z","sec-exchange"
"LAFAR","LaFayette Acquisition Corp.","NASDAQ",NA,"lab.Unmapped","2026-09-20T13:30:43Z","sec-exchange"
"LAFAU","LaFayette Acquisition Corp.","NASDAQ",NA,"lab.Unmapped","2026-09-20T13:30:43Z","sec-exchange"
"VRXAW","Veraxa Biotech AG - Post de-SPAC","NASDAQ",NA,"lab.Unmapped","2026-09-20T13:30:43Z","sec-exchange"
"APXTU","Apex Treasury Corp","NASDAQ",NA,"lab.Unmapped","2026-09-20T13:30:43Z","sec-exchange"
"APXTW","Apex Treasury Corp","NASDAQ",NA,"lab.Unmapped","2026-09-20T13:30:43Z","sec-exchange"
"DYORU","Insight Digital Partners II","NASDAQ",NA,"lab.Unmapped","2026-09-20T13:30:43Z","sec-exchange"
"DYORW","Insight Digital Partners II","NASDAQ",NA,"lab.Unmapped","2026-09-20T13:30:43Z","sec-exchange"
"BEBE-UN","TGE Value Creative Solutions Corp","NYSE",NA,"lab.Unmapped","2026-09-20T13:30:43Z","sec-exchange"
"BEBE-WT","TGE Value Creative Solutions Corp","NYSE",NA,"lab.Unmapped","2026-09-20T13:30:43Z","sec-exchange"
"GIWWR","GigCapital8 Corp.","NASDAQ",NA,"lab.Unmapped","2026-09-20T13:30:43Z","sec-exchange"
"GIWWU","GigCapital8 Corp.","NASDAQ",NA,"lab.Unmapped","2026-09-20T13:30:43Z","sec-exchange"
"VACI-UN","Viking Acquisition Corp I","NYSE",NA,"lab.Unmapped","2026-09-20T13:30:43Z","sec-exchange"
"VACI-WT","Viking Acquisition Corp I","NYSE",NA,"lab.Unmapped","2026-09-20T13:30:43Z","sec-exchange"
"MYXXR","Maywood Acquisition Corp. 2","NASDAQ",NA,"lab.Unmapped","2026-09-20T13:30:43Z","sec-exchange"
"MYXXU","Maywood Acquisition Corp. 2","NASDAQ",NA,"lab.Unmapped","2026-09-20T13:30:43Z","sec-exchange"
"MYXXW","Maywood Acquisition Corp. 2","NASDAQ",NA,"lab.Unmapped","2026-09-20T13:30:43Z","sec-exchange"
"USDEW","StableCoinX Inc.","NASDAQ",NA,"lab.Unmapped","2026-09-20T13:30:43Z","sec-exchange"
"THEOR","BOA Acquisition Corp. II","NASDAQ",NA,"lab.Unmapped","2026-09-20T13:30:43Z","sec-exchange"
"THEOU","BOA Acquisition Corp. II","NASDAQ",NA,"lab.Unmapped","2026-09-20T13:30:43Z","sec-exchange"
"ITHAU","ITHAX Acquisition Corp III","NASDAQ",NA,"lab.Unmapped","2026-09-20T13:30:43Z","sec-exchange"
"ITHAW","ITHAX Acquisition Corp III","NASDAQ",NA,"lab.Unmapped","2026-09-20T13:30:43Z","sec-exchange"
"DNMXU","Dynamix Corp III","NASDAQ",NA,"lab.Unmapped","2026-09-20T13:30:43Z","sec-exchange"
"DNMXW","Dynamix Corp III","NASDAQ",NA,"lab.Unmapped","2026-09-20T13:30:43Z","sec-exchange"
"SSACR","SPACSphere Acquisition Corp.","NASDAQ",NA,"lab.Unmapped","2026-09-20T13:30:43Z","sec-exchange"
"SSACU","SPACSphere Acquisition Corp.","NASDAQ",NA,"lab.Unmapped","2026-09-20T13:30:43Z","sec-exchange"
"SSACW","SPACSphere Acquisition Corp.","NASDAQ",NA,"lab.Unmapped","2026-09-20T13:30:43Z","sec-exchange"
"CRANR","Crane Harbor Acquisition Corp. II","NASDAQ",NA,"lab.Unmapped","2026-09-20T13:30:43Z","sec-exchange"
"CRANU","Crane Harbor Acquisition Corp. II","NASDAQ",NA,"lab.Unmapped","2026-09-20T13:30:43Z","sec-exchange"
"MESHU","Meshflow Acquisition Corp","NASDAQ",NA,"lab.Unmapped","2026-09-20T13:30:43Z","sec-exchange"
"MESHW","Meshflow Acquisition Corp","NASDAQ",NA,"lab.Unmapped","2026-09-20T13:30:43Z","sec-exchange"
"GUACU","Berto Acquisition Corp. II","NASDAQ",NA,"lab.Unmapped","2026-09-20T13:30:43Z","sec-exchange"
"GUACW","Berto Acquisition Corp. II","NASDAQ",NA,"lab.Unmapped","2026-09-20T13:30:43Z","sec-exchange"
"BLRKU","Bluerock Acquisition Corp.","NASDAQ",NA,"lab.Unmapped","2026-09-20T13:30:43Z","sec-exchange"
"BLRKW","Bluerock Acquisition Corp.","NASDAQ",NA,"lab.Unmapped","2026-09-20T13:30:43Z","sec-exchange"
"WPAC-RI","White Pearl Acquisition Corp.","NYSE",NA,"lab.Unmapped","2026-09-20T13:30:43Z","sec-exchange"
"WPAC-UN","White Pearl Acquisition Corp.","NYSE",NA,"lab.Unmapped","2026-09-20T13:30:43Z","sec-exchange"
"VECA-RI","Vernal Capital Acquisition Corp.","NYSE",NA,"lab.Unmapped","2026-09-20T13:30:43Z","sec-exchange"
"VECA-UN","Vernal Capital Acquisition Corp.","NYSE",NA,"lab.Unmapped","2026-09-20T13:30:43Z","sec-exchange"
"SBXE-UN","SilverBox Corp V","NYSE",NA,"lab.Unmapped","2026-09-20T13:30:43Z","sec-exchange"
"SBXE-WT","SilverBox Corp V","NYSE",NA,"lab.Unmapped","2026-09-20T13:30:43Z","sec-exchange"
"KRAQU","KRAKacquisition Corp","NASDAQ",NA,"lab.Unmapped","2026-09-20T13:30:43Z","sec-exchange"
"KRAQW","KRAKacquisition Corp","NASDAQ",NA,"lab.Unmapped","2026-09-20T13:30:43Z","sec-exchange"
"DSACU","Daedalus Special Acquisition Corp.","NASDAQ",NA,"lab.Unmapped","2026-09-20T13:30:43Z","sec-exchange"
"DSACW","Daedalus Special Acquisition Corp.","NASDAQ",NA,"lab.Unmapped","2026-09-20T13:30:43Z","sec-exchange"
"AESPR","Aeon Acquisition I Corp.","NASDAQ",NA,"lab.Unmapped","2026-09-20T13:30:43Z","sec-exchange"
"AESPU","Aeon Acquisition I Corp.","NASDAQ",NA,"lab.Unmapped","2026-09-20T13:30:43Z","sec-exchange"
"AESPW","Aeon Acquisition I Corp.","NASDAQ",NA,"lab.Unmapped","2026-09-20T13:30:43Z","sec-exchange"
"BIXIU","Bitcoin Infrastructure Acquisition Corp Ltd","NASDAQ",NA,"lab.Unmapped","2026-09-20T13:30:43Z","sec-exchange"
"BIXIW","Bitcoin Infrastructure Acquisition Corp Ltd","NASDAQ",NA,"lab.Unmapped","2026-09-20T13:30:43Z","sec-exchange"
"SAC-UN","Safeguard Acquisition Corp.","NYSE",NA,"lab.Unmapped","2026-09-20T13:30:43Z","sec-exchange"
"SAC-WT","Safeguard Acquisition Corp.","NYSE",NA,"lab.Unmapped","2026-09-20T13:30:43Z","sec-exchange"
"BWIV-UN","Blue Water Acquisition Corp. IV","NYSE",NA,"lab.Unmapped","2026-09-20T13:30:43Z","sec-exchange"
"BWIV-WT","Blue Water Acquisition Corp. IV","NYSE",NA,"lab.Unmapped","2026-09-20T13:30:43Z","sec-exchange"
"PNFP-PA","Pinnacle Financial Partners, Inc.","NYSE",NA,"lab.Unmapped","2026-09-20T13:30:43Z","sec-exchange"
"PNFP-PB","Pinnacle Financial Partners, Inc.","NYSE",NA,"lab.Unmapped","2026-09-20T13:30:43Z","sec-exchange"
"PNFP-PC","Pinnacle Financial Partners, Inc.","NYSE",NA,"lab.Unmapped","2026-09-20T13:30:43Z","sec-exchange"
"ADACU","American Drive Acquisition Co","NASDAQ",NA,"lab.Unmapped","2026-09-20T13:30:43Z","sec-exchange"
"ADACW","American Drive Acquisition Co","NASDAQ",NA,"lab.Unmapped","2026-09-20T13:30:43Z","sec-exchange"
"FTW-WT","PRESIDIO PRODUCTION Co","NYSE",NA,"lab.Unmapped","2026-09-20T13:30:43Z","sec-exchange"
"SCPQU","Social Commerce Partners Corp","NASDAQ",NA,"lab.Unmapped","2026-09-20T13:30:43Z","sec-exchange"
"SCPQW","Social Commerce Partners Corp","NASDAQ",NA,"lab.Unmapped","2026-09-20T13:30:43Z","sec-exchange"
"QADRU","QDRO Acquisition Corp.","NASDAQ",NA,"lab.Unmapped","2026-09-20T13:30:43Z","sec-exchange"
"QADRW","QDRO Acquisition Corp.","NASDAQ",NA,"lab.Unmapped","2026-09-20T13:30:43Z","sec-exchange"
"SAGU-RI","Shreya Acquisition Group","NYSE",NA,"lab.Unmapped","2026-09-20T13:30:43Z","sec-exchange"
"SAGU-UN","Shreya Acquisition Group","NYSE",NA,"lab.Unmapped","2026-09-20T13:30:43Z","sec-exchange"
"SAGU-WT","Shreya Acquisition Group","NYSE",NA,"lab.Unmapped","2026-09-20T13:30:43Z","sec-exchange"
"XCBEU","X3 Acquisition Corp. Ltd.","NASDAQ",NA,"lab.Unmapped","2026-09-20T13:30:43Z","sec-exchange"
"XCBEW","X3 Acquisition Corp. Ltd.","NASDAQ",NA,"lab.Unmapped","2026-09-20T13:30:43Z","sec-exchange"
"AEAQU","Activate Energy Acquisition Corp.","NASDAQ",NA,"lab.Unmapped","2026-09-20T13:30:43Z","sec-exchange"
"AEAQW","Activate Energy Acquisition Corp.","NASDAQ",NA,"lab.Unmapped","2026-09-20T13:30:43Z","sec-exchange"
"LPCVU","Launchpad Cadenza Acquisition Corp I","NASDAQ",NA,"lab.Unmapped","2026-09-20T13:30:43Z","sec-exchange"
"LPCVW","Launchpad Cadenza Acquisition Corp I","NASDAQ",NA,"lab.Unmapped","2026-09-20T13:30:43Z","sec-exchange"
"ARCIU","Archimedes Tech SPAC Partners III Co.","NASDAQ",NA,"lab.Unmapped","2026-09-20T13:30:43Z","sec-exchange"
"ARCIW","Archimedes Tech SPAC Partners III Co.","NASDAQ",NA,"lab.Unmapped","2026-09-20T13:30:43Z","sec-exchange"
"WLIIU","Willow Lane Acquisition Corp. II","NASDAQ",NA,"lab.Unmapped","2026-09-20T13:30:43Z","sec-exchange"
"WLIIW","Willow Lane Acquisition Corp. II","NASDAQ",NA,"lab.Unmapped","2026-09-20T13:30:43Z","sec-exchange"
"ALOVU","Aldabra 4 Liquidity Opportunity Vehicle, Inc.","NASDAQ",NA,"lab.Unmapped","2026-09-20T13:30:43Z","sec-exchange"
"ALOVW","Aldabra 4 Liquidity Opportunity Vehicle, Inc.","NASDAQ",NA,"lab.Unmapped","2026-09-20T13:30:43Z","sec-exchange"
"IEAGR","Infinite Eagle Acquisition Corp.","NASDAQ",NA,"lab.Unmapped","2026-09-20T13:30:43Z","sec-exchange"
"IEAGU","Infinite Eagle Acquisition Corp.","NASDAQ",NA,"lab.Unmapped","2026-09-20T13:30:43Z","sec-exchange"
"LFACU","Leapfrog Acquisition Corp","NASDAQ",NA,"lab.Unmapped","2026-09-20T13:30:43Z","sec-exchange"
"LFACW","Leapfrog Acquisition Corp","NASDAQ",NA,"lab.Unmapped","2026-09-20T13:30:43Z","sec-exchange"
"QRED-RI","QuasarEdge Acquisition Corp","NYSE",NA,"lab.Unmapped","2026-09-20T13:30:43Z","sec-exchange"
"QRED-UN","QuasarEdge Acquisition Corp","NYSE",NA,"lab.Unmapped","2026-09-20T13:30:43Z","sec-exchange"
"GPACU","General Purpose Acquisition Corp.","NASDAQ",NA,"lab.Unmapped","2026-09-20T13:30:43Z","sec-exchange"
"GPACW","General Purpose Acquisition Corp.","NASDAQ",NA,"lab.Unmapped","2026-09-20T13:30:43Z","sec-exchange"
"TRAD-RI","APEX Tech Acquisition Inc.","NYSE",NA,"lab.Unmapped","2026-09-20T13:30:43Z","sec-exchange"
"TRAD-UN","APEX Tech Acquisition Inc.","NYSE",NA,"lab.Unmapped","2026-09-20T13:30:43Z","sec-exchange"
"SVAQU","Silicon Valley Acquisition Corp.","NASDAQ",NA,"lab.Unmapped","2026-09-20T13:30:43Z","sec-exchange"
"SVAQW","Silicon Valley Acquisition Corp.","NASDAQ",NA,"lab.Unmapped","2026-09-20T13:30:43Z","sec-exchange"
"ETSS-UN","Energy Transition Special Opportunities","NYSE",NA,"lab.Unmapped","2026-09-20T13:30:43Z","sec-exchange"
"ETSS-WT","Energy Transition Special Opportunities","NYSE",NA,"lab.Unmapped","2026-09-20T13:30:43Z","sec-exchange"
"SORNU","Soren Acquisition Corp.","NASDAQ",NA,"lab.Unmapped","2026-09-20T13:30:43Z","sec-exchange"
"SORNW","Soren Acquisition Corp.","NASDAQ",NA,"lab.Unmapped","2026-09-20T13:30:43Z","sec-exchange"
"VHCPU","Vine Hill Capital Investment Corp. II","NASDAQ",NA,"lab.Unmapped","2026-09-20T13:30:43Z","sec-exchange"
"VHCPW","Vine Hill Capital Investment Corp. II","NASDAQ",NA,"lab.Unmapped","2026-09-20T13:30:43Z","sec-exchange"
"GHXIU","Gores Holdings XI, Inc.","NASDAQ",NA,"lab.Unmapped","2026-09-20T13:30:43Z","sec-exchange"
"GHXIW","Gores Holdings XI, Inc.","NASDAQ",NA,"lab.Unmapped","2026-09-20T13:30:43Z","sec-exchange"
"KTWOR","K2 Capital Acquisition Corp","NASDAQ",NA,"lab.Unmapped","2026-09-20T13:30:43Z","sec-exchange"
"KTWOU","K2 Capital Acquisition Corp","NASDAQ",NA,"lab.Unmapped","2026-09-20T13:30:43Z","sec-exchange"
"ARTCU","Art Technology Acquisition Corp.","NASDAQ",NA,"lab.Unmapped","2026-09-20T13:30:43Z","sec-exchange"
"ARTCW","Art Technology Acquisition Corp.","NASDAQ",NA,"lab.Unmapped","2026-09-20T13:30:43Z","sec-exchange"
"BIII-UN","Black Spade Acquisition III Co","NYSE",NA,"lab.Unmapped","2026-09-20T13:30:43Z","sec-exchange"
"BIII-WT","Black Spade Acquisition III Co","NYSE",NA,"lab.Unmapped","2026-09-20T13:30:43Z","sec-exchange"
"MEVOU","M Evo Global Acquisition Corp II","NASDAQ",NA,"lab.Unmapped","2026-09-20T13:30:43Z","sec-exchange"
"MEVOW","M Evo Global Acquisition Corp II","NASDAQ",NA,"lab.Unmapped","2026-09-20T13:30:43Z","sec-exchange"
"PAACU","Proem Acquisition Corp. I","NASDAQ",NA,"lab.Unmapped","2026-09-20T13:30:43Z","sec-exchange"
"PAACW","Proem Acquisition Corp. I","NASDAQ",NA,"lab.Unmapped","2026-09-20T13:30:43Z","sec-exchange"
"ZKPU","Lafayette Digital Acquisition Corp. I","NASDAQ",NA,"lab.Unmapped","2026-09-20T13:30:43Z","sec-exchange"
"ZKPW","Lafayette Digital Acquisition Corp. I","NASDAQ",NA,"lab.Unmapped","2026-09-20T13:30:43Z","sec-exchange"
"LEGO-UN","Legato Merger Corp. IV","NYSE",NA,"lab.Unmapped","2026-09-20T13:30:43Z","sec-exchange"
"LEGO-WT","Legato Merger Corp. IV","NYSE",NA,"lab.Unmapped","2026-09-20T13:30:43Z","sec-exchange"
"CSHRW","CoinShares PLC","NASDAQ",NA,"lab.Unmapped","2026-09-20T13:30:43Z","sec-exchange"
"YSAG","Texas Precious Metals Trust","NASDAQ",NA,"lab.Unmapped","2026-09-20T13:30:43Z","sec-exchange"
"YSAU","Texas Precious Metals Trust","NASDAQ",NA,"lab.Unmapped","2026-09-20T13:30:43Z","sec-exchange"
"XFLH-RI","XFLH Capital Corp","NYSE",NA,"lab.Unmapped","2026-09-20T13:30:43Z","sec-exchange"
"XFLH-UN","XFLH Capital Corp","NYSE",NA,"lab.Unmapped","2026-09-20T13:30:43Z","sec-exchange"
"HQWWW","Horizon Quantum Holdings Ltd.","NASDAQ",NA,"lab.Unmapped","2026-09-20T13:30:43Z","sec-exchange"
"OIMAU","OneIM Acquisition Corp.","NASDAQ",NA,"lab.Unmapped","2026-09-20T13:30:43Z","sec-exchange"
"OIMAW","OneIM Acquisition Corp.","NASDAQ",NA,"lab.Unmapped","2026-09-20T13:30:43Z","sec-exchange"
"PECER","Peace Acquisition Corp.","NASDAQ",NA,"lab.Unmapped","2026-09-20T13:30:43Z","sec-exchange"
"PECEU","Peace Acquisition Corp.","NASDAQ",NA,"lab.Unmapped","2026-09-20T13:30:43Z","sec-exchange"
"PECEW","Peace Acquisition Corp.","NASDAQ",NA,"lab.Unmapped","2026-09-20T13:30:43Z","sec-exchange"
"KBONU","Karbon Capital Partners Corp.","NASDAQ",NA,"lab.Unmapped","2026-09-20T13:30:43Z","sec-exchange"
"KBONW","Karbon Capital Partners Corp.","NASDAQ",NA,"lab.Unmapped","2026-09-20T13:30:43Z","sec-exchange"
"IPXGU","Inflection Point Acquisition Corp. VII","NASDAQ",NA,"lab.Unmapped","2026-09-20T13:30:43Z","sec-exchange"
"IPXGW","Inflection Point Acquisition Corp. VII","NASDAQ",NA,"lab.Unmapped","2026-09-20T13:30:43Z","sec-exchange"
"XSLLU","Xsolla SPAC 1","NASDAQ",NA,"lab.Unmapped","2026-09-20T13:30:43Z","sec-exchange"
"XSLLW","Xsolla SPAC 1","NASDAQ",NA,"lab.Unmapped","2026-09-20T13:30:43Z","sec-exchange"
"NUCLW","Eagle Nuclear Energy Corp.","NASDAQ",NA,"lab.Unmapped","2026-09-20T13:30:43Z","sec-exchange"
"HACQU","HCM IV Acquisition Corp.","NASDAQ",NA,"lab.Unmapped","2026-09-20T13:30:43Z","sec-exchange"
"HACQW","HCM IV Acquisition Corp.","NASDAQ",NA,"lab.Unmapped","2026-09-20T13:30:43Z","sec-exchange"
"IDACU","Iron Dome Acquisition I Corp.","NASDAQ",NA,"lab.Unmapped","2026-09-20T13:30:43Z","sec-exchange"
"IDACW","Iron Dome Acquisition I Corp.","NASDAQ",NA,"lab.Unmapped","2026-09-20T13:30:43Z","sec-exchange"
"FGIIU","FG Imperii Acquisition Corp.","NASDAQ",NA,"lab.Unmapped","2026-09-20T13:30:43Z","sec-exchange"
"FGIIW","FG Imperii Acquisition Corp.","NASDAQ",NA,"lab.Unmapped","2026-09-20T13:30:43Z","sec-exchange"
"OHACR","Oceanhawk Acquisition Corp.","NASDAQ",NA,"lab.Unmapped","2026-09-20T13:30:43Z","sec-exchange"
"OHACU","Oceanhawk Acquisition Corp.","NASDAQ",NA,"lab.Unmapped","2026-09-20T13:30:43Z","sec-exchange"
"CLBR-UN","Colombier Acquisition Corp. III","NYSE",NA,"lab.Unmapped","2026-09-20T13:30:43Z","sec-exchange"
"CLBR-WT","Colombier Acquisition Corp. III","NYSE",NA,"lab.Unmapped","2026-09-20T13:30:43Z","sec-exchange"
"IACOU","Idea Acquisition Corp.","NASDAQ",NA,"lab.Unmapped","2026-09-20T13:30:43Z","sec-exchange"
"IACOW","Idea Acquisition Corp.","NASDAQ",NA,"lab.Unmapped","2026-09-20T13:30:43Z","sec-exchange"
"SAAQU","Space Asset Acquisition Corp.","NASDAQ",NA,"lab.Unmapped","2026-09-20T13:30:43Z","sec-exchange"
"SAAQW","Space Asset Acquisition Corp.","NASDAQ",NA,"lab.Unmapped","2026-09-20T13:30:43Z","sec-exchange"
"GLED-RI","GalaxyEdge Acquisition Corp","NYSE",NA,"lab.Unmapped","2026-09-20T13:30:43Z","sec-exchange"
"GLED-UN","GalaxyEdge Acquisition Corp","NYSE",NA,"lab.Unmapped","2026-09-20T13:30:43Z","sec-exchange"
"RFAMR","RF Acquisition Corp III","NASDAQ",NA,"lab.Unmapped","2026-09-20T13:30:43Z","sec-exchange"
"RFAMU","RF Acquisition Corp III","NASDAQ",NA,"lab.Unmapped","2026-09-20T13:30:43Z","sec-exchange"
"AACIU","Armada Acquisition Corp. III","NASDAQ",NA,"lab.Unmapped","2026-09-20T13:30:43Z","sec-exchange"
"AACIW","Armada Acquisition Corp. III","NASDAQ",NA,"lab.Unmapped","2026-09-20T13:30:43Z","sec-exchange"
"MUZEU","Muzero Acquisition Corp","NASDAQ",NA,"lab.Unmapped","2026-09-20T13:30:43Z","sec-exchange"
"MUZEW","Muzero Acquisition Corp","NASDAQ",NA,"lab.Unmapped","2026-09-20T13:30:43Z","sec-exchange"
"GLNDW","Greenland Energy Co","NASDAQ",NA,"lab.Unmapped","2026-09-20T13:30:43Z","sec-exchange"
"APURR","Aperture AC","NASDAQ",NA,"lab.Unmapped","2026-09-20T13:30:43Z","sec-exchange"
"PTORU","Praetorian Acquisition Corp.","NASDAQ",NA,"lab.Unmapped","2026-09-20T13:30:43Z","sec-exchange"
"PTORW","Praetorian Acquisition Corp.","NASDAQ",NA,"lab.Unmapped","2026-09-20T13:30:43Z","sec-exchange"
"CTAAR","Clearthink 1 Acquisition Corp.","NASDAQ",NA,"lab.Unmapped","2026-09-20T13:30:43Z","sec-exchange"
"CTAAU","Clearthink 1 Acquisition Corp.","NASDAQ",NA,"lab.Unmapped","2026-09-20T13:30:43Z","sec-exchange"
"OTAI-RI","Starlink AI Acquisition Corp","NYSE",NA,"lab.Unmapped","2026-09-20T13:30:43Z","sec-exchange"
"OTAI-UN","Starlink AI Acquisition Corp","NYSE",NA,"lab.Unmapped","2026-09-20T13:30:43Z","sec-exchange"
"MLAAU","Mountain Lake Acquisition Corp. II","NASDAQ",NA,"lab.Unmapped","2026-09-20T13:30:43Z","sec-exchange"
"MLAAW","Mountain Lake Acquisition Corp. II","NASDAQ",NA,"lab.Unmapped","2026-09-20T13:30:43Z","sec-exchange"
"FJDIU","ARC Group Securities Acquisition I","NASDAQ",NA,"lab.Unmapped","2026-09-20T13:30:43Z","sec-exchange"
"BIDWR","Tribeca Strategic Acquisition Corp.","NASDAQ",NA,"lab.Unmapped","2026-09-20T13:30:43Z","sec-exchange"
"BIDWU","Tribeca Strategic Acquisition Corp.","NASDAQ",NA,"lab.Unmapped","2026-09-20T13:30:43Z","sec-exchange"
"ENRDW","Einride AB","NASDAQ",NA,"lab.Unmapped","2026-09-20T13:30:43Z","sec-exchange"
"DBCAU","D. Boral Acquisition I Corp.","NASDAQ",NA,"lab.Unmapped","2026-09-20T13:30:43Z","sec-exchange"
"DBCAW","D. Boral Acquisition I Corp.","NASDAQ",NA,"lab.Unmapped","2026-09-20T13:30:43Z","sec-exchange"
"KPET-UN","KPET Ultra Paceline Corp","NYSE",NA,"lab.Unmapped","2026-09-20T13:30:43Z","sec-exchange"
"KPET-WT","KPET Ultra Paceline Corp","NYSE",NA,"lab.Unmapped","2026-09-20T13:30:43Z","sec-exchange"
"BREZR","Breeze Acquisition Corp. II","NASDAQ",NA,"lab.Unmapped","2026-09-20T13:30:43Z","sec-exchange"
"TVIVU","Texas Ventures Acquisition IV Corp","NASDAQ",NA,"lab.Unmapped","2026-09-20T13:30:43Z","sec-exchange"
"TVIVW","Texas Ventures Acquisition IV Corp","NASDAQ",NA,"lab.Unmapped","2026-09-20T13:30:43Z","sec-exchange"
"ACAAU","Averin Capital Acquisition Corp.","NASDAQ",NA,"lab.Unmapped","2026-09-20T13:30:43Z","sec-exchange"
"ACAAW","Averin Capital Acquisition Corp.","NASDAQ",NA,"lab.Unmapped","2026-09-20T13:30:43Z","sec-exchange"
"BHAVR","BHAV Acquisition Corp","NASDAQ",NA,"lab.Unmapped","2026-09-20T13:30:43Z","sec-exchange"
"BHAVU","BHAV Acquisition Corp","NASDAQ",NA,"lab.Unmapped","2026-09-20T13:30:43Z","sec-exchange"
"TMTSU","Spartacus Acquisition Corp. II","NASDAQ",NA,"lab.Unmapped","2026-09-20T13:30:43Z","sec-exchange"
"TMTSW","Spartacus Acquisition Corp. II","NASDAQ",NA,"lab.Unmapped","2026-09-20T13:30:43Z","sec-exchange"
"MZYX-UN","MOZAYYX Acquisition Corp.","NYSE",NA,"lab.Unmapped","2026-09-20T13:30:43Z","sec-exchange"
"MZYX-WT","MOZAYYX Acquisition Corp.","NYSE",NA,"lab.Unmapped","2026-09-20T13:30:43Z","sec-exchange"
"FTHAU","Forefront Tech Holdings Acquisition Corp","NASDAQ",NA,"lab.Unmapped","2026-09-20T13:30:43Z","sec-exchange"
"FTHAW","Forefront Tech Holdings Acquisition Corp","NASDAQ",NA,"lab.Unmapped","2026-09-20T13:30:43Z","sec-exchange"
"SVIVU","Spring Valley Acquisition Corp. IV","NASDAQ",NA,"lab.Unmapped","2026-09-20T13:30:43Z","sec-exchange"
"SVIVW","Spring Valley Acquisition Corp. IV","NASDAQ",NA,"lab.Unmapped","2026-09-20T13:30:43Z","sec-exchange"
"UAC-UN","United Acquisition Corp. I","NYSE",NA,"lab.Unmapped","2026-09-20T13:30:43Z","sec-exchange"
"UAC-WT","United Acquisition Corp. I","NYSE",NA,"lab.Unmapped","2026-09-20T13:30:43Z","sec-exchange"
"BRKHU","Burtech Acquisition Corp II","NASDAQ",NA,"lab.Unmapped","2026-09-20T13:30:43Z","sec-exchange"
"BRKHW","Burtech Acquisition Corp II","NASDAQ",NA,"lab.Unmapped","2026-09-20T13:30:43Z","sec-exchange"
"GIXXR","GigCapital9 Corp.","NASDAQ",NA,"lab.Unmapped","2026-09-20T13:30:43Z","sec-exchange"
"GIXXU","GigCapital9 Corp.","NASDAQ",NA,"lab.Unmapped","2026-09-20T13:30:43Z","sec-exchange"
"TRGSR","TRG Latin America Acquisitions Corp.","NASDAQ",NA,"lab.Unmapped","2026-09-20T13:30:43Z","sec-exchange"
"TRGSU","TRG Latin America Acquisitions Corp.","NASDAQ",NA,"lab.Unmapped","2026-09-20T13:30:43Z","sec-exchange"
"HCICR","Hennessy Capital Investment Corp. VIII","NASDAQ",NA,"lab.Unmapped","2026-09-20T13:30:43Z","sec-exchange"
"HCICU","Hennessy Capital Investment Corp. VIII","NASDAQ",NA,"lab.Unmapped","2026-09-20T13:30:43Z","sec-exchange"
"PTACU","Patriot Acquisition Corp./CI","NASDAQ",NA,"lab.Unmapped","2026-09-20T13:30:43Z","sec-exchange"
"PTACW","Patriot Acquisition Corp./CI","NASDAQ",NA,"lab.Unmapped","2026-09-20T13:30:43Z","sec-exchange"
"FMACR","Future Money Acquisition Corp","NASDAQ",NA,"lab.Unmapped","2026-09-20T13:30:43Z","sec-exchange"
"FMACU","Future Money Acquisition Corp","NASDAQ",NA,"lab.Unmapped","2026-09-20T13:30:43Z","sec-exchange"
"NHIVU","NewHold Investment Corp IV","NASDAQ",NA,"lab.Unmapped","2026-09-20T13:30:43Z","sec-exchange"
"NHIVW","NewHold Investment Corp IV","NASDAQ",NA,"lab.Unmapped","2026-09-20T13:30:43Z","sec-exchange"
"AACOU","Abony Acquisition Corp. I","NASDAQ",NA,"lab.Unmapped","2026-09-20T13:30:43Z","sec-exchange"
"AACOW","Abony Acquisition Corp. I","NASDAQ",NA,"lab.Unmapped","2026-09-20T13:30:43Z","sec-exchange"
"CAQUU","Cambridge Acquisition Corp.","NASDAQ",NA,"lab.Unmapped","2026-09-20T13:30:43Z","sec-exchange"
"CAQUW","Cambridge Acquisition Corp.","NASDAQ",NA,"lab.Unmapped","2026-09-20T13:30:43Z","sec-exchange"
"EWAVR","East West Ave Acquisition Corp.","NASDAQ",NA,"lab.Unmapped","2026-09-20T13:30:43Z","sec-exchange"
"EWAVU","East West Ave Acquisition Corp.","NASDAQ",NA,"lab.Unmapped","2026-09-20T13:30:43Z","sec-exchange"
"ILLUU","Illumination Acquisition Corp. I","NASDAQ",NA,"lab.Unmapped","2026-09-20T13:30:43Z","sec-exchange"
"ILLUW","Illumination Acquisition Corp. I","NASDAQ",NA,"lab.Unmapped","2026-09-20T13:30:43Z","sec-exchange"
"APMCR","AmperCap Acquisition Co","NASDAQ",NA,"lab.Unmapped","2026-09-20T13:30:43Z","sec-exchange"
"APMCU","AmperCap Acquisition Co","NASDAQ",NA,"lab.Unmapped","2026-09-20T13:30:43Z","sec-exchange"
"WLCOU","Wilco 63 Corp","NASDAQ",NA,"lab.Unmapped","2026-09-20T13:30:43Z","sec-exchange"
"WLCOW","Wilco 63 Corp","NASDAQ",NA,"lab.Unmapped","2026-09-20T13:30:43Z","sec-exchange"
"PALOU","PALOMA ACQUISITION CORP I","NASDAQ",NA,"lab.Unmapped","2026-09-20T13:30:43Z","sec-exchange"
"PALOW","PALOMA ACQUISITION CORP I","NASDAQ",NA,"lab.Unmapped","2026-09-20T13:30:43Z","sec-exchange"
"IPFXU","Inflection Point Acquisition Corp. VI","NASDAQ",NA,"lab.Unmapped","2026-09-20T13:30:43Z","sec-exchange"
"IPFXW","Inflection Point Acquisition Corp. VI","NASDAQ",NA,"lab.Unmapped","2026-09-20T13:30:43Z","sec-exchange"
"AACPR","Apogee Acquisition Corp","NASDAQ",NA,"lab.Unmapped","2026-09-20T13:30:43Z","sec-exchange"
"AACPU","Apogee Acquisition Corp","NASDAQ",NA,"lab.Unmapped","2026-09-20T13:30:43Z","sec-exchange"
"AACPW","Apogee Acquisition Corp","NASDAQ",NA,"lab.Unmapped","2026-09-20T13:30:43Z","sec-exchange"
"QLEP-WT","Quantum Leap Acquisition Corp","NYSE",NA,"lab.Unmapped","2026-09-20T13:30:43Z","sec-exchange"
"KCAC-WT","Kensington Capital Acquisition Corp. VI","NYSE",NA,"lab.Unmapped","2026-09-20T13:30:43Z","sec-exchange"
"KCA-UN","Kensington Capital Acquisition Corp. VI","NYSE",NA,"lab.Unmapped","2026-09-20T13:30:43Z","sec-exchange"
"KEYYU","Keystone Acquisition Corp.","NASDAQ",NA,"lab.Unmapped","2026-09-20T13:30:43Z","sec-exchange"
"KEYYW","Keystone Acquisition Corp.","NASDAQ",NA,"lab.Unmapped","2026-09-20T13:30:43Z","sec-exchange"
"LTGRU","Long Table Growth Corp.","NASDAQ",NA,"lab.Unmapped","2026-09-20T13:30:43Z","sec-exchange"
"LTGRW","Long Table Growth Corp.","NASDAQ",NA,"lab.Unmapped","2026-09-20T13:30:43Z","sec-exchange"
"WENC-RI","West Enclave Merger Corp.","NYSE",NA,"lab.Unmapped","2026-09-20T13:30:43Z","sec-exchange"
"WENC-UN","West Enclave Merger Corp.","NYSE",NA,"lab.Unmapped","2026-09-20T13:30:43Z","sec-exchange"
"CATLR","Catalyst Acquisition Corp.","NASDAQ",NA,"lab.Unmapped","2026-09-20T13:30:43Z","sec-exchange"
"CATLU","Catalyst Acquisition Corp.","NASDAQ",NA,"lab.Unmapped","2026-09-20T13:30:43Z","sec-exchange"
"SHOTR","RMG ML Sports Holdings","NASDAQ",NA,"lab.Unmapped","2026-09-20T13:30:43Z","sec-exchange"
"SHOTU","RMG ML Sports Holdings","NASDAQ",NA,"lab.Unmapped","2026-09-20T13:30:43Z","sec-exchange"
"IPVVU","InterPrivate Investment Partners V, Inc.","NASDAQ",NA,"lab.Unmapped","2026-09-20T13:30:43Z","sec-exchange"
"IPVVW","InterPrivate Investment Partners V, Inc.","NASDAQ",NA,"lab.Unmapped","2026-09-20T13:30:43Z","sec-exchange"
"SUMAR","SUMA Acquisition Corp","NASDAQ",NA,"lab.Unmapped","2026-09-20T13:30:43Z","sec-exchange"
"SUMAU","SUMA Acquisition Corp","NASDAQ",NA,"lab.Unmapped","2026-09-20T13:30:43Z","sec-exchange"
"MRCOU","Mercator Acquisition Corp.","NASDAQ",NA,"lab.Unmapped","2026-09-20T13:30:43Z","sec-exchange"
"MRCOW","Mercator Acquisition Corp.","NASDAQ",NA,"lab.Unmapped","2026-09-20T13:30:43Z","sec-exchange"
"MTAL-UN","Metals Acquisition Corp. II","NYSE",NA,"lab.Unmapped","2026-09-20T13:30:43Z","sec-exchange"
"MTAL-WT","Metals Acquisition Corp. II","NYSE",NA,"lab.Unmapped","2026-09-20T13:30:43Z","sec-exchange"
"PONOR","Pono Capital Four, Inc.","NASDAQ",NA,"lab.Unmapped","2026-09-20T13:30:43Z","sec-exchange"
"PONOU","Pono Capital Four, Inc.","NASDAQ",NA,"lab.Unmapped","2026-09-20T13:30:43Z","sec-exchange"
"GCGRU","General Catalyst Global Resilience Merger Corp.","NASDAQ",NA,"lab.Unmapped","2026-09-20T13:30:43Z","sec-exchange"
"GCGRW","General Catalyst Global Resilience Merger Corp.","NASDAQ",NA,"lab.Unmapped","2026-09-20T13:30:43Z","sec-exchange"
"LEDRU","Leader's Advantage Acquisition Corp.","NASDAQ",NA,"lab.Unmapped","2026-09-20T13:30:43Z","sec-exchange"
"XLABW","Exascale Labs Holdings Inc.","NASDAQ",NA,"lab.Unmapped","2026-09-20T13:30:43Z","sec-exchange"
"MCAHR","Mountain Crest Acquisition 6 Corp.","NASDAQ",NA,"lab.Unmapped","2026-09-20T13:30:43Z","sec-exchange"
"MCAHU","Mountain Crest Acquisition 6 Corp.","NASDAQ",NA,"lab.Unmapped","2026-09-20T13:30:43Z","sec-exchange"
"AMACU","AMR Resources Acquisition Corp.","NASDAQ",NA,"lab.Unmapped","2026-09-20T13:30:43Z","sec-exchange"
"AMACW","AMR Resources Acquisition Corp.","NASDAQ",NA,"lab.Unmapped","2026-09-20T13:30:43Z","sec-exchange"
"DGAC-RI","DISCIPLINED GROWTH ACQUISITION Corp","NYSE",NA,"lab.Unmapped","2026-09-20T13:30:43Z","sec-exchange"
"DGAC-UN","DISCIPLINED GROWTH ACQUISITION Corp","NYSE",NA,"lab.Unmapped","2026-09-20T13:30:43Z","sec-exchange"
"ACGCU","ACP Holdings Acquisition Corp.","NASDAQ",NA,"lab.Unmapped","2026-09-20T13:30:43Z","sec-exchange"
"ACGCW","ACP Holdings Acquisition Corp.","NASDAQ",NA,"lab.Unmapped","2026-09-20T13:30:43Z","sec-exchange"
"GSRVR","GSR V Acquisition Corp.","NASDAQ",NA,"lab.Unmapped","2026-09-20T13:30:43Z","sec-exchange"
"GSRVU","GSR V Acquisition Corp.","NASDAQ",NA,"lab.Unmapped","2026-09-20T13:30:43Z","sec-exchange"
"HYAC-UN","Haymaker Acquisition Corp V","NYSE",NA,"lab.Unmapped","2026-09-20T13:30:43Z","sec-exchange"
"IQMXW","IQM Quantum Computers Oyj","NASDAQ",NA,"lab.Unmapped","2026-09-20T13:30:43Z","sec-exchange"
"OSPRU","Osprey Acquisition Corp. III","NASDAQ",NA,"lab.Unmapped","2026-09-20T13:30:43Z","sec-exchange"
"OSPRW","Osprey Acquisition Corp. III","NASDAQ",NA,"lab.Unmapped","2026-09-20T13:30:43Z","sec-exchange"
"CXIIU","Churchill Capital Corp XII","NASDAQ",NA,"lab.Unmapped","2026-09-20T13:30:43Z","sec-exchange"
"CXIIW","Churchill Capital Corp XII","NASDAQ",NA,"lab.Unmapped","2026-09-20T13:30:43Z","sec-exchange"
"XIIIU","Churchill Capital Corp XIII","NASDAQ",NA,"lab.Unmapped","2026-09-20T13:30:43Z","sec-exchange"
"XIIIW","Churchill Capital Corp XIII","NASDAQ",NA,"lab.Unmapped","2026-09-20T13:30:43Z","sec-exchange"
"CAIIU","Collective Acquisition Corp. II","NASDAQ",NA,"lab.Unmapped","2026-09-20T13:30:43Z","sec-exchange"
"CAIIW","Collective Acquisition Corp. II","NASDAQ",NA,"lab.Unmapped","2026-09-20T13:30:43Z","sec-exchange"
"FWACR","Futurewave Acquisition Corp","NASDAQ",NA,"lab.Unmapped","2026-09-20T13:30:43Z","sec-exchange"
"FWACU","Futurewave Acquisition Corp","NASDAQ",NA,"lab.Unmapped","2026-09-20T13:30:43Z","sec-exchange"
"FWACW","Futurewave Acquisition Corp","NASDAQ",NA,"lab.Unmapped","2026-09-20T13:30:43Z","sec-exchange"
"NCOOR","Southern Cross Acquisition I Corp.","NASDAQ",NA,"lab.Unmapped","2026-09-20T13:30:43Z","sec-exchange"
"NCOOU","Southern Cross Acquisition I Corp.","NASDAQ",NA,"lab.Unmapped","2026-09-20T13:30:43Z","sec-exchange"
"NCOOW","Southern Cross Acquisition I Corp.","NASDAQ",NA,"lab.Unmapped","2026-09-20T13:30:43Z","sec-exchange"
"PSQLW","Pasqal Holding SA","NASDAQ",NA,"lab.Unmapped","2026-09-20T13:30:43Z","sec-exchange"
"FXACU","FortuneX Acquisition Corp","NASDAQ",NA,"lab.Unmapped","2026-09-20T13:30:43Z","sec-exchange"
"FXACW","FortuneX Acquisition Corp","NASDAQ",NA,"lab.Unmapped","2026-09-20T13:30:43Z","sec-exchange"
"PLCIR","Pelican Acquisition II Corp","NASDAQ",NA,"lab.Unmapped","2026-09-20T13:30:43Z","sec-exchange"
"PLCIU","Pelican Acquisition II Corp","NASDAQ",NA,"lab.Unmapped","2026-09-20T13:30:43Z","sec-exchange"
"IACQU","Irenic Acquisition Corp.","NASDAQ",NA,"lab.Unmapped","2026-09-20T13:30:43Z","sec-exchange"
"IACQW","Irenic Acquisition Corp.","NASDAQ",NA,"lab.Unmapped","2026-09-20T13:30:43Z","sec-exchange"
"CCCTU","Columbus Circle Capital Corp III","NASDAQ",NA,"lab.Unmapped","2026-09-20T13:30:43Z","sec-exchange"
"CCCTW","Columbus Circle Capital Corp III","NASDAQ",NA,"lab.Unmapped","2026-09-20T13:30:43Z","sec-exchange"
"ISNRU","Snow Rothschild Acquisition Corp.","NASDAQ",NA,"lab.Unmapped","2026-09-20T13:30:43Z","sec-exchange"
"ISNRW","Snow Rothschild Acquisition Corp.","NASDAQ",NA,"lab.Unmapped","2026-09-20T13:30:43Z","sec-exchange"
"PNAQ-UN","Pinnacle Acquisition Corp","NYSE",NA,"lab.Unmapped","2026-09-20T13:30:43Z","sec-exchange"
"RREVU","RRE Ventures Acquisition Corp.","NASDAQ",NA,"lab.Unmapped","2026-09-20T13:30:43Z","sec-exchange"
"RREVW","RRE Ventures Acquisition Corp.","NASDAQ",NA,"lab.Unmapped","2026-09-20T13:30:43Z","sec-exchange"
"ALPXR","Alpex Acquisition Corp","NASDAQ",NA,"lab.Unmapped","2026-09-20T13:30:43Z","sec-exchange"
"ALPXU","Alpex Acquisition Corp","NASDAQ",NA,"lab.Unmapped","2026-09-20T13:30:43Z","sec-exchange"
"ALPXW","Alpex Acquisition Corp","NASDAQ",NA,"lab.Unmapped","2026-09-20T13:30:43Z","sec-exchange"
"SAMO-UN","Samos Energy Acquisition Corp","NYSE",NA,"lab.Unmapped","2026-09-20T13:30:43Z","sec-exchange"
"SAMO-WT","Samos Energy Acquisition Corp","NYSE",NA,"lab.Unmapped","2026-09-20T13:30:43Z","sec-exchange"
"CGCFU","Cartesian Growth Corp IV","NASDAQ",NA,"lab.Unmapped","2026-09-20T13:30:43Z","sec-exchange"
"CGCFW","Cartesian Growth Corp IV","NASDAQ",NA,"lab.Unmapped","2026-09-20T13:30:43Z","sec-exchange"
"BCCQU","Bleichroeder Acquisition Corp. III","NASDAQ",NA,"lab.Unmapped","2026-09-20T13:30:43Z","sec-exchange"
"BCCQW","Bleichroeder Acquisition Corp. III","NASDAQ",NA,"lab.Unmapped","2026-09-20T13:30:43Z","sec-exchange"
"AAC-UN","Ares Acquisition Corp III","NYSE",NA,"lab.Unmapped","2026-09-20T13:30:43Z","sec-exchange"
"AAC-WT","Ares Acquisition Corp III","NYSE",NA,"lab.Unmapped","2026-09-20T13:30:43Z","sec-exchange"
"TLACU","Three Lions Acquisition Corp.","NASDAQ",NA,"lab.Unmapped","2026-09-20T13:30:43Z","sec-exchange"
"TLACW","Three Lions Acquisition Corp.","NASDAQ",NA,"lab.Unmapped","2026-09-20T13:30:43Z","sec-exchange"
"ATLQR","JAB Acquisition Corp I","NASDAQ",NA,"lab.Unmapped","2026-09-20T13:30:43Z","sec-exchange"
"ATLQU","JAB Acquisition Corp I","NASDAQ",NA,"lab.Unmapped","2026-09-20T13:30:43Z","sec-exchange"
"ATLQW","JAB Acquisition Corp I","NASDAQ",NA,"lab.Unmapped","2026-09-20T13:30:43Z","sec-exchange"
"JONER","Jones Ventures INTL Acquisition1 Corp","NASDAQ",NA,"lab.Unmapped","2026-09-20T13:30:43Z","sec-exchange"
"JONEU","Jones Ventures INTL Acquisition1 Corp","NASDAQ",NA,"lab.Unmapped","2026-09-20T13:30:43Z","sec-exchange"
"FDMMU","Freedom Metals Acquisition Corp.","NASDAQ",NA,"lab.Unmapped","2026-09-20T13:30:43Z","sec-exchange"
"FDMMW","Freedom Metals Acquisition Corp.","NASDAQ",NA,"lab.Unmapped","2026-09-20T13:30:43Z","sec-exchange"
"YICCU","Yorkville International Capital Corp.","NASDAQ",NA,"lab.Unmapped","2026-09-20T13:30:43Z","sec-exchange"
"YICCW","Yorkville International Capital Corp.","NASDAQ",NA,"lab.Unmapped","2026-09-20T13:30:43Z","sec-exchange"
"BRTMU","B&R Technology Merger Corp.","NASDAQ",NA,"lab.Unmapped","2026-09-20T13:30:43Z","sec-exchange"
"BRTMW","B&R Technology Merger Corp.","NASDAQ",NA,"lab.Unmapped","2026-09-20T13:30:43Z","sec-exchange"
"FTRA-UN","FutureCorp Space Acquisition 1","NYSE",NA,"lab.Unmapped","2026-09-20T13:30:43Z","sec-exchange"
"FTRA-WT","FutureCorp Space Acquisition 1","NYSE",NA,"lab.Unmapped","2026-09-20T13:30:43Z","sec-exchange"
"MTAKU","Market Technology Acquisition Corp","NASDAQ",NA,"lab.Unmapped","2026-09-20T13:30:43Z","sec-exchange"
"MTAKW","Market Technology Acquisition Corp","NASDAQ",NA,"lab.Unmapped","2026-09-20T13:30:43Z","sec-exchange"
"SCATU","Southern Cross Acquisition II Corp.","NASDAQ",NA,"lab.Unmapped","2026-09-20T13:30:43Z","sec-exchange"
"NSAIR","NorthStrive Acquisition Corp I.","NASDAQ",NA,"lab.Unmapped","2026-09-20T13:30:43Z","sec-exchange"
"NSAIU","NorthStrive Acquisition Corp I.","NASDAQ",NA,"lab.Unmapped","2026-09-20T13:30:43Z","sec-exchange"
"NSAIW","NorthStrive Acquisition Corp I.","NASDAQ",NA,"lab.Unmapped","2026-09-20T13:30:43Z","sec-exchange"
"XTERU","Karman Line Acquisition Corp.","NASDAQ",NA,"lab.Unmapped","2026-09-20T13:30:43Z","sec-exchange"
"XTERW","Karman Line Acquisition Corp.","NASDAQ",NA,"lab.Unmapped","2026-09-20T13:30:43Z","sec-exchange"
"MIACU","Meridian3 Industrials Acquisition Corp","NASDAQ",NA,"lab.Unmapped","2026-09-20T13:30:43Z","sec-exchange"
"MIACW","Meridian3 Industrials Acquisition Corp","NASDAQ",NA,"lab.Unmapped","2026-09-20T13:30:43Z","sec-exchange"
"OCLTR","OceanLight Acquisition Corp","NASDAQ",NA,"lab.Unmapped","2026-09-20T13:30:43Z","sec-exchange"
"OCLTU","OceanLight Acquisition Corp","NASDAQ",NA,"lab.Unmapped","2026-09-20T13:30:43Z","sec-exchange"
"OCLTW","OceanLight Acquisition Corp","NASDAQ",NA,"lab.Unmapped","2026-09-20T13:30:43Z","sec-exchange"
"VII-UN","Viking Acquisition Corp. II","NYSE",NA,"lab.Unmapped","2026-09-20T13:30:43Z","sec-exchange"
"VII-WT","Viking Acquisition Corp. II","NYSE",NA,"lab.Unmapped","2026-09-20T13:30:43Z","sec-exchange"
"TBCVU","Thunder Bridge Capital Partners V, Ltd.","NASDAQ",NA,"lab.Unmapped","2026-09-20T13:30:43Z","sec-exchange"
"IPHXU","Inflection Point Acquisition Corp. VIII","NASDAQ",NA,"lab.Unmapped","2026-09-20T13:30:43Z","sec-exchange"
"RNAQU","Rainier Acquisition Corp","NASDAQ",NA,"lab.Unmapped","2026-09-20T13:30:43Z","sec-exchange"
"RNAQW","Rainier Acquisition Corp","NASDAQ",NA,"lab.Unmapped","2026-09-20T13:30:43Z","sec-exchange"
